[0.011s] Invoking command in '/home/maizaied03/ros2_ws/build/px4_msgs': CMAKE_PREFIX_PATH=/opt/ros/humble /usr/bin/cmake --build /home/maizaied03/ros2_ws/build/px4_msgs -- -j8 -l8
[0.379s] [  0%] Built target px4_msgs__cpp
[0.437s] [ 12%] Built target px4_msgs__rosidl_generator_c
[0.498s] [ 12%] [32mBuilding CXX object CMakeFiles/px4_msgs__rosidl_typesupport_cpp.dir/rosidl_typesupport_cpp/px4_msgs/msg/action_request__type_support.cpp.o[0m
[0.498s] [ 12%] [32mBuilding CXX object CMakeFiles/px4_msgs__rosidl_typesupport_cpp.dir/rosidl_typesupport_cpp/px4_msgs/msg/actuator_armed__type_support.cpp.o[0m
[0.510s] [ 12%] [32mBuilding CXX object CMakeFiles/px4_msgs__rosidl_typesupport_fastrtps_cpp.dir/rosidl_typesupport_fastrtps_cpp/px4_msgs/msg/detail/dds_fastrtps/action_request__type_support.cpp.o[0m
[0.516s] [ 25%] Built target px4_msgs__rosidl_typesupport_c
[0.521s] [ 25%] [32mBuilding CXX object CMakeFiles/px4_msgs__rosidl_typesupport_introspection_cpp.dir/rosidl_typesupport_introspection_cpp/px4_msgs/msg/detail/action_request__type_support.cpp.o[0m
[0.523s] [ 25%] [32mBuilding CXX object CMakeFiles/px4_msgs__rosidl_typesupport_introspection_cpp.dir/rosidl_typesupport_introspection_cpp/px4_msgs/msg/detail/actuator_armed__type_support.cpp.o[0m
[0.531s] [ 38%] Built target px4_msgs__rosidl_typesupport_introspection_c
[0.533s] [ 38%] Built target ament_cmake_python_copy_px4_msgs
[0.537s] [ 38%] [32mBuilding CXX object CMakeFiles/px4_msgs__rosidl_typesupport_introspection_cpp.dir/rosidl_typesupport_introspection_cpp/px4_msgs/msg/detail/actuator_controls_status__type_support.cpp.o[0m
[0.539s] [ 38%] [32mBuilding CXX object CMakeFiles/px4_msgs__rosidl_typesupport_cpp.dir/rosidl_typesupport_cpp/px4_msgs/msg/actuator_controls_status__type_support.cpp.o[0m
[0.572s] [ 38%] [32mBuilding CXX object CMakeFiles/px4_msgs__rosidl_typesupport_fastrtps_c.dir/rosidl_typesupport_fastrtps_c/px4_msgs/msg/detail/action_request__type_support_c.cpp.o[0m
[0.952s] [ 38%] [32mBuilding CXX object CMakeFiles/px4_msgs__rosidl_typesupport_cpp.dir/rosidl_typesupport_cpp/px4_msgs/msg/actuator_motors__type_support.cpp.o[0m
[0.953s] [ 38%] [32mBuilding CXX object CMakeFiles/px4_msgs__rosidl_typesupport_cpp.dir/rosidl_typesupport_cpp/px4_msgs/msg/actuator_servos__type_support.cpp.o[0m
[0.953s] [ 38%] [32mBuilding CXX object CMakeFiles/px4_msgs__rosidl_typesupport_cpp.dir/rosidl_typesupport_cpp/px4_msgs/msg/actuator_outputs__type_support.cpp.o[0m
[1.014s] [ 38%] [32mBuilding CXX object CMakeFiles/px4_msgs__rosidl_typesupport_cpp.dir/rosidl_typesupport_cpp/px4_msgs/msg/actuator_servos_trim__type_support.cpp.o[0m
[1.029s] [ 38%] [32mBuilding CXX object CMakeFiles/px4_msgs__rosidl_typesupport_fastrtps_c.dir/rosidl_typesupport_fastrtps_c/px4_msgs/msg/detail/actuator_armed__type_support_c.cpp.o[0m
[1.040s] [ 38%] [32mBuilding CXX object CMakeFiles/px4_msgs__rosidl_typesupport_fastrtps_cpp.dir/rosidl_typesupport_fastrtps_cpp/px4_msgs/msg/detail/dds_fastrtps/actuator_armed__type_support.cpp.o[0m
[1.051s] [ 38%] [32mBuilding CXX object CMakeFiles/px4_msgs__rosidl_typesupport_introspection_cpp.dir/rosidl_typesupport_introspection_cpp/px4_msgs/msg/detail/actuator_motors__type_support.cpp.o[0m
[1.100s] [ 38%] [32mBuilding CXX object CMakeFiles/px4_msgs__rosidl_typesupport_introspection_cpp.dir/rosidl_typesupport_introspection_cpp/px4_msgs/msg/detail/actuator_outputs__type_support.cpp.o[0m
[1.253s] [ 38%] [32mBuilding CXX object CMakeFiles/px4_msgs__rosidl_typesupport_fastrtps_c.dir/rosidl_typesupport_fastrtps_c/px4_msgs/msg/detail/actuator_controls_status__type_support_c.cpp.o[0m
[1.270s] [ 38%] [32mBuilding CXX object CMakeFiles/px4_msgs__rosidl_typesupport_fastrtps_cpp.dir/rosidl_typesupport_fastrtps_cpp/px4_msgs/msg/detail/dds_fastrtps/actuator_controls_status__type_support.cpp.o[0m
[1.325s] [ 38%] [32mBuilding CXX object CMakeFiles/px4_msgs__rosidl_typesupport_cpp.dir/rosidl_typesupport_cpp/px4_msgs/msg/actuator_test__type_support.cpp.o[0m
[1.423s] [ 38%] [32mBuilding CXX object CMakeFiles/px4_msgs__rosidl_typesupport_fastrtps_cpp.dir/rosidl_typesupport_fastrtps_cpp/px4_msgs/msg/detail/dds_fastrtps/actuator_motors__type_support.cpp.o[0m
[1.503s] [ 38%] [32mBuilding CXX object CMakeFiles/px4_msgs__rosidl_typesupport_introspection_cpp.dir/rosidl_typesupport_introspection_cpp/px4_msgs/msg/detail/actuator_servos__type_support.cpp.o[0m
[1.526s] [ 39%] [32mBuilding CXX object CMakeFiles/px4_msgs__rosidl_typesupport_cpp.dir/rosidl_typesupport_cpp/px4_msgs/msg/adc_report__type_support.cpp.o[0m
[1.560s] running egg_info
[1.561s] writing px4_msgs.egg-info/PKG-INFO
[1.564s] writing dependency_links to px4_msgs.egg-info/dependency_links.txt
[1.564s] writing top-level names to px4_msgs.egg-info/top_level.txt
[1.569s] reading manifest file 'px4_msgs.egg-info/SOURCES.txt'
[1.576s] writing manifest file 'px4_msgs.egg-info/SOURCES.txt'
[1.591s] [ 39%] [32mBuilding CXX object CMakeFiles/px4_msgs__rosidl_typesupport_cpp.dir/rosidl_typesupport_cpp/px4_msgs/msg/airspeed__type_support.cpp.o[0m
[1.618s] [ 39%] Built target ament_cmake_python_build_px4_msgs_egg
[1.629s] [ 39%] [32mBuilding CXX object CMakeFiles/px4_msgs__rosidl_typesupport_cpp.dir/rosidl_typesupport_cpp/px4_msgs/msg/airspeed_validated__type_support.cpp.o[0m
[1.644s] [ 39%] [32mBuilding CXX object CMakeFiles/px4_msgs__rosidl_typesupport_fastrtps_c.dir/rosidl_typesupport_fastrtps_c/px4_msgs/msg/detail/actuator_motors__type_support_c.cpp.o[0m
[1.652s] [ 39%] [32mBuilding CXX object CMakeFiles/px4_msgs__rosidl_typesupport_cpp.dir/rosidl_typesupport_cpp/px4_msgs/msg/airspeed_wind__type_support.cpp.o[0m
[1.740s] [ 39%] [32mBuilding CXX object CMakeFiles/px4_msgs__rosidl_typesupport_introspection_cpp.dir/rosidl_typesupport_introspection_cpp/px4_msgs/msg/detail/actuator_servos_trim__type_support.cpp.o[0m
[1.897s] [ 39%] [32mBuilding CXX object CMakeFiles/px4_msgs__rosidl_typesupport_fastrtps_cpp.dir/rosidl_typesupport_fastrtps_cpp/px4_msgs/msg/detail/dds_fastrtps/actuator_outputs__type_support.cpp.o[0m
[1.898s] [ 39%] [32mBuilding CXX object CMakeFiles/px4_msgs__rosidl_typesupport_fastrtps_c.dir/rosidl_typesupport_fastrtps_c/px4_msgs/msg/detail/actuator_outputs__type_support_c.cpp.o[0m
[1.932s] [ 39%] [32mBuilding CXX object CMakeFiles/px4_msgs__rosidl_typesupport_fastrtps_cpp.dir/rosidl_typesupport_fastrtps_cpp/px4_msgs/msg/detail/dds_fastrtps/actuator_servos__type_support.cpp.o[0m
[1.941s] [ 39%] [32mBuilding CXX object CMakeFiles/px4_msgs__rosidl_typesupport_introspection_cpp.dir/rosidl_typesupport_introspection_cpp/px4_msgs/msg/detail/adc_report__type_support.cpp.o[0m
[1.941s] [ 40%] [32mBuilding CXX object CMakeFiles/px4_msgs__rosidl_typesupport_introspection_cpp.dir/rosidl_typesupport_introspection_cpp/px4_msgs/msg/detail/actuator_test__type_support.cpp.o[0m
[1.966s] [ 40%] [32mBuilding CXX object CMakeFiles/px4_msgs__rosidl_typesupport_cpp.dir/rosidl_typesupport_cpp/px4_msgs/msg/arming_check_reply__type_support.cpp.o[0m
[2.094s] [ 40%] [32mBuilding CXX object CMakeFiles/px4_msgs__rosidl_typesupport_cpp.dir/rosidl_typesupport_cpp/px4_msgs/msg/arming_check_request__type_support.cpp.o[0m
[2.243s] [ 40%] [32mBuilding CXX object CMakeFiles/px4_msgs__rosidl_typesupport_fastrtps_cpp.dir/rosidl_typesupport_fastrtps_cpp/px4_msgs/msg/detail/dds_fastrtps/actuator_servos_trim__type_support.cpp.o[0m
[2.382s] [ 40%] [32mBuilding CXX object CMakeFiles/px4_msgs__rosidl_typesupport_fastrtps_c.dir/rosidl_typesupport_fastrtps_c/px4_msgs/msg/detail/actuator_servos__type_support_c.cpp.o[0m
[2.405s] [ 40%] [32mBuilding CXX object CMakeFiles/px4_msgs__rosidl_typesupport_fastrtps_cpp.dir/rosidl_typesupport_fastrtps_cpp/px4_msgs/msg/detail/dds_fastrtps/actuator_test__type_support.cpp.o[0m
[2.429s] [ 40%] [32mBuilding CXX object CMakeFiles/px4_msgs__rosidl_typesupport_introspection_cpp.dir/rosidl_typesupport_introspection_cpp/px4_msgs/msg/detail/airspeed__type_support.cpp.o[0m
[2.436s] [ 40%] [32mBuilding CXX object CMakeFiles/px4_msgs__rosidl_typesupport_fastrtps_c.dir/rosidl_typesupport_fastrtps_c/px4_msgs/msg/detail/actuator_servos_trim__type_support_c.cpp.o[0m
[2.459s] [ 40%] [32mBuilding CXX object CMakeFiles/px4_msgs__rosidl_typesupport_fastrtps_c.dir/rosidl_typesupport_fastrtps_c/px4_msgs/msg/detail/actuator_test__type_support_c.cpp.o[0m
[2.519s] [ 40%] [32mBuilding CXX object CMakeFiles/px4_msgs__rosidl_typesupport_cpp.dir/rosidl_typesupport_cpp/px4_msgs/msg/autotune_attitude_control_status__type_support.cpp.o[0m
[2.572s] [ 40%] [32mBuilding CXX object CMakeFiles/px4_msgs__rosidl_typesupport_introspection_cpp.dir/rosidl_typesupport_introspection_cpp/px4_msgs/msg/detail/airspeed_validated__type_support.cpp.o[0m
[2.840s] [ 40%] [32mBuilding CXX object CMakeFiles/px4_msgs__rosidl_typesupport_cpp.dir/rosidl_typesupport_cpp/px4_msgs/msg/battery_info__type_support.cpp.o[0m
[2.886s] [ 40%] [32mBuilding CXX object CMakeFiles/px4_msgs__rosidl_typesupport_cpp.dir/rosidl_typesupport_cpp/px4_msgs/msg/battery_status__type_support.cpp.o[0m
[2.926s] [ 41%] [32mBuilding CXX object CMakeFiles/px4_msgs__rosidl_typesupport_fastrtps_cpp.dir/rosidl_typesupport_fastrtps_cpp/px4_msgs/msg/detail/dds_fastrtps/adc_report__type_support.cpp.o[0m
[2.929s] [ 41%] [32mBuilding CXX object CMakeFiles/px4_msgs__rosidl_typesupport_cpp.dir/rosidl_typesupport_cpp/px4_msgs/msg/button_event__type_support.cpp.o[0m
[2.945s] [ 41%] [32mBuilding CXX object CMakeFiles/px4_msgs__rosidl_typesupport_introspection_cpp.dir/rosidl_typesupport_introspection_cpp/px4_msgs/msg/detail/airspeed_wind__type_support.cpp.o[0m
[3.008s] [ 41%] [32mBuilding CXX object CMakeFiles/px4_msgs__rosidl_typesupport_introspection_cpp.dir/rosidl_typesupport_introspection_cpp/px4_msgs/msg/detail/arming_check_reply__type_support.cpp.o[0m
[3.049s] [ 41%] [32mBuilding CXX object CMakeFiles/px4_msgs__rosidl_typesupport_cpp.dir/rosidl_typesupport_cpp/px4_msgs/msg/camera_capture__type_support.cpp.o[0m
[3.052s] [ 41%] [32mBuilding CXX object CMakeFiles/px4_msgs__rosidl_typesupport_fastrtps_c.dir/rosidl_typesupport_fastrtps_c/px4_msgs/msg/detail/adc_report__type_support_c.cpp.o[0m
[3.270s] [ 41%] [32mBuilding CXX object CMakeFiles/px4_msgs__rosidl_typesupport_introspection_cpp.dir/rosidl_typesupport_introspection_cpp/px4_msgs/msg/detail/arming_check_request__type_support.cpp.o[0m
[3.287s] [ 41%] [32mBuilding CXX object CMakeFiles/px4_msgs__rosidl_typesupport_introspection_cpp.dir/rosidl_typesupport_introspection_cpp/px4_msgs/msg/detail/autotune_attitude_control_status__type_support.cpp.o[0m
[3.301s] [ 41%] [32mBuilding CXX object CMakeFiles/px4_msgs__rosidl_typesupport_fastrtps_cpp.dir/rosidl_typesupport_fastrtps_cpp/px4_msgs/msg/detail/dds_fastrtps/airspeed__type_support.cpp.o[0m
[3.501s] [ 41%] [32mBuilding CXX object CMakeFiles/px4_msgs__rosidl_typesupport_fastrtps_cpp.dir/rosidl_typesupport_fastrtps_cpp/px4_msgs/msg/detail/dds_fastrtps/airspeed_validated__type_support.cpp.o[0m
[3.507s] [ 41%] [32mBuilding CXX object CMakeFiles/px4_msgs__rosidl_typesupport_cpp.dir/rosidl_typesupport_cpp/px4_msgs/msg/camera_status__type_support.cpp.o[0m
[3.515s] [ 41%] [32mBuilding CXX object CMakeFiles/px4_msgs__rosidl_typesupport_fastrtps_c.dir/rosidl_typesupport_fastrtps_c/px4_msgs/msg/detail/airspeed__type_support_c.cpp.o[0m
[3.522s] [ 41%] [32mBuilding CXX object CMakeFiles/px4_msgs__rosidl_typesupport_fastrtps_cpp.dir/rosidl_typesupport_fastrtps_cpp/px4_msgs/msg/detail/dds_fastrtps/airspeed_wind__type_support.cpp.o[0m
[3.535s] [ 41%] [32mBuilding CXX object CMakeFiles/px4_msgs__rosidl_typesupport_fastrtps_cpp.dir/rosidl_typesupport_fastrtps_cpp/px4_msgs/msg/detail/dds_fastrtps/arming_check_reply__type_support.cpp.o[0m
[3.720s] [ 41%] [32mBuilding CXX object CMakeFiles/px4_msgs__rosidl_typesupport_cpp.dir/rosidl_typesupport_cpp/px4_msgs/msg/camera_trigger__type_support.cpp.o[0m
[3.853s] [ 41%] [32mBuilding CXX object CMakeFiles/px4_msgs__rosidl_typesupport_fastrtps_c.dir/rosidl_typesupport_fastrtps_c/px4_msgs/msg/detail/airspeed_validated__type_support_c.cpp.o[0m
[3.864s] [ 41%] [32mBuilding CXX object CMakeFiles/px4_msgs__rosidl_typesupport_introspection_cpp.dir/rosidl_typesupport_introspection_cpp/px4_msgs/msg/detail/battery_info__type_support.cpp.o[0m
[4.059s] [ 41%] [32mBuilding CXX object CMakeFiles/px4_msgs__rosidl_typesupport_fastrtps_c.dir/rosidl_typesupport_fastrtps_c/px4_msgs/msg/detail/airspeed_wind__type_support_c.cpp.o[0m
[4.074s] [ 41%] [32mBuilding CXX object CMakeFiles/px4_msgs__rosidl_typesupport_fastrtps_cpp.dir/rosidl_typesupport_fastrtps_cpp/px4_msgs/msg/detail/dds_fastrtps/arming_check_request__type_support.cpp.o[0m
[4.087s] [ 41%] [32mBuilding CXX object CMakeFiles/px4_msgs__rosidl_typesupport_fastrtps_c.dir/rosidl_typesupport_fastrtps_c/px4_msgs/msg/detail/arming_check_reply__type_support_c.cpp.o[0m
[4.209s] [ 41%] [32mBuilding CXX object CMakeFiles/px4_msgs__rosidl_typesupport_cpp.dir/rosidl_typesupport_cpp/px4_msgs/msg/can_interface_status__type_support.cpp.o[0m
[4.331s] [ 41%] [32mBuilding CXX object CMakeFiles/px4_msgs__rosidl_typesupport_introspection_cpp.dir/rosidl_typesupport_introspection_cpp/px4_msgs/msg/detail/battery_status__type_support.cpp.o[0m
[4.332s] [ 41%] [32mBuilding CXX object CMakeFiles/px4_msgs__rosidl_typesupport_cpp.dir/rosidl_typesupport_cpp/px4_msgs/msg/cellular_status__type_support.cpp.o[0m
[4.357s] [ 41%] [32mBuilding CXX object CMakeFiles/px4_msgs__rosidl_typesupport_introspection_cpp.dir/rosidl_typesupport_introspection_cpp/px4_msgs/msg/detail/button_event__type_support.cpp.o[0m
[4.415s] [ 41%] [32mBuilding CXX object CMakeFiles/px4_msgs__rosidl_typesupport_cpp.dir/rosidl_typesupport_cpp/px4_msgs/msg/collision_constraints__type_support.cpp.o[0m
[4.557s] [ 41%] [32mBuilding CXX object CMakeFiles/px4_msgs__rosidl_typesupport_cpp.dir/rosidl_typesupport_cpp/px4_msgs/msg/config_overrides__type_support.cpp.o[0m
[4.605s] [ 41%] [32mBuilding CXX object CMakeFiles/px4_msgs__rosidl_typesupport_fastrtps_c.dir/rosidl_typesupport_fastrtps_c/px4_msgs/msg/detail/arming_check_request__type_support_c.cpp.o[0m
[4.643s] [ 41%] [32mBuilding CXX object CMakeFiles/px4_msgs__rosidl_typesupport_fastrtps_cpp.dir/rosidl_typesupport_fastrtps_cpp/px4_msgs/msg/detail/dds_fastrtps/autotune_attitude_control_status__type_support.cpp.o[0m
[4.668s] [ 41%] [32mBuilding CXX object CMakeFiles/px4_msgs__rosidl_typesupport_fastrtps_c.dir/rosidl_typesupport_fastrtps_c/px4_msgs/msg/detail/autotune_attitude_control_status__type_support_c.cpp.o[0m
[4.699s] [ 41%] [32mBuilding CXX object CMakeFiles/px4_msgs__rosidl_typesupport_cpp.dir/rosidl_typesupport_cpp/px4_msgs/msg/control_allocator_status__type_support.cpp.o[0m
[4.819s] [ 41%] [32mBuilding CXX object CMakeFiles/px4_msgs__rosidl_typesupport_cpp.dir/rosidl_typesupport_cpp/px4_msgs/msg/cpuload__type_support.cpp.o[0m
[4.833s] [ 41%] [32mBuilding CXX object CMakeFiles/px4_msgs__rosidl_typesupport_fastrtps_cpp.dir/rosidl_typesupport_fastrtps_cpp/px4_msgs/msg/detail/dds_fastrtps/battery_info__type_support.cpp.o[0m
[4.881s] [ 41%] [32mBuilding CXX object CMakeFiles/px4_msgs__rosidl_typesupport_introspection_cpp.dir/rosidl_typesupport_introspection_cpp/px4_msgs/msg/detail/camera_capture__type_support.cpp.o[0m
[4.981s] [ 41%] [32mBuilding CXX object CMakeFiles/px4_msgs__rosidl_typesupport_fastrtps_c.dir/rosidl_typesupport_fastrtps_c/px4_msgs/msg/detail/battery_info__type_support_c.cpp.o[0m
[5.025s] [ 41%] [32mBuilding CXX object CMakeFiles/px4_msgs__rosidl_typesupport_fastrtps_cpp.dir/rosidl_typesupport_fastrtps_cpp/px4_msgs/msg/detail/dds_fastrtps/battery_status__type_support.cpp.o[0m
[5.081s] [ 41%] [32mBuilding CXX object CMakeFiles/px4_msgs__rosidl_typesupport_introspection_cpp.dir/rosidl_typesupport_introspection_cpp/px4_msgs/msg/detail/camera_status__type_support.cpp.o[0m
[5.185s] [ 41%] [32mBuilding CXX object CMakeFiles/px4_msgs__rosidl_typesupport_cpp.dir/rosidl_typesupport_cpp/px4_msgs/msg/dataman_request__type_support.cpp.o[0m
[5.205s] [ 42%] [32mBuilding CXX object CMakeFiles/px4_msgs__rosidl_typesupport_cpp.dir/rosidl_typesupport_cpp/px4_msgs/msg/dataman_response__type_support.cpp.o[0m
[5.216s] [ 42%] [32mBuilding CXX object CMakeFiles/px4_msgs__rosidl_typesupport_introspection_cpp.dir/rosidl_typesupport_introspection_cpp/px4_msgs/msg/detail/camera_trigger__type_support.cpp.o[0m
[5.367s] [ 42%] [32mBuilding CXX object CMakeFiles/px4_msgs__rosidl_typesupport_introspection_cpp.dir/rosidl_typesupport_introspection_cpp/px4_msgs/msg/detail/can_interface_status__type_support.cpp.o[0m
[5.499s] [ 42%] [32mBuilding CXX object CMakeFiles/px4_msgs__rosidl_typesupport_fastrtps_c.dir/rosidl_typesupport_fastrtps_c/px4_msgs/msg/detail/battery_status__type_support_c.cpp.o[0m
[5.518s] [ 42%] [32mBuilding CXX object CMakeFiles/px4_msgs__rosidl_typesupport_fastrtps_c.dir/rosidl_typesupport_fastrtps_c/px4_msgs/msg/detail/button_event__type_support_c.cpp.o[0m
[5.518s] [ 42%] [32mBuilding CXX object CMakeFiles/px4_msgs__rosidl_typesupport_fastrtps_cpp.dir/rosidl_typesupport_fastrtps_cpp/px4_msgs/msg/detail/dds_fastrtps/button_event__type_support.cpp.o[0m
[5.535s] [ 42%] [32mBuilding CXX object CMakeFiles/px4_msgs__rosidl_typesupport_fastrtps_c.dir/rosidl_typesupport_fastrtps_c/px4_msgs/msg/detail/camera_capture__type_support_c.cpp.o[0m
[5.559s] [ 42%] [32mBuilding CXX object CMakeFiles/px4_msgs__rosidl_typesupport_cpp.dir/rosidl_typesupport_cpp/px4_msgs/msg/debug_array__type_support.cpp.o[0m
[5.677s] [ 43%] [32mBuilding CXX object CMakeFiles/px4_msgs__rosidl_typesupport_fastrtps_c.dir/rosidl_typesupport_fastrtps_c/px4_msgs/msg/detail/camera_status__type_support_c.cpp.o[0m
[5.767s] [ 43%] [32mBuilding CXX object CMakeFiles/px4_msgs__rosidl_typesupport_cpp.dir/rosidl_typesupport_cpp/px4_msgs/msg/debug_key_value__type_support.cpp.o[0m
[5.900s] [ 43%] [32mBuilding CXX object CMakeFiles/px4_msgs__rosidl_typesupport_fastrtps_c.dir/rosidl_typesupport_fastrtps_c/px4_msgs/msg/detail/camera_trigger__type_support_c.cpp.o[0m
[5.933s] [ 43%] [32mBuilding CXX object CMakeFiles/px4_msgs__rosidl_typesupport_introspection_cpp.dir/rosidl_typesupport_introspection_cpp/px4_msgs/msg/detail/cellular_status__type_support.cpp.o[0m
[5.978s] [ 43%] [32mBuilding CXX object CMakeFiles/px4_msgs__rosidl_typesupport_fastrtps_cpp.dir/rosidl_typesupport_fastrtps_cpp/px4_msgs/msg/detail/dds_fastrtps/camera_capture__type_support.cpp.o[0m
[5.986s] [ 43%] [32mBuilding CXX object CMakeFiles/px4_msgs__rosidl_typesupport_introspection_cpp.dir/rosidl_typesupport_introspection_cpp/px4_msgs/msg/detail/collision_constraints__type_support.cpp.o[0m
[6.059s] [ 43%] [32mBuilding CXX object CMakeFiles/px4_msgs__rosidl_typesupport_fastrtps_cpp.dir/rosidl_typesupport_fastrtps_cpp/px4_msgs/msg/detail/dds_fastrtps/camera_status__type_support.cpp.o[0m
[6.143s] [ 43%] [32mBuilding CXX object CMakeFiles/px4_msgs__rosidl_typesupport_fastrtps_cpp.dir/rosidl_typesupport_fastrtps_cpp/px4_msgs/msg/detail/dds_fastrtps/camera_trigger__type_support.cpp.o[0m
[6.195s] [ 43%] [32mBuilding CXX object CMakeFiles/px4_msgs__rosidl_typesupport_cpp.dir/rosidl_typesupport_cpp/px4_msgs/msg/debug_value__type_support.cpp.o[0m
[6.207s] [ 43%] [32mBuilding CXX object CMakeFiles/px4_msgs__rosidl_typesupport_fastrtps_c.dir/rosidl_typesupport_fastrtps_c/px4_msgs/msg/detail/can_interface_status__type_support_c.cpp.o[0m
[6.401s] [ 43%] [32mBuilding CXX object CMakeFiles/px4_msgs__rosidl_typesupport_introspection_cpp.dir/rosidl_typesupport_introspection_cpp/px4_msgs/msg/detail/config_overrides__type_support.cpp.o[0m
[6.485s] [ 43%] [32mBuilding CXX object CMakeFiles/px4_msgs__rosidl_typesupport_introspection_cpp.dir/rosidl_typesupport_introspection_cpp/px4_msgs/msg/detail/control_allocator_status__type_support.cpp.o[0m
[6.547s] [ 43%] [32mBuilding CXX object CMakeFiles/px4_msgs__rosidl_typesupport_cpp.dir/rosidl_typesupport_cpp/px4_msgs/msg/debug_vect__type_support.cpp.o[0m
[6.626s] [ 43%] [32mBuilding CXX object CMakeFiles/px4_msgs__rosidl_typesupport_introspection_cpp.dir/rosidl_typesupport_introspection_cpp/px4_msgs/msg/detail/cpuload__type_support.cpp.o[0m
[6.675s] [ 43%] [32mBuilding CXX object CMakeFiles/px4_msgs__rosidl_typesupport_fastrtps_cpp.dir/rosidl_typesupport_fastrtps_cpp/px4_msgs/msg/detail/dds_fastrtps/can_interface_status__type_support.cpp.o[0m
[6.681s] [ 43%] [32mBuilding CXX object CMakeFiles/px4_msgs__rosidl_typesupport_cpp.dir/rosidl_typesupport_cpp/px4_msgs/msg/device_information__type_support.cpp.o[0m
[6.775s] [ 43%] [32mBuilding CXX object CMakeFiles/px4_msgs__rosidl_typesupport_cpp.dir/rosidl_typesupport_cpp/px4_msgs/msg/differential_pressure__type_support.cpp.o[0m
[6.892s] [ 43%] [32mBuilding CXX object CMakeFiles/px4_msgs__rosidl_typesupport_fastrtps_c.dir/rosidl_typesupport_fastrtps_c/px4_msgs/msg/detail/cellular_status__type_support_c.cpp.o[0m
[6.932s] [ 43%] [32mBuilding CXX object CMakeFiles/px4_msgs__rosidl_typesupport_fastrtps_c.dir/rosidl_typesupport_fastrtps_c/px4_msgs/msg/detail/collision_constraints__type_support_c.cpp.o[0m
[7.049s] [ 43%] [32mBuilding CXX object CMakeFiles/px4_msgs__rosidl_typesupport_fastrtps_c.dir/rosidl_typesupport_fastrtps_c/px4_msgs/msg/detail/config_overrides__type_support_c.cpp.o[0m
[7.100s] [ 44%] [32mBuilding CXX object CMakeFiles/px4_msgs__rosidl_typesupport_fastrtps_cpp.dir/rosidl_typesupport_fastrtps_cpp/px4_msgs/msg/detail/dds_fastrtps/cellular_status__type_support.cpp.o[0m
[7.104s] [ 44%] [32mBuilding CXX object CMakeFiles/px4_msgs__rosidl_typesupport_introspection_cpp.dir/rosidl_typesupport_introspection_cpp/px4_msgs/msg/detail/dataman_request__type_support.cpp.o[0m
[7.136s] [ 44%] [32mBuilding CXX object CMakeFiles/px4_msgs__rosidl_typesupport_cpp.dir/rosidl_typesupport_cpp/px4_msgs/msg/distance_sensor__type_support.cpp.o[0m
[7.147s] [ 44%] [32mBuilding CXX object CMakeFiles/px4_msgs__rosidl_typesupport_introspection_cpp.dir/rosidl_typesupport_introspection_cpp/px4_msgs/msg/detail/dataman_response__type_support.cpp.o[0m
[7.171s] [ 44%] [32mBuilding CXX object CMakeFiles/px4_msgs__rosidl_typesupport_fastrtps_c.dir/rosidl_typesupport_fastrtps_c/px4_msgs/msg/detail/control_allocator_status__type_support_c.cpp.o[0m
[7.362s] [ 44%] [32mBuilding CXX object CMakeFiles/px4_msgs__rosidl_typesupport_fastrtps_cpp.dir/rosidl_typesupport_fastrtps_cpp/px4_msgs/msg/detail/dds_fastrtps/collision_constraints__type_support.cpp.o[0m
[7.385s] [ 44%] [32mBuilding CXX object CMakeFiles/px4_msgs__rosidl_typesupport_cpp.dir/rosidl_typesupport_cpp/px4_msgs/msg/distance_sensor_mode_change_request__type_support.cpp.o[0m
[7.594s] [ 44%] [32mBuilding CXX object CMakeFiles/px4_msgs__rosidl_typesupport_introspection_cpp.dir/rosidl_typesupport_introspection_cpp/px4_msgs/msg/detail/debug_array__type_support.cpp.o[0m
[7.599s] [ 44%] [32mBuilding CXX object CMakeFiles/px4_msgs__rosidl_typesupport_fastrtps_cpp.dir/rosidl_typesupport_fastrtps_cpp/px4_msgs/msg/detail/dds_fastrtps/config_overrides__type_support.cpp.o[0m
[7.629s] [ 44%] [32mBuilding CXX object CMakeFiles/px4_msgs__rosidl_typesupport_fastrtps_c.dir/rosidl_typesupport_fastrtps_c/px4_msgs/msg/detail/cpuload__type_support_c.cpp.o[0m
[7.636s] [ 44%] [32mBuilding CXX object CMakeFiles/px4_msgs__rosidl_typesupport_cpp.dir/rosidl_typesupport_cpp/px4_msgs/msg/dronecan_node_status__type_support.cpp.o[0m
[7.677s] [ 44%] [32mBuilding CXX object CMakeFiles/px4_msgs__rosidl_typesupport_introspection_cpp.dir/rosidl_typesupport_introspection_cpp/px4_msgs/msg/detail/debug_key_value__type_support.cpp.o[0m
[7.694s] [ 44%] [32mBuilding CXX object CMakeFiles/px4_msgs__rosidl_typesupport_introspection_cpp.dir/rosidl_typesupport_introspection_cpp/px4_msgs/msg/detail/debug_value__type_support.cpp.o[0m
[7.813s] [ 44%] [32mBuilding CXX object CMakeFiles/px4_msgs__rosidl_typesupport_introspection_cpp.dir/rosidl_typesupport_introspection_cpp/px4_msgs/msg/detail/debug_vect__type_support.cpp.o[0m
[7.930s] [ 44%] [32mBuilding CXX object CMakeFiles/px4_msgs__rosidl_typesupport_fastrtps_c.dir/rosidl_typesupport_fastrtps_c/px4_msgs/msg/detail/dataman_request__type_support_c.cpp.o[0m
[8.020s] [ 44%] [32mBuilding CXX object CMakeFiles/px4_msgs__rosidl_typesupport_cpp.dir/rosidl_typesupport_cpp/px4_msgs/msg/ekf2_timestamps__type_support.cpp.o[0m
[8.117s] [ 44%] [32mBuilding CXX object CMakeFiles/px4_msgs__rosidl_typesupport_fastrtps_cpp.dir/rosidl_typesupport_fastrtps_cpp/px4_msgs/msg/detail/dds_fastrtps/control_allocator_status__type_support.cpp.o[0m
[8.118s] [ 44%] [32mBuilding CXX object CMakeFiles/px4_msgs__rosidl_typesupport_introspection_cpp.dir/rosidl_typesupport_introspection_cpp/px4_msgs/msg/detail/device_information__type_support.cpp.o[0m
[8.131s] [ 44%] [32mBuilding CXX object CMakeFiles/px4_msgs__rosidl_typesupport_fastrtps_cpp.dir/rosidl_typesupport_fastrtps_cpp/px4_msgs/msg/detail/dds_fastrtps/cpuload__type_support.cpp.o[0m
[8.234s] [ 44%] [32mBuilding CXX object CMakeFiles/px4_msgs__rosidl_typesupport_introspection_cpp.dir/rosidl_typesupport_introspection_cpp/px4_msgs/msg/detail/differential_pressure__type_support.cpp.o[0m
[8.284s] [ 44%] [32mBuilding CXX object CMakeFiles/px4_msgs__rosidl_typesupport_cpp.dir/rosidl_typesupport_cpp/px4_msgs/msg/esc_report__type_support.cpp.o[0m
[8.296s] [ 44%] [32mBuilding CXX object CMakeFiles/px4_msgs__rosidl_typesupport_fastrtps_c.dir/rosidl_typesupport_fastrtps_c/px4_msgs/msg/detail/dataman_response__type_support_c.cpp.o[0m
[8.392s] [ 45%] [32mBuilding CXX object CMakeFiles/px4_msgs__rosidl_typesupport_fastrtps_cpp.dir/rosidl_typesupport_fastrtps_cpp/px4_msgs/msg/detail/dds_fastrtps/dataman_request__type_support.cpp.o[0m
[8.459s] [ 45%] [32mBuilding CXX object CMakeFiles/px4_msgs__rosidl_typesupport_cpp.dir/rosidl_typesupport_cpp/px4_msgs/msg/esc_status__type_support.cpp.o[0m
[8.658s] [ 45%] [32mBuilding CXX object CMakeFiles/px4_msgs__rosidl_typesupport_cpp.dir/rosidl_typesupport_cpp/px4_msgs/msg/estimator_aid_source1d__type_support.cpp.o[0m
[8.673s] [ 45%] [32mBuilding CXX object CMakeFiles/px4_msgs__rosidl_typesupport_fastrtps_c.dir/rosidl_typesupport_fastrtps_c/px4_msgs/msg/detail/debug_array__type_support_c.cpp.o[0m
[8.703s] [ 45%] [32mBuilding CXX object CMakeFiles/px4_msgs__rosidl_typesupport_fastrtps_c.dir/rosidl_typesupport_fastrtps_c/px4_msgs/msg/detail/debug_key_value__type_support_c.cpp.o[0m
[8.710s] [ 45%] [32mBuilding CXX object CMakeFiles/px4_msgs__rosidl_typesupport_introspection_cpp.dir/rosidl_typesupport_introspection_cpp/px4_msgs/msg/detail/distance_sensor__type_support.cpp.o[0m
[8.759s] [ 45%] [32mBuilding CXX object CMakeFiles/px4_msgs__rosidl_typesupport_fastrtps_c.dir/rosidl_typesupport_fastrtps_c/px4_msgs/msg/detail/debug_value__type_support_c.cpp.o[0m
[8.835s] [ 45%] [32mBuilding CXX object CMakeFiles/px4_msgs__rosidl_typesupport_cpp.dir/rosidl_typesupport_cpp/px4_msgs/msg/estimator_aid_source2d__type_support.cpp.o[0m
[8.865s] [ 45%] [32mBuilding CXX object CMakeFiles/px4_msgs__rosidl_typesupport_fastrtps_cpp.dir/rosidl_typesupport_fastrtps_cpp/px4_msgs/msg/detail/dds_fastrtps/dataman_response__type_support.cpp.o[0m
[8.982s] [ 45%] [32mBuilding CXX object CMakeFiles/px4_msgs__rosidl_typesupport_fastrtps_cpp.dir/rosidl_typesupport_fastrtps_cpp/px4_msgs/msg/detail/dds_fastrtps/debug_array__type_support.cpp.o[0m
[9.011s] [ 45%] [32mBuilding CXX object CMakeFiles/px4_msgs__rosidl_typesupport_cpp.dir/rosidl_typesupport_cpp/px4_msgs/msg/estimator_aid_source3d__type_support.cpp.o[0m
[9.107s] [ 45%] [32mBuilding CXX object CMakeFiles/px4_msgs__rosidl_typesupport_fastrtps_cpp.dir/rosidl_typesupport_fastrtps_cpp/px4_msgs/msg/detail/dds_fastrtps/debug_key_value__type_support.cpp.o[0m
[9.183s] [ 45%] [32mBuilding CXX object CMakeFiles/px4_msgs__rosidl_typesupport_fastrtps_cpp.dir/rosidl_typesupport_fastrtps_cpp/px4_msgs/msg/detail/dds_fastrtps/debug_value__type_support.cpp.o[0m
[9.225s] [ 45%] [32mBuilding CXX object CMakeFiles/px4_msgs__rosidl_typesupport_fastrtps_c.dir/rosidl_typesupport_fastrtps_c/px4_msgs/msg/detail/debug_vect__type_support_c.cpp.o[0m
[9.255s] [ 45%] [32mBuilding CXX object CMakeFiles/px4_msgs__rosidl_typesupport_introspection_cpp.dir/rosidl_typesupport_introspection_cpp/px4_msgs/msg/detail/distance_sensor_mode_change_request__type_support.cpp.o[0m
[9.326s] [ 45%] [32mBuilding CXX object CMakeFiles/px4_msgs__rosidl_typesupport_fastrtps_cpp.dir/rosidl_typesupport_fastrtps_cpp/px4_msgs/msg/detail/dds_fastrtps/debug_vect__type_support.cpp.o[0m
[9.362s] [ 45%] [32mBuilding CXX object CMakeFiles/px4_msgs__rosidl_typesupport_cpp.dir/rosidl_typesupport_cpp/px4_msgs/msg/estimator_bias__type_support.cpp.o[0m
[9.470s] [ 45%] [32mBuilding CXX object CMakeFiles/px4_msgs__rosidl_typesupport_fastrtps_c.dir/rosidl_typesupport_fastrtps_c/px4_msgs/msg/detail/device_information__type_support_c.cpp.o[0m
[9.552s] [ 45%] [32mBuilding CXX object CMakeFiles/px4_msgs__rosidl_typesupport_introspection_cpp.dir/rosidl_typesupport_introspection_cpp/px4_msgs/msg/detail/dronecan_node_status__type_support.cpp.o[0m
[9.706s] [ 45%] [32mBuilding CXX object CMakeFiles/px4_msgs__rosidl_typesupport_cpp.dir/rosidl_typesupport_cpp/px4_msgs/msg/estimator_bias3d__type_support.cpp.o[0m
[9.762s] [ 45%] [32mBuilding CXX object CMakeFiles/px4_msgs__rosidl_typesupport_cpp.dir/rosidl_typesupport_cpp/px4_msgs/msg/estimator_event_flags__type_support.cpp.o[0m
[9.774s] [ 45%] [32mBuilding CXX object CMakeFiles/px4_msgs__rosidl_typesupport_fastrtps_cpp.dir/rosidl_typesupport_fastrtps_cpp/px4_msgs/msg/detail/dds_fastrtps/device_information__type_support.cpp.o[0m
[9.780s] [ 45%] [32mBuilding CXX object CMakeFiles/px4_msgs__rosidl_typesupport_fastrtps_cpp.dir/rosidl_typesupport_fastrtps_cpp/px4_msgs/msg/detail/dds_fastrtps/differential_pressure__type_support.cpp.o[0m
[9.816s] [ 45%] [32mBuilding CXX object CMakeFiles/px4_msgs__rosidl_typesupport_fastrtps_c.dir/rosidl_typesupport_fastrtps_c/px4_msgs/msg/detail/differential_pressure__type_support_c.cpp.o[0m
[9.881s] [ 45%] [32mBuilding CXX object CMakeFiles/px4_msgs__rosidl_typesupport_fastrtps_c.dir/rosidl_typesupport_fastrtps_c/px4_msgs/msg/detail/distance_sensor__type_support_c.cpp.o[0m
[10.015s] [ 45%] [32mBuilding CXX object CMakeFiles/px4_msgs__rosidl_typesupport_introspection_cpp.dir/rosidl_typesupport_introspection_cpp/px4_msgs/msg/detail/ekf2_timestamps__type_support.cpp.o[0m
[10.077s] [ 45%] [32mBuilding CXX object CMakeFiles/px4_msgs__rosidl_typesupport_introspection_cpp.dir/rosidl_typesupport_introspection_cpp/px4_msgs/msg/detail/esc_report__type_support.cpp.o[0m
[10.091s] [ 46%] [32mBuilding CXX object CMakeFiles/px4_msgs__rosidl_typesupport_cpp.dir/rosidl_typesupport_cpp/px4_msgs/msg/estimator_gps_status__type_support.cpp.o[0m
[10.096s] [ 46%] [32mBuilding CXX object CMakeFiles/px4_msgs__rosidl_typesupport_fastrtps_c.dir/rosidl_typesupport_fastrtps_c/px4_msgs/msg/detail/distance_sensor_mode_change_request__type_support_c.cpp.o[0m
[10.366s] [ 46%] [32mBuilding CXX object CMakeFiles/px4_msgs__rosidl_typesupport_fastrtps_cpp.dir/rosidl_typesupport_fastrtps_cpp/px4_msgs/msg/detail/dds_fastrtps/distance_sensor__type_support.cpp.o[0m
[10.368s] [ 46%] [32mBuilding CXX object CMakeFiles/px4_msgs__rosidl_typesupport_cpp.dir/rosidl_typesupport_cpp/px4_msgs/msg/estimator_innovations__type_support.cpp.o[0m
[10.396s] [ 46%] [32mBuilding CXX object CMakeFiles/px4_msgs__rosidl_typesupport_cpp.dir/rosidl_typesupport_cpp/px4_msgs/msg/estimator_selector_status__type_support.cpp.o[0m
[10.447s] [ 46%] [32mBuilding CXX object CMakeFiles/px4_msgs__rosidl_typesupport_introspection_cpp.dir/rosidl_typesupport_introspection_cpp/px4_msgs/msg/detail/esc_status__type_support.cpp.o[0m
[10.461s] [ 46%] [32mBuilding CXX object CMakeFiles/px4_msgs__rosidl_typesupport_fastrtps_cpp.dir/rosidl_typesupport_fastrtps_cpp/px4_msgs/msg/detail/dds_fastrtps/distance_sensor_mode_change_request__type_support.cpp.o[0m
[10.470s] [ 46%] [32mBuilding CXX object CMakeFiles/px4_msgs__rosidl_typesupport_fastrtps_cpp.dir/rosidl_typesupport_fastrtps_cpp/px4_msgs/msg/detail/dds_fastrtps/dronecan_node_status__type_support.cpp.o[0m
[10.596s] [ 46%] [32mBuilding CXX object CMakeFiles/px4_msgs__rosidl_typesupport_fastrtps_cpp.dir/rosidl_typesupport_fastrtps_cpp/px4_msgs/msg/detail/dds_fastrtps/ekf2_timestamps__type_support.cpp.o[0m
[10.641s] [ 46%] [32mBuilding CXX object CMakeFiles/px4_msgs__rosidl_typesupport_fastrtps_c.dir/rosidl_typesupport_fastrtps_c/px4_msgs/msg/detail/dronecan_node_status__type_support_c.cpp.o[0m
[10.702s] [ 46%] [32mBuilding CXX object CMakeFiles/px4_msgs__rosidl_typesupport_introspection_cpp.dir/rosidl_typesupport_introspection_cpp/px4_msgs/msg/detail/estimator_aid_source1d__type_support.cpp.o[0m
[10.744s] [ 46%] [32mBuilding CXX object CMakeFiles/px4_msgs__rosidl_typesupport_cpp.dir/rosidl_typesupport_cpp/px4_msgs/msg/estimator_sensor_bias__type_support.cpp.o[0m
[10.847s] [ 46%] [32mBuilding CXX object CMakeFiles/px4_msgs__rosidl_typesupport_introspection_cpp.dir/rosidl_typesupport_introspection_cpp/px4_msgs/msg/detail/estimator_aid_source2d__type_support.cpp.o[0m
[10.910s] [ 47%] [32mBuilding CXX object CMakeFiles/px4_msgs__rosidl_typesupport_fastrtps_c.dir/rosidl_typesupport_fastrtps_c/px4_msgs/msg/detail/ekf2_timestamps__type_support_c.cpp.o[0m
[10.923s] [ 47%] [32mBuilding CXX object CMakeFiles/px4_msgs__rosidl_typesupport_cpp.dir/rosidl_typesupport_cpp/px4_msgs/msg/estimator_states__type_support.cpp.o[0m
[10.945s] [ 47%] [32mBuilding CXX object CMakeFiles/px4_msgs__rosidl_typesupport_fastrtps_cpp.dir/rosidl_typesupport_fastrtps_cpp/px4_msgs/msg/detail/dds_fastrtps/esc_report__type_support.cpp.o[0m
[11.041s] [ 47%] [32mBuilding CXX object CMakeFiles/px4_msgs__rosidl_typesupport_fastrtps_cpp.dir/rosidl_typesupport_fastrtps_cpp/px4_msgs/msg/detail/dds_fastrtps/esc_status__type_support.cpp.o[0m
[11.067s] [ 47%] [32mBuilding CXX object CMakeFiles/px4_msgs__rosidl_typesupport_fastrtps_c.dir/rosidl_typesupport_fastrtps_c/px4_msgs/msg/detail/esc_report__type_support_c.cpp.o[0m
[11.082s] [ 47%] [32mBuilding CXX object CMakeFiles/px4_msgs__rosidl_typesupport_introspection_cpp.dir/rosidl_typesupport_introspection_cpp/px4_msgs/msg/detail/estimator_aid_source3d__type_support.cpp.o[0m
[11.175s] [ 47%] [32mBuilding CXX object CMakeFiles/px4_msgs__rosidl_typesupport_fastrtps_cpp.dir/rosidl_typesupport_fastrtps_cpp/px4_msgs/msg/detail/dds_fastrtps/estimator_aid_source1d__type_support.cpp.o[0m
[11.262s] [ 47%] [32mBuilding CXX object CMakeFiles/px4_msgs__rosidl_typesupport_cpp.dir/rosidl_typesupport_cpp/px4_msgs/msg/estimator_status__type_support.cpp.o[0m
[11.310s] [ 47%] [32mBuilding CXX object CMakeFiles/px4_msgs__rosidl_typesupport_cpp.dir/rosidl_typesupport_cpp/px4_msgs/msg/estimator_status_flags__type_support.cpp.o[0m
[11.311s] [ 47%] [32mBuilding CXX object CMakeFiles/px4_msgs__rosidl_typesupport_fastrtps_cpp.dir/rosidl_typesupport_fastrtps_cpp/px4_msgs/msg/detail/dds_fastrtps/estimator_aid_source2d__type_support.cpp.o[0m
[11.418s] [ 47%] [32mBuilding CXX object CMakeFiles/px4_msgs__rosidl_typesupport_fastrtps_c.dir/rosidl_typesupport_fastrtps_c/px4_msgs/msg/detail/esc_status__type_support_c.cpp.o[0m
[11.475s] [ 47%] [32mBuilding CXX object CMakeFiles/px4_msgs__rosidl_typesupport_introspection_cpp.dir/rosidl_typesupport_introspection_cpp/px4_msgs/msg/detail/estimator_bias__type_support.cpp.o[0m
[11.528s] [ 47%] [32mBuilding CXX object CMakeFiles/px4_msgs__rosidl_typesupport_introspection_cpp.dir/rosidl_typesupport_introspection_cpp/px4_msgs/msg/detail/estimator_bias3d__type_support.cpp.o[0m
[11.570s] [ 47%] [32mBuilding CXX object CMakeFiles/px4_msgs__rosidl_typesupport_fastrtps_cpp.dir/rosidl_typesupport_fastrtps_cpp/px4_msgs/msg/detail/dds_fastrtps/estimator_aid_source3d__type_support.cpp.o[0m
[11.601s] [ 47%] [32mBuilding CXX object CMakeFiles/px4_msgs__rosidl_typesupport_cpp.dir/rosidl_typesupport_cpp/px4_msgs/msg/event__type_support.cpp.o[0m
[11.619s] [ 47%] [32mBuilding CXX object CMakeFiles/px4_msgs__rosidl_typesupport_introspection_cpp.dir/rosidl_typesupport_introspection_cpp/px4_msgs/msg/detail/estimator_event_flags__type_support.cpp.o[0m
[11.653s] [ 47%] [32mBuilding CXX object CMakeFiles/px4_msgs__rosidl_typesupport_fastrtps_c.dir/rosidl_typesupport_fastrtps_c/px4_msgs/msg/detail/estimator_aid_source1d__type_support_c.cpp.o[0m
[11.782s] [ 47%] [32mBuilding CXX object CMakeFiles/px4_msgs__rosidl_typesupport_cpp.dir/rosidl_typesupport_cpp/px4_msgs/msg/failsafe_flags__type_support.cpp.o[0m
[11.813s] [ 47%] [32mBuilding CXX object CMakeFiles/px4_msgs__rosidl_typesupport_fastrtps_cpp.dir/rosidl_typesupport_fastrtps_cpp/px4_msgs/msg/detail/dds_fastrtps/estimator_bias__type_support.cpp.o[0m
[11.931s] [ 47%] [32mBuilding CXX object CMakeFiles/px4_msgs__rosidl_typesupport_cpp.dir/rosidl_typesupport_cpp/px4_msgs/msg/failure_detector_status__type_support.cpp.o[0m
[11.939s] [ 47%] [32mBuilding CXX object CMakeFiles/px4_msgs__rosidl_typesupport_fastrtps_c.dir/rosidl_typesupport_fastrtps_c/px4_msgs/msg/detail/estimator_aid_source2d__type_support_c.cpp.o[0m
[11.981s] [ 47%] [32mBuilding CXX object CMakeFiles/px4_msgs__rosidl_typesupport_fastrtps_c.dir/rosidl_typesupport_fastrtps_c/px4_msgs/msg/detail/estimator_aid_source3d__type_support_c.cpp.o[0m
[12.044s] [ 47%] [32mBuilding CXX object CMakeFiles/px4_msgs__rosidl_typesupport_fastrtps_c.dir/rosidl_typesupport_fastrtps_c/px4_msgs/msg/detail/estimator_bias__type_support_c.cpp.o[0m
[12.061s] [ 47%] [32mBuilding CXX object CMakeFiles/px4_msgs__rosidl_typesupport_fastrtps_cpp.dir/rosidl_typesupport_fastrtps_cpp/px4_msgs/msg/detail/dds_fastrtps/estimator_bias3d__type_support.cpp.o[0m
[12.071s] [ 48%] [32mBuilding CXX object CMakeFiles/px4_msgs__rosidl_typesupport_introspection_cpp.dir/rosidl_typesupport_introspection_cpp/px4_msgs/msg/detail/estimator_gps_status__type_support.cpp.o[0m
[12.123s] [ 48%] [32mBuilding CXX object CMakeFiles/px4_msgs__rosidl_typesupport_fastrtps_cpp.dir/rosidl_typesupport_fastrtps_cpp/px4_msgs/msg/detail/dds_fastrtps/estimator_event_flags__type_support.cpp.o[0m
[12.263s] [ 48%] [32mBuilding CXX object CMakeFiles/px4_msgs__rosidl_typesupport_cpp.dir/rosidl_typesupport_cpp/px4_msgs/msg/figure_eight_status__type_support.cpp.o[0m
[12.302s] [ 48%] [32mBuilding CXX object CMakeFiles/px4_msgs__rosidl_typesupport_cpp.dir/rosidl_typesupport_cpp/px4_msgs/msg/fixed_wing_lateral_guidance_status__type_support.cpp.o[0m
[12.343s] [ 49%] [32mBuilding CXX object CMakeFiles/px4_msgs__rosidl_typesupport_fastrtps_cpp.dir/rosidl_typesupport_fastrtps_cpp/px4_msgs/msg/detail/dds_fastrtps/estimator_gps_status__type_support.cpp.o[0m
[12.384s] [ 49%] [32mBuilding CXX object CMakeFiles/px4_msgs__rosidl_typesupport_introspection_cpp.dir/rosidl_typesupport_introspection_cpp/px4_msgs/msg/detail/estimator_innovations__type_support.cpp.o[0m
[12.469s] [ 49%] [32mBuilding CXX object CMakeFiles/px4_msgs__rosidl_typesupport_fastrtps_c.dir/rosidl_typesupport_fastrtps_c/px4_msgs/msg/detail/estimator_bias3d__type_support_c.cpp.o[0m
[12.516s] [ 49%] [32mBuilding CXX object CMakeFiles/px4_msgs__rosidl_typesupport_cpp.dir/rosidl_typesupport_cpp/px4_msgs/msg/fixed_wing_lateral_setpoint__type_support.cpp.o[0m
[12.551s] [ 49%] [32mBuilding CXX object CMakeFiles/px4_msgs__rosidl_typesupport_introspection_cpp.dir/rosidl_typesupport_introspection_cpp/px4_msgs/msg/detail/estimator_selector_status__type_support.cpp.o[0m
[12.571s] [ 49%] [32mBuilding CXX object CMakeFiles/px4_msgs__rosidl_typesupport_fastrtps_c.dir/rosidl_typesupport_fastrtps_c/px4_msgs/msg/detail/estimator_event_flags__type_support_c.cpp.o[0m
[12.584s] [ 49%] [32mBuilding CXX object CMakeFiles/px4_msgs__rosidl_typesupport_cpp.dir/rosidl_typesupport_cpp/px4_msgs/msg/fixed_wing_lateral_status__type_support.cpp.o[0m
[12.627s] [ 49%] [32mBuilding CXX object CMakeFiles/px4_msgs__rosidl_typesupport_fastrtps_c.dir/rosidl_typesupport_fastrtps_c/px4_msgs/msg/detail/estimator_gps_status__type_support_c.cpp.o[0m
[12.805s] [ 49%] [32mBuilding CXX object CMakeFiles/px4_msgs__rosidl_typesupport_fastrtps_cpp.dir/rosidl_typesupport_fastrtps_cpp/px4_msgs/msg/detail/dds_fastrtps/estimator_innovations__type_support.cpp.o[0m
[12.825s] [ 49%] [32mBuilding CXX object CMakeFiles/px4_msgs__rosidl_typesupport_introspection_cpp.dir/rosidl_typesupport_introspection_cpp/px4_msgs/msg/detail/estimator_sensor_bias__type_support.cpp.o[0m
[12.863s] [ 49%] [32mBuilding CXX object CMakeFiles/px4_msgs__rosidl_typesupport_cpp.dir/rosidl_typesupport_cpp/px4_msgs/msg/fixed_wing_longitudinal_setpoint__type_support.cpp.o[0m
[12.886s] [ 49%] [32mBuilding CXX object CMakeFiles/px4_msgs__rosidl_typesupport_introspection_cpp.dir/rosidl_typesupport_introspection_cpp/px4_msgs/msg/detail/estimator_states__type_support.cpp.o[0m
[12.894s] [ 49%] [32mBuilding CXX object CMakeFiles/px4_msgs__rosidl_typesupport_cpp.dir/rosidl_typesupport_cpp/px4_msgs/msg/fixed_wing_runway_control__type_support.cpp.o[0m
[12.974s] [ 49%] [32mBuilding CXX object CMakeFiles/px4_msgs__rosidl_typesupport_fastrtps_cpp.dir/rosidl_typesupport_fastrtps_cpp/px4_msgs/msg/detail/dds_fastrtps/estimator_selector_status__type_support.cpp.o[0m
[13.011s] [ 49%] [32mBuilding CXX object CMakeFiles/px4_msgs__rosidl_typesupport_fastrtps_c.dir/rosidl_typesupport_fastrtps_c/px4_msgs/msg/detail/estimator_innovations__type_support_c.cpp.o[0m
[13.037s] [ 49%] [32mBuilding CXX object CMakeFiles/px4_msgs__rosidl_typesupport_introspection_cpp.dir/rosidl_typesupport_introspection_cpp/px4_msgs/msg/detail/estimator_status__type_support.cpp.o[0m
[13.185s] [ 49%] [32mBuilding CXX object CMakeFiles/px4_msgs__rosidl_typesupport_fastrtps_c.dir/rosidl_typesupport_fastrtps_c/px4_msgs/msg/detail/estimator_selector_status__type_support_c.cpp.o[0m
[13.203s] [ 49%] [32mBuilding CXX object CMakeFiles/px4_msgs__rosidl_typesupport_cpp.dir/rosidl_typesupport_cpp/px4_msgs/msg/flight_phase_estimation__type_support.cpp.o[0m
[13.288s] [ 49%] [32mBuilding CXX object CMakeFiles/px4_msgs__rosidl_typesupport_fastrtps_c.dir/rosidl_typesupport_fastrtps_c/px4_msgs/msg/detail/estimator_sensor_bias__type_support_c.cpp.o[0m
[13.293s] [ 49%] [32mBuilding CXX object CMakeFiles/px4_msgs__rosidl_typesupport_fastrtps_cpp.dir/rosidl_typesupport_fastrtps_cpp/px4_msgs/msg/detail/dds_fastrtps/estimator_sensor_bias__type_support.cpp.o[0m
[13.342s] [ 49%] [32mBuilding CXX object CMakeFiles/px4_msgs__rosidl_typesupport_cpp.dir/rosidl_typesupport_cpp/px4_msgs/msg/follow_target__type_support.cpp.o[0m
[13.476s] [ 49%] [32mBuilding CXX object CMakeFiles/px4_msgs__rosidl_typesupport_fastrtps_cpp.dir/rosidl_typesupport_fastrtps_cpp/px4_msgs/msg/detail/dds_fastrtps/estimator_states__type_support.cpp.o[0m
[13.487s] [ 49%] [32mBuilding CXX object CMakeFiles/px4_msgs__rosidl_typesupport_introspection_cpp.dir/rosidl_typesupport_introspection_cpp/px4_msgs/msg/detail/estimator_status_flags__type_support.cpp.o[0m
[13.494s] [ 49%] [32mBuilding CXX object CMakeFiles/px4_msgs__rosidl_typesupport_cpp.dir/rosidl_typesupport_cpp/px4_msgs/msg/follow_target_estimator__type_support.cpp.o[0m
[13.531s] [ 49%] [32mBuilding CXX object CMakeFiles/px4_msgs__rosidl_typesupport_introspection_cpp.dir/rosidl_typesupport_introspection_cpp/px4_msgs/msg/detail/event__type_support.cpp.o[0m
[13.579s] [ 49%] [32mBuilding CXX object CMakeFiles/px4_msgs__rosidl_typesupport_introspection_cpp.dir/rosidl_typesupport_introspection_cpp/px4_msgs/msg/detail/failsafe_flags__type_support.cpp.o[0m
[13.662s] [ 49%] [32mBuilding CXX object CMakeFiles/px4_msgs__rosidl_typesupport_fastrtps_c.dir/rosidl_typesupport_fastrtps_c/px4_msgs/msg/detail/estimator_states__type_support_c.cpp.o[0m
[13.692s] [ 49%] [32mBuilding CXX object CMakeFiles/px4_msgs__rosidl_typesupport_cpp.dir/rosidl_typesupport_cpp/px4_msgs/msg/follow_target_status__type_support.cpp.o[0m
[13.784s] [ 49%] [32mBuilding CXX object CMakeFiles/px4_msgs__rosidl_typesupport_fastrtps_c.dir/rosidl_typesupport_fastrtps_c/px4_msgs/msg/detail/estimator_status__type_support_c.cpp.o[0m
[13.806s] [ 49%] [32mBuilding CXX object CMakeFiles/px4_msgs__rosidl_typesupport_introspection_cpp.dir/rosidl_typesupport_introspection_cpp/px4_msgs/msg/detail/failure_detector_status__type_support.cpp.o[0m
[13.950s] [ 49%] [32mBuilding CXX object CMakeFiles/px4_msgs__rosidl_typesupport_fastrtps_cpp.dir/rosidl_typesupport_fastrtps_cpp/px4_msgs/msg/detail/dds_fastrtps/estimator_status__type_support.cpp.o[0m
[13.988s] [ 50%] [32mBuilding CXX object CMakeFiles/px4_msgs__rosidl_typesupport_cpp.dir/rosidl_typesupport_cpp/px4_msgs/msg/fuel_tank_status__type_support.cpp.o[0m
[13.994s] [ 50%] [32mBuilding CXX object CMakeFiles/px4_msgs__rosidl_typesupport_fastrtps_c.dir/rosidl_typesupport_fastrtps_c/px4_msgs/msg/detail/estimator_status_flags__type_support_c.cpp.o[0m
[14.008s] [ 50%] [32mBuilding CXX object CMakeFiles/px4_msgs__rosidl_typesupport_fastrtps_cpp.dir/rosidl_typesupport_fastrtps_cpp/px4_msgs/msg/detail/dds_fastrtps/estimator_status_flags__type_support.cpp.o[0m
[14.022s] [ 50%] [32mBuilding CXX object CMakeFiles/px4_msgs__rosidl_typesupport_fastrtps_cpp.dir/rosidl_typesupport_fastrtps_cpp/px4_msgs/msg/detail/dds_fastrtps/event__type_support.cpp.o[0m
[14.051s] [ 50%] [32mBuilding CXX object CMakeFiles/px4_msgs__rosidl_typesupport_cpp.dir/rosidl_typesupport_cpp/px4_msgs/msg/gain_compression__type_support.cpp.o[0m
[14.215s] [ 50%] [32mBuilding CXX object CMakeFiles/px4_msgs__rosidl_typesupport_cpp.dir/rosidl_typesupport_cpp/px4_msgs/msg/generator_status__type_support.cpp.o[0m
[14.258s] [ 50%] [32mBuilding CXX object CMakeFiles/px4_msgs__rosidl_typesupport_introspection_cpp.dir/rosidl_typesupport_introspection_cpp/px4_msgs/msg/detail/figure_eight_status__type_support.cpp.o[0m
[14.299s] [ 50%] [32mBuilding CXX object CMakeFiles/px4_msgs__rosidl_typesupport_fastrtps_c.dir/rosidl_typesupport_fastrtps_c/px4_msgs/msg/detail/event__type_support_c.cpp.o[0m
[14.372s] [ 50%] [32mBuilding CXX object CMakeFiles/px4_msgs__rosidl_typesupport_introspection_cpp.dir/rosidl_typesupport_introspection_cpp/px4_msgs/msg/detail/fixed_wing_lateral_guidance_status__type_support.cpp.o[0m
[14.443s] [ 50%] [32mBuilding CXX object CMakeFiles/px4_msgs__rosidl_typesupport_fastrtps_cpp.dir/rosidl_typesupport_fastrtps_cpp/px4_msgs/msg/detail/dds_fastrtps/failsafe_flags__type_support.cpp.o[0m
[14.465s] [ 50%] [32mBuilding CXX object CMakeFiles/px4_msgs__rosidl_typesupport_fastrtps_c.dir/rosidl_typesupport_fastrtps_c/px4_msgs/msg/detail/failsafe_flags__type_support_c.cpp.o[0m
[14.493s] [ 50%] [32mBuilding CXX object CMakeFiles/px4_msgs__rosidl_typesupport_cpp.dir/rosidl_typesupport_cpp/px4_msgs/msg/geofence_result__type_support.cpp.o[0m
[14.537s] [ 50%] [32mBuilding CXX object CMakeFiles/px4_msgs__rosidl_typesupport_introspection_cpp.dir/rosidl_typesupport_introspection_cpp/px4_msgs/msg/detail/fixed_wing_lateral_setpoint__type_support.cpp.o[0m
[14.541s] [ 50%] [32mBuilding CXX object CMakeFiles/px4_msgs__rosidl_typesupport_introspection_cpp.dir/rosidl_typesupport_introspection_cpp/px4_msgs/msg/detail/fixed_wing_lateral_status__type_support.cpp.o[0m
[14.699s] [ 50%] [32mBuilding CXX object CMakeFiles/px4_msgs__rosidl_typesupport_introspection_cpp.dir/rosidl_typesupport_introspection_cpp/px4_msgs/msg/detail/fixed_wing_longitudinal_setpoint__type_support.cpp.o[0m
[14.702s] [ 50%] [32mBuilding CXX object CMakeFiles/px4_msgs__rosidl_typesupport_cpp.dir/rosidl_typesupport_cpp/px4_msgs/msg/geofence_status__type_support.cpp.o[0m
[14.805s] [ 50%] [32mBuilding CXX object CMakeFiles/px4_msgs__rosidl_typesupport_fastrtps_c.dir/rosidl_typesupport_fastrtps_c/px4_msgs/msg/detail/failure_detector_status__type_support_c.cpp.o[0m
[14.815s] [ 50%] [32mBuilding CXX object CMakeFiles/px4_msgs__rosidl_typesupport_fastrtps_cpp.dir/rosidl_typesupport_fastrtps_cpp/px4_msgs/msg/detail/dds_fastrtps/failure_detector_status__type_support.cpp.o[0m
[14.919s] [ 50%] [32mBuilding CXX object CMakeFiles/px4_msgs__rosidl_typesupport_fastrtps_cpp.dir/rosidl_typesupport_fastrtps_cpp/px4_msgs/msg/detail/dds_fastrtps/figure_eight_status__type_support.cpp.o[0m
[14.930s] [ 50%] [32mBuilding CXX object CMakeFiles/px4_msgs__rosidl_typesupport_fastrtps_c.dir/rosidl_typesupport_fastrtps_c/px4_msgs/msg/detail/figure_eight_status__type_support_c.cpp.o[0m
[14.979s] [ 50%] [32mBuilding CXX object CMakeFiles/px4_msgs__rosidl_typesupport_cpp.dir/rosidl_typesupport_cpp/px4_msgs/msg/gimbal_controls__type_support.cpp.o[0m
[14.992s] [ 50%] [32mBuilding CXX object CMakeFiles/px4_msgs__rosidl_typesupport_cpp.dir/rosidl_typesupport_cpp/px4_msgs/msg/gimbal_device_attitude_status__type_support.cpp.o[0m
[15.020s] [ 50%] [32mBuilding CXX object CMakeFiles/px4_msgs__rosidl_typesupport_fastrtps_cpp.dir/rosidl_typesupport_fastrtps_cpp/px4_msgs/msg/detail/dds_fastrtps/fixed_wing_lateral_guidance_status__type_support.cpp.o[0m
[15.132s] [ 50%] [32mBuilding CXX object CMakeFiles/px4_msgs__rosidl_typesupport_introspection_cpp.dir/rosidl_typesupport_introspection_cpp/px4_msgs/msg/detail/fixed_wing_runway_control__type_support.cpp.o[0m
[15.211s] [ 50%] [32mBuilding CXX object CMakeFiles/px4_msgs__rosidl_typesupport_fastrtps_cpp.dir/rosidl_typesupport_fastrtps_cpp/px4_msgs/msg/detail/dds_fastrtps/fixed_wing_lateral_setpoint__type_support.cpp.o[0m
[15.282s] [ 50%] [32mBuilding CXX object CMakeFiles/px4_msgs__rosidl_typesupport_cpp.dir/rosidl_typesupport_cpp/px4_msgs/msg/gimbal_device_information__type_support.cpp.o[0m
[15.295s] [ 50%] [32mBuilding CXX object CMakeFiles/px4_msgs__rosidl_typesupport_introspection_cpp.dir/rosidl_typesupport_introspection_cpp/px4_msgs/msg/detail/flight_phase_estimation__type_support.cpp.o[0m
[15.306s] [ 51%] [32mBuilding CXX object CMakeFiles/px4_msgs__rosidl_typesupport_fastrtps_c.dir/rosidl_typesupport_fastrtps_c/px4_msgs/msg/detail/fixed_wing_lateral_guidance_status__type_support_c.cpp.o[0m
[15.347s] [ 51%] [32mBuilding CXX object CMakeFiles/px4_msgs__rosidl_typesupport_introspection_cpp.dir/rosidl_typesupport_introspection_cpp/px4_msgs/msg/detail/follow_target__type_support.cpp.o[0m
[15.376s] [ 51%] [32mBuilding CXX object CMakeFiles/px4_msgs__rosidl_typesupport_fastrtps_c.dir/rosidl_typesupport_fastrtps_c/px4_msgs/msg/detail/fixed_wing_lateral_setpoint__type_support_c.cpp.o[0m
[15.476s] [ 51%] [32mBuilding CXX object CMakeFiles/px4_msgs__rosidl_typesupport_cpp.dir/rosidl_typesupport_cpp/px4_msgs/msg/gimbal_device_set_attitude__type_support.cpp.o[0m
[15.579s] [ 51%] [32mBuilding CXX object CMakeFiles/px4_msgs__rosidl_typesupport_introspection_cpp.dir/rosidl_typesupport_introspection_cpp/px4_msgs/msg/detail/follow_target_estimator__type_support.cpp.o[0m
[15.593s] [ 52%] [32mBuilding CXX object CMakeFiles/px4_msgs__rosidl_typesupport_introspection_cpp.dir/rosidl_typesupport_introspection_cpp/px4_msgs/msg/detail/follow_target_status__type_support.cpp.o[0m
[15.702s] [ 52%] [32mBuilding CXX object CMakeFiles/px4_msgs__rosidl_typesupport_fastrtps_cpp.dir/rosidl_typesupport_fastrtps_cpp/px4_msgs/msg/detail/dds_fastrtps/fixed_wing_lateral_status__type_support.cpp.o[0m
[15.717s] [ 52%] [32mBuilding CXX object CMakeFiles/px4_msgs__rosidl_typesupport_introspection_cpp.dir/rosidl_typesupport_introspection_cpp/px4_msgs/msg/detail/fuel_tank_status__type_support.cpp.o[0m
[15.749s] [ 52%] [32mBuilding CXX object CMakeFiles/px4_msgs__rosidl_typesupport_fastrtps_cpp.dir/rosidl_typesupport_fastrtps_cpp/px4_msgs/msg/detail/dds_fastrtps/fixed_wing_longitudinal_setpoint__type_support.cpp.o[0m
[15.760s] [ 52%] [32mBuilding CXX object CMakeFiles/px4_msgs__rosidl_typesupport_fastrtps_c.dir/rosidl_typesupport_fastrtps_c/px4_msgs/msg/detail/fixed_wing_lateral_status__type_support_c.cpp.o[0m
[15.785s] [ 52%] [32mBuilding CXX object CMakeFiles/px4_msgs__rosidl_typesupport_cpp.dir/rosidl_typesupport_cpp/px4_msgs/msg/gimbal_manager_information__type_support.cpp.o[0m
[15.819s] [ 52%] [32mBuilding CXX object CMakeFiles/px4_msgs__rosidl_typesupport_fastrtps_c.dir/rosidl_typesupport_fastrtps_c/px4_msgs/msg/detail/fixed_wing_longitudinal_setpoint__type_support_c.cpp.o[0m
[16.038s] [ 52%] [32mBuilding CXX object CMakeFiles/px4_msgs__rosidl_typesupport_introspection_cpp.dir/rosidl_typesupport_introspection_cpp/px4_msgs/msg/detail/gain_compression__type_support.cpp.o[0m
[16.043s] [ 52%] [32mBuilding CXX object CMakeFiles/px4_msgs__rosidl_typesupport_fastrtps_cpp.dir/rosidl_typesupport_fastrtps_cpp/px4_msgs/msg/detail/dds_fastrtps/fixed_wing_runway_control__type_support.cpp.o[0m
[16.094s] [ 52%] [32mBuilding CXX object CMakeFiles/px4_msgs__rosidl_typesupport_cpp.dir/rosidl_typesupport_cpp/px4_msgs/msg/gimbal_manager_set_attitude__type_support.cpp.o[0m
[16.144s] [ 52%] [32mBuilding CXX object CMakeFiles/px4_msgs__rosidl_typesupport_introspection_cpp.dir/rosidl_typesupport_introspection_cpp/px4_msgs/msg/detail/generator_status__type_support.cpp.o[0m
[16.160s] [ 52%] [32mBuilding CXX object CMakeFiles/px4_msgs__rosidl_typesupport_fastrtps_cpp.dir/rosidl_typesupport_fastrtps_cpp/px4_msgs/msg/detail/dds_fastrtps/flight_phase_estimation__type_support.cpp.o[0m
[16.172s] [ 52%] [32mBuilding CXX object CMakeFiles/px4_msgs__rosidl_typesupport_fastrtps_c.dir/rosidl_typesupport_fastrtps_c/px4_msgs/msg/detail/fixed_wing_runway_control__type_support_c.cpp.o[0m
[16.217s] [ 52%] [32mBuilding CXX object CMakeFiles/px4_msgs__rosidl_typesupport_fastrtps_cpp.dir/rosidl_typesupport_fastrtps_cpp/px4_msgs/msg/detail/dds_fastrtps/follow_target__type_support.cpp.o[0m
[16.244s] [ 52%] [32mBuilding CXX object CMakeFiles/px4_msgs__rosidl_typesupport_cpp.dir/rosidl_typesupport_cpp/px4_msgs/msg/gimbal_manager_set_manual_control__type_support.cpp.o[0m
[16.404s] [ 52%] [32mBuilding CXX object CMakeFiles/px4_msgs__rosidl_typesupport_introspection_cpp.dir/rosidl_typesupport_introspection_cpp/px4_msgs/msg/detail/geofence_result__type_support.cpp.o[0m
[16.500s] [ 52%] [32mBuilding CXX object CMakeFiles/px4_msgs__rosidl_typesupport_fastrtps_c.dir/rosidl_typesupport_fastrtps_c/px4_msgs/msg/detail/flight_phase_estimation__type_support_c.cpp.o[0m
[16.515s] [ 52%] [32mBuilding CXX object CMakeFiles/px4_msgs__rosidl_typesupport_fastrtps_c.dir/rosidl_typesupport_fastrtps_c/px4_msgs/msg/detail/follow_target__type_support_c.cpp.o[0m
[16.561s] [ 52%] [32mBuilding CXX object CMakeFiles/px4_msgs__rosidl_typesupport_cpp.dir/rosidl_typesupport_cpp/px4_msgs/msg/gimbal_manager_status__type_support.cpp.o[0m
[16.583s] [ 52%] [32mBuilding CXX object CMakeFiles/px4_msgs__rosidl_typesupport_cpp.dir/rosidl_typesupport_cpp/px4_msgs/msg/goto_setpoint__type_support.cpp.o[0m
[16.588s] [ 52%] [32mBuilding CXX object CMakeFiles/px4_msgs__rosidl_typesupport_introspection_cpp.dir/rosidl_typesupport_introspection_cpp/px4_msgs/msg/detail/geofence_status__type_support.cpp.o[0m
[16.622s] [ 52%] [32mBuilding CXX object CMakeFiles/px4_msgs__rosidl_typesupport_fastrtps_c.dir/rosidl_typesupport_fastrtps_c/px4_msgs/msg/detail/follow_target_estimator__type_support_c.cpp.o[0m
[16.686s] [ 52%] [32mBuilding CXX object CMakeFiles/px4_msgs__rosidl_typesupport_fastrtps_cpp.dir/rosidl_typesupport_fastrtps_cpp/px4_msgs/msg/detail/dds_fastrtps/follow_target_estimator__type_support.cpp.o[0m
[16.833s] [ 52%] [32mBuilding CXX object CMakeFiles/px4_msgs__rosidl_typesupport_fastrtps_c.dir/rosidl_typesupport_fastrtps_c/px4_msgs/msg/detail/follow_target_status__type_support_c.cpp.o[0m
[16.876s] [ 52%] [32mBuilding CXX object CMakeFiles/px4_msgs__rosidl_typesupport_introspection_cpp.dir/rosidl_typesupport_introspection_cpp/px4_msgs/msg/detail/gimbal_controls__type_support.cpp.o[0m
[16.883s] [ 53%] [32mBuilding CXX object CMakeFiles/px4_msgs__rosidl_typesupport_fastrtps_cpp.dir/rosidl_typesupport_fastrtps_cpp/px4_msgs/msg/detail/dds_fastrtps/follow_target_status__type_support.cpp.o[0m
[16.895s] [ 53%] [32mBuilding CXX object CMakeFiles/px4_msgs__rosidl_typesupport_cpp.dir/rosidl_typesupport_cpp/px4_msgs/msg/gpio_config__type_support.cpp.o[0m
[16.903s] [ 53%] [32mBuilding CXX object CMakeFiles/px4_msgs__rosidl_typesupport_cpp.dir/rosidl_typesupport_cpp/px4_msgs/msg/gpio_in__type_support.cpp.o[0m
[17.005s] [ 53%] [32mBuilding CXX object CMakeFiles/px4_msgs__rosidl_typesupport_introspection_cpp.dir/rosidl_typesupport_introspection_cpp/px4_msgs/msg/detail/gimbal_device_attitude_status__type_support.cpp.o[0m
[17.039s] [ 53%] [32mBuilding CXX object CMakeFiles/px4_msgs__rosidl_typesupport_fastrtps_cpp.dir/rosidl_typesupport_fastrtps_cpp/px4_msgs/msg/detail/dds_fastrtps/fuel_tank_status__type_support.cpp.o[0m
[17.172s] [ 53%] [32mBuilding CXX object CMakeFiles/px4_msgs__rosidl_typesupport_introspection_cpp.dir/rosidl_typesupport_introspection_cpp/px4_msgs/msg/detail/gimbal_device_information__type_support.cpp.o[0m
[17.210s] [ 53%] [32mBuilding CXX object CMakeFiles/px4_msgs__rosidl_typesupport_fastrtps_c.dir/rosidl_typesupport_fastrtps_c/px4_msgs/msg/detail/fuel_tank_status__type_support_c.cpp.o[0m
[17.226s] [ 53%] [32mBuilding CXX object CMakeFiles/px4_msgs__rosidl_typesupport_fastrtps_cpp.dir/rosidl_typesupport_fastrtps_cpp/px4_msgs/msg/detail/dds_fastrtps/gain_compression__type_support.cpp.o[0m
[17.252s] [ 53%] [32mBuilding CXX object CMakeFiles/px4_msgs__rosidl_typesupport_cpp.dir/rosidl_typesupport_cpp/px4_msgs/msg/gpio_out__type_support.cpp.o[0m
[17.326s] [ 53%] [32mBuilding CXX object CMakeFiles/px4_msgs__rosidl_typesupport_fastrtps_cpp.dir/rosidl_typesupport_fastrtps_cpp/px4_msgs/msg/detail/dds_fastrtps/generator_status__type_support.cpp.o[0m
[17.369s] [ 53%] [32mBuilding CXX object CMakeFiles/px4_msgs__rosidl_typesupport_introspection_cpp.dir/rosidl_typesupport_introspection_cpp/px4_msgs/msg/detail/gimbal_device_set_attitude__type_support.cpp.o[0m
[17.452s] [ 53%] [32mBuilding CXX object CMakeFiles/px4_msgs__rosidl_typesupport_cpp.dir/rosidl_typesupport_cpp/px4_msgs/msg/gpio_request__type_support.cpp.o[0m
[17.503s] [ 53%] [32mBuilding CXX object CMakeFiles/px4_msgs__rosidl_typesupport_introspection_cpp.dir/rosidl_typesupport_introspection_cpp/px4_msgs/msg/detail/gimbal_manager_information__type_support.cpp.o[0m
[17.578s] [ 53%] [32mBuilding CXX object CMakeFiles/px4_msgs__rosidl_typesupport_fastrtps_c.dir/rosidl_typesupport_fastrtps_c/px4_msgs/msg/detail/gain_compression__type_support_c.cpp.o[0m
[17.647s] [ 53%] [32mBuilding CXX object CMakeFiles/px4_msgs__rosidl_typesupport_fastrtps_cpp.dir/rosidl_typesupport_fastrtps_cpp/px4_msgs/msg/detail/dds_fastrtps/geofence_result__type_support.cpp.o[0m
[17.660s] [ 53%] [32mBuilding CXX object CMakeFiles/px4_msgs__rosidl_typesupport_fastrtps_cpp.dir/rosidl_typesupport_fastrtps_cpp/px4_msgs/msg/detail/dds_fastrtps/geofence_status__type_support.cpp.o[0m
[17.754s] [ 53%] [32mBuilding CXX object CMakeFiles/px4_msgs__rosidl_typesupport_cpp.dir/rosidl_typesupport_cpp/px4_msgs/msg/gps_dump__type_support.cpp.o[0m
[17.843s] [ 53%] [32mBuilding CXX object CMakeFiles/px4_msgs__rosidl_typesupport_fastrtps_c.dir/rosidl_typesupport_fastrtps_c/px4_msgs/msg/detail/generator_status__type_support_c.cpp.o[0m
[17.890s] [ 53%] [32mBuilding CXX object CMakeFiles/px4_msgs__rosidl_typesupport_fastrtps_c.dir/rosidl_typesupport_fastrtps_c/px4_msgs/msg/detail/geofence_result__type_support_c.cpp.o[0m
[17.906s] [ 54%] [32mBuilding CXX object CMakeFiles/px4_msgs__rosidl_typesupport_cpp.dir/rosidl_typesupport_cpp/px4_msgs/msg/gps_inject_data__type_support.cpp.o[0m
[17.952s] [ 54%] [32mBuilding CXX object CMakeFiles/px4_msgs__rosidl_typesupport_introspection_cpp.dir/rosidl_typesupport_introspection_cpp/px4_msgs/msg/detail/gimbal_manager_set_attitude__type_support.cpp.o[0m
[18.070s] [ 54%] [32mBuilding CXX object CMakeFiles/px4_msgs__rosidl_typesupport_cpp.dir/rosidl_typesupport_cpp/px4_msgs/msg/gripper__type_support.cpp.o[0m
[18.087s] [ 54%] [32mBuilding CXX object CMakeFiles/px4_msgs__rosidl_typesupport_introspection_cpp.dir/rosidl_typesupport_introspection_cpp/px4_msgs/msg/detail/gimbal_manager_set_manual_control__type_support.cpp.o[0m
[18.164s] [ 54%] [32mBuilding CXX object CMakeFiles/px4_msgs__rosidl_typesupport_fastrtps_c.dir/rosidl_typesupport_fastrtps_c/px4_msgs/msg/detail/geofence_status__type_support_c.cpp.o[0m
[18.228s] [ 54%] [32mBuilding CXX object CMakeFiles/px4_msgs__rosidl_typesupport_fastrtps_cpp.dir/rosidl_typesupport_fastrtps_cpp/px4_msgs/msg/detail/dds_fastrtps/gimbal_controls__type_support.cpp.o[0m
[18.234s] [ 54%] [32mBuilding CXX object CMakeFiles/px4_msgs__rosidl_typesupport_fastrtps_c.dir/rosidl_typesupport_fastrtps_c/px4_msgs/msg/detail/gimbal_controls__type_support_c.cpp.o[0m
[18.276s] [ 54%] [32mBuilding CXX object CMakeFiles/px4_msgs__rosidl_typesupport_fastrtps_cpp.dir/rosidl_typesupport_fastrtps_cpp/px4_msgs/msg/detail/dds_fastrtps/gimbal_device_attitude_status__type_support.cpp.o[0m
[18.288s] [ 54%] [32mBuilding CXX object CMakeFiles/px4_msgs__rosidl_typesupport_introspection_cpp.dir/rosidl_typesupport_introspection_cpp/px4_msgs/msg/detail/gimbal_manager_status__type_support.cpp.o[0m
[18.401s] [ 54%] [32mBuilding CXX object CMakeFiles/px4_msgs__rosidl_typesupport_cpp.dir/rosidl_typesupport_cpp/px4_msgs/msg/health_report__type_support.cpp.o[0m
[18.408s] [ 54%] [32mBuilding CXX object CMakeFiles/px4_msgs__rosidl_typesupport_fastrtps_cpp.dir/rosidl_typesupport_fastrtps_cpp/px4_msgs/msg/detail/dds_fastrtps/gimbal_device_information__type_support.cpp.o[0m
[18.555s] [ 54%] [32mBuilding CXX object CMakeFiles/px4_msgs__rosidl_typesupport_cpp.dir/rosidl_typesupport_cpp/px4_msgs/msg/heater_status__type_support.cpp.o[0m
[18.646s] [ 54%] [32mBuilding CXX object CMakeFiles/px4_msgs__rosidl_typesupport_fastrtps_c.dir/rosidl_typesupport_fastrtps_c/px4_msgs/msg/detail/gimbal_device_attitude_status__type_support_c.cpp.o[0m
[18.650s] [ 54%] [32mBuilding CXX object CMakeFiles/px4_msgs__rosidl_typesupport_fastrtps_cpp.dir/rosidl_typesupport_fastrtps_cpp/px4_msgs/msg/detail/dds_fastrtps/gimbal_device_set_attitude__type_support.cpp.o[0m
[18.703s] [ 54%] [32mBuilding CXX object CMakeFiles/px4_msgs__rosidl_typesupport_introspection_cpp.dir/rosidl_typesupport_introspection_cpp/px4_msgs/msg/detail/goto_setpoint__type_support.cpp.o[0m
[18.724s] [ 54%] [32mBuilding CXX object CMakeFiles/px4_msgs__rosidl_typesupport_introspection_cpp.dir/rosidl_typesupport_introspection_cpp/px4_msgs/msg/detail/gpio_config__type_support.cpp.o[0m
[18.750s] [ 54%] [32mBuilding CXX object CMakeFiles/px4_msgs__rosidl_typesupport_fastrtps_c.dir/rosidl_typesupport_fastrtps_c/px4_msgs/msg/detail/gimbal_device_information__type_support_c.cpp.o[0m
[18.864s] [ 54%] [32mBuilding CXX object CMakeFiles/px4_msgs__rosidl_typesupport_introspection_cpp.dir/rosidl_typesupport_introspection_cpp/px4_msgs/msg/detail/gpio_in__type_support.cpp.o[0m
[18.879s] [ 54%] [32mBuilding CXX object CMakeFiles/px4_msgs__rosidl_typesupport_cpp.dir/rosidl_typesupport_cpp/px4_msgs/msg/home_position__type_support.cpp.o[0m
[18.909s] [ 54%] [32mBuilding CXX object CMakeFiles/px4_msgs__rosidl_typesupport_fastrtps_c.dir/rosidl_typesupport_fastrtps_c/px4_msgs/msg/detail/gimbal_device_set_attitude__type_support_c.cpp.o[0m
[19.117s] [ 54%] [32mBuilding CXX object CMakeFiles/px4_msgs__rosidl_typesupport_fastrtps_cpp.dir/rosidl_typesupport_fastrtps_cpp/px4_msgs/msg/detail/dds_fastrtps/gimbal_manager_information__type_support.cpp.o[0m
[19.128s] [ 54%] [32mBuilding CXX object CMakeFiles/px4_msgs__rosidl_typesupport_introspection_cpp.dir/rosidl_typesupport_introspection_cpp/px4_msgs/msg/detail/gpio_out__type_support.cpp.o[0m
[19.161s] [ 54%] [32mBuilding CXX object CMakeFiles/px4_msgs__rosidl_typesupport_fastrtps_cpp.dir/rosidl_typesupport_fastrtps_cpp/px4_msgs/msg/detail/dds_fastrtps/gimbal_manager_set_attitude__type_support.cpp.o[0m
[19.173s] [ 54%] [32mBuilding CXX object CMakeFiles/px4_msgs__rosidl_typesupport_introspection_cpp.dir/rosidl_typesupport_introspection_cpp/px4_msgs/msg/detail/gpio_request__type_support.cpp.o[0m
[19.196s] [ 54%] [32mBuilding CXX object CMakeFiles/px4_msgs__rosidl_typesupport_cpp.dir/rosidl_typesupport_cpp/px4_msgs/msg/hover_thrust_estimate__type_support.cpp.o[0m
[19.201s] [ 54%] [32mBuilding CXX object CMakeFiles/px4_msgs__rosidl_typesupport_fastrtps_cpp.dir/rosidl_typesupport_fastrtps_cpp/px4_msgs/msg/detail/dds_fastrtps/gimbal_manager_set_manual_control__type_support.cpp.o[0m
[19.310s] [ 54%] [32mBuilding CXX object CMakeFiles/px4_msgs__rosidl_typesupport_fastrtps_c.dir/rosidl_typesupport_fastrtps_c/px4_msgs/msg/detail/gimbal_manager_information__type_support_c.cpp.o[0m
[19.319s] [ 54%] [32mBuilding CXX object CMakeFiles/px4_msgs__rosidl_typesupport_cpp.dir/rosidl_typesupport_cpp/px4_msgs/msg/input_rc__type_support.cpp.o[0m
[19.506s] [ 54%] [32mBuilding CXX object CMakeFiles/px4_msgs__rosidl_typesupport_fastrtps_cpp.dir/rosidl_typesupport_fastrtps_cpp/px4_msgs/msg/detail/dds_fastrtps/gimbal_manager_status__type_support.cpp.o[0m
[19.576s] [ 54%] [32mBuilding CXX object CMakeFiles/px4_msgs__rosidl_typesupport_cpp.dir/rosidl_typesupport_cpp/px4_msgs/msg/internal_combustion_engine_control__type_support.cpp.o[0m
[19.587s] [ 55%] [32mBuilding CXX object CMakeFiles/px4_msgs__rosidl_typesupport_fastrtps_c.dir/rosidl_typesupport_fastrtps_c/px4_msgs/msg/detail/gimbal_manager_set_attitude__type_support_c.cpp.o[0m
[19.613s] [ 55%] [32mBuilding CXX object CMakeFiles/px4_msgs__rosidl_typesupport_introspection_cpp.dir/rosidl_typesupport_introspection_cpp/px4_msgs/msg/detail/gps_dump__type_support.cpp.o[0m
[19.627s] [ 55%] [32mBuilding CXX object CMakeFiles/px4_msgs__rosidl_typesupport_fastrtps_c.dir/rosidl_typesupport_fastrtps_c/px4_msgs/msg/detail/gimbal_manager_set_manual_control__type_support_c.cpp.o[0m
[19.648s] [ 55%] [32mBuilding CXX object CMakeFiles/px4_msgs__rosidl_typesupport_fastrtps_c.dir/rosidl_typesupport_fastrtps_c/px4_msgs/msg/detail/gimbal_manager_status__type_support_c.cpp.o[0m
[19.673s] [ 55%] [32mBuilding CXX object CMakeFiles/px4_msgs__rosidl_typesupport_fastrtps_c.dir/rosidl_typesupport_fastrtps_c/px4_msgs/msg/detail/goto_setpoint__type_support_c.cpp.o[0m
[19.778s] [ 56%] [32mBuilding CXX object CMakeFiles/px4_msgs__rosidl_typesupport_introspection_cpp.dir/rosidl_typesupport_introspection_cpp/px4_msgs/msg/detail/gps_inject_data__type_support.cpp.o[0m
[19.915s] [ 56%] [32mBuilding CXX object CMakeFiles/px4_msgs__rosidl_typesupport_cpp.dir/rosidl_typesupport_cpp/px4_msgs/msg/internal_combustion_engine_status__type_support.cpp.o[0m
[19.994s] [ 56%] [32mBuilding CXX object CMakeFiles/px4_msgs__rosidl_typesupport_fastrtps_cpp.dir/rosidl_typesupport_fastrtps_cpp/px4_msgs/msg/detail/dds_fastrtps/goto_setpoint__type_support.cpp.o[0m
[20.029s] [ 56%] [32mBuilding CXX object CMakeFiles/px4_msgs__rosidl_typesupport_cpp.dir/rosidl_typesupport_cpp/px4_msgs/msg/iridiumsbd_status__type_support.cpp.o[0m
[20.082s] [ 56%] [32mBuilding CXX object CMakeFiles/px4_msgs__rosidl_typesupport_introspection_cpp.dir/rosidl_typesupport_introspection_cpp/px4_msgs/msg/detail/gripper__type_support.cpp.o[0m
[20.098s] [ 56%] [32mBuilding CXX object CMakeFiles/px4_msgs__rosidl_typesupport_introspection_cpp.dir/rosidl_typesupport_introspection_cpp/px4_msgs/msg/detail/health_report__type_support.cpp.o[0m
[20.103s] [ 56%] [32mBuilding CXX object CMakeFiles/px4_msgs__rosidl_typesupport_fastrtps_c.dir/rosidl_typesupport_fastrtps_c/px4_msgs/msg/detail/gpio_config__type_support_c.cpp.o[0m
[20.107s] [ 56%] [32mBuilding CXX object CMakeFiles/px4_msgs__rosidl_typesupport_fastrtps_c.dir/rosidl_typesupport_fastrtps_c/px4_msgs/msg/detail/gpio_in__type_support_c.cpp.o[0m
[20.240s] [ 56%] [32mBuilding CXX object CMakeFiles/px4_msgs__rosidl_typesupport_fastrtps_cpp.dir/rosidl_typesupport_fastrtps_cpp/px4_msgs/msg/detail/dds_fastrtps/gpio_config__type_support.cpp.o[0m
[20.311s] [ 56%] [32mBuilding CXX object CMakeFiles/px4_msgs__rosidl_typesupport_fastrtps_cpp.dir/rosidl_typesupport_fastrtps_cpp/px4_msgs/msg/detail/dds_fastrtps/gpio_in__type_support.cpp.o[0m
[20.354s] [ 56%] [32mBuilding CXX object CMakeFiles/px4_msgs__rosidl_typesupport_cpp.dir/rosidl_typesupport_cpp/px4_msgs/msg/irlock_report__type_support.cpp.o[0m
[20.461s] [ 56%] [32mBuilding CXX object CMakeFiles/px4_msgs__rosidl_typesupport_cpp.dir/rosidl_typesupport_cpp/px4_msgs/msg/landing_gear__type_support.cpp.o[0m
[20.504s] [ 56%] [32mBuilding CXX object CMakeFiles/px4_msgs__rosidl_typesupport_cpp.dir/rosidl_typesupport_cpp/px4_msgs/msg/landing_gear_wheel__type_support.cpp.o[0m
[20.545s] [ 56%] [32mBuilding CXX object CMakeFiles/px4_msgs__rosidl_typesupport_fastrtps_c.dir/rosidl_typesupport_fastrtps_c/px4_msgs/msg/detail/gpio_out__type_support_c.cpp.o[0m
[20.604s] [ 56%] [32mBuilding CXX object CMakeFiles/px4_msgs__rosidl_typesupport_fastrtps_c.dir/rosidl_typesupport_fastrtps_c/px4_msgs/msg/detail/gpio_request__type_support_c.cpp.o[0m
[20.612s] [ 56%] [32mBuilding CXX object CMakeFiles/px4_msgs__rosidl_typesupport_introspection_cpp.dir/rosidl_typesupport_introspection_cpp/px4_msgs/msg/detail/heater_status__type_support.cpp.o[0m
[20.715s] [ 56%] [32mBuilding CXX object CMakeFiles/px4_msgs__rosidl_typesupport_fastrtps_c.dir/rosidl_typesupport_fastrtps_c/px4_msgs/msg/detail/gps_dump__type_support_c.cpp.o[0m
[20.796s] [ 56%] [32mBuilding CXX object CMakeFiles/px4_msgs__rosidl_typesupport_cpp.dir/rosidl_typesupport_cpp/px4_msgs/msg/landing_target_innovations__type_support.cpp.o[0m
[20.873s] [ 56%] [32mBuilding CXX object CMakeFiles/px4_msgs__rosidl_typesupport_fastrtps_cpp.dir/rosidl_typesupport_fastrtps_cpp/px4_msgs/msg/detail/dds_fastrtps/gpio_out__type_support.cpp.o[0m
[20.958s] [ 56%] [32mBuilding CXX object CMakeFiles/px4_msgs__rosidl_typesupport_fastrtps_c.dir/rosidl_typesupport_fastrtps_c/px4_msgs/msg/detail/gps_inject_data__type_support_c.cpp.o[0m
[20.971s] [ 56%] [32mBuilding CXX object CMakeFiles/px4_msgs__rosidl_typesupport_fastrtps_c.dir/rosidl_typesupport_fastrtps_c/px4_msgs/msg/detail/gripper__type_support_c.cpp.o[0m
[21.033s] [ 56%] [32mBuilding CXX object CMakeFiles/px4_msgs__rosidl_typesupport_introspection_cpp.dir/rosidl_typesupport_introspection_cpp/px4_msgs/msg/detail/home_position__type_support.cpp.o[0m
[21.036s] [ 56%] [32mBuilding CXX object CMakeFiles/px4_msgs__rosidl_typesupport_introspection_cpp.dir/rosidl_typesupport_introspection_cpp/px4_msgs/msg/detail/hover_thrust_estimate__type_support.cpp.o[0m
[21.135s] [ 56%] [32mBuilding CXX object CMakeFiles/px4_msgs__rosidl_typesupport_cpp.dir/rosidl_typesupport_cpp/px4_msgs/msg/landing_target_pose__type_support.cpp.o[0m
[21.138s] [ 56%] [32mBuilding CXX object CMakeFiles/px4_msgs__rosidl_typesupport_fastrtps_c.dir/rosidl_typesupport_fastrtps_c/px4_msgs/msg/detail/health_report__type_support_c.cpp.o[0m
[21.180s] [ 56%] [32mBuilding CXX object CMakeFiles/px4_msgs__rosidl_typesupport_introspection_cpp.dir/rosidl_typesupport_introspection_cpp/px4_msgs/msg/detail/input_rc__type_support.cpp.o[0m
[21.357s] [ 56%] [32mBuilding CXX object CMakeFiles/px4_msgs__rosidl_typesupport_fastrtps_cpp.dir/rosidl_typesupport_fastrtps_cpp/px4_msgs/msg/detail/dds_fastrtps/gpio_request__type_support.cpp.o[0m
[21.376s] [ 56%] [32mBuilding CXX object CMakeFiles/px4_msgs__rosidl_typesupport_cpp.dir/rosidl_typesupport_cpp/px4_msgs/msg/lateral_control_configuration__type_support.cpp.o[0m
[21.399s] [ 56%] [32mBuilding CXX object CMakeFiles/px4_msgs__rosidl_typesupport_introspection_cpp.dir/rosidl_typesupport_introspection_cpp/px4_msgs/msg/detail/internal_combustion_engine_control__type_support.cpp.o[0m
[21.459s] [ 56%] [32mBuilding CXX object CMakeFiles/px4_msgs__rosidl_typesupport_fastrtps_c.dir/rosidl_typesupport_fastrtps_c/px4_msgs/msg/detail/heater_status__type_support_c.cpp.o[0m
[21.475s] [ 56%] [32mBuilding CXX object CMakeFiles/px4_msgs__rosidl_typesupport_fastrtps_cpp.dir/rosidl_typesupport_fastrtps_cpp/px4_msgs/msg/detail/dds_fastrtps/gps_dump__type_support.cpp.o[0m
[21.493s] [ 56%] [32mBuilding CXX object CMakeFiles/px4_msgs__rosidl_typesupport_cpp.dir/rosidl_typesupport_cpp/px4_msgs/msg/launch_detection_status__type_support.cpp.o[0m
[21.529s] [ 57%] [32mBuilding CXX object CMakeFiles/px4_msgs__rosidl_typesupport_fastrtps_cpp.dir/rosidl_typesupport_fastrtps_cpp/px4_msgs/msg/detail/dds_fastrtps/gps_inject_data__type_support.cpp.o[0m
[21.672s] [ 57%] [32mBuilding CXX object CMakeFiles/px4_msgs__rosidl_typesupport_fastrtps_c.dir/rosidl_typesupport_fastrtps_c/px4_msgs/msg/detail/home_position__type_support_c.cpp.o[0m
[21.700s] [ 57%] [32mBuilding CXX object CMakeFiles/px4_msgs__rosidl_typesupport_fastrtps_cpp.dir/rosidl_typesupport_fastrtps_cpp/px4_msgs/msg/detail/dds_fastrtps/gripper__type_support.cpp.o[0m
[21.806s] [ 57%] [32mBuilding CXX object CMakeFiles/px4_msgs__rosidl_typesupport_cpp.dir/rosidl_typesupport_cpp/px4_msgs/msg/led_control__type_support.cpp.o[0m
[21.818s] [ 57%] [32mBuilding CXX object CMakeFiles/px4_msgs__rosidl_typesupport_introspection_cpp.dir/rosidl_typesupport_introspection_cpp/px4_msgs/msg/detail/internal_combustion_engine_status__type_support.cpp.o[0m
[21.835s] [ 57%] [32mBuilding CXX object CMakeFiles/px4_msgs__rosidl_typesupport_fastrtps_cpp.dir/rosidl_typesupport_fastrtps_cpp/px4_msgs/msg/detail/dds_fastrtps/health_report__type_support.cpp.o[0m
[21.860s] [ 57%] [32mBuilding CXX object CMakeFiles/px4_msgs__rosidl_typesupport_introspection_cpp.dir/rosidl_typesupport_introspection_cpp/px4_msgs/msg/detail/iridiumsbd_status__type_support.cpp.o[0m
[21.953s] [ 57%] [32mBuilding CXX object CMakeFiles/px4_msgs__rosidl_typesupport_fastrtps_c.dir/rosidl_typesupport_fastrtps_c/px4_msgs/msg/detail/hover_thrust_estimate__type_support_c.cpp.o[0m
[21.993s] [ 57%] [32mBuilding CXX object CMakeFiles/px4_msgs__rosidl_typesupport_cpp.dir/rosidl_typesupport_cpp/px4_msgs/msg/log_message__type_support.cpp.o[0m
[22.154s] [ 57%] [32mBuilding CXX object CMakeFiles/px4_msgs__rosidl_typesupport_introspection_cpp.dir/rosidl_typesupport_introspection_cpp/px4_msgs/msg/detail/irlock_report__type_support.cpp.o[0m
[22.249s] [ 57%] [32mBuilding CXX object CMakeFiles/px4_msgs__rosidl_typesupport_fastrtps_c.dir/rosidl_typesupport_fastrtps_c/px4_msgs/msg/detail/input_rc__type_support_c.cpp.o[0m
[22.299s] [ 57%] [32mBuilding CXX object CMakeFiles/px4_msgs__rosidl_typesupport_cpp.dir/rosidl_typesupport_cpp/px4_msgs/msg/logger_status__type_support.cpp.o[0m
[22.314s] [ 57%] [32mBuilding CXX object CMakeFiles/px4_msgs__rosidl_typesupport_fastrtps_cpp.dir/rosidl_typesupport_fastrtps_cpp/px4_msgs/msg/detail/dds_fastrtps/heater_status__type_support.cpp.o[0m
[22.317s] [ 57%] [32mBuilding CXX object CMakeFiles/px4_msgs__rosidl_typesupport_introspection_cpp.dir/rosidl_typesupport_introspection_cpp/px4_msgs/msg/detail/landing_gear__type_support.cpp.o[0m
[22.318s] [ 57%] [32mBuilding CXX object CMakeFiles/px4_msgs__rosidl_typesupport_fastrtps_cpp.dir/rosidl_typesupport_fastrtps_cpp/px4_msgs/msg/detail/dds_fastrtps/home_position__type_support.cpp.o[0m
[22.342s] [ 58%] [32mBuilding CXX object CMakeFiles/px4_msgs__rosidl_typesupport_cpp.dir/rosidl_typesupport_cpp/px4_msgs/msg/longitudinal_control_configuration__type_support.cpp.o[0m
[22.411s] [ 58%] [32mBuilding CXX object CMakeFiles/px4_msgs__rosidl_typesupport_introspection_cpp.dir/rosidl_typesupport_introspection_cpp/px4_msgs/msg/detail/landing_gear_wheel__type_support.cpp.o[0m
[22.655s] [ 58%] [32mBuilding CXX object CMakeFiles/px4_msgs__rosidl_typesupport_introspection_cpp.dir/rosidl_typesupport_introspection_cpp/px4_msgs/msg/detail/landing_target_innovations__type_support.cpp.o[0m
[22.692s] [ 58%] [32mBuilding CXX object CMakeFiles/px4_msgs__rosidl_typesupport_introspection_cpp.dir/rosidl_typesupport_introspection_cpp/px4_msgs/msg/detail/landing_target_pose__type_support.cpp.o[0m
[22.710s] [ 58%] [32mBuilding CXX object CMakeFiles/px4_msgs__rosidl_typesupport_cpp.dir/rosidl_typesupport_cpp/px4_msgs/msg/mag_worker_data__type_support.cpp.o[0m
[22.741s] [ 58%] [32mBuilding CXX object CMakeFiles/px4_msgs__rosidl_typesupport_fastrtps_c.dir/rosidl_typesupport_fastrtps_c/px4_msgs/msg/detail/internal_combustion_engine_control__type_support_c.cpp.o[0m
[22.840s] [ 58%] [32mBuilding CXX object CMakeFiles/px4_msgs__rosidl_typesupport_cpp.dir/rosidl_typesupport_cpp/px4_msgs/msg/magnetometer_bias_estimate__type_support.cpp.o[0m
[22.848s] [ 58%] [32mBuilding CXX object CMakeFiles/px4_msgs__rosidl_typesupport_cpp.dir/rosidl_typesupport_cpp/px4_msgs/msg/manual_control_setpoint__type_support.cpp.o[0m
[22.883s] [ 58%] [32mBuilding CXX object CMakeFiles/px4_msgs__rosidl_typesupport_fastrtps_cpp.dir/rosidl_typesupport_fastrtps_cpp/px4_msgs/msg/detail/dds_fastrtps/hover_thrust_estimate__type_support.cpp.o[0m
[22.898s] [ 58%] [32mBuilding CXX object CMakeFiles/px4_msgs__rosidl_typesupport_introspection_cpp.dir/rosidl_typesupport_introspection_cpp/px4_msgs/msg/detail/lateral_control_configuration__type_support.cpp.o[0m
[23.065s] [ 58%] [32mBuilding CXX object CMakeFiles/px4_msgs__rosidl_typesupport_fastrtps_c.dir/rosidl_typesupport_fastrtps_c/px4_msgs/msg/detail/internal_combustion_engine_status__type_support_c.cpp.o[0m
[23.105s] [ 58%] [32mBuilding CXX object CMakeFiles/px4_msgs__rosidl_typesupport_introspection_cpp.dir/rosidl_typesupport_introspection_cpp/px4_msgs/msg/detail/launch_detection_status__type_support.cpp.o[0m
[23.161s] [ 58%] [32mBuilding CXX object CMakeFiles/px4_msgs__rosidl_typesupport_fastrtps_cpp.dir/rosidl_typesupport_fastrtps_cpp/px4_msgs/msg/detail/dds_fastrtps/input_rc__type_support.cpp.o[0m
[23.171s] [ 58%] [32mBuilding CXX object CMakeFiles/px4_msgs__rosidl_typesupport_introspection_cpp.dir/rosidl_typesupport_introspection_cpp/px4_msgs/msg/detail/led_control__type_support.cpp.o[0m
[23.216s] [ 58%] [32mBuilding CXX object CMakeFiles/px4_msgs__rosidl_typesupport_cpp.dir/rosidl_typesupport_cpp/px4_msgs/msg/manual_control_switches__type_support.cpp.o[0m
[23.232s] [ 58%] [32mBuilding CXX object CMakeFiles/px4_msgs__rosidl_typesupport_cpp.dir/rosidl_typesupport_cpp/px4_msgs/msg/mavlink_log__type_support.cpp.o[0m
[23.365s] [ 58%] [32mBuilding CXX object CMakeFiles/px4_msgs__rosidl_typesupport_fastrtps_c.dir/rosidl_typesupport_fastrtps_c/px4_msgs/msg/detail/iridiumsbd_status__type_support_c.cpp.o[0m
[23.373s] [ 58%] [32mBuilding CXX object CMakeFiles/px4_msgs__rosidl_typesupport_fastrtps_cpp.dir/rosidl_typesupport_fastrtps_cpp/px4_msgs/msg/detail/dds_fastrtps/internal_combustion_engine_control__type_support.cpp.o[0m
[23.519s] [ 58%] [32mBuilding CXX object CMakeFiles/px4_msgs__rosidl_typesupport_cpp.dir/rosidl_typesupport_cpp/px4_msgs/msg/mavlink_tunnel__type_support.cpp.o[0m
[23.557s] [ 58%] [32mBuilding CXX object CMakeFiles/px4_msgs__rosidl_typesupport_cpp.dir/rosidl_typesupport_cpp/px4_msgs/msg/message_format_request__type_support.cpp.o[0m
[23.601s] [ 58%] [32mBuilding CXX object CMakeFiles/px4_msgs__rosidl_typesupport_introspection_cpp.dir/rosidl_typesupport_introspection_cpp/px4_msgs/msg/detail/log_message__type_support.cpp.o[0m
[23.618s] [ 58%] [32mBuilding CXX object CMakeFiles/px4_msgs__rosidl_typesupport_fastrtps_cpp.dir/rosidl_typesupport_fastrtps_cpp/px4_msgs/msg/detail/dds_fastrtps/internal_combustion_engine_status__type_support.cpp.o[0m
[23.665s] [ 58%] [32mBuilding CXX object CMakeFiles/px4_msgs__rosidl_typesupport_fastrtps_cpp.dir/rosidl_typesupport_fastrtps_cpp/px4_msgs/msg/detail/dds_fastrtps/iridiumsbd_status__type_support.cpp.o[0m
[23.739s] [ 59%] [32mBuilding CXX object CMakeFiles/px4_msgs__rosidl_typesupport_introspection_cpp.dir/rosidl_typesupport_introspection_cpp/px4_msgs/msg/detail/logger_status__type_support.cpp.o[0m
[23.855s] [ 59%] [32mBuilding CXX object CMakeFiles/px4_msgs__rosidl_typesupport_fastrtps_c.dir/rosidl_typesupport_fastrtps_c/px4_msgs/msg/detail/irlock_report__type_support_c.cpp.o[0m
[23.869s] [ 59%] [32mBuilding CXX object CMakeFiles/px4_msgs__rosidl_typesupport_fastrtps_cpp.dir/rosidl_typesupport_fastrtps_cpp/px4_msgs/msg/detail/dds_fastrtps/irlock_report__type_support.cpp.o[0m
[24.009s] [ 59%] [32mBuilding CXX object CMakeFiles/px4_msgs__rosidl_typesupport_cpp.dir/rosidl_typesupport_cpp/px4_msgs/msg/message_format_response__type_support.cpp.o[0m
[24.024s] [ 59%] [32mBuilding CXX object CMakeFiles/px4_msgs__rosidl_typesupport_cpp.dir/rosidl_typesupport_cpp/px4_msgs/msg/mission__type_support.cpp.o[0m
[24.133s] [ 60%] [32mBuilding CXX object CMakeFiles/px4_msgs__rosidl_typesupport_fastrtps_c.dir/rosidl_typesupport_fastrtps_c/px4_msgs/msg/detail/landing_gear__type_support_c.cpp.o[0m
[24.182s] [ 60%] [32mBuilding CXX object CMakeFiles/px4_msgs__rosidl_typesupport_introspection_cpp.dir/rosidl_typesupport_introspection_cpp/px4_msgs/msg/detail/longitudinal_control_configuration__type_support.cpp.o[0m
[24.262s] [ 60%] [32mBuilding CXX object CMakeFiles/px4_msgs__rosidl_typesupport_cpp.dir/rosidl_typesupport_cpp/px4_msgs/msg/mission_result__type_support.cpp.o[0m
[24.274s] [ 60%] [32mBuilding CXX object CMakeFiles/px4_msgs__rosidl_typesupport_fastrtps_cpp.dir/rosidl_typesupport_fastrtps_cpp/px4_msgs/msg/detail/dds_fastrtps/landing_gear__type_support.cpp.o[0m
[24.329s] [ 60%] [32mBuilding CXX object CMakeFiles/px4_msgs__rosidl_typesupport_introspection_cpp.dir/rosidl_typesupport_introspection_cpp/px4_msgs/msg/detail/mag_worker_data__type_support.cpp.o[0m
[24.354s] [ 60%] [32mBuilding CXX object CMakeFiles/px4_msgs__rosidl_typesupport_fastrtps_c.dir/rosidl_typesupport_fastrtps_c/px4_msgs/msg/detail/landing_gear_wheel__type_support_c.cpp.o[0m
[24.361s] [ 60%] [32mBuilding CXX object CMakeFiles/px4_msgs__rosidl_typesupport_fastrtps_c.dir/rosidl_typesupport_fastrtps_c/px4_msgs/msg/detail/landing_target_innovations__type_support_c.cpp.o[0m
[24.407s] [ 60%] [32mBuilding CXX object CMakeFiles/px4_msgs__rosidl_typesupport_introspection_cpp.dir/rosidl_typesupport_introspection_cpp/px4_msgs/msg/detail/magnetometer_bias_estimate__type_support.cpp.o[0m
[24.569s] [ 60%] [32mBuilding CXX object CMakeFiles/px4_msgs__rosidl_typesupport_cpp.dir/rosidl_typesupport_cpp/px4_msgs/msg/mode_completed__type_support.cpp.o[0m
[24.585s] [ 60%] [32mBuilding CXX object CMakeFiles/px4_msgs__rosidl_typesupport_fastrtps_cpp.dir/rosidl_typesupport_fastrtps_cpp/px4_msgs/msg/detail/dds_fastrtps/landing_gear_wheel__type_support.cpp.o[0m
[24.648s] [ 60%] [32mBuilding CXX object CMakeFiles/px4_msgs__rosidl_typesupport_fastrtps_cpp.dir/rosidl_typesupport_fastrtps_cpp/px4_msgs/msg/detail/dds_fastrtps/landing_target_innovations__type_support.cpp.o[0m
[24.745s] [ 60%] [32mBuilding CXX object CMakeFiles/px4_msgs__rosidl_typesupport_introspection_cpp.dir/rosidl_typesupport_introspection_cpp/px4_msgs/msg/detail/manual_control_setpoint__type_support.cpp.o[0m
[24.747s] [ 60%] [32mBuilding CXX object CMakeFiles/px4_msgs__rosidl_typesupport_fastrtps_c.dir/rosidl_typesupport_fastrtps_c/px4_msgs/msg/detail/landing_target_pose__type_support_c.cpp.o[0m
[24.765s] [ 60%] [32mBuilding CXX object CMakeFiles/px4_msgs__rosidl_typesupport_cpp.dir/rosidl_typesupport_cpp/px4_msgs/msg/mount_orientation__type_support.cpp.o[0m
[24.816s] [ 60%] [32mBuilding CXX object CMakeFiles/px4_msgs__rosidl_typesupport_fastrtps_cpp.dir/rosidl_typesupport_fastrtps_cpp/px4_msgs/msg/detail/dds_fastrtps/landing_target_pose__type_support.cpp.o[0m
[24.874s] [ 60%] [32mBuilding CXX object CMakeFiles/px4_msgs__rosidl_typesupport_fastrtps_cpp.dir/rosidl_typesupport_fastrtps_cpp/px4_msgs/msg/detail/dds_fastrtps/lateral_control_configuration__type_support.cpp.o[0m
[24.881s] [ 60%] [32mBuilding CXX object CMakeFiles/px4_msgs__rosidl_typesupport_fastrtps_cpp.dir/rosidl_typesupport_fastrtps_cpp/px4_msgs/msg/detail/dds_fastrtps/launch_detection_status__type_support.cpp.o[0m
[25.045s] [ 60%] [32mBuilding CXX object CMakeFiles/px4_msgs__rosidl_typesupport_fastrtps_c.dir/rosidl_typesupport_fastrtps_c/px4_msgs/msg/detail/lateral_control_configuration__type_support_c.cpp.o[0m
[25.078s] [ 60%] [32mBuilding CXX object CMakeFiles/px4_msgs__rosidl_typesupport_cpp.dir/rosidl_typesupport_cpp/px4_msgs/msg/navigator_mission_item__type_support.cpp.o[0m
[25.109s] [ 60%] [32mBuilding CXX object CMakeFiles/px4_msgs__rosidl_typesupport_fastrtps_c.dir/rosidl_typesupport_fastrtps_c/px4_msgs/msg/detail/launch_detection_status__type_support_c.cpp.o[0m
[25.142s] [ 60%] [32mBuilding CXX object CMakeFiles/px4_msgs__rosidl_typesupport_fastrtps_cpp.dir/rosidl_typesupport_fastrtps_cpp/px4_msgs/msg/detail/dds_fastrtps/led_control__type_support.cpp.o[0m
[25.182s] [ 60%] [32mBuilding CXX object CMakeFiles/px4_msgs__rosidl_typesupport_introspection_cpp.dir/rosidl_typesupport_introspection_cpp/px4_msgs/msg/detail/manual_control_switches__type_support.cpp.o[0m
[25.278s] [ 60%] [32mBuilding CXX object CMakeFiles/px4_msgs__rosidl_typesupport_introspection_cpp.dir/rosidl_typesupport_introspection_cpp/px4_msgs/msg/detail/mavlink_log__type_support.cpp.o[0m
[25.358s] [ 60%] [32mBuilding CXX object CMakeFiles/px4_msgs__rosidl_typesupport_fastrtps_cpp.dir/rosidl_typesupport_fastrtps_cpp/px4_msgs/msg/detail/dds_fastrtps/logger_status__type_support.cpp.o[0m
[25.367s] [ 60%] [32mBuilding CXX object CMakeFiles/px4_msgs__rosidl_typesupport_fastrtps_cpp.dir/rosidl_typesupport_fastrtps_cpp/px4_msgs/msg/detail/dds_fastrtps/log_message__type_support.cpp.o[0m
[25.446s] [ 60%] [32mBuilding CXX object CMakeFiles/px4_msgs__rosidl_typesupport_cpp.dir/rosidl_typesupport_cpp/px4_msgs/msg/navigator_status__type_support.cpp.o[0m
[25.501s] [ 60%] [32mBuilding CXX object CMakeFiles/px4_msgs__rosidl_typesupport_introspection_cpp.dir/rosidl_typesupport_introspection_cpp/px4_msgs/msg/detail/mavlink_tunnel__type_support.cpp.o[0m
[25.601s] [ 60%] [32mBuilding CXX object CMakeFiles/px4_msgs__rosidl_typesupport_introspection_cpp.dir/rosidl_typesupport_introspection_cpp/px4_msgs/msg/detail/message_format_request__type_support.cpp.o[0m
[25.652s] [ 60%] [32mBuilding CXX object CMakeFiles/px4_msgs__rosidl_typesupport_fastrtps_c.dir/rosidl_typesupport_fastrtps_c/px4_msgs/msg/detail/led_control__type_support_c.cpp.o[0m
[25.837s] [ 60%] [32mBuilding CXX object CMakeFiles/px4_msgs__rosidl_typesupport_fastrtps_c.dir/rosidl_typesupport_fastrtps_c/px4_msgs/msg/detail/log_message__type_support_c.cpp.o[0m
[25.852s] [ 61%] [32mBuilding CXX object CMakeFiles/px4_msgs__rosidl_typesupport_fastrtps_cpp.dir/rosidl_typesupport_fastrtps_cpp/px4_msgs/msg/detail/dds_fastrtps/longitudinal_control_configuration__type_support.cpp.o[0m
[25.872s] [ 61%] [32mBuilding CXX object CMakeFiles/px4_msgs__rosidl_typesupport_cpp.dir/rosidl_typesupport_cpp/px4_msgs/msg/neural_control__type_support.cpp.o[0m
[25.920s] [ 61%] [32mBuilding CXX object CMakeFiles/px4_msgs__rosidl_typesupport_cpp.dir/rosidl_typesupport_cpp/px4_msgs/msg/normalized_unsigned_setpoint__type_support.cpp.o[0m
[25.936s] [ 61%] [32mBuilding CXX object CMakeFiles/px4_msgs__rosidl_typesupport_fastrtps_cpp.dir/rosidl_typesupport_fastrtps_cpp/px4_msgs/msg/detail/dds_fastrtps/mag_worker_data__type_support.cpp.o[0m
[26.066s] [ 61%] [32mBuilding CXX object CMakeFiles/px4_msgs__rosidl_typesupport_fastrtps_cpp.dir/rosidl_typesupport_fastrtps_cpp/px4_msgs/msg/detail/dds_fastrtps/magnetometer_bias_estimate__type_support.cpp.o[0m
[26.070s] [ 61%] [32mBuilding CXX object CMakeFiles/px4_msgs__rosidl_typesupport_introspection_cpp.dir/rosidl_typesupport_introspection_cpp/px4_msgs/msg/detail/message_format_response__type_support.cpp.o[0m
[26.091s] [ 61%] [32mBuilding CXX object CMakeFiles/px4_msgs__rosidl_typesupport_cpp.dir/rosidl_typesupport_cpp/px4_msgs/msg/obstacle_distance__type_support.cpp.o[0m
[26.166s] [ 61%] [32mBuilding CXX object CMakeFiles/px4_msgs__rosidl_typesupport_fastrtps_c.dir/rosidl_typesupport_fastrtps_c/px4_msgs/msg/detail/logger_status__type_support_c.cpp.o[0m
[26.258s] [ 61%] [32mBuilding CXX object CMakeFiles/px4_msgs__rosidl_typesupport_cpp.dir/rosidl_typesupport_cpp/px4_msgs/msg/offboard_control_mode__type_support.cpp.o[0m
[26.288s] [ 61%] [32mBuilding CXX object CMakeFiles/px4_msgs__rosidl_typesupport_fastrtps_c.dir/rosidl_typesupport_fastrtps_c/px4_msgs/msg/detail/longitudinal_control_configuration__type_support_c.cpp.o[0m
[26.377s] [ 61%] [32mBuilding CXX object CMakeFiles/px4_msgs__rosidl_typesupport_introspection_cpp.dir/rosidl_typesupport_introspection_cpp/px4_msgs/msg/detail/mission__type_support.cpp.o[0m
[26.399s] [ 61%] [32mBuilding CXX object CMakeFiles/px4_msgs__rosidl_typesupport_fastrtps_c.dir/rosidl_typesupport_fastrtps_c/px4_msgs/msg/detail/mag_worker_data__type_support_c.cpp.o[0m
[26.424s] [ 61%] [32mBuilding CXX object CMakeFiles/px4_msgs__rosidl_typesupport_fastrtps_c.dir/rosidl_typesupport_fastrtps_c/px4_msgs/msg/detail/magnetometer_bias_estimate__type_support_c.cpp.o[0m
[26.575s] [ 61%] [32mBuilding CXX object CMakeFiles/px4_msgs__rosidl_typesupport_fastrtps_c.dir/rosidl_typesupport_fastrtps_c/px4_msgs/msg/detail/manual_control_setpoint__type_support_c.cpp.o[0m
[26.603s] [ 61%] [32mBuilding CXX object CMakeFiles/px4_msgs__rosidl_typesupport_fastrtps_cpp.dir/rosidl_typesupport_fastrtps_cpp/px4_msgs/msg/detail/dds_fastrtps/manual_control_setpoint__type_support.cpp.o[0m
[26.681s] [ 62%] [32mBuilding CXX object CMakeFiles/px4_msgs__rosidl_typesupport_cpp.dir/rosidl_typesupport_cpp/px4_msgs/msg/onboard_computer_status__type_support.cpp.o[0m
[26.718s] [ 62%] [32mBuilding CXX object CMakeFiles/px4_msgs__rosidl_typesupport_fastrtps_cpp.dir/rosidl_typesupport_fastrtps_cpp/px4_msgs/msg/detail/dds_fastrtps/manual_control_switches__type_support.cpp.o[0m
[26.761s] [ 62%] [32mBuilding CXX object CMakeFiles/px4_msgs__rosidl_typesupport_introspection_cpp.dir/rosidl_typesupport_introspection_cpp/px4_msgs/msg/detail/mission_result__type_support.cpp.o[0m
[26.826s] [ 62%] [32mBuilding CXX object CMakeFiles/px4_msgs__rosidl_typesupport_cpp.dir/rosidl_typesupport_cpp/px4_msgs/msg/open_drone_id_arm_status__type_support.cpp.o[0m
[26.867s] [ 62%] [32mBuilding CXX object CMakeFiles/px4_msgs__rosidl_typesupport_fastrtps_c.dir/rosidl_typesupport_fastrtps_c/px4_msgs/msg/detail/manual_control_switches__type_support_c.cpp.o[0m
[26.979s] [ 62%] [32mBuilding CXX object CMakeFiles/px4_msgs__rosidl_typesupport_fastrtps_c.dir/rosidl_typesupport_fastrtps_c/px4_msgs/msg/detail/mavlink_log__type_support_c.cpp.o[0m
[27.054s] [ 62%] [32mBuilding CXX object CMakeFiles/px4_msgs__rosidl_typesupport_fastrtps_c.dir/rosidl_typesupport_fastrtps_c/px4_msgs/msg/detail/mavlink_tunnel__type_support_c.cpp.o[0m
[27.112s] [ 62%] [32mBuilding CXX object CMakeFiles/px4_msgs__rosidl_typesupport_cpp.dir/rosidl_typesupport_cpp/px4_msgs/msg/open_drone_id_operator_id__type_support.cpp.o[0m
[27.132s] [ 62%] [32mBuilding CXX object CMakeFiles/px4_msgs__rosidl_typesupport_introspection_cpp.dir/rosidl_typesupport_introspection_cpp/px4_msgs/msg/detail/mode_completed__type_support.cpp.o[0m
[27.152s] [ 62%] [32mBuilding CXX object CMakeFiles/px4_msgs__rosidl_typesupport_cpp.dir/rosidl_typesupport_cpp/px4_msgs/msg/open_drone_id_self_id__type_support.cpp.o[0m
[27.226s] [ 62%] [32mBuilding CXX object CMakeFiles/px4_msgs__rosidl_typesupport_cpp.dir/rosidl_typesupport_cpp/px4_msgs/msg/open_drone_id_system__type_support.cpp.o[0m
[27.266s] [ 62%] [32mBuilding CXX object CMakeFiles/px4_msgs__rosidl_typesupport_fastrtps_cpp.dir/rosidl_typesupport_fastrtps_cpp/px4_msgs/msg/detail/dds_fastrtps/mavlink_log__type_support.cpp.o[0m
[27.362s] [ 62%] [32mBuilding CXX object CMakeFiles/px4_msgs__rosidl_typesupport_introspection_cpp.dir/rosidl_typesupport_introspection_cpp/px4_msgs/msg/detail/mount_orientation__type_support.cpp.o[0m
[27.432s] [ 62%] [32mBuilding CXX object CMakeFiles/px4_msgs__rosidl_typesupport_fastrtps_cpp.dir/rosidl_typesupport_fastrtps_cpp/px4_msgs/msg/detail/dds_fastrtps/mavlink_tunnel__type_support.cpp.o[0m
[27.463s] [ 62%] [32mBuilding CXX object CMakeFiles/px4_msgs__rosidl_typesupport_fastrtps_cpp.dir/rosidl_typesupport_fastrtps_cpp/px4_msgs/msg/detail/dds_fastrtps/message_format_request__type_support.cpp.o[0m
[27.467s] [ 62%] [32mBuilding CXX object CMakeFiles/px4_msgs__rosidl_typesupport_introspection_cpp.dir/rosidl_typesupport_introspection_cpp/px4_msgs/msg/detail/navigator_mission_item__type_support.cpp.o[0m
[27.467s] [ 62%] [32mBuilding CXX object CMakeFiles/px4_msgs__rosidl_typesupport_fastrtps_c.dir/rosidl_typesupport_fastrtps_c/px4_msgs/msg/detail/message_format_request__type_support_c.cpp.o[0m
[27.562s] [ 62%] [32mBuilding CXX object CMakeFiles/px4_msgs__rosidl_typesupport_cpp.dir/rosidl_typesupport_cpp/px4_msgs/msg/orb_test__type_support.cpp.o[0m
[27.588s] [ 62%] [32mBuilding CXX object CMakeFiles/px4_msgs__rosidl_typesupport_introspection_cpp.dir/rosidl_typesupport_introspection_cpp/px4_msgs/msg/detail/navigator_status__type_support.cpp.o[0m
[27.739s] [ 62%] [32mBuilding CXX object CMakeFiles/px4_msgs__rosidl_typesupport_introspection_cpp.dir/rosidl_typesupport_introspection_cpp/px4_msgs/msg/detail/neural_control__type_support.cpp.o[0m
[27.827s] [ 62%] [32mBuilding CXX object CMakeFiles/px4_msgs__rosidl_typesupport_fastrtps_cpp.dir/rosidl_typesupport_fastrtps_cpp/px4_msgs/msg/detail/dds_fastrtps/message_format_response__type_support.cpp.o[0m
[27.859s] [ 62%] [32mBuilding CXX object CMakeFiles/px4_msgs__rosidl_typesupport_fastrtps_c.dir/rosidl_typesupport_fastrtps_c/px4_msgs/msg/detail/message_format_response__type_support_c.cpp.o[0m
[27.869s] [ 62%] [32mBuilding CXX object CMakeFiles/px4_msgs__rosidl_typesupport_cpp.dir/rosidl_typesupport_cpp/px4_msgs/msg/orb_test_large__type_support.cpp.o[0m
[27.908s] [ 62%] [32mBuilding CXX object CMakeFiles/px4_msgs__rosidl_typesupport_introspection_cpp.dir/rosidl_typesupport_introspection_cpp/px4_msgs/msg/detail/normalized_unsigned_setpoint__type_support.cpp.o[0m
[27.912s] [ 62%] [32mBuilding CXX object CMakeFiles/px4_msgs__rosidl_typesupport_fastrtps_cpp.dir/rosidl_typesupport_fastrtps_cpp/px4_msgs/msg/detail/dds_fastrtps/mission__type_support.cpp.o[0m
[27.943s] [ 62%] [32mBuilding CXX object CMakeFiles/px4_msgs__rosidl_typesupport_fastrtps_c.dir/rosidl_typesupport_fastrtps_c/px4_msgs/msg/detail/mission__type_support_c.cpp.o[0m
[28.023s] [ 62%] [32mBuilding CXX object CMakeFiles/px4_msgs__rosidl_typesupport_fastrtps_cpp.dir/rosidl_typesupport_fastrtps_cpp/px4_msgs/msg/detail/dds_fastrtps/mission_result__type_support.cpp.o[0m
[28.174s] [ 62%] [32mBuilding CXX object CMakeFiles/px4_msgs__rosidl_typesupport_cpp.dir/rosidl_typesupport_cpp/px4_msgs/msg/orb_test_medium__type_support.cpp.o[0m
[28.195s] [ 62%] [32mBuilding CXX object CMakeFiles/px4_msgs__rosidl_typesupport_fastrtps_c.dir/rosidl_typesupport_fastrtps_c/px4_msgs/msg/detail/mission_result__type_support_c.cpp.o[0m
[28.275s] [ 62%] [32mBuilding CXX object CMakeFiles/px4_msgs__rosidl_typesupport_introspection_cpp.dir/rosidl_typesupport_introspection_cpp/px4_msgs/msg/detail/obstacle_distance__type_support.cpp.o[0m
[28.304s] [ 63%] [32mBuilding CXX object CMakeFiles/px4_msgs__rosidl_typesupport_fastrtps_c.dir/rosidl_typesupport_fastrtps_c/px4_msgs/msg/detail/mode_completed__type_support_c.cpp.o[0m
[28.360s] [ 63%] [32mBuilding CXX object CMakeFiles/px4_msgs__rosidl_typesupport_cpp.dir/rosidl_typesupport_cpp/px4_msgs/msg/orbit_status__type_support.cpp.o[0m
[28.376s] [ 63%] [32mBuilding CXX object CMakeFiles/px4_msgs__rosidl_typesupport_fastrtps_cpp.dir/rosidl_typesupport_fastrtps_cpp/px4_msgs/msg/detail/dds_fastrtps/mode_completed__type_support.cpp.o[0m
[28.387s] [ 63%] [32mBuilding CXX object CMakeFiles/px4_msgs__rosidl_typesupport_fastrtps_c.dir/rosidl_typesupport_fastrtps_c/px4_msgs/msg/detail/mount_orientation__type_support_c.cpp.o[0m
[28.496s] [ 63%] [32mBuilding CXX object CMakeFiles/px4_msgs__rosidl_typesupport_cpp.dir/rosidl_typesupport_cpp/px4_msgs/msg/parameter_reset_request__type_support.cpp.o[0m
[28.519s] [ 63%] [32mBuilding CXX object CMakeFiles/px4_msgs__rosidl_typesupport_introspection_cpp.dir/rosidl_typesupport_introspection_cpp/px4_msgs/msg/detail/offboard_control_mode__type_support.cpp.o[0m
[28.658s] [ 63%] [32mBuilding CXX object CMakeFiles/px4_msgs__rosidl_typesupport_cpp.dir/rosidl_typesupport_cpp/px4_msgs/msg/parameter_set_used_request__type_support.cpp.o[0m
[28.685s] [ 64%] [32mBuilding CXX object CMakeFiles/px4_msgs__rosidl_typesupport_introspection_cpp.dir/rosidl_typesupport_introspection_cpp/px4_msgs/msg/detail/onboard_computer_status__type_support.cpp.o[0m
[28.692s] [ 64%] [32mBuilding CXX object CMakeFiles/px4_msgs__rosidl_typesupport_cpp.dir/rosidl_typesupport_cpp/px4_msgs/msg/parameter_set_value_request__type_support.cpp.o[0m
[28.741s] [ 64%] [32mBuilding CXX object CMakeFiles/px4_msgs__rosidl_typesupport_fastrtps_cpp.dir/rosidl_typesupport_fastrtps_cpp/px4_msgs/msg/detail/dds_fastrtps/mount_orientation__type_support.cpp.o[0m
[28.802s] [ 64%] [32mBuilding CXX object CMakeFiles/px4_msgs__rosidl_typesupport_introspection_cpp.dir/rosidl_typesupport_introspection_cpp/px4_msgs/msg/detail/open_drone_id_arm_status__type_support.cpp.o[0m
[28.828s] [ 64%] [32mBuilding CXX object CMakeFiles/px4_msgs__rosidl_typesupport_fastrtps_c.dir/rosidl_typesupport_fastrtps_c/px4_msgs/msg/detail/navigator_mission_item__type_support_c.cpp.o[0m
[28.833s] [ 64%] [32mBuilding CXX object CMakeFiles/px4_msgs__rosidl_typesupport_introspection_cpp.dir/rosidl_typesupport_introspection_cpp/px4_msgs/msg/detail/open_drone_id_operator_id__type_support.cpp.o[0m
[29.004s] [ 64%] [32mBuilding CXX object CMakeFiles/px4_msgs__rosidl_typesupport_fastrtps_c.dir/rosidl_typesupport_fastrtps_c/px4_msgs/msg/detail/navigator_status__type_support_c.cpp.o[0m
[29.014s] [ 64%] [32mBuilding CXX object CMakeFiles/px4_msgs__rosidl_typesupport_cpp.dir/rosidl_typesupport_cpp/px4_msgs/msg/parameter_set_value_response__type_support.cpp.o[0m
[29.046s] [ 64%] [32mBuilding CXX object CMakeFiles/px4_msgs__rosidl_typesupport_fastrtps_c.dir/rosidl_typesupport_fastrtps_c/px4_msgs/msg/detail/neural_control__type_support_c.cpp.o[0m
[29.215s] [ 64%] [32mBuilding CXX object CMakeFiles/px4_msgs__rosidl_typesupport_fastrtps_cpp.dir/rosidl_typesupport_fastrtps_cpp/px4_msgs/msg/detail/dds_fastrtps/navigator_mission_item__type_support.cpp.o[0m
[29.221s] [ 64%] [32mBuilding CXX object CMakeFiles/px4_msgs__rosidl_typesupport_cpp.dir/rosidl_typesupport_cpp/px4_msgs/msg/parameter_update__type_support.cpp.o[0m
[29.270s] [ 64%] [32mBuilding CXX object CMakeFiles/px4_msgs__rosidl_typesupport_fastrtps_cpp.dir/rosidl_typesupport_fastrtps_cpp/px4_msgs/msg/detail/dds_fastrtps/navigator_status__type_support.cpp.o[0m
[29.304s] [ 64%] [32mBuilding CXX object CMakeFiles/px4_msgs__rosidl_typesupport_fastrtps_cpp.dir/rosidl_typesupport_fastrtps_cpp/px4_msgs/msg/detail/dds_fastrtps/neural_control__type_support.cpp.o[0m
[29.314s] [ 64%] [32mBuilding CXX object CMakeFiles/px4_msgs__rosidl_typesupport_introspection_cpp.dir/rosidl_typesupport_introspection_cpp/px4_msgs/msg/detail/open_drone_id_self_id__type_support.cpp.o[0m
[29.337s] [ 64%] [32mBuilding CXX object CMakeFiles/px4_msgs__rosidl_typesupport_fastrtps_cpp.dir/rosidl_typesupport_fastrtps_cpp/px4_msgs/msg/detail/dds_fastrtps/normalized_unsigned_setpoint__type_support.cpp.o[0m
[29.402s] [ 64%] [32mBuilding CXX object CMakeFiles/px4_msgs__rosidl_typesupport_cpp.dir/rosidl_typesupport_cpp/px4_msgs/msg/ping__type_support.cpp.o[0m
[29.502s] [ 64%] [32mBuilding CXX object CMakeFiles/px4_msgs__rosidl_typesupport_fastrtps_c.dir/rosidl_typesupport_fastrtps_c/px4_msgs/msg/detail/normalized_unsigned_setpoint__type_support_c.cpp.o[0m
[29.572s] [ 64%] [32mBuilding CXX object CMakeFiles/px4_msgs__rosidl_typesupport_fastrtps_c.dir/rosidl_typesupport_fastrtps_c/px4_msgs/msg/detail/obstacle_distance__type_support_c.cpp.o[0m
[29.704s] [ 64%] [32mBuilding CXX object CMakeFiles/px4_msgs__rosidl_typesupport_fastrtps_c.dir/rosidl_typesupport_fastrtps_c/px4_msgs/msg/detail/offboard_control_mode__type_support_c.cpp.o[0m
[29.717s] [ 64%] [32mBuilding CXX object CMakeFiles/px4_msgs__rosidl_typesupport_cpp.dir/rosidl_typesupport_cpp/px4_msgs/msg/position_controller_landing_status__type_support.cpp.o[0m
[29.766s] [ 64%] [32mBuilding CXX object CMakeFiles/px4_msgs__rosidl_typesupport_cpp.dir/rosidl_typesupport_cpp/px4_msgs/msg/position_controller_status__type_support.cpp.o[0m
[29.774s] [ 64%] [32mBuilding CXX object CMakeFiles/px4_msgs__rosidl_typesupport_introspection_cpp.dir/rosidl_typesupport_introspection_cpp/px4_msgs/msg/detail/open_drone_id_system__type_support.cpp.o[0m
[29.809s] [ 64%] [32mBuilding CXX object CMakeFiles/px4_msgs__rosidl_typesupport_cpp.dir/rosidl_typesupport_cpp/px4_msgs/msg/position_setpoint__type_support.cpp.o[0m
[29.826s] [ 64%] [32mBuilding CXX object CMakeFiles/px4_msgs__rosidl_typesupport_fastrtps_cpp.dir/rosidl_typesupport_fastrtps_cpp/px4_msgs/msg/detail/dds_fastrtps/obstacle_distance__type_support.cpp.o[0m
[29.960s] [ 64%] [32mBuilding CXX object CMakeFiles/px4_msgs__rosidl_typesupport_fastrtps_cpp.dir/rosidl_typesupport_fastrtps_cpp/px4_msgs/msg/detail/dds_fastrtps/offboard_control_mode__type_support.cpp.o[0m
[30.054s] [ 65%] [32mBuilding CXX object CMakeFiles/px4_msgs__rosidl_typesupport_fastrtps_cpp.dir/rosidl_typesupport_fastrtps_cpp/px4_msgs/msg/detail/dds_fastrtps/onboard_computer_status__type_support.cpp.o[0m
[30.066s] [ 65%] [32mBuilding CXX object CMakeFiles/px4_msgs__rosidl_typesupport_fastrtps_c.dir/rosidl_typesupport_fastrtps_c/px4_msgs/msg/detail/onboard_computer_status__type_support_c.cpp.o[0m
[30.076s] [ 65%] [32mBuilding CXX object CMakeFiles/px4_msgs__rosidl_typesupport_fastrtps_c.dir/rosidl_typesupport_fastrtps_c/px4_msgs/msg/detail/open_drone_id_arm_status__type_support_c.cpp.o[0m
[30.091s] [ 65%] [32mBuilding CXX object CMakeFiles/px4_msgs__rosidl_typesupport_introspection_cpp.dir/rosidl_typesupport_introspection_cpp/px4_msgs/msg/detail/orb_test__type_support.cpp.o[0m
[30.152s] [ 65%] [32mBuilding CXX object CMakeFiles/px4_msgs__rosidl_typesupport_cpp.dir/rosidl_typesupport_cpp/px4_msgs/msg/position_setpoint_triplet__type_support.cpp.o[0m
[30.232s] [ 65%] [32mBuilding CXX object CMakeFiles/px4_msgs__rosidl_typesupport_fastrtps_c.dir/rosidl_typesupport_fastrtps_c/px4_msgs/msg/detail/open_drone_id_operator_id__type_support_c.cpp.o[0m
[30.355s] [ 65%] [32mBuilding CXX object CMakeFiles/px4_msgs__rosidl_typesupport_cpp.dir/rosidl_typesupport_cpp/px4_msgs/msg/power_button_state__type_support.cpp.o[0m
[30.487s] [ 65%] [32mBuilding CXX object CMakeFiles/px4_msgs__rosidl_typesupport_fastrtps_cpp.dir/rosidl_typesupport_fastrtps_cpp/px4_msgs/msg/detail/dds_fastrtps/open_drone_id_arm_status__type_support.cpp.o[0m
[30.502s] [ 66%] [32mBuilding CXX object CMakeFiles/px4_msgs__rosidl_typesupport_introspection_cpp.dir/rosidl_typesupport_introspection_cpp/px4_msgs/msg/detail/orb_test_large__type_support.cpp.o[0m
[30.502s] [ 66%] [32mBuilding CXX object CMakeFiles/px4_msgs__rosidl_typesupport_cpp.dir/rosidl_typesupport_cpp/px4_msgs/msg/power_monitor__type_support.cpp.o[0m
[30.527s] [ 66%] [32mBuilding CXX object CMakeFiles/px4_msgs__rosidl_typesupport_introspection_cpp.dir/rosidl_typesupport_introspection_cpp/px4_msgs/msg/detail/orb_test_medium__type_support.cpp.o[0m
[30.561s] [ 66%] [32mBuilding CXX object CMakeFiles/px4_msgs__rosidl_typesupport_cpp.dir/rosidl_typesupport_cpp/px4_msgs/msg/pps_capture__type_support.cpp.o[0m
[30.566s] [ 66%] [32mBuilding CXX object CMakeFiles/px4_msgs__rosidl_typesupport_cpp.dir/rosidl_typesupport_cpp/px4_msgs/msg/pure_pursuit_status__type_support.cpp.o[0m
[30.625s] [ 66%] [32mBuilding CXX object CMakeFiles/px4_msgs__rosidl_typesupport_fastrtps_c.dir/rosidl_typesupport_fastrtps_c/px4_msgs/msg/detail/open_drone_id_self_id__type_support_c.cpp.o[0m
[30.695s] [ 66%] [32mBuilding CXX object CMakeFiles/px4_msgs__rosidl_typesupport_fastrtps_cpp.dir/rosidl_typesupport_fastrtps_cpp/px4_msgs/msg/detail/dds_fastrtps/open_drone_id_operator_id__type_support.cpp.o[0m
[30.818s] [ 66%] [32mBuilding CXX object CMakeFiles/px4_msgs__rosidl_typesupport_fastrtps_c.dir/rosidl_typesupport_fastrtps_c/px4_msgs/msg/detail/open_drone_id_system__type_support_c.cpp.o[0m
[30.864s] [ 66%] [32mBuilding CXX object CMakeFiles/px4_msgs__rosidl_typesupport_introspection_cpp.dir/rosidl_typesupport_introspection_cpp/px4_msgs/msg/detail/orbit_status__type_support.cpp.o[0m
[30.876s] [ 66%] [32mBuilding CXX object CMakeFiles/px4_msgs__rosidl_typesupport_cpp.dir/rosidl_typesupport_cpp/px4_msgs/msg/pwm_input__type_support.cpp.o[0m
[30.940s] [ 66%] [32mBuilding CXX object CMakeFiles/px4_msgs__rosidl_typesupport_fastrtps_cpp.dir/rosidl_typesupport_fastrtps_cpp/px4_msgs/msg/detail/dds_fastrtps/open_drone_id_self_id__type_support.cpp.o[0m
[30.943s] [ 66%] [32mBuilding CXX object CMakeFiles/px4_msgs__rosidl_typesupport_fastrtps_c.dir/rosidl_typesupport_fastrtps_c/px4_msgs/msg/detail/orb_test__type_support_c.cpp.o[0m
[30.979s] [ 66%] [32mBuilding CXX object CMakeFiles/px4_msgs__rosidl_typesupport_fastrtps_c.dir/rosidl_typesupport_fastrtps_c/px4_msgs/msg/detail/orb_test_large__type_support_c.cpp.o[0m
[31.023s] [ 66%] [32mBuilding CXX object CMakeFiles/px4_msgs__rosidl_typesupport_introspection_cpp.dir/rosidl_typesupport_introspection_cpp/px4_msgs/msg/detail/parameter_reset_request__type_support.cpp.o[0m
[31.155s] [ 66%] [32mBuilding CXX object CMakeFiles/px4_msgs__rosidl_typesupport_fastrtps_c.dir/rosidl_typesupport_fastrtps_c/px4_msgs/msg/detail/orb_test_medium__type_support_c.cpp.o[0m
[31.194s] [ 66%] [32mBuilding CXX object CMakeFiles/px4_msgs__rosidl_typesupport_cpp.dir/rosidl_typesupport_cpp/px4_msgs/msg/px4io_status__type_support.cpp.o[0m
[31.221s] [ 66%] [32mBuilding CXX object CMakeFiles/px4_msgs__rosidl_typesupport_introspection_cpp.dir/rosidl_typesupport_introspection_cpp/px4_msgs/msg/detail/parameter_set_used_request__type_support.cpp.o[0m
[31.298s] [ 66%] [32mBuilding CXX object CMakeFiles/px4_msgs__rosidl_typesupport_fastrtps_c.dir/rosidl_typesupport_fastrtps_c/px4_msgs/msg/detail/orbit_status__type_support_c.cpp.o[0m
[31.333s] [ 66%] [32mBuilding CXX object CMakeFiles/px4_msgs__rosidl_typesupport_introspection_cpp.dir/rosidl_typesupport_introspection_cpp/px4_msgs/msg/detail/parameter_set_value_request__type_support.cpp.o[0m
[31.377s] [ 66%] [32mBuilding CXX object CMakeFiles/px4_msgs__rosidl_typesupport_fastrtps_cpp.dir/rosidl_typesupport_fastrtps_cpp/px4_msgs/msg/detail/dds_fastrtps/open_drone_id_system__type_support.cpp.o[0m
[31.402s] [ 66%] [32mBuilding CXX object CMakeFiles/px4_msgs__rosidl_typesupport_cpp.dir/rosidl_typesupport_cpp/px4_msgs/msg/qshell_req__type_support.cpp.o[0m
[31.463s] [ 66%] [32mBuilding CXX object CMakeFiles/px4_msgs__rosidl_typesupport_cpp.dir/rosidl_typesupport_cpp/px4_msgs/msg/qshell_retval__type_support.cpp.o[0m
[31.528s] [ 66%] [32mBuilding CXX object CMakeFiles/px4_msgs__rosidl_typesupport_fastrtps_c.dir/rosidl_typesupport_fastrtps_c/px4_msgs/msg/detail/parameter_reset_request__type_support_c.cpp.o[0m
[31.578s] [ 66%] [32mBuilding CXX object CMakeFiles/px4_msgs__rosidl_typesupport_fastrtps_cpp.dir/rosidl_typesupport_fastrtps_cpp/px4_msgs/msg/detail/dds_fastrtps/orb_test__type_support.cpp.o[0m
[31.665s] [ 66%] [32mBuilding CXX object CMakeFiles/px4_msgs__rosidl_typesupport_fastrtps_c.dir/rosidl_typesupport_fastrtps_c/px4_msgs/msg/detail/parameter_set_used_request__type_support_c.cpp.o[0m
[31.698s] [ 66%] [32mBuilding CXX object CMakeFiles/px4_msgs__rosidl_typesupport_introspection_cpp.dir/rosidl_typesupport_introspection_cpp/px4_msgs/msg/detail/parameter_set_value_response__type_support.cpp.o[0m
[31.724s] [ 66%] [32mBuilding CXX object CMakeFiles/px4_msgs__rosidl_typesupport_fastrtps_cpp.dir/rosidl_typesupport_fastrtps_cpp/px4_msgs/msg/detail/dds_fastrtps/orb_test_large__type_support.cpp.o[0m
[31.773s] [ 66%] [32mBuilding CXX object CMakeFiles/px4_msgs__rosidl_typesupport_cpp.dir/rosidl_typesupport_cpp/px4_msgs/msg/radio_status__type_support.cpp.o[0m
[31.778s] [ 66%] [32mBuilding CXX object CMakeFiles/px4_msgs__rosidl_typesupport_fastrtps_cpp.dir/rosidl_typesupport_fastrtps_cpp/px4_msgs/msg/detail/dds_fastrtps/orb_test_medium__type_support.cpp.o[0m
[31.906s] [ 66%] [32mBuilding CXX object CMakeFiles/px4_msgs__rosidl_typesupport_introspection_cpp.dir/rosidl_typesupport_introspection_cpp/px4_msgs/msg/detail/parameter_update__type_support.cpp.o[0m
[31.941s] [ 66%] [32mBuilding CXX object CMakeFiles/px4_msgs__rosidl_typesupport_introspection_cpp.dir/rosidl_typesupport_introspection_cpp/px4_msgs/msg/detail/ping__type_support.cpp.o[0m
[32.053s] [ 67%] [32mBuilding CXX object CMakeFiles/px4_msgs__rosidl_typesupport_fastrtps_c.dir/rosidl_typesupport_fastrtps_c/px4_msgs/msg/detail/parameter_set_value_request__type_support_c.cpp.o[0m
[32.060s] [ 67%] [32mBuilding CXX object CMakeFiles/px4_msgs__rosidl_typesupport_fastrtps_cpp.dir/rosidl_typesupport_fastrtps_cpp/px4_msgs/msg/detail/dds_fastrtps/orbit_status__type_support.cpp.o[0m
[32.102s] [ 67%] [32mBuilding CXX object CMakeFiles/px4_msgs__rosidl_typesupport_cpp.dir/rosidl_typesupport_cpp/px4_msgs/msg/raptor_input__type_support.cpp.o[0m
[32.143s] [ 67%] [32mBuilding CXX object CMakeFiles/px4_msgs__rosidl_typesupport_fastrtps_cpp.dir/rosidl_typesupport_fastrtps_cpp/px4_msgs/msg/detail/dds_fastrtps/parameter_reset_request__type_support.cpp.o[0m
[32.185s] [ 67%] [32mBuilding CXX object CMakeFiles/px4_msgs__rosidl_typesupport_introspection_cpp.dir/rosidl_typesupport_introspection_cpp/px4_msgs/msg/detail/position_controller_landing_status__type_support.cpp.o[0m
[32.241s] [ 67%] [32mBuilding CXX object CMakeFiles/px4_msgs__rosidl_typesupport_fastrtps_c.dir/rosidl_typesupport_fastrtps_c/px4_msgs/msg/detail/parameter_set_value_response__type_support_c.cpp.o[0m
[32.383s] [ 67%] [32mBuilding CXX object CMakeFiles/px4_msgs__rosidl_typesupport_fastrtps_cpp.dir/rosidl_typesupport_fastrtps_cpp/px4_msgs/msg/detail/dds_fastrtps/parameter_set_used_request__type_support.cpp.o[0m
[32.384s] [ 67%] [32mBuilding CXX object CMakeFiles/px4_msgs__rosidl_typesupport_fastrtps_c.dir/rosidl_typesupport_fastrtps_c/px4_msgs/msg/detail/parameter_update__type_support_c.cpp.o[0m
[32.435s] [ 67%] [32mBuilding CXX object CMakeFiles/px4_msgs__rosidl_typesupport_cpp.dir/rosidl_typesupport_cpp/px4_msgs/msg/raptor_status__type_support.cpp.o[0m
[32.460s] [ 67%] [32mBuilding CXX object CMakeFiles/px4_msgs__rosidl_typesupport_fastrtps_cpp.dir/rosidl_typesupport_fastrtps_cpp/px4_msgs/msg/detail/dds_fastrtps/parameter_set_value_request__type_support.cpp.o[0m
[32.596s] [ 67%] [32mBuilding CXX object CMakeFiles/px4_msgs__rosidl_typesupport_introspection_cpp.dir/rosidl_typesupport_introspection_cpp/px4_msgs/msg/detail/position_controller_status__type_support.cpp.o[0m
[32.605s] [ 67%] [32mBuilding CXX object CMakeFiles/px4_msgs__rosidl_typesupport_cpp.dir/rosidl_typesupport_cpp/px4_msgs/msg/rate_ctrl_status__type_support.cpp.o[0m
[32.621s] [ 67%] [32mBuilding CXX object CMakeFiles/px4_msgs__rosidl_typesupport_cpp.dir/rosidl_typesupport_cpp/px4_msgs/msg/rc_channels__type_support.cpp.o[0m
[32.634s] [ 67%] [32mBuilding CXX object CMakeFiles/px4_msgs__rosidl_typesupport_introspection_cpp.dir/rosidl_typesupport_introspection_cpp/px4_msgs/msg/detail/position_setpoint__type_support.cpp.o[0m
[32.749s] [ 67%] [32mBuilding CXX object CMakeFiles/px4_msgs__rosidl_typesupport_fastrtps_c.dir/rosidl_typesupport_fastrtps_c/px4_msgs/msg/detail/ping__type_support_c.cpp.o[0m
[32.787s] [ 67%] [32mBuilding CXX object CMakeFiles/px4_msgs__rosidl_typesupport_fastrtps_cpp.dir/rosidl_typesupport_fastrtps_cpp/px4_msgs/msg/detail/dds_fastrtps/parameter_set_value_response__type_support.cpp.o[0m
[32.841s] [ 67%] [32mBuilding CXX object CMakeFiles/px4_msgs__rosidl_typesupport_fastrtps_c.dir/rosidl_typesupport_fastrtps_c/px4_msgs/msg/detail/position_controller_landing_status__type_support_c.cpp.o[0m
[32.921s] [ 67%] [32mBuilding CXX object CMakeFiles/px4_msgs__rosidl_typesupport_introspection_cpp.dir/rosidl_typesupport_introspection_cpp/px4_msgs/msg/detail/position_setpoint_triplet__type_support.cpp.o[0m
[32.933s] [ 67%] [32mBuilding CXX object CMakeFiles/px4_msgs__rosidl_typesupport_fastrtps_c.dir/rosidl_typesupport_fastrtps_c/px4_msgs/msg/detail/position_controller_status__type_support_c.cpp.o[0m
[32.939s] [ 67%] [32mBuilding CXX object CMakeFiles/px4_msgs__rosidl_typesupport_cpp.dir/rosidl_typesupport_cpp/px4_msgs/msg/rc_parameter_map__type_support.cpp.o[0m
[33.066s] [ 67%] [32mBuilding CXX object CMakeFiles/px4_msgs__rosidl_typesupport_cpp.dir/rosidl_typesupport_cpp/px4_msgs/msg/register_ext_component_reply__type_support.cpp.o[0m
[33.088s] [ 67%] [32mBuilding CXX object CMakeFiles/px4_msgs__rosidl_typesupport_fastrtps_cpp.dir/rosidl_typesupport_fastrtps_cpp/px4_msgs/msg/detail/dds_fastrtps/parameter_update__type_support.cpp.o[0m
[33.176s] [ 67%] [32mBuilding CXX object CMakeFiles/px4_msgs__rosidl_typesupport_fastrtps_cpp.dir/rosidl_typesupport_fastrtps_cpp/px4_msgs/msg/detail/dds_fastrtps/ping__type_support.cpp.o[0m
[33.248s] [ 67%] [32mBuilding CXX object CMakeFiles/px4_msgs__rosidl_typesupport_introspection_cpp.dir/rosidl_typesupport_introspection_cpp/px4_msgs/msg/detail/power_button_state__type_support.cpp.o[0m
[33.261s] [ 67%] [32mBuilding CXX object CMakeFiles/px4_msgs__rosidl_typesupport_cpp.dir/rosidl_typesupport_cpp/px4_msgs/msg/register_ext_component_request__type_support.cpp.o[0m
[33.285s] [ 67%] [32mBuilding CXX object CMakeFiles/px4_msgs__rosidl_typesupport_cpp.dir/rosidl_typesupport_cpp/px4_msgs/msg/rover_attitude_setpoint__type_support.cpp.o[0m
[33.337s] [ 67%] [32mBuilding CXX object CMakeFiles/px4_msgs__rosidl_typesupport_fastrtps_c.dir/rosidl_typesupport_fastrtps_c/px4_msgs/msg/detail/position_setpoint__type_support_c.cpp.o[0m
[33.366s] [ 67%] [32mBuilding CXX object CMakeFiles/px4_msgs__rosidl_typesupport_cpp.dir/rosidl_typesupport_cpp/px4_msgs/msg/rover_attitude_status__type_support.cpp.o[0m
[33.434s] [ 68%] [32mBuilding CXX object CMakeFiles/px4_msgs__rosidl_typesupport_introspection_cpp.dir/rosidl_typesupport_introspection_cpp/px4_msgs/msg/detail/power_monitor__type_support.cpp.o[0m
[33.573s] [ 68%] [32mBuilding CXX object CMakeFiles/px4_msgs__rosidl_typesupport_introspection_cpp.dir/rosidl_typesupport_introspection_cpp/px4_msgs/msg/detail/pps_capture__type_support.cpp.o[0m
[33.577s] [ 68%] [32mBuilding CXX object CMakeFiles/px4_msgs__rosidl_typesupport_fastrtps_c.dir/rosidl_typesupport_fastrtps_c/px4_msgs/msg/detail/position_setpoint_triplet__type_support_c.cpp.o[0m
[33.598s] [ 68%] [32mBuilding CXX object CMakeFiles/px4_msgs__rosidl_typesupport_fastrtps_cpp.dir/rosidl_typesupport_fastrtps_cpp/px4_msgs/msg/detail/dds_fastrtps/position_controller_landing_status__type_support.cpp.o[0m
[33.657s] [ 68%] [32mBuilding CXX object CMakeFiles/px4_msgs__rosidl_typesupport_cpp.dir/rosidl_typesupport_cpp/px4_msgs/msg/rover_position_setpoint__type_support.cpp.o[0m
[33.674s] [ 68%] [32mBuilding CXX object CMakeFiles/px4_msgs__rosidl_typesupport_fastrtps_cpp.dir/rosidl_typesupport_fastrtps_cpp/px4_msgs/msg/detail/dds_fastrtps/position_controller_status__type_support.cpp.o[0m
[33.702s] [ 68%] [32mBuilding CXX object CMakeFiles/px4_msgs__rosidl_typesupport_fastrtps_c.dir/rosidl_typesupport_fastrtps_c/px4_msgs/msg/detail/power_button_state__type_support_c.cpp.o[0m
[33.754s] [ 68%] [32mBuilding CXX object CMakeFiles/px4_msgs__rosidl_typesupport_fastrtps_cpp.dir/rosidl_typesupport_fastrtps_cpp/px4_msgs/msg/detail/dds_fastrtps/position_setpoint__type_support.cpp.o[0m
[33.985s] [ 68%] [32mBuilding CXX object CMakeFiles/px4_msgs__rosidl_typesupport_cpp.dir/rosidl_typesupport_cpp/px4_msgs/msg/rover_rate_setpoint__type_support.cpp.o[0m
[34.013s] [ 68%] [32mBuilding CXX object CMakeFiles/px4_msgs__rosidl_typesupport_cpp.dir/rosidl_typesupport_cpp/px4_msgs/msg/rover_rate_status__type_support.cpp.o[0m
[34.018s] [ 68%] [32mBuilding CXX object CMakeFiles/px4_msgs__rosidl_typesupport_fastrtps_cpp.dir/rosidl_typesupport_fastrtps_cpp/px4_msgs/msg/detail/dds_fastrtps/position_setpoint_triplet__type_support.cpp.o[0m
[34.037s] [ 68%] [32mBuilding CXX object CMakeFiles/px4_msgs__rosidl_typesupport_introspection_cpp.dir/rosidl_typesupport_introspection_cpp/px4_msgs/msg/detail/pure_pursuit_status__type_support.cpp.o[0m
[34.119s] [ 68%] [32mBuilding CXX object CMakeFiles/px4_msgs__rosidl_typesupport_fastrtps_c.dir/rosidl_typesupport_fastrtps_c/px4_msgs/msg/detail/power_monitor__type_support_c.cpp.o[0m
[34.147s] [ 68%] [32mBuilding CXX object CMakeFiles/px4_msgs__rosidl_typesupport_fastrtps_c.dir/rosidl_typesupport_fastrtps_c/px4_msgs/msg/detail/pps_capture__type_support_c.cpp.o[0m
[34.189s] [ 68%] [32mBuilding CXX object CMakeFiles/px4_msgs__rosidl_typesupport_fastrtps_cpp.dir/rosidl_typesupport_fastrtps_cpp/px4_msgs/msg/detail/dds_fastrtps/power_button_state__type_support.cpp.o[0m
[34.259s] [ 68%] [32mBuilding CXX object CMakeFiles/px4_msgs__rosidl_typesupport_fastrtps_c.dir/rosidl_typesupport_fastrtps_c/px4_msgs/msg/detail/pure_pursuit_status__type_support_c.cpp.o[0m
[34.297s] [ 68%] [32mBuilding CXX object CMakeFiles/px4_msgs__rosidl_typesupport_introspection_cpp.dir/rosidl_typesupport_introspection_cpp/px4_msgs/msg/detail/pwm_input__type_support.cpp.o[0m
[34.357s] [ 69%] [32mBuilding CXX object CMakeFiles/px4_msgs__rosidl_typesupport_cpp.dir/rosidl_typesupport_cpp/px4_msgs/msg/rover_speed_setpoint__type_support.cpp.o[0m
[34.483s] [ 69%] [32mBuilding CXX object CMakeFiles/px4_msgs__rosidl_typesupport_fastrtps_c.dir/rosidl_typesupport_fastrtps_c/px4_msgs/msg/detail/pwm_input__type_support_c.cpp.o[0m
[34.491s] [ 69%] [32mBuilding CXX object CMakeFiles/px4_msgs__rosidl_typesupport_cpp.dir/rosidl_typesupport_cpp/px4_msgs/msg/rover_speed_status__type_support.cpp.o[0m
[34.520s] [ 69%] [32mBuilding CXX object CMakeFiles/px4_msgs__rosidl_typesupport_cpp.dir/rosidl_typesupport_cpp/px4_msgs/msg/rover_steering_setpoint__type_support.cpp.o[0m
[34.539s] [ 69%] [32mBuilding CXX object CMakeFiles/px4_msgs__rosidl_typesupport_fastrtps_c.dir/rosidl_typesupport_fastrtps_c/px4_msgs/msg/detail/px4io_status__type_support_c.cpp.o[0m
[34.650s] [ 70%] [32mBuilding CXX object CMakeFiles/px4_msgs__rosidl_typesupport_fastrtps_cpp.dir/rosidl_typesupport_fastrtps_cpp/px4_msgs/msg/detail/dds_fastrtps/power_monitor__type_support.cpp.o[0m
[34.660s] [ 70%] [32mBuilding CXX object CMakeFiles/px4_msgs__rosidl_typesupport_introspection_cpp.dir/rosidl_typesupport_introspection_cpp/px4_msgs/msg/detail/px4io_status__type_support.cpp.o[0m
[34.682s] [ 70%] [32mBuilding CXX object CMakeFiles/px4_msgs__rosidl_typesupport_fastrtps_c.dir/rosidl_typesupport_fastrtps_c/px4_msgs/msg/detail/qshell_req__type_support_c.cpp.o[0m
[34.751s] [ 70%] [32mBuilding CXX object CMakeFiles/px4_msgs__rosidl_typesupport_fastrtps_cpp.dir/rosidl_typesupport_fastrtps_cpp/px4_msgs/msg/detail/dds_fastrtps/pps_capture__type_support.cpp.o[0m
[34.830s] [ 70%] [32mBuilding CXX object CMakeFiles/px4_msgs__rosidl_typesupport_cpp.dir/rosidl_typesupport_cpp/px4_msgs/msg/rover_throttle_setpoint__type_support.cpp.o[0m
[34.835s] [ 70%] [32mBuilding CXX object CMakeFiles/px4_msgs__rosidl_typesupport_fastrtps_c.dir/rosidl_typesupport_fastrtps_c/px4_msgs/msg/detail/qshell_retval__type_support_c.cpp.o[0m
[34.872s] [ 70%] [32mBuilding CXX object CMakeFiles/px4_msgs__rosidl_typesupport_fastrtps_c.dir/rosidl_typesupport_fastrtps_c/px4_msgs/msg/detail/radio_status__type_support_c.cpp.o[0m
[34.979s] [ 70%] [32mBuilding CXX object CMakeFiles/px4_msgs__rosidl_typesupport_introspection_cpp.dir/rosidl_typesupport_introspection_cpp/px4_msgs/msg/detail/qshell_req__type_support.cpp.o[0m
[35.091s] [ 70%] [32mBuilding CXX object CMakeFiles/px4_msgs__rosidl_typesupport_fastrtps_cpp.dir/rosidl_typesupport_fastrtps_cpp/px4_msgs/msg/detail/dds_fastrtps/pure_pursuit_status__type_support.cpp.o[0m
[35.116s] [ 70%] [32mBuilding CXX object CMakeFiles/px4_msgs__rosidl_typesupport_fastrtps_c.dir/rosidl_typesupport_fastrtps_c/px4_msgs/msg/detail/raptor_input__type_support_c.cpp.o[0m
[35.151s] [ 70%] [32mBuilding CXX object CMakeFiles/px4_msgs__rosidl_typesupport_cpp.dir/rosidl_typesupport_cpp/px4_msgs/msg/rpm__type_support.cpp.o[0m
[35.156s] [ 70%] [32mBuilding CXX object CMakeFiles/px4_msgs__rosidl_typesupport_fastrtps_cpp.dir/rosidl_typesupport_fastrtps_cpp/px4_msgs/msg/detail/dds_fastrtps/pwm_input__type_support.cpp.o[0m
[35.223s] [ 70%] [32mBuilding CXX object CMakeFiles/px4_msgs__rosidl_typesupport_cpp.dir/rosidl_typesupport_cpp/px4_msgs/msg/rtl_status__type_support.cpp.o[0m
[35.263s] [ 70%] [32mBuilding CXX object CMakeFiles/px4_msgs__rosidl_typesupport_fastrtps_c.dir/rosidl_typesupport_fastrtps_c/px4_msgs/msg/detail/raptor_status__type_support_c.cpp.o[0m
[35.269s] [ 70%] [32mBuilding CXX object CMakeFiles/px4_msgs__rosidl_typesupport_introspection_cpp.dir/rosidl_typesupport_introspection_cpp/px4_msgs/msg/detail/qshell_retval__type_support.cpp.o[0m
[35.507s] [ 70%] [32mBuilding CXX object CMakeFiles/px4_msgs__rosidl_typesupport_cpp.dir/rosidl_typesupport_cpp/px4_msgs/msg/rtl_time_estimate__type_support.cpp.o[0m
[35.529s] [ 70%] [32mBuilding CXX object CMakeFiles/px4_msgs__rosidl_typesupport_fastrtps_cpp.dir/rosidl_typesupport_fastrtps_cpp/px4_msgs/msg/detail/dds_fastrtps/px4io_status__type_support.cpp.o[0m
[35.534s] [ 70%] [32mBuilding CXX object CMakeFiles/px4_msgs__rosidl_typesupport_fastrtps_cpp.dir/rosidl_typesupport_fastrtps_cpp/px4_msgs/msg/detail/dds_fastrtps/qshell_req__type_support.cpp.o[0m
[35.537s] [ 70%] [32mBuilding CXX object CMakeFiles/px4_msgs__rosidl_typesupport_fastrtps_c.dir/rosidl_typesupport_fastrtps_c/px4_msgs/msg/detail/rate_ctrl_status__type_support_c.cpp.o[0m
[35.621s] [ 70%] [32mBuilding CXX object CMakeFiles/px4_msgs__rosidl_typesupport_introspection_cpp.dir/rosidl_typesupport_introspection_cpp/px4_msgs/msg/detail/radio_status__type_support.cpp.o[0m
[35.690s] [ 70%] [32mBuilding CXX object CMakeFiles/px4_msgs__rosidl_typesupport_introspection_cpp.dir/rosidl_typesupport_introspection_cpp/px4_msgs/msg/detail/raptor_input__type_support.cpp.o[0m
[35.724s] [ 70%] [32mBuilding CXX object CMakeFiles/px4_msgs__rosidl_typesupport_fastrtps_cpp.dir/rosidl_typesupport_fastrtps_cpp/px4_msgs/msg/detail/dds_fastrtps/qshell_retval__type_support.cpp.o[0m
[35.773s] [ 71%] [32mBuilding CXX object CMakeFiles/px4_msgs__rosidl_typesupport_fastrtps_c.dir/rosidl_typesupport_fastrtps_c/px4_msgs/msg/detail/rc_channels__type_support_c.cpp.o[0m
[35.849s] [ 71%] [32mBuilding CXX object CMakeFiles/px4_msgs__rosidl_typesupport_cpp.dir/rosidl_typesupport_cpp/px4_msgs/msg/satellite_info__type_support.cpp.o[0m
[35.935s] [ 71%] [32mBuilding CXX object CMakeFiles/px4_msgs__rosidl_typesupport_cpp.dir/rosidl_typesupport_cpp/px4_msgs/msg/sensor_accel__type_support.cpp.o[0m
[36.023s] [ 71%] [32mBuilding CXX object CMakeFiles/px4_msgs__rosidl_typesupport_introspection_cpp.dir/rosidl_typesupport_introspection_cpp/px4_msgs/msg/detail/raptor_status__type_support.cpp.o[0m
[36.104s] [ 71%] [32mBuilding CXX object CMakeFiles/px4_msgs__rosidl_typesupport_fastrtps_cpp.dir/rosidl_typesupport_fastrtps_cpp/px4_msgs/msg/detail/dds_fastrtps/radio_status__type_support.cpp.o[0m
[36.149s] [ 71%] [32mBuilding CXX object CMakeFiles/px4_msgs__rosidl_typesupport_introspection_cpp.dir/rosidl_typesupport_introspection_cpp/px4_msgs/msg/detail/rate_ctrl_status__type_support.cpp.o[0m
[36.154s] [ 71%] [32mBuilding CXX object CMakeFiles/px4_msgs__rosidl_typesupport_introspection_cpp.dir/rosidl_typesupport_introspection_cpp/px4_msgs/msg/detail/rc_channels__type_support.cpp.o[0m
[36.199s] [ 71%] [32mBuilding CXX object CMakeFiles/px4_msgs__rosidl_typesupport_fastrtps_c.dir/rosidl_typesupport_fastrtps_c/px4_msgs/msg/detail/rc_parameter_map__type_support_c.cpp.o[0m
[36.199s] [ 71%] [32mBuilding CXX object CMakeFiles/px4_msgs__rosidl_typesupport_fastrtps_cpp.dir/rosidl_typesupport_fastrtps_cpp/px4_msgs/msg/detail/dds_fastrtps/raptor_input__type_support.cpp.o[0m
[36.230s] [ 71%] [32mBuilding CXX object CMakeFiles/px4_msgs__rosidl_typesupport_introspection_cpp.dir/rosidl_typesupport_introspection_cpp/px4_msgs/msg/detail/rc_parameter_map__type_support.cpp.o[0m
[36.250s] [ 71%] [32mBuilding CXX object CMakeFiles/px4_msgs__rosidl_typesupport_cpp.dir/rosidl_typesupport_cpp/px4_msgs/msg/sensor_accel_fifo__type_support.cpp.o[0m
[36.504s] [ 71%] [32mBuilding CXX object CMakeFiles/px4_msgs__rosidl_typesupport_fastrtps_c.dir/rosidl_typesupport_fastrtps_c/px4_msgs/msg/detail/register_ext_component_reply__type_support_c.cpp.o[0m
[36.588s] [ 71%] [32mBuilding CXX object CMakeFiles/px4_msgs__rosidl_typesupport_cpp.dir/rosidl_typesupport_cpp/px4_msgs/msg/sensor_airflow__type_support.cpp.o[0m
[36.614s] [ 71%] [32mBuilding CXX object CMakeFiles/px4_msgs__rosidl_typesupport_fastrtps_c.dir/rosidl_typesupport_fastrtps_c/px4_msgs/msg/detail/register_ext_component_request__type_support_c.cpp.o[0m
[36.617s] [ 71%] [32mBuilding CXX object CMakeFiles/px4_msgs__rosidl_typesupport_fastrtps_c.dir/rosidl_typesupport_fastrtps_c/px4_msgs/msg/detail/rover_attitude_setpoint__type_support_c.cpp.o[0m
[36.628s] [ 71%] [32mBuilding CXX object CMakeFiles/px4_msgs__rosidl_typesupport_introspection_cpp.dir/rosidl_typesupport_introspection_cpp/px4_msgs/msg/detail/register_ext_component_reply__type_support.cpp.o[0m
[36.632s] [ 71%] [32mBuilding CXX object CMakeFiles/px4_msgs__rosidl_typesupport_cpp.dir/rosidl_typesupport_cpp/px4_msgs/msg/sensor_baro__type_support.cpp.o[0m
[36.715s] [ 71%] [32mBuilding CXX object CMakeFiles/px4_msgs__rosidl_typesupport_fastrtps_cpp.dir/rosidl_typesupport_fastrtps_cpp/px4_msgs/msg/detail/dds_fastrtps/raptor_status__type_support.cpp.o[0m
[36.861s] [ 71%] [32mBuilding CXX object CMakeFiles/px4_msgs__rosidl_typesupport_fastrtps_c.dir/rosidl_typesupport_fastrtps_c/px4_msgs/msg/detail/rover_attitude_status__type_support_c.cpp.o[0m
[36.904s] [ 71%] [32mBuilding CXX object CMakeFiles/px4_msgs__rosidl_typesupport_fastrtps_c.dir/rosidl_typesupport_fastrtps_c/px4_msgs/msg/detail/rover_position_setpoint__type_support_c.cpp.o[0m
[36.914s] [ 71%] [32mBuilding CXX object CMakeFiles/px4_msgs__rosidl_typesupport_fastrtps_cpp.dir/rosidl_typesupport_fastrtps_cpp/px4_msgs/msg/detail/dds_fastrtps/rate_ctrl_status__type_support.cpp.o[0m
[36.965s] [ 71%] [32mBuilding CXX object CMakeFiles/px4_msgs__rosidl_typesupport_cpp.dir/rosidl_typesupport_cpp/px4_msgs/msg/sensor_combined__type_support.cpp.o[0m
[37.015s] [ 71%] [32mBuilding CXX object CMakeFiles/px4_msgs__rosidl_typesupport_fastrtps_cpp.dir/rosidl_typesupport_fastrtps_cpp/px4_msgs/msg/detail/dds_fastrtps/rc_channels__type_support.cpp.o[0m
[37.074s] [ 71%] [32mBuilding CXX object CMakeFiles/px4_msgs__rosidl_typesupport_introspection_cpp.dir/rosidl_typesupport_introspection_cpp/px4_msgs/msg/detail/register_ext_component_request__type_support.cpp.o[0m
[37.092s] [ 71%] [32mBuilding CXX object CMakeFiles/px4_msgs__rosidl_typesupport_introspection_cpp.dir/rosidl_typesupport_introspection_cpp/px4_msgs/msg/detail/rover_attitude_setpoint__type_support.cpp.o[0m
[37.247s] [ 71%] [32mBuilding CXX object CMakeFiles/px4_msgs__rosidl_typesupport_fastrtps_c.dir/rosidl_typesupport_fastrtps_c/px4_msgs/msg/detail/rover_rate_setpoint__type_support_c.cpp.o[0m
[37.265s] [ 71%] [32mBuilding CXX object CMakeFiles/px4_msgs__rosidl_typesupport_cpp.dir/rosidl_typesupport_cpp/px4_msgs/msg/sensor_correction__type_support.cpp.o[0m
[37.270s] [ 71%] [32mBuilding CXX object CMakeFiles/px4_msgs__rosidl_typesupport_introspection_cpp.dir/rosidl_typesupport_introspection_cpp/px4_msgs/msg/detail/rover_attitude_status__type_support.cpp.o[0m
[37.328s] [ 71%] [32mBuilding CXX object CMakeFiles/px4_msgs__rosidl_typesupport_introspection_cpp.dir/rosidl_typesupport_introspection_cpp/px4_msgs/msg/detail/rover_position_setpoint__type_support.cpp.o[0m
[37.400s] [ 71%] [32mBuilding CXX object CMakeFiles/px4_msgs__rosidl_typesupport_introspection_cpp.dir/rosidl_typesupport_introspection_cpp/px4_msgs/msg/detail/rover_rate_setpoint__type_support.cpp.o[0m
[37.506s] [ 71%] [32mBuilding CXX object CMakeFiles/px4_msgs__rosidl_typesupport_fastrtps_cpp.dir/rosidl_typesupport_fastrtps_cpp/px4_msgs/msg/detail/dds_fastrtps/rc_parameter_map__type_support.cpp.o[0m
[37.538s] [ 71%] [32mBuilding CXX object CMakeFiles/px4_msgs__rosidl_typesupport_cpp.dir/rosidl_typesupport_cpp/px4_msgs/msg/sensor_gnss_relative__type_support.cpp.o[0m
[37.540s] [ 71%] [32mBuilding CXX object CMakeFiles/px4_msgs__rosidl_typesupport_fastrtps_c.dir/rosidl_typesupport_fastrtps_c/px4_msgs/msg/detail/rover_rate_status__type_support_c.cpp.o[0m
[37.629s] [ 71%] [32mBuilding CXX object CMakeFiles/px4_msgs__rosidl_typesupport_fastrtps_c.dir/rosidl_typesupport_fastrtps_c/px4_msgs/msg/detail/rover_speed_setpoint__type_support_c.cpp.o[0m
[37.677s] [ 71%] [32mBuilding CXX object CMakeFiles/px4_msgs__rosidl_typesupport_cpp.dir/rosidl_typesupport_cpp/px4_msgs/msg/sensor_gnss_status__type_support.cpp.o[0m
[37.776s] [ 71%] [32mBuilding CXX object CMakeFiles/px4_msgs__rosidl_typesupport_cpp.dir/rosidl_typesupport_cpp/px4_msgs/msg/sensor_gps__type_support.cpp.o[0m
[37.777s] [ 71%] [32mBuilding CXX object CMakeFiles/px4_msgs__rosidl_typesupport_fastrtps_cpp.dir/rosidl_typesupport_fastrtps_cpp/px4_msgs/msg/detail/dds_fastrtps/register_ext_component_reply__type_support.cpp.o[0m
[37.851s] [ 71%] [32mBuilding CXX object CMakeFiles/px4_msgs__rosidl_typesupport_fastrtps_c.dir/rosidl_typesupport_fastrtps_c/px4_msgs/msg/detail/rover_speed_status__type_support_c.cpp.o[0m
[37.860s] [ 72%] [32mBuilding CXX object CMakeFiles/px4_msgs__rosidl_typesupport_introspection_cpp.dir/rosidl_typesupport_introspection_cpp/px4_msgs/msg/detail/rover_rate_status__type_support.cpp.o[0m
[37.933s] [ 72%] [32mBuilding CXX object CMakeFiles/px4_msgs__rosidl_typesupport_cpp.dir/rosidl_typesupport_cpp/px4_msgs/msg/sensor_gyro__type_support.cpp.o[0m
[37.982s] [ 72%] [32mBuilding CXX object CMakeFiles/px4_msgs__rosidl_typesupport_introspection_cpp.dir/rosidl_typesupport_introspection_cpp/px4_msgs/msg/detail/rover_speed_setpoint__type_support.cpp.o[0m
[37.982s] [ 72%] [32mBuilding CXX object CMakeFiles/px4_msgs__rosidl_typesupport_cpp.dir/rosidl_typesupport_cpp/px4_msgs/msg/sensor_gyro_fft__type_support.cpp.o[0m
[38.015s] [ 73%] [32mBuilding CXX object CMakeFiles/px4_msgs__rosidl_typesupport_cpp.dir/rosidl_typesupport_cpp/px4_msgs/msg/sensor_gyro_fifo__type_support.cpp.o[0m
[38.086s] [ 73%] [32mBuilding CXX object CMakeFiles/px4_msgs__rosidl_typesupport_fastrtps_cpp.dir/rosidl_typesupport_fastrtps_cpp/px4_msgs/msg/detail/dds_fastrtps/register_ext_component_request__type_support.cpp.o[0m
[38.246s] [ 73%] [32mBuilding CXX object CMakeFiles/px4_msgs__rosidl_typesupport_fastrtps_c.dir/rosidl_typesupport_fastrtps_c/px4_msgs/msg/detail/rover_steering_setpoint__type_support_c.cpp.o[0m
[38.250s] [ 73%] [32mBuilding CXX object CMakeFiles/px4_msgs__rosidl_typesupport_fastrtps_c.dir/rosidl_typesupport_fastrtps_c/px4_msgs/msg/detail/rpm__type_support_c.cpp.o[0m
[38.250s] [ 73%] [32mBuilding CXX object CMakeFiles/px4_msgs__rosidl_typesupport_fastrtps_c.dir/rosidl_typesupport_fastrtps_c/px4_msgs/msg/detail/rover_throttle_setpoint__type_support_c.cpp.o[0m
[38.291s] [ 73%] [32mBuilding CXX object CMakeFiles/px4_msgs__rosidl_typesupport_introspection_cpp.dir/rosidl_typesupport_introspection_cpp/px4_msgs/msg/detail/rover_speed_status__type_support.cpp.o[0m
[38.292s] [ 73%] [32mBuilding CXX object CMakeFiles/px4_msgs__rosidl_typesupport_fastrtps_c.dir/rosidl_typesupport_fastrtps_c/px4_msgs/msg/detail/rtl_status__type_support_c.cpp.o[0m
[38.319s] [ 73%] [32mBuilding CXX object CMakeFiles/px4_msgs__rosidl_typesupport_cpp.dir/rosidl_typesupport_cpp/px4_msgs/msg/sensor_hygrometer__type_support.cpp.o[0m
[38.425s] [ 73%] [32mBuilding CXX object CMakeFiles/px4_msgs__rosidl_typesupport_cpp.dir/rosidl_typesupport_cpp/px4_msgs/msg/sensor_mag__type_support.cpp.o[0m
[38.572s] [ 73%] [32mBuilding CXX object CMakeFiles/px4_msgs__rosidl_typesupport_fastrtps_cpp.dir/rosidl_typesupport_fastrtps_cpp/px4_msgs/msg/detail/dds_fastrtps/rover_attitude_setpoint__type_support.cpp.o[0m
[38.630s] [ 73%] [32mBuilding CXX object CMakeFiles/px4_msgs__rosidl_typesupport_fastrtps_c.dir/rosidl_typesupport_fastrtps_c/px4_msgs/msg/detail/rtl_time_estimate__type_support_c.cpp.o[0m
[38.633s] [ 73%] [32mBuilding CXX object CMakeFiles/px4_msgs__rosidl_typesupport_cpp.dir/rosidl_typesupport_cpp/px4_msgs/msg/sensor_optical_flow__type_support.cpp.o[0m
[38.650s] [ 73%] [32mBuilding CXX object CMakeFiles/px4_msgs__rosidl_typesupport_introspection_cpp.dir/rosidl_typesupport_introspection_cpp/px4_msgs/msg/detail/rover_steering_setpoint__type_support.cpp.o[0m
[38.681s] [ 73%] [32mBuilding CXX object CMakeFiles/px4_msgs__rosidl_typesupport_introspection_cpp.dir/rosidl_typesupport_introspection_cpp/px4_msgs/msg/detail/rover_throttle_setpoint__type_support.cpp.o[0m
[38.708s] [ 73%] [32mBuilding CXX object CMakeFiles/px4_msgs__rosidl_typesupport_fastrtps_cpp.dir/rosidl_typesupport_fastrtps_cpp/px4_msgs/msg/detail/dds_fastrtps/rover_attitude_status__type_support.cpp.o[0m
[38.752s] [ 73%] [32mBuilding CXX object CMakeFiles/px4_msgs__rosidl_typesupport_fastrtps_c.dir/rosidl_typesupport_fastrtps_c/px4_msgs/msg/detail/satellite_info__type_support_c.cpp.o[0m
[38.761s] [ 73%] [32mBuilding CXX object CMakeFiles/px4_msgs__rosidl_typesupport_fastrtps_c.dir/rosidl_typesupport_fastrtps_c/px4_msgs/msg/detail/sensor_accel__type_support_c.cpp.o[0m
[38.942s] [ 73%] [32mBuilding CXX object CMakeFiles/px4_msgs__rosidl_typesupport_cpp.dir/rosidl_typesupport_cpp/px4_msgs/msg/sensor_preflight_mag__type_support.cpp.o[0m
[39.020s] [ 73%] [32mBuilding CXX object CMakeFiles/px4_msgs__rosidl_typesupport_fastrtps_cpp.dir/rosidl_typesupport_fastrtps_cpp/px4_msgs/msg/detail/dds_fastrtps/rover_position_setpoint__type_support.cpp.o[0m
[39.089s] [ 73%] [32mBuilding CXX object CMakeFiles/px4_msgs__rosidl_typesupport_fastrtps_c.dir/rosidl_typesupport_fastrtps_c/px4_msgs/msg/detail/sensor_accel_fifo__type_support_c.cpp.o[0m
[39.091s] [ 73%] [32mBuilding CXX object CMakeFiles/px4_msgs__rosidl_typesupport_cpp.dir/rosidl_typesupport_cpp/px4_msgs/msg/sensor_selection__type_support.cpp.o[0m
[39.145s] [ 73%] [32mBuilding CXX object CMakeFiles/px4_msgs__rosidl_typesupport_introspection_cpp.dir/rosidl_typesupport_introspection_cpp/px4_msgs/msg/detail/rpm__type_support.cpp.o[0m
[39.160s] [ 73%] [32mBuilding CXX object CMakeFiles/px4_msgs__rosidl_typesupport_introspection_cpp.dir/rosidl_typesupport_introspection_cpp/px4_msgs/msg/detail/rtl_status__type_support.cpp.o[0m
[39.170s] [ 73%] [32mBuilding CXX object CMakeFiles/px4_msgs__rosidl_typesupport_fastrtps_cpp.dir/rosidl_typesupport_fastrtps_cpp/px4_msgs/msg/detail/dds_fastrtps/rover_rate_setpoint__type_support.cpp.o[0m
[39.199s] [ 74%] [32mBuilding CXX object CMakeFiles/px4_msgs__rosidl_typesupport_fastrtps_cpp.dir/rosidl_typesupport_fastrtps_cpp/px4_msgs/msg/detail/dds_fastrtps/rover_rate_status__type_support.cpp.o[0m
[39.250s] [ 74%] [32mBuilding CXX object CMakeFiles/px4_msgs__rosidl_typesupport_introspection_cpp.dir/rosidl_typesupport_introspection_cpp/px4_msgs/msg/detail/rtl_time_estimate__type_support.cpp.o[0m
[39.404s] [ 74%] [32mBuilding CXX object CMakeFiles/px4_msgs__rosidl_typesupport_cpp.dir/rosidl_typesupport_cpp/px4_msgs/msg/sensor_temp__type_support.cpp.o[0m
[39.480s] [ 74%] [32mBuilding CXX object CMakeFiles/px4_msgs__rosidl_typesupport_introspection_cpp.dir/rosidl_typesupport_introspection_cpp/px4_msgs/msg/detail/satellite_info__type_support.cpp.o[0m
[39.519s] [ 75%] [32mBuilding CXX object CMakeFiles/px4_msgs__rosidl_typesupport_fastrtps_c.dir/rosidl_typesupport_fastrtps_c/px4_msgs/msg/detail/sensor_airflow__type_support_c.cpp.o[0m
[39.585s] [ 75%] [32mBuilding CXX object CMakeFiles/px4_msgs__rosidl_typesupport_fastrtps_cpp.dir/rosidl_typesupport_fastrtps_cpp/px4_msgs/msg/detail/dds_fastrtps/rover_speed_setpoint__type_support.cpp.o[0m
[39.625s] [ 75%] [32mBuilding CXX object CMakeFiles/px4_msgs__rosidl_typesupport_introspection_cpp.dir/rosidl_typesupport_introspection_cpp/px4_msgs/msg/detail/sensor_accel__type_support.cpp.o[0m
[39.629s] [ 75%] [32mBuilding CXX object CMakeFiles/px4_msgs__rosidl_typesupport_fastrtps_c.dir/rosidl_typesupport_fastrtps_c/px4_msgs/msg/detail/sensor_baro__type_support_c.cpp.o[0m
[39.683s] [ 75%] [32mBuilding CXX object CMakeFiles/px4_msgs__rosidl_typesupport_cpp.dir/rosidl_typesupport_cpp/px4_msgs/msg/sensor_uwb__type_support.cpp.o[0m
[39.686s] [ 75%] [32mBuilding CXX object CMakeFiles/px4_msgs__rosidl_typesupport_cpp.dir/rosidl_typesupport_cpp/px4_msgs/msg/sensors_status__type_support.cpp.o[0m
[39.711s] [ 75%] [32mBuilding CXX object CMakeFiles/px4_msgs__rosidl_typesupport_introspection_cpp.dir/rosidl_typesupport_introspection_cpp/px4_msgs/msg/detail/sensor_accel_fifo__type_support.cpp.o[0m
[39.935s] [ 75%] [32mBuilding CXX object CMakeFiles/px4_msgs__rosidl_typesupport_introspection_cpp.dir/rosidl_typesupport_introspection_cpp/px4_msgs/msg/detail/sensor_airflow__type_support.cpp.o[0m
[39.964s] [ 75%] [32mBuilding CXX object CMakeFiles/px4_msgs__rosidl_typesupport_introspection_cpp.dir/rosidl_typesupport_introspection_cpp/px4_msgs/msg/detail/sensor_baro__type_support.cpp.o[0m
[40.003s] [ 75%] [32mBuilding CXX object CMakeFiles/px4_msgs__rosidl_typesupport_fastrtps_cpp.dir/rosidl_typesupport_fastrtps_cpp/px4_msgs/msg/detail/dds_fastrtps/rover_speed_status__type_support.cpp.o[0m
[40.031s] [ 75%] [32mBuilding CXX object CMakeFiles/px4_msgs__rosidl_typesupport_cpp.dir/rosidl_typesupport_cpp/px4_msgs/msg/sensors_status_imu__type_support.cpp.o[0m
[40.039s] [ 75%] [32mBuilding CXX object CMakeFiles/px4_msgs__rosidl_typesupport_introspection_cpp.dir/rosidl_typesupport_introspection_cpp/px4_msgs/msg/detail/sensor_combined__type_support.cpp.o[0m
[40.039s] [ 75%] [32mBuilding CXX object CMakeFiles/px4_msgs__rosidl_typesupport_fastrtps_c.dir/rosidl_typesupport_fastrtps_c/px4_msgs/msg/detail/sensor_combined__type_support_c.cpp.o[0m
[40.126s] [ 75%] [32mBuilding CXX object CMakeFiles/px4_msgs__rosidl_typesupport_fastrtps_c.dir/rosidl_typesupport_fastrtps_c/px4_msgs/msg/detail/sensor_correction__type_support_c.cpp.o[0m
[40.187s] [ 75%] [32mBuilding CXX object CMakeFiles/px4_msgs__rosidl_typesupport_fastrtps_c.dir/rosidl_typesupport_fastrtps_c/px4_msgs/msg/detail/sensor_gnss_relative__type_support_c.cpp.o[0m
[40.382s] [ 75%] [32mBuilding CXX object CMakeFiles/px4_msgs__rosidl_typesupport_cpp.dir/rosidl_typesupport_cpp/px4_msgs/msg/system_power__type_support.cpp.o[0m
[40.418s] [ 75%] [32mBuilding CXX object CMakeFiles/px4_msgs__rosidl_typesupport_cpp.dir/rosidl_typesupport_cpp/px4_msgs/msg/takeoff_status__type_support.cpp.o[0m
[40.443s] [ 75%] [32mBuilding CXX object CMakeFiles/px4_msgs__rosidl_typesupport_fastrtps_cpp.dir/rosidl_typesupport_fastrtps_cpp/px4_msgs/msg/detail/dds_fastrtps/rover_steering_setpoint__type_support.cpp.o[0m
[40.450s] [ 75%] [32mBuilding CXX object CMakeFiles/px4_msgs__rosidl_typesupport_introspection_cpp.dir/rosidl_typesupport_introspection_cpp/px4_msgs/msg/detail/sensor_correction__type_support.cpp.o[0m
[40.500s] [ 75%] [32mBuilding CXX object CMakeFiles/px4_msgs__rosidl_typesupport_fastrtps_cpp.dir/rosidl_typesupport_fastrtps_cpp/px4_msgs/msg/detail/dds_fastrtps/rover_throttle_setpoint__type_support.cpp.o[0m
[40.533s] [ 75%] [32mBuilding CXX object CMakeFiles/px4_msgs__rosidl_typesupport_fastrtps_c.dir/rosidl_typesupport_fastrtps_c/px4_msgs/msg/detail/sensor_gnss_status__type_support_c.cpp.o[0m
[40.609s] [ 75%] [32mBuilding CXX object CMakeFiles/px4_msgs__rosidl_typesupport_cpp.dir/rosidl_typesupport_cpp/px4_msgs/msg/task_stack_info__type_support.cpp.o[0m
[40.614s] [ 75%] [32mBuilding CXX object CMakeFiles/px4_msgs__rosidl_typesupport_cpp.dir/rosidl_typesupport_cpp/px4_msgs/msg/tecs_status__type_support.cpp.o[0m
[40.732s] [ 75%] [32mBuilding CXX object CMakeFiles/px4_msgs__rosidl_typesupport_fastrtps_cpp.dir/rosidl_typesupport_fastrtps_cpp/px4_msgs/msg/detail/dds_fastrtps/rpm__type_support.cpp.o[0m
[40.786s] [ 75%] [32mBuilding CXX object CMakeFiles/px4_msgs__rosidl_typesupport_introspection_cpp.dir/rosidl_typesupport_introspection_cpp/px4_msgs/msg/detail/sensor_gnss_relative__type_support.cpp.o[0m
[40.930s] [ 75%] [32mBuilding CXX object CMakeFiles/px4_msgs__rosidl_typesupport_introspection_cpp.dir/rosidl_typesupport_introspection_cpp/px4_msgs/msg/detail/sensor_gnss_status__type_support.cpp.o[0m
[40.930s] [ 75%] [32mBuilding CXX object CMakeFiles/px4_msgs__rosidl_typesupport_fastrtps_c.dir/rosidl_typesupport_fastrtps_c/px4_msgs/msg/detail/sensor_gps__type_support_c.cpp.o[0m
[40.968s] [ 75%] [32mBuilding CXX object CMakeFiles/px4_msgs__rosidl_typesupport_cpp.dir/rosidl_typesupport_cpp/px4_msgs/msg/telemetry_status__type_support.cpp.o[0m
[40.968s] [ 75%] [32mBuilding CXX object CMakeFiles/px4_msgs__rosidl_typesupport_fastrtps_c.dir/rosidl_typesupport_fastrtps_c/px4_msgs/msg/detail/sensor_gyro__type_support_c.cpp.o[0m
[40.987s] [ 75%] [32mBuilding CXX object CMakeFiles/px4_msgs__rosidl_typesupport_cpp.dir/rosidl_typesupport_cpp/px4_msgs/msg/tiltrotor_extra_controls__type_support.cpp.o[0m
[41.017s] [ 75%] [32mBuilding CXX object CMakeFiles/px4_msgs__rosidl_typesupport_introspection_cpp.dir/rosidl_typesupport_introspection_cpp/px4_msgs/msg/detail/sensor_gps__type_support.cpp.o[0m
[41.225s] [ 75%] [32mBuilding CXX object CMakeFiles/px4_msgs__rosidl_typesupport_fastrtps_cpp.dir/rosidl_typesupport_fastrtps_cpp/px4_msgs/msg/detail/dds_fastrtps/rtl_status__type_support.cpp.o[0m
[41.257s] [ 75%] [32mBuilding CXX object CMakeFiles/px4_msgs__rosidl_typesupport_fastrtps_cpp.dir/rosidl_typesupport_fastrtps_cpp/px4_msgs/msg/detail/dds_fastrtps/rtl_time_estimate__type_support.cpp.o[0m
[41.312s] [ 75%] [32mBuilding CXX object CMakeFiles/px4_msgs__rosidl_typesupport_fastrtps_cpp.dir/rosidl_typesupport_fastrtps_cpp/px4_msgs/msg/detail/dds_fastrtps/satellite_info__type_support.cpp.o[0m
[41.316s] [ 75%] [32mBuilding CXX object CMakeFiles/px4_msgs__rosidl_typesupport_cpp.dir/rosidl_typesupport_cpp/px4_msgs/msg/timesync_status__type_support.cpp.o[0m
[41.362s] [ 75%] [32mBuilding CXX object CMakeFiles/px4_msgs__rosidl_typesupport_fastrtps_cpp.dir/rosidl_typesupport_fastrtps_cpp/px4_msgs/msg/detail/dds_fastrtps/sensor_accel__type_support.cpp.o[0m
[41.390s] [ 75%] [32mBuilding CXX object CMakeFiles/px4_msgs__rosidl_typesupport_introspection_cpp.dir/rosidl_typesupport_introspection_cpp/px4_msgs/msg/detail/sensor_gyro__type_support.cpp.o[0m
[41.453s] [ 75%] [32mBuilding CXX object CMakeFiles/px4_msgs__rosidl_typesupport_fastrtps_c.dir/rosidl_typesupport_fastrtps_c/px4_msgs/msg/detail/sensor_gyro_fft__type_support_c.cpp.o[0m
[41.483s] [ 75%] [32mBuilding CXX object CMakeFiles/px4_msgs__rosidl_typesupport_cpp.dir/rosidl_typesupport_cpp/px4_msgs/msg/trajectory_setpoint__type_support.cpp.o[0m
[41.632s] [ 75%] [32mBuilding CXX object CMakeFiles/px4_msgs__rosidl_typesupport_introspection_cpp.dir/rosidl_typesupport_introspection_cpp/px4_msgs/msg/detail/sensor_gyro_fft__type_support.cpp.o[0m
[41.704s] [ 75%] [32mBuilding CXX object CMakeFiles/px4_msgs__rosidl_typesupport_cpp.dir/rosidl_typesupport_cpp/px4_msgs/msg/trajectory_setpoint6dof__type_support.cpp.o[0m
[41.710s] [ 75%] [32mBuilding CXX object CMakeFiles/px4_msgs__rosidl_typesupport_fastrtps_c.dir/rosidl_typesupport_fastrtps_c/px4_msgs/msg/detail/sensor_gyro_fifo__type_support_c.cpp.o[0m
[41.776s] [ 76%] [32mBuilding CXX object CMakeFiles/px4_msgs__rosidl_typesupport_introspection_cpp.dir/rosidl_typesupport_introspection_cpp/px4_msgs/msg/detail/sensor_gyro_fifo__type_support.cpp.o[0m
[41.794s] [ 76%] [32mBuilding CXX object CMakeFiles/px4_msgs__rosidl_typesupport_fastrtps_cpp.dir/rosidl_typesupport_fastrtps_cpp/px4_msgs/msg/detail/dds_fastrtps/sensor_accel_fifo__type_support.cpp.o[0m
[41.830s] [ 76%] [32mBuilding CXX object CMakeFiles/px4_msgs__rosidl_typesupport_fastrtps_c.dir/rosidl_typesupport_fastrtps_c/px4_msgs/msg/detail/sensor_hygrometer__type_support_c.cpp.o[0m
[41.836s] [ 76%] [32mBuilding CXX object CMakeFiles/px4_msgs__rosidl_typesupport_cpp.dir/rosidl_typesupport_cpp/px4_msgs/msg/transponder_report__type_support.cpp.o[0m
[41.872s] [ 76%] [32mBuilding CXX object CMakeFiles/px4_msgs__rosidl_typesupport_introspection_cpp.dir/rosidl_typesupport_introspection_cpp/px4_msgs/msg/detail/sensor_hygrometer__type_support.cpp.o[0m
[42.014s] [ 76%] [32mBuilding CXX object CMakeFiles/px4_msgs__rosidl_typesupport_fastrtps_cpp.dir/rosidl_typesupport_fastrtps_cpp/px4_msgs/msg/detail/dds_fastrtps/sensor_airflow__type_support.cpp.o[0m
[42.092s] [ 77%] [32mBuilding CXX object CMakeFiles/px4_msgs__rosidl_typesupport_cpp.dir/rosidl_typesupport_cpp/px4_msgs/msg/tune_control__type_support.cpp.o[0m
[42.107s] [ 77%] [32mBuilding CXX object CMakeFiles/px4_msgs__rosidl_typesupport_fastrtps_cpp.dir/rosidl_typesupport_fastrtps_cpp/px4_msgs/msg/detail/dds_fastrtps/sensor_baro__type_support.cpp.o[0m
[42.153s] [ 77%] [32mBuilding CXX object CMakeFiles/px4_msgs__rosidl_typesupport_introspection_cpp.dir/rosidl_typesupport_introspection_cpp/px4_msgs/msg/detail/sensor_mag__type_support.cpp.o[0m
[42.223s] [ 77%] [32mBuilding CXX object CMakeFiles/px4_msgs__rosidl_typesupport_fastrtps_c.dir/rosidl_typesupport_fastrtps_c/px4_msgs/msg/detail/sensor_mag__type_support_c.cpp.o[0m
[42.240s] [ 77%] [32mBuilding CXX object CMakeFiles/px4_msgs__rosidl_typesupport_cpp.dir/rosidl_typesupport_cpp/px4_msgs/msg/uavcan_parameter_request__type_support.cpp.o[0m
[42.258s] [ 77%] [32mBuilding CXX object CMakeFiles/px4_msgs__rosidl_typesupport_introspection_cpp.dir/rosidl_typesupport_introspection_cpp/px4_msgs/msg/detail/sensor_optical_flow__type_support.cpp.o[0m
[42.315s] [ 77%] [32mBuilding CXX object CMakeFiles/px4_msgs__rosidl_typesupport_cpp.dir/rosidl_typesupport_cpp/px4_msgs/msg/uavcan_parameter_value__type_support.cpp.o[0m
[42.408s] [ 77%] [32mBuilding CXX object CMakeFiles/px4_msgs__rosidl_typesupport_cpp.dir/rosidl_typesupport_cpp/px4_msgs/msg/ulog_stream__type_support.cpp.o[0m
[42.465s] [ 77%] [32mBuilding CXX object CMakeFiles/px4_msgs__rosidl_typesupport_fastrtps_c.dir/rosidl_typesupport_fastrtps_c/px4_msgs/msg/detail/sensor_optical_flow__type_support_c.cpp.o[0m
[42.602s] [ 77%] [32mBuilding CXX object CMakeFiles/px4_msgs__rosidl_typesupport_fastrtps_cpp.dir/rosidl_typesupport_fastrtps_cpp/px4_msgs/msg/detail/dds_fastrtps/sensor_combined__type_support.cpp.o[0m
[42.612s] [ 77%] [32mBuilding CXX object CMakeFiles/px4_msgs__rosidl_typesupport_fastrtps_cpp.dir/rosidl_typesupport_fastrtps_cpp/px4_msgs/msg/detail/dds_fastrtps/sensor_correction__type_support.cpp.o[0m
[42.623s] [ 77%] [32mBuilding CXX object CMakeFiles/px4_msgs__rosidl_typesupport_cpp.dir/rosidl_typesupport_cpp/px4_msgs/msg/ulog_stream_ack__type_support.cpp.o[0m
[42.625s] [ 77%] [32mBuilding CXX object CMakeFiles/px4_msgs__rosidl_typesupport_introspection_cpp.dir/rosidl_typesupport_introspection_cpp/px4_msgs/msg/detail/sensor_preflight_mag__type_support.cpp.o[0m
[42.627s] [ 77%] [32mBuilding CXX object CMakeFiles/px4_msgs__rosidl_typesupport_fastrtps_c.dir/rosidl_typesupport_fastrtps_c/px4_msgs/msg/detail/sensor_preflight_mag__type_support_c.cpp.o[0m
[42.746s] [ 77%] [32mBuilding CXX object CMakeFiles/px4_msgs__rosidl_typesupport_introspection_cpp.dir/rosidl_typesupport_introspection_cpp/px4_msgs/msg/detail/sensor_selection__type_support.cpp.o[0m
[42.751s] [ 77%] [32mBuilding CXX object CMakeFiles/px4_msgs__rosidl_typesupport_introspection_cpp.dir/rosidl_typesupport_introspection_cpp/px4_msgs/msg/detail/sensor_temp__type_support.cpp.o[0m
[42.883s] [ 77%] [32mBuilding CXX object CMakeFiles/px4_msgs__rosidl_typesupport_introspection_cpp.dir/rosidl_typesupport_introspection_cpp/px4_msgs/msg/detail/sensor_uwb__type_support.cpp.o[0m
[42.974s] [ 77%] [32mBuilding CXX object CMakeFiles/px4_msgs__rosidl_typesupport_cpp.dir/rosidl_typesupport_cpp/px4_msgs/msg/unregister_ext_component__type_support.cpp.o[0m
[43.020s] [ 77%] [32mBuilding CXX object CMakeFiles/px4_msgs__rosidl_typesupport_fastrtps_c.dir/rosidl_typesupport_fastrtps_c/px4_msgs/msg/detail/sensor_selection__type_support_c.cpp.o[0m
[43.122s] [ 77%] [32mBuilding CXX object CMakeFiles/px4_msgs__rosidl_typesupport_introspection_cpp.dir/rosidl_typesupport_introspection_cpp/px4_msgs/msg/detail/sensors_status__type_support.cpp.o[0m
[43.126s] [ 77%] [32mBuilding CXX object CMakeFiles/px4_msgs__rosidl_typesupport_cpp.dir/rosidl_typesupport_cpp/px4_msgs/msg/vehicle_acceleration__type_support.cpp.o[0m
[43.190s] [ 77%] [32mBuilding CXX object CMakeFiles/px4_msgs__rosidl_typesupport_fastrtps_cpp.dir/rosidl_typesupport_fastrtps_cpp/px4_msgs/msg/detail/dds_fastrtps/sensor_gnss_relative__type_support.cpp.o[0m
[43.197s] [ 77%] [32mBuilding CXX object CMakeFiles/px4_msgs__rosidl_typesupport_cpp.dir/rosidl_typesupport_cpp/px4_msgs/msg/vehicle_air_data__type_support.cpp.o[0m
[43.262s] [ 77%] [32mBuilding CXX object CMakeFiles/px4_msgs__rosidl_typesupport_cpp.dir/rosidl_typesupport_cpp/px4_msgs/msg/vehicle_angular_acceleration_setpoint__type_support.cpp.o[0m
[43.367s] [ 77%] [32mBuilding CXX object CMakeFiles/px4_msgs__rosidl_typesupport_fastrtps_cpp.dir/rosidl_typesupport_fastrtps_cpp/px4_msgs/msg/detail/dds_fastrtps/sensor_gnss_status__type_support.cpp.o[0m
[43.408s] [ 77%] [32mBuilding CXX object CMakeFiles/px4_msgs__rosidl_typesupport_introspection_cpp.dir/rosidl_typesupport_introspection_cpp/px4_msgs/msg/detail/sensors_status_imu__type_support.cpp.o[0m
[43.476s] [ 77%] [32mBuilding CXX object CMakeFiles/px4_msgs__rosidl_typesupport_fastrtps_c.dir/rosidl_typesupport_fastrtps_c/px4_msgs/msg/detail/sensor_temp__type_support_c.cpp.o[0m
[43.520s] [ 77%] [32mBuilding CXX object CMakeFiles/px4_msgs__rosidl_typesupport_fastrtps_c.dir/rosidl_typesupport_fastrtps_c/px4_msgs/msg/detail/sensor_uwb__type_support_c.cpp.o[0m
[43.555s] [ 77%] [32mBuilding CXX object CMakeFiles/px4_msgs__rosidl_typesupport_cpp.dir/rosidl_typesupport_cpp/px4_msgs/msg/vehicle_angular_velocity__type_support.cpp.o[0m
[43.583s] [ 77%] [32mBuilding CXX object CMakeFiles/px4_msgs__rosidl_typesupport_fastrtps_c.dir/rosidl_typesupport_fastrtps_c/px4_msgs/msg/detail/sensors_status__type_support_c.cpp.o[0m
[43.655s] [ 77%] [32mBuilding CXX object CMakeFiles/px4_msgs__rosidl_typesupport_fastrtps_cpp.dir/rosidl_typesupport_fastrtps_cpp/px4_msgs/msg/detail/dds_fastrtps/sensor_gps__type_support.cpp.o[0m
[43.683s] [ 77%] [32mBuilding CXX object CMakeFiles/px4_msgs__rosidl_typesupport_introspection_cpp.dir/rosidl_typesupport_introspection_cpp/px4_msgs/msg/detail/system_power__type_support.cpp.o[0m
[43.843s] [ 77%] [32mBuilding CXX object CMakeFiles/px4_msgs__rosidl_typesupport_fastrtps_c.dir/rosidl_typesupport_fastrtps_c/px4_msgs/msg/detail/sensors_status_imu__type_support_c.cpp.o[0m
[43.864s] [ 77%] [32mBuilding CXX object CMakeFiles/px4_msgs__rosidl_typesupport_fastrtps_c.dir/rosidl_typesupport_fastrtps_c/px4_msgs/msg/detail/system_power__type_support_c.cpp.o[0m
[43.870s] [ 77%] [32mBuilding CXX object CMakeFiles/px4_msgs__rosidl_typesupport_cpp.dir/rosidl_typesupport_cpp/px4_msgs/msg/vehicle_attitude__type_support.cpp.o[0m
[43.910s] [ 78%] [32mBuilding CXX object CMakeFiles/px4_msgs__rosidl_typesupport_fastrtps_c.dir/rosidl_typesupport_fastrtps_c/px4_msgs/msg/detail/takeoff_status__type_support_c.cpp.o[0m
[43.934s] [ 78%] [32mBuilding CXX object CMakeFiles/px4_msgs__rosidl_typesupport_fastrtps_cpp.dir/rosidl_typesupport_fastrtps_cpp/px4_msgs/msg/detail/dds_fastrtps/sensor_gyro__type_support.cpp.o[0m
[43.987s] [ 78%] [32mBuilding CXX object CMakeFiles/px4_msgs__rosidl_typesupport_fastrtps_c.dir/rosidl_typesupport_fastrtps_c/px4_msgs/msg/detail/task_stack_info__type_support_c.cpp.o[0m
[44.156s] [ 78%] [32mBuilding CXX object CMakeFiles/px4_msgs__rosidl_typesupport_fastrtps_c.dir/rosidl_typesupport_fastrtps_c/px4_msgs/msg/detail/tecs_status__type_support_c.cpp.o[0m
[44.187s] [ 78%] [32mBuilding CXX object CMakeFiles/px4_msgs__rosidl_typesupport_cpp.dir/rosidl_typesupport_cpp/px4_msgs/msg/vehicle_attitude_setpoint__type_support.cpp.o[0m
[44.216s] [ 78%] [32mBuilding CXX object CMakeFiles/px4_msgs__rosidl_typesupport_introspection_cpp.dir/rosidl_typesupport_introspection_cpp/px4_msgs/msg/detail/takeoff_status__type_support.cpp.o[0m
[44.280s] [ 78%] [32mBuilding CXX object CMakeFiles/px4_msgs__rosidl_typesupport_fastrtps_cpp.dir/rosidl_typesupport_fastrtps_cpp/px4_msgs/msg/detail/dds_fastrtps/sensor_gyro_fft__type_support.cpp.o[0m
[44.307s] [ 78%] [32mBuilding CXX object CMakeFiles/px4_msgs__rosidl_typesupport_introspection_cpp.dir/rosidl_typesupport_introspection_cpp/px4_msgs/msg/detail/task_stack_info__type_support.cpp.o[0m
[44.366s] [ 78%] [32mBuilding CXX object CMakeFiles/px4_msgs__rosidl_typesupport_cpp.dir/rosidl_typesupport_cpp/px4_msgs/msg/vehicle_command__type_support.cpp.o[0m
[44.395s] [ 78%] [32mBuilding CXX object CMakeFiles/px4_msgs__rosidl_typesupport_introspection_cpp.dir/rosidl_typesupport_introspection_cpp/px4_msgs/msg/detail/tecs_status__type_support.cpp.o[0m
[44.437s] [ 78%] [32mBuilding CXX object CMakeFiles/px4_msgs__rosidl_typesupport_introspection_cpp.dir/rosidl_typesupport_introspection_cpp/px4_msgs/msg/detail/telemetry_status__type_support.cpp.o[0m
[44.602s] [ 78%] [32mBuilding CXX object CMakeFiles/px4_msgs__rosidl_typesupport_fastrtps_c.dir/rosidl_typesupport_fastrtps_c/px4_msgs/msg/detail/telemetry_status__type_support_c.cpp.o[0m
[44.628s] [ 78%] [32mBuilding CXX object CMakeFiles/px4_msgs__rosidl_typesupport_introspection_cpp.dir/rosidl_typesupport_introspection_cpp/px4_msgs/msg/detail/tiltrotor_extra_controls__type_support.cpp.o[0m
[44.762s] [ 79%] [32mBuilding CXX object CMakeFiles/px4_msgs__rosidl_typesupport_fastrtps_cpp.dir/rosidl_typesupport_fastrtps_cpp/px4_msgs/msg/detail/dds_fastrtps/sensor_gyro_fifo__type_support.cpp.o[0m
[44.766s] [ 79%] [32mBuilding CXX object CMakeFiles/px4_msgs__rosidl_typesupport_cpp.dir/rosidl_typesupport_cpp/px4_msgs/msg/vehicle_command_ack__type_support.cpp.o[0m
[44.767s] [ 79%] [32mBuilding CXX object CMakeFiles/px4_msgs__rosidl_typesupport_introspection_cpp.dir/rosidl_typesupport_introspection_cpp/px4_msgs/msg/detail/timesync_status__type_support.cpp.o[0m
[44.837s] [ 79%] [32mBuilding CXX object CMakeFiles/px4_msgs__rosidl_typesupport_fastrtps_cpp.dir/rosidl_typesupport_fastrtps_cpp/px4_msgs/msg/detail/dds_fastrtps/sensor_hygrometer__type_support.cpp.o[0m
[44.871s] [ 79%] [32mBuilding CXX object CMakeFiles/px4_msgs__rosidl_typesupport_fastrtps_c.dir/rosidl_typesupport_fastrtps_c/px4_msgs/msg/detail/tiltrotor_extra_controls__type_support_c.cpp.o[0m
[44.970s] [ 79%] [32mBuilding CXX object CMakeFiles/px4_msgs__rosidl_typesupport_fastrtps_cpp.dir/rosidl_typesupport_fastrtps_cpp/px4_msgs/msg/detail/dds_fastrtps/sensor_mag__type_support.cpp.o[0m
[45.079s] [ 79%] [32mBuilding CXX object CMakeFiles/px4_msgs__rosidl_typesupport_cpp.dir/rosidl_typesupport_cpp/px4_msgs/msg/vehicle_constraints__type_support.cpp.o[0m
[45.112s] [ 79%] [32mBuilding CXX object CMakeFiles/px4_msgs__rosidl_typesupport_fastrtps_cpp.dir/rosidl_typesupport_fastrtps_cpp/px4_msgs/msg/detail/dds_fastrtps/sensor_optical_flow__type_support.cpp.o[0m
[45.153s] [ 79%] [32mBuilding CXX object CMakeFiles/px4_msgs__rosidl_typesupport_introspection_cpp.dir/rosidl_typesupport_introspection_cpp/px4_msgs/msg/detail/trajectory_setpoint__type_support.cpp.o[0m
[45.223s] [ 79%] [32mBuilding CXX object CMakeFiles/px4_msgs__rosidl_typesupport_fastrtps_cpp.dir/rosidl_typesupport_fastrtps_cpp/px4_msgs/msg/detail/dds_fastrtps/sensor_preflight_mag__type_support.cpp.o[0m
[45.299s] [ 79%] [32mBuilding CXX object CMakeFiles/px4_msgs__rosidl_typesupport_fastrtps_c.dir/rosidl_typesupport_fastrtps_c/px4_msgs/msg/detail/timesync_status__type_support_c.cpp.o[0m
[45.340s] [ 79%] [32mBuilding CXX object CMakeFiles/px4_msgs__rosidl_typesupport_cpp.dir/rosidl_typesupport_cpp/px4_msgs/msg/vehicle_control_mode__type_support.cpp.o[0m
[45.357s] [ 79%] [32mBuilding CXX object CMakeFiles/px4_msgs__rosidl_typesupport_fastrtps_cpp.dir/rosidl_typesupport_fastrtps_cpp/px4_msgs/msg/detail/dds_fastrtps/sensor_selection__type_support.cpp.o[0m
[45.414s] [ 79%] [32mBuilding CXX object CMakeFiles/px4_msgs__rosidl_typesupport_introspection_cpp.dir/rosidl_typesupport_introspection_cpp/px4_msgs/msg/detail/trajectory_setpoint6dof__type_support.cpp.o[0m
[45.508s] [ 80%] [32mBuilding CXX object CMakeFiles/px4_msgs__rosidl_typesupport_introspection_cpp.dir/rosidl_typesupport_introspection_cpp/px4_msgs/msg/detail/transponder_report__type_support.cpp.o[0m
[45.618s] [ 80%] [32mBuilding CXX object CMakeFiles/px4_msgs__rosidl_typesupport_fastrtps_cpp.dir/rosidl_typesupport_fastrtps_cpp/px4_msgs/msg/detail/dds_fastrtps/sensor_temp__type_support.cpp.o[0m
[45.646s] [ 80%] [32mBuilding CXX object CMakeFiles/px4_msgs__rosidl_typesupport_fastrtps_c.dir/rosidl_typesupport_fastrtps_c/px4_msgs/msg/detail/trajectory_setpoint__type_support_c.cpp.o[0m
[45.693s] [ 80%] [32mBuilding CXX object CMakeFiles/px4_msgs__rosidl_typesupport_cpp.dir/rosidl_typesupport_cpp/px4_msgs/msg/vehicle_global_position__type_support.cpp.o[0m
[45.697s] [ 80%] [32mBuilding CXX object CMakeFiles/px4_msgs__rosidl_typesupport_cpp.dir/rosidl_typesupport_cpp/px4_msgs/msg/vehicle_imu__type_support.cpp.o[0m
[45.715s] [ 80%] [32mBuilding CXX object CMakeFiles/px4_msgs__rosidl_typesupport_cpp.dir/rosidl_typesupport_cpp/px4_msgs/msg/vehicle_imu_status__type_support.cpp.o[0m
[45.813s] [ 80%] [32mBuilding CXX object CMakeFiles/px4_msgs__rosidl_typesupport_introspection_cpp.dir/rosidl_typesupport_introspection_cpp/px4_msgs/msg/detail/tune_control__type_support.cpp.o[0m
[45.892s] [ 80%] [32mBuilding CXX object CMakeFiles/px4_msgs__rosidl_typesupport_fastrtps_c.dir/rosidl_typesupport_fastrtps_c/px4_msgs/msg/detail/trajectory_setpoint6dof__type_support_c.cpp.o[0m
[46.014s] [ 80%] [32mBuilding CXX object CMakeFiles/px4_msgs__rosidl_typesupport_fastrtps_c.dir/rosidl_typesupport_fastrtps_c/px4_msgs/msg/detail/transponder_report__type_support_c.cpp.o[0m
[46.046s] [ 80%] [32mBuilding CXX object CMakeFiles/px4_msgs__rosidl_typesupport_fastrtps_c.dir/rosidl_typesupport_fastrtps_c/px4_msgs/msg/detail/tune_control__type_support_c.cpp.o[0m
[46.061s] [ 81%] [32mBuilding CXX object CMakeFiles/px4_msgs__rosidl_typesupport_cpp.dir/rosidl_typesupport_cpp/px4_msgs/msg/vehicle_land_detected__type_support.cpp.o[0m
[46.062s] [ 81%] [32mBuilding CXX object CMakeFiles/px4_msgs__rosidl_typesupport_fastrtps_c.dir/rosidl_typesupport_fastrtps_c/px4_msgs/msg/detail/uavcan_parameter_request__type_support_c.cpp.o[0m
[46.066s] [ 81%] [32mBuilding CXX object CMakeFiles/px4_msgs__rosidl_typesupport_introspection_cpp.dir/rosidl_typesupport_introspection_cpp/px4_msgs/msg/detail/uavcan_parameter_request__type_support.cpp.o[0m
[46.079s] [ 81%] [32mBuilding CXX object CMakeFiles/px4_msgs__rosidl_typesupport_fastrtps_cpp.dir/rosidl_typesupport_fastrtps_cpp/px4_msgs/msg/detail/dds_fastrtps/sensor_uwb__type_support.cpp.o[0m
[46.283s] [ 81%] [32mBuilding CXX object CMakeFiles/px4_msgs__rosidl_typesupport_cpp.dir/rosidl_typesupport_cpp/px4_msgs/msg/vehicle_local_position__type_support.cpp.o[0m
[46.413s] [ 81%] [32mBuilding CXX object CMakeFiles/px4_msgs__rosidl_typesupport_cpp.dir/rosidl_typesupport_cpp/px4_msgs/msg/vehicle_local_position_setpoint__type_support.cpp.o[0m
[46.428s] [ 81%] [32mBuilding CXX object CMakeFiles/px4_msgs__rosidl_typesupport_fastrtps_c.dir/rosidl_typesupport_fastrtps_c/px4_msgs/msg/detail/uavcan_parameter_value__type_support_c.cpp.o[0m
[46.485s] [ 81%] [32mBuilding CXX object CMakeFiles/px4_msgs__rosidl_typesupport_cpp.dir/rosidl_typesupport_cpp/px4_msgs/msg/vehicle_magnetometer__type_support.cpp.o[0m
[46.515s] [ 81%] [32mBuilding CXX object CMakeFiles/px4_msgs__rosidl_typesupport_fastrtps_cpp.dir/rosidl_typesupport_fastrtps_cpp/px4_msgs/msg/detail/dds_fastrtps/sensors_status__type_support.cpp.o[0m
[46.561s] [ 81%] [32mBuilding CXX object CMakeFiles/px4_msgs__rosidl_typesupport_fastrtps_cpp.dir/rosidl_typesupport_fastrtps_cpp/px4_msgs/msg/detail/dds_fastrtps/sensors_status_imu__type_support.cpp.o[0m
[46.561s] [ 81%] [32mBuilding CXX object CMakeFiles/px4_msgs__rosidl_typesupport_fastrtps_cpp.dir/rosidl_typesupport_fastrtps_cpp/px4_msgs/msg/detail/dds_fastrtps/system_power__type_support.cpp.o[0m
[46.565s] [ 81%] [32mBuilding CXX object CMakeFiles/px4_msgs__rosidl_typesupport_introspection_cpp.dir/rosidl_typesupport_introspection_cpp/px4_msgs/msg/detail/uavcan_parameter_value__type_support.cpp.o[0m
[46.632s] [ 81%] [32mBuilding CXX object CMakeFiles/px4_msgs__rosidl_typesupport_fastrtps_cpp.dir/rosidl_typesupport_fastrtps_cpp/px4_msgs/msg/detail/dds_fastrtps/takeoff_status__type_support.cpp.o[0m
[46.804s] [ 81%] [32mBuilding CXX object CMakeFiles/px4_msgs__rosidl_typesupport_fastrtps_c.dir/rosidl_typesupport_fastrtps_c/px4_msgs/msg/detail/ulog_stream__type_support_c.cpp.o[0m
[46.822s] [ 81%] [32mBuilding CXX object CMakeFiles/px4_msgs__rosidl_typesupport_cpp.dir/rosidl_typesupport_cpp/px4_msgs/msg/vehicle_odometry__type_support.cpp.o[0m
[46.865s] [ 81%] [32mBuilding CXX object CMakeFiles/px4_msgs__rosidl_typesupport_cpp.dir/rosidl_typesupport_cpp/px4_msgs/msg/vehicle_optical_flow__type_support.cpp.o[0m
[47.084s] [ 81%] [32mBuilding CXX object CMakeFiles/px4_msgs__rosidl_typesupport_introspection_cpp.dir/rosidl_typesupport_introspection_cpp/px4_msgs/msg/detail/ulog_stream__type_support.cpp.o[0m
[47.190s] [ 81%] [32mBuilding CXX object CMakeFiles/px4_msgs__rosidl_typesupport_fastrtps_cpp.dir/rosidl_typesupport_fastrtps_cpp/px4_msgs/msg/detail/dds_fastrtps/task_stack_info__type_support.cpp.o[0m
[47.196s] [ 81%] [32mBuilding CXX object CMakeFiles/px4_msgs__rosidl_typesupport_cpp.dir/rosidl_typesupport_cpp/px4_msgs/msg/vehicle_optical_flow_vel__type_support.cpp.o[0m
[47.228s] [ 81%] [32mBuilding CXX object CMakeFiles/px4_msgs__rosidl_typesupport_cpp.dir/rosidl_typesupport_cpp/px4_msgs/msg/vehicle_rates_setpoint__type_support.cpp.o[0m
[47.242s] [ 81%] [32mBuilding CXX object CMakeFiles/px4_msgs__rosidl_typesupport_cpp.dir/rosidl_typesupport_cpp/px4_msgs/msg/vehicle_roi__type_support.cpp.o[0m
[47.255s] [ 81%] [32mBuilding CXX object CMakeFiles/px4_msgs__rosidl_typesupport_fastrtps_c.dir/rosidl_typesupport_fastrtps_c/px4_msgs/msg/detail/ulog_stream_ack__type_support_c.cpp.o[0m
[47.259s] [ 81%] [32mBuilding CXX object CMakeFiles/px4_msgs__rosidl_typesupport_fastrtps_c.dir/rosidl_typesupport_fastrtps_c/px4_msgs/msg/detail/unregister_ext_component__type_support_c.cpp.o[0m
[47.322s] [ 81%] [32mBuilding CXX object CMakeFiles/px4_msgs__rosidl_typesupport_cpp.dir/rosidl_typesupport_cpp/px4_msgs/msg/vehicle_status__type_support.cpp.o[0m
[47.577s] [ 81%] [32mBuilding CXX object CMakeFiles/px4_msgs__rosidl_typesupport_fastrtps_cpp.dir/rosidl_typesupport_fastrtps_cpp/px4_msgs/msg/detail/dds_fastrtps/tecs_status__type_support.cpp.o[0m
[47.630s] [ 81%] [32mBuilding CXX object CMakeFiles/px4_msgs__rosidl_typesupport_introspection_cpp.dir/rosidl_typesupport_introspection_cpp/px4_msgs/msg/detail/ulog_stream_ack__type_support.cpp.o[0m
[47.650s] [ 81%] [32mBuilding CXX object CMakeFiles/px4_msgs__rosidl_typesupport_fastrtps_c.dir/rosidl_typesupport_fastrtps_c/px4_msgs/msg/detail/vehicle_acceleration__type_support_c.cpp.o[0m
[47.678s] [ 81%] [32mBuilding CXX object CMakeFiles/px4_msgs__rosidl_typesupport_cpp.dir/rosidl_typesupport_cpp/px4_msgs/msg/vehicle_thrust_setpoint__type_support.cpp.o[0m
[47.690s] [ 81%] [32mBuilding CXX object CMakeFiles/px4_msgs__rosidl_typesupport_introspection_cpp.dir/rosidl_typesupport_introspection_cpp/px4_msgs/msg/detail/unregister_ext_component__type_support.cpp.o[0m
[47.698s] [ 81%] [32mBuilding CXX object CMakeFiles/px4_msgs__rosidl_typesupport_introspection_cpp.dir/rosidl_typesupport_introspection_cpp/px4_msgs/msg/detail/vehicle_acceleration__type_support.cpp.o[0m
[47.743s] [ 81%] [32mBuilding CXX object CMakeFiles/px4_msgs__rosidl_typesupport_fastrtps_cpp.dir/rosidl_typesupport_fastrtps_cpp/px4_msgs/msg/detail/dds_fastrtps/telemetry_status__type_support.cpp.o[0m
[47.774s] [ 81%] [32mBuilding CXX object CMakeFiles/px4_msgs__rosidl_typesupport_fastrtps_cpp.dir/rosidl_typesupport_fastrtps_cpp/px4_msgs/msg/detail/dds_fastrtps/tiltrotor_extra_controls__type_support.cpp.o[0m
[48.037s] [ 81%] [32mBuilding CXX object CMakeFiles/px4_msgs__rosidl_typesupport_cpp.dir/rosidl_typesupport_cpp/px4_msgs/msg/vehicle_torque_setpoint__type_support.cpp.o[0m
[48.055s] [ 81%] [32mBuilding CXX object CMakeFiles/px4_msgs__rosidl_typesupport_introspection_cpp.dir/rosidl_typesupport_introspection_cpp/px4_msgs/msg/detail/vehicle_air_data__type_support.cpp.o[0m
[48.106s] [ 81%] [32mBuilding CXX object CMakeFiles/px4_msgs__rosidl_typesupport_fastrtps_c.dir/rosidl_typesupport_fastrtps_c/px4_msgs/msg/detail/vehicle_air_data__type_support_c.cpp.o[0m
[48.125s] [ 81%] [32mBuilding CXX object CMakeFiles/px4_msgs__rosidl_typesupport_fastrtps_cpp.dir/rosidl_typesupport_fastrtps_cpp/px4_msgs/msg/detail/dds_fastrtps/timesync_status__type_support.cpp.o[0m
[48.162s] [ 81%] [32mBuilding CXX object CMakeFiles/px4_msgs__rosidl_typesupport_fastrtps_cpp.dir/rosidl_typesupport_fastrtps_cpp/px4_msgs/msg/detail/dds_fastrtps/trajectory_setpoint__type_support.cpp.o[0m
[48.164s] [ 81%] [32mBuilding CXX object CMakeFiles/px4_msgs__rosidl_typesupport_fastrtps_c.dir/rosidl_typesupport_fastrtps_c/px4_msgs/msg/detail/vehicle_angular_acceleration_setpoint__type_support_c.cpp.o[0m
[48.238s] [ 81%] [32mBuilding CXX object CMakeFiles/px4_msgs__rosidl_typesupport_fastrtps_c.dir/rosidl_typesupport_fastrtps_c/px4_msgs/msg/detail/vehicle_angular_velocity__type_support_c.cpp.o[0m
[48.267s] [ 82%] [32mBuilding CXX object CMakeFiles/px4_msgs__rosidl_typesupport_fastrtps_c.dir/rosidl_typesupport_fastrtps_c/px4_msgs/msg/detail/vehicle_attitude__type_support_c.cpp.o[0m
[48.346s] [ 82%] [32mBuilding CXX object CMakeFiles/px4_msgs__rosidl_typesupport_cpp.dir/rosidl_typesupport_cpp/px4_msgs/msg/velocity_limits__type_support.cpp.o[0m
[48.507s] [ 82%] [32mBuilding CXX object CMakeFiles/px4_msgs__rosidl_typesupport_introspection_cpp.dir/rosidl_typesupport_introspection_cpp/px4_msgs/msg/detail/vehicle_angular_acceleration_setpoint__type_support.cpp.o[0m
[48.511s] [ 82%] [32mBuilding CXX object CMakeFiles/px4_msgs__rosidl_typesupport_fastrtps_cpp.dir/rosidl_typesupport_fastrtps_cpp/px4_msgs/msg/detail/dds_fastrtps/trajectory_setpoint6dof__type_support.cpp.o[0m
[48.570s] [ 82%] [32mBuilding CXX object CMakeFiles/px4_msgs__rosidl_typesupport_cpp.dir/rosidl_typesupport_cpp/px4_msgs/msg/vtol_vehicle_status__type_support.cpp.o[0m
[48.623s] [ 82%] [32mBuilding CXX object CMakeFiles/px4_msgs__rosidl_typesupport_introspection_cpp.dir/rosidl_typesupport_introspection_cpp/px4_msgs/msg/detail/vehicle_angular_velocity__type_support.cpp.o[0m
[48.625s] [ 82%] [32mBuilding CXX object CMakeFiles/px4_msgs__rosidl_typesupport_fastrtps_cpp.dir/rosidl_typesupport_fastrtps_cpp/px4_msgs/msg/detail/dds_fastrtps/transponder_report__type_support.cpp.o[0m
[48.632s] [ 82%] [32mBuilding CXX object CMakeFiles/px4_msgs__rosidl_typesupport_cpp.dir/rosidl_typesupport_cpp/px4_msgs/msg/vtx__type_support.cpp.o[0m
[48.673s] [ 83%] [32mBuilding CXX object CMakeFiles/px4_msgs__rosidl_typesupport_fastrtps_cpp.dir/rosidl_typesupport_fastrtps_cpp/px4_msgs/msg/detail/dds_fastrtps/tune_control__type_support.cpp.o[0m
[48.686s] [ 83%] [32mBuilding CXX object CMakeFiles/px4_msgs__rosidl_typesupport_fastrtps_c.dir/rosidl_typesupport_fastrtps_c/px4_msgs/msg/detail/vehicle_attitude_setpoint__type_support_c.cpp.o[0m
[48.886s] [ 83%] [32mBuilding CXX object CMakeFiles/px4_msgs__rosidl_typesupport_introspection_cpp.dir/rosidl_typesupport_introspection_cpp/px4_msgs/msg/detail/vehicle_attitude__type_support.cpp.o[0m
[48.953s] [ 83%] [32mBuilding CXX object CMakeFiles/px4_msgs__rosidl_typesupport_cpp.dir/rosidl_typesupport_cpp/px4_msgs/msg/wheel_encoders__type_support.cpp.o[0m
[48.973s] [ 83%] [32mBuilding CXX object CMakeFiles/px4_msgs__rosidl_typesupport_fastrtps_cpp.dir/rosidl_typesupport_fastrtps_cpp/px4_msgs/msg/detail/dds_fastrtps/uavcan_parameter_request__type_support.cpp.o[0m
[48.977s] [ 83%] [32mBuilding CXX object CMakeFiles/px4_msgs__rosidl_typesupport_introspection_cpp.dir/rosidl_typesupport_introspection_cpp/px4_msgs/msg/detail/vehicle_attitude_setpoint__type_support.cpp.o[0m
[49.090s] [ 83%] [32mBuilding CXX object CMakeFiles/px4_msgs__rosidl_typesupport_fastrtps_c.dir/rosidl_typesupport_fastrtps_c/px4_msgs/msg/detail/vehicle_command__type_support_c.cpp.o[0m
[49.105s] [ 83%] [32mBuilding CXX object CMakeFiles/px4_msgs__rosidl_typesupport_introspection_cpp.dir/rosidl_typesupport_introspection_cpp/px4_msgs/msg/detail/vehicle_command__type_support.cpp.o[0m
[49.110s] [ 83%] [32mBuilding CXX object CMakeFiles/px4_msgs__rosidl_typesupport_cpp.dir/rosidl_typesupport_cpp/px4_msgs/msg/wind__type_support.cpp.o[0m
[49.155s] [ 83%] [32mBuilding CXX object CMakeFiles/px4_msgs__rosidl_typesupport_fastrtps_c.dir/rosidl_typesupport_fastrtps_c/px4_msgs/msg/detail/vehicle_command_ack__type_support_c.cpp.o[0m
[49.261s] [ 83%] [32mBuilding CXX object CMakeFiles/px4_msgs__rosidl_typesupport_fastrtps_cpp.dir/rosidl_typesupport_fastrtps_cpp/px4_msgs/msg/detail/dds_fastrtps/uavcan_parameter_value__type_support.cpp.o[0m
[49.355s] [ 83%] [32mBuilding CXX object CMakeFiles/px4_msgs__rosidl_typesupport_fastrtps_c.dir/rosidl_typesupport_fastrtps_c/px4_msgs/msg/detail/vehicle_constraints__type_support_c.cpp.o[0m
[49.443s] [ 83%] [32mBuilding CXX object CMakeFiles/px4_msgs__rosidl_typesupport_cpp.dir/rosidl_typesupport_cpp/px4_msgs/msg/yaw_estimator_status__type_support.cpp.o[0m
[49.443s] [ 83%] [32mBuilding CXX object CMakeFiles/px4_msgs__rosidl_typesupport_fastrtps_c.dir/rosidl_typesupport_fastrtps_c/px4_msgs/msg/detail/vehicle_control_mode__type_support_c.cpp.o[0m
[49.446s] [ 83%] [32mBuilding CXX object CMakeFiles/px4_msgs__rosidl_typesupport_introspection_cpp.dir/rosidl_typesupport_introspection_cpp/px4_msgs/msg/detail/vehicle_command_ack__type_support.cpp.o[0m
[49.514s] [ 83%] [32mBuilding CXX object CMakeFiles/px4_msgs__rosidl_typesupport_cpp.dir/rosidl_typesupport_cpp/px4_msgs/srv/vehicle_command__type_support.cpp.o[0m
[49.547s] [ 83%] [32mBuilding CXX object CMakeFiles/px4_msgs__rosidl_typesupport_fastrtps_c.dir/rosidl_typesupport_fastrtps_c/px4_msgs/msg/detail/vehicle_global_position__type_support_c.cpp.o[0m
[49.582s] [ 83%] [32mBuilding CXX object CMakeFiles/px4_msgs__rosidl_typesupport_introspection_cpp.dir/rosidl_typesupport_introspection_cpp/px4_msgs/msg/detail/vehicle_constraints__type_support.cpp.o[0m
[49.737s] [ 83%] [32mBuilding CXX object CMakeFiles/px4_msgs__rosidl_typesupport_fastrtps_cpp.dir/rosidl_typesupport_fastrtps_cpp/px4_msgs/msg/detail/dds_fastrtps/ulog_stream__type_support.cpp.o[0m
[49.745s] [ 83%] [32mBuilding CXX object CMakeFiles/px4_msgs__rosidl_typesupport_introspection_cpp.dir/rosidl_typesupport_introspection_cpp/px4_msgs/msg/detail/vehicle_control_mode__type_support.cpp.o[0m
[49.755s] [ 83%] [32mBuilding CXX object CMakeFiles/px4_msgs__rosidl_typesupport_introspection_cpp.dir/rosidl_typesupport_introspection_cpp/px4_msgs/msg/detail/vehicle_global_position__type_support.cpp.o[0m
[49.842s] [ 83%] [32mBuilding CXX object CMakeFiles/px4_msgs__rosidl_typesupport_introspection_cpp.dir/rosidl_typesupport_introspection_cpp/px4_msgs/msg/detail/vehicle_imu__type_support.cpp.o[0m
[49.842s] [ 83%] [32m[1mLinking CXX shared library libpx4_msgs__rosidl_typesupport_cpp.so[0m
[49.936s] [ 83%] [32mBuilding CXX object CMakeFiles/px4_msgs__rosidl_typesupport_fastrtps_c.dir/rosidl_typesupport_fastrtps_c/px4_msgs/msg/detail/vehicle_imu__type_support_c.cpp.o[0m
[49.958s] [ 83%] [32mBuilding CXX object CMakeFiles/px4_msgs__rosidl_typesupport_fastrtps_c.dir/rosidl_typesupport_fastrtps_c/px4_msgs/msg/detail/vehicle_imu_status__type_support_c.cpp.o[0m
[49.978s] [ 83%] Built target px4_msgs__rosidl_typesupport_cpp
[49.987s] [ 83%] [32mBuilding CXX object CMakeFiles/px4_msgs__rosidl_typesupport_fastrtps_cpp.dir/rosidl_typesupport_fastrtps_cpp/px4_msgs/msg/detail/dds_fastrtps/ulog_stream_ack__type_support.cpp.o[0m
[50.047s] [ 83%] [32mBuilding CXX object CMakeFiles/px4_msgs__rosidl_typesupport_fastrtps_cpp.dir/rosidl_typesupport_fastrtps_cpp/px4_msgs/msg/detail/dds_fastrtps/unregister_ext_component__type_support.cpp.o[0m
[50.194s] [ 83%] [32mBuilding CXX object CMakeFiles/px4_msgs__rosidl_typesupport_fastrtps_c.dir/rosidl_typesupport_fastrtps_c/px4_msgs/msg/detail/vehicle_land_detected__type_support_c.cpp.o[0m
[50.202s] [ 83%] [32mBuilding CXX object CMakeFiles/px4_msgs__rosidl_typesupport_fastrtps_cpp.dir/rosidl_typesupport_fastrtps_cpp/px4_msgs/msg/detail/dds_fastrtps/vehicle_acceleration__type_support.cpp.o[0m
[50.208s] [ 83%] [32mBuilding CXX object CMakeFiles/px4_msgs__rosidl_typesupport_introspection_cpp.dir/rosidl_typesupport_introspection_cpp/px4_msgs/msg/detail/vehicle_imu_status__type_support.cpp.o[0m
[50.317s] [ 83%] [32mBuilding CXX object CMakeFiles/px4_msgs__rosidl_typesupport_fastrtps_cpp.dir/rosidl_typesupport_fastrtps_cpp/px4_msgs/msg/detail/dds_fastrtps/vehicle_air_data__type_support.cpp.o[0m
[50.357s] [ 83%] [32mBuilding CXX object CMakeFiles/px4_msgs__rosidl_typesupport_fastrtps_c.dir/rosidl_typesupport_fastrtps_c/px4_msgs/msg/detail/vehicle_local_position__type_support_c.cpp.o[0m
[50.404s] [ 83%] [32mBuilding CXX object CMakeFiles/px4_msgs__rosidl_typesupport_fastrtps_cpp.dir/rosidl_typesupport_fastrtps_cpp/px4_msgs/msg/detail/dds_fastrtps/vehicle_angular_acceleration_setpoint__type_support.cpp.o[0m
[50.441s] [ 84%] [32mBuilding CXX object CMakeFiles/px4_msgs__rosidl_typesupport_introspection_cpp.dir/rosidl_typesupport_introspection_cpp/px4_msgs/msg/detail/vehicle_land_detected__type_support.cpp.o[0m
[50.526s] [ 84%] [32mBuilding CXX object CMakeFiles/px4_msgs__rosidl_typesupport_introspection_cpp.dir/rosidl_typesupport_introspection_cpp/px4_msgs/msg/detail/vehicle_local_position__type_support.cpp.o[0m
[50.625s] [ 84%] [32mBuilding CXX object CMakeFiles/px4_msgs__rosidl_typesupport_introspection_cpp.dir/rosidl_typesupport_introspection_cpp/px4_msgs/msg/detail/vehicle_local_position_setpoint__type_support.cpp.o[0m
[50.662s] [ 84%] [32mBuilding CXX object CMakeFiles/px4_msgs__rosidl_typesupport_introspection_cpp.dir/rosidl_typesupport_introspection_cpp/px4_msgs/msg/detail/vehicle_magnetometer__type_support.cpp.o[0m
[50.690s] [ 84%] [32mBuilding CXX object CMakeFiles/px4_msgs__rosidl_typesupport_fastrtps_c.dir/rosidl_typesupport_fastrtps_c/px4_msgs/msg/detail/vehicle_local_position_setpoint__type_support_c.cpp.o[0m
[50.782s] [ 84%] [32mBuilding CXX object CMakeFiles/px4_msgs__rosidl_typesupport_fastrtps_cpp.dir/rosidl_typesupport_fastrtps_cpp/px4_msgs/msg/detail/dds_fastrtps/vehicle_angular_velocity__type_support.cpp.o[0m
[50.799s] [ 84%] [32mBuilding CXX object CMakeFiles/px4_msgs__rosidl_typesupport_introspection_cpp.dir/rosidl_typesupport_introspection_cpp/px4_msgs/msg/detail/vehicle_odometry__type_support.cpp.o[0m
[50.877s] [ 84%] [32mBuilding CXX object CMakeFiles/px4_msgs__rosidl_typesupport_introspection_cpp.dir/rosidl_typesupport_introspection_cpp/px4_msgs/msg/detail/vehicle_optical_flow__type_support.cpp.o[0m
[50.882s] [ 84%] [32mBuilding CXX object CMakeFiles/px4_msgs__rosidl_typesupport_fastrtps_c.dir/rosidl_typesupport_fastrtps_c/px4_msgs/msg/detail/vehicle_magnetometer__type_support_c.cpp.o[0m
[50.999s] [ 84%] [32mBuilding CXX object CMakeFiles/px4_msgs__rosidl_typesupport_fastrtps_c.dir/rosidl_typesupport_fastrtps_c/px4_msgs/msg/detail/vehicle_odometry__type_support_c.cpp.o[0m
[51.084s] [ 84%] [32mBuilding CXX object CMakeFiles/px4_msgs__rosidl_typesupport_fastrtps_cpp.dir/rosidl_typesupport_fastrtps_cpp/px4_msgs/msg/detail/dds_fastrtps/vehicle_attitude__type_support.cpp.o[0m
[51.094s] [ 84%] [32mBuilding CXX object CMakeFiles/px4_msgs__rosidl_typesupport_fastrtps_c.dir/rosidl_typesupport_fastrtps_c/px4_msgs/msg/detail/vehicle_optical_flow__type_support_c.cpp.o[0m
[51.107s] [ 84%] [32mBuilding CXX object CMakeFiles/px4_msgs__rosidl_typesupport_fastrtps_cpp.dir/rosidl_typesupport_fastrtps_cpp/px4_msgs/msg/detail/dds_fastrtps/vehicle_attitude_setpoint__type_support.cpp.o[0m
[51.240s] [ 84%] [32mBuilding CXX object CMakeFiles/px4_msgs__rosidl_typesupport_fastrtps_cpp.dir/rosidl_typesupport_fastrtps_cpp/px4_msgs/msg/detail/dds_fastrtps/vehicle_command__type_support.cpp.o[0m
[51.271s] [ 84%] [32mBuilding CXX object CMakeFiles/px4_msgs__rosidl_typesupport_introspection_cpp.dir/rosidl_typesupport_introspection_cpp/px4_msgs/msg/detail/vehicle_optical_flow_vel__type_support.cpp.o[0m
[51.297s] [ 84%] [32mBuilding CXX object CMakeFiles/px4_msgs__rosidl_typesupport_introspection_cpp.dir/rosidl_typesupport_introspection_cpp/px4_msgs/msg/detail/vehicle_rates_setpoint__type_support.cpp.o[0m
[51.337s] [ 84%] [32mBuilding CXX object CMakeFiles/px4_msgs__rosidl_typesupport_fastrtps_cpp.dir/rosidl_typesupport_fastrtps_cpp/px4_msgs/msg/detail/dds_fastrtps/vehicle_command_ack__type_support.cpp.o[0m
[51.416s] [ 84%] [32mBuilding CXX object CMakeFiles/px4_msgs__rosidl_typesupport_fastrtps_cpp.dir/rosidl_typesupport_fastrtps_cpp/px4_msgs/msg/detail/dds_fastrtps/vehicle_constraints__type_support.cpp.o[0m
[51.517s] [ 84%] [32mBuilding CXX object CMakeFiles/px4_msgs__rosidl_typesupport_fastrtps_c.dir/rosidl_typesupport_fastrtps_c/px4_msgs/msg/detail/vehicle_optical_flow_vel__type_support_c.cpp.o[0m
[51.553s] [ 84%] [32mBuilding CXX object CMakeFiles/px4_msgs__rosidl_typesupport_introspection_cpp.dir/rosidl_typesupport_introspection_cpp/px4_msgs/msg/detail/vehicle_roi__type_support.cpp.o[0m
[51.570s] [ 84%] [32mBuilding CXX object CMakeFiles/px4_msgs__rosidl_typesupport_introspection_cpp.dir/rosidl_typesupport_introspection_cpp/px4_msgs/msg/detail/vehicle_status__type_support.cpp.o[0m
[51.721s] [ 84%] [32mBuilding CXX object CMakeFiles/px4_msgs__rosidl_typesupport_fastrtps_c.dir/rosidl_typesupport_fastrtps_c/px4_msgs/msg/detail/vehicle_rates_setpoint__type_support_c.cpp.o[0m
[51.749s] [ 84%] [32mBuilding CXX object CMakeFiles/px4_msgs__rosidl_typesupport_fastrtps_c.dir/rosidl_typesupport_fastrtps_c/px4_msgs/msg/detail/vehicle_roi__type_support_c.cpp.o[0m
[51.802s] [ 84%] [32mBuilding CXX object CMakeFiles/px4_msgs__rosidl_typesupport_fastrtps_c.dir/rosidl_typesupport_fastrtps_c/px4_msgs/msg/detail/vehicle_status__type_support_c.cpp.o[0m
[51.805s] [ 84%] [32mBuilding CXX object CMakeFiles/px4_msgs__rosidl_typesupport_introspection_cpp.dir/rosidl_typesupport_introspection_cpp/px4_msgs/msg/detail/vehicle_thrust_setpoint__type_support.cpp.o[0m
[51.890s] [ 84%] [32mBuilding CXX object CMakeFiles/px4_msgs__rosidl_typesupport_fastrtps_cpp.dir/rosidl_typesupport_fastrtps_cpp/px4_msgs/msg/detail/dds_fastrtps/vehicle_control_mode__type_support.cpp.o[0m
[51.937s] [ 84%] [32mBuilding CXX object CMakeFiles/px4_msgs__rosidl_typesupport_introspection_cpp.dir/rosidl_typesupport_introspection_cpp/px4_msgs/msg/detail/vehicle_torque_setpoint__type_support.cpp.o[0m
[51.991s] [ 84%] [32mBuilding CXX object CMakeFiles/px4_msgs__rosidl_typesupport_fastrtps_c.dir/rosidl_typesupport_fastrtps_c/px4_msgs/msg/detail/vehicle_thrust_setpoint__type_support_c.cpp.o[0m
[52.016s] [ 84%] [32mBuilding CXX object CMakeFiles/px4_msgs__rosidl_typesupport_fastrtps_cpp.dir/rosidl_typesupport_fastrtps_cpp/px4_msgs/msg/detail/dds_fastrtps/vehicle_global_position__type_support.cpp.o[0m
[52.116s] [ 84%] [32mBuilding CXX object CMakeFiles/px4_msgs__rosidl_typesupport_introspection_cpp.dir/rosidl_typesupport_introspection_cpp/px4_msgs/msg/detail/velocity_limits__type_support.cpp.o[0m
[52.149s] [ 84%] [32mBuilding CXX object CMakeFiles/px4_msgs__rosidl_typesupport_fastrtps_cpp.dir/rosidl_typesupport_fastrtps_cpp/px4_msgs/msg/detail/dds_fastrtps/vehicle_imu__type_support.cpp.o[0m
[52.248s] [ 84%] [32mBuilding CXX object CMakeFiles/px4_msgs__rosidl_typesupport_fastrtps_cpp.dir/rosidl_typesupport_fastrtps_cpp/px4_msgs/msg/detail/dds_fastrtps/vehicle_imu_status__type_support.cpp.o[0m
[52.264s] [ 85%] [32mBuilding CXX object CMakeFiles/px4_msgs__rosidl_typesupport_fastrtps_cpp.dir/rosidl_typesupport_fastrtps_cpp/px4_msgs/msg/detail/dds_fastrtps/vehicle_land_detected__type_support.cpp.o[0m
[52.362s] [ 85%] [32mBuilding CXX object CMakeFiles/px4_msgs__rosidl_typesupport_introspection_cpp.dir/rosidl_typesupport_introspection_cpp/px4_msgs/msg/detail/vtol_vehicle_status__type_support.cpp.o[0m
[52.391s] [ 85%] [32mBuilding CXX object CMakeFiles/px4_msgs__rosidl_typesupport_fastrtps_cpp.dir/rosidl_typesupport_fastrtps_cpp/px4_msgs/msg/detail/dds_fastrtps/vehicle_local_position__type_support.cpp.o[0m
[52.391s] [ 86%] [32mBuilding CXX object CMakeFiles/px4_msgs__rosidl_typesupport_fastrtps_c.dir/rosidl_typesupport_fastrtps_c/px4_msgs/msg/detail/vehicle_torque_setpoint__type_support_c.cpp.o[0m
[52.486s] [ 86%] [32mBuilding CXX object CMakeFiles/px4_msgs__rosidl_typesupport_fastrtps_c.dir/rosidl_typesupport_fastrtps_c/px4_msgs/msg/detail/velocity_limits__type_support_c.cpp.o[0m
[52.556s] [ 86%] [32mBuilding CXX object CMakeFiles/px4_msgs__rosidl_typesupport_fastrtps_c.dir/rosidl_typesupport_fastrtps_c/px4_msgs/msg/detail/vtol_vehicle_status__type_support_c.cpp.o[0m
[52.633s] [ 86%] [32mBuilding CXX object CMakeFiles/px4_msgs__rosidl_typesupport_introspection_cpp.dir/rosidl_typesupport_introspection_cpp/px4_msgs/msg/detail/vtx__type_support.cpp.o[0m
[52.734s] [ 86%] [32mBuilding CXX object CMakeFiles/px4_msgs__rosidl_typesupport_fastrtps_cpp.dir/rosidl_typesupport_fastrtps_cpp/px4_msgs/msg/detail/dds_fastrtps/vehicle_local_position_setpoint__type_support.cpp.o[0m
[52.740s] [ 86%] [32mBuilding CXX object CMakeFiles/px4_msgs__rosidl_typesupport_fastrtps_c.dir/rosidl_typesupport_fastrtps_c/px4_msgs/msg/detail/vtx__type_support_c.cpp.o[0m
[52.789s] [ 86%] [32mBuilding CXX object CMakeFiles/px4_msgs__rosidl_typesupport_fastrtps_cpp.dir/rosidl_typesupport_fastrtps_cpp/px4_msgs/msg/detail/dds_fastrtps/vehicle_magnetometer__type_support.cpp.o[0m
[52.802s] [ 86%] [32mBuilding CXX object CMakeFiles/px4_msgs__rosidl_typesupport_fastrtps_c.dir/rosidl_typesupport_fastrtps_c/px4_msgs/msg/detail/wheel_encoders__type_support_c.cpp.o[0m
[52.872s] [ 86%] [32mBuilding CXX object CMakeFiles/px4_msgs__rosidl_typesupport_fastrtps_c.dir/rosidl_typesupport_fastrtps_c/px4_msgs/msg/detail/wind__type_support_c.cpp.o[0m
[52.917s] [ 86%] [32mBuilding CXX object CMakeFiles/px4_msgs__rosidl_typesupport_fastrtps_c.dir/rosidl_typesupport_fastrtps_c/px4_msgs/msg/detail/yaw_estimator_status__type_support_c.cpp.o[0m
[52.946s] [ 86%] [32mBuilding CXX object CMakeFiles/px4_msgs__rosidl_typesupport_fastrtps_cpp.dir/rosidl_typesupport_fastrtps_cpp/px4_msgs/msg/detail/dds_fastrtps/vehicle_odometry__type_support.cpp.o[0m
[53.093s] [ 86%] [32mBuilding CXX object CMakeFiles/px4_msgs__rosidl_typesupport_introspection_cpp.dir/rosidl_typesupport_introspection_cpp/px4_msgs/msg/detail/wheel_encoders__type_support.cpp.o[0m
[53.137s] [ 86%] [32mBuilding CXX object CMakeFiles/px4_msgs__rosidl_typesupport_fastrtps_cpp.dir/rosidl_typesupport_fastrtps_cpp/px4_msgs/msg/detail/dds_fastrtps/vehicle_optical_flow__type_support.cpp.o[0m
[53.207s] [ 86%] [32mBuilding CXX object CMakeFiles/px4_msgs__rosidl_typesupport_introspection_cpp.dir/rosidl_typesupport_introspection_cpp/px4_msgs/msg/detail/wind__type_support.cpp.o[0m
[53.209s] [ 86%] [32mBuilding CXX object CMakeFiles/px4_msgs__rosidl_typesupport_introspection_cpp.dir/rosidl_typesupport_introspection_cpp/px4_msgs/msg/detail/yaw_estimator_status__type_support.cpp.o[0m
[53.260s] [ 86%] [32mBuilding CXX object CMakeFiles/px4_msgs__rosidl_typesupport_introspection_cpp.dir/rosidl_typesupport_introspection_cpp/px4_msgs/srv/detail/vehicle_command__type_support.cpp.o[0m
[53.265s] [ 86%] [32mBuilding CXX object CMakeFiles/px4_msgs__rosidl_typesupport_fastrtps_cpp.dir/rosidl_typesupport_fastrtps_cpp/px4_msgs/msg/detail/dds_fastrtps/vehicle_optical_flow_vel__type_support.cpp.o[0m
[53.337s] [ 86%] [32mBuilding CXX object CMakeFiles/px4_msgs__rosidl_typesupport_fastrtps_c.dir/rosidl_typesupport_fastrtps_c/px4_msgs/srv/detail/vehicle_command__type_support_c.cpp.o[0m
[53.423s] [ 86%] [32mBuilding CXX object CMakeFiles/px4_msgs__rosidl_typesupport_fastrtps_cpp.dir/rosidl_typesupport_fastrtps_cpp/px4_msgs/msg/detail/dds_fastrtps/vehicle_rates_setpoint__type_support.cpp.o[0m
[53.550s] [ 86%] [32mBuilding CXX object CMakeFiles/px4_msgs__rosidl_typesupport_fastrtps_cpp.dir/rosidl_typesupport_fastrtps_cpp/px4_msgs/msg/detail/dds_fastrtps/vehicle_roi__type_support.cpp.o[0m
[53.616s] [ 86%] [32mBuilding CXX object CMakeFiles/px4_msgs__rosidl_typesupport_fastrtps_cpp.dir/rosidl_typesupport_fastrtps_cpp/px4_msgs/msg/detail/dds_fastrtps/vehicle_status__type_support.cpp.o[0m
[53.651s] [ 86%] [32mBuilding CXX object CMakeFiles/px4_msgs__rosidl_typesupport_fastrtps_cpp.dir/rosidl_typesupport_fastrtps_cpp/px4_msgs/msg/detail/dds_fastrtps/vehicle_thrust_setpoint__type_support.cpp.o[0m
[53.690s] [ 86%] [32mBuilding CXX object CMakeFiles/px4_msgs__rosidl_typesupport_fastrtps_cpp.dir/rosidl_typesupport_fastrtps_cpp/px4_msgs/msg/detail/dds_fastrtps/vehicle_torque_setpoint__type_support.cpp.o[0m
[53.722s] [ 87%] [32m[1mLinking CXX shared library libpx4_msgs__rosidl_typesupport_introspection_cpp.so[0m
[53.738s] [ 87%] [32mBuilding CXX object CMakeFiles/px4_msgs__rosidl_typesupport_fastrtps_cpp.dir/rosidl_typesupport_fastrtps_cpp/px4_msgs/msg/detail/dds_fastrtps/velocity_limits__type_support.cpp.o[0m
[53.773s] [ 87%] [32m[1mLinking CXX shared library libpx4_msgs__rosidl_typesupport_fastrtps_c.so[0m
[53.899s] [ 87%] [32mBuilding CXX object CMakeFiles/px4_msgs__rosidl_typesupport_fastrtps_cpp.dir/rosidl_typesupport_fastrtps_cpp/px4_msgs/msg/detail/dds_fastrtps/vtol_vehicle_status__type_support.cpp.o[0m
[54.019s] [ 88%] Built target px4_msgs__rosidl_typesupport_fastrtps_c
[54.026s] [ 88%] [32mBuilding CXX object CMakeFiles/px4_msgs__rosidl_typesupport_fastrtps_cpp.dir/rosidl_typesupport_fastrtps_cpp/px4_msgs/msg/detail/dds_fastrtps/vtx__type_support.cpp.o[0m
[54.028s] [ 88%] [32mBuilding CXX object CMakeFiles/px4_msgs__rosidl_typesupport_fastrtps_cpp.dir/rosidl_typesupport_fastrtps_cpp/px4_msgs/msg/detail/dds_fastrtps/wheel_encoders__type_support.cpp.o[0m
[54.053s] [ 88%] Built target px4_msgs__rosidl_typesupport_introspection_cpp
[54.064s] [ 88%] [32mBuilding CXX object CMakeFiles/px4_msgs__rosidl_typesupport_fastrtps_cpp.dir/rosidl_typesupport_fastrtps_cpp/px4_msgs/msg/detail/dds_fastrtps/wind__type_support.cpp.o[0m
[54.114s] [ 88%] [32mBuilding CXX object CMakeFiles/px4_msgs__rosidl_typesupport_fastrtps_cpp.dir/rosidl_typesupport_fastrtps_cpp/px4_msgs/msg/detail/dds_fastrtps/yaw_estimator_status__type_support.cpp.o[0m
[54.119s] [ 88%] [32mBuilding CXX object CMakeFiles/px4_msgs__rosidl_typesupport_fastrtps_cpp.dir/rosidl_typesupport_fastrtps_cpp/px4_msgs/srv/detail/dds_fastrtps/vehicle_command__type_support.cpp.o[0m
[54.511s] [ 88%] [32m[1mLinking CXX shared library libpx4_msgs__rosidl_typesupport_fastrtps_cpp.so[0m
[54.642s] [ 88%] Built target px4_msgs__rosidl_typesupport_fastrtps_cpp
[54.656s] [ 88%] Built target px4_msgs
[54.679s] [ 88%] Built target px4_msgs__py
[54.828s] [35m[1mConsolidate compiler generated dependencies of target px4_msgs__rosidl_generator_py[0m
[54.944s] [100%] Built target px4_msgs__rosidl_generator_py
[54.957s] [35m[1mConsolidate compiler generated dependencies of target px4_msgs__rosidl_typesupport_fastrtps_c__pyext[0m
[54.957s] [35m[1mConsolidate compiler generated dependencies of target px4_msgs__rosidl_typesupport_introspection_c__pyext[0m
[54.957s] [35m[1mConsolidate compiler generated dependencies of target px4_msgs__rosidl_typesupport_c__pyext[0m
[54.970s] [100%] Built target px4_msgs__rosidl_typesupport_c__pyext
[54.970s] [100%] Built target px4_msgs__rosidl_typesupport_introspection_c__pyext
[54.970s] [100%] [32m[1mLinking C shared library rosidl_generator_py/px4_msgs/px4_msgs_s__rosidl_typesupport_fastrtps_c.cpython-310-x86_64-linux-gnu.so[0m
[55.013s] [100%] Built target px4_msgs__rosidl_typesupport_fastrtps_c__pyext
[55.021s] Invoked command in '/home/maizaied03/ros2_ws/build/px4_msgs' returned '0': CMAKE_PREFIX_PATH=/opt/ros/humble /usr/bin/cmake --build /home/maizaied03/ros2_ws/build/px4_msgs -- -j8 -l8
[55.028s] Invoking command in '/home/maizaied03/ros2_ws/build/px4_msgs': CMAKE_PREFIX_PATH=/opt/ros/humble /usr/bin/cmake --install /home/maizaied03/ros2_ws/build/px4_msgs
[55.035s] -- Install configuration: ""
[55.036s] -- Up-to-date: /home/maizaied03/ros2_ws/install/px4_msgs/share/ament_index/resource_index/rosidl_interfaces/px4_msgs
[55.036s] -- Up-to-date: /home/maizaied03/ros2_ws/install/px4_msgs/include/px4_msgs/px4_msgs
[55.036s] -- Up-to-date: /home/maizaied03/ros2_ws/install/px4_msgs/include/px4_msgs/px4_msgs/msg
[55.036s] -- Up-to-date: /home/maizaied03/ros2_ws/install/px4_msgs/include/px4_msgs/px4_msgs/msg/vehicle_angular_acceleration_setpoint.h
[55.036s] -- Up-to-date: /home/maizaied03/ros2_ws/install/px4_msgs/include/px4_msgs/px4_msgs/msg/mission_result.h
[55.036s] -- Up-to-date: /home/maizaied03/ros2_ws/install/px4_msgs/include/px4_msgs/px4_msgs/msg/gpio_config.h
[55.036s] -- Up-to-date: /home/maizaied03/ros2_ws/install/px4_msgs/include/px4_msgs/px4_msgs/msg/pps_capture.h
[55.036s] -- Up-to-date: /home/maizaied03/ros2_ws/install/px4_msgs/include/px4_msgs/px4_msgs/msg/distance_sensor_mode_change_request.h
[55.036s] -- Up-to-date: /home/maizaied03/ros2_ws/install/px4_msgs/include/px4_msgs/px4_msgs/msg/sensor_accel.h
[55.036s] -- Up-to-date: /home/maizaied03/ros2_ws/install/px4_msgs/include/px4_msgs/px4_msgs/msg/navigator_status.h
[55.036s] -- Up-to-date: /home/maizaied03/ros2_ws/install/px4_msgs/include/px4_msgs/px4_msgs/msg/mavlink_tunnel.h
[55.036s] -- Up-to-date: /home/maizaied03/ros2_ws/install/px4_msgs/include/px4_msgs/px4_msgs/msg/gpio_request.h
[55.036s] -- Up-to-date: /home/maizaied03/ros2_ws/install/px4_msgs/include/px4_msgs/px4_msgs/msg/sensor_temp.h
[55.036s] -- Up-to-date: /home/maizaied03/ros2_ws/install/px4_msgs/include/px4_msgs/px4_msgs/msg/neural_control.h
[55.036s] -- Up-to-date: /home/maizaied03/ros2_ws/install/px4_msgs/include/px4_msgs/px4_msgs/msg/hover_thrust_estimate.h
[55.036s] -- Up-to-date: /home/maizaied03/ros2_ws/install/px4_msgs/include/px4_msgs/px4_msgs/msg/velocity_limits.h
[55.036s] -- Up-to-date: /home/maizaied03/ros2_ws/install/px4_msgs/include/px4_msgs/px4_msgs/msg/follow_target_estimator.h
[55.037s] -- Up-to-date: /home/maizaied03/ros2_ws/install/px4_msgs/include/px4_msgs/px4_msgs/msg/sensor_uwb.h
[55.037s] -- Up-to-date: /home/maizaied03/ros2_ws/install/px4_msgs/include/px4_msgs/px4_msgs/msg/dataman_request.h
[55.037s] -- Up-to-date: /home/maizaied03/ros2_ws/install/px4_msgs/include/px4_msgs/px4_msgs/msg/estimator_aid_source1d.h
[55.037s] -- Up-to-date: /home/maizaied03/ros2_ws/install/px4_msgs/include/px4_msgs/px4_msgs/msg/mag_worker_data.h
[55.037s] -- Up-to-date: /home/maizaied03/ros2_ws/install/px4_msgs/include/px4_msgs/px4_msgs/msg/arming_check_reply.h
[55.037s] -- Up-to-date: /home/maizaied03/ros2_ws/install/px4_msgs/include/px4_msgs/px4_msgs/msg/cpuload.h
[55.037s] -- Up-to-date: /home/maizaied03/ros2_ws/install/px4_msgs/include/px4_msgs/px4_msgs/msg/control_allocator_status.h
[55.037s] -- Up-to-date: /home/maizaied03/ros2_ws/install/px4_msgs/include/px4_msgs/px4_msgs/msg/uavcan_parameter_request.h
[55.037s] -- Up-to-date: /home/maizaied03/ros2_ws/install/px4_msgs/include/px4_msgs/px4_msgs/msg/estimator_bias.h
[55.037s] -- Up-to-date: /home/maizaied03/ros2_ws/install/px4_msgs/include/px4_msgs/px4_msgs/msg/fixed_wing_runway_control.h
[55.037s] -- Up-to-date: /home/maizaied03/ros2_ws/install/px4_msgs/include/px4_msgs/px4_msgs/msg/landing_gear.h
[55.037s] -- Up-to-date: /home/maizaied03/ros2_ws/install/px4_msgs/include/px4_msgs/px4_msgs/msg/qshell_req.h
[55.037s] -- Up-to-date: /home/maizaied03/ros2_ws/install/px4_msgs/include/px4_msgs/px4_msgs/msg/qshell_retval.h
[55.037s] -- Up-to-date: /home/maizaied03/ros2_ws/install/px4_msgs/include/px4_msgs/px4_msgs/msg/follow_target_status.h
[55.037s] -- Up-to-date: /home/maizaied03/ros2_ws/install/px4_msgs/include/px4_msgs/px4_msgs/msg/failure_detector_status.h
[55.037s] -- Up-to-date: /home/maizaied03/ros2_ws/install/px4_msgs/include/px4_msgs/px4_msgs/msg/rover_attitude_setpoint.h
[55.037s] -- Up-to-date: /home/maizaied03/ros2_ws/install/px4_msgs/include/px4_msgs/px4_msgs/msg/gimbal_manager_set_manual_control.h
[55.037s] -- Up-to-date: /home/maizaied03/ros2_ws/install/px4_msgs/include/px4_msgs/px4_msgs/msg/onboard_computer_status.h
[55.037s] -- Up-to-date: /home/maizaied03/ros2_ws/install/px4_msgs/include/px4_msgs/px4_msgs/msg/trajectory_setpoint.h
[55.037s] -- Up-to-date: /home/maizaied03/ros2_ws/install/px4_msgs/include/px4_msgs/px4_msgs/msg/gimbal_manager_set_attitude.h
[55.037s] -- Up-to-date: /home/maizaied03/ros2_ws/install/px4_msgs/include/px4_msgs/px4_msgs/msg/internal_combustion_engine_status.h
[55.037s] -- Up-to-date: /home/maizaied03/ros2_ws/install/px4_msgs/include/px4_msgs/px4_msgs/msg/vehicle_local_position_setpoint.h
[55.038s] -- Up-to-date: /home/maizaied03/ros2_ws/install/px4_msgs/include/px4_msgs/px4_msgs/msg/device_information.h
[55.038s] -- Up-to-date: /home/maizaied03/ros2_ws/install/px4_msgs/include/px4_msgs/px4_msgs/msg/health_report.h
[55.038s] -- Up-to-date: /home/maizaied03/ros2_ws/install/px4_msgs/include/px4_msgs/px4_msgs/msg/internal_combustion_engine_control.h
[55.038s] -- Up-to-date: /home/maizaied03/ros2_ws/install/px4_msgs/include/px4_msgs/px4_msgs/msg/vehicle_control_mode.h
[55.038s] -- Up-to-date: /home/maizaied03/ros2_ws/install/px4_msgs/include/px4_msgs/px4_msgs/msg/vehicle_rates_setpoint.h
[55.038s] -- Up-to-date: /home/maizaied03/ros2_ws/install/px4_msgs/include/px4_msgs/px4_msgs/msg/follow_target.h
[55.038s] -- Up-to-date: /home/maizaied03/ros2_ws/install/px4_msgs/include/px4_msgs/px4_msgs/msg/dataman_response.h
[55.038s] -- Up-to-date: /home/maizaied03/ros2_ws/install/px4_msgs/include/px4_msgs/px4_msgs/msg/figure_eight_status.h
[55.038s] -- Up-to-date: /home/maizaied03/ros2_ws/install/px4_msgs/include/px4_msgs/px4_msgs/msg/logger_status.h
[55.038s] -- Up-to-date: /home/maizaied03/ros2_ws/install/px4_msgs/include/px4_msgs/px4_msgs/msg/unregister_ext_component.h
[55.038s] -- Up-to-date: /home/maizaied03/ros2_ws/install/px4_msgs/include/px4_msgs/px4_msgs/msg/sensor_gyro_fifo.h
[55.038s] -- Up-to-date: /home/maizaied03/ros2_ws/install/px4_msgs/include/px4_msgs/px4_msgs/msg/raptor_input.h
[55.038s] -- Up-to-date: /home/maizaied03/ros2_ws/install/px4_msgs/include/px4_msgs/px4_msgs/msg/radio_status.h
[55.038s] -- Up-to-date: /home/maizaied03/ros2_ws/install/px4_msgs/include/px4_msgs/px4_msgs/msg/rover_rate_status.h
[55.038s] -- Up-to-date: /home/maizaied03/ros2_ws/install/px4_msgs/include/px4_msgs/px4_msgs/msg/actuator_outputs.h
[55.038s] -- Up-to-date: /home/maizaied03/ros2_ws/install/px4_msgs/include/px4_msgs/px4_msgs/msg/rover_attitude_status.h
[55.038s] -- Up-to-date: /home/maizaied03/ros2_ws/install/px4_msgs/include/px4_msgs/px4_msgs/msg/dronecan_node_status.h
[55.038s] -- Up-to-date: /home/maizaied03/ros2_ws/install/px4_msgs/include/px4_msgs/px4_msgs/msg/launch_detection_status.h
[55.038s] -- Up-to-date: /home/maizaied03/ros2_ws/install/px4_msgs/include/px4_msgs/px4_msgs/msg/autotune_attitude_control_status.h
[55.038s] -- Up-to-date: /home/maizaied03/ros2_ws/install/px4_msgs/include/px4_msgs/px4_msgs/msg/vehicle_attitude_setpoint.h
[55.038s] -- Up-to-date: /home/maizaied03/ros2_ws/install/px4_msgs/include/px4_msgs/px4_msgs/msg/sensor_mag.h
[55.038s] -- Up-to-date: /home/maizaied03/ros2_ws/install/px4_msgs/include/px4_msgs/px4_msgs/msg/position_setpoint_triplet.h
[55.038s] -- Up-to-date: /home/maizaied03/ros2_ws/install/px4_msgs/include/px4_msgs/px4_msgs/msg/px4io_status.h
[55.038s] -- Up-to-date: /home/maizaied03/ros2_ws/install/px4_msgs/include/px4_msgs/px4_msgs/msg/rtl_status.h
[55.038s] -- Up-to-date: /home/maizaied03/ros2_ws/install/px4_msgs/include/px4_msgs/px4_msgs/msg/geofence_result.h
[55.039s] -- Up-to-date: /home/maizaied03/ros2_ws/install/px4_msgs/include/px4_msgs/px4_msgs/msg/tiltrotor_extra_controls.h
[55.039s] -- Up-to-date: /home/maizaied03/ros2_ws/install/px4_msgs/include/px4_msgs/px4_msgs/msg/estimator_selector_status.h
[55.039s] -- Up-to-date: /home/maizaied03/ros2_ws/install/px4_msgs/include/px4_msgs/px4_msgs/msg/debug_array.h
[55.039s] -- Up-to-date: /home/maizaied03/ros2_ws/install/px4_msgs/include/px4_msgs/px4_msgs/msg/button_event.h
[55.039s] -- Up-to-date: /home/maizaied03/ros2_ws/install/px4_msgs/include/px4_msgs/px4_msgs/msg/rc_channels.h
[55.039s] -- Up-to-date: /home/maizaied03/ros2_ws/install/px4_msgs/include/px4_msgs/px4_msgs/msg/satellite_info.h
[55.039s] -- Up-to-date: /home/maizaied03/ros2_ws/install/px4_msgs/include/px4_msgs/px4_msgs/msg/vehicle_command_ack.h
[55.039s] -- Up-to-date: /home/maizaied03/ros2_ws/install/px4_msgs/include/px4_msgs/px4_msgs/msg/rover_position_setpoint.h
[55.039s] -- Up-to-date: /home/maizaied03/ros2_ws/install/px4_msgs/include/px4_msgs/px4_msgs/msg/event.h
[55.039s] -- Up-to-date: /home/maizaied03/ros2_ws/install/px4_msgs/include/px4_msgs/px4_msgs/msg/debug_value.h
[55.039s] -- Up-to-date: /home/maizaied03/ros2_ws/install/px4_msgs/include/px4_msgs/px4_msgs/msg/vehicle_imu_status.h
[55.039s] -- Up-to-date: /home/maizaied03/ros2_ws/install/px4_msgs/include/px4_msgs/px4_msgs/msg/orb_test.h
[55.039s] -- Up-to-date: /home/maizaied03/ros2_ws/install/px4_msgs/include/px4_msgs/px4_msgs/msg/mount_orientation.h
[55.039s] -- Up-to-date: /home/maizaied03/ros2_ws/install/px4_msgs/include/px4_msgs/px4_msgs/msg/debug_key_value.h
[55.039s] -- Up-to-date: /home/maizaied03/ros2_ws/install/px4_msgs/include/px4_msgs/px4_msgs/msg/vehicle_optical_flow_vel.h
[55.039s] -- Up-to-date: /home/maizaied03/ros2_ws/install/px4_msgs/include/px4_msgs/px4_msgs/msg/takeoff_status.h
[55.039s] -- Up-to-date: /home/maizaied03/ros2_ws/install/px4_msgs/include/px4_msgs/px4_msgs/msg/navigator_mission_item.h
[55.039s] -- Up-to-date: /home/maizaied03/ros2_ws/install/px4_msgs/include/px4_msgs/px4_msgs/msg/ping.h
[55.039s] -- Up-to-date: /home/maizaied03/ros2_ws/install/px4_msgs/include/px4_msgs/px4_msgs/msg/gps_dump.h
[55.039s] -- Up-to-date: /home/maizaied03/ros2_ws/install/px4_msgs/include/px4_msgs/px4_msgs/msg/camera_capture.h
[55.039s] -- Up-to-date: /home/maizaied03/ros2_ws/install/px4_msgs/include/px4_msgs/px4_msgs/msg/rover_speed_status.h
[55.039s] -- Up-to-date: /home/maizaied03/ros2_ws/install/px4_msgs/include/px4_msgs/px4_msgs/msg/sensor_gyro.h
[55.039s] -- Up-to-date: /home/maizaied03/ros2_ws/install/px4_msgs/include/px4_msgs/px4_msgs/msg/arming_check_request.h
[55.040s] -- Up-to-date: /home/maizaied03/ros2_ws/install/px4_msgs/include/px4_msgs/px4_msgs/msg/trajectory_setpoint6dof.h
[55.040s] -- Up-to-date: /home/maizaied03/ros2_ws/install/px4_msgs/include/px4_msgs/px4_msgs/msg/vehicle_constraints.h
[55.040s] -- Up-to-date: /home/maizaied03/ros2_ws/install/px4_msgs/include/px4_msgs/px4_msgs/msg/estimator_innovations.h
[55.040s] -- Up-to-date: /home/maizaied03/ros2_ws/install/px4_msgs/include/px4_msgs/px4_msgs/msg/sensors_status.h
[55.040s] -- Up-to-date: /home/maizaied03/ros2_ws/install/px4_msgs/include/px4_msgs/px4_msgs/msg/orbit_status.h
[55.040s] -- Up-to-date: /home/maizaied03/ros2_ws/install/px4_msgs/include/px4_msgs/px4_msgs/msg/parameter_set_used_request.h
[55.040s] -- Up-to-date: /home/maizaied03/ros2_ws/install/px4_msgs/include/px4_msgs/px4_msgs/msg/sensor_optical_flow.h
[55.040s] -- Up-to-date: /home/maizaied03/ros2_ws/install/px4_msgs/include/px4_msgs/px4_msgs/msg/tecs_status.h
[55.040s] -- Up-to-date: /home/maizaied03/ros2_ws/install/px4_msgs/include/px4_msgs/px4_msgs/msg/open_drone_id_self_id.h
[55.040s] -- Up-to-date: /home/maizaied03/ros2_ws/install/px4_msgs/include/px4_msgs/px4_msgs/msg/timesync_status.h
[55.040s] -- Up-to-date: /home/maizaied03/ros2_ws/install/px4_msgs/include/px4_msgs/px4_msgs/msg/actuator_motors.h
[55.040s] -- Up-to-date: /home/maizaied03/ros2_ws/install/px4_msgs/include/px4_msgs/px4_msgs/msg/fixed_wing_lateral_status.h
[55.040s] -- Up-to-date: /home/maizaied03/ros2_ws/install/px4_msgs/include/px4_msgs/px4_msgs/msg/vehicle_roi.h
[55.040s] -- Up-to-date: /home/maizaied03/ros2_ws/install/px4_msgs/include/px4_msgs/px4_msgs/msg/yaw_estimator_status.h
[55.040s] -- Up-to-date: /home/maizaied03/ros2_ws/install/px4_msgs/include/px4_msgs/px4_msgs/msg/collision_constraints.h
[55.040s] -- Up-to-date: /home/maizaied03/ros2_ws/install/px4_msgs/include/px4_msgs/px4_msgs/msg/gimbal_controls.h
[55.040s] -- Up-to-date: /home/maizaied03/ros2_ws/install/px4_msgs/include/px4_msgs/px4_msgs/msg/vehicle_global_position.h
[55.040s] -- Up-to-date: /home/maizaied03/ros2_ws/install/px4_msgs/include/px4_msgs/px4_msgs/msg/manual_control_switches.h
[55.040s] -- Up-to-date: /home/maizaied03/ros2_ws/install/px4_msgs/include/px4_msgs/px4_msgs/msg/parameter_set_value_response.h
[55.040s] -- Up-to-date: /home/maizaied03/ros2_ws/install/px4_msgs/include/px4_msgs/px4_msgs/msg/landing_target_innovations.h
[55.040s] -- Up-to-date: /home/maizaied03/ros2_ws/install/px4_msgs/include/px4_msgs/px4_msgs/msg/adc_report.h
[55.040s] -- Up-to-date: /home/maizaied03/ros2_ws/install/px4_msgs/include/px4_msgs/px4_msgs/msg/uavcan_parameter_value.h
[55.041s] -- Up-to-date: /home/maizaied03/ros2_ws/install/px4_msgs/include/px4_msgs/px4_msgs/msg/message_format_request.h
[55.041s] -- Up-to-date: /home/maizaied03/ros2_ws/install/px4_msgs/include/px4_msgs/px4_msgs/msg/fixed_wing_longitudinal_setpoint.h
[55.041s] -- Up-to-date: /home/maizaied03/ros2_ws/install/px4_msgs/include/px4_msgs/px4_msgs/msg/led_control.h
[55.041s] -- Up-to-date: /home/maizaied03/ros2_ws/install/px4_msgs/include/px4_msgs/px4_msgs/msg/open_drone_id_operator_id.h
[55.041s] -- Up-to-date: /home/maizaied03/ros2_ws/install/px4_msgs/include/px4_msgs/px4_msgs/msg/fixed_wing_lateral_guidance_status.h
[55.041s] -- Up-to-date: /home/maizaied03/ros2_ws/install/px4_msgs/include/px4_msgs/px4_msgs/msg/gpio_out.h
[55.041s] -- Up-to-date: /home/maizaied03/ros2_ws/install/px4_msgs/include/px4_msgs/px4_msgs/msg/vehicle_acceleration.h
[55.041s] -- Up-to-date: /home/maizaied03/ros2_ws/install/px4_msgs/include/px4_msgs/px4_msgs/msg/rover_throttle_setpoint.h
[55.041s] -- Up-to-date: /home/maizaied03/ros2_ws/install/px4_msgs/include/px4_msgs/px4_msgs/msg/vtol_vehicle_status.h
[55.041s] -- Up-to-date: /home/maizaied03/ros2_ws/install/px4_msgs/include/px4_msgs/px4_msgs/msg/estimator_status_flags.h
[55.041s] -- Up-to-date: /home/maizaied03/ros2_ws/install/px4_msgs/include/px4_msgs/px4_msgs/msg/config_overrides.h
[55.041s] -- Up-to-date: /home/maizaied03/ros2_ws/install/px4_msgs/include/px4_msgs/px4_msgs/msg/landing_target_pose.h
[55.041s] -- Up-to-date: /home/maizaied03/ros2_ws/install/px4_msgs/include/px4_msgs/px4_msgs/msg/gpio_in.h
[55.041s] -- Up-to-date: /home/maizaied03/ros2_ws/install/px4_msgs/include/px4_msgs/px4_msgs/msg/power_monitor.h
[55.041s] -- Up-to-date: /home/maizaied03/ros2_ws/install/px4_msgs/include/px4_msgs/px4_msgs/msg/rtl_time_estimate.h
[55.041s] -- Up-to-date: /home/maizaied03/ros2_ws/install/px4_msgs/include/px4_msgs/px4_msgs/msg/task_stack_info.h
[55.041s] -- Up-to-date: /home/maizaied03/ros2_ws/install/px4_msgs/include/px4_msgs/px4_msgs/msg/rate_ctrl_status.h
[55.041s] -- Up-to-date: /home/maizaied03/ros2_ws/install/px4_msgs/include/px4_msgs/px4_msgs/msg/home_position.h
[55.041s] -- Up-to-date: /home/maizaied03/ros2_ws/install/px4_msgs/include/px4_msgs/px4_msgs/msg/vehicle_torque_setpoint.h
[55.041s] -- Up-to-date: /home/maizaied03/ros2_ws/install/px4_msgs/include/px4_msgs/px4_msgs/msg/gain_compression.h
[55.041s] -- Up-to-date: /home/maizaied03/ros2_ws/install/px4_msgs/include/px4_msgs/px4_msgs/msg/offboard_control_mode.h
[55.041s] -- Up-to-date: /home/maizaied03/ros2_ws/install/px4_msgs/include/px4_msgs/px4_msgs/msg/sensor_combined.h
[55.042s] -- Up-to-date: /home/maizaied03/ros2_ws/install/px4_msgs/include/px4_msgs/px4_msgs/msg/position_controller_landing_status.h
[55.042s] -- Up-to-date: /home/maizaied03/ros2_ws/install/px4_msgs/include/px4_msgs/px4_msgs/msg/can_interface_status.h
[55.042s] -- Up-to-date: /home/maizaied03/ros2_ws/install/px4_msgs/include/px4_msgs/px4_msgs/msg/gimbal_manager_status.h
[55.042s] -- Up-to-date: /home/maizaied03/ros2_ws/install/px4_msgs/include/px4_msgs/px4_msgs/msg/parameter_update.h
[55.042s] -- Up-to-date: /home/maizaied03/ros2_ws/install/px4_msgs/include/px4_msgs/px4_msgs/msg/rover_rate_setpoint.h
[55.042s] -- Up-to-date: /home/maizaied03/ros2_ws/install/px4_msgs/include/px4_msgs/px4_msgs/msg/normalized_unsigned_setpoint.h
[55.042s] -- Up-to-date: /home/maizaied03/ros2_ws/install/px4_msgs/include/px4_msgs/px4_msgs/msg/ulog_stream.h
[55.042s] -- Up-to-date: /home/maizaied03/ros2_ws/install/px4_msgs/include/px4_msgs/px4_msgs/msg/camera_trigger.h
[55.042s] -- Up-to-date: /home/maizaied03/ros2_ws/install/px4_msgs/include/px4_msgs/px4_msgs/msg/sensor_correction.h
[55.042s] -- Up-to-date: /home/maizaied03/ros2_ws/install/px4_msgs/include/px4_msgs/px4_msgs/msg/mavlink_log.h
[55.042s] -- Up-to-date: /home/maizaied03/ros2_ws/install/px4_msgs/include/px4_msgs/px4_msgs/msg/heater_status.h
[55.042s] -- Up-to-date: /home/maizaied03/ros2_ws/install/px4_msgs/include/px4_msgs/px4_msgs/msg/battery_info.h
[55.042s] -- Up-to-date: /home/maizaied03/ros2_ws/install/px4_msgs/include/px4_msgs/px4_msgs/msg/estimator_bias3d.h
[55.042s] -- Up-to-date: /home/maizaied03/ros2_ws/install/px4_msgs/include/px4_msgs/px4_msgs/msg/orb_test_medium.h
[55.042s] -- Up-to-date: /home/maizaied03/ros2_ws/install/px4_msgs/include/px4_msgs/px4_msgs/msg/raptor_status.h
[55.042s] -- Up-to-date: /home/maizaied03/ros2_ws/install/px4_msgs/include/px4_msgs/px4_msgs/msg/esc_status.h
[55.042s] -- Up-to-date: /home/maizaied03/ros2_ws/install/px4_msgs/include/px4_msgs/px4_msgs/msg/actuator_test.h
[55.042s] -- Up-to-date: /home/maizaied03/ros2_ws/install/px4_msgs/include/px4_msgs/px4_msgs/msg/gimbal_device_set_attitude.h
[55.042s] -- Up-to-date: /home/maizaied03/ros2_ws/install/px4_msgs/include/px4_msgs/px4_msgs/msg/rosidl_generator_c__visibility_control.h
[55.042s] -- Up-to-date: /home/maizaied03/ros2_ws/install/px4_msgs/include/px4_msgs/px4_msgs/msg/action_request.h
[55.042s] -- Up-to-date: /home/maizaied03/ros2_ws/install/px4_msgs/include/px4_msgs/px4_msgs/msg/gps_inject_data.h
[55.042s] -- Up-to-date: /home/maizaied03/ros2_ws/install/px4_msgs/include/px4_msgs/px4_msgs/msg/mission.h
[55.042s] -- Up-to-date: /home/maizaied03/ros2_ws/install/px4_msgs/include/px4_msgs/px4_msgs/msg/actuator_armed.h
[55.042s] -- Up-to-date: /home/maizaied03/ros2_ws/install/px4_msgs/include/px4_msgs/px4_msgs/msg/landing_gear_wheel.h
[55.042s] -- Up-to-date: /home/maizaied03/ros2_ws/install/px4_msgs/include/px4_msgs/px4_msgs/msg/magnetometer_bias_estimate.h
[55.042s] -- Up-to-date: /home/maizaied03/ros2_ws/install/px4_msgs/include/px4_msgs/px4_msgs/msg/sensor_accel_fifo.h
[55.042s] -- Up-to-date: /home/maizaied03/ros2_ws/install/px4_msgs/include/px4_msgs/px4_msgs/msg/open_drone_id_system.h
[55.043s] -- Up-to-date: /home/maizaied03/ros2_ws/install/px4_msgs/include/px4_msgs/px4_msgs/msg/battery_status.h
[55.043s] -- Up-to-date: /home/maizaied03/ros2_ws/install/px4_msgs/include/px4_msgs/px4_msgs/msg/sensor_gyro_fft.h
[55.043s] -- Up-to-date: /home/maizaied03/ros2_ws/install/px4_msgs/include/px4_msgs/px4_msgs/msg/sensor_gnss_relative.h
[55.043s] -- Up-to-date: /home/maizaied03/ros2_ws/install/px4_msgs/include/px4_msgs/px4_msgs/msg/tune_control.h
[55.043s] -- Up-to-date: /home/maizaied03/ros2_ws/install/px4_msgs/include/px4_msgs/px4_msgs/msg/vehicle_thrust_setpoint.h
[55.043s] -- Up-to-date: /home/maizaied03/ros2_ws/install/px4_msgs/include/px4_msgs/px4_msgs/msg/lateral_control_configuration.h
[55.043s] -- Up-to-date: /home/maizaied03/ros2_ws/install/px4_msgs/include/px4_msgs/px4_msgs/msg/sensor_gnss_status.h
[55.043s] -- Up-to-date: /home/maizaied03/ros2_ws/install/px4_msgs/include/px4_msgs/px4_msgs/msg/manual_control_setpoint.h
[55.043s] -- Up-to-date: /home/maizaied03/ros2_ws/install/px4_msgs/include/px4_msgs/px4_msgs/msg/telemetry_status.h
[55.043s] -- Up-to-date: /home/maizaied03/ros2_ws/install/px4_msgs/include/px4_msgs/px4_msgs/msg/sensor_airflow.h
[55.043s] -- Up-to-date: /home/maizaied03/ros2_ws/install/px4_msgs/include/px4_msgs/px4_msgs/msg/gimbal_manager_information.h
[55.043s] -- Up-to-date: /home/maizaied03/ros2_ws/install/px4_msgs/include/px4_msgs/px4_msgs/msg/vtx.h
[55.043s] -- Up-to-date: /home/maizaied03/ros2_ws/install/px4_msgs/include/px4_msgs/px4_msgs/msg/wind.h
[55.043s] -- Up-to-date: /home/maizaied03/ros2_ws/install/px4_msgs/include/px4_msgs/px4_msgs/msg/vehicle_command.h
[55.043s] -- Up-to-date: /home/maizaied03/ros2_ws/install/px4_msgs/include/px4_msgs/px4_msgs/msg/position_controller_status.h
[55.043s] -- Up-to-date: /home/maizaied03/ros2_ws/install/px4_msgs/include/px4_msgs/px4_msgs/msg/detail
[55.043s] -- Up-to-date: /home/maizaied03/ros2_ws/install/px4_msgs/include/px4_msgs/px4_msgs/msg/detail/sensor_gps__type_support.h
[55.043s] -- Up-to-date: /home/maizaied03/ros2_ws/install/px4_msgs/include/px4_msgs/px4_msgs/msg/detail/vehicle_command__struct.h
[55.043s] -- Up-to-date: /home/maizaied03/ros2_ws/install/px4_msgs/include/px4_msgs/px4_msgs/msg/detail/vehicle_optical_flow__functions.c
[55.043s] -- Up-to-date: /home/maizaied03/ros2_ws/install/px4_msgs/include/px4_msgs/px4_msgs/msg/detail/sensor_selection__functions.c
[55.043s] -- Up-to-date: /home/maizaied03/ros2_ws/install/px4_msgs/include/px4_msgs/px4_msgs/msg/detail/autotune_attitude_control_status__struct.h
[55.043s] -- Up-to-date: /home/maizaied03/ros2_ws/install/px4_msgs/include/px4_msgs/px4_msgs/msg/detail/actuator_motors__functions.c
[55.044s] -- Up-to-date: /home/maizaied03/ros2_ws/install/px4_msgs/include/px4_msgs/px4_msgs/msg/detail/vehicle_angular_acceleration_setpoint__functions.h
[55.044s] -- Up-to-date: /home/maizaied03/ros2_ws/install/px4_msgs/include/px4_msgs/px4_msgs/msg/detail/gain_compression__struct.h
[55.044s] -- Up-to-date: /home/maizaied03/ros2_ws/install/px4_msgs/include/px4_msgs/px4_msgs/msg/detail/satellite_info__type_support.h
[55.044s] -- Up-to-date: /home/maizaied03/ros2_ws/install/px4_msgs/include/px4_msgs/px4_msgs/msg/detail/airspeed__type_support.h
[55.044s] -- Up-to-date: /home/maizaied03/ros2_ws/install/px4_msgs/include/px4_msgs/px4_msgs/msg/detail/airspeed_validated__functions.h
[55.044s] -- Up-to-date: /home/maizaied03/ros2_ws/install/px4_msgs/include/px4_msgs/px4_msgs/msg/detail/cpuload__functions.c
[55.044s] -- Up-to-date: /home/maizaied03/ros2_ws/install/px4_msgs/include/px4_msgs/px4_msgs/msg/detail/config_overrides__type_support.h
[55.044s] -- Up-to-date: /home/maizaied03/ros2_ws/install/px4_msgs/include/px4_msgs/px4_msgs/msg/detail/event__struct.h
[55.044s] -- Up-to-date: /home/maizaied03/ros2_ws/install/px4_msgs/include/px4_msgs/px4_msgs/msg/detail/gimbal_manager_set_manual_control__type_support.h
[55.044s] -- Up-to-date: /home/maizaied03/ros2_ws/install/px4_msgs/include/px4_msgs/px4_msgs/msg/detail/vehicle_attitude_setpoint__functions.c
[55.044s] -- Up-to-date: /home/maizaied03/ros2_ws/install/px4_msgs/include/px4_msgs/px4_msgs/msg/detail/rover_throttle_setpoint__functions.h
[55.044s] -- Up-to-date: /home/maizaied03/ros2_ws/install/px4_msgs/include/px4_msgs/px4_msgs/msg/detail/message_format_response__type_support.h
[55.044s] -- Up-to-date: /home/maizaied03/ros2_ws/install/px4_msgs/include/px4_msgs/px4_msgs/msg/detail/follow_target_estimator__functions.c
[55.044s] -- Up-to-date: /home/maizaied03/ros2_ws/install/px4_msgs/include/px4_msgs/px4_msgs/msg/detail/open_drone_id_arm_status__functions.h
[55.044s] -- Up-to-date: /home/maizaied03/ros2_ws/install/px4_msgs/include/px4_msgs/px4_msgs/msg/detail/parameter_set_value_request__functions.h
[55.044s] -- Up-to-date: /home/maizaied03/ros2_ws/install/px4_msgs/include/px4_msgs/px4_msgs/msg/detail/sensor_accel_fifo__functions.h
[55.044s] -- Up-to-date: /home/maizaied03/ros2_ws/install/px4_msgs/include/px4_msgs/px4_msgs/msg/detail/uavcan_parameter_value__struct.h
[55.044s] -- Up-to-date: /home/maizaied03/ros2_ws/install/px4_msgs/include/px4_msgs/px4_msgs/msg/detail/heater_status__struct.h
[55.044s] -- Up-to-date: /home/maizaied03/ros2_ws/install/px4_msgs/include/px4_msgs/px4_msgs/msg/detail/rc_parameter_map__functions.h
[55.044s] -- Up-to-date: /home/maizaied03/ros2_ws/install/px4_msgs/include/px4_msgs/px4_msgs/msg/detail/can_interface_status__functions.h
[55.044s] -- Up-to-date: /home/maizaied03/ros2_ws/install/px4_msgs/include/px4_msgs/px4_msgs/msg/detail/longitudinal_control_configuration__functions.c
[55.044s] -- Up-to-date: /home/maizaied03/ros2_ws/install/px4_msgs/include/px4_msgs/px4_msgs/msg/detail/transponder_report__type_support.h
[55.045s] -- Up-to-date: /home/maizaied03/ros2_ws/install/px4_msgs/include/px4_msgs/px4_msgs/msg/detail/actuator_outputs__functions.c
[55.045s] -- Up-to-date: /home/maizaied03/ros2_ws/install/px4_msgs/include/px4_msgs/px4_msgs/msg/detail/estimator_aid_source1d__functions.c
[55.045s] -- Up-to-date: /home/maizaied03/ros2_ws/install/px4_msgs/include/px4_msgs/px4_msgs/msg/detail/debug_value__type_support.h
[55.045s] -- Up-to-date: /home/maizaied03/ros2_ws/install/px4_msgs/include/px4_msgs/px4_msgs/msg/detail/distance_sensor__type_support.h
[55.045s] -- Up-to-date: /home/maizaied03/ros2_ws/install/px4_msgs/include/px4_msgs/px4_msgs/msg/detail/uavcan_parameter_request__struct.h
[55.045s] -- Up-to-date: /home/maizaied03/ros2_ws/install/px4_msgs/include/px4_msgs/px4_msgs/msg/detail/adc_report__type_support.h
[55.045s] -- Up-to-date: /home/maizaied03/ros2_ws/install/px4_msgs/include/px4_msgs/px4_msgs/msg/detail/gps_dump__functions.c
[55.045s] -- Up-to-date: /home/maizaied03/ros2_ws/install/px4_msgs/include/px4_msgs/px4_msgs/msg/detail/sensor_hygrometer__functions.c
[55.045s] -- Up-to-date: /home/maizaied03/ros2_ws/install/px4_msgs/include/px4_msgs/px4_msgs/msg/detail/vehicle_attitude__functions.h
[55.045s] -- Up-to-date: /home/maizaied03/ros2_ws/install/px4_msgs/include/px4_msgs/px4_msgs/msg/detail/offboard_control_mode__functions.h
[55.045s] -- Up-to-date: /home/maizaied03/ros2_ws/install/px4_msgs/include/px4_msgs/px4_msgs/msg/detail/failure_detector_status__functions.c
[55.045s] -- Up-to-date: /home/maizaied03/ros2_ws/install/px4_msgs/include/px4_msgs/px4_msgs/msg/detail/pure_pursuit_status__struct.h
[55.045s] -- Up-to-date: /home/maizaied03/ros2_ws/install/px4_msgs/include/px4_msgs/px4_msgs/msg/detail/figure_eight_status__functions.h
[55.045s] -- Up-to-date: /home/maizaied03/ros2_ws/install/px4_msgs/include/px4_msgs/px4_msgs/msg/detail/sensor_gnss_status__type_support.h
[55.045s] -- Up-to-date: /home/maizaied03/ros2_ws/install/px4_msgs/include/px4_msgs/px4_msgs/msg/detail/rc_channels__functions.c
[55.045s] -- Up-to-date: /home/maizaied03/ros2_ws/install/px4_msgs/include/px4_msgs/px4_msgs/msg/detail/estimator_innovations__struct.h
[55.045s] -- Up-to-date: /home/maizaied03/ros2_ws/install/px4_msgs/include/px4_msgs/px4_msgs/msg/detail/sensor_mag__functions.h
[55.045s] -- Up-to-date: /home/maizaied03/ros2_ws/install/px4_msgs/include/px4_msgs/px4_msgs/msg/detail/dronecan_node_status__type_support.h
[55.045s] -- Up-to-date: /home/maizaied03/ros2_ws/install/px4_msgs/include/px4_msgs/px4_msgs/msg/detail/vehicle_status__type_support.h
[55.045s] -- Up-to-date: /home/maizaied03/ros2_ws/install/px4_msgs/include/px4_msgs/px4_msgs/msg/detail/navigator_mission_item__functions.c
[55.045s] -- Up-to-date: /home/maizaied03/ros2_ws/install/px4_msgs/include/px4_msgs/px4_msgs/msg/detail/sensor_uwb__functions.h
[55.045s] -- Up-to-date: /home/maizaied03/ros2_ws/install/px4_msgs/include/px4_msgs/px4_msgs/msg/detail/failsafe_flags__functions.h
[55.045s] -- Up-to-date: /home/maizaied03/ros2_ws/install/px4_msgs/include/px4_msgs/px4_msgs/msg/detail/esc_report__type_support.h
[55.045s] -- Up-to-date: /home/maizaied03/ros2_ws/install/px4_msgs/include/px4_msgs/px4_msgs/msg/detail/vehicle_imu__type_support.h
[55.045s] -- Up-to-date: /home/maizaied03/ros2_ws/install/px4_msgs/include/px4_msgs/px4_msgs/msg/detail/vehicle_control_mode__type_support.h
[55.046s] -- Up-to-date: /home/maizaied03/ros2_ws/install/px4_msgs/include/px4_msgs/px4_msgs/msg/detail/timesync_status__functions.c
[55.046s] -- Up-to-date: /home/maizaied03/ros2_ws/install/px4_msgs/include/px4_msgs/px4_msgs/msg/detail/estimator_sensor_bias__type_support.h
[55.046s] -- Up-to-date: /home/maizaied03/ros2_ws/install/px4_msgs/include/px4_msgs/px4_msgs/msg/detail/rpm__functions.h
[55.046s] -- Up-to-date: /home/maizaied03/ros2_ws/install/px4_msgs/include/px4_msgs/px4_msgs/msg/detail/config_overrides__functions.h
[55.046s] -- Up-to-date: /home/maizaied03/ros2_ws/install/px4_msgs/include/px4_msgs/px4_msgs/msg/detail/sensor_gyro_fifo__functions.h
[55.046s] -- Up-to-date: /home/maizaied03/ros2_ws/install/px4_msgs/include/px4_msgs/px4_msgs/msg/detail/sensors_status_imu__struct.h
[55.046s] -- Up-to-date: /home/maizaied03/ros2_ws/install/px4_msgs/include/px4_msgs/px4_msgs/msg/detail/vehicle_magnetometer__type_support.h
[55.046s] -- Up-to-date: /home/maizaied03/ros2_ws/install/px4_msgs/include/px4_msgs/px4_msgs/msg/detail/follow_target_status__struct.h
[55.046s] -- Up-to-date: /home/maizaied03/ros2_ws/install/px4_msgs/include/px4_msgs/px4_msgs/msg/detail/estimator_status_flags__functions.h
[55.046s] -- Up-to-date: /home/maizaied03/ros2_ws/install/px4_msgs/include/px4_msgs/px4_msgs/msg/detail/generator_status__type_support.h
[55.046s] -- Up-to-date: /home/maizaied03/ros2_ws/install/px4_msgs/include/px4_msgs/px4_msgs/msg/detail/sensors_status__struct.h
[55.046s] -- Up-to-date: /home/maizaied03/ros2_ws/install/px4_msgs/include/px4_msgs/px4_msgs/msg/detail/sensor_airflow__functions.h
[55.046s] -- Up-to-date: /home/maizaied03/ros2_ws/install/px4_msgs/include/px4_msgs/px4_msgs/msg/detail/can_interface_status__functions.c
[55.046s] -- Up-to-date: /home/maizaied03/ros2_ws/install/px4_msgs/include/px4_msgs/px4_msgs/msg/detail/pure_pursuit_status__type_support.h
[55.046s] -- Up-to-date: /home/maizaied03/ros2_ws/install/px4_msgs/include/px4_msgs/px4_msgs/msg/detail/vehicle_air_data__functions.c
[55.046s] -- Up-to-date: /home/maizaied03/ros2_ws/install/px4_msgs/include/px4_msgs/px4_msgs/msg/detail/unregister_ext_component__type_support.h
[55.046s] -- Up-to-date: /home/maizaied03/ros2_ws/install/px4_msgs/include/px4_msgs/px4_msgs/msg/detail/can_interface_status__struct.h
[55.046s] -- Up-to-date: /home/maizaied03/ros2_ws/install/px4_msgs/include/px4_msgs/px4_msgs/msg/detail/debug_array__struct.h
[55.046s] -- Up-to-date: /home/maizaied03/ros2_ws/install/px4_msgs/include/px4_msgs/px4_msgs/msg/detail/gpio_in__functions.c
[55.046s] -- Up-to-date: /home/maizaied03/ros2_ws/install/px4_msgs/include/px4_msgs/px4_msgs/msg/detail/battery_info__struct.h
[55.046s] -- Up-to-date: /home/maizaied03/ros2_ws/install/px4_msgs/include/px4_msgs/px4_msgs/msg/detail/fuel_tank_status__type_support.h
[55.046s] -- Up-to-date: /home/maizaied03/ros2_ws/install/px4_msgs/include/px4_msgs/px4_msgs/msg/detail/estimator_bias__functions.c
[55.046s] -- Up-to-date: /home/maizaied03/ros2_ws/install/px4_msgs/include/px4_msgs/px4_msgs/msg/detail/parameter_set_value_response__functions.h
[55.046s] -- Up-to-date: /home/maizaied03/ros2_ws/install/px4_msgs/include/px4_msgs/px4_msgs/msg/detail/parameter_set_used_request__functions.h
[55.046s] -- Up-to-date: /home/maizaied03/ros2_ws/install/px4_msgs/include/px4_msgs/px4_msgs/msg/detail/mag_worker_data__functions.h
[55.047s] -- Up-to-date: /home/maizaied03/ros2_ws/install/px4_msgs/include/px4_msgs/px4_msgs/msg/detail/estimator_status_flags__struct.h
[55.047s] -- Up-to-date: /home/maizaied03/ros2_ws/install/px4_msgs/include/px4_msgs/px4_msgs/msg/detail/arming_check_reply__struct.h
[55.047s] -- Up-to-date: /home/maizaied03/ros2_ws/install/px4_msgs/include/px4_msgs/px4_msgs/msg/detail/fixed_wing_lateral_guidance_status__type_support.h
[55.047s] -- Up-to-date: /home/maizaied03/ros2_ws/install/px4_msgs/include/px4_msgs/px4_msgs/msg/detail/debug_array__type_support.h
[55.047s] -- Up-to-date: /home/maizaied03/ros2_ws/install/px4_msgs/include/px4_msgs/px4_msgs/msg/detail/input_rc__functions.c
[55.047s] -- Up-to-date: /home/maizaied03/ros2_ws/install/px4_msgs/include/px4_msgs/px4_msgs/msg/detail/sensor_baro__struct.h
[55.047s] -- Up-to-date: /home/maizaied03/ros2_ws/install/px4_msgs/include/px4_msgs/px4_msgs/msg/detail/goto_setpoint__functions.c
[55.047s] -- Up-to-date: /home/maizaied03/ros2_ws/install/px4_msgs/include/px4_msgs/px4_msgs/msg/detail/actuator_test__type_support.h
[55.047s] -- Up-to-date: /home/maizaied03/ros2_ws/install/px4_msgs/include/px4_msgs/px4_msgs/msg/detail/sensor_selection__struct.h
[55.047s] -- Up-to-date: /home/maizaied03/ros2_ws/install/px4_msgs/include/px4_msgs/px4_msgs/msg/detail/iridiumsbd_status__functions.c
[55.047s] -- Up-to-date: /home/maizaied03/ros2_ws/install/px4_msgs/include/px4_msgs/px4_msgs/msg/detail/rover_position_setpoint__functions.c
[55.047s] -- Up-to-date: /home/maizaied03/ros2_ws/install/px4_msgs/include/px4_msgs/px4_msgs/msg/detail/button_event__functions.h
[55.047s] -- Up-to-date: /home/maizaied03/ros2_ws/install/px4_msgs/include/px4_msgs/px4_msgs/msg/detail/ping__type_support.h
[55.047s] -- Up-to-date: /home/maizaied03/ros2_ws/install/px4_msgs/include/px4_msgs/px4_msgs/msg/detail/task_stack_info__struct.h
[55.047s] -- Up-to-date: /home/maizaied03/ros2_ws/install/px4_msgs/include/px4_msgs/px4_msgs/msg/detail/neural_control__functions.c
[55.047s] -- Up-to-date: /home/maizaied03/ros2_ws/install/px4_msgs/include/px4_msgs/px4_msgs/msg/detail/event__functions.h
[55.047s] -- Up-to-date: /home/maizaied03/ros2_ws/install/px4_msgs/include/px4_msgs/px4_msgs/msg/detail/obstacle_distance__functions.h
[55.047s] -- Up-to-date: /home/maizaied03/ros2_ws/install/px4_msgs/include/px4_msgs/px4_msgs/msg/detail/manual_control_setpoint__type_support.h
[55.047s] -- Up-to-date: /home/maizaied03/ros2_ws/install/px4_msgs/include/px4_msgs/px4_msgs/msg/detail/vehicle_torque_setpoint__struct.h
[55.047s] -- Up-to-date: /home/maizaied03/ros2_ws/install/px4_msgs/include/px4_msgs/px4_msgs/msg/detail/vehicle_rates_setpoint__functions.h
[55.048s] -- Up-to-date: /home/maizaied03/ros2_ws/install/px4_msgs/include/px4_msgs/px4_msgs/msg/detail/vehicle_control_mode__struct.h
[55.048s] -- Up-to-date: /home/maizaied03/ros2_ws/install/px4_msgs/include/px4_msgs/px4_msgs/msg/detail/qshell_req__functions.h
[55.048s] -- Up-to-date: /home/maizaied03/ros2_ws/install/px4_msgs/include/px4_msgs/px4_msgs/msg/detail/task_stack_info__functions.h
[55.048s] -- Up-to-date: /home/maizaied03/ros2_ws/install/px4_msgs/include/px4_msgs/px4_msgs/msg/detail/estimator_bias3d__functions.h
[55.048s] -- Up-to-date: /home/maizaied03/ros2_ws/install/px4_msgs/include/px4_msgs/px4_msgs/msg/detail/log_message__functions.c
[55.048s] -- Up-to-date: /home/maizaied03/ros2_ws/install/px4_msgs/include/px4_msgs/px4_msgs/msg/detail/open_drone_id_self_id__struct.h
[55.048s] -- Up-to-date: /home/maizaied03/ros2_ws/install/px4_msgs/include/px4_msgs/px4_msgs/msg/detail/sensor_correction__functions.h
[55.048s] -- Up-to-date: /home/maizaied03/ros2_ws/install/px4_msgs/include/px4_msgs/px4_msgs/msg/detail/rover_attitude_status__functions.c
[55.048s] -- Up-to-date: /home/maizaied03/ros2_ws/install/px4_msgs/include/px4_msgs/px4_msgs/msg/detail/dataman_response__functions.c
[55.048s] -- Up-to-date: /home/maizaied03/ros2_ws/install/px4_msgs/include/px4_msgs/px4_msgs/msg/detail/vtx__functions.c
[55.048s] -- Up-to-date: /home/maizaied03/ros2_ws/install/px4_msgs/include/px4_msgs/px4_msgs/msg/detail/estimator_states__struct.h
[55.048s] -- Up-to-date: /home/maizaied03/ros2_ws/install/px4_msgs/include/px4_msgs/px4_msgs/msg/detail/mission_result__type_support.h
[55.048s] -- Up-to-date: /home/maizaied03/ros2_ws/install/px4_msgs/include/px4_msgs/px4_msgs/msg/detail/collision_constraints__functions.c
[55.048s] -- Up-to-date: /home/maizaied03/ros2_ws/install/px4_msgs/include/px4_msgs/px4_msgs/msg/detail/actuator_motors__functions.h
[55.048s] -- Up-to-date: /home/maizaied03/ros2_ws/install/px4_msgs/include/px4_msgs/px4_msgs/msg/detail/hover_thrust_estimate__functions.c
[55.048s] -- Up-to-date: /home/maizaied03/ros2_ws/install/px4_msgs/include/px4_msgs/px4_msgs/msg/detail/vehicle_local_position__struct.h
[55.048s] -- Up-to-date: /home/maizaied03/ros2_ws/install/px4_msgs/include/px4_msgs/px4_msgs/msg/detail/tecs_status__type_support.h
[55.048s] -- Up-to-date: /home/maizaied03/ros2_ws/install/px4_msgs/include/px4_msgs/px4_msgs/msg/detail/estimator_aid_source1d__functions.h
[55.048s] -- Up-to-date: /home/maizaied03/ros2_ws/install/px4_msgs/include/px4_msgs/px4_msgs/msg/detail/gimbal_manager_information__type_support.h
[55.048s] -- Up-to-date: /home/maizaied03/ros2_ws/install/px4_msgs/include/px4_msgs/px4_msgs/msg/detail/estimator_status__functions.c
[55.048s] -- Up-to-date: /home/maizaied03/ros2_ws/install/px4_msgs/include/px4_msgs/px4_msgs/msg/detail/goto_setpoint__type_support.h
[55.048s] -- Up-to-date: /home/maizaied03/ros2_ws/install/px4_msgs/include/px4_msgs/px4_msgs/msg/detail/device_information__functions.c
[55.048s] -- Up-to-date: /home/maizaied03/ros2_ws/install/px4_msgs/include/px4_msgs/px4_msgs/msg/detail/control_allocator_status__type_support.h
[55.049s] -- Up-to-date: /home/maizaied03/ros2_ws/install/px4_msgs/include/px4_msgs/px4_msgs/msg/detail/fixed_wing_runway_control__type_support.h
[55.049s] -- Up-to-date: /home/maizaied03/ros2_ws/install/px4_msgs/include/px4_msgs/px4_msgs/msg/detail/gps_inject_data__functions.c
[55.049s] -- Up-to-date: /home/maizaied03/ros2_ws/install/px4_msgs/include/px4_msgs/px4_msgs/msg/detail/navigator_mission_item__functions.h
[55.049s] -- Up-to-date: /home/maizaied03/ros2_ws/install/px4_msgs/include/px4_msgs/px4_msgs/msg/detail/esc_status__functions.c
[55.049s] -- Up-to-date: /home/maizaied03/ros2_ws/install/px4_msgs/include/px4_msgs/px4_msgs/msg/detail/position_setpoint_triplet__type_support.h
[55.049s] -- Up-to-date: /home/maizaied03/ros2_ws/install/px4_msgs/include/px4_msgs/px4_msgs/msg/detail/estimator_sensor_bias__functions.c
[55.049s] -- Up-to-date: /home/maizaied03/ros2_ws/install/px4_msgs/include/px4_msgs/px4_msgs/msg/detail/gps_dump__functions.h
[55.049s] -- Up-to-date: /home/maizaied03/ros2_ws/install/px4_msgs/include/px4_msgs/px4_msgs/msg/detail/message_format_request__functions.h
[55.049s] -- Up-to-date: /home/maizaied03/ros2_ws/install/px4_msgs/include/px4_msgs/px4_msgs/msg/detail/rtl_time_estimate__struct.h
[55.049s] -- Up-to-date: /home/maizaied03/ros2_ws/install/px4_msgs/include/px4_msgs/px4_msgs/msg/detail/vehicle_attitude__type_support.h
[55.049s] -- Up-to-date: /home/maizaied03/ros2_ws/install/px4_msgs/include/px4_msgs/px4_msgs/msg/detail/estimator_bias__type_support.h
[55.049s] -- Up-to-date: /home/maizaied03/ros2_ws/install/px4_msgs/include/px4_msgs/px4_msgs/msg/detail/wind__functions.h
[55.049s] -- Up-to-date: /home/maizaied03/ros2_ws/install/px4_msgs/include/px4_msgs/px4_msgs/msg/detail/geofence_status__struct.h
[55.049s] -- Up-to-date: /home/maizaied03/ros2_ws/install/px4_msgs/include/px4_msgs/px4_msgs/msg/detail/ping__functions.c
[55.049s] -- Up-to-date: /home/maizaied03/ros2_ws/install/px4_msgs/include/px4_msgs/px4_msgs/msg/detail/vehicle_local_position__functions.c
[55.049s] -- Up-to-date: /home/maizaied03/ros2_ws/install/px4_msgs/include/px4_msgs/px4_msgs/msg/detail/goto_setpoint__struct.h
[55.049s] -- Up-to-date: /home/maizaied03/ros2_ws/install/px4_msgs/include/px4_msgs/px4_msgs/msg/detail/landing_gear__type_support.h
[55.049s] -- Up-to-date: /home/maizaied03/ros2_ws/install/px4_msgs/include/px4_msgs/px4_msgs/msg/detail/parameter_set_value_response__struct.h
[55.049s] -- Up-to-date: /home/maizaied03/ros2_ws/install/px4_msgs/include/px4_msgs/px4_msgs/msg/detail/internal_combustion_engine_status__functions.h
[55.049s] -- Up-to-date: /home/maizaied03/ros2_ws/install/px4_msgs/include/px4_msgs/px4_msgs/msg/detail/fixed_wing_longitudinal_setpoint__functions.h
[55.049s] -- Up-to-date: /home/maizaied03/ros2_ws/install/px4_msgs/include/px4_msgs/px4_msgs/msg/detail/launch_detection_status__functions.c
[55.049s] -- Up-to-date: /home/maizaied03/ros2_ws/install/px4_msgs/include/px4_msgs/px4_msgs/msg/detail/gimbal_device_set_attitude__functions.h
[55.049s] -- Up-to-date: /home/maizaied03/ros2_ws/install/px4_msgs/include/px4_msgs/px4_msgs/msg/detail/onboard_computer_status__struct.h
[55.049s] -- Up-to-date: /home/maizaied03/ros2_ws/install/px4_msgs/include/px4_msgs/px4_msgs/msg/detail/gps_inject_data__functions.h
[55.049s] -- Up-to-date: /home/maizaied03/ros2_ws/install/px4_msgs/include/px4_msgs/px4_msgs/msg/detail/control_allocator_status__functions.h
[55.049s] -- Up-to-date: /home/maizaied03/ros2_ws/install/px4_msgs/include/px4_msgs/px4_msgs/msg/detail/estimator_event_flags__type_support.h
[55.050s] -- Up-to-date: /home/maizaied03/ros2_ws/install/px4_msgs/include/px4_msgs/px4_msgs/msg/detail/gimbal_manager_set_attitude__functions.h
[55.050s] -- Up-to-date: /home/maizaied03/ros2_ws/install/px4_msgs/include/px4_msgs/px4_msgs/msg/detail/figure_eight_status__struct.h
[55.050s] -- Up-to-date: /home/maizaied03/ros2_ws/install/px4_msgs/include/px4_msgs/px4_msgs/msg/detail/wind__type_support.h
[55.050s] -- Up-to-date: /home/maizaied03/ros2_ws/install/px4_msgs/include/px4_msgs/px4_msgs/msg/detail/neural_control__struct.h
[55.050s] -- Up-to-date: /home/maizaied03/ros2_ws/install/px4_msgs/include/px4_msgs/px4_msgs/msg/detail/gpio_out__functions.h
[55.050s] -- Up-to-date: /home/maizaied03/ros2_ws/install/px4_msgs/include/px4_msgs/px4_msgs/msg/detail/tecs_status__functions.c
[55.050s] -- Up-to-date: /home/maizaied03/ros2_ws/install/px4_msgs/include/px4_msgs/px4_msgs/msg/detail/estimator_event_flags__functions.h
[55.050s] -- Up-to-date: /home/maizaied03/ros2_ws/install/px4_msgs/include/px4_msgs/px4_msgs/msg/detail/sensor_selection__functions.h
[55.050s] -- Up-to-date: /home/maizaied03/ros2_ws/install/px4_msgs/include/px4_msgs/px4_msgs/msg/detail/mount_orientation__functions.h
[55.050s] -- Up-to-date: /home/maizaied03/ros2_ws/install/px4_msgs/include/px4_msgs/px4_msgs/msg/detail/geofence_status__type_support.h
[55.050s] -- Up-to-date: /home/maizaied03/ros2_ws/install/px4_msgs/include/px4_msgs/px4_msgs/msg/detail/flight_phase_estimation__type_support.h
[55.050s] -- Up-to-date: /home/maizaied03/ros2_ws/install/px4_msgs/include/px4_msgs/px4_msgs/msg/detail/mission_result__struct.h
[55.050s] -- Up-to-date: /home/maizaied03/ros2_ws/install/px4_msgs/include/px4_msgs/px4_msgs/msg/detail/raptor_input__functions.c
[55.050s] -- Up-to-date: /home/maizaied03/ros2_ws/install/px4_msgs/include/px4_msgs/px4_msgs/msg/detail/rover_rate_setpoint__struct.h
[55.050s] -- Up-to-date: /home/maizaied03/ros2_ws/install/px4_msgs/include/px4_msgs/px4_msgs/msg/detail/sensor_combined__functions.c
[55.050s] -- Up-to-date: /home/maizaied03/ros2_ws/install/px4_msgs/include/px4_msgs/px4_msgs/msg/detail/failsafe_flags__struct.h
[55.050s] -- Up-to-date: /home/maizaied03/ros2_ws/install/px4_msgs/include/px4_msgs/px4_msgs/msg/detail/sensor_gyro_fft__functions.c
[55.050s] -- Up-to-date: /home/maizaied03/ros2_ws/install/px4_msgs/include/px4_msgs/px4_msgs/msg/detail/logger_status__functions.h
[55.050s] -- Up-to-date: /home/maizaied03/ros2_ws/install/px4_msgs/include/px4_msgs/px4_msgs/msg/detail/estimator_bias3d__functions.c
[55.050s] -- Up-to-date: /home/maizaied03/ros2_ws/install/px4_msgs/include/px4_msgs/px4_msgs/msg/detail/rtl_time_estimate__functions.h
[55.050s] -- Up-to-date: /home/maizaied03/ros2_ws/install/px4_msgs/include/px4_msgs/px4_msgs/msg/detail/estimator_status__struct.h
[55.050s] -- Up-to-date: /home/maizaied03/ros2_ws/install/px4_msgs/include/px4_msgs/px4_msgs/msg/detail/velocity_limits__functions.h
[55.050s] -- Up-to-date: /home/maizaied03/ros2_ws/install/px4_msgs/include/px4_msgs/px4_msgs/msg/detail/gps_dump__struct.h
[55.051s] -- Up-to-date: /home/maizaied03/ros2_ws/install/px4_msgs/include/px4_msgs/px4_msgs/msg/detail/power_monitor__struct.h
[55.051s] -- Up-to-date: /home/maizaied03/ros2_ws/install/px4_msgs/include/px4_msgs/px4_msgs/msg/detail/register_ext_component_request__functions.c
[55.051s] -- Up-to-date: /home/maizaied03/ros2_ws/install/px4_msgs/include/px4_msgs/px4_msgs/msg/detail/vehicle_command_ack__functions.h
[55.051s] -- Up-to-date: /home/maizaied03/ros2_ws/install/px4_msgs/include/px4_msgs/px4_msgs/msg/detail/yaw_estimator_status__struct.h
[55.051s] -- Up-to-date: /home/maizaied03/ros2_ws/install/px4_msgs/include/px4_msgs/px4_msgs/msg/detail/gimbal_device_attitude_status__functions.c
[55.051s] -- Up-to-date: /home/maizaied03/ros2_ws/install/px4_msgs/include/px4_msgs/px4_msgs/msg/detail/cellular_status__functions.c
[55.051s] -- Up-to-date: /home/maizaied03/ros2_ws/install/px4_msgs/include/px4_msgs/px4_msgs/msg/detail/heater_status__functions.c
[55.051s] -- Up-to-date: /home/maizaied03/ros2_ws/install/px4_msgs/include/px4_msgs/px4_msgs/msg/detail/estimator_aid_source2d__functions.h
[55.051s] -- Up-to-date: /home/maizaied03/ros2_ws/install/px4_msgs/include/px4_msgs/px4_msgs/msg/detail/landing_target_innovations__type_support.h
[55.051s] -- Up-to-date: /home/maizaied03/ros2_ws/install/px4_msgs/include/px4_msgs/px4_msgs/msg/detail/gimbal_manager_set_manual_control__functions.h
[55.051s] -- Up-to-date: /home/maizaied03/ros2_ws/install/px4_msgs/include/px4_msgs/px4_msgs/msg/detail/esc_report__functions.h
[55.051s] -- Up-to-date: /home/maizaied03/ros2_ws/install/px4_msgs/include/px4_msgs/px4_msgs/msg/detail/position_setpoint__functions.h
[55.051s] -- Up-to-date: /home/maizaied03/ros2_ws/install/px4_msgs/include/px4_msgs/px4_msgs/msg/detail/manual_control_switches__functions.c
[55.051s] -- Up-to-date: /home/maizaied03/ros2_ws/install/px4_msgs/include/px4_msgs/px4_msgs/msg/detail/neural_control__type_support.h
[55.051s] -- Up-to-date: /home/maizaied03/ros2_ws/install/px4_msgs/include/px4_msgs/px4_msgs/msg/detail/log_message__functions.h
[55.051s] -- Up-to-date: /home/maizaied03/ros2_ws/install/px4_msgs/include/px4_msgs/px4_msgs/msg/detail/estimator_states__type_support.h
[55.052s] -- Up-to-date: /home/maizaied03/ros2_ws/install/px4_msgs/include/px4_msgs/px4_msgs/msg/detail/estimator_aid_source3d__type_support.h
[55.052s] -- Up-to-date: /home/maizaied03/ros2_ws/install/px4_msgs/include/px4_msgs/px4_msgs/msg/detail/qshell_req__struct.h
[55.052s] -- Up-to-date: /home/maizaied03/ros2_ws/install/px4_msgs/include/px4_msgs/px4_msgs/msg/detail/dataman_response__struct.h
[55.052s] -- Up-to-date: /home/maizaied03/ros2_ws/install/px4_msgs/include/px4_msgs/px4_msgs/msg/detail/debug_vect__functions.c
[55.052s] -- Up-to-date: /home/maizaied03/ros2_ws/install/px4_msgs/include/px4_msgs/px4_msgs/msg/detail/vehicle_imu__struct.h
[55.052s] -- Up-to-date: /home/maizaied03/ros2_ws/install/px4_msgs/include/px4_msgs/px4_msgs/msg/detail/sensor_gyro_fifo__functions.c
[55.052s] -- Up-to-date: /home/maizaied03/ros2_ws/install/px4_msgs/include/px4_msgs/px4_msgs/msg/detail/differential_pressure__functions.c
[55.052s] -- Up-to-date: /home/maizaied03/ros2_ws/install/px4_msgs/include/px4_msgs/px4_msgs/msg/detail/vehicle_land_detected__struct.h
[55.052s] -- Up-to-date: /home/maizaied03/ros2_ws/install/px4_msgs/include/px4_msgs/px4_msgs/msg/detail/rpm__struct.h
[55.052s] -- Up-to-date: /home/maizaied03/ros2_ws/install/px4_msgs/include/px4_msgs/px4_msgs/msg/detail/trajectory_setpoint6dof__type_support.h
[55.052s] -- Up-to-date: /home/maizaied03/ros2_ws/install/px4_msgs/include/px4_msgs/px4_msgs/msg/detail/differential_pressure__type_support.h
[55.052s] -- Up-to-date: /home/maizaied03/ros2_ws/install/px4_msgs/include/px4_msgs/px4_msgs/msg/detail/message_format_request__type_support.h
[55.052s] -- Up-to-date: /home/maizaied03/ros2_ws/install/px4_msgs/include/px4_msgs/px4_msgs/msg/detail/debug_key_value__functions.h
[55.052s] -- Up-to-date: /home/maizaied03/ros2_ws/install/px4_msgs/include/px4_msgs/px4_msgs/msg/detail/gpio_out__functions.c
[55.052s] -- Up-to-date: /home/maizaied03/ros2_ws/install/px4_msgs/include/px4_msgs/px4_msgs/msg/detail/actuator_servos__functions.c
[55.052s] -- Up-to-date: /home/maizaied03/ros2_ws/install/px4_msgs/include/px4_msgs/px4_msgs/msg/detail/fixed_wing_longitudinal_setpoint__struct.h
[55.052s] -- Up-to-date: /home/maizaied03/ros2_ws/install/px4_msgs/include/px4_msgs/px4_msgs/msg/detail/sensor_hygrometer__struct.h
[55.052s] -- Up-to-date: /home/maizaied03/ros2_ws/install/px4_msgs/include/px4_msgs/px4_msgs/msg/detail/mount_orientation__type_support.h
[55.052s] -- Up-to-date: /home/maizaied03/ros2_ws/install/px4_msgs/include/px4_msgs/px4_msgs/msg/detail/magnetometer_bias_estimate__struct.h
[55.052s] -- Up-to-date: /home/maizaied03/ros2_ws/install/px4_msgs/include/px4_msgs/px4_msgs/msg/detail/gain_compression__functions.h
[55.052s] -- Up-to-date: /home/maizaied03/ros2_ws/install/px4_msgs/include/px4_msgs/px4_msgs/msg/detail/led_control__functions.h
[55.052s] -- Up-to-date: /home/maizaied03/ros2_ws/install/px4_msgs/include/px4_msgs/px4_msgs/msg/detail/estimator_bias__struct.h
[55.052s] -- Up-to-date: /home/maizaied03/ros2_ws/install/px4_msgs/include/px4_msgs/px4_msgs/msg/detail/tiltrotor_extra_controls__functions.c
[55.052s] -- Up-to-date: /home/maizaied03/ros2_ws/install/px4_msgs/include/px4_msgs/px4_msgs/msg/detail/rpm__type_support.h
[55.052s] -- Up-to-date: /home/maizaied03/ros2_ws/install/px4_msgs/include/px4_msgs/px4_msgs/msg/detail/log_message__struct.h
[55.052s] -- Up-to-date: /home/maizaied03/ros2_ws/install/px4_msgs/include/px4_msgs/px4_msgs/msg/detail/estimator_event_flags__functions.c
[55.053s] -- Up-to-date: /home/maizaied03/ros2_ws/install/px4_msgs/include/px4_msgs/px4_msgs/msg/detail/orb_test_medium__functions.c
[55.053s] -- Up-to-date: /home/maizaied03/ros2_ws/install/px4_msgs/include/px4_msgs/px4_msgs/msg/detail/landing_target_pose__functions.h
[55.053s] -- Up-to-date: /home/maizaied03/ros2_ws/install/px4_msgs/include/px4_msgs/px4_msgs/msg/detail/fixed_wing_longitudinal_setpoint__type_support.h
[55.053s] -- Up-to-date: /home/maizaied03/ros2_ws/install/px4_msgs/include/px4_msgs/px4_msgs/msg/detail/launch_detection_status__type_support.h
[55.053s] -- Up-to-date: /home/maizaied03/ros2_ws/install/px4_msgs/include/px4_msgs/px4_msgs/msg/detail/button_event__struct.h
[55.053s] -- Up-to-date: /home/maizaied03/ros2_ws/install/px4_msgs/include/px4_msgs/px4_msgs/msg/detail/gimbal_device_information__struct.h
[55.053s] -- Up-to-date: /home/maizaied03/ros2_ws/install/px4_msgs/include/px4_msgs/px4_msgs/msg/detail/pure_pursuit_status__functions.c
[55.053s] -- Up-to-date: /home/maizaied03/ros2_ws/install/px4_msgs/include/px4_msgs/px4_msgs/msg/detail/actuator_servos__type_support.h
[55.053s] -- Up-to-date: /home/maizaied03/ros2_ws/install/px4_msgs/include/px4_msgs/px4_msgs/msg/detail/vehicle_local_position_setpoint__struct.h
[55.053s] -- Up-to-date: /home/maizaied03/ros2_ws/install/px4_msgs/include/px4_msgs/px4_msgs/msg/detail/failure_detector_status__struct.h
[55.053s] -- Up-to-date: /home/maizaied03/ros2_ws/install/px4_msgs/include/px4_msgs/px4_msgs/msg/detail/sensor_temp__type_support.h
[55.053s] -- Up-to-date: /home/maizaied03/ros2_ws/install/px4_msgs/include/px4_msgs/px4_msgs/msg/detail/heater_status__type_support.h
[55.053s] -- Up-to-date: /home/maizaied03/ros2_ws/install/px4_msgs/include/px4_msgs/px4_msgs/msg/detail/failure_detector_status__type_support.h
[55.053s] -- Up-to-date: /home/maizaied03/ros2_ws/install/px4_msgs/include/px4_msgs/px4_msgs/msg/detail/orb_test_medium__type_support.h
[55.053s] -- Up-to-date: /home/maizaied03/ros2_ws/install/px4_msgs/include/px4_msgs/px4_msgs/msg/detail/sensor_gyro_fft__functions.h
[55.053s] -- Up-to-date: /home/maizaied03/ros2_ws/install/px4_msgs/include/px4_msgs/px4_msgs/msg/detail/rate_ctrl_status__functions.c
[55.053s] -- Up-to-date: /home/maizaied03/ros2_ws/install/px4_msgs/include/px4_msgs/px4_msgs/msg/detail/pwm_input__functions.c
[55.053s] -- Up-to-date: /home/maizaied03/ros2_ws/install/px4_msgs/include/px4_msgs/px4_msgs/msg/detail/figure_eight_status__type_support.h
[55.053s] -- Up-to-date: /home/maizaied03/ros2_ws/install/px4_msgs/include/px4_msgs/px4_msgs/msg/detail/uavcan_parameter_request__functions.h
[55.053s] -- Up-to-date: /home/maizaied03/ros2_ws/install/px4_msgs/include/px4_msgs/px4_msgs/msg/detail/magnetometer_bias_estimate__functions.h
[55.053s] -- Up-to-date: /home/maizaied03/ros2_ws/install/px4_msgs/include/px4_msgs/px4_msgs/msg/detail/gpio_request__functions.h
[55.053s] -- Up-to-date: /home/maizaied03/ros2_ws/install/px4_msgs/include/px4_msgs/px4_msgs/msg/detail/esc_status__functions.h
[55.054s] -- Up-to-date: /home/maizaied03/ros2_ws/install/px4_msgs/include/px4_msgs/px4_msgs/msg/detail/sensor_accel__functions.c
[55.054s] -- Up-to-date: /home/maizaied03/ros2_ws/install/px4_msgs/include/px4_msgs/px4_msgs/msg/detail/vehicle_status__functions.h
[55.054s] -- Up-to-date: /home/maizaied03/ros2_ws/install/px4_msgs/include/px4_msgs/px4_msgs/msg/detail/fixed_wing_lateral_setpoint__struct.h
[55.054s] -- Up-to-date: /home/maizaied03/ros2_ws/install/px4_msgs/include/px4_msgs/px4_msgs/msg/detail/fixed_wing_runway_control__functions.h
[55.054s] -- Up-to-date: /home/maizaied03/ros2_ws/install/px4_msgs/include/px4_msgs/px4_msgs/msg/detail/vehicle_command__functions.h
[55.054s] -- Up-to-date: /home/maizaied03/ros2_ws/install/px4_msgs/include/px4_msgs/px4_msgs/msg/detail/battery_info__functions.c
[55.054s] -- Up-to-date: /home/maizaied03/ros2_ws/install/px4_msgs/include/px4_msgs/px4_msgs/msg/detail/gimbal_manager_set_manual_control__functions.c
[55.054s] -- Up-to-date: /home/maizaied03/ros2_ws/install/px4_msgs/include/px4_msgs/px4_msgs/msg/detail/vehicle_thrust_setpoint__functions.h
[55.054s] -- Up-to-date: /home/maizaied03/ros2_ws/install/px4_msgs/include/px4_msgs/px4_msgs/msg/detail/vehicle_magnetometer__functions.h
[55.054s] -- Up-to-date: /home/maizaied03/ros2_ws/install/px4_msgs/include/px4_msgs/px4_msgs/msg/detail/debug_value__functions.c
[55.054s] -- Up-to-date: /home/maizaied03/ros2_ws/install/px4_msgs/include/px4_msgs/px4_msgs/msg/detail/follow_target_status__functions.c
[55.054s] -- Up-to-date: /home/maizaied03/ros2_ws/install/px4_msgs/include/px4_msgs/px4_msgs/msg/detail/gimbal_device_information__functions.c
[55.054s] -- Up-to-date: /home/maizaied03/ros2_ws/install/px4_msgs/include/px4_msgs/px4_msgs/msg/detail/qshell_req__type_support.h
[55.054s] -- Up-to-date: /home/maizaied03/ros2_ws/install/px4_msgs/include/px4_msgs/px4_msgs/msg/detail/parameter_update__functions.h
[55.054s] -- Up-to-date: /home/maizaied03/ros2_ws/install/px4_msgs/include/px4_msgs/px4_msgs/msg/detail/mode_completed__functions.c
[55.054s] -- Up-to-date: /home/maizaied03/ros2_ws/install/px4_msgs/include/px4_msgs/px4_msgs/msg/detail/rover_speed_status__type_support.h
[55.054s] -- Up-to-date: /home/maizaied03/ros2_ws/install/px4_msgs/include/px4_msgs/px4_msgs/msg/detail/dataman_response__functions.h
[55.054s] -- Up-to-date: /home/maizaied03/ros2_ws/install/px4_msgs/include/px4_msgs/px4_msgs/msg/detail/vehicle_odometry__functions.h
[55.054s] -- Up-to-date: /home/maizaied03/ros2_ws/install/px4_msgs/include/px4_msgs/px4_msgs/msg/detail/vtx__functions.h
[55.054s] -- Up-to-date: /home/maizaied03/ros2_ws/install/px4_msgs/include/px4_msgs/px4_msgs/msg/detail/gps_dump__type_support.h
[55.054s] -- Up-to-date: /home/maizaied03/ros2_ws/install/px4_msgs/include/px4_msgs/px4_msgs/msg/detail/dronecan_node_status__functions.c
[55.054s] -- Up-to-date: /home/maizaied03/ros2_ws/install/px4_msgs/include/px4_msgs/px4_msgs/msg/detail/gimbal_device_attitude_status__struct.h
[55.054s] -- Up-to-date: /home/maizaied03/ros2_ws/install/px4_msgs/include/px4_msgs/px4_msgs/msg/detail/button_event__functions.c
[55.054s] -- Up-to-date: /home/maizaied03/ros2_ws/install/px4_msgs/include/px4_msgs/px4_msgs/msg/detail/actuator_servos_trim__struct.h
[55.054s] -- Up-to-date: /home/maizaied03/ros2_ws/install/px4_msgs/include/px4_msgs/px4_msgs/msg/detail/arming_check_request__functions.h
[55.054s] -- Up-to-date: /home/maizaied03/ros2_ws/install/px4_msgs/include/px4_msgs/px4_msgs/msg/detail/device_information__type_support.h
[55.054s] -- Up-to-date: /home/maizaied03/ros2_ws/install/px4_msgs/include/px4_msgs/px4_msgs/msg/detail/manual_control_setpoint__struct.h
[55.054s] -- Up-to-date: /home/maizaied03/ros2_ws/install/px4_msgs/include/px4_msgs/px4_msgs/msg/detail/vehicle_land_detected__functions.h
[55.054s] -- Up-to-date: /home/maizaied03/ros2_ws/install/px4_msgs/include/px4_msgs/px4_msgs/msg/detail/fixed_wing_runway_control__struct.h
[55.055s] -- Up-to-date: /home/maizaied03/ros2_ws/install/px4_msgs/include/px4_msgs/px4_msgs/msg/detail/mavlink_tunnel__functions.c
[55.055s] -- Up-to-date: /home/maizaied03/ros2_ws/install/px4_msgs/include/px4_msgs/px4_msgs/msg/detail/open_drone_id_system__functions.h
[55.055s] -- Up-to-date: /home/maizaied03/ros2_ws/install/px4_msgs/include/px4_msgs/px4_msgs/msg/detail/vehicle_local_position_setpoint__functions.c
[55.055s] -- Up-to-date: /home/maizaied03/ros2_ws/install/px4_msgs/include/px4_msgs/px4_msgs/msg/detail/gimbal_device_information__type_support.h
[55.055s] -- Up-to-date: /home/maizaied03/ros2_ws/install/px4_msgs/include/px4_msgs/px4_msgs/msg/detail/actuator_controls_status__struct.h
[55.055s] -- Up-to-date: /home/maizaied03/ros2_ws/install/px4_msgs/include/px4_msgs/px4_msgs/msg/detail/adc_report__functions.h
[55.055s] -- Up-to-date: /home/maizaied03/ros2_ws/install/px4_msgs/include/px4_msgs/px4_msgs/msg/detail/power_button_state__functions.h
[55.055s] -- Up-to-date: /home/maizaied03/ros2_ws/install/px4_msgs/include/px4_msgs/px4_msgs/msg/detail/camera_trigger__type_support.h
[55.055s] -- Up-to-date: /home/maizaied03/ros2_ws/install/px4_msgs/include/px4_msgs/px4_msgs/msg/detail/autotune_attitude_control_status__type_support.h
[55.055s] -- Up-to-date: /home/maizaied03/ros2_ws/install/px4_msgs/include/px4_msgs/px4_msgs/msg/detail/vehicle_local_position_setpoint__functions.h
[55.055s] -- Up-to-date: /home/maizaied03/ros2_ws/install/px4_msgs/include/px4_msgs/px4_msgs/msg/detail/raptor_status__struct.h
[55.055s] -- Up-to-date: /home/maizaied03/ros2_ws/install/px4_msgs/include/px4_msgs/px4_msgs/msg/detail/gimbal_manager_status__struct.h
[55.055s] -- Up-to-date: /home/maizaied03/ros2_ws/install/px4_msgs/include/px4_msgs/px4_msgs/msg/detail/parameter_reset_request__struct.h
[55.055s] -- Up-to-date: /home/maizaied03/ros2_ws/install/px4_msgs/include/px4_msgs/px4_msgs/msg/detail/control_allocator_status__struct.h
[55.055s] -- Up-to-date: /home/maizaied03/ros2_ws/install/px4_msgs/include/px4_msgs/px4_msgs/msg/detail/open_drone_id_self_id__type_support.h
[55.055s] -- Up-to-date: /home/maizaied03/ros2_ws/install/px4_msgs/include/px4_msgs/px4_msgs/msg/detail/offboard_control_mode__functions.c
[55.055s] -- Up-to-date: /home/maizaied03/ros2_ws/install/px4_msgs/include/px4_msgs/px4_msgs/msg/detail/orbit_status__type_support.h
[55.055s] -- Up-to-date: /home/maizaied03/ros2_ws/install/px4_msgs/include/px4_msgs/px4_msgs/msg/detail/sensor_gyro__functions.c
[55.055s] -- Up-to-date: /home/maizaied03/ros2_ws/install/px4_msgs/include/px4_msgs/px4_msgs/msg/detail/qshell_retval__functions.c
[55.055s] -- Up-to-date: /home/maizaied03/ros2_ws/install/px4_msgs/include/px4_msgs/px4_msgs/msg/detail/sensor_baro__functions.h
[55.055s] -- Up-to-date: /home/maizaied03/ros2_ws/install/px4_msgs/include/px4_msgs/px4_msgs/msg/detail/estimator_aid_source1d__struct.h
[55.055s] -- Up-to-date: /home/maizaied03/ros2_ws/install/px4_msgs/include/px4_msgs/px4_msgs/msg/detail/px4io_status__functions.c
[55.055s] -- Up-to-date: /home/maizaied03/ros2_ws/install/px4_msgs/include/px4_msgs/px4_msgs/msg/detail/rover_attitude_setpoint__functions.h
[55.055s] -- Up-to-date: /home/maizaied03/ros2_ws/install/px4_msgs/include/px4_msgs/px4_msgs/msg/detail/airspeed_validated__type_support.h
[55.055s] -- Up-to-date: /home/maizaied03/ros2_ws/install/px4_msgs/include/px4_msgs/px4_msgs/msg/detail/led_control__functions.c
[55.055s] -- Up-to-date: /home/maizaied03/ros2_ws/install/px4_msgs/include/px4_msgs/px4_msgs/msg/detail/landing_gear__functions.c
[55.055s] -- Up-to-date: /home/maizaied03/ros2_ws/install/px4_msgs/include/px4_msgs/px4_msgs/msg/detail/gripper__functions.c
[55.055s] -- Up-to-date: /home/maizaied03/ros2_ws/install/px4_msgs/include/px4_msgs/px4_msgs/msg/detail/gpio_config__type_support.h
[55.055s] -- Up-to-date: /home/maizaied03/ros2_ws/install/px4_msgs/include/px4_msgs/px4_msgs/msg/detail/radio_status__type_support.h
[55.055s] -- Up-to-date: /home/maizaied03/ros2_ws/install/px4_msgs/include/px4_msgs/px4_msgs/msg/detail/actuator_test__struct.h
[55.056s] -- Up-to-date: /home/maizaied03/ros2_ws/install/px4_msgs/include/px4_msgs/px4_msgs/msg/detail/geofence_status__functions.h
[55.056s] -- Up-to-date: /home/maizaied03/ros2_ws/install/px4_msgs/include/px4_msgs/px4_msgs/msg/detail/power_monitor__functions.c
[55.056s] -- Up-to-date: /home/maizaied03/ros2_ws/install/px4_msgs/include/px4_msgs/px4_msgs/msg/detail/fuel_tank_status__functions.h
[55.056s] -- Up-to-date: /home/maizaied03/ros2_ws/install/px4_msgs/include/px4_msgs/px4_msgs/msg/detail/vehicle_torque_setpoint__type_support.h
[55.056s] -- Up-to-date: /home/maizaied03/ros2_ws/install/px4_msgs/include/px4_msgs/px4_msgs/msg/detail/manual_control_switches__type_support.h
[55.056s] -- Up-to-date: /home/maizaied03/ros2_ws/install/px4_msgs/include/px4_msgs/px4_msgs/msg/detail/open_drone_id_system__type_support.h
[55.056s] -- Up-to-date: /home/maizaied03/ros2_ws/install/px4_msgs/include/px4_msgs/px4_msgs/msg/detail/estimator_status__functions.h
[55.056s] -- Up-to-date: /home/maizaied03/ros2_ws/install/px4_msgs/include/px4_msgs/px4_msgs/msg/detail/ulog_stream_ack__struct.h
[55.056s] -- Up-to-date: /home/maizaied03/ros2_ws/install/px4_msgs/include/px4_msgs/px4_msgs/msg/detail/mag_worker_data__functions.c
[55.056s] -- Up-to-date: /home/maizaied03/ros2_ws/install/px4_msgs/include/px4_msgs/px4_msgs/msg/detail/rover_speed_status__struct.h
[55.056s] -- Up-to-date: /home/maizaied03/ros2_ws/install/px4_msgs/include/px4_msgs/px4_msgs/msg/detail/cellular_status__struct.h
[55.056s] -- Up-to-date: /home/maizaied03/ros2_ws/install/px4_msgs/include/px4_msgs/px4_msgs/msg/detail/open_drone_id_arm_status__functions.c
[55.056s] -- Up-to-date: /home/maizaied03/ros2_ws/install/px4_msgs/include/px4_msgs/px4_msgs/msg/detail/rover_rate_status__struct.h
[55.056s] -- Up-to-date: /home/maizaied03/ros2_ws/install/px4_msgs/include/px4_msgs/px4_msgs/msg/detail/rc_parameter_map__struct.h
[55.056s] -- Up-to-date: /home/maizaied03/ros2_ws/install/px4_msgs/include/px4_msgs/px4_msgs/msg/detail/vehicle_land_detected__type_support.h
[55.056s] -- Up-to-date: /home/maizaied03/ros2_ws/install/px4_msgs/include/px4_msgs/px4_msgs/msg/detail/distance_sensor_mode_change_request__type_support.h
[55.056s] -- Up-to-date: /home/maizaied03/ros2_ws/install/px4_msgs/include/px4_msgs/px4_msgs/msg/detail/failsafe_flags__functions.c
[55.056s] -- Up-to-date: /home/maizaied03/ros2_ws/install/px4_msgs/include/px4_msgs/px4_msgs/msg/detail/vehicle_angular_acceleration_setpoint__struct.h
[55.056s] -- Up-to-date: /home/maizaied03/ros2_ws/install/px4_msgs/include/px4_msgs/px4_msgs/msg/detail/battery_info__functions.h
[55.056s] -- Up-to-date: /home/maizaied03/ros2_ws/install/px4_msgs/include/px4_msgs/px4_msgs/msg/detail/gripper__functions.h
[55.056s] -- Up-to-date: /home/maizaied03/ros2_ws/install/px4_msgs/include/px4_msgs/px4_msgs/msg/detail/vehicle_roi__struct.h
[55.056s] -- Up-to-date: /home/maizaied03/ros2_ws/install/px4_msgs/include/px4_msgs/px4_msgs/msg/detail/internal_combustion_engine_status__functions.c
[55.056s] -- Up-to-date: /home/maizaied03/ros2_ws/install/px4_msgs/include/px4_msgs/px4_msgs/msg/detail/vtol_vehicle_status__functions.c
[55.057s] -- Up-to-date: /home/maizaied03/ros2_ws/install/px4_msgs/include/px4_msgs/px4_msgs/msg/detail/power_button_state__type_support.h
[55.057s] -- Up-to-date: /home/maizaied03/ros2_ws/install/px4_msgs/include/px4_msgs/px4_msgs/msg/detail/vehicle_roi__functions.c
[55.057s] -- Up-to-date: /home/maizaied03/ros2_ws/install/px4_msgs/include/px4_msgs/px4_msgs/msg/detail/actuator_servos_trim__functions.c
[55.057s] -- Up-to-date: /home/maizaied03/ros2_ws/install/px4_msgs/include/px4_msgs/px4_msgs/msg/detail/ping__struct.h
[55.057s] -- Up-to-date: /home/maizaied03/ros2_ws/install/px4_msgs/include/px4_msgs/px4_msgs/msg/detail/telemetry_status__type_support.h
[55.057s] -- Up-to-date: /home/maizaied03/ros2_ws/install/px4_msgs/include/px4_msgs/px4_msgs/msg/detail/mag_worker_data__type_support.h
[55.057s] -- Up-to-date: /home/maizaied03/ros2_ws/install/px4_msgs/include/px4_msgs/px4_msgs/msg/detail/ekf2_timestamps__struct.h
[55.057s] -- Up-to-date: /home/maizaied03/ros2_ws/install/px4_msgs/include/px4_msgs/px4_msgs/msg/detail/vehicle_control_mode__functions.h
[55.057s] -- Up-to-date: /home/maizaied03/ros2_ws/install/px4_msgs/include/px4_msgs/px4_msgs/msg/detail/internal_combustion_engine_status__type_support.h
[55.057s] -- Up-to-date: /home/maizaied03/ros2_ws/install/px4_msgs/include/px4_msgs/px4_msgs/msg/detail/vehicle_constraints__type_support.h
[55.057s] -- Up-to-date: /home/maizaied03/ros2_ws/install/px4_msgs/include/px4_msgs/px4_msgs/msg/detail/fixed_wing_longitudinal_setpoint__functions.c
[55.057s] -- Up-to-date: /home/maizaied03/ros2_ws/install/px4_msgs/include/px4_msgs/px4_msgs/msg/detail/parameter_update__functions.c
[55.057s] -- Up-to-date: /home/maizaied03/ros2_ws/install/px4_msgs/include/px4_msgs/px4_msgs/msg/detail/failure_detector_status__functions.h
[55.057s] -- Up-to-date: /home/maizaied03/ros2_ws/install/px4_msgs/include/px4_msgs/px4_msgs/msg/detail/vehicle_magnetometer__struct.h
[55.057s] -- Up-to-date: /home/maizaied03/ros2_ws/install/px4_msgs/include/px4_msgs/px4_msgs/msg/detail/mavlink_log__functions.c
[55.057s] -- Up-to-date: /home/maizaied03/ros2_ws/install/px4_msgs/include/px4_msgs/px4_msgs/msg/detail/dataman_request__struct.h
[55.057s] -- Up-to-date: /home/maizaied03/ros2_ws/install/px4_msgs/include/px4_msgs/px4_msgs/msg/detail/flight_phase_estimation__functions.h
[55.057s] -- Up-to-date: /home/maizaied03/ros2_ws/install/px4_msgs/include/px4_msgs/px4_msgs/msg/detail/actuator_controls_status__functions.h
[55.057s] -- Up-to-date: /home/maizaied03/ros2_ws/install/px4_msgs/include/px4_msgs/px4_msgs/msg/detail/vehicle_attitude__struct.h
[55.057s] -- Up-to-date: /home/maizaied03/ros2_ws/install/px4_msgs/include/px4_msgs/px4_msgs/msg/detail/irlock_report__functions.c
[55.057s] -- Up-to-date: /home/maizaied03/ros2_ws/install/px4_msgs/include/px4_msgs/px4_msgs/msg/detail/register_ext_component_request__functions.h
[55.057s] -- Up-to-date: /home/maizaied03/ros2_ws/install/px4_msgs/include/px4_msgs/px4_msgs/msg/detail/camera_capture__type_support.h
[55.057s] -- Up-to-date: /home/maizaied03/ros2_ws/install/px4_msgs/include/px4_msgs/px4_msgs/msg/detail/wheel_encoders__functions.h
[55.057s] -- Up-to-date: /home/maizaied03/ros2_ws/install/px4_msgs/include/px4_msgs/px4_msgs/msg/detail/heater_status__functions.h
[55.058s] -- Up-to-date: /home/maizaied03/ros2_ws/install/px4_msgs/include/px4_msgs/px4_msgs/msg/detail/vehicle_land_detected__functions.c
[55.058s] -- Up-to-date: /home/maizaied03/ros2_ws/install/px4_msgs/include/px4_msgs/px4_msgs/msg/detail/rover_steering_setpoint__struct.h
[55.058s] -- Up-to-date: /home/maizaied03/ros2_ws/install/px4_msgs/include/px4_msgs/px4_msgs/msg/detail/mission__functions.c
[55.058s] -- Up-to-date: /home/maizaied03/ros2_ws/install/px4_msgs/include/px4_msgs/px4_msgs/msg/detail/debug_vect__struct.h
[55.058s] -- Up-to-date: /home/maizaied03/ros2_ws/install/px4_msgs/include/px4_msgs/px4_msgs/msg/detail/gimbal_manager_status__functions.c
[55.058s] -- Up-to-date: /home/maizaied03/ros2_ws/install/px4_msgs/include/px4_msgs/px4_msgs/msg/detail/rover_speed_setpoint__functions.h
[55.058s] -- Up-to-date: /home/maizaied03/ros2_ws/install/px4_msgs/include/px4_msgs/px4_msgs/msg/detail/distance_sensor__struct.h
[55.058s] -- Up-to-date: /home/maizaied03/ros2_ws/install/px4_msgs/include/px4_msgs/px4_msgs/msg/detail/manual_control_setpoint__functions.c
[55.058s] -- Up-to-date: /home/maizaied03/ros2_ws/install/px4_msgs/include/px4_msgs/px4_msgs/msg/detail/gimbal_manager_information__struct.h
[55.058s] -- Up-to-date: /home/maizaied03/ros2_ws/install/px4_msgs/include/px4_msgs/px4_msgs/msg/detail/parameter_set_used_request__type_support.h
[55.058s] -- Up-to-date: /home/maizaied03/ros2_ws/install/px4_msgs/include/px4_msgs/px4_msgs/msg/detail/navigator_mission_item__type_support.h
[55.058s] -- Up-to-date: /home/maizaied03/ros2_ws/install/px4_msgs/include/px4_msgs/px4_msgs/msg/detail/open_drone_id_self_id__functions.h
[55.058s] -- Up-to-date: /home/maizaied03/ros2_ws/install/px4_msgs/include/px4_msgs/px4_msgs/msg/detail/rover_attitude_setpoint__struct.h
[55.058s] -- Up-to-date: /home/maizaied03/ros2_ws/install/px4_msgs/include/px4_msgs/px4_msgs/msg/detail/mission_result__functions.h
[55.058s] -- Up-to-date: /home/maizaied03/ros2_ws/install/px4_msgs/include/px4_msgs/px4_msgs/msg/detail/message_format_request__struct.h
[55.058s] -- Up-to-date: /home/maizaied03/ros2_ws/install/px4_msgs/include/px4_msgs/px4_msgs/msg/detail/config_overrides__functions.c
[55.058s] -- Up-to-date: /home/maizaied03/ros2_ws/install/px4_msgs/include/px4_msgs/px4_msgs/msg/detail/cellular_status__functions.h
[55.058s] -- Up-to-date: /home/maizaied03/ros2_ws/install/px4_msgs/include/px4_msgs/px4_msgs/msg/detail/button_event__type_support.h
[55.058s] -- Up-to-date: /home/maizaied03/ros2_ws/install/px4_msgs/include/px4_msgs/px4_msgs/msg/detail/normalized_unsigned_setpoint__type_support.h
[55.058s] -- Up-to-date: /home/maizaied03/ros2_ws/install/px4_msgs/include/px4_msgs/px4_msgs/msg/detail/actuator_armed__struct.h
[55.058s] -- Up-to-date: /home/maizaied03/ros2_ws/install/px4_msgs/include/px4_msgs/px4_msgs/msg/detail/actuator_outputs__struct.h
[55.058s] -- Up-to-date: /home/maizaied03/ros2_ws/install/px4_msgs/include/px4_msgs/px4_msgs/msg/detail/camera_status__functions.c
[55.058s] -- Up-to-date: /home/maizaied03/ros2_ws/install/px4_msgs/include/px4_msgs/px4_msgs/msg/detail/distance_sensor__functions.h
[55.059s] -- Up-to-date: /home/maizaied03/ros2_ws/install/px4_msgs/include/px4_msgs/px4_msgs/msg/detail/sensor_accel_fifo__struct.h
[55.059s] -- Up-to-date: /home/maizaied03/ros2_ws/install/px4_msgs/include/px4_msgs/px4_msgs/msg/detail/rover_rate_status__type_support.h
[55.059s] -- Up-to-date: /home/maizaied03/ros2_ws/install/px4_msgs/include/px4_msgs/px4_msgs/msg/detail/cpuload__struct.h
[55.059s] -- Up-to-date: /home/maizaied03/ros2_ws/install/px4_msgs/include/px4_msgs/px4_msgs/msg/detail/trajectory_setpoint__struct.h
[55.059s] -- Up-to-date: /home/maizaied03/ros2_ws/install/px4_msgs/include/px4_msgs/px4_msgs/msg/detail/camera_capture__functions.h
[55.059s] -- Up-to-date: /home/maizaied03/ros2_ws/install/px4_msgs/include/px4_msgs/px4_msgs/msg/detail/landing_gear_wheel__type_support.h
[55.059s] -- Up-to-date: /home/maizaied03/ros2_ws/install/px4_msgs/include/px4_msgs/px4_msgs/msg/detail/estimator_aid_source3d__functions.h
[55.059s] -- Up-to-date: /home/maizaied03/ros2_ws/install/px4_msgs/include/px4_msgs/px4_msgs/msg/detail/airspeed_wind__functions.h
[55.059s] -- Up-to-date: /home/maizaied03/ros2_ws/install/px4_msgs/include/px4_msgs/px4_msgs/msg/detail/vehicle_optical_flow_vel__functions.c
[55.059s] -- Up-to-date: /home/maizaied03/ros2_ws/install/px4_msgs/include/px4_msgs/px4_msgs/msg/detail/vehicle_imu_status__functions.c
[55.059s] -- Up-to-date: /home/maizaied03/ros2_ws/install/px4_msgs/include/px4_msgs/px4_msgs/msg/detail/sensor_gnss_relative__type_support.h
[55.059s] -- Up-to-date: /home/maizaied03/ros2_ws/install/px4_msgs/include/px4_msgs/px4_msgs/msg/detail/sensor_gnss_relative__functions.c
[55.059s] -- Up-to-date: /home/maizaied03/ros2_ws/install/px4_msgs/include/px4_msgs/px4_msgs/msg/detail/sensor_correction__type_support.h
[55.059s] -- Up-to-date: /home/maizaied03/ros2_ws/install/px4_msgs/include/px4_msgs/px4_msgs/msg/detail/open_drone_id_operator_id__functions.c
[55.059s] -- Up-to-date: /home/maizaied03/ros2_ws/install/px4_msgs/include/px4_msgs/px4_msgs/msg/detail/geofence_result__functions.h
[55.059s] -- Up-to-date: /home/maizaied03/ros2_ws/install/px4_msgs/include/px4_msgs/px4_msgs/msg/detail/mavlink_tunnel__type_support.h
[55.059s] -- Up-to-date: /home/maizaied03/ros2_ws/install/px4_msgs/include/px4_msgs/px4_msgs/msg/detail/estimator_aid_source3d__struct.h
[55.059s] -- Up-to-date: /home/maizaied03/ros2_ws/install/px4_msgs/include/px4_msgs/px4_msgs/msg/detail/radio_status__functions.h
[55.059s] -- Up-to-date: /home/maizaied03/ros2_ws/install/px4_msgs/include/px4_msgs/px4_msgs/msg/detail/vehicle_global_position__functions.h
[55.059s] -- Up-to-date: /home/maizaied03/ros2_ws/install/px4_msgs/include/px4_msgs/px4_msgs/msg/detail/follow_target_estimator__struct.h
[55.059s] -- Up-to-date: /home/maizaied03/ros2_ws/install/px4_msgs/include/px4_msgs/px4_msgs/msg/detail/gimbal_device_information__functions.h
[55.059s] -- Up-to-date: /home/maizaied03/ros2_ws/install/px4_msgs/include/px4_msgs/px4_msgs/msg/detail/vehicle_local_position_setpoint__type_support.h
[55.059s] -- Up-to-date: /home/maizaied03/ros2_ws/install/px4_msgs/include/px4_msgs/px4_msgs/msg/detail/gimbal_device_set_attitude__functions.c
[55.060s] -- Up-to-date: /home/maizaied03/ros2_ws/install/px4_msgs/include/px4_msgs/px4_msgs/msg/detail/raptor_input__type_support.h
[55.060s] -- Up-to-date: /home/maizaied03/ros2_ws/install/px4_msgs/include/px4_msgs/px4_msgs/msg/detail/takeoff_status__type_support.h
[55.060s] -- Up-to-date: /home/maizaied03/ros2_ws/install/px4_msgs/include/px4_msgs/px4_msgs/msg/detail/orbit_status__struct.h
[55.060s] -- Up-to-date: /home/maizaied03/ros2_ws/install/px4_msgs/include/px4_msgs/px4_msgs/msg/detail/led_control__type_support.h
[55.060s] -- Up-to-date: /home/maizaied03/ros2_ws/install/px4_msgs/include/px4_msgs/px4_msgs/msg/detail/logger_status__type_support.h
[55.060s] -- Up-to-date: /home/maizaied03/ros2_ws/install/px4_msgs/include/px4_msgs/px4_msgs/msg/detail/vtol_vehicle_status__functions.h
[55.060s] -- Up-to-date: /home/maizaied03/ros2_ws/install/px4_msgs/include/px4_msgs/px4_msgs/msg/detail/ulog_stream__type_support.h
[55.060s] -- Up-to-date: /home/maizaied03/ros2_ws/install/px4_msgs/include/px4_msgs/px4_msgs/msg/detail/fixed_wing_lateral_guidance_status__struct.h
[55.060s] -- Up-to-date: /home/maizaied03/ros2_ws/install/px4_msgs/include/px4_msgs/px4_msgs/msg/detail/vehicle_command__functions.c
[55.060s] -- Up-to-date: /home/maizaied03/ros2_ws/install/px4_msgs/include/px4_msgs/px4_msgs/msg/detail/dataman_request__type_support.h
[55.060s] -- Up-to-date: /home/maizaied03/ros2_ws/install/px4_msgs/include/px4_msgs/px4_msgs/msg/detail/gpio_config__struct.h
[55.060s] -- Up-to-date: /home/maizaied03/ros2_ws/install/px4_msgs/include/px4_msgs/px4_msgs/msg/detail/estimator_selector_status__functions.c
[55.060s] -- Up-to-date: /home/maizaied03/ros2_ws/install/px4_msgs/include/px4_msgs/px4_msgs/msg/detail/fixed_wing_lateral_status__struct.h
[55.060s] -- Up-to-date: /home/maizaied03/ros2_ws/install/px4_msgs/include/px4_msgs/px4_msgs/msg/detail/raptor_input__struct.h
[55.060s] -- Up-to-date: /home/maizaied03/ros2_ws/install/px4_msgs/include/px4_msgs/px4_msgs/msg/detail/trajectory_setpoint__type_support.h
[55.060s] -- Up-to-date: /home/maizaied03/ros2_ws/install/px4_msgs/include/px4_msgs/px4_msgs/msg/detail/timesync_status__functions.h
[55.060s] -- Up-to-date: /home/maizaied03/ros2_ws/install/px4_msgs/include/px4_msgs/px4_msgs/msg/detail/dataman_response__type_support.h
[55.060s] -- Up-to-date: /home/maizaied03/ros2_ws/install/px4_msgs/include/px4_msgs/px4_msgs/msg/detail/gimbal_manager_information__functions.h
[55.060s] -- Up-to-date: /home/maizaied03/ros2_ws/install/px4_msgs/include/px4_msgs/px4_msgs/msg/detail/fixed_wing_lateral_setpoint__functions.h
[55.060s] -- Up-to-date: /home/maizaied03/ros2_ws/install/px4_msgs/include/px4_msgs/px4_msgs/msg/detail/ulog_stream__struct.h
[55.060s] -- Up-to-date: /home/maizaied03/ros2_ws/install/px4_msgs/include/px4_msgs/px4_msgs/msg/detail/actuator_outputs__functions.h
[55.060s] -- Up-to-date: /home/maizaied03/ros2_ws/install/px4_msgs/include/px4_msgs/px4_msgs/msg/detail/geofence_status__functions.c
[55.060s] -- Up-to-date: /home/maizaied03/ros2_ws/install/px4_msgs/include/px4_msgs/px4_msgs/msg/detail/gpio_request__type_support.h
[55.060s] -- Up-to-date: /home/maizaied03/ros2_ws/install/px4_msgs/include/px4_msgs/px4_msgs/msg/detail/collision_constraints__struct.h
[55.060s] -- Up-to-date: /home/maizaied03/ros2_ws/install/px4_msgs/include/px4_msgs/px4_msgs/msg/detail/magnetometer_bias_estimate__type_support.h
[55.060s] -- Up-to-date: /home/maizaied03/ros2_ws/install/px4_msgs/include/px4_msgs/px4_msgs/msg/detail/vehicle_rates_setpoint__type_support.h
[55.060s] -- Up-to-date: /home/maizaied03/ros2_ws/install/px4_msgs/include/px4_msgs/px4_msgs/msg/detail/logger_status__functions.c
[55.060s] -- Up-to-date: /home/maizaied03/ros2_ws/install/px4_msgs/include/px4_msgs/px4_msgs/msg/detail/message_format_response__struct.h
[55.061s] -- Up-to-date: /home/maizaied03/ros2_ws/install/px4_msgs/include/px4_msgs/px4_msgs/msg/detail/sensor_airflow__functions.c
[55.061s] -- Up-to-date: /home/maizaied03/ros2_ws/install/px4_msgs/include/px4_msgs/px4_msgs/msg/detail/adc_report__struct.h
[55.061s] -- Up-to-date: /home/maizaied03/ros2_ws/install/px4_msgs/include/px4_msgs/px4_msgs/msg/detail/timesync_status__type_support.h
[55.061s] -- Up-to-date: /home/maizaied03/ros2_ws/install/px4_msgs/include/px4_msgs/px4_msgs/msg/detail/obstacle_distance__type_support.h
[55.061s] -- Up-to-date: /home/maizaied03/ros2_ws/install/px4_msgs/include/px4_msgs/px4_msgs/msg/detail/gripper__type_support.h
[55.061s] -- Up-to-date: /home/maizaied03/ros2_ws/install/px4_msgs/include/px4_msgs/px4_msgs/msg/detail/fixed_wing_lateral_status__functions.c
[55.061s] -- Up-to-date: /home/maizaied03/ros2_ws/install/px4_msgs/include/px4_msgs/px4_msgs/msg/detail/camera_capture__struct.h
[55.061s] -- Up-to-date: /home/maizaied03/ros2_ws/install/px4_msgs/include/px4_msgs/px4_msgs/msg/detail/sensor_accel_fifo__functions.c
[55.061s] -- Up-to-date: /home/maizaied03/ros2_ws/install/px4_msgs/include/px4_msgs/px4_msgs/msg/detail/sensor_gps__functions.c
[55.061s] -- Up-to-date: /home/maizaied03/ros2_ws/install/px4_msgs/include/px4_msgs/px4_msgs/msg/detail/rc_channels__type_support.h
[55.061s] -- Up-to-date: /home/maizaied03/ros2_ws/install/px4_msgs/include/px4_msgs/px4_msgs/msg/detail/power_monitor__functions.h
[55.061s] -- Up-to-date: /home/maizaied03/ros2_ws/install/px4_msgs/include/px4_msgs/px4_msgs/msg/detail/gpio_in__type_support.h
[55.061s] -- Up-to-date: /home/maizaied03/ros2_ws/install/px4_msgs/include/px4_msgs/px4_msgs/msg/detail/parameter_set_used_request__struct.h
[55.061s] -- Up-to-date: /home/maizaied03/ros2_ws/install/px4_msgs/include/px4_msgs/px4_msgs/msg/detail/rover_speed_status__functions.h
[55.061s] -- Up-to-date: /home/maizaied03/ros2_ws/install/px4_msgs/include/px4_msgs/px4_msgs/msg/detail/rtl_status__functions.c
[55.061s] -- Up-to-date: /home/maizaied03/ros2_ws/install/px4_msgs/include/px4_msgs/px4_msgs/msg/detail/goto_setpoint__functions.h
[55.061s] -- Up-to-date: /home/maizaied03/ros2_ws/install/px4_msgs/include/px4_msgs/px4_msgs/msg/detail/adc_report__functions.c
[55.061s] -- Up-to-date: /home/maizaied03/ros2_ws/install/px4_msgs/include/px4_msgs/px4_msgs/msg/detail/distance_sensor_mode_change_request__functions.c
[55.061s] -- Up-to-date: /home/maizaied03/ros2_ws/install/px4_msgs/include/px4_msgs/px4_msgs/msg/detail/lateral_control_configuration__type_support.h
[55.061s] -- Up-to-date: /home/maizaied03/ros2_ws/install/px4_msgs/include/px4_msgs/px4_msgs/msg/detail/debug_key_value__type_support.h
[55.061s] -- Up-to-date: /home/maizaied03/ros2_ws/install/px4_msgs/include/px4_msgs/px4_msgs/msg/detail/rtl_status__struct.h
[55.061s] -- Up-to-date: /home/maizaied03/ros2_ws/install/px4_msgs/include/px4_msgs/px4_msgs/msg/detail/hover_thrust_estimate__functions.h
[55.061s] -- Up-to-date: /home/maizaied03/ros2_ws/install/px4_msgs/include/px4_msgs/px4_msgs/msg/detail/satellite_info__functions.c
[55.061s] -- Up-to-date: /home/maizaied03/ros2_ws/install/px4_msgs/include/px4_msgs/px4_msgs/msg/detail/normalized_unsigned_setpoint__struct.h
[55.061s] -- Up-to-date: /home/maizaied03/ros2_ws/install/px4_msgs/include/px4_msgs/px4_msgs/msg/detail/gimbal_controls__functions.c
[55.061s] -- Up-to-date: /home/maizaied03/ros2_ws/install/px4_msgs/include/px4_msgs/px4_msgs/msg/detail/unregister_ext_component__functions.h
[55.061s] -- Up-to-date: /home/maizaied03/ros2_ws/install/px4_msgs/include/px4_msgs/px4_msgs/msg/detail/vehicle_command_ack__type_support.h
[55.061s] -- Up-to-date: /home/maizaied03/ros2_ws/install/px4_msgs/include/px4_msgs/px4_msgs/msg/detail/vehicle_attitude_setpoint__functions.h
[55.061s] -- Up-to-date: /home/maizaied03/ros2_ws/install/px4_msgs/include/px4_msgs/px4_msgs/msg/detail/neural_control__functions.h
[55.061s] -- Up-to-date: /home/maizaied03/ros2_ws/install/px4_msgs/include/px4_msgs/px4_msgs/msg/detail/vehicle_optical_flow__functions.h
[55.062s] -- Up-to-date: /home/maizaied03/ros2_ws/install/px4_msgs/include/px4_msgs/px4_msgs/msg/detail/sensor_combined__type_support.h
[55.062s] -- Up-to-date: /home/maizaied03/ros2_ws/install/px4_msgs/include/px4_msgs/px4_msgs/msg/detail/estimator_aid_source2d__functions.c
[55.062s] -- Up-to-date: /home/maizaied03/ros2_ws/install/px4_msgs/include/px4_msgs/px4_msgs/msg/detail/landing_gear_wheel__struct.h
[55.062s] -- Up-to-date: /home/maizaied03/ros2_ws/install/px4_msgs/include/px4_msgs/px4_msgs/msg/detail/rover_throttle_setpoint__struct.h
[55.062s] -- Up-to-date: /home/maizaied03/ros2_ws/install/px4_msgs/include/px4_msgs/px4_msgs/msg/detail/vehicle_air_data__struct.h
[55.062s] -- Up-to-date: /home/maizaied03/ros2_ws/install/px4_msgs/include/px4_msgs/px4_msgs/msg/detail/vehicle_optical_flow__type_support.h
[55.062s] -- Up-to-date: /home/maizaied03/ros2_ws/install/px4_msgs/include/px4_msgs/px4_msgs/msg/detail/irlock_report__functions.h
[55.062s] -- Up-to-date: /home/maizaied03/ros2_ws/install/px4_msgs/include/px4_msgs/px4_msgs/msg/detail/ulog_stream__functions.c
[55.062s] -- Up-to-date: /home/maizaied03/ros2_ws/install/px4_msgs/include/px4_msgs/px4_msgs/msg/detail/raptor_status__functions.c
[55.062s] -- Up-to-date: /home/maizaied03/ros2_ws/install/px4_msgs/include/px4_msgs/px4_msgs/msg/detail/uavcan_parameter_value__functions.c
[55.062s] -- Up-to-date: /home/maizaied03/ros2_ws/install/px4_msgs/include/px4_msgs/px4_msgs/msg/detail/vehicle_status__struct.h
[55.062s] -- Up-to-date: /home/maizaied03/ros2_ws/install/px4_msgs/include/px4_msgs/px4_msgs/msg/detail/gps_inject_data__struct.h
[55.062s] -- Up-to-date: /home/maizaied03/ros2_ws/install/px4_msgs/include/px4_msgs/px4_msgs/msg/detail/rover_speed_setpoint__functions.c
[55.062s] -- Up-to-date: /home/maizaied03/ros2_ws/install/px4_msgs/include/px4_msgs/px4_msgs/msg/detail/rc_channels__struct.h
[55.062s] -- Up-to-date: /home/maizaied03/ros2_ws/install/px4_msgs/include/px4_msgs/px4_msgs/msg/detail/estimator_gps_status__functions.c
[55.062s] -- Up-to-date: /home/maizaied03/ros2_ws/install/px4_msgs/include/px4_msgs/px4_msgs/msg/detail/raptor_input__functions.h
[55.062s] -- Up-to-date: /home/maizaied03/ros2_ws/install/px4_msgs/include/px4_msgs/px4_msgs/msg/detail/register_ext_component_reply__type_support.h
[55.062s] -- Up-to-date: /home/maizaied03/ros2_ws/install/px4_msgs/include/px4_msgs/px4_msgs/msg/detail/manual_control_switches__struct.h
[55.062s] -- Up-to-date: /home/maizaied03/ros2_ws/install/px4_msgs/include/px4_msgs/px4_msgs/msg/detail/vehicle_imu__functions.c
[55.062s] -- Up-to-date: /home/maizaied03/ros2_ws/install/px4_msgs/include/px4_msgs/px4_msgs/msg/detail/estimator_states__functions.c
[55.062s] -- Up-to-date: /home/maizaied03/ros2_ws/install/px4_msgs/include/px4_msgs/px4_msgs/msg/detail/parameter_set_value_request__struct.h
[55.063s] -- Up-to-date: /home/maizaied03/ros2_ws/install/px4_msgs/include/px4_msgs/px4_msgs/msg/detail/gpio_config__functions.h
[55.063s] -- Up-to-date: /home/maizaied03/ros2_ws/install/px4_msgs/include/px4_msgs/px4_msgs/msg/detail/fixed_wing_lateral_setpoint__functions.c
[55.063s] -- Up-to-date: /home/maizaied03/ros2_ws/install/px4_msgs/include/px4_msgs/px4_msgs/msg/detail/uavcan_parameter_value__functions.h
[55.063s] -- Up-to-date: /home/maizaied03/ros2_ws/install/px4_msgs/include/px4_msgs/px4_msgs/msg/detail/mavlink_log__type_support.h
[55.063s] -- Up-to-date: /home/maizaied03/ros2_ws/install/px4_msgs/include/px4_msgs/px4_msgs/msg/detail/gain_compression__functions.c
[55.063s] -- Up-to-date: /home/maizaied03/ros2_ws/install/px4_msgs/include/px4_msgs/px4_msgs/msg/detail/sensor_gnss_relative__functions.h
[55.063s] -- Up-to-date: /home/maizaied03/ros2_ws/install/px4_msgs/include/px4_msgs/px4_msgs/msg/detail/navigator_status__functions.h
[55.063s] -- Up-to-date: /home/maizaied03/ros2_ws/install/px4_msgs/include/px4_msgs/px4_msgs/msg/detail/vehicle_imu_status__struct.h
[55.063s] -- Up-to-date: /home/maizaied03/ros2_ws/install/px4_msgs/include/px4_msgs/px4_msgs/msg/detail/sensor_optical_flow__functions.c
[55.063s] -- Up-to-date: /home/maizaied03/ros2_ws/install/px4_msgs/include/px4_msgs/px4_msgs/msg/detail/vehicle_air_data__functions.h
[55.063s] -- Up-to-date: /home/maizaied03/ros2_ws/install/px4_msgs/include/px4_msgs/px4_msgs/msg/detail/gimbal_manager_information__functions.c
[55.063s] -- Up-to-date: /home/maizaied03/ros2_ws/install/px4_msgs/include/px4_msgs/px4_msgs/msg/detail/pwm_input__functions.h
[55.063s] -- Up-to-date: /home/maizaied03/ros2_ws/install/px4_msgs/include/px4_msgs/px4_msgs/msg/detail/iridiumsbd_status__functions.h
[55.063s] -- Up-to-date: /home/maizaied03/ros2_ws/install/px4_msgs/include/px4_msgs/px4_msgs/msg/detail/vehicle_status__functions.c
[55.064s] -- Up-to-date: /home/maizaied03/ros2_ws/install/px4_msgs/include/px4_msgs/px4_msgs/msg/detail/arming_check_request__type_support.h
[55.064s] -- Up-to-date: /home/maizaied03/ros2_ws/install/px4_msgs/include/px4_msgs/px4_msgs/msg/detail/position_setpoint_triplet__struct.h
[55.064s] -- Up-to-date: /home/maizaied03/ros2_ws/install/px4_msgs/include/px4_msgs/px4_msgs/msg/detail/fixed_wing_lateral_status__functions.h
[55.064s] -- Up-to-date: /home/maizaied03/ros2_ws/install/px4_msgs/include/px4_msgs/px4_msgs/msg/detail/mode_completed__type_support.h
[55.064s] -- Up-to-date: /home/maizaied03/ros2_ws/install/px4_msgs/include/px4_msgs/px4_msgs/msg/detail/vehicle_torque_setpoint__functions.c
[55.064s] -- Up-to-date: /home/maizaied03/ros2_ws/install/px4_msgs/include/px4_msgs/px4_msgs/msg/detail/gimbal_manager_status__functions.h
[55.064s] -- Up-to-date: /home/maizaied03/ros2_ws/install/px4_msgs/include/px4_msgs/px4_msgs/msg/detail/mission__struct.h
[55.064s] -- Up-to-date: /home/maizaied03/ros2_ws/install/px4_msgs/include/px4_msgs/px4_msgs/msg/detail/sensor_gyro_fifo__type_support.h
[55.064s] -- Up-to-date: /home/maizaied03/ros2_ws/install/px4_msgs/include/px4_msgs/px4_msgs/msg/detail/tecs_status__struct.h
[55.064s] -- Up-to-date: /home/maizaied03/ros2_ws/install/px4_msgs/include/px4_msgs/px4_msgs/msg/detail/offboard_control_mode__type_support.h
[55.064s] -- Up-to-date: /home/maizaied03/ros2_ws/install/px4_msgs/include/px4_msgs/px4_msgs/msg/detail/collision_constraints__functions.h
[55.064s] -- Up-to-date: /home/maizaied03/ros2_ws/install/px4_msgs/include/px4_msgs/px4_msgs/msg/detail/vehicle_odometry__type_support.h
[55.064s] -- Up-to-date: /home/maizaied03/ros2_ws/install/px4_msgs/include/px4_msgs/px4_msgs/msg/detail/sensor_accel__struct.h
[55.064s] -- Up-to-date: /home/maizaied03/ros2_ws/install/px4_msgs/include/px4_msgs/px4_msgs/msg/detail/sensor_preflight_mag__type_support.h
[55.064s] -- Up-to-date: /home/maizaied03/ros2_ws/install/px4_msgs/include/px4_msgs/px4_msgs/msg/detail/vehicle_optical_flow_vel__functions.h
[55.064s] -- Up-to-date: /home/maizaied03/ros2_ws/install/px4_msgs/include/px4_msgs/px4_msgs/msg/detail/lateral_control_configuration__struct.h
[55.064s] -- Up-to-date: /home/maizaied03/ros2_ws/install/px4_msgs/include/px4_msgs/px4_msgs/msg/detail/parameter_update__type_support.h
[55.064s] -- Up-to-date: /home/maizaied03/ros2_ws/install/px4_msgs/include/px4_msgs/px4_msgs/msg/detail/rate_ctrl_status__struct.h
[55.064s] -- Up-to-date: /home/maizaied03/ros2_ws/install/px4_msgs/include/px4_msgs/px4_msgs/msg/detail/airspeed_validated__struct.h
[55.064s] -- Up-to-date: /home/maizaied03/ros2_ws/install/px4_msgs/include/px4_msgs/px4_msgs/msg/detail/orb_test_medium__struct.h
[55.064s] -- Up-to-date: /home/maizaied03/ros2_ws/install/px4_msgs/include/px4_msgs/px4_msgs/msg/detail/vehicle_command__type_support.h
[55.065s] -- Up-to-date: /home/maizaied03/ros2_ws/install/px4_msgs/include/px4_msgs/px4_msgs/msg/detail/camera_trigger__functions.h
[55.065s] -- Up-to-date: /home/maizaied03/ros2_ws/install/px4_msgs/include/px4_msgs/px4_msgs/msg/detail/rover_throttle_setpoint__type_support.h
[55.065s] -- Up-to-date: /home/maizaied03/ros2_ws/install/px4_msgs/include/px4_msgs/px4_msgs/msg/detail/system_power__type_support.h
[55.065s] -- Up-to-date: /home/maizaied03/ros2_ws/install/px4_msgs/include/px4_msgs/px4_msgs/msg/detail/mount_orientation__struct.h
[55.065s] -- Up-to-date: /home/maizaied03/ros2_ws/install/px4_msgs/include/px4_msgs/px4_msgs/msg/detail/transponder_report__functions.c
[55.065s] -- Up-to-date: /home/maizaied03/ros2_ws/install/px4_msgs/include/px4_msgs/px4_msgs/msg/detail/open_drone_id_self_id__functions.c
[55.065s] -- Up-to-date: /home/maizaied03/ros2_ws/install/px4_msgs/include/px4_msgs/px4_msgs/msg/detail/position_controller_landing_status__struct.h
[55.065s] -- Up-to-date: /home/maizaied03/ros2_ws/install/px4_msgs/include/px4_msgs/px4_msgs/msg/detail/battery_status__functions.c
[55.065s] -- Up-to-date: /home/maizaied03/ros2_ws/install/px4_msgs/include/px4_msgs/px4_msgs/msg/detail/debug_vect__functions.h
[55.065s] -- Up-to-date: /home/maizaied03/ros2_ws/install/px4_msgs/include/px4_msgs/px4_msgs/msg/detail/timesync_status__struct.h
[55.065s] -- Up-to-date: /home/maizaied03/ros2_ws/install/px4_msgs/include/px4_msgs/px4_msgs/msg/detail/estimator_bias3d__type_support.h
[55.065s] -- Up-to-date: /home/maizaied03/ros2_ws/install/px4_msgs/include/px4_msgs/px4_msgs/msg/detail/cpuload__type_support.h
[55.066s] -- Up-to-date: /home/maizaied03/ros2_ws/install/px4_msgs/include/px4_msgs/px4_msgs/msg/detail/sensors_status_imu__functions.h
[55.066s] -- Up-to-date: /home/maizaied03/ros2_ws/install/px4_msgs/include/px4_msgs/px4_msgs/msg/detail/sensor_gnss_status__functions.c
[55.066s] -- Up-to-date: /home/maizaied03/ros2_ws/install/px4_msgs/include/px4_msgs/px4_msgs/msg/detail/gimbal_manager_status__type_support.h
[55.066s] -- Up-to-date: /home/maizaied03/ros2_ws/install/px4_msgs/include/px4_msgs/px4_msgs/msg/detail/dronecan_node_status__functions.h
[55.066s] -- Up-to-date: /home/maizaied03/ros2_ws/install/px4_msgs/include/px4_msgs/px4_msgs/msg/detail/position_setpoint_triplet__functions.c
[55.066s] -- Up-to-date: /home/maizaied03/ros2_ws/install/px4_msgs/include/px4_msgs/px4_msgs/msg/detail/sensor_airflow__struct.h
[55.066s] -- Up-to-date: /home/maizaied03/ros2_ws/install/px4_msgs/include/px4_msgs/px4_msgs/msg/detail/vehicle_command_ack__functions.c
[55.066s] -- Up-to-date: /home/maizaied03/ros2_ws/install/px4_msgs/include/px4_msgs/px4_msgs/msg/detail/config_overrides__struct.h
[55.066s] -- Up-to-date: /home/maizaied03/ros2_ws/install/px4_msgs/include/px4_msgs/px4_msgs/msg/detail/dronecan_node_status__struct.h
[55.066s] -- Up-to-date: /home/maizaied03/ros2_ws/install/px4_msgs/include/px4_msgs/px4_msgs/msg/detail/rover_speed_status__functions.c
[55.066s] -- Up-to-date: /home/maizaied03/ros2_ws/install/px4_msgs/include/px4_msgs/px4_msgs/msg/detail/rate_ctrl_status__type_support.h
[55.066s] -- Up-to-date: /home/maizaied03/ros2_ws/install/px4_msgs/include/px4_msgs/px4_msgs/msg/detail/sensor_accel__type_support.h
[55.067s] -- Up-to-date: /home/maizaied03/ros2_ws/install/px4_msgs/include/px4_msgs/px4_msgs/msg/detail/raptor_status__type_support.h
[55.067s] -- Up-to-date: /home/maizaied03/ros2_ws/install/px4_msgs/include/px4_msgs/px4_msgs/msg/detail/event__functions.c
[55.067s] -- Up-to-date: /home/maizaied03/ros2_ws/install/px4_msgs/include/px4_msgs/px4_msgs/msg/detail/vehicle_odometry__functions.c
[55.067s] -- Up-to-date: /home/maizaied03/ros2_ws/install/px4_msgs/include/px4_msgs/px4_msgs/msg/detail/vehicle_thrust_setpoint__functions.c
[55.067s] -- Up-to-date: /home/maizaied03/ros2_ws/install/px4_msgs/include/px4_msgs/px4_msgs/msg/detail/position_setpoint_triplet__functions.h
[55.067s] -- Up-to-date: /home/maizaied03/ros2_ws/install/px4_msgs/include/px4_msgs/px4_msgs/msg/detail/yaw_estimator_status__functions.c
[55.067s] -- Up-to-date: /home/maizaied03/ros2_ws/install/px4_msgs/include/px4_msgs/px4_msgs/msg/detail/open_drone_id_operator_id__functions.h
[55.067s] -- Up-to-date: /home/maizaied03/ros2_ws/install/px4_msgs/include/px4_msgs/px4_msgs/msg/detail/uavcan_parameter_request__functions.c
[55.067s] -- Up-to-date: /home/maizaied03/ros2_ws/install/px4_msgs/include/px4_msgs/px4_msgs/msg/detail/vehicle_roi__functions.h
[55.067s] -- Up-to-date: /home/maizaied03/ros2_ws/install/px4_msgs/include/px4_msgs/px4_msgs/msg/detail/orb_test__functions.c
[55.067s] -- Up-to-date: /home/maizaied03/ros2_ws/install/px4_msgs/include/px4_msgs/px4_msgs/msg/detail/uavcan_parameter_request__type_support.h
[55.067s] -- Up-to-date: /home/maizaied03/ros2_ws/install/px4_msgs/include/px4_msgs/px4_msgs/msg/detail/dataman_request__functions.c
[55.068s] -- Up-to-date: /home/maizaied03/ros2_ws/install/px4_msgs/include/px4_msgs/px4_msgs/msg/detail/gripper__struct.h
[55.068s] -- Up-to-date: /home/maizaied03/ros2_ws/install/px4_msgs/include/px4_msgs/px4_msgs/msg/detail/vehicle_optical_flow__struct.h
[55.068s] -- Up-to-date: /home/maizaied03/ros2_ws/install/px4_msgs/include/px4_msgs/px4_msgs/msg/detail/actuator_test__functions.h
[55.068s] -- Up-to-date: /home/maizaied03/ros2_ws/install/px4_msgs/include/px4_msgs/px4_msgs/msg/detail/gimbal_device_attitude_status__functions.h
[55.068s] -- Up-to-date: /home/maizaied03/ros2_ws/install/px4_msgs/include/px4_msgs/px4_msgs/msg/detail/longitudinal_control_configuration__functions.h
[55.068s] -- Up-to-date: /home/maizaied03/ros2_ws/install/px4_msgs/include/px4_msgs/px4_msgs/msg/detail/gimbal_manager_set_attitude__functions.c
[55.068s] -- Up-to-date: /home/maizaied03/ros2_ws/install/px4_msgs/include/px4_msgs/px4_msgs/msg/detail/sensor_optical_flow__type_support.h
[55.068s] -- Up-to-date: /home/maizaied03/ros2_ws/install/px4_msgs/include/px4_msgs/px4_msgs/msg/detail/rover_speed_setpoint__type_support.h
[55.068s] -- Up-to-date: /home/maizaied03/ros2_ws/install/px4_msgs/include/px4_msgs/px4_msgs/msg/detail/internal_combustion_engine_control__functions.c
[55.068s] -- Up-to-date: /home/maizaied03/ros2_ws/install/px4_msgs/include/px4_msgs/px4_msgs/msg/detail/sensor_gnss_status__struct.h
[55.068s] -- Up-to-date: /home/maizaied03/ros2_ws/install/px4_msgs/include/px4_msgs/px4_msgs/msg/detail/register_ext_component_reply__functions.c
[55.068s] -- Up-to-date: /home/maizaied03/ros2_ws/install/px4_msgs/include/px4_msgs/px4_msgs/msg/detail/sensors_status_imu__type_support.h
[55.069s] -- Up-to-date: /home/maizaied03/ros2_ws/install/px4_msgs/include/px4_msgs/px4_msgs/msg/detail/wheel_encoders__type_support.h
[55.069s] -- Up-to-date: /home/maizaied03/ros2_ws/install/px4_msgs/include/px4_msgs/px4_msgs/msg/detail/trajectory_setpoint6dof__struct.h
[55.069s] -- Up-to-date: /home/maizaied03/ros2_ws/install/px4_msgs/include/px4_msgs/px4_msgs/msg/detail/distance_sensor_mode_change_request__struct.h
[55.069s] -- Up-to-date: /home/maizaied03/ros2_ws/install/px4_msgs/include/px4_msgs/px4_msgs/msg/detail/manual_control_switches__functions.h
[55.069s] -- Up-to-date: /home/maizaied03/ros2_ws/install/px4_msgs/include/px4_msgs/px4_msgs/msg/detail/logger_status__struct.h
[55.069s] -- Up-to-date: /home/maizaied03/ros2_ws/install/px4_msgs/include/px4_msgs/px4_msgs/msg/detail/sensor_mag__type_support.h
[55.069s] -- Up-to-date: /home/maizaied03/ros2_ws/install/px4_msgs/include/px4_msgs/px4_msgs/msg/detail/estimator_aid_source3d__functions.c
[55.069s] -- Up-to-date: /home/maizaied03/ros2_ws/install/px4_msgs/include/px4_msgs/px4_msgs/msg/detail/health_report__functions.h
[55.069s] -- Up-to-date: /home/maizaied03/ros2_ws/install/px4_msgs/include/px4_msgs/px4_msgs/msg/detail/vehicle_acceleration__type_support.h
[55.069s] -- Up-to-date: /home/maizaied03/ros2_ws/install/px4_msgs/include/px4_msgs/px4_msgs/msg/detail/estimator_status_flags__type_support.h
[55.069s] -- Up-to-date: /home/maizaied03/ros2_ws/install/px4_msgs/include/px4_msgs/px4_msgs/msg/detail/rc_parameter_map__type_support.h
[55.070s] -- Up-to-date: /home/maizaied03/ros2_ws/install/px4_msgs/include/px4_msgs/px4_msgs/msg/detail/gimbal_device_set_attitude__struct.h
[55.070s] -- Up-to-date: /home/maizaied03/ros2_ws/install/px4_msgs/include/px4_msgs/px4_msgs/msg/detail/vehicle_imu_status__functions.h
[55.070s] -- Up-to-date: /home/maizaied03/ros2_ws/install/px4_msgs/include/px4_msgs/px4_msgs/msg/detail/task_stack_info__type_support.h
[55.070s] -- Up-to-date: /home/maizaied03/ros2_ws/install/px4_msgs/include/px4_msgs/px4_msgs/msg/detail/open_drone_id_system__functions.c
[55.070s] -- Up-to-date: /home/maizaied03/ros2_ws/install/px4_msgs/include/px4_msgs/px4_msgs/msg/detail/autotune_attitude_control_status__functions.c
[55.070s] -- Up-to-date: /home/maizaied03/ros2_ws/install/px4_msgs/include/px4_msgs/px4_msgs/msg/detail/trajectory_setpoint6dof__functions.h
[55.070s] -- Up-to-date: /home/maizaied03/ros2_ws/install/px4_msgs/include/px4_msgs/px4_msgs/msg/detail/landing_target_pose__functions.c
[55.070s] -- Up-to-date: /home/maizaied03/ros2_ws/install/px4_msgs/include/px4_msgs/px4_msgs/msg/detail/ulog_stream_ack__functions.h
[55.070s] -- Up-to-date: /home/maizaied03/ros2_ws/install/px4_msgs/include/px4_msgs/px4_msgs/msg/detail/vehicle_optical_flow_vel__type_support.h
[55.070s] -- Up-to-date: /home/maizaied03/ros2_ws/install/px4_msgs/include/px4_msgs/px4_msgs/msg/detail/figure_eight_status__functions.c
[55.070s] -- Up-to-date: /home/maizaied03/ros2_ws/install/px4_msgs/include/px4_msgs/px4_msgs/msg/detail/camera_trigger__functions.c
[55.070s] -- Up-to-date: /home/maizaied03/ros2_ws/install/px4_msgs/include/px4_msgs/px4_msgs/msg/detail/camera_trigger__struct.h
[55.071s] -- Up-to-date: /home/maizaied03/ros2_ws/install/px4_msgs/include/px4_msgs/px4_msgs/msg/detail/telemetry_status__functions.c
[55.071s] -- Up-to-date: /home/maizaied03/ros2_ws/install/px4_msgs/include/px4_msgs/px4_msgs/msg/detail/fixed_wing_lateral_guidance_status__functions.h
[55.071s] -- Up-to-date: /home/maizaied03/ros2_ws/install/px4_msgs/include/px4_msgs/px4_msgs/msg/detail/orb_test__type_support.h
[55.071s] -- Up-to-date: /home/maizaied03/ros2_ws/install/px4_msgs/include/px4_msgs/px4_msgs/msg/detail/sensor_preflight_mag__functions.c
[55.071s] -- Up-to-date: /home/maizaied03/ros2_ws/install/px4_msgs/include/px4_msgs/px4_msgs/msg/detail/launch_detection_status__struct.h
[55.071s] -- Up-to-date: /home/maizaied03/ros2_ws/install/px4_msgs/include/px4_msgs/px4_msgs/msg/detail/mavlink_log__struct.h
[55.071s] -- Up-to-date: /home/maizaied03/ros2_ws/install/px4_msgs/include/px4_msgs/px4_msgs/msg/detail/ekf2_timestamps__functions.c
[55.071s] -- Up-to-date: /home/maizaied03/ros2_ws/install/px4_msgs/include/px4_msgs/px4_msgs/msg/detail/velocity_limits__type_support.h
[55.071s] -- Up-to-date: /home/maizaied03/ros2_ws/install/px4_msgs/include/px4_msgs/px4_msgs/msg/detail/sensor_combined__struct.h
[55.071s] -- Up-to-date: /home/maizaied03/ros2_ws/install/px4_msgs/include/px4_msgs/px4_msgs/msg/detail/battery_status__functions.h
[55.072s] -- Up-to-date: /home/maizaied03/ros2_ws/install/px4_msgs/include/px4_msgs/px4_msgs/msg/detail/vehicle_magnetometer__functions.c
[55.072s] -- Up-to-date: /home/maizaied03/ros2_ws/install/px4_msgs/include/px4_msgs/px4_msgs/msg/detail/estimator_innovations__functions.h
[55.072s] -- Up-to-date: /home/maizaied03/ros2_ws/install/px4_msgs/include/px4_msgs/px4_msgs/msg/detail/rover_rate_setpoint__functions.h
[55.072s] -- Up-to-date: /home/maizaied03/ros2_ws/install/px4_msgs/include/px4_msgs/px4_msgs/msg/detail/home_position__type_support.h
[55.072s] -- Up-to-date: /home/maizaied03/ros2_ws/install/px4_msgs/include/px4_msgs/px4_msgs/msg/detail/obstacle_distance__functions.c
[55.072s] -- Up-to-date: /home/maizaied03/ros2_ws/install/px4_msgs/include/px4_msgs/px4_msgs/msg/detail/vehicle_angular_acceleration_setpoint__type_support.h
[55.072s] -- Up-to-date: /home/maizaied03/ros2_ws/install/px4_msgs/include/px4_msgs/px4_msgs/msg/detail/vehicle_angular_velocity__functions.c
[55.072s] -- Up-to-date: /home/maizaied03/ros2_ws/install/px4_msgs/include/px4_msgs/px4_msgs/msg/detail/debug_key_value__struct.h
[55.072s] -- Up-to-date: /home/maizaied03/ros2_ws/install/px4_msgs/include/px4_msgs/px4_msgs/msg/detail/position_controller_status__functions.h
[55.072s] -- Up-to-date: /home/maizaied03/ros2_ws/install/px4_msgs/include/px4_msgs/px4_msgs/msg/detail/yaw_estimator_status__type_support.h
[55.072s] -- Up-to-date: /home/maizaied03/ros2_ws/install/px4_msgs/include/px4_msgs/px4_msgs/msg/detail/hover_thrust_estimate__type_support.h
[55.072s] -- Up-to-date: /home/maizaied03/ros2_ws/install/px4_msgs/include/px4_msgs/px4_msgs/msg/detail/transponder_report__functions.h
[55.073s] -- Up-to-date: /home/maizaied03/ros2_ws/install/px4_msgs/include/px4_msgs/px4_msgs/msg/detail/debug_key_value__functions.c
[55.073s] -- Up-to-date: /home/maizaied03/ros2_ws/install/px4_msgs/include/px4_msgs/px4_msgs/msg/detail/position_controller_status__functions.c
[55.073s] -- Up-to-date: /home/maizaied03/ros2_ws/install/px4_msgs/include/px4_msgs/px4_msgs/msg/detail/parameter_update__struct.h
[55.073s] -- Up-to-date: /home/maizaied03/ros2_ws/install/px4_msgs/include/px4_msgs/px4_msgs/msg/detail/sensor_accel_fifo__type_support.h
[55.073s] -- Up-to-date: /home/maizaied03/ros2_ws/install/px4_msgs/include/px4_msgs/px4_msgs/msg/detail/irlock_report__struct.h
[55.073s] -- Up-to-date: /home/maizaied03/ros2_ws/install/px4_msgs/include/px4_msgs/px4_msgs/msg/detail/radio_status__struct.h
[55.073s] -- Up-to-date: /home/maizaied03/ros2_ws/install/px4_msgs/include/px4_msgs/px4_msgs/msg/detail/landing_target_innovations__functions.h
[55.073s] -- Up-to-date: /home/maizaied03/ros2_ws/install/px4_msgs/include/px4_msgs/px4_msgs/msg/detail/tiltrotor_extra_controls__struct.h
[55.073s] -- Up-to-date: /home/maizaied03/ros2_ws/install/px4_msgs/include/px4_msgs/px4_msgs/msg/detail/longitudinal_control_configuration__type_support.h
[55.073s] -- Up-to-date: /home/maizaied03/ros2_ws/install/px4_msgs/include/px4_msgs/px4_msgs/msg/detail/rover_attitude_status__type_support.h
[55.073s] -- Up-to-date: /home/maizaied03/ros2_ws/install/px4_msgs/include/px4_msgs/px4_msgs/msg/detail/sensor_baro__type_support.h
[55.073s] -- Up-to-date: /home/maizaied03/ros2_ws/install/px4_msgs/include/px4_msgs/px4_msgs/msg/detail/esc_report__struct.h
[55.074s] -- Up-to-date: /home/maizaied03/ros2_ws/install/px4_msgs/include/px4_msgs/px4_msgs/msg/detail/px4io_status__type_support.h
[55.074s] -- Up-to-date: /home/maizaied03/ros2_ws/install/px4_msgs/include/px4_msgs/px4_msgs/msg/detail/sensors_status__functions.h
[55.074s] -- Up-to-date: /home/maizaied03/ros2_ws/install/px4_msgs/include/px4_msgs/px4_msgs/msg/detail/landing_target_pose__type_support.h
[55.074s] -- Up-to-date: /home/maizaied03/ros2_ws/install/px4_msgs/include/px4_msgs/px4_msgs/msg/detail/qshell_req__functions.c
[55.074s] -- Up-to-date: /home/maizaied03/ros2_ws/install/px4_msgs/include/px4_msgs/px4_msgs/msg/detail/message_format_response__functions.c
[55.074s] -- Up-to-date: /home/maizaied03/ros2_ws/install/px4_msgs/include/px4_msgs/px4_msgs/msg/detail/estimator_aid_source2d__type_support.h
[55.074s] -- Up-to-date: /home/maizaied03/ros2_ws/install/px4_msgs/include/px4_msgs/px4_msgs/msg/detail/estimator_bias3d__struct.h
[55.074s] -- Up-to-date: /home/maizaied03/ros2_ws/install/px4_msgs/include/px4_msgs/px4_msgs/msg/detail/estimator_event_flags__struct.h
[55.074s] -- Up-to-date: /home/maizaied03/ros2_ws/install/px4_msgs/include/px4_msgs/px4_msgs/msg/detail/battery_status__struct.h
[55.074s] -- Up-to-date: /home/maizaied03/ros2_ws/install/px4_msgs/include/px4_msgs/px4_msgs/msg/detail/ulog_stream_ack__functions.c
[55.074s] -- Up-to-date: /home/maizaied03/ros2_ws/install/px4_msgs/include/px4_msgs/px4_msgs/msg/detail/esc_status__struct.h
[55.074s] -- Up-to-date: /home/maizaied03/ros2_ws/install/px4_msgs/include/px4_msgs/px4_msgs/msg/detail/vehicle_global_position__struct.h
[55.074s] -- Up-to-date: /home/maizaied03/ros2_ws/install/px4_msgs/include/px4_msgs/px4_msgs/msg/detail/position_controller_status__type_support.h
[55.074s] -- Up-to-date: /home/maizaied03/ros2_ws/install/px4_msgs/include/px4_msgs/px4_msgs/msg/detail/px4io_status__functions.h
[55.074s] -- Up-to-date: /home/maizaied03/ros2_ws/install/px4_msgs/include/px4_msgs/px4_msgs/msg/detail/rover_attitude_setpoint__functions.c
[55.074s] -- Up-to-date: /home/maizaied03/ros2_ws/install/px4_msgs/include/px4_msgs/px4_msgs/msg/detail/satellite_info__functions.h
[55.074s] -- Up-to-date: /home/maizaied03/ros2_ws/install/px4_msgs/include/px4_msgs/px4_msgs/msg/detail/actuator_controls_status__functions.c
[55.074s] -- Up-to-date: /home/maizaied03/ros2_ws/install/px4_msgs/include/px4_msgs/px4_msgs/msg/detail/system_power__functions.h
[55.074s] -- Up-to-date: /home/maizaied03/ros2_ws/install/px4_msgs/include/px4_msgs/px4_msgs/msg/detail/gimbal_manager_set_attitude__struct.h
[55.074s] -- Up-to-date: /home/maizaied03/ros2_ws/install/px4_msgs/include/px4_msgs/px4_msgs/msg/detail/vehicle_angular_velocity__functions.h
[55.074s] -- Up-to-date: /home/maizaied03/ros2_ws/install/px4_msgs/include/px4_msgs/px4_msgs/msg/detail/rover_position_setpoint__struct.h
[55.074s] -- Up-to-date: /home/maizaied03/ros2_ws/install/px4_msgs/include/px4_msgs/px4_msgs/msg/detail/actuator_armed__type_support.h
[55.074s] -- Up-to-date: /home/maizaied03/ros2_ws/install/px4_msgs/include/px4_msgs/px4_msgs/msg/detail/position_controller_landing_status__type_support.h
[55.075s] -- Up-to-date: /home/maizaied03/ros2_ws/install/px4_msgs/include/px4_msgs/px4_msgs/msg/detail/parameter_set_value_response__functions.c
[55.075s] -- Up-to-date: /home/maizaied03/ros2_ws/install/px4_msgs/include/px4_msgs/px4_msgs/msg/detail/rover_rate_setpoint__functions.c
[55.075s] -- Up-to-date: /home/maizaied03/ros2_ws/install/px4_msgs/include/px4_msgs/px4_msgs/msg/detail/vehicle_command_ack__struct.h
[55.075s] -- Up-to-date: /home/maizaied03/ros2_ws/install/px4_msgs/include/px4_msgs/px4_msgs/msg/detail/open_drone_id_operator_id__type_support.h
[55.075s] -- Up-to-date: /home/maizaied03/ros2_ws/install/px4_msgs/include/px4_msgs/px4_msgs/msg/detail/sensor_preflight_mag__struct.h
[55.075s] -- Up-to-date: /home/maizaied03/ros2_ws/install/px4_msgs/include/px4_msgs/px4_msgs/msg/detail/follow_target__struct.h
[55.075s] -- Up-to-date: /home/maizaied03/ros2_ws/install/px4_msgs/include/px4_msgs/px4_msgs/msg/detail/cpuload__functions.h
[55.075s] -- Up-to-date: /home/maizaied03/ros2_ws/install/px4_msgs/include/px4_msgs/px4_msgs/msg/detail/estimator_selector_status__type_support.h
[55.075s] -- Up-to-date: /home/maizaied03/ros2_ws/install/px4_msgs/include/px4_msgs/px4_msgs/msg/detail/sensor_airflow__type_support.h
[55.075s] -- Up-to-date: /home/maizaied03/ros2_ws/install/px4_msgs/include/px4_msgs/px4_msgs/msg/detail/task_stack_info__functions.c
[55.075s] -- Up-to-date: /home/maizaied03/ros2_ws/install/px4_msgs/include/px4_msgs/px4_msgs/msg/detail/gpio_request__struct.h
[55.075s] -- Up-to-date: /home/maizaied03/ros2_ws/install/px4_msgs/include/px4_msgs/px4_msgs/msg/detail/vehicle_imu_status__type_support.h
[55.075s] -- Up-to-date: /home/maizaied03/ros2_ws/install/px4_msgs/include/px4_msgs/px4_msgs/msg/detail/pwm_input__struct.h
[55.075s] -- Up-to-date: /home/maizaied03/ros2_ws/install/px4_msgs/include/px4_msgs/px4_msgs/msg/detail/sensor_gyro_fft__struct.h
[55.075s] -- Up-to-date: /home/maizaied03/ros2_ws/install/px4_msgs/include/px4_msgs/px4_msgs/msg/detail/register_ext_component_reply__struct.h
[55.075s] -- Up-to-date: /home/maizaied03/ros2_ws/install/px4_msgs/include/px4_msgs/px4_msgs/msg/detail/can_interface_status__type_support.h
[55.075s] -- Up-to-date: /home/maizaied03/ros2_ws/install/px4_msgs/include/px4_msgs/px4_msgs/msg/detail/rover_steering_setpoint__functions.c
[55.075s] -- Up-to-date: /home/maizaied03/ros2_ws/install/px4_msgs/include/px4_msgs/px4_msgs/msg/detail/vehicle_local_position__type_support.h
[55.075s] -- Up-to-date: /home/maizaied03/ros2_ws/install/px4_msgs/include/px4_msgs/px4_msgs/msg/detail/radio_status__functions.c
[55.075s] -- Up-to-date: /home/maizaied03/ros2_ws/install/px4_msgs/include/px4_msgs/px4_msgs/msg/detail/tecs_status__functions.h
[55.075s] -- Up-to-date: /home/maizaied03/ros2_ws/install/px4_msgs/include/px4_msgs/px4_msgs/msg/detail/message_format_response__functions.h
[55.076s] -- Up-to-date: /home/maizaied03/ros2_ws/install/px4_msgs/include/px4_msgs/px4_msgs/msg/detail/takeoff_status__struct.h
[55.076s] -- Up-to-date: /home/maizaied03/ros2_ws/install/px4_msgs/include/px4_msgs/px4_msgs/msg/detail/vehicle_attitude_setpoint__struct.h
[55.076s] -- Up-to-date: /home/maizaied03/ros2_ws/install/px4_msgs/include/px4_msgs/px4_msgs/msg/detail/sensor_gyro__type_support.h
[55.076s] -- Up-to-date: /home/maizaied03/ros2_ws/install/px4_msgs/include/px4_msgs/px4_msgs/msg/detail/gpio_out__struct.h
[55.076s] -- Up-to-date: /home/maizaied03/ros2_ws/install/px4_msgs/include/px4_msgs/px4_msgs/msg/detail/sensor_mag__struct.h
[55.076s] -- Up-to-date: /home/maizaied03/ros2_ws/install/px4_msgs/include/px4_msgs/px4_msgs/msg/detail/position_controller_landing_status__functions.c
[55.076s] -- Up-to-date: /home/maizaied03/ros2_ws/install/px4_msgs/include/px4_msgs/px4_msgs/msg/detail/mission_result__functions.c
[55.076s] -- Up-to-date: /home/maizaied03/ros2_ws/install/px4_msgs/include/px4_msgs/px4_msgs/msg/detail/battery_status__type_support.h
[55.076s] -- Up-to-date: /home/maizaied03/ros2_ws/install/px4_msgs/include/px4_msgs/px4_msgs/msg/detail/health_report__type_support.h
[55.076s] -- Up-to-date: /home/maizaied03/ros2_ws/install/px4_msgs/include/px4_msgs/px4_msgs/msg/detail/parameter_set_value_request__functions.c
[55.076s] -- Up-to-date: /home/maizaied03/ros2_ws/install/px4_msgs/include/px4_msgs/px4_msgs/msg/detail/failsafe_flags__type_support.h
[55.076s] -- Up-to-date: /home/maizaied03/ros2_ws/install/px4_msgs/include/px4_msgs/px4_msgs/msg/detail/rtl_time_estimate__type_support.h
[55.076s] -- Up-to-date: /home/maizaied03/ros2_ws/install/px4_msgs/include/px4_msgs/px4_msgs/msg/detail/sensor_correction__struct.h
[55.076s] -- Up-to-date: /home/maizaied03/ros2_ws/install/px4_msgs/include/px4_msgs/px4_msgs/msg/detail/rover_speed_setpoint__struct.h
[55.076s] -- Up-to-date: /home/maizaied03/ros2_ws/install/px4_msgs/include/px4_msgs/px4_msgs/msg/detail/ekf2_timestamps__functions.h
[55.076s] -- Up-to-date: /home/maizaied03/ros2_ws/install/px4_msgs/include/px4_msgs/px4_msgs/msg/detail/vtol_vehicle_status__struct.h
[55.076s] -- Up-to-date: /home/maizaied03/ros2_ws/install/px4_msgs/include/px4_msgs/px4_msgs/msg/detail/airspeed__functions.c
[55.076s] -- Up-to-date: /home/maizaied03/ros2_ws/install/px4_msgs/include/px4_msgs/px4_msgs/msg/detail/sensor_mag__functions.c
[55.076s] -- Up-to-date: /home/maizaied03/ros2_ws/install/px4_msgs/include/px4_msgs/px4_msgs/msg/detail/rover_attitude_setpoint__type_support.h
[55.076s] -- Up-to-date: /home/maizaied03/ros2_ws/install/px4_msgs/include/px4_msgs/px4_msgs/msg/detail/flight_phase_estimation__struct.h
[55.076s] -- Up-to-date: /home/maizaied03/ros2_ws/install/px4_msgs/include/px4_msgs/px4_msgs/msg/detail/raptor_status__functions.h
[55.076s] -- Up-to-date: /home/maizaied03/ros2_ws/install/px4_msgs/include/px4_msgs/px4_msgs/msg/detail/actuator_motors__type_support.h
[55.076s] -- Up-to-date: /home/maizaied03/ros2_ws/install/px4_msgs/include/px4_msgs/px4_msgs/msg/detail/open_drone_id_operator_id__struct.h
[55.076s] -- Up-to-date: /home/maizaied03/ros2_ws/install/px4_msgs/include/px4_msgs/px4_msgs/msg/detail/takeoff_status__functions.h
[55.077s] -- Up-to-date: /home/maizaied03/ros2_ws/install/px4_msgs/include/px4_msgs/px4_msgs/msg/detail/mavlink_log__functions.h
[55.077s] -- Up-to-date: /home/maizaied03/ros2_ws/install/px4_msgs/include/px4_msgs/px4_msgs/msg/detail/sensor_temp__functions.c
[55.077s] -- Up-to-date: /home/maizaied03/ros2_ws/install/px4_msgs/include/px4_msgs/px4_msgs/msg/detail/sensor_gnss_relative__struct.h
[55.077s] -- Up-to-date: /home/maizaied03/ros2_ws/install/px4_msgs/include/px4_msgs/px4_msgs/msg/detail/orbit_status__functions.h
[55.077s] -- Up-to-date: /home/maizaied03/ros2_ws/install/px4_msgs/include/px4_msgs/px4_msgs/msg/detail/estimator_gps_status__functions.h
[55.077s] -- Up-to-date: /home/maizaied03/ros2_ws/install/px4_msgs/include/px4_msgs/px4_msgs/msg/detail/tune_control__functions.c
[55.077s] -- Up-to-date: /home/maizaied03/ros2_ws/install/px4_msgs/include/px4_msgs/px4_msgs/msg/detail/actuator_servos_trim__functions.h
[55.077s] -- Up-to-date: /home/maizaied03/ros2_ws/install/px4_msgs/include/px4_msgs/px4_msgs/msg/detail/health_report__functions.c
[55.077s] -- Up-to-date: /home/maizaied03/ros2_ws/install/px4_msgs/include/px4_msgs/px4_msgs/msg/detail/landing_gear__struct.h
[55.077s] -- Up-to-date: /home/maizaied03/ros2_ws/install/px4_msgs/include/px4_msgs/px4_msgs/msg/detail/sensor_gyro_fft__type_support.h
[55.077s] -- Up-to-date: /home/maizaied03/ros2_ws/install/px4_msgs/include/px4_msgs/px4_msgs/msg/detail/arming_check_reply__functions.c
[55.077s] -- Up-to-date: /home/maizaied03/ros2_ws/install/px4_msgs/include/px4_msgs/px4_msgs/msg/detail/home_position__functions.h
[55.077s] -- Up-to-date: /home/maizaied03/ros2_ws/install/px4_msgs/include/px4_msgs/px4_msgs/msg/detail/takeoff_status__functions.c
[55.077s] -- Up-to-date: /home/maizaied03/ros2_ws/install/px4_msgs/include/px4_msgs/px4_msgs/msg/detail/landing_gear_wheel__functions.c
[55.077s] -- Up-to-date: /home/maizaied03/ros2_ws/install/px4_msgs/include/px4_msgs/px4_msgs/msg/detail/sensor_hygrometer__type_support.h
[55.077s] -- Up-to-date: /home/maizaied03/ros2_ws/install/px4_msgs/include/px4_msgs/px4_msgs/msg/detail/vehicle_acceleration__functions.c
[55.077s] -- Up-to-date: /home/maizaied03/ros2_ws/install/px4_msgs/include/px4_msgs/px4_msgs/msg/detail/sensors_status__type_support.h
[55.077s] -- Up-to-date: /home/maizaied03/ros2_ws/install/px4_msgs/include/px4_msgs/px4_msgs/msg/detail/estimator_innovations__functions.c
[55.077s] -- Up-to-date: /home/maizaied03/ros2_ws/install/px4_msgs/include/px4_msgs/px4_msgs/msg/detail/estimator_selector_status__struct.h
[55.077s] -- Up-to-date: /home/maizaied03/ros2_ws/install/px4_msgs/include/px4_msgs/px4_msgs/msg/detail/estimator_sensor_bias__struct.h
[55.077s] -- Up-to-date: /home/maizaied03/ros2_ws/install/px4_msgs/include/px4_msgs/px4_msgs/msg/detail/fuel_tank_status__functions.c
[55.077s] -- Up-to-date: /home/maizaied03/ros2_ws/install/px4_msgs/include/px4_msgs/px4_msgs/msg/detail/differential_pressure__functions.h
[55.077s] -- Up-to-date: /home/maizaied03/ros2_ws/install/px4_msgs/include/px4_msgs/px4_msgs/msg/detail/vehicle_thrust_setpoint__type_support.h
[55.077s] -- Up-to-date: /home/maizaied03/ros2_ws/install/px4_msgs/include/px4_msgs/px4_msgs/msg/detail/mount_orientation__functions.c
[55.078s] -- Up-to-date: /home/maizaied03/ros2_ws/install/px4_msgs/include/px4_msgs/px4_msgs/msg/detail/distance_sensor_mode_change_request__functions.h
[55.078s] -- Up-to-date: /home/maizaied03/ros2_ws/install/px4_msgs/include/px4_msgs/px4_msgs/msg/detail/camera_status__functions.h
[55.078s] -- Up-to-date: /home/maizaied03/ros2_ws/install/px4_msgs/include/px4_msgs/px4_msgs/msg/detail/fixed_wing_lateral_guidance_status__functions.c
[55.078s] -- Up-to-date: /home/maizaied03/ros2_ws/install/px4_msgs/include/px4_msgs/px4_msgs/msg/detail/position_setpoint__functions.c
[55.078s] -- Up-to-date: /home/maizaied03/ros2_ws/install/px4_msgs/include/px4_msgs/px4_msgs/msg/detail/collision_constraints__type_support.h
[55.078s] -- Up-to-date: /home/maizaied03/ros2_ws/install/px4_msgs/include/px4_msgs/px4_msgs/msg/detail/estimator_gps_status__type_support.h
[55.078s] -- Up-to-date: /home/maizaied03/ros2_ws/install/px4_msgs/include/px4_msgs/px4_msgs/msg/detail/launch_detection_status__functions.h
[55.078s] -- Up-to-date: /home/maizaied03/ros2_ws/install/px4_msgs/include/px4_msgs/px4_msgs/msg/detail/sensor_temp__struct.h
[55.078s] -- Up-to-date: /home/maizaied03/ros2_ws/install/px4_msgs/include/px4_msgs/px4_msgs/msg/detail/manual_control_setpoint__functions.h
[55.078s] -- Up-to-date: /home/maizaied03/ros2_ws/install/px4_msgs/include/px4_msgs/px4_msgs/msg/detail/internal_combustion_engine_control__functions.h
[55.078s] -- Up-to-date: /home/maizaied03/ros2_ws/install/px4_msgs/include/px4_msgs/px4_msgs/msg/detail/qshell_retval__struct.h
[55.078s] -- Up-to-date: /home/maizaied03/ros2_ws/install/px4_msgs/include/px4_msgs/px4_msgs/msg/detail/sensor_gyro__functions.h
[55.078s] -- Up-to-date: /home/maizaied03/ros2_ws/install/px4_msgs/include/px4_msgs/px4_msgs/msg/detail/gpio_request__functions.c
[55.078s] -- Up-to-date: /home/maizaied03/ros2_ws/install/px4_msgs/include/px4_msgs/px4_msgs/msg/detail/iridiumsbd_status__type_support.h
[55.078s] -- Up-to-date: /home/maizaied03/ros2_ws/install/px4_msgs/include/px4_msgs/px4_msgs/msg/detail/fixed_wing_lateral_setpoint__type_support.h
[55.078s] -- Up-to-date: /home/maizaied03/ros2_ws/install/px4_msgs/include/px4_msgs/px4_msgs/msg/detail/wheel_encoders__struct.h
[55.078s] -- Up-to-date: /home/maizaied03/ros2_ws/install/px4_msgs/include/px4_msgs/px4_msgs/msg/detail/follow_target__type_support.h
[55.078s] -- Up-to-date: /home/maizaied03/ros2_ws/install/px4_msgs/include/px4_msgs/px4_msgs/msg/detail/action_request__struct.h
[55.078s] -- Up-to-date: /home/maizaied03/ros2_ws/install/px4_msgs/include/px4_msgs/px4_msgs/msg/detail/gpio_out__type_support.h
[55.078s] -- Up-to-date: /home/maizaied03/ros2_ws/install/px4_msgs/include/px4_msgs/px4_msgs/msg/detail/actuator_servos__functions.h
[55.078s] -- Up-to-date: /home/maizaied03/ros2_ws/install/px4_msgs/include/px4_msgs/px4_msgs/msg/detail/vehicle_thrust_setpoint__struct.h
[55.078s] -- Up-to-date: /home/maizaied03/ros2_ws/install/px4_msgs/include/px4_msgs/px4_msgs/msg/detail/landing_gear__functions.h
[55.078s] -- Up-to-date: /home/maizaied03/ros2_ws/install/px4_msgs/include/px4_msgs/px4_msgs/msg/detail/lateral_control_configuration__functions.h
[55.079s] -- Up-to-date: /home/maizaied03/ros2_ws/install/px4_msgs/include/px4_msgs/px4_msgs/msg/detail/parameter_reset_request__type_support.h
[55.079s] -- Up-to-date: /home/maizaied03/ros2_ws/install/px4_msgs/include/px4_msgs/px4_msgs/msg/detail/gimbal_manager_set_attitude__type_support.h
[55.079s] -- Up-to-date: /home/maizaied03/ros2_ws/install/px4_msgs/include/px4_msgs/px4_msgs/msg/detail/sensor_gyro__struct.h
[55.079s] -- Up-to-date: /home/maizaied03/ros2_ws/install/px4_msgs/include/px4_msgs/px4_msgs/msg/detail/estimator_innovations__type_support.h
[55.079s] -- Up-to-date: /home/maizaied03/ros2_ws/install/px4_msgs/include/px4_msgs/px4_msgs/msg/detail/obstacle_distance__struct.h
[55.079s] -- Up-to-date: /home/maizaied03/ros2_ws/install/px4_msgs/include/px4_msgs/px4_msgs/msg/detail/sensor_uwb__type_support.h
[55.079s] -- Up-to-date: /home/maizaied03/ros2_ws/install/px4_msgs/include/px4_msgs/px4_msgs/msg/detail/vtx__struct.h
[55.079s] -- Up-to-date: /home/maizaied03/ros2_ws/install/px4_msgs/include/px4_msgs/px4_msgs/msg/detail/debug_array__functions.c
[55.079s] -- Up-to-date: /home/maizaied03/ros2_ws/install/px4_msgs/include/px4_msgs/px4_msgs/msg/detail/vehicle_control_mode__functions.c
[55.079s] -- Up-to-date: /home/maizaied03/ros2_ws/install/px4_msgs/include/px4_msgs/px4_msgs/msg/detail/sensors_status__functions.c
[55.079s] -- Up-to-date: /home/maizaied03/ros2_ws/install/px4_msgs/include/px4_msgs/px4_msgs/msg/detail/mavlink_tunnel__struct.h
[55.079s] -- Up-to-date: /home/maizaied03/ros2_ws/install/px4_msgs/include/px4_msgs/px4_msgs/msg/detail/actuator_test__functions.c
[55.079s] -- Up-to-date: /home/maizaied03/ros2_ws/install/px4_msgs/include/px4_msgs/px4_msgs/msg/detail/navigator_mission_item__struct.h
[55.079s] -- Up-to-date: /home/maizaied03/ros2_ws/install/px4_msgs/include/px4_msgs/px4_msgs/msg/detail/trajectory_setpoint__functions.c
[55.079s] -- Up-to-date: /home/maizaied03/ros2_ws/install/px4_msgs/include/px4_msgs/px4_msgs/msg/detail/vehicle_acceleration__functions.h
[55.079s] -- Up-to-date: /home/maizaied03/ros2_ws/install/px4_msgs/include/px4_msgs/px4_msgs/msg/detail/message_format_request__functions.c
[55.079s] -- Up-to-date: /home/maizaied03/ros2_ws/install/px4_msgs/include/px4_msgs/px4_msgs/msg/detail/landing_gear_wheel__functions.h
[55.079s] -- Up-to-date: /home/maizaied03/ros2_ws/install/px4_msgs/include/px4_msgs/px4_msgs/msg/detail/hover_thrust_estimate__struct.h
[55.079s] -- Up-to-date: /home/maizaied03/ros2_ws/install/px4_msgs/include/px4_msgs/px4_msgs/msg/detail/sensor_gps__functions.h
[55.079s] -- Up-to-date: /home/maizaied03/ros2_ws/install/px4_msgs/include/px4_msgs/px4_msgs/msg/detail/pps_capture__type_support.h
[55.079s] -- Up-to-date: /home/maizaied03/ros2_ws/install/px4_msgs/include/px4_msgs/px4_msgs/msg/detail/gimbal_controls__functions.h
[55.079s] -- Up-to-date: /home/maizaied03/ros2_ws/install/px4_msgs/include/px4_msgs/px4_msgs/msg/detail/normalized_unsigned_setpoint__functions.c
[55.080s] -- Up-to-date: /home/maizaied03/ros2_ws/install/px4_msgs/include/px4_msgs/px4_msgs/msg/detail/sensor_optical_flow__functions.h
[55.080s] -- Up-to-date: /home/maizaied03/ros2_ws/install/px4_msgs/include/px4_msgs/px4_msgs/msg/detail/input_rc__type_support.h
[55.080s] -- Up-to-date: /home/maizaied03/ros2_ws/install/px4_msgs/include/px4_msgs/px4_msgs/msg/detail/event__type_support.h
[55.080s] -- Up-to-date: /home/maizaied03/ros2_ws/install/px4_msgs/include/px4_msgs/px4_msgs/msg/detail/ulog_stream__functions.h
[55.080s] -- Up-to-date: /home/maizaied03/ros2_ws/install/px4_msgs/include/px4_msgs/px4_msgs/msg/detail/vehicle_constraints__struct.h
[55.080s] -- Up-to-date: /home/maizaied03/ros2_ws/install/px4_msgs/include/px4_msgs/px4_msgs/msg/detail/rpm__functions.c
[55.080s] -- Up-to-date: /home/maizaied03/ros2_ws/install/px4_msgs/include/px4_msgs/px4_msgs/msg/detail/sensor_temp__functions.h
[55.080s] -- Up-to-date: /home/maizaied03/ros2_ws/install/px4_msgs/include/px4_msgs/px4_msgs/msg/detail/satellite_info__struct.h
[55.080s] -- Up-to-date: /home/maizaied03/ros2_ws/install/px4_msgs/include/px4_msgs/px4_msgs/msg/detail/rover_position_setpoint__type_support.h
[55.080s] -- Up-to-date: /home/maizaied03/ros2_ws/install/px4_msgs/include/px4_msgs/px4_msgs/msg/detail/position_setpoint__struct.h
[55.080s] -- Up-to-date: /home/maizaied03/ros2_ws/install/px4_msgs/include/px4_msgs/px4_msgs/msg/detail/vehicle_roi__type_support.h
[55.080s] -- Up-to-date: /home/maizaied03/ros2_ws/install/px4_msgs/include/px4_msgs/px4_msgs/msg/detail/debug_value__functions.h
[55.080s] -- Up-to-date: /home/maizaied03/ros2_ws/install/px4_msgs/include/px4_msgs/px4_msgs/msg/detail/longitudinal_control_configuration__struct.h
[55.080s] -- Up-to-date: /home/maizaied03/ros2_ws/install/px4_msgs/include/px4_msgs/px4_msgs/msg/detail/register_ext_component_request__type_support.h
[55.080s] -- Up-to-date: /home/maizaied03/ros2_ws/install/px4_msgs/include/px4_msgs/px4_msgs/msg/detail/follow_target__functions.h
[55.080s] -- Up-to-date: /home/maizaied03/ros2_ws/install/px4_msgs/include/px4_msgs/px4_msgs/msg/detail/actuator_outputs__type_support.h
[55.080s] -- Up-to-date: /home/maizaied03/ros2_ws/install/px4_msgs/include/px4_msgs/px4_msgs/msg/detail/control_allocator_status__functions.c
[55.080s] -- Up-to-date: /home/maizaied03/ros2_ws/install/px4_msgs/include/px4_msgs/px4_msgs/msg/detail/open_drone_id_arm_status__struct.h
[55.080s] -- Up-to-date: /home/maizaied03/ros2_ws/install/px4_msgs/include/px4_msgs/px4_msgs/msg/detail/vehicle_global_position__type_support.h
[55.080s] -- Up-to-date: /home/maizaied03/ros2_ws/install/px4_msgs/include/px4_msgs/px4_msgs/msg/detail/mavlink_tunnel__functions.h
[55.080s] -- Up-to-date: /home/maizaied03/ros2_ws/install/px4_msgs/include/px4_msgs/px4_msgs/msg/detail/follow_target_estimator__type_support.h
[55.080s] -- Up-to-date: /home/maizaied03/ros2_ws/install/px4_msgs/include/px4_msgs/px4_msgs/msg/detail/flight_phase_estimation__functions.c
[55.080s] -- Up-to-date: /home/maizaied03/ros2_ws/install/px4_msgs/include/px4_msgs/px4_msgs/msg/detail/tiltrotor_extra_controls__functions.h
[55.080s] -- Up-to-date: /home/maizaied03/ros2_ws/install/px4_msgs/include/px4_msgs/px4_msgs/msg/detail/action_request__type_support.h
[55.080s] -- Up-to-date: /home/maizaied03/ros2_ws/install/px4_msgs/include/px4_msgs/px4_msgs/msg/detail/rover_throttle_setpoint__functions.c
[55.080s] -- Up-to-date: /home/maizaied03/ros2_ws/install/px4_msgs/include/px4_msgs/px4_msgs/msg/detail/distance_sensor__functions.c
[55.081s] -- Up-to-date: /home/maizaied03/ros2_ws/install/px4_msgs/include/px4_msgs/px4_msgs/msg/detail/power_button_state__functions.c
[55.081s] -- Up-to-date: /home/maizaied03/ros2_ws/install/px4_msgs/include/px4_msgs/px4_msgs/msg/detail/rc_parameter_map__functions.c
[55.081s] -- Up-to-date: /home/maizaied03/ros2_ws/install/px4_msgs/include/px4_msgs/px4_msgs/msg/detail/onboard_computer_status__type_support.h
[55.081s] -- Up-to-date: /home/maizaied03/ros2_ws/install/px4_msgs/include/px4_msgs/px4_msgs/msg/detail/system_power__functions.c
[55.081s] -- Up-to-date: /home/maizaied03/ros2_ws/install/px4_msgs/include/px4_msgs/px4_msgs/msg/detail/open_drone_id_arm_status__type_support.h
[55.081s] -- Up-to-date: /home/maizaied03/ros2_ws/install/px4_msgs/include/px4_msgs/px4_msgs/msg/detail/sensor_correction__functions.c
[55.081s] -- Up-to-date: /home/maizaied03/ros2_ws/install/px4_msgs/include/px4_msgs/px4_msgs/msg/detail/vehicle_angular_velocity__struct.h
[55.081s] -- Up-to-date: /home/maizaied03/ros2_ws/install/px4_msgs/include/px4_msgs/px4_msgs/msg/detail/vehicle_imu__functions.h
[55.081s] -- Up-to-date: /home/maizaied03/ros2_ws/install/px4_msgs/include/px4_msgs/px4_msgs/msg/detail/rtl_time_estimate__functions.c
[55.081s] -- Up-to-date: /home/maizaied03/ros2_ws/install/px4_msgs/include/px4_msgs/px4_msgs/msg/detail/vehicle_angular_acceleration_setpoint__functions.c
[55.081s] -- Up-to-date: /home/maizaied03/ros2_ws/install/px4_msgs/include/px4_msgs/px4_msgs/msg/detail/camera_status__struct.h
[55.081s] -- Up-to-date: /home/maizaied03/ros2_ws/install/px4_msgs/include/px4_msgs/px4_msgs/msg/detail/navigator_status__functions.c
[55.081s] -- Up-to-date: /home/maizaied03/ros2_ws/install/px4_msgs/include/px4_msgs/px4_msgs/msg/detail/pps_capture__struct.h
[55.081s] -- Up-to-date: /home/maizaied03/ros2_ws/install/px4_msgs/include/px4_msgs/px4_msgs/msg/detail/arming_check_reply__functions.h
[55.081s] -- Up-to-date: /home/maizaied03/ros2_ws/install/px4_msgs/include/px4_msgs/px4_msgs/msg/detail/orb_test_large__functions.c
[55.081s] -- Up-to-date: /home/maizaied03/ros2_ws/install/px4_msgs/include/px4_msgs/px4_msgs/msg/detail/tiltrotor_extra_controls__type_support.h
[55.081s] -- Up-to-date: /home/maizaied03/ros2_ws/install/px4_msgs/include/px4_msgs/px4_msgs/msg/detail/estimator_selector_status__functions.h
[55.081s] -- Up-to-date: /home/maizaied03/ros2_ws/install/px4_msgs/include/px4_msgs/px4_msgs/msg/detail/actuator_armed__functions.h
[55.081s] -- Up-to-date: /home/maizaied03/ros2_ws/install/px4_msgs/include/px4_msgs/px4_msgs/msg/detail/vtol_vehicle_status__type_support.h
[55.082s] -- Up-to-date: /home/maizaied03/ros2_ws/install/px4_msgs/include/px4_msgs/px4_msgs/msg/detail/arming_check_reply__type_support.h
[55.082s] -- Up-to-date: /home/maizaied03/ros2_ws/install/px4_msgs/include/px4_msgs/px4_msgs/msg/detail/qshell_retval__functions.h
[55.082s] -- Up-to-date: /home/maizaied03/ros2_ws/install/px4_msgs/include/px4_msgs/px4_msgs/msg/detail/pps_capture__functions.c
[55.082s] -- Up-to-date: /home/maizaied03/ros2_ws/install/px4_msgs/include/px4_msgs/px4_msgs/msg/detail/sensor_hygrometer__functions.h
[55.082s] -- Up-to-date: /home/maizaied03/ros2_ws/install/px4_msgs/include/px4_msgs/px4_msgs/msg/detail/device_information__functions.h
[55.082s] -- Up-to-date: /home/maizaied03/ros2_ws/install/px4_msgs/include/px4_msgs/px4_msgs/msg/detail/autotune_attitude_control_status__functions.h
[55.082s] -- Up-to-date: /home/maizaied03/ros2_ws/install/px4_msgs/include/px4_msgs/px4_msgs/msg/detail/generator_status__functions.c
[55.082s] -- Up-to-date: /home/maizaied03/ros2_ws/install/px4_msgs/include/px4_msgs/px4_msgs/msg/detail/rover_rate_status__functions.h
[55.082s] -- Up-to-date: /home/maizaied03/ros2_ws/install/px4_msgs/include/px4_msgs/px4_msgs/msg/detail/rover_position_setpoint__functions.h
[55.082s] -- Up-to-date: /home/maizaied03/ros2_ws/install/px4_msgs/include/px4_msgs/px4_msgs/msg/detail/parameter_set_used_request__functions.c
[55.082s] -- Up-to-date: /home/maizaied03/ros2_ws/install/px4_msgs/include/px4_msgs/px4_msgs/msg/detail/unregister_ext_component__struct.h
[55.082s] -- Up-to-date: /home/maizaied03/ros2_ws/install/px4_msgs/include/px4_msgs/px4_msgs/msg/detail/iridiumsbd_status__struct.h
[55.082s] -- Up-to-date: /home/maizaied03/ros2_ws/install/px4_msgs/include/px4_msgs/px4_msgs/msg/detail/internal_combustion_engine_control__struct.h
[55.082s] -- Up-to-date: /home/maizaied03/ros2_ws/install/px4_msgs/include/px4_msgs/px4_msgs/msg/detail/actuator_controls_status__type_support.h
[55.082s] -- Up-to-date: /home/maizaied03/ros2_ws/install/px4_msgs/include/px4_msgs/px4_msgs/msg/detail/generator_status__functions.h
[55.082s] -- Up-to-date: /home/maizaied03/ros2_ws/install/px4_msgs/include/px4_msgs/px4_msgs/msg/detail/actuator_armed__functions.c
[55.082s] -- Up-to-date: /home/maizaied03/ros2_ws/install/px4_msgs/include/px4_msgs/px4_msgs/msg/detail/onboard_computer_status__functions.c
[55.082s] -- Up-to-date: /home/maizaied03/ros2_ws/install/px4_msgs/include/px4_msgs/px4_msgs/msg/detail/action_request__functions.h
[55.082s] -- Up-to-date: /home/maizaied03/ros2_ws/install/px4_msgs/include/px4_msgs/px4_msgs/msg/detail/generator_status__struct.h
[55.082s] -- Up-to-date: /home/maizaied03/ros2_ws/install/px4_msgs/include/px4_msgs/px4_msgs/msg/detail/differential_pressure__struct.h
[55.082s] -- Up-to-date: /home/maizaied03/ros2_ws/install/px4_msgs/include/px4_msgs/px4_msgs/msg/detail/geofence_result__functions.c
[55.082s] -- Up-to-date: /home/maizaied03/ros2_ws/install/px4_msgs/include/px4_msgs/px4_msgs/msg/detail/arming_check_request__struct.h
[55.082s] -- Up-to-date: /home/maizaied03/ros2_ws/install/px4_msgs/include/px4_msgs/px4_msgs/msg/detail/rc_channels__functions.h
[55.082s] -- Up-to-date: /home/maizaied03/ros2_ws/install/px4_msgs/include/px4_msgs/px4_msgs/msg/detail/orb_test__functions.h
[55.083s] -- Up-to-date: /home/maizaied03/ros2_ws/install/px4_msgs/include/px4_msgs/px4_msgs/msg/detail/battery_info__type_support.h
[55.083s] -- Up-to-date: /home/maizaied03/ros2_ws/install/px4_msgs/include/px4_msgs/px4_msgs/msg/detail/gpio_in__struct.h
[55.083s] -- Up-to-date: /home/maizaied03/ros2_ws/install/px4_msgs/include/px4_msgs/px4_msgs/msg/detail/orbit_status__functions.c
[55.083s] -- Up-to-date: /home/maizaied03/ros2_ws/install/px4_msgs/include/px4_msgs/px4_msgs/msg/detail/navigator_status__struct.h
[55.083s] -- Up-to-date: /home/maizaied03/ros2_ws/install/px4_msgs/include/px4_msgs/px4_msgs/msg/detail/px4io_status__struct.h
[55.083s] -- Up-to-date: /home/maizaied03/ros2_ws/install/px4_msgs/include/px4_msgs/px4_msgs/msg/detail/vehicle_acceleration__struct.h
[55.083s] -- Up-to-date: /home/maizaied03/ros2_ws/install/px4_msgs/include/px4_msgs/px4_msgs/msg/detail/mode_completed__struct.h
[55.083s] -- Up-to-date: /home/maizaied03/ros2_ws/install/px4_msgs/include/px4_msgs/px4_msgs/msg/detail/landing_target_innovations__functions.c
[55.083s] -- Up-to-date: /home/maizaied03/ros2_ws/install/px4_msgs/include/px4_msgs/px4_msgs/msg/detail/vehicle_global_position__functions.c
[55.083s] -- Up-to-date: /home/maizaied03/ros2_ws/install/px4_msgs/include/px4_msgs/px4_msgs/msg/detail/mode_completed__functions.h
[55.083s] -- Up-to-date: /home/maizaied03/ros2_ws/install/px4_msgs/include/px4_msgs/px4_msgs/msg/detail/landing_target_pose__struct.h
[55.083s] -- Up-to-date: /home/maizaied03/ros2_ws/install/px4_msgs/include/px4_msgs/px4_msgs/msg/detail/yaw_estimator_status__functions.h
[55.083s] -- Up-to-date: /home/maizaied03/ros2_ws/install/px4_msgs/include/px4_msgs/px4_msgs/msg/detail/velocity_limits__struct.h
[55.083s] -- Up-to-date: /home/maizaied03/ros2_ws/install/px4_msgs/include/px4_msgs/px4_msgs/msg/detail/debug_array__functions.h
[55.083s] -- Up-to-date: /home/maizaied03/ros2_ws/install/px4_msgs/include/px4_msgs/px4_msgs/msg/detail/action_request__functions.c
[55.083s] -- Up-to-date: /home/maizaied03/ros2_ws/install/px4_msgs/include/px4_msgs/px4_msgs/msg/detail/orb_test_large__functions.h
[55.083s] -- Up-to-date: /home/maizaied03/ros2_ws/install/px4_msgs/include/px4_msgs/px4_msgs/msg/detail/log_message__type_support.h
[55.083s] -- Up-to-date: /home/maizaied03/ros2_ws/install/px4_msgs/include/px4_msgs/px4_msgs/msg/detail/wind__struct.h
[55.083s] -- Up-to-date: /home/maizaied03/ros2_ws/install/px4_msgs/include/px4_msgs/px4_msgs/msg/detail/actuator_servos__struct.h
[55.083s] -- Up-to-date: /home/maizaied03/ros2_ws/install/px4_msgs/include/px4_msgs/px4_msgs/msg/detail/gain_compression__type_support.h
[55.083s] -- Up-to-date: /home/maizaied03/ros2_ws/install/px4_msgs/include/px4_msgs/px4_msgs/msg/detail/rover_rate_status__functions.c
[55.083s] -- Up-to-date: /home/maizaied03/ros2_ws/install/px4_msgs/include/px4_msgs/px4_msgs/msg/detail/geofence_result__type_support.h
[55.083s] -- Up-to-date: /home/maizaied03/ros2_ws/install/px4_msgs/include/px4_msgs/px4_msgs/msg/detail/vehicle_optical_flow_vel__struct.h
[55.083s] -- Up-to-date: /home/maizaied03/ros2_ws/install/px4_msgs/include/px4_msgs/px4_msgs/msg/detail/vehicle_attitude_setpoint__type_support.h
[55.083s] -- Up-to-date: /home/maizaied03/ros2_ws/install/px4_msgs/include/px4_msgs/px4_msgs/msg/detail/internal_combustion_engine_status__struct.h
[55.083s] -- Up-to-date: /home/maizaied03/ros2_ws/install/px4_msgs/include/px4_msgs/px4_msgs/msg/detail/sensor_baro__functions.c
[55.084s] -- Up-to-date: /home/maizaied03/ros2_ws/install/px4_msgs/include/px4_msgs/px4_msgs/msg/detail/orb_test_large__type_support.h
[55.084s] -- Up-to-date: /home/maizaied03/ros2_ws/install/px4_msgs/include/px4_msgs/px4_msgs/msg/detail/orb_test__struct.h
[55.084s] -- Up-to-date: /home/maizaied03/ros2_ws/install/px4_msgs/include/px4_msgs/px4_msgs/msg/detail/gpio_in__functions.h
[55.084s] -- Up-to-date: /home/maizaied03/ros2_ws/install/px4_msgs/include/px4_msgs/px4_msgs/msg/detail/sensor_uwb__struct.h
[55.084s] -- Up-to-date: /home/maizaied03/ros2_ws/install/px4_msgs/include/px4_msgs/px4_msgs/msg/detail/register_ext_component_reply__functions.h
[55.084s] -- Up-to-date: /home/maizaied03/ros2_ws/install/px4_msgs/include/px4_msgs/px4_msgs/msg/detail/open_drone_id_system__struct.h
[55.084s] -- Up-to-date: /home/maizaied03/ros2_ws/install/px4_msgs/include/px4_msgs/px4_msgs/msg/detail/vehicle_local_position__functions.h
[55.084s] -- Up-to-date: /home/maizaied03/ros2_ws/install/px4_msgs/include/px4_msgs/px4_msgs/msg/detail/mission__functions.h
[55.084s] -- Up-to-date: /home/maizaied03/ros2_ws/install/px4_msgs/include/px4_msgs/px4_msgs/msg/detail/ulog_stream_ack__type_support.h
[55.084s] -- Up-to-date: /home/maizaied03/ros2_ws/install/px4_msgs/include/px4_msgs/px4_msgs/msg/detail/orb_test_large__struct.h
[55.084s] -- Up-to-date: /home/maizaied03/ros2_ws/install/px4_msgs/include/px4_msgs/px4_msgs/msg/detail/camera_capture__functions.c
[55.084s] -- Up-to-date: /home/maizaied03/ros2_ws/install/px4_msgs/include/px4_msgs/px4_msgs/msg/detail/orb_test_medium__functions.h
[55.084s] -- Up-to-date: /home/maizaied03/ros2_ws/install/px4_msgs/include/px4_msgs/px4_msgs/msg/detail/parameter_set_value_response__type_support.h
[55.084s] -- Up-to-date: /home/maizaied03/ros2_ws/install/px4_msgs/include/px4_msgs/px4_msgs/msg/detail/estimator_bias__functions.h
[55.084s] -- Up-to-date: /home/maizaied03/ros2_ws/install/px4_msgs/include/px4_msgs/px4_msgs/msg/detail/actuator_motors__struct.h
[55.084s] -- Up-to-date: /home/maizaied03/ros2_ws/install/px4_msgs/include/px4_msgs/px4_msgs/msg/detail/sensor_optical_flow__struct.h
[55.084s] -- Up-to-date: /home/maizaied03/ros2_ws/install/px4_msgs/include/px4_msgs/px4_msgs/msg/detail/device_information__struct.h
[55.084s] -- Up-to-date: /home/maizaied03/ros2_ws/install/px4_msgs/include/px4_msgs/px4_msgs/msg/detail/lateral_control_configuration__functions.c
[55.084s] -- Up-to-date: /home/maizaied03/ros2_ws/install/px4_msgs/include/px4_msgs/px4_msgs/msg/detail/sensor_combined__functions.h
[55.084s] -- Up-to-date: /home/maizaied03/ros2_ws/install/px4_msgs/include/px4_msgs/px4_msgs/msg/detail/airspeed_wind__functions.c
[55.084s] -- Up-to-date: /home/maizaied03/ros2_ws/install/px4_msgs/include/px4_msgs/px4_msgs/msg/detail/sensor_preflight_mag__functions.h
[55.084s] -- Up-to-date: /home/maizaied03/ros2_ws/install/px4_msgs/include/px4_msgs/px4_msgs/msg/detail/estimator_sensor_bias__functions.h
[55.085s] -- Up-to-date: /home/maizaied03/ros2_ws/install/px4_msgs/include/px4_msgs/px4_msgs/msg/detail/register_ext_component_request__struct.h
[55.085s] -- Up-to-date: /home/maizaied03/ros2_ws/install/px4_msgs/include/px4_msgs/px4_msgs/msg/detail/tune_control__functions.h
[55.085s] -- Up-to-date: /home/maizaied03/ros2_ws/install/px4_msgs/include/px4_msgs/px4_msgs/msg/detail/mission__type_support.h
[55.085s] -- Up-to-date: /home/maizaied03/ros2_ws/install/px4_msgs/include/px4_msgs/px4_msgs/msg/detail/telemetry_status__struct.h
[55.085s] -- Up-to-date: /home/maizaied03/ros2_ws/install/px4_msgs/include/px4_msgs/px4_msgs/msg/detail/input_rc__functions.h
[55.085s] -- Up-to-date: /home/maizaied03/ros2_ws/install/px4_msgs/include/px4_msgs/px4_msgs/msg/detail/airspeed_validated__functions.c
[55.085s] -- Up-to-date: /home/maizaied03/ros2_ws/install/px4_msgs/include/px4_msgs/px4_msgs/msg/detail/uavcan_parameter_value__type_support.h
[55.085s] -- Up-to-date: /home/maizaied03/ros2_ws/install/px4_msgs/include/px4_msgs/px4_msgs/msg/detail/telemetry_status__functions.h
[55.085s] -- Up-to-date: /home/maizaied03/ros2_ws/install/px4_msgs/include/px4_msgs/px4_msgs/msg/detail/rover_attitude_status__struct.h
[55.085s] -- Up-to-date: /home/maizaied03/ros2_ws/install/px4_msgs/include/px4_msgs/px4_msgs/msg/detail/estimator_aid_source2d__struct.h
[55.085s] -- Up-to-date: /home/maizaied03/ros2_ws/install/px4_msgs/include/px4_msgs/px4_msgs/msg/detail/airspeed__struct.h
[55.085s] -- Up-to-date: /home/maizaied03/ros2_ws/install/px4_msgs/include/px4_msgs/px4_msgs/msg/detail/sensor_gps__struct.h
[55.085s] -- Up-to-date: /home/maizaied03/ros2_ws/install/px4_msgs/include/px4_msgs/px4_msgs/msg/detail/vtx__type_support.h
[55.085s] -- Up-to-date: /home/maizaied03/ros2_ws/install/px4_msgs/include/px4_msgs/px4_msgs/msg/detail/airspeed_wind__struct.h
[55.085s] -- Up-to-date: /home/maizaied03/ros2_ws/install/px4_msgs/include/px4_msgs/px4_msgs/msg/detail/gimbal_controls__type_support.h
[55.085s] -- Up-to-date: /home/maizaied03/ros2_ws/install/px4_msgs/include/px4_msgs/px4_msgs/msg/detail/wind__functions.c
[55.085s] -- Up-to-date: /home/maizaied03/ros2_ws/install/px4_msgs/include/px4_msgs/px4_msgs/msg/detail/debug_value__struct.h
[55.085s] -- Up-to-date: /home/maizaied03/ros2_ws/install/px4_msgs/include/px4_msgs/px4_msgs/msg/detail/esc_status__type_support.h
[55.085s] -- Up-to-date: /home/maizaied03/ros2_ws/install/px4_msgs/include/px4_msgs/px4_msgs/msg/detail/magnetometer_bias_estimate__functions.c
[55.085s] -- Up-to-date: /home/maizaied03/ros2_ws/install/px4_msgs/include/px4_msgs/px4_msgs/msg/detail/trajectory_setpoint__functions.h
[55.085s] -- Up-to-date: /home/maizaied03/ros2_ws/install/px4_msgs/include/px4_msgs/px4_msgs/msg/detail/estimator_aid_source1d__type_support.h
[55.086s] -- Up-to-date: /home/maizaied03/ros2_ws/install/px4_msgs/include/px4_msgs/px4_msgs/msg/detail/gps_inject_data__type_support.h
[55.086s] -- Up-to-date: /home/maizaied03/ros2_ws/install/px4_msgs/include/px4_msgs/px4_msgs/msg/detail/transponder_report__struct.h
[55.086s] -- Up-to-date: /home/maizaied03/ros2_ws/install/px4_msgs/include/px4_msgs/px4_msgs/msg/detail/rtl_status__functions.h
[55.086s] -- Up-to-date: /home/maizaied03/ros2_ws/install/px4_msgs/include/px4_msgs/px4_msgs/msg/detail/estimator_states__functions.h
[55.086s] -- Up-to-date: /home/maizaied03/ros2_ws/install/px4_msgs/include/px4_msgs/px4_msgs/msg/detail/rate_ctrl_status__functions.h
[55.086s] -- Up-to-date: /home/maizaied03/ros2_ws/install/px4_msgs/include/px4_msgs/px4_msgs/msg/detail/arming_check_request__functions.c
[55.086s] -- Up-to-date: /home/maizaied03/ros2_ws/install/px4_msgs/include/px4_msgs/px4_msgs/msg/detail/estimator_status__type_support.h
[55.086s] -- Up-to-date: /home/maizaied03/ros2_ws/install/px4_msgs/include/px4_msgs/px4_msgs/msg/detail/internal_combustion_engine_control__type_support.h
[55.086s] -- Up-to-date: /home/maizaied03/ros2_ws/install/px4_msgs/include/px4_msgs/px4_msgs/msg/detail/tune_control__type_support.h
[55.086s] -- Up-to-date: /home/maizaied03/ros2_ws/install/px4_msgs/include/px4_msgs/px4_msgs/msg/detail/follow_target__functions.c
[55.086s] -- Up-to-date: /home/maizaied03/ros2_ws/install/px4_msgs/include/px4_msgs/px4_msgs/msg/detail/vehicle_torque_setpoint__functions.h
[55.086s] -- Up-to-date: /home/maizaied03/ros2_ws/install/px4_msgs/include/px4_msgs/px4_msgs/msg/detail/vehicle_constraints__functions.h
[55.086s] -- Up-to-date: /home/maizaied03/ros2_ws/install/px4_msgs/include/px4_msgs/px4_msgs/msg/detail/gimbal_device_attitude_status__type_support.h
[55.086s] -- Up-to-date: /home/maizaied03/ros2_ws/install/px4_msgs/include/px4_msgs/px4_msgs/msg/detail/parameter_reset_request__functions.c
[55.086s] -- Up-to-date: /home/maizaied03/ros2_ws/install/px4_msgs/include/px4_msgs/px4_msgs/msg/detail/pure_pursuit_status__functions.h
[55.086s] -- Up-to-date: /home/maizaied03/ros2_ws/install/px4_msgs/include/px4_msgs/px4_msgs/msg/detail/cellular_status__type_support.h
[55.086s] -- Up-to-date: /home/maizaied03/ros2_ws/install/px4_msgs/include/px4_msgs/px4_msgs/msg/detail/ekf2_timestamps__type_support.h
[55.086s] -- Up-to-date: /home/maizaied03/ros2_ws/install/px4_msgs/include/px4_msgs/px4_msgs/msg/detail/system_power__struct.h
[55.086s] -- Up-to-date: /home/maizaied03/ros2_ws/install/px4_msgs/include/px4_msgs/px4_msgs/msg/detail/actuator_servos_trim__type_support.h
[55.086s] -- Up-to-date: /home/maizaied03/ros2_ws/install/px4_msgs/include/px4_msgs/px4_msgs/msg/detail/follow_target_estimator__functions.h
[55.086s] -- Up-to-date: /home/maizaied03/ros2_ws/install/px4_msgs/include/px4_msgs/px4_msgs/msg/detail/onboard_computer_status__functions.h
[55.086s] -- Up-to-date: /home/maizaied03/ros2_ws/install/px4_msgs/include/px4_msgs/px4_msgs/msg/detail/unregister_ext_component__functions.c
[55.086s] -- Up-to-date: /home/maizaied03/ros2_ws/install/px4_msgs/include/px4_msgs/px4_msgs/msg/detail/navigator_status__type_support.h
[55.086s] -- Up-to-date: /home/maizaied03/ros2_ws/install/px4_msgs/include/px4_msgs/px4_msgs/msg/detail/vehicle_angular_velocity__type_support.h
[55.087s] -- Up-to-date: /home/maizaied03/ros2_ws/install/px4_msgs/include/px4_msgs/px4_msgs/msg/detail/sensors_status_imu__functions.c
[55.087s] -- Up-to-date: /home/maizaied03/ros2_ws/install/px4_msgs/include/px4_msgs/px4_msgs/msg/detail/airspeed_wind__type_support.h
[55.087s] -- Up-to-date: /home/maizaied03/ros2_ws/install/px4_msgs/include/px4_msgs/px4_msgs/msg/detail/airspeed__functions.h
[55.087s] -- Up-to-date: /home/maizaied03/ros2_ws/install/px4_msgs/include/px4_msgs/px4_msgs/msg/detail/wheel_encoders__functions.c
[55.087s] -- Up-to-date: /home/maizaied03/ros2_ws/install/px4_msgs/include/px4_msgs/px4_msgs/msg/detail/sensor_selection__type_support.h
[55.087s] -- Up-to-date: /home/maizaied03/ros2_ws/install/px4_msgs/include/px4_msgs/px4_msgs/msg/detail/fuel_tank_status__struct.h
[55.087s] -- Up-to-date: /home/maizaied03/ros2_ws/install/px4_msgs/include/px4_msgs/px4_msgs/msg/detail/gimbal_controls__struct.h
[55.087s] -- Up-to-date: /home/maizaied03/ros2_ws/install/px4_msgs/include/px4_msgs/px4_msgs/msg/detail/position_setpoint__type_support.h
[55.087s] -- Up-to-date: /home/maizaied03/ros2_ws/install/px4_msgs/include/px4_msgs/px4_msgs/msg/detail/ping__functions.h
[55.087s] -- Up-to-date: /home/maizaied03/ros2_ws/install/px4_msgs/include/px4_msgs/px4_msgs/msg/detail/vehicle_air_data__type_support.h
[55.087s] -- Up-to-date: /home/maizaied03/ros2_ws/install/px4_msgs/include/px4_msgs/px4_msgs/msg/detail/velocity_limits__functions.c
[55.087s] -- Up-to-date: /home/maizaied03/ros2_ws/install/px4_msgs/include/px4_msgs/px4_msgs/msg/detail/pwm_input__type_support.h
[55.087s] -- Up-to-date: /home/maizaied03/ros2_ws/install/px4_msgs/include/px4_msgs/px4_msgs/msg/detail/dataman_request__functions.h
[55.087s] -- Up-to-date: /home/maizaied03/ros2_ws/install/px4_msgs/include/px4_msgs/px4_msgs/msg/detail/vehicle_constraints__functions.c
[55.087s] -- Up-to-date: /home/maizaied03/ros2_ws/install/px4_msgs/include/px4_msgs/px4_msgs/msg/detail/sensor_gyro_fifo__struct.h
[55.087s] -- Up-to-date: /home/maizaied03/ros2_ws/install/px4_msgs/include/px4_msgs/px4_msgs/msg/detail/geofence_result__struct.h
[55.087s] -- Up-to-date: /home/maizaied03/ros2_ws/install/px4_msgs/include/px4_msgs/px4_msgs/msg/detail/parameter_set_value_request__type_support.h
[55.087s] -- Up-to-date: /home/maizaied03/ros2_ws/install/px4_msgs/include/px4_msgs/px4_msgs/msg/detail/estimator_gps_status__struct.h
[55.087s] -- Up-to-date: /home/maizaied03/ros2_ws/install/px4_msgs/include/px4_msgs/px4_msgs/msg/detail/position_controller_status__struct.h
[55.087s] -- Up-to-date: /home/maizaied03/ros2_ws/install/px4_msgs/include/px4_msgs/px4_msgs/msg/detail/position_controller_landing_status__functions.h
[55.087s] -- Up-to-date: /home/maizaied03/ros2_ws/install/px4_msgs/include/px4_msgs/px4_msgs/msg/detail/trajectory_setpoint6dof__functions.c
[55.087s] -- Up-to-date: /home/maizaied03/ros2_ws/install/px4_msgs/include/px4_msgs/px4_msgs/msg/detail/landing_target_innovations__struct.h
[55.087s] -- Up-to-date: /home/maizaied03/ros2_ws/install/px4_msgs/include/px4_msgs/px4_msgs/msg/detail/power_button_state__struct.h
[55.087s] -- Up-to-date: /home/maizaied03/ros2_ws/install/px4_msgs/include/px4_msgs/px4_msgs/msg/detail/estimator_status_flags__functions.c
[55.087s] -- Up-to-date: /home/maizaied03/ros2_ws/install/px4_msgs/include/px4_msgs/px4_msgs/msg/detail/parameter_reset_request__functions.h
[55.087s] -- Up-to-date: /home/maizaied03/ros2_ws/install/px4_msgs/include/px4_msgs/px4_msgs/msg/detail/led_control__struct.h
[55.087s] -- Up-to-date: /home/maizaied03/ros2_ws/install/px4_msgs/include/px4_msgs/px4_msgs/msg/detail/health_report__struct.h
[55.087s] -- Up-to-date: /home/maizaied03/ros2_ws/install/px4_msgs/include/px4_msgs/px4_msgs/msg/detail/pps_capture__functions.h
[55.088s] -- Up-to-date: /home/maizaied03/ros2_ws/install/px4_msgs/include/px4_msgs/px4_msgs/msg/detail/input_rc__struct.h
[55.088s] -- Up-to-date: /home/maizaied03/ros2_ws/install/px4_msgs/include/px4_msgs/px4_msgs/msg/detail/camera_status__type_support.h
[55.088s] -- Up-to-date: /home/maizaied03/ros2_ws/install/px4_msgs/include/px4_msgs/px4_msgs/msg/detail/vehicle_odometry__struct.h
[55.088s] -- Up-to-date: /home/maizaied03/ros2_ws/install/px4_msgs/include/px4_msgs/px4_msgs/msg/detail/offboard_control_mode__struct.h
[55.088s] -- Up-to-date: /home/maizaied03/ros2_ws/install/px4_msgs/include/px4_msgs/px4_msgs/msg/detail/normalized_unsigned_setpoint__functions.h
[55.088s] -- Up-to-date: /home/maizaied03/ros2_ws/install/px4_msgs/include/px4_msgs/px4_msgs/msg/detail/power_monitor__type_support.h
[55.088s] -- Up-to-date: /home/maizaied03/ros2_ws/install/px4_msgs/include/px4_msgs/px4_msgs/msg/detail/vehicle_rates_setpoint__functions.c
[55.088s] -- Up-to-date: /home/maizaied03/ros2_ws/install/px4_msgs/include/px4_msgs/px4_msgs/msg/detail/home_position__struct.h
[55.088s] -- Up-to-date: /home/maizaied03/ros2_ws/install/px4_msgs/include/px4_msgs/px4_msgs/msg/detail/rtl_status__type_support.h
[55.088s] -- Up-to-date: /home/maizaied03/ros2_ws/install/px4_msgs/include/px4_msgs/px4_msgs/msg/detail/tune_control__struct.h
[55.088s] -- Up-to-date: /home/maizaied03/ros2_ws/install/px4_msgs/include/px4_msgs/px4_msgs/msg/detail/qshell_retval__type_support.h
[55.088s] -- Up-to-date: /home/maizaied03/ros2_ws/install/px4_msgs/include/px4_msgs/px4_msgs/msg/detail/fixed_wing_runway_control__functions.c
[55.088s] -- Up-to-date: /home/maizaied03/ros2_ws/install/px4_msgs/include/px4_msgs/px4_msgs/msg/detail/vehicle_rates_setpoint__struct.h
[55.088s] -- Up-to-date: /home/maizaied03/ros2_ws/install/px4_msgs/include/px4_msgs/px4_msgs/msg/detail/follow_target_status__type_support.h
[55.088s] -- Up-to-date: /home/maizaied03/ros2_ws/install/px4_msgs/include/px4_msgs/px4_msgs/msg/detail/home_position__functions.c
[55.088s] -- Up-to-date: /home/maizaied03/ros2_ws/install/px4_msgs/include/px4_msgs/px4_msgs/msg/detail/rover_rate_setpoint__type_support.h
[55.088s] -- Up-to-date: /home/maizaied03/ros2_ws/install/px4_msgs/include/px4_msgs/px4_msgs/msg/detail/irlock_report__type_support.h
[55.088s] -- Up-to-date: /home/maizaied03/ros2_ws/install/px4_msgs/include/px4_msgs/px4_msgs/msg/detail/gimbal_device_set_attitude__type_support.h
[55.088s] -- Up-to-date: /home/maizaied03/ros2_ws/install/px4_msgs/include/px4_msgs/px4_msgs/msg/detail/vehicle_attitude__functions.c
[55.088s] -- Up-to-date: /home/maizaied03/ros2_ws/install/px4_msgs/include/px4_msgs/px4_msgs/msg/detail/esc_report__functions.c
[55.088s] -- Up-to-date: /home/maizaied03/ros2_ws/install/px4_msgs/include/px4_msgs/px4_msgs/msg/detail/sensor_accel__functions.h
[55.088s] -- Up-to-date: /home/maizaied03/ros2_ws/install/px4_msgs/include/px4_msgs/px4_msgs/msg/detail/rover_steering_setpoint__functions.h
[55.088s] -- Up-to-date: /home/maizaied03/ros2_ws/install/px4_msgs/include/px4_msgs/px4_msgs/msg/detail/gimbal_manager_set_manual_control__struct.h
[55.088s] -- Up-to-date: /home/maizaied03/ros2_ws/install/px4_msgs/include/px4_msgs/px4_msgs/msg/detail/debug_vect__type_support.h
[55.088s] -- Up-to-date: /home/maizaied03/ros2_ws/install/px4_msgs/include/px4_msgs/px4_msgs/msg/detail/follow_target_status__functions.h
[55.088s] -- Up-to-date: /home/maizaied03/ros2_ws/install/px4_msgs/include/px4_msgs/px4_msgs/msg/detail/gpio_config__functions.c
[55.088s] -- Up-to-date: /home/maizaied03/ros2_ws/install/px4_msgs/include/px4_msgs/px4_msgs/msg/detail/sensor_gnss_status__functions.h
[55.088s] -- Up-to-date: /home/maizaied03/ros2_ws/install/px4_msgs/include/px4_msgs/px4_msgs/msg/detail/mag_worker_data__struct.h
[55.088s] -- Up-to-date: /home/maizaied03/ros2_ws/install/px4_msgs/include/px4_msgs/px4_msgs/msg/detail/rover_steering_setpoint__type_support.h
[55.088s] -- Up-to-date: /home/maizaied03/ros2_ws/install/px4_msgs/include/px4_msgs/px4_msgs/msg/detail/rover_attitude_status__functions.h
[55.089s] -- Up-to-date: /home/maizaied03/ros2_ws/install/px4_msgs/include/px4_msgs/px4_msgs/msg/detail/fixed_wing_lateral_status__type_support.h
[55.089s] -- Up-to-date: /home/maizaied03/ros2_ws/install/px4_msgs/include/px4_msgs/px4_msgs/msg/detail/sensor_uwb__functions.c
[55.089s] -- Up-to-date: /home/maizaied03/ros2_ws/install/px4_msgs/include/px4_msgs/px4_msgs/msg/message_format_response.h
[55.089s] -- Up-to-date: /home/maizaied03/ros2_ws/install/px4_msgs/include/px4_msgs/px4_msgs/msg/airspeed.h
[55.089s] -- Up-to-date: /home/maizaied03/ros2_ws/install/px4_msgs/include/px4_msgs/px4_msgs/msg/sensor_selection.h
[55.089s] -- Up-to-date: /home/maizaied03/ros2_ws/install/px4_msgs/include/px4_msgs/px4_msgs/msg/wheel_encoders.h
[55.089s] -- Up-to-date: /home/maizaied03/ros2_ws/install/px4_msgs/include/px4_msgs/px4_msgs/msg/estimator_gps_status.h
[55.089s] -- Up-to-date: /home/maizaied03/ros2_ws/install/px4_msgs/include/px4_msgs/px4_msgs/msg/sensor_hygrometer.h
[55.089s] -- Up-to-date: /home/maizaied03/ros2_ws/install/px4_msgs/include/px4_msgs/px4_msgs/msg/goto_setpoint.h
[55.089s] -- Up-to-date: /home/maizaied03/ros2_ws/install/px4_msgs/include/px4_msgs/px4_msgs/msg/actuator_servos_trim.h
[55.089s] -- Up-to-date: /home/maizaied03/ros2_ws/install/px4_msgs/include/px4_msgs/px4_msgs/msg/open_drone_id_arm_status.h
[55.089s] -- Up-to-date: /home/maizaied03/ros2_ws/install/px4_msgs/include/px4_msgs/px4_msgs/msg/gimbal_device_information.h
[55.089s] -- Up-to-date: /home/maizaied03/ros2_ws/install/px4_msgs/include/px4_msgs/px4_msgs/msg/flight_phase_estimation.h
[55.089s] -- Up-to-date: /home/maizaied03/ros2_ws/install/px4_msgs/include/px4_msgs/px4_msgs/msg/iridiumsbd_status.h
[55.089s] -- Up-to-date: /home/maizaied03/ros2_ws/install/px4_msgs/include/px4_msgs/px4_msgs/msg/debug_vect.h
[55.089s] -- Up-to-date: /home/maizaied03/ros2_ws/install/px4_msgs/include/px4_msgs/px4_msgs/msg/actuator_servos.h
[55.089s] -- Up-to-date: /home/maizaied03/ros2_ws/install/px4_msgs/include/px4_msgs/px4_msgs/msg/vehicle_magnetometer.h
[55.089s] -- Up-to-date: /home/maizaied03/ros2_ws/install/px4_msgs/include/px4_msgs/px4_msgs/msg/sensor_preflight_mag.h
[55.089s] -- Up-to-date: /home/maizaied03/ros2_ws/install/px4_msgs/include/px4_msgs/px4_msgs/msg/vehicle_optical_flow.h
[55.089s] -- Up-to-date: /home/maizaied03/ros2_ws/install/px4_msgs/include/px4_msgs/px4_msgs/msg/gripper.h
[55.089s] -- Up-to-date: /home/maizaied03/ros2_ws/install/px4_msgs/include/px4_msgs/px4_msgs/msg/transponder_report.h
[55.089s] -- Up-to-date: /home/maizaied03/ros2_ws/install/px4_msgs/include/px4_msgs/px4_msgs/msg/log_message.h
[55.089s] -- Up-to-date: /home/maizaied03/ros2_ws/install/px4_msgs/include/px4_msgs/px4_msgs/msg/estimator_aid_source2d.h
[55.089s] -- Up-to-date: /home/maizaied03/ros2_ws/install/px4_msgs/include/px4_msgs/px4_msgs/msg/fixed_wing_lateral_setpoint.h
[55.089s] -- Up-to-date: /home/maizaied03/ros2_ws/install/px4_msgs/include/px4_msgs/px4_msgs/msg/ulog_stream_ack.h
[55.089s] -- Up-to-date: /home/maizaied03/ros2_ws/install/px4_msgs/include/px4_msgs/px4_msgs/msg/rpm.h
[55.089s] -- Up-to-date: /home/maizaied03/ros2_ws/install/px4_msgs/include/px4_msgs/px4_msgs/msg/vehicle_local_position.h
[55.089s] -- Up-to-date: /home/maizaied03/ros2_ws/install/px4_msgs/include/px4_msgs/px4_msgs/msg/failsafe_flags.h
[55.089s] -- Up-to-date: /home/maizaied03/ros2_ws/install/px4_msgs/include/px4_msgs/px4_msgs/msg/sensors_status_imu.h
[55.090s] -- Up-to-date: /home/maizaied03/ros2_ws/install/px4_msgs/include/px4_msgs/px4_msgs/msg/estimator_aid_source3d.h
[55.090s] -- Up-to-date: /home/maizaied03/ros2_ws/install/px4_msgs/include/px4_msgs/px4_msgs/msg/estimator_event_flags.h
[55.090s] -- Up-to-date: /home/maizaied03/ros2_ws/install/px4_msgs/include/px4_msgs/px4_msgs/msg/register_ext_component_reply.h
[55.090s] -- Up-to-date: /home/maizaied03/ros2_ws/install/px4_msgs/include/px4_msgs/px4_msgs/msg/gimbal_device_attitude_status.h
[55.090s] -- Up-to-date: /home/maizaied03/ros2_ws/install/px4_msgs/include/px4_msgs/px4_msgs/msg/vehicle_odometry.h
[55.090s] -- Up-to-date: /home/maizaied03/ros2_ws/install/px4_msgs/include/px4_msgs/px4_msgs/msg/geofence_status.h
[55.090s] -- Up-to-date: /home/maizaied03/ros2_ws/install/px4_msgs/include/px4_msgs/px4_msgs/msg/differential_pressure.h
[55.090s] -- Up-to-date: /home/maizaied03/ros2_ws/install/px4_msgs/include/px4_msgs/px4_msgs/msg/ekf2_timestamps.h
[55.090s] -- Up-to-date: /home/maizaied03/ros2_ws/install/px4_msgs/include/px4_msgs/px4_msgs/msg/irlock_report.h
[55.090s] -- Up-to-date: /home/maizaied03/ros2_ws/install/px4_msgs/include/px4_msgs/px4_msgs/msg/airspeed_validated.h
[55.090s] -- Up-to-date: /home/maizaied03/ros2_ws/install/px4_msgs/include/px4_msgs/px4_msgs/msg/obstacle_distance.h
[55.090s] -- Up-to-date: /home/maizaied03/ros2_ws/install/px4_msgs/include/px4_msgs/px4_msgs/msg/vehicle_land_detected.h
[55.090s] -- Up-to-date: /home/maizaied03/ros2_ws/install/px4_msgs/include/px4_msgs/px4_msgs/msg/system_power.h
[55.090s] -- Up-to-date: /home/maizaied03/ros2_ws/install/px4_msgs/include/px4_msgs/px4_msgs/msg/longitudinal_control_configuration.h
[55.090s] -- Up-to-date: /home/maizaied03/ros2_ws/install/px4_msgs/include/px4_msgs/px4_msgs/msg/rc_parameter_map.h
[55.090s] -- Up-to-date: /home/maizaied03/ros2_ws/install/px4_msgs/include/px4_msgs/px4_msgs/msg/mode_completed.h
[55.090s] -- Up-to-date: /home/maizaied03/ros2_ws/install/px4_msgs/include/px4_msgs/px4_msgs/msg/orb_test_large.h
[55.090s] -- Up-to-date: /home/maizaied03/ros2_ws/install/px4_msgs/include/px4_msgs/px4_msgs/msg/sensor_baro.h
[55.090s] -- Up-to-date: /home/maizaied03/ros2_ws/install/px4_msgs/include/px4_msgs/px4_msgs/msg/vehicle_air_data.h
[55.090s] -- Up-to-date: /home/maizaied03/ros2_ws/install/px4_msgs/include/px4_msgs/px4_msgs/msg/airspeed_wind.h
[55.091s] -- Up-to-date: /home/maizaied03/ros2_ws/install/px4_msgs/include/px4_msgs/px4_msgs/msg/vehicle_angular_velocity.h
[55.091s] -- Up-to-date: /home/maizaied03/ros2_ws/install/px4_msgs/include/px4_msgs/px4_msgs/msg/rover_steering_setpoint.h
[55.091s] -- Up-to-date: /home/maizaied03/ros2_ws/install/px4_msgs/include/px4_msgs/px4_msgs/msg/sensor_gps.h
[55.091s] -- Up-to-date: /home/maizaied03/ros2_ws/install/px4_msgs/include/px4_msgs/px4_msgs/msg/power_button_state.h
[55.091s] -- Up-to-date: /home/maizaied03/ros2_ws/install/px4_msgs/include/px4_msgs/px4_msgs/msg/parameter_reset_request.h
[55.091s] -- Up-to-date: /home/maizaied03/ros2_ws/install/px4_msgs/include/px4_msgs/px4_msgs/msg/distance_sensor.h
[55.091s] -- Up-to-date: /home/maizaied03/ros2_ws/install/px4_msgs/include/px4_msgs/px4_msgs/msg/generator_status.h
[55.091s] -- Up-to-date: /home/maizaied03/ros2_ws/install/px4_msgs/include/px4_msgs/px4_msgs/msg/fuel_tank_status.h
[55.091s] -- Up-to-date: /home/maizaied03/ros2_ws/install/px4_msgs/include/px4_msgs/px4_msgs/msg/cellular_status.h
[55.091s] -- Up-to-date: /home/maizaied03/ros2_ws/install/px4_msgs/include/px4_msgs/px4_msgs/msg/parameter_set_value_request.h
[55.091s] -- Up-to-date: /home/maizaied03/ros2_ws/install/px4_msgs/include/px4_msgs/px4_msgs/msg/vehicle_imu.h
[55.091s] -- Up-to-date: /home/maizaied03/ros2_ws/install/px4_msgs/include/px4_msgs/px4_msgs/msg/pwm_input.h
[55.091s] -- Up-to-date: /home/maizaied03/ros2_ws/install/px4_msgs/include/px4_msgs/px4_msgs/msg/estimator_sensor_bias.h
[55.091s] -- Up-to-date: /home/maizaied03/ros2_ws/install/px4_msgs/include/px4_msgs/px4_msgs/msg/position_setpoint.h
[55.091s] -- Up-to-date: /home/maizaied03/ros2_ws/install/px4_msgs/include/px4_msgs/px4_msgs/msg/pure_pursuit_status.h
[55.091s] -- Up-to-date: /home/maizaied03/ros2_ws/install/px4_msgs/include/px4_msgs/px4_msgs/msg/vehicle_attitude.h
[55.091s] -- Up-to-date: /home/maizaied03/ros2_ws/install/px4_msgs/include/px4_msgs/px4_msgs/msg/estimator_status.h
[55.091s] -- Up-to-date: /home/maizaied03/ros2_ws/install/px4_msgs/include/px4_msgs/px4_msgs/msg/camera_status.h
[55.091s] -- Up-to-date: /home/maizaied03/ros2_ws/install/px4_msgs/include/px4_msgs/px4_msgs/msg/register_ext_component_request.h
[55.091s] -- Up-to-date: /home/maizaied03/ros2_ws/install/px4_msgs/include/px4_msgs/px4_msgs/msg/vehicle_status.h
[55.091s] -- Up-to-date: /home/maizaied03/ros2_ws/install/px4_msgs/include/px4_msgs/px4_msgs/msg/estimator_states.h
[55.091s] -- Up-to-date: /home/maizaied03/ros2_ws/install/px4_msgs/include/px4_msgs/px4_msgs/msg/input_rc.h
[55.092s] -- Up-to-date: /home/maizaied03/ros2_ws/install/px4_msgs/include/px4_msgs/px4_msgs/msg/rover_speed_setpoint.h
[55.092s] -- Up-to-date: /home/maizaied03/ros2_ws/install/px4_msgs/include/px4_msgs/px4_msgs/msg/esc_report.h
[55.092s] -- Up-to-date: /home/maizaied03/ros2_ws/install/px4_msgs/include/px4_msgs/px4_msgs/msg/actuator_controls_status.h
[55.092s] -- Up-to-date: /home/maizaied03/ros2_ws/install/px4_msgs/include/px4_msgs/px4_msgs/srv
[55.092s] -- Up-to-date: /home/maizaied03/ros2_ws/install/px4_msgs/include/px4_msgs/px4_msgs/srv/vehicle_command.h
[55.092s] -- Up-to-date: /home/maizaied03/ros2_ws/install/px4_msgs/include/px4_msgs/px4_msgs/srv/detail
[55.092s] -- Up-to-date: /home/maizaied03/ros2_ws/install/px4_msgs/include/px4_msgs/px4_msgs/srv/detail/vehicle_command__struct.h
[55.092s] -- Up-to-date: /home/maizaied03/ros2_ws/install/px4_msgs/include/px4_msgs/px4_msgs/srv/detail/vehicle_command__functions.h
[55.092s] -- Up-to-date: /home/maizaied03/ros2_ws/install/px4_msgs/include/px4_msgs/px4_msgs/srv/detail/vehicle_command__functions.c
[55.092s] -- Up-to-date: /home/maizaied03/ros2_ws/install/px4_msgs/include/px4_msgs/px4_msgs/srv/detail/vehicle_command__type_support.h
[55.092s] -- Up-to-date: /home/maizaied03/ros2_ws/install/px4_msgs/share/px4_msgs/environment/library_path.sh
[55.092s] -- Up-to-date: /home/maizaied03/ros2_ws/install/px4_msgs/share/px4_msgs/environment/library_path.dsv
[55.092s] -- Up-to-date: /home/maizaied03/ros2_ws/install/px4_msgs/lib/libpx4_msgs__rosidl_generator_c.so
[55.092s] -- Up-to-date: /home/maizaied03/ros2_ws/install/px4_msgs/include/px4_msgs/px4_msgs
[55.092s] -- Up-to-date: /home/maizaied03/ros2_ws/install/px4_msgs/include/px4_msgs/px4_msgs/msg
[55.092s] -- Up-to-date: /home/maizaied03/ros2_ws/install/px4_msgs/include/px4_msgs/px4_msgs/msg/rosidl_typesupport_fastrtps_c__visibility_control.h
[55.092s] -- Up-to-date: /home/maizaied03/ros2_ws/install/px4_msgs/include/px4_msgs/px4_msgs/msg/detail
[55.093s] -- Up-to-date: /home/maizaied03/ros2_ws/install/px4_msgs/include/px4_msgs/px4_msgs/msg/detail/estimator_status_flags__rosidl_typesupport_fastrtps_c.h
[55.093s] -- Up-to-date: /home/maizaied03/ros2_ws/install/px4_msgs/include/px4_msgs/px4_msgs/msg/detail/fixed_wing_lateral_setpoint__rosidl_typesupport_fastrtps_c.h
[55.093s] -- Up-to-date: /home/maizaied03/ros2_ws/install/px4_msgs/include/px4_msgs/px4_msgs/msg/detail/system_power__rosidl_typesupport_fastrtps_c.h
[55.093s] -- Up-to-date: /home/maizaied03/ros2_ws/install/px4_msgs/include/px4_msgs/px4_msgs/msg/detail/vehicle_torque_setpoint__rosidl_typesupport_fastrtps_c.h
[55.093s] -- Up-to-date: /home/maizaied03/ros2_ws/install/px4_msgs/include/px4_msgs/px4_msgs/msg/detail/esc_report__rosidl_typesupport_fastrtps_c.h
[55.093s] -- Up-to-date: /home/maizaied03/ros2_ws/install/px4_msgs/include/px4_msgs/px4_msgs/msg/detail/vehicle_angular_velocity__rosidl_typesupport_fastrtps_c.h
[55.093s] -- Up-to-date: /home/maizaied03/ros2_ws/install/px4_msgs/include/px4_msgs/px4_msgs/msg/detail/parameter_update__rosidl_typesupport_fastrtps_c.h
[55.093s] -- Up-to-date: /home/maizaied03/ros2_ws/install/px4_msgs/include/px4_msgs/px4_msgs/msg/detail/parameter_set_value_request__rosidl_typesupport_fastrtps_c.h
[55.093s] -- Up-to-date: /home/maizaied03/ros2_ws/install/px4_msgs/include/px4_msgs/px4_msgs/msg/detail/qshell_req__rosidl_typesupport_fastrtps_c.h
[55.093s] -- Up-to-date: /home/maizaied03/ros2_ws/install/px4_msgs/include/px4_msgs/px4_msgs/msg/detail/actuator_servos_trim__rosidl_typesupport_fastrtps_c.h
[55.093s] -- Up-to-date: /home/maizaied03/ros2_ws/install/px4_msgs/include/px4_msgs/px4_msgs/msg/detail/vehicle_global_position__rosidl_typesupport_fastrtps_c.h
[55.093s] -- Up-to-date: /home/maizaied03/ros2_ws/install/px4_msgs/include/px4_msgs/px4_msgs/msg/detail/orb_test_large__rosidl_typesupport_fastrtps_c.h
[55.093s] -- Up-to-date: /home/maizaied03/ros2_ws/install/px4_msgs/include/px4_msgs/px4_msgs/msg/detail/gimbal_device_attitude_status__rosidl_typesupport_fastrtps_c.h
[55.093s] -- Up-to-date: /home/maizaied03/ros2_ws/install/px4_msgs/include/px4_msgs/px4_msgs/msg/detail/tune_control__rosidl_typesupport_fastrtps_c.h
[55.093s] -- Up-to-date: /home/maizaied03/ros2_ws/install/px4_msgs/include/px4_msgs/px4_msgs/msg/detail/open_drone_id_self_id__rosidl_typesupport_fastrtps_c.h
[55.093s] -- Up-to-date: /home/maizaied03/ros2_ws/install/px4_msgs/include/px4_msgs/px4_msgs/msg/detail/manual_control_setpoint__rosidl_typesupport_fastrtps_c.h
[55.093s] -- Up-to-date: /home/maizaied03/ros2_ws/install/px4_msgs/include/px4_msgs/px4_msgs/msg/detail/mode_completed__rosidl_typesupport_fastrtps_c.h
[55.093s] -- Up-to-date: /home/maizaied03/ros2_ws/install/px4_msgs/include/px4_msgs/px4_msgs/msg/detail/sensor_accel_fifo__rosidl_typesupport_fastrtps_c.h
[55.093s] -- Up-to-date: /home/maizaied03/ros2_ws/install/px4_msgs/include/px4_msgs/px4_msgs/msg/detail/action_request__rosidl_typesupport_fastrtps_c.h
[55.093s] -- Up-to-date: /home/maizaied03/ros2_ws/install/px4_msgs/include/px4_msgs/px4_msgs/msg/detail/rover_throttle_setpoint__rosidl_typesupport_fastrtps_c.h
[55.093s] -- Up-to-date: /home/maizaied03/ros2_ws/install/px4_msgs/include/px4_msgs/px4_msgs/msg/detail/vehicle_air_data__rosidl_typesupport_fastrtps_c.h
[55.093s] -- Up-to-date: /home/maizaied03/ros2_ws/install/px4_msgs/include/px4_msgs/px4_msgs/msg/detail/sensor_gnss_relative__rosidl_typesupport_fastrtps_c.h
[55.094s] -- Up-to-date: /home/maizaied03/ros2_ws/install/px4_msgs/include/px4_msgs/px4_msgs/msg/detail/vehicle_constraints__rosidl_typesupport_fastrtps_c.h
[55.094s] -- Up-to-date: /home/maizaied03/ros2_ws/install/px4_msgs/include/px4_msgs/px4_msgs/msg/detail/dataman_response__rosidl_typesupport_fastrtps_c.h
[55.094s] -- Up-to-date: /home/maizaied03/ros2_ws/install/px4_msgs/include/px4_msgs/px4_msgs/msg/detail/manual_control_switches__rosidl_typesupport_fastrtps_c.h
[55.094s] -- Up-to-date: /home/maizaied03/ros2_ws/install/px4_msgs/include/px4_msgs/px4_msgs/msg/detail/airspeed_wind__rosidl_typesupport_fastrtps_c.h
[55.094s] -- Up-to-date: /home/maizaied03/ros2_ws/install/px4_msgs/include/px4_msgs/px4_msgs/msg/detail/sensor_mag__rosidl_typesupport_fastrtps_c.h
[55.094s] -- Up-to-date: /home/maizaied03/ros2_ws/install/px4_msgs/include/px4_msgs/px4_msgs/msg/detail/gimbal_manager_set_attitude__rosidl_typesupport_fastrtps_c.h
[55.094s] -- Up-to-date: /home/maizaied03/ros2_ws/install/px4_msgs/include/px4_msgs/px4_msgs/msg/detail/rc_channels__rosidl_typesupport_fastrtps_c.h
[55.094s] -- Up-to-date: /home/maizaied03/ros2_ws/install/px4_msgs/include/px4_msgs/px4_msgs/msg/detail/vehicle_local_position_setpoint__rosidl_typesupport_fastrtps_c.h
[55.094s] -- Up-to-date: /home/maizaied03/ros2_ws/install/px4_msgs/include/px4_msgs/px4_msgs/msg/detail/vehicle_local_position__rosidl_typesupport_fastrtps_c.h
[55.094s] -- Up-to-date: /home/maizaied03/ros2_ws/install/px4_msgs/include/px4_msgs/px4_msgs/msg/detail/gain_compression__rosidl_typesupport_fastrtps_c.h
[55.094s] -- Up-to-date: /home/maizaied03/ros2_ws/install/px4_msgs/include/px4_msgs/px4_msgs/msg/detail/wheel_encoders__rosidl_typesupport_fastrtps_c.h
[55.094s] -- Up-to-date: /home/maizaied03/ros2_ws/install/px4_msgs/include/px4_msgs/px4_msgs/msg/detail/mission_result__rosidl_typesupport_fastrtps_c.h
[55.094s] -- Up-to-date: /home/maizaied03/ros2_ws/install/px4_msgs/include/px4_msgs/px4_msgs/msg/detail/estimator_selector_status__rosidl_typesupport_fastrtps_c.h
[55.094s] -- Up-to-date: /home/maizaied03/ros2_ws/install/px4_msgs/include/px4_msgs/px4_msgs/msg/detail/sensor_temp__rosidl_typesupport_fastrtps_c.h
[55.094s] -- Up-to-date: /home/maizaied03/ros2_ws/install/px4_msgs/include/px4_msgs/px4_msgs/msg/detail/task_stack_info__rosidl_typesupport_fastrtps_c.h
[55.094s] -- Up-to-date: /home/maizaied03/ros2_ws/install/px4_msgs/include/px4_msgs/px4_msgs/msg/detail/navigator_status__rosidl_typesupport_fastrtps_c.h
[55.094s] -- Up-to-date: /home/maizaied03/ros2_ws/install/px4_msgs/include/px4_msgs/px4_msgs/msg/detail/generator_status__rosidl_typesupport_fastrtps_c.h
[55.094s] -- Up-to-date: /home/maizaied03/ros2_ws/install/px4_msgs/include/px4_msgs/px4_msgs/msg/detail/neural_control__rosidl_typesupport_fastrtps_c.h
[55.095s] -- Up-to-date: /home/maizaied03/ros2_ws/install/px4_msgs/include/px4_msgs/px4_msgs/msg/detail/button_event__rosidl_typesupport_fastrtps_c.h
[55.095s] -- Up-to-date: /home/maizaied03/ros2_ws/install/px4_msgs/include/px4_msgs/px4_msgs/msg/detail/mag_worker_data__rosidl_typesupport_fastrtps_c.h
[55.095s] -- Up-to-date: /home/maizaied03/ros2_ws/install/px4_msgs/include/px4_msgs/px4_msgs/msg/detail/pps_capture__rosidl_typesupport_fastrtps_c.h
[55.095s] -- Up-to-date: /home/maizaied03/ros2_ws/install/px4_msgs/include/px4_msgs/px4_msgs/msg/detail/uavcan_parameter_request__rosidl_typesupport_fastrtps_c.h
[55.095s] -- Up-to-date: /home/maizaied03/ros2_ws/install/px4_msgs/include/px4_msgs/px4_msgs/msg/detail/sensor_optical_flow__rosidl_typesupport_fastrtps_c.h
[55.095s] -- Up-to-date: /home/maizaied03/ros2_ws/install/px4_msgs/include/px4_msgs/px4_msgs/msg/detail/landing_gear_wheel__rosidl_typesupport_fastrtps_c.h
[55.095s] -- Up-to-date: /home/maizaied03/ros2_ws/install/px4_msgs/include/px4_msgs/px4_msgs/msg/detail/unregister_ext_component__rosidl_typesupport_fastrtps_c.h
[55.095s] -- Up-to-date: /home/maizaied03/ros2_ws/install/px4_msgs/include/px4_msgs/px4_msgs/msg/detail/iridiumsbd_status__rosidl_typesupport_fastrtps_c.h
[55.095s] -- Up-to-date: /home/maizaied03/ros2_ws/install/px4_msgs/include/px4_msgs/px4_msgs/msg/detail/collision_constraints__rosidl_typesupport_fastrtps_c.h
[55.095s] -- Up-to-date: /home/maizaied03/ros2_ws/install/px4_msgs/include/px4_msgs/px4_msgs/msg/detail/estimator_event_flags__rosidl_typesupport_fastrtps_c.h
[55.095s] -- Up-to-date: /home/maizaied03/ros2_ws/install/px4_msgs/include/px4_msgs/px4_msgs/msg/detail/vehicle_acceleration__rosidl_typesupport_fastrtps_c.h
[55.095s] -- Up-to-date: /home/maizaied03/ros2_ws/install/px4_msgs/include/px4_msgs/px4_msgs/msg/detail/rover_speed_setpoint__rosidl_typesupport_fastrtps_c.h
[55.095s] -- Up-to-date: /home/maizaied03/ros2_ws/install/px4_msgs/include/px4_msgs/px4_msgs/msg/detail/rover_attitude_status__rosidl_typesupport_fastrtps_c.h
[55.095s] -- Up-to-date: /home/maizaied03/ros2_ws/install/px4_msgs/include/px4_msgs/px4_msgs/msg/detail/parameter_reset_request__rosidl_typesupport_fastrtps_c.h
[55.095s] -- Up-to-date: /home/maizaied03/ros2_ws/install/px4_msgs/include/px4_msgs/px4_msgs/msg/detail/rpm__rosidl_typesupport_fastrtps_c.h
[55.095s] -- Up-to-date: /home/maizaied03/ros2_ws/install/px4_msgs/include/px4_msgs/px4_msgs/msg/detail/rover_rate_status__rosidl_typesupport_fastrtps_c.h
[55.095s] -- Up-to-date: /home/maizaied03/ros2_ws/install/px4_msgs/include/px4_msgs/px4_msgs/msg/detail/ekf2_timestamps__rosidl_typesupport_fastrtps_c.h
[55.095s] -- Up-to-date: /home/maizaied03/ros2_ws/install/px4_msgs/include/px4_msgs/px4_msgs/msg/detail/position_controller_landing_status__rosidl_typesupport_fastrtps_c.h
[55.095s] -- Up-to-date: /home/maizaied03/ros2_ws/install/px4_msgs/include/px4_msgs/px4_msgs/msg/detail/message_format_response__rosidl_typesupport_fastrtps_c.h
[55.095s] -- Up-to-date: /home/maizaied03/ros2_ws/install/px4_msgs/include/px4_msgs/px4_msgs/msg/detail/satellite_info__rosidl_typesupport_fastrtps_c.h
[55.095s] -- Up-to-date: /home/maizaied03/ros2_ws/install/px4_msgs/include/px4_msgs/px4_msgs/msg/detail/sensor_uwb__rosidl_typesupport_fastrtps_c.h
[55.095s] -- Up-to-date: /home/maizaied03/ros2_ws/install/px4_msgs/include/px4_msgs/px4_msgs/msg/detail/trajectory_setpoint6dof__rosidl_typesupport_fastrtps_c.h
[55.096s] -- Up-to-date: /home/maizaied03/ros2_ws/install/px4_msgs/include/px4_msgs/px4_msgs/msg/detail/geofence_result__rosidl_typesupport_fastrtps_c.h
[55.096s] -- Up-to-date: /home/maizaied03/ros2_ws/install/px4_msgs/include/px4_msgs/px4_msgs/msg/detail/estimator_bias__rosidl_typesupport_fastrtps_c.h
[55.096s] -- Up-to-date: /home/maizaied03/ros2_ws/install/px4_msgs/include/px4_msgs/px4_msgs/msg/detail/actuator_test__rosidl_typesupport_fastrtps_c.h
[55.096s] -- Up-to-date: /home/maizaied03/ros2_ws/install/px4_msgs/include/px4_msgs/px4_msgs/msg/detail/orb_test__rosidl_typesupport_fastrtps_c.h
[55.096s] -- Up-to-date: /home/maizaied03/ros2_ws/install/px4_msgs/include/px4_msgs/px4_msgs/msg/detail/autotune_attitude_control_status__rosidl_typesupport_fastrtps_c.h
[55.096s] -- Up-to-date: /home/maizaied03/ros2_ws/install/px4_msgs/include/px4_msgs/px4_msgs/msg/detail/offboard_control_mode__rosidl_typesupport_fastrtps_c.h
[55.096s] -- Up-to-date: /home/maizaied03/ros2_ws/install/px4_msgs/include/px4_msgs/px4_msgs/msg/detail/rtl_time_estimate__rosidl_typesupport_fastrtps_c.h
[55.096s] -- Up-to-date: /home/maizaied03/ros2_ws/install/px4_msgs/include/px4_msgs/px4_msgs/msg/detail/sensor_gnss_status__rosidl_typesupport_fastrtps_c.h
[55.096s] -- Up-to-date: /home/maizaied03/ros2_ws/install/px4_msgs/include/px4_msgs/px4_msgs/msg/detail/actuator_motors__rosidl_typesupport_fastrtps_c.h
[55.096s] -- Up-to-date: /home/maizaied03/ros2_ws/install/px4_msgs/include/px4_msgs/px4_msgs/msg/detail/log_message__rosidl_typesupport_fastrtps_c.h
[55.096s] -- Up-to-date: /home/maizaied03/ros2_ws/install/px4_msgs/include/px4_msgs/px4_msgs/msg/detail/timesync_status__rosidl_typesupport_fastrtps_c.h
[55.096s] -- Up-to-date: /home/maizaied03/ros2_ws/install/px4_msgs/include/px4_msgs/px4_msgs/msg/detail/gimbal_controls__rosidl_typesupport_fastrtps_c.h
[55.096s] -- Up-to-date: /home/maizaied03/ros2_ws/install/px4_msgs/include/px4_msgs/px4_msgs/msg/detail/input_rc__rosidl_typesupport_fastrtps_c.h
[55.096s] -- Up-to-date: /home/maizaied03/ros2_ws/install/px4_msgs/include/px4_msgs/px4_msgs/msg/detail/heater_status__rosidl_typesupport_fastrtps_c.h
[55.096s] -- Up-to-date: /home/maizaied03/ros2_ws/install/px4_msgs/include/px4_msgs/px4_msgs/msg/detail/mavlink_log__rosidl_typesupport_fastrtps_c.h
[55.096s] -- Up-to-date: /home/maizaied03/ros2_ws/install/px4_msgs/include/px4_msgs/px4_msgs/msg/detail/sensor_correction__rosidl_typesupport_fastrtps_c.h
[55.096s] -- Up-to-date: /home/maizaied03/ros2_ws/install/px4_msgs/include/px4_msgs/px4_msgs/msg/detail/estimator_states__rosidl_typesupport_fastrtps_c.h
[55.096s] -- Up-to-date: /home/maizaied03/ros2_ws/install/px4_msgs/include/px4_msgs/px4_msgs/msg/detail/vehicle_thrust_setpoint__rosidl_typesupport_fastrtps_c.h
[55.096s] -- Up-to-date: /home/maizaied03/ros2_ws/install/px4_msgs/include/px4_msgs/px4_msgs/msg/detail/camera_trigger__rosidl_typesupport_fastrtps_c.h
[55.096s] -- Up-to-date: /home/maizaied03/ros2_ws/install/px4_msgs/include/px4_msgs/px4_msgs/msg/detail/radio_status__rosidl_typesupport_fastrtps_c.h
[55.096s] -- Up-to-date: /home/maizaied03/ros2_ws/install/px4_msgs/include/px4_msgs/px4_msgs/msg/detail/gimbal_manager_set_manual_control__rosidl_typesupport_fastrtps_c.h
[55.096s] -- Up-to-date: /home/maizaied03/ros2_ws/install/px4_msgs/include/px4_msgs/px4_msgs/msg/detail/sensor_baro__rosidl_typesupport_fastrtps_c.h
[55.096s] -- Up-to-date: /home/maizaied03/ros2_ws/install/px4_msgs/include/px4_msgs/px4_msgs/msg/detail/open_drone_id_system__rosidl_typesupport_fastrtps_c.h
[55.096s] -- Up-to-date: /home/maizaied03/ros2_ws/install/px4_msgs/include/px4_msgs/px4_msgs/msg/detail/sensor_accel__rosidl_typesupport_fastrtps_c.h
[55.097s] -- Up-to-date: /home/maizaied03/ros2_ws/install/px4_msgs/include/px4_msgs/px4_msgs/msg/detail/gpio_in__rosidl_typesupport_fastrtps_c.h
[55.097s] -- Up-to-date: /home/maizaied03/ros2_ws/install/px4_msgs/include/px4_msgs/px4_msgs/msg/detail/arming_check_reply__rosidl_typesupport_fastrtps_c.h
[55.097s] -- Up-to-date: /home/maizaied03/ros2_ws/install/px4_msgs/include/px4_msgs/px4_msgs/msg/detail/uavcan_parameter_value__rosidl_typesupport_fastrtps_c.h
[55.097s] -- Up-to-date: /home/maizaied03/ros2_ws/install/px4_msgs/include/px4_msgs/px4_msgs/msg/detail/raptor_input__rosidl_typesupport_fastrtps_c.h
[55.097s] -- Up-to-date: /home/maizaied03/ros2_ws/install/px4_msgs/include/px4_msgs/px4_msgs/msg/detail/tiltrotor_extra_controls__rosidl_typesupport_fastrtps_c.h
[55.097s] -- Up-to-date: /home/maizaied03/ros2_ws/install/px4_msgs/include/px4_msgs/px4_msgs/msg/detail/failsafe_flags__rosidl_typesupport_fastrtps_c.h
[55.097s] -- Up-to-date: /home/maizaied03/ros2_ws/install/px4_msgs/include/px4_msgs/px4_msgs/msg/detail/position_controller_status__rosidl_typesupport_fastrtps_c.h
[55.097s] -- Up-to-date: /home/maizaied03/ros2_ws/install/px4_msgs/include/px4_msgs/px4_msgs/msg/detail/battery_status__rosidl_typesupport_fastrtps_c.h
[55.097s] -- Up-to-date: /home/maizaied03/ros2_ws/install/px4_msgs/include/px4_msgs/px4_msgs/msg/detail/vehicle_optical_flow_vel__rosidl_typesupport_fastrtps_c.h
[55.097s] -- Up-to-date: /home/maizaied03/ros2_ws/install/px4_msgs/include/px4_msgs/px4_msgs/msg/detail/sensor_gyro_fifo__rosidl_typesupport_fastrtps_c.h
[55.097s] -- Up-to-date: /home/maizaied03/ros2_ws/install/px4_msgs/include/px4_msgs/px4_msgs/msg/detail/airspeed_validated__rosidl_typesupport_fastrtps_c.h
[55.097s] -- Up-to-date: /home/maizaied03/ros2_ws/install/px4_msgs/include/px4_msgs/px4_msgs/msg/detail/goto_setpoint__rosidl_typesupport_fastrtps_c.h
[55.097s] -- Up-to-date: /home/maizaied03/ros2_ws/install/px4_msgs/include/px4_msgs/px4_msgs/msg/detail/vtx__rosidl_typesupport_fastrtps_c.h
[55.097s] -- Up-to-date: /home/maizaied03/ros2_ws/install/px4_msgs/include/px4_msgs/px4_msgs/msg/detail/rover_rate_setpoint__rosidl_typesupport_fastrtps_c.h
[55.097s] -- Up-to-date: /home/maizaied03/ros2_ws/install/px4_msgs/include/px4_msgs/px4_msgs/msg/detail/mount_orientation__rosidl_typesupport_fastrtps_c.h
[55.097s] -- Up-to-date: /home/maizaied03/ros2_ws/install/px4_msgs/include/px4_msgs/px4_msgs/msg/detail/mavlink_tunnel__rosidl_typesupport_fastrtps_c.h
[55.097s] -- Up-to-date: /home/maizaied03/ros2_ws/install/px4_msgs/include/px4_msgs/px4_msgs/msg/detail/lateral_control_configuration__rosidl_typesupport_fastrtps_c.h
[55.097s] -- Up-to-date: /home/maizaied03/ros2_ws/install/px4_msgs/include/px4_msgs/px4_msgs/msg/detail/debug_value__rosidl_typesupport_fastrtps_c.h
[55.097s] -- Up-to-date: /home/maizaied03/ros2_ws/install/px4_msgs/include/px4_msgs/px4_msgs/msg/detail/gps_inject_data__rosidl_typesupport_fastrtps_c.h
[55.097s] -- Up-to-date: /home/maizaied03/ros2_ws/install/px4_msgs/include/px4_msgs/px4_msgs/msg/detail/transponder_report__rosidl_typesupport_fastrtps_c.h
[55.097s] -- Up-to-date: /home/maizaied03/ros2_ws/install/px4_msgs/include/px4_msgs/px4_msgs/msg/detail/estimator_sensor_bias__rosidl_typesupport_fastrtps_c.h
[55.097s] -- Up-to-date: /home/maizaied03/ros2_ws/install/px4_msgs/include/px4_msgs/px4_msgs/msg/detail/actuator_controls_status__rosidl_typesupport_fastrtps_c.h
[55.097s] -- Up-to-date: /home/maizaied03/ros2_ws/install/px4_msgs/include/px4_msgs/px4_msgs/msg/detail/battery_info__rosidl_typesupport_fastrtps_c.h
[55.097s] -- Up-to-date: /home/maizaied03/ros2_ws/install/px4_msgs/include/px4_msgs/px4_msgs/msg/detail/parameter_set_value_response__rosidl_typesupport_fastrtps_c.h
[55.097s] -- Up-to-date: /home/maizaied03/ros2_ws/install/px4_msgs/include/px4_msgs/px4_msgs/msg/detail/vehicle_odometry__rosidl_typesupport_fastrtps_c.h
[55.097s] -- Up-to-date: /home/maizaied03/ros2_ws/install/px4_msgs/include/px4_msgs/px4_msgs/msg/detail/estimator_aid_source3d__rosidl_typesupport_fastrtps_c.h
[55.097s] -- Up-to-date: /home/maizaied03/ros2_ws/install/px4_msgs/include/px4_msgs/px4_msgs/msg/detail/config_overrides__rosidl_typesupport_fastrtps_c.h
[55.098s] -- Up-to-date: /home/maizaied03/ros2_ws/install/px4_msgs/include/px4_msgs/px4_msgs/msg/detail/cellular_status__rosidl_typesupport_fastrtps_c.h
[55.098s] -- Up-to-date: /home/maizaied03/ros2_ws/install/px4_msgs/include/px4_msgs/px4_msgs/msg/detail/velocity_limits__rosidl_typesupport_fastrtps_c.h
[55.098s] -- Up-to-date: /home/maizaied03/ros2_ws/install/px4_msgs/include/px4_msgs/px4_msgs/msg/detail/esc_status__rosidl_typesupport_fastrtps_c.h
[55.098s] -- Up-to-date: /home/maizaied03/ros2_ws/install/px4_msgs/include/px4_msgs/px4_msgs/msg/detail/failure_detector_status__rosidl_typesupport_fastrtps_c.h
[55.098s] -- Up-to-date: /home/maizaied03/ros2_ws/install/px4_msgs/include/px4_msgs/px4_msgs/msg/detail/sensor_gps__rosidl_typesupport_fastrtps_c.h
[55.098s] -- Up-to-date: /home/maizaied03/ros2_ws/install/px4_msgs/include/px4_msgs/px4_msgs/msg/detail/tecs_status__rosidl_typesupport_fastrtps_c.h
[55.098s] -- Up-to-date: /home/maizaied03/ros2_ws/install/px4_msgs/include/px4_msgs/px4_msgs/msg/detail/magnetometer_bias_estimate__rosidl_typesupport_fastrtps_c.h
[55.098s] -- Up-to-date: /home/maizaied03/ros2_ws/install/px4_msgs/include/px4_msgs/px4_msgs/msg/detail/sensor_combined__rosidl_typesupport_fastrtps_c.h
[55.098s] -- Up-to-date: /home/maizaied03/ros2_ws/install/px4_msgs/include/px4_msgs/px4_msgs/msg/detail/debug_key_value__rosidl_typesupport_fastrtps_c.h
[55.098s] -- Up-to-date: /home/maizaied03/ros2_ws/install/px4_msgs/include/px4_msgs/px4_msgs/msg/detail/navigator_mission_item__rosidl_typesupport_fastrtps_c.h
[55.098s] -- Up-to-date: /home/maizaied03/ros2_ws/install/px4_msgs/include/px4_msgs/px4_msgs/msg/detail/takeoff_status__rosidl_typesupport_fastrtps_c.h
[55.098s] -- Up-to-date: /home/maizaied03/ros2_ws/install/px4_msgs/include/px4_msgs/px4_msgs/msg/detail/sensor_gyro_fft__rosidl_typesupport_fastrtps_c.h
[55.098s] -- Up-to-date: /home/maizaied03/ros2_ws/install/px4_msgs/include/px4_msgs/px4_msgs/msg/detail/logger_status__rosidl_typesupport_fastrtps_c.h
[55.098s] -- Up-to-date: /home/maizaied03/ros2_ws/install/px4_msgs/include/px4_msgs/px4_msgs/msg/detail/vehicle_angular_acceleration_setpoint__rosidl_typesupport_fastrtps_c.h
[55.098s] -- Up-to-date: /home/maizaied03/ros2_ws/install/px4_msgs/include/px4_msgs/px4_msgs/msg/detail/distance_sensor__rosidl_typesupport_fastrtps_c.h
[55.098s] -- Up-to-date: /home/maizaied03/ros2_ws/install/px4_msgs/include/px4_msgs/px4_msgs/msg/detail/fixed_wing_longitudinal_setpoint__rosidl_typesupport_fastrtps_c.h
[55.098s] -- Up-to-date: /home/maizaied03/ros2_ws/install/px4_msgs/include/px4_msgs/px4_msgs/msg/detail/fixed_wing_runway_control__rosidl_typesupport_fastrtps_c.h
[55.098s] -- Up-to-date: /home/maizaied03/ros2_ws/install/px4_msgs/include/px4_msgs/px4_msgs/msg/detail/position_setpoint_triplet__rosidl_typesupport_fastrtps_c.h
[55.098s] -- Up-to-date: /home/maizaied03/ros2_ws/install/px4_msgs/include/px4_msgs/px4_msgs/msg/detail/estimator_gps_status__rosidl_typesupport_fastrtps_c.h
[55.098s] -- Up-to-date: /home/maizaied03/ros2_ws/install/px4_msgs/include/px4_msgs/px4_msgs/msg/detail/estimator_bias3d__rosidl_typesupport_fastrtps_c.h
[55.098s] -- Up-to-date: /home/maizaied03/ros2_ws/install/px4_msgs/include/px4_msgs/px4_msgs/msg/detail/vehicle_status__rosidl_typesupport_fastrtps_c.h
[55.098s] -- Up-to-date: /home/maizaied03/ros2_ws/install/px4_msgs/include/px4_msgs/px4_msgs/msg/detail/longitudinal_control_configuration__rosidl_typesupport_fastrtps_c.h
[55.098s] -- Up-to-date: /home/maizaied03/ros2_ws/install/px4_msgs/include/px4_msgs/px4_msgs/msg/detail/orb_test_medium__rosidl_typesupport_fastrtps_c.h
[55.098s] -- Up-to-date: /home/maizaied03/ros2_ws/install/px4_msgs/include/px4_msgs/px4_msgs/msg/detail/sensor_hygrometer__rosidl_typesupport_fastrtps_c.h
[55.098s] -- Up-to-date: /home/maizaied03/ros2_ws/install/px4_msgs/include/px4_msgs/px4_msgs/msg/detail/estimator_innovations__rosidl_typesupport_fastrtps_c.h
[55.098s] -- Up-to-date: /home/maizaied03/ros2_ws/install/px4_msgs/include/px4_msgs/px4_msgs/msg/detail/event__rosidl_typesupport_fastrtps_c.h
[55.098s] -- Up-to-date: /home/maizaied03/ros2_ws/install/px4_msgs/include/px4_msgs/px4_msgs/msg/detail/dronecan_node_status__rosidl_typesupport_fastrtps_c.h
[55.099s] -- Up-to-date: /home/maizaied03/ros2_ws/install/px4_msgs/include/px4_msgs/px4_msgs/msg/detail/follow_target_status__rosidl_typesupport_fastrtps_c.h
[55.099s] -- Up-to-date: /home/maizaied03/ros2_ws/install/px4_msgs/include/px4_msgs/px4_msgs/msg/detail/vehicle_command_ack__rosidl_typesupport_fastrtps_c.h
[55.099s] -- Up-to-date: /home/maizaied03/ros2_ws/install/px4_msgs/include/px4_msgs/px4_msgs/msg/detail/register_ext_component_request__rosidl_typesupport_fastrtps_c.h
[55.099s] -- Up-to-date: /home/maizaied03/ros2_ws/install/px4_msgs/include/px4_msgs/px4_msgs/msg/detail/differential_pressure__rosidl_typesupport_fastrtps_c.h
[55.099s] -- Up-to-date: /home/maizaied03/ros2_ws/install/px4_msgs/include/px4_msgs/px4_msgs/msg/detail/camera_status__rosidl_typesupport_fastrtps_c.h
[55.099s] -- Up-to-date: /home/maizaied03/ros2_ws/install/px4_msgs/include/px4_msgs/px4_msgs/msg/detail/vehicle_roi__rosidl_typesupport_fastrtps_c.h
[55.099s] -- Up-to-date: /home/maizaied03/ros2_ws/install/px4_msgs/include/px4_msgs/px4_msgs/msg/detail/follow_target_estimator__rosidl_typesupport_fastrtps_c.h
[55.099s] -- Up-to-date: /home/maizaied03/ros2_ws/install/px4_msgs/include/px4_msgs/px4_msgs/msg/detail/sensors_status__rosidl_typesupport_fastrtps_c.h
[55.099s] -- Up-to-date: /home/maizaied03/ros2_ws/install/px4_msgs/include/px4_msgs/px4_msgs/msg/detail/vehicle_control_mode__rosidl_typesupport_fastrtps_c.h
[55.099s] -- Up-to-date: /home/maizaied03/ros2_ws/install/px4_msgs/include/px4_msgs/px4_msgs/msg/detail/vtol_vehicle_status__rosidl_typesupport_fastrtps_c.h
[55.099s] -- Up-to-date: /home/maizaied03/ros2_ws/install/px4_msgs/include/px4_msgs/px4_msgs/msg/detail/actuator_outputs__rosidl_typesupport_fastrtps_c.h
[55.099s] -- Up-to-date: /home/maizaied03/ros2_ws/install/px4_msgs/include/px4_msgs/px4_msgs/msg/detail/gpio_config__rosidl_typesupport_fastrtps_c.h
[55.099s] -- Up-to-date: /home/maizaied03/ros2_ws/install/px4_msgs/include/px4_msgs/px4_msgs/msg/detail/trajectory_setpoint__rosidl_typesupport_fastrtps_c.h
[55.099s] -- Up-to-date: /home/maizaied03/ros2_ws/install/px4_msgs/include/px4_msgs/px4_msgs/msg/detail/vehicle_attitude_setpoint__rosidl_typesupport_fastrtps_c.h
[55.099s] -- Up-to-date: /home/maizaied03/ros2_ws/install/px4_msgs/include/px4_msgs/px4_msgs/msg/detail/internal_combustion_engine_control__rosidl_typesupport_fastrtps_c.h
[55.099s] -- Up-to-date: /home/maizaied03/ros2_ws/install/px4_msgs/include/px4_msgs/px4_msgs/msg/detail/dataman_request__rosidl_typesupport_fastrtps_c.h
[55.099s] -- Up-to-date: /home/maizaied03/ros2_ws/install/px4_msgs/include/px4_msgs/px4_msgs/msg/detail/register_ext_component_reply__rosidl_typesupport_fastrtps_c.h
[55.099s] -- Up-to-date: /home/maizaied03/ros2_ws/install/px4_msgs/include/px4_msgs/px4_msgs/msg/detail/device_information__rosidl_typesupport_fastrtps_c.h
[55.099s] -- Up-to-date: /home/maizaied03/ros2_ws/install/px4_msgs/include/px4_msgs/px4_msgs/msg/detail/geofence_status__rosidl_typesupport_fastrtps_c.h
[55.099s] -- Up-to-date: /home/maizaied03/ros2_ws/install/px4_msgs/include/px4_msgs/px4_msgs/msg/detail/mission__rosidl_typesupport_fastrtps_c.h
[55.099s] -- Up-to-date: /home/maizaied03/ros2_ws/install/px4_msgs/include/px4_msgs/px4_msgs/msg/detail/ping__rosidl_typesupport_fastrtps_c.h
[55.099s] -- Up-to-date: /home/maizaied03/ros2_ws/install/px4_msgs/include/px4_msgs/px4_msgs/msg/detail/actuator_servos__rosidl_typesupport_fastrtps_c.h
[55.099s] -- Up-to-date: /home/maizaied03/ros2_ws/install/px4_msgs/include/px4_msgs/px4_msgs/msg/detail/gpio_out__rosidl_typesupport_fastrtps_c.h
[55.099s] -- Up-to-date: /home/maizaied03/ros2_ws/install/px4_msgs/include/px4_msgs/px4_msgs/msg/detail/rover_position_setpoint__rosidl_typesupport_fastrtps_c.h
[55.099s] -- Up-to-date: /home/maizaied03/ros2_ws/install/px4_msgs/include/px4_msgs/px4_msgs/msg/detail/power_monitor__rosidl_typesupport_fastrtps_c.h
[55.100s] -- Up-to-date: /home/maizaied03/ros2_ws/install/px4_msgs/include/px4_msgs/px4_msgs/msg/detail/raptor_status__rosidl_typesupport_fastrtps_c.h
[55.100s] -- Up-to-date: /home/maizaied03/ros2_ws/install/px4_msgs/include/px4_msgs/px4_msgs/msg/detail/vehicle_magnetometer__rosidl_typesupport_fastrtps_c.h
[55.100s] -- Up-to-date: /home/maizaied03/ros2_ws/install/px4_msgs/include/px4_msgs/px4_msgs/msg/detail/launch_detection_status__rosidl_typesupport_fastrtps_c.h
[55.100s] -- Up-to-date: /home/maizaied03/ros2_ws/install/px4_msgs/include/px4_msgs/px4_msgs/msg/detail/figure_eight_status__rosidl_typesupport_fastrtps_c.h
[55.100s] -- Up-to-date: /home/maizaied03/ros2_ws/install/px4_msgs/include/px4_msgs/px4_msgs/msg/detail/vehicle_land_detected__rosidl_typesupport_fastrtps_c.h
[55.100s] -- Up-to-date: /home/maizaied03/ros2_ws/install/px4_msgs/include/px4_msgs/px4_msgs/msg/detail/ulog_stream__rosidl_typesupport_fastrtps_c.h
[55.100s] -- Up-to-date: /home/maizaied03/ros2_ws/install/px4_msgs/include/px4_msgs/px4_msgs/msg/detail/internal_combustion_engine_status__rosidl_typesupport_fastrtps_c.h
[55.100s] -- Up-to-date: /home/maizaied03/ros2_ws/install/px4_msgs/include/px4_msgs/px4_msgs/msg/detail/open_drone_id_arm_status__rosidl_typesupport_fastrtps_c.h
[55.100s] -- Up-to-date: /home/maizaied03/ros2_ws/install/px4_msgs/include/px4_msgs/px4_msgs/msg/detail/gimbal_device_information__rosidl_typesupport_fastrtps_c.h
[55.100s] -- Up-to-date: /home/maizaied03/ros2_ws/install/px4_msgs/include/px4_msgs/px4_msgs/msg/detail/sensor_selection__rosidl_typesupport_fastrtps_c.h
[55.100s] -- Up-to-date: /home/maizaied03/ros2_ws/install/px4_msgs/include/px4_msgs/px4_msgs/msg/detail/gpio_request__rosidl_typesupport_fastrtps_c.h
[55.100s] -- Up-to-date: /home/maizaied03/ros2_ws/install/px4_msgs/include/px4_msgs/px4_msgs/msg/detail/onboard_computer_status__rosidl_typesupport_fastrtps_c.h
[55.100s] -- Up-to-date: /home/maizaied03/ros2_ws/install/px4_msgs/include/px4_msgs/px4_msgs/msg/detail/gimbal_manager_status__rosidl_typesupport_fastrtps_c.h
[55.100s] -- Up-to-date: /home/maizaied03/ros2_ws/install/px4_msgs/include/px4_msgs/px4_msgs/msg/detail/px4io_status__rosidl_typesupport_fastrtps_c.h
[55.100s] -- Up-to-date: /home/maizaied03/ros2_ws/install/px4_msgs/include/px4_msgs/px4_msgs/msg/detail/camera_capture__rosidl_typesupport_fastrtps_c.h
[55.100s] -- Up-to-date: /home/maizaied03/ros2_ws/install/px4_msgs/include/px4_msgs/px4_msgs/msg/detail/distance_sensor_mode_change_request__rosidl_typesupport_fastrtps_c.h
[55.100s] -- Up-to-date: /home/maizaied03/ros2_ws/install/px4_msgs/include/px4_msgs/px4_msgs/msg/detail/sensor_airflow__rosidl_typesupport_fastrtps_c.h
[55.100s] -- Up-to-date: /home/maizaied03/ros2_ws/install/px4_msgs/include/px4_msgs/px4_msgs/msg/detail/control_allocator_status__rosidl_typesupport_fastrtps_c.h
[55.100s] -- Up-to-date: /home/maizaied03/ros2_ws/install/px4_msgs/include/px4_msgs/px4_msgs/msg/detail/pwm_input__rosidl_typesupport_fastrtps_c.h
[55.100s] -- Up-to-date: /home/maizaied03/ros2_ws/install/px4_msgs/include/px4_msgs/px4_msgs/msg/detail/fixed_wing_lateral_guidance_status__rosidl_typesupport_fastrtps_c.h
[55.100s] -- Up-to-date: /home/maizaied03/ros2_ws/install/px4_msgs/include/px4_msgs/px4_msgs/msg/detail/rate_ctrl_status__rosidl_typesupport_fastrtps_c.h
[55.100s] -- Up-to-date: /home/maizaied03/ros2_ws/install/px4_msgs/include/px4_msgs/px4_msgs/msg/detail/pure_pursuit_status__rosidl_typesupport_fastrtps_c.h
[55.100s] -- Up-to-date: /home/maizaied03/ros2_ws/install/px4_msgs/include/px4_msgs/px4_msgs/msg/detail/message_format_request__rosidl_typesupport_fastrtps_c.h
[55.100s] -- Up-to-date: /home/maizaied03/ros2_ws/install/px4_msgs/include/px4_msgs/px4_msgs/msg/detail/vehicle_rates_setpoint__rosidl_typesupport_fastrtps_c.h
[55.100s] -- Up-to-date: /home/maizaied03/ros2_ws/install/px4_msgs/include/px4_msgs/px4_msgs/msg/detail/fuel_tank_status__rosidl_typesupport_fastrtps_c.h
[55.100s] -- Up-to-date: /home/maizaied03/ros2_ws/install/px4_msgs/include/px4_msgs/px4_msgs/msg/detail/gimbal_manager_information__rosidl_typesupport_fastrtps_c.h
[55.100s] -- Up-to-date: /home/maizaied03/ros2_ws/install/px4_msgs/include/px4_msgs/px4_msgs/msg/detail/open_drone_id_operator_id__rosidl_typesupport_fastrtps_c.h
[55.101s] -- Up-to-date: /home/maizaied03/ros2_ws/install/px4_msgs/include/px4_msgs/px4_msgs/msg/detail/follow_target__rosidl_typesupport_fastrtps_c.h
[55.101s] -- Up-to-date: /home/maizaied03/ros2_ws/install/px4_msgs/include/px4_msgs/px4_msgs/msg/detail/yaw_estimator_status__rosidl_typesupport_fastrtps_c.h
[55.101s] -- Up-to-date: /home/maizaied03/ros2_ws/install/px4_msgs/include/px4_msgs/px4_msgs/msg/detail/arming_check_request__rosidl_typesupport_fastrtps_c.h
[55.101s] -- Up-to-date: /home/maizaied03/ros2_ws/install/px4_msgs/include/px4_msgs/px4_msgs/msg/detail/health_report__rosidl_typesupport_fastrtps_c.h
[55.101s] -- Up-to-date: /home/maizaied03/ros2_ws/install/px4_msgs/include/px4_msgs/px4_msgs/msg/detail/irlock_report__rosidl_typesupport_fastrtps_c.h
[55.101s] -- Up-to-date: /home/maizaied03/ros2_ws/install/px4_msgs/include/px4_msgs/px4_msgs/msg/detail/vehicle_attitude__rosidl_typesupport_fastrtps_c.h
[55.101s] -- Up-to-date: /home/maizaied03/ros2_ws/install/px4_msgs/include/px4_msgs/px4_msgs/msg/detail/debug_vect__rosidl_typesupport_fastrtps_c.h
[55.101s] -- Up-to-date: /home/maizaied03/ros2_ws/install/px4_msgs/include/px4_msgs/px4_msgs/msg/detail/telemetry_status__rosidl_typesupport_fastrtps_c.h
[55.101s] -- Up-to-date: /home/maizaied03/ros2_ws/install/px4_msgs/include/px4_msgs/px4_msgs/msg/detail/home_position__rosidl_typesupport_fastrtps_c.h
[55.101s] -- Up-to-date: /home/maizaied03/ros2_ws/install/px4_msgs/include/px4_msgs/px4_msgs/msg/detail/estimator_aid_source1d__rosidl_typesupport_fastrtps_c.h
[55.101s] -- Up-to-date: /home/maizaied03/ros2_ws/install/px4_msgs/include/px4_msgs/px4_msgs/msg/detail/vehicle_imu__rosidl_typesupport_fastrtps_c.h
[55.101s] -- Up-to-date: /home/maizaied03/ros2_ws/install/px4_msgs/include/px4_msgs/px4_msgs/msg/detail/sensors_status_imu__rosidl_typesupport_fastrtps_c.h
[55.101s] -- Up-to-date: /home/maizaied03/ros2_ws/install/px4_msgs/include/px4_msgs/px4_msgs/msg/detail/landing_gear__rosidl_typesupport_fastrtps_c.h
[55.101s] -- Up-to-date: /home/maizaied03/ros2_ws/install/px4_msgs/include/px4_msgs/px4_msgs/msg/detail/ulog_stream_ack__rosidl_typesupport_fastrtps_c.h
[55.101s] -- Up-to-date: /home/maizaied03/ros2_ws/install/px4_msgs/include/px4_msgs/px4_msgs/msg/detail/parameter_set_used_request__rosidl_typesupport_fastrtps_c.h
[55.101s] -- Up-to-date: /home/maizaied03/ros2_ws/install/px4_msgs/include/px4_msgs/px4_msgs/msg/detail/sensor_gyro__rosidl_typesupport_fastrtps_c.h
[55.101s] -- Up-to-date: /home/maizaied03/ros2_ws/install/px4_msgs/include/px4_msgs/px4_msgs/msg/detail/hover_thrust_estimate__rosidl_typesupport_fastrtps_c.h
[55.101s] -- Up-to-date: /home/maizaied03/ros2_ws/install/px4_msgs/include/px4_msgs/px4_msgs/msg/detail/power_button_state__rosidl_typesupport_fastrtps_c.h
[55.101s] -- Up-to-date: /home/maizaied03/ros2_ws/install/px4_msgs/include/px4_msgs/px4_msgs/msg/detail/normalized_unsigned_setpoint__rosidl_typesupport_fastrtps_c.h
[55.101s] -- Up-to-date: /home/maizaied03/ros2_ws/install/px4_msgs/include/px4_msgs/px4_msgs/msg/detail/landing_target_pose__rosidl_typesupport_fastrtps_c.h
[55.101s] -- Up-to-date: /home/maizaied03/ros2_ws/install/px4_msgs/include/px4_msgs/px4_msgs/msg/detail/flight_phase_estimation__rosidl_typesupport_fastrtps_c.h
[55.101s] -- Up-to-date: /home/maizaied03/ros2_ws/install/px4_msgs/include/px4_msgs/px4_msgs/msg/detail/gimbal_device_set_attitude__rosidl_typesupport_fastrtps_c.h
[55.101s] -- Up-to-date: /home/maizaied03/ros2_ws/install/px4_msgs/include/px4_msgs/px4_msgs/msg/detail/vehicle_imu_status__rosidl_typesupport_fastrtps_c.h
[55.102s] -- Up-to-date: /home/maizaied03/ros2_ws/install/px4_msgs/include/px4_msgs/px4_msgs/msg/detail/actuator_armed__rosidl_typesupport_fastrtps_c.h
[55.102s] -- Up-to-date: /home/maizaied03/ros2_ws/install/px4_msgs/include/px4_msgs/px4_msgs/msg/detail/can_interface_status__rosidl_typesupport_fastrtps_c.h
[55.102s] -- Up-to-date: /home/maizaied03/ros2_ws/install/px4_msgs/include/px4_msgs/px4_msgs/msg/detail/fixed_wing_lateral_status__rosidl_typesupport_fastrtps_c.h
[55.102s] -- Up-to-date: /home/maizaied03/ros2_ws/install/px4_msgs/include/px4_msgs/px4_msgs/msg/detail/landing_target_innovations__rosidl_typesupport_fastrtps_c.h
[55.102s] -- Up-to-date: /home/maizaied03/ros2_ws/install/px4_msgs/include/px4_msgs/px4_msgs/msg/detail/rover_steering_setpoint__rosidl_typesupport_fastrtps_c.h
[55.102s] -- Up-to-date: /home/maizaied03/ros2_ws/install/px4_msgs/include/px4_msgs/px4_msgs/msg/detail/rover_attitude_setpoint__rosidl_typesupport_fastrtps_c.h
[55.102s] -- Up-to-date: /home/maizaied03/ros2_ws/install/px4_msgs/include/px4_msgs/px4_msgs/msg/detail/obstacle_distance__rosidl_typesupport_fastrtps_c.h
[55.102s] -- Up-to-date: /home/maizaied03/ros2_ws/install/px4_msgs/include/px4_msgs/px4_msgs/msg/detail/sensor_preflight_mag__rosidl_typesupport_fastrtps_c.h
[55.102s] -- Up-to-date: /home/maizaied03/ros2_ws/install/px4_msgs/include/px4_msgs/px4_msgs/msg/detail/rc_parameter_map__rosidl_typesupport_fastrtps_c.h
[55.102s] -- Up-to-date: /home/maizaied03/ros2_ws/install/px4_msgs/include/px4_msgs/px4_msgs/msg/detail/estimator_status__rosidl_typesupport_fastrtps_c.h
[55.102s] -- Up-to-date: /home/maizaied03/ros2_ws/install/px4_msgs/include/px4_msgs/px4_msgs/msg/detail/gps_dump__rosidl_typesupport_fastrtps_c.h
[55.102s] -- Up-to-date: /home/maizaied03/ros2_ws/install/px4_msgs/include/px4_msgs/px4_msgs/msg/detail/estimator_aid_source2d__rosidl_typesupport_fastrtps_c.h
[55.102s] -- Up-to-date: /home/maizaied03/ros2_ws/install/px4_msgs/include/px4_msgs/px4_msgs/msg/detail/led_control__rosidl_typesupport_fastrtps_c.h
[55.102s] -- Up-to-date: /home/maizaied03/ros2_ws/install/px4_msgs/include/px4_msgs/px4_msgs/msg/detail/debug_array__rosidl_typesupport_fastrtps_c.h
[55.102s] -- Up-to-date: /home/maizaied03/ros2_ws/install/px4_msgs/include/px4_msgs/px4_msgs/msg/detail/rover_speed_status__rosidl_typesupport_fastrtps_c.h
[55.102s] -- Up-to-date: /home/maizaied03/ros2_ws/install/px4_msgs/include/px4_msgs/px4_msgs/msg/detail/position_setpoint__rosidl_typesupport_fastrtps_c.h
[55.102s] -- Up-to-date: /home/maizaied03/ros2_ws/install/px4_msgs/include/px4_msgs/px4_msgs/msg/detail/vehicle_command__rosidl_typesupport_fastrtps_c.h
[55.102s] -- Up-to-date: /home/maizaied03/ros2_ws/install/px4_msgs/include/px4_msgs/px4_msgs/msg/detail/orbit_status__rosidl_typesupport_fastrtps_c.h
[55.102s] -- Up-to-date: /home/maizaied03/ros2_ws/install/px4_msgs/include/px4_msgs/px4_msgs/msg/detail/vehicle_optical_flow__rosidl_typesupport_fastrtps_c.h
[55.102s] -- Up-to-date: /home/maizaied03/ros2_ws/install/px4_msgs/include/px4_msgs/px4_msgs/msg/detail/wind__rosidl_typesupport_fastrtps_c.h
[55.102s] -- Up-to-date: /home/maizaied03/ros2_ws/install/px4_msgs/include/px4_msgs/px4_msgs/msg/detail/airspeed__rosidl_typesupport_fastrtps_c.h
[55.103s] -- Up-to-date: /home/maizaied03/ros2_ws/install/px4_msgs/include/px4_msgs/px4_msgs/msg/detail/adc_report__rosidl_typesupport_fastrtps_c.h
[55.103s] -- Up-to-date: /home/maizaied03/ros2_ws/install/px4_msgs/include/px4_msgs/px4_msgs/msg/detail/rtl_status__rosidl_typesupport_fastrtps_c.h
[55.103s] -- Up-to-date: /home/maizaied03/ros2_ws/install/px4_msgs/include/px4_msgs/px4_msgs/msg/detail/gripper__rosidl_typesupport_fastrtps_c.h
[55.103s] -- Up-to-date: /home/maizaied03/ros2_ws/install/px4_msgs/include/px4_msgs/px4_msgs/msg/detail/cpuload__rosidl_typesupport_fastrtps_c.h
[55.103s] -- Up-to-date: /home/maizaied03/ros2_ws/install/px4_msgs/include/px4_msgs/px4_msgs/msg/detail/qshell_retval__rosidl_typesupport_fastrtps_c.h
[55.103s] -- Up-to-date: /home/maizaied03/ros2_ws/install/px4_msgs/include/px4_msgs/px4_msgs/srv
[55.103s] -- Up-to-date: /home/maizaied03/ros2_ws/install/px4_msgs/include/px4_msgs/px4_msgs/srv/detail
[55.103s] -- Up-to-date: /home/maizaied03/ros2_ws/install/px4_msgs/include/px4_msgs/px4_msgs/srv/detail/vehicle_command__rosidl_typesupport_fastrtps_c.h
[55.103s] -- Installing: /home/maizaied03/ros2_ws/install/px4_msgs/lib/libpx4_msgs__rosidl_typesupport_fastrtps_c.so
[55.103s] -- Set runtime path of "/home/maizaied03/ros2_ws/install/px4_msgs/lib/libpx4_msgs__rosidl_typesupport_fastrtps_c.so" to ""
[55.103s] -- Up-to-date: /home/maizaied03/ros2_ws/install/px4_msgs/include/px4_msgs/px4_msgs
[55.103s] -- Up-to-date: /home/maizaied03/ros2_ws/install/px4_msgs/include/px4_msgs/px4_msgs/msg
[55.103s] -- Up-to-date: /home/maizaied03/ros2_ws/install/px4_msgs/include/px4_msgs/px4_msgs/msg/failure_detector_status.hpp
[55.103s] -- Up-to-date: /home/maizaied03/ros2_ws/install/px4_msgs/include/px4_msgs/px4_msgs/msg/radio_status.hpp
[55.103s] -- Up-to-date: /home/maizaied03/ros2_ws/install/px4_msgs/include/px4_msgs/px4_msgs/msg/rate_ctrl_status.hpp
[55.103s] -- Up-to-date: /home/maizaied03/ros2_ws/install/px4_msgs/include/px4_msgs/px4_msgs/msg/debug_value.hpp
[55.103s] -- Up-to-date: /home/maizaied03/ros2_ws/install/px4_msgs/include/px4_msgs/px4_msgs/msg/ekf2_timestamps.hpp
[55.103s] -- Up-to-date: /home/maizaied03/ros2_ws/install/px4_msgs/include/px4_msgs/px4_msgs/msg/estimator_sensor_bias.hpp
[55.103s] -- Up-to-date: /home/maizaied03/ros2_ws/install/px4_msgs/include/px4_msgs/px4_msgs/msg/home_position.hpp
[55.103s] -- Up-to-date: /home/maizaied03/ros2_ws/install/px4_msgs/include/px4_msgs/px4_msgs/msg/distance_sensor_mode_change_request.hpp
[55.104s] -- Up-to-date: /home/maizaied03/ros2_ws/install/px4_msgs/include/px4_msgs/px4_msgs/msg/flight_phase_estimation.hpp
[55.104s] -- Up-to-date: /home/maizaied03/ros2_ws/install/px4_msgs/include/px4_msgs/px4_msgs/msg/message_format_request.hpp
[55.104s] -- Up-to-date: /home/maizaied03/ros2_ws/install/px4_msgs/include/px4_msgs/px4_msgs/msg/task_stack_info.hpp
[55.104s] -- Up-to-date: /home/maizaied03/ros2_ws/install/px4_msgs/include/px4_msgs/px4_msgs/msg/sensor_gyro_fifo.hpp
[55.104s] -- Up-to-date: /home/maizaied03/ros2_ws/install/px4_msgs/include/px4_msgs/px4_msgs/msg/landing_gear_wheel.hpp
[55.104s] -- Up-to-date: /home/maizaied03/ros2_ws/install/px4_msgs/include/px4_msgs/px4_msgs/msg/wind.hpp
[55.104s] -- Up-to-date: /home/maizaied03/ros2_ws/install/px4_msgs/include/px4_msgs/px4_msgs/msg/distance_sensor.hpp
[55.104s] -- Up-to-date: /home/maizaied03/ros2_ws/install/px4_msgs/include/px4_msgs/px4_msgs/msg/rc_channels.hpp
[55.104s] -- Up-to-date: /home/maizaied03/ros2_ws/install/px4_msgs/include/px4_msgs/px4_msgs/msg/mount_orientation.hpp
[55.104s] -- Up-to-date: /home/maizaied03/ros2_ws/install/px4_msgs/include/px4_msgs/px4_msgs/msg/longitudinal_control_configuration.hpp
[55.104s] -- Up-to-date: /home/maizaied03/ros2_ws/install/px4_msgs/include/px4_msgs/px4_msgs/msg/launch_detection_status.hpp
[55.104s] -- Up-to-date: /home/maizaied03/ros2_ws/install/px4_msgs/include/px4_msgs/px4_msgs/msg/rover_steering_setpoint.hpp
[55.104s] -- Up-to-date: /home/maizaied03/ros2_ws/install/px4_msgs/include/px4_msgs/px4_msgs/msg/log_message.hpp
[55.104s] -- Up-to-date: /home/maizaied03/ros2_ws/install/px4_msgs/include/px4_msgs/px4_msgs/msg/fixed_wing_runway_control.hpp
[55.104s] -- Up-to-date: /home/maizaied03/ros2_ws/install/px4_msgs/include/px4_msgs/px4_msgs/msg/register_ext_component_reply.hpp
[55.104s] -- Up-to-date: /home/maizaied03/ros2_ws/install/px4_msgs/include/px4_msgs/px4_msgs/msg/follow_target_status.hpp
[55.104s] -- Up-to-date: /home/maizaied03/ros2_ws/install/px4_msgs/include/px4_msgs/px4_msgs/msg/estimator_status.hpp
[55.104s] -- Up-to-date: /home/maizaied03/ros2_ws/install/px4_msgs/include/px4_msgs/px4_msgs/msg/velocity_limits.hpp
[55.104s] -- Up-to-date: /home/maizaied03/ros2_ws/install/px4_msgs/include/px4_msgs/px4_msgs/msg/vehicle_attitude_setpoint.hpp
[55.104s] -- Up-to-date: /home/maizaied03/ros2_ws/install/px4_msgs/include/px4_msgs/px4_msgs/msg/sensor_uwb.hpp
[55.104s] -- Up-to-date: /home/maizaied03/ros2_ws/install/px4_msgs/include/px4_msgs/px4_msgs/msg/battery_info.hpp
[55.104s] -- Up-to-date: /home/maizaied03/ros2_ws/install/px4_msgs/include/px4_msgs/px4_msgs/msg/position_controller_status.hpp
[55.104s] -- Up-to-date: /home/maizaied03/ros2_ws/install/px4_msgs/include/px4_msgs/px4_msgs/msg/sensor_gyro.hpp
[55.104s] -- Up-to-date: /home/maizaied03/ros2_ws/install/px4_msgs/include/px4_msgs/px4_msgs/msg/lateral_control_configuration.hpp
[55.104s] -- Up-to-date: /home/maizaied03/ros2_ws/install/px4_msgs/include/px4_msgs/px4_msgs/msg/internal_combustion_engine_status.hpp
[55.104s] -- Up-to-date: /home/maizaied03/ros2_ws/install/px4_msgs/include/px4_msgs/px4_msgs/msg/arming_check_reply.hpp
[55.104s] -- Up-to-date: /home/maizaied03/ros2_ws/install/px4_msgs/include/px4_msgs/px4_msgs/msg/message_format_response.hpp
[55.105s] -- Up-to-date: /home/maizaied03/ros2_ws/install/px4_msgs/include/px4_msgs/px4_msgs/msg/actuator_outputs.hpp
[55.105s] -- Up-to-date: /home/maizaied03/ros2_ws/install/px4_msgs/include/px4_msgs/px4_msgs/msg/sensor_preflight_mag.hpp
[55.105s] -- Up-to-date: /home/maizaied03/ros2_ws/install/px4_msgs/include/px4_msgs/px4_msgs/msg/gpio_config.hpp
[55.105s] -- Up-to-date: /home/maizaied03/ros2_ws/install/px4_msgs/include/px4_msgs/px4_msgs/msg/uavcan_parameter_request.hpp
[55.105s] -- Up-to-date: /home/maizaied03/ros2_ws/install/px4_msgs/include/px4_msgs/px4_msgs/msg/estimator_aid_source2d.hpp
[55.105s] -- Up-to-date: /home/maizaied03/ros2_ws/install/px4_msgs/include/px4_msgs/px4_msgs/msg/dataman_request.hpp
[55.105s] -- Up-to-date: /home/maizaied03/ros2_ws/install/px4_msgs/include/px4_msgs/px4_msgs/msg/position_setpoint.hpp
[55.105s] -- Up-to-date: /home/maizaied03/ros2_ws/install/px4_msgs/include/px4_msgs/px4_msgs/msg/fixed_wing_longitudinal_setpoint.hpp
[55.105s] -- Up-to-date: /home/maizaied03/ros2_ws/install/px4_msgs/include/px4_msgs/px4_msgs/msg/iridiumsbd_status.hpp
[55.105s] -- Up-to-date: /home/maizaied03/ros2_ws/install/px4_msgs/include/px4_msgs/px4_msgs/msg/manual_control_switches.hpp
[55.105s] -- Up-to-date: /home/maizaied03/ros2_ws/install/px4_msgs/include/px4_msgs/px4_msgs/msg/estimator_innovations.hpp
[55.105s] -- Up-to-date: /home/maizaied03/ros2_ws/install/px4_msgs/include/px4_msgs/px4_msgs/msg/pure_pursuit_status.hpp
[55.105s] -- Up-to-date: /home/maizaied03/ros2_ws/install/px4_msgs/include/px4_msgs/px4_msgs/msg/estimator_event_flags.hpp
[55.105s] -- Up-to-date: /home/maizaied03/ros2_ws/install/px4_msgs/include/px4_msgs/px4_msgs/msg/camera_capture.hpp
[55.105s] -- Up-to-date: /home/maizaied03/ros2_ws/install/px4_msgs/include/px4_msgs/px4_msgs/msg/goto_setpoint.hpp
[55.105s] -- Up-to-date: /home/maizaied03/ros2_ws/install/px4_msgs/include/px4_msgs/px4_msgs/msg/dronecan_node_status.hpp
[55.105s] -- Up-to-date: /home/maizaied03/ros2_ws/install/px4_msgs/include/px4_msgs/px4_msgs/msg/sensor_accel.hpp
[55.105s] -- Up-to-date: /home/maizaied03/ros2_ws/install/px4_msgs/include/px4_msgs/px4_msgs/msg/airspeed.hpp
[55.105s] -- Up-to-date: /home/maizaied03/ros2_ws/install/px4_msgs/include/px4_msgs/px4_msgs/msg/mavlink_tunnel.hpp
[55.105s] -- Up-to-date: /home/maizaied03/ros2_ws/install/px4_msgs/include/px4_msgs/px4_msgs/msg/sensor_gnss_relative.hpp
[55.105s] -- Up-to-date: /home/maizaied03/ros2_ws/install/px4_msgs/include/px4_msgs/px4_msgs/msg/orb_test_large.hpp
[55.105s] -- Up-to-date: /home/maizaied03/ros2_ws/install/px4_msgs/include/px4_msgs/px4_msgs/msg/unregister_ext_component.hpp
[55.105s] -- Up-to-date: /home/maizaied03/ros2_ws/install/px4_msgs/include/px4_msgs/px4_msgs/msg/px4io_status.hpp
[55.105s] -- Up-to-date: /home/maizaied03/ros2_ws/install/px4_msgs/include/px4_msgs/px4_msgs/msg/vehicle_control_mode.hpp
[55.106s] -- Up-to-date: /home/maizaied03/ros2_ws/install/px4_msgs/include/px4_msgs/px4_msgs/msg/actuator_servos_trim.hpp
[55.106s] -- Up-to-date: /home/maizaied03/ros2_ws/install/px4_msgs/include/px4_msgs/px4_msgs/msg/sensor_gps.hpp
[55.106s] -- Up-to-date: /home/maizaied03/ros2_ws/install/px4_msgs/include/px4_msgs/px4_msgs/msg/parameter_update.hpp
[55.106s] -- Up-to-date: /home/maizaied03/ros2_ws/install/px4_msgs/include/px4_msgs/px4_msgs/msg/navigator_status.hpp
[55.106s] -- Up-to-date: /home/maizaied03/ros2_ws/install/px4_msgs/include/px4_msgs/px4_msgs/msg/estimator_gps_status.hpp
[55.106s] -- Up-to-date: /home/maizaied03/ros2_ws/install/px4_msgs/include/px4_msgs/px4_msgs/msg/rosidl_generator_cpp__visibility_control.hpp
[55.106s] -- Up-to-date: /home/maizaied03/ros2_ws/install/px4_msgs/include/px4_msgs/px4_msgs/msg/dataman_response.hpp
[55.106s] -- Up-to-date: /home/maizaied03/ros2_ws/install/px4_msgs/include/px4_msgs/px4_msgs/msg/rtl_time_estimate.hpp
[55.106s] -- Up-to-date: /home/maizaied03/ros2_ws/install/px4_msgs/include/px4_msgs/px4_msgs/msg/parameter_set_value_response.hpp
[55.106s] -- Up-to-date: /home/maizaied03/ros2_ws/install/px4_msgs/include/px4_msgs/px4_msgs/msg/cpuload.hpp
[55.106s] -- Up-to-date: /home/maizaied03/ros2_ws/install/px4_msgs/include/px4_msgs/px4_msgs/msg/sensor_mag.hpp
[55.106s] -- Up-to-date: /home/maizaied03/ros2_ws/install/px4_msgs/include/px4_msgs/px4_msgs/msg/sensor_baro.hpp
[55.106s] -- Up-to-date: /home/maizaied03/ros2_ws/install/px4_msgs/include/px4_msgs/px4_msgs/msg/rover_rate_setpoint.hpp
[55.106s] -- Up-to-date: /home/maizaied03/ros2_ws/install/px4_msgs/include/px4_msgs/px4_msgs/msg/cellular_status.hpp
[55.106s] -- Up-to-date: /home/maizaied03/ros2_ws/install/px4_msgs/include/px4_msgs/px4_msgs/msg/vehicle_command.hpp
[55.106s] -- Up-to-date: /home/maizaied03/ros2_ws/install/px4_msgs/include/px4_msgs/px4_msgs/msg/open_drone_id_system.hpp
[55.106s] -- Up-to-date: /home/maizaied03/ros2_ws/install/px4_msgs/include/px4_msgs/px4_msgs/msg/gimbal_manager_status.hpp
[55.106s] -- Up-to-date: /home/maizaied03/ros2_ws/install/px4_msgs/include/px4_msgs/px4_msgs/msg/normalized_unsigned_setpoint.hpp
[55.106s] -- Up-to-date: /home/maizaied03/ros2_ws/install/px4_msgs/include/px4_msgs/px4_msgs/msg/parameter_reset_request.hpp
[55.106s] -- Up-to-date: /home/maizaied03/ros2_ws/install/px4_msgs/include/px4_msgs/px4_msgs/msg/vehicle_constraints.hpp
[55.106s] -- Up-to-date: /home/maizaied03/ros2_ws/install/px4_msgs/include/px4_msgs/px4_msgs/msg/esc_report.hpp
[55.106s] -- Up-to-date: /home/maizaied03/ros2_ws/install/px4_msgs/include/px4_msgs/px4_msgs/msg/sensor_correction.hpp
[55.106s] -- Up-to-date: /home/maizaied03/ros2_ws/install/px4_msgs/include/px4_msgs/px4_msgs/msg/trajectory_setpoint.hpp
[55.106s] -- Up-to-date: /home/maizaied03/ros2_ws/install/px4_msgs/include/px4_msgs/px4_msgs/msg/obstacle_distance.hpp
[55.106s] -- Up-to-date: /home/maizaied03/ros2_ws/install/px4_msgs/include/px4_msgs/px4_msgs/msg/actuator_motors.hpp
[55.106s] -- Up-to-date: /home/maizaied03/ros2_ws/install/px4_msgs/include/px4_msgs/px4_msgs/msg/figure_eight_status.hpp
[55.106s] -- Up-to-date: /home/maizaied03/ros2_ws/install/px4_msgs/include/px4_msgs/px4_msgs/msg/sensor_airflow.hpp
[55.106s] -- Up-to-date: /home/maizaied03/ros2_ws/install/px4_msgs/include/px4_msgs/px4_msgs/msg/gimbal_device_set_attitude.hpp
[55.106s] -- Up-to-date: /home/maizaied03/ros2_ws/install/px4_msgs/include/px4_msgs/px4_msgs/msg/takeoff_status.hpp
[55.107s] -- Up-to-date: /home/maizaied03/ros2_ws/install/px4_msgs/include/px4_msgs/px4_msgs/msg/gpio_in.hpp
[55.107s] -- Up-to-date: /home/maizaied03/ros2_ws/install/px4_msgs/include/px4_msgs/px4_msgs/msg/uavcan_parameter_value.hpp
[55.107s] -- Up-to-date: /home/maizaied03/ros2_ws/install/px4_msgs/include/px4_msgs/px4_msgs/msg/autotune_attitude_control_status.hpp
[55.107s] -- Up-to-date: /home/maizaied03/ros2_ws/install/px4_msgs/include/px4_msgs/px4_msgs/msg/sensor_temp.hpp
[55.107s] -- Up-to-date: /home/maizaied03/ros2_ws/install/px4_msgs/include/px4_msgs/px4_msgs/msg/event.hpp
[55.107s] -- Up-to-date: /home/maizaied03/ros2_ws/install/px4_msgs/include/px4_msgs/px4_msgs/msg/vehicle_optical_flow_vel.hpp
[55.107s] -- Up-to-date: /home/maizaied03/ros2_ws/install/px4_msgs/include/px4_msgs/px4_msgs/msg/arming_check_request.hpp
[55.107s] -- Up-to-date: /home/maizaied03/ros2_ws/install/px4_msgs/include/px4_msgs/px4_msgs/msg/vehicle_local_position.hpp
[55.107s] -- Up-to-date: /home/maizaied03/ros2_ws/install/px4_msgs/include/px4_msgs/px4_msgs/msg/geofence_status.hpp
[55.107s] -- Up-to-date: /home/maizaied03/ros2_ws/install/px4_msgs/include/px4_msgs/px4_msgs/msg/internal_combustion_engine_control.hpp
[55.107s] -- Up-to-date: /home/maizaied03/ros2_ws/install/px4_msgs/include/px4_msgs/px4_msgs/msg/wheel_encoders.hpp
[55.107s] -- Up-to-date: /home/maizaied03/ros2_ws/install/px4_msgs/include/px4_msgs/px4_msgs/msg/gimbal_manager_information.hpp
[55.107s] -- Up-to-date: /home/maizaied03/ros2_ws/install/px4_msgs/include/px4_msgs/px4_msgs/msg/airspeed_wind.hpp
[55.107s] -- Up-to-date: /home/maizaied03/ros2_ws/install/px4_msgs/include/px4_msgs/px4_msgs/msg/vehicle_angular_acceleration_setpoint.hpp
[55.107s] -- Up-to-date: /home/maizaied03/ros2_ws/install/px4_msgs/include/px4_msgs/px4_msgs/msg/gps_dump.hpp
[55.107s] -- Up-to-date: /home/maizaied03/ros2_ws/install/px4_msgs/include/px4_msgs/px4_msgs/msg/satellite_info.hpp
[55.107s] -- Up-to-date: /home/maizaied03/ros2_ws/install/px4_msgs/include/px4_msgs/px4_msgs/msg/rover_speed_status.hpp
[55.107s] -- Up-to-date: /home/maizaied03/ros2_ws/install/px4_msgs/include/px4_msgs/px4_msgs/msg/fixed_wing_lateral_status.hpp
[55.107s] -- Up-to-date: /home/maizaied03/ros2_ws/install/px4_msgs/include/px4_msgs/px4_msgs/msg/action_request.hpp
[55.107s] -- Up-to-date: /home/maizaied03/ros2_ws/install/px4_msgs/include/px4_msgs/px4_msgs/msg/vehicle_attitude.hpp
[55.107s] -- Up-to-date: /home/maizaied03/ros2_ws/install/px4_msgs/include/px4_msgs/px4_msgs/msg/vehicle_thrust_setpoint.hpp
[55.107s] -- Up-to-date: /home/maizaied03/ros2_ws/install/px4_msgs/include/px4_msgs/px4_msgs/msg/neural_control.hpp
[55.107s] -- Up-to-date: /home/maizaied03/ros2_ws/install/px4_msgs/include/px4_msgs/px4_msgs/msg/tecs_status.hpp
[55.107s] -- Up-to-date: /home/maizaied03/ros2_ws/install/px4_msgs/include/px4_msgs/px4_msgs/msg/gimbal_manager_set_manual_control.hpp
[55.107s] -- Up-to-date: /home/maizaied03/ros2_ws/install/px4_msgs/include/px4_msgs/px4_msgs/msg/sensor_selection.hpp
[55.107s] -- Up-to-date: /home/maizaied03/ros2_ws/install/px4_msgs/include/px4_msgs/px4_msgs/msg/camera_trigger.hpp
[55.107s] -- Up-to-date: /home/maizaied03/ros2_ws/install/px4_msgs/include/px4_msgs/px4_msgs/msg/actuator_armed.hpp
[55.107s] -- Up-to-date: /home/maizaied03/ros2_ws/install/px4_msgs/include/px4_msgs/px4_msgs/msg/differential_pressure.hpp
[55.107s] -- Up-to-date: /home/maizaied03/ros2_ws/install/px4_msgs/include/px4_msgs/px4_msgs/msg/position_setpoint_triplet.hpp
[55.107s] -- Up-to-date: /home/maizaied03/ros2_ws/install/px4_msgs/include/px4_msgs/px4_msgs/msg/raptor_status.hpp
[55.108s] -- Up-to-date: /home/maizaied03/ros2_ws/install/px4_msgs/include/px4_msgs/px4_msgs/msg/can_interface_status.hpp
[55.108s] -- Up-to-date: /home/maizaied03/ros2_ws/install/px4_msgs/include/px4_msgs/px4_msgs/msg/orbit_status.hpp
[55.108s] -- Up-to-date: /home/maizaied03/ros2_ws/install/px4_msgs/include/px4_msgs/px4_msgs/msg/gimbal_device_information.hpp
[55.108s] -- Up-to-date: /home/maizaied03/ros2_ws/install/px4_msgs/include/px4_msgs/px4_msgs/msg/parameter_set_value_request.hpp
[55.108s] -- Up-to-date: /home/maizaied03/ros2_ws/install/px4_msgs/include/px4_msgs/px4_msgs/msg/sensor_accel_fifo.hpp
[55.108s] -- Up-to-date: /home/maizaied03/ros2_ws/install/px4_msgs/include/px4_msgs/px4_msgs/msg/timesync_status.hpp
[55.108s] -- Up-to-date: /home/maizaied03/ros2_ws/install/px4_msgs/include/px4_msgs/px4_msgs/msg/camera_status.hpp
[55.108s] -- Up-to-date: /home/maizaied03/ros2_ws/install/px4_msgs/include/px4_msgs/px4_msgs/msg/hover_thrust_estimate.hpp
[55.108s] -- Up-to-date: /home/maizaied03/ros2_ws/install/px4_msgs/include/px4_msgs/px4_msgs/msg/heater_status.hpp
[55.108s] -- Up-to-date: /home/maizaied03/ros2_ws/install/px4_msgs/include/px4_msgs/px4_msgs/msg/follow_target_estimator.hpp
[55.108s] -- Up-to-date: /home/maizaied03/ros2_ws/install/px4_msgs/include/px4_msgs/px4_msgs/msg/estimator_selector_status.hpp
[55.108s] -- Up-to-date: /home/maizaied03/ros2_ws/install/px4_msgs/include/px4_msgs/px4_msgs/msg/gpio_out.hpp
[55.108s] -- Up-to-date: /home/maizaied03/ros2_ws/install/px4_msgs/include/px4_msgs/px4_msgs/msg/tiltrotor_extra_controls.hpp
[55.108s] -- Up-to-date: /home/maizaied03/ros2_ws/install/px4_msgs/include/px4_msgs/px4_msgs/msg/gimbal_controls.hpp
[55.108s] -- Up-to-date: /home/maizaied03/ros2_ws/install/px4_msgs/include/px4_msgs/px4_msgs/msg/vehicle_odometry.hpp
[55.108s] -- Up-to-date: /home/maizaied03/ros2_ws/install/px4_msgs/include/px4_msgs/px4_msgs/msg/rover_rate_status.hpp
[55.108s] -- Up-to-date: /home/maizaied03/ros2_ws/install/px4_msgs/include/px4_msgs/px4_msgs/msg/sensor_optical_flow.hpp
[55.108s] -- Up-to-date: /home/maizaied03/ros2_ws/install/px4_msgs/include/px4_msgs/px4_msgs/msg/orb_test.hpp
[55.108s] -- Up-to-date: /home/maizaied03/ros2_ws/install/px4_msgs/include/px4_msgs/px4_msgs/msg/position_controller_landing_status.hpp
[55.108s] -- Up-to-date: /home/maizaied03/ros2_ws/install/px4_msgs/include/px4_msgs/px4_msgs/msg/generator_status.hpp
[55.108s] -- Up-to-date: /home/maizaied03/ros2_ws/install/px4_msgs/include/px4_msgs/px4_msgs/msg/parameter_set_used_request.hpp
[55.108s] -- Up-to-date: /home/maizaied03/ros2_ws/install/px4_msgs/include/px4_msgs/px4_msgs/msg/rover_throttle_setpoint.hpp
[55.108s] -- Up-to-date: /home/maizaied03/ros2_ws/install/px4_msgs/include/px4_msgs/px4_msgs/msg/sensors_status_imu.hpp
[55.108s] -- Up-to-date: /home/maizaied03/ros2_ws/install/px4_msgs/include/px4_msgs/px4_msgs/msg/ulog_stream_ack.hpp
[55.108s] -- Up-to-date: /home/maizaied03/ros2_ws/install/px4_msgs/include/px4_msgs/px4_msgs/msg/logger_status.hpp
[55.108s] -- Up-to-date: /home/maizaied03/ros2_ws/install/px4_msgs/include/px4_msgs/px4_msgs/msg/gpio_request.hpp
[55.108s] -- Up-to-date: /home/maizaied03/ros2_ws/install/px4_msgs/include/px4_msgs/px4_msgs/msg/mavlink_log.hpp
[55.108s] -- Up-to-date: /home/maizaied03/ros2_ws/install/px4_msgs/include/px4_msgs/px4_msgs/msg/open_drone_id_operator_id.hpp
[55.108s] -- Up-to-date: /home/maizaied03/ros2_ws/install/px4_msgs/include/px4_msgs/px4_msgs/msg/adc_report.hpp
[55.108s] -- Up-to-date: /home/maizaied03/ros2_ws/install/px4_msgs/include/px4_msgs/px4_msgs/msg/sensor_combined.hpp
[55.108s] -- Up-to-date: /home/maizaied03/ros2_ws/install/px4_msgs/include/px4_msgs/px4_msgs/msg/rover_position_setpoint.hpp
[55.109s] -- Up-to-date: /home/maizaied03/ros2_ws/install/px4_msgs/include/px4_msgs/px4_msgs/msg/input_rc.hpp
[55.109s] -- Up-to-date: /home/maizaied03/ros2_ws/install/px4_msgs/include/px4_msgs/px4_msgs/msg/vehicle_magnetometer.hpp
[55.109s] -- Up-to-date: /home/maizaied03/ros2_ws/install/px4_msgs/include/px4_msgs/px4_msgs/msg/onboard_computer_status.hpp
[55.109s] -- Up-to-date: /home/maizaied03/ros2_ws/install/px4_msgs/include/px4_msgs/px4_msgs/msg/actuator_test.hpp
[55.109s] -- Up-to-date: /home/maizaied03/ros2_ws/install/px4_msgs/include/px4_msgs/px4_msgs/msg/rover_attitude_setpoint.hpp
[55.109s] -- Up-to-date: /home/maizaied03/ros2_ws/install/px4_msgs/include/px4_msgs/px4_msgs/msg/tune_control.hpp
[55.109s] -- Up-to-date: /home/maizaied03/ros2_ws/install/px4_msgs/include/px4_msgs/px4_msgs/msg/gimbal_manager_set_attitude.hpp
[55.109s] -- Up-to-date: /home/maizaied03/ros2_ws/install/px4_msgs/include/px4_msgs/px4_msgs/msg/collision_constraints.hpp
[55.109s] -- Up-to-date: /home/maizaied03/ros2_ws/install/px4_msgs/include/px4_msgs/px4_msgs/msg/navigator_mission_item.hpp
[55.109s] -- Up-to-date: /home/maizaied03/ros2_ws/install/px4_msgs/include/px4_msgs/px4_msgs/msg/debug_array.hpp
[55.109s] -- Up-to-date: /home/maizaied03/ros2_ws/install/px4_msgs/include/px4_msgs/px4_msgs/msg/rover_attitude_status.hpp
[55.109s] -- Up-to-date: /home/maizaied03/ros2_ws/install/px4_msgs/include/px4_msgs/px4_msgs/msg/ulog_stream.hpp
[55.109s] -- Up-to-date: /home/maizaied03/ros2_ws/install/px4_msgs/include/px4_msgs/px4_msgs/msg/estimator_aid_source3d.hpp
[55.109s] -- Up-to-date: /home/maizaied03/ros2_ws/install/px4_msgs/include/px4_msgs/px4_msgs/msg/vehicle_imu_status.hpp
[55.109s] -- Up-to-date: /home/maizaied03/ros2_ws/install/px4_msgs/include/px4_msgs/px4_msgs/msg/open_drone_id_self_id.hpp
[55.109s] -- Up-to-date: /home/maizaied03/ros2_ws/install/px4_msgs/include/px4_msgs/px4_msgs/msg/transponder_report.hpp
[55.109s] -- Up-to-date: /home/maizaied03/ros2_ws/install/px4_msgs/include/px4_msgs/px4_msgs/msg/vehicle_air_data.hpp
[55.109s] -- Up-to-date: /home/maizaied03/ros2_ws/install/px4_msgs/include/px4_msgs/px4_msgs/msg/estimator_status_flags.hpp
[55.109s] -- Up-to-date: /home/maizaied03/ros2_ws/install/px4_msgs/include/px4_msgs/px4_msgs/msg/estimator_states.hpp
[55.109s] -- Up-to-date: /home/maizaied03/ros2_ws/install/px4_msgs/include/px4_msgs/px4_msgs/msg/estimator_aid_source1d.hpp
[55.109s] -- Up-to-date: /home/maizaied03/ros2_ws/install/px4_msgs/include/px4_msgs/px4_msgs/msg/vehicle_global_position.hpp
[55.109s] -- Up-to-date: /home/maizaied03/ros2_ws/install/px4_msgs/include/px4_msgs/px4_msgs/msg/landing_target_pose.hpp
[55.109s] -- Up-to-date: /home/maizaied03/ros2_ws/install/px4_msgs/include/px4_msgs/px4_msgs/msg/health_report.hpp
[55.109s] -- Up-to-date: /home/maizaied03/ros2_ws/install/px4_msgs/include/px4_msgs/px4_msgs/msg/qshell_retval.hpp
[55.109s] -- Up-to-date: /home/maizaied03/ros2_ws/install/px4_msgs/include/px4_msgs/px4_msgs/msg/config_overrides.hpp
[55.109s] -- Up-to-date: /home/maizaied03/ros2_ws/install/px4_msgs/include/px4_msgs/px4_msgs/msg/fuel_tank_status.hpp
[55.109s] -- Up-to-date: /home/maizaied03/ros2_ws/install/px4_msgs/include/px4_msgs/px4_msgs/msg/detail
[55.109s] -- Up-to-date: /home/maizaied03/ros2_ws/install/px4_msgs/include/px4_msgs/px4_msgs/msg/detail/estimator_aid_source3d__type_support.hpp
[55.109s] -- Up-to-date: /home/maizaied03/ros2_ws/install/px4_msgs/include/px4_msgs/px4_msgs/msg/detail/debug_value__type_support.hpp
[55.109s] -- Up-to-date: /home/maizaied03/ros2_ws/install/px4_msgs/include/px4_msgs/px4_msgs/msg/detail/register_ext_component_request__traits.hpp
[55.110s] -- Up-to-date: /home/maizaied03/ros2_ws/install/px4_msgs/include/px4_msgs/px4_msgs/msg/detail/vehicle_command__type_support.hpp
[55.110s] -- Up-to-date: /home/maizaied03/ros2_ws/install/px4_msgs/include/px4_msgs/px4_msgs/msg/detail/button_event__struct.hpp
[55.110s] -- Up-to-date: /home/maizaied03/ros2_ws/install/px4_msgs/include/px4_msgs/px4_msgs/msg/detail/follow_target_estimator__traits.hpp
[55.110s] -- Up-to-date: /home/maizaied03/ros2_ws/install/px4_msgs/include/px4_msgs/px4_msgs/msg/detail/collision_constraints__type_support.hpp
[55.110s] -- Up-to-date: /home/maizaied03/ros2_ws/install/px4_msgs/include/px4_msgs/px4_msgs/msg/detail/vehicle_imu__type_support.hpp
[55.110s] -- Up-to-date: /home/maizaied03/ros2_ws/install/px4_msgs/include/px4_msgs/px4_msgs/msg/detail/gimbal_device_information__builder.hpp
[55.110s] -- Up-to-date: /home/maizaied03/ros2_ws/install/px4_msgs/include/px4_msgs/px4_msgs/msg/detail/sensor_gnss_relative__traits.hpp
[55.110s] -- Up-to-date: /home/maizaied03/ros2_ws/install/px4_msgs/include/px4_msgs/px4_msgs/msg/detail/config_overrides__struct.hpp
[55.110s] -- Up-to-date: /home/maizaied03/ros2_ws/install/px4_msgs/include/px4_msgs/px4_msgs/msg/detail/rover_speed_setpoint__type_support.hpp
[55.110s] -- Up-to-date: /home/maizaied03/ros2_ws/install/px4_msgs/include/px4_msgs/px4_msgs/msg/detail/vehicle_command_ack__struct.hpp
[55.110s] -- Up-to-date: /home/maizaied03/ros2_ws/install/px4_msgs/include/px4_msgs/px4_msgs/msg/detail/debug_value__struct.hpp
[55.110s] -- Up-to-date: /home/maizaied03/ros2_ws/install/px4_msgs/include/px4_msgs/px4_msgs/msg/detail/orb_test_large__struct.hpp
[55.110s] -- Up-to-date: /home/maizaied03/ros2_ws/install/px4_msgs/include/px4_msgs/px4_msgs/msg/detail/vtol_vehicle_status__builder.hpp
[55.110s] -- Up-to-date: /home/maizaied03/ros2_ws/install/px4_msgs/include/px4_msgs/px4_msgs/msg/detail/control_allocator_status__type_support.hpp
[55.110s] -- Up-to-date: /home/maizaied03/ros2_ws/install/px4_msgs/include/px4_msgs/px4_msgs/msg/detail/vehicle_constraints__struct.hpp
[55.110s] -- Up-to-date: /home/maizaied03/ros2_ws/install/px4_msgs/include/px4_msgs/px4_msgs/msg/detail/vehicle_command__traits.hpp
[55.110s] -- Up-to-date: /home/maizaied03/ros2_ws/install/px4_msgs/include/px4_msgs/px4_msgs/msg/detail/parameter_set_value_response__type_support.hpp
[55.110s] -- Up-to-date: /home/maizaied03/ros2_ws/install/px4_msgs/include/px4_msgs/px4_msgs/msg/detail/gimbal_controls__struct.hpp
[55.110s] -- Up-to-date: /home/maizaied03/ros2_ws/install/px4_msgs/include/px4_msgs/px4_msgs/msg/detail/vehicle_control_mode__traits.hpp
[55.110s] -- Up-to-date: /home/maizaied03/ros2_ws/install/px4_msgs/include/px4_msgs/px4_msgs/msg/detail/vehicle_angular_velocity__struct.hpp
[55.110s] -- Up-to-date: /home/maizaied03/ros2_ws/install/px4_msgs/include/px4_msgs/px4_msgs/msg/detail/estimator_aid_source2d__traits.hpp
[55.110s] -- Up-to-date: /home/maizaied03/ros2_ws/install/px4_msgs/include/px4_msgs/px4_msgs/msg/detail/vehicle_magnetometer__type_support.hpp
[55.110s] -- Up-to-date: /home/maizaied03/ros2_ws/install/px4_msgs/include/px4_msgs/px4_msgs/msg/detail/sensor_gps__builder.hpp
[55.110s] -- Up-to-date: /home/maizaied03/ros2_ws/install/px4_msgs/include/px4_msgs/px4_msgs/msg/detail/pure_pursuit_status__builder.hpp
[55.110s] -- Up-to-date: /home/maizaied03/ros2_ws/install/px4_msgs/include/px4_msgs/px4_msgs/msg/detail/sensor_baro__struct.hpp
[55.110s] -- Up-to-date: /home/maizaied03/ros2_ws/install/px4_msgs/include/px4_msgs/px4_msgs/msg/detail/sensor_hygrometer__struct.hpp
[55.110s] -- Up-to-date: /home/maizaied03/ros2_ws/install/px4_msgs/include/px4_msgs/px4_msgs/msg/detail/navigator_mission_item__traits.hpp
[55.110s] -- Up-to-date: /home/maizaied03/ros2_ws/install/px4_msgs/include/px4_msgs/px4_msgs/msg/detail/control_allocator_status__struct.hpp
[55.111s] -- Up-to-date: /home/maizaied03/ros2_ws/install/px4_msgs/include/px4_msgs/px4_msgs/msg/detail/estimator_event_flags__type_support.hpp
[55.111s] -- Up-to-date: /home/maizaied03/ros2_ws/install/px4_msgs/include/px4_msgs/px4_msgs/msg/detail/sensor_gyro_fifo__traits.hpp
[55.111s] -- Up-to-date: /home/maizaied03/ros2_ws/install/px4_msgs/include/px4_msgs/px4_msgs/msg/detail/gpio_in__struct.hpp
[55.111s] -- Up-to-date: /home/maizaied03/ros2_ws/install/px4_msgs/include/px4_msgs/px4_msgs/msg/detail/vtol_vehicle_status__type_support.hpp
[55.111s] -- Up-to-date: /home/maizaied03/ros2_ws/install/px4_msgs/include/px4_msgs/px4_msgs/msg/detail/estimator_states__type_support.hpp
[55.111s] -- Up-to-date: /home/maizaied03/ros2_ws/install/px4_msgs/include/px4_msgs/px4_msgs/msg/detail/estimator_bias3d__type_support.hpp
[55.111s] -- Up-to-date: /home/maizaied03/ros2_ws/install/px4_msgs/include/px4_msgs/px4_msgs/msg/detail/airspeed__traits.hpp
[55.111s] -- Up-to-date: /home/maizaied03/ros2_ws/install/px4_msgs/include/px4_msgs/px4_msgs/msg/detail/gps_dump__traits.hpp
[55.111s] -- Up-to-date: /home/maizaied03/ros2_ws/install/px4_msgs/include/px4_msgs/px4_msgs/msg/detail/rpm__struct.hpp
[55.111s] -- Up-to-date: /home/maizaied03/ros2_ws/install/px4_msgs/include/px4_msgs/px4_msgs/msg/detail/vehicle_land_detected__struct.hpp
[55.111s] -- Up-to-date: /home/maizaied03/ros2_ws/install/px4_msgs/include/px4_msgs/px4_msgs/msg/detail/wheel_encoders__traits.hpp
[55.111s] -- Up-to-date: /home/maizaied03/ros2_ws/install/px4_msgs/include/px4_msgs/px4_msgs/msg/detail/action_request__struct.hpp
[55.111s] -- Up-to-date: /home/maizaied03/ros2_ws/install/px4_msgs/include/px4_msgs/px4_msgs/msg/detail/pure_pursuit_status__type_support.hpp
[55.111s] -- Up-to-date: /home/maizaied03/ros2_ws/install/px4_msgs/include/px4_msgs/px4_msgs/msg/detail/geofence_status__struct.hpp
[55.111s] -- Up-to-date: /home/maizaied03/ros2_ws/install/px4_msgs/include/px4_msgs/px4_msgs/msg/detail/fuel_tank_status__traits.hpp
[55.111s] -- Up-to-date: /home/maizaied03/ros2_ws/install/px4_msgs/include/px4_msgs/px4_msgs/msg/detail/distance_sensor__traits.hpp
[55.111s] -- Up-to-date: /home/maizaied03/ros2_ws/install/px4_msgs/include/px4_msgs/px4_msgs/msg/detail/vehicle_attitude__traits.hpp
[55.111s] -- Up-to-date: /home/maizaied03/ros2_ws/install/px4_msgs/include/px4_msgs/px4_msgs/msg/detail/fixed_wing_lateral_setpoint__type_support.hpp
[55.111s] -- Up-to-date: /home/maizaied03/ros2_ws/install/px4_msgs/include/px4_msgs/px4_msgs/msg/detail/actuator_test__builder.hpp
[55.111s] -- Up-to-date: /home/maizaied03/ros2_ws/install/px4_msgs/include/px4_msgs/px4_msgs/msg/detail/goto_setpoint__struct.hpp
[55.111s] -- Up-to-date: /home/maizaied03/ros2_ws/install/px4_msgs/include/px4_msgs/px4_msgs/msg/detail/vehicle_angular_acceleration_setpoint__struct.hpp
[55.111s] -- Up-to-date: /home/maizaied03/ros2_ws/install/px4_msgs/include/px4_msgs/px4_msgs/msg/detail/takeoff_status__type_support.hpp
[55.111s] -- Up-to-date: /home/maizaied03/ros2_ws/install/px4_msgs/include/px4_msgs/px4_msgs/msg/detail/gps_inject_data__traits.hpp
[55.111s] -- Up-to-date: /home/maizaied03/ros2_ws/install/px4_msgs/include/px4_msgs/px4_msgs/msg/detail/sensor_gnss_status__struct.hpp
[55.111s] -- Up-to-date: /home/maizaied03/ros2_ws/install/px4_msgs/include/px4_msgs/px4_msgs/msg/detail/estimator_selector_status__struct.hpp
[55.111s] -- Up-to-date: /home/maizaied03/ros2_ws/install/px4_msgs/include/px4_msgs/px4_msgs/msg/detail/velocity_limits__builder.hpp
[55.111s] -- Up-to-date: /home/maizaied03/ros2_ws/install/px4_msgs/include/px4_msgs/px4_msgs/msg/detail/launch_detection_status__struct.hpp
[55.112s] -- Up-to-date: /home/maizaied03/ros2_ws/install/px4_msgs/include/px4_msgs/px4_msgs/msg/detail/gps_dump__struct.hpp
[55.112s] -- Up-to-date: /home/maizaied03/ros2_ws/install/px4_msgs/include/px4_msgs/px4_msgs/msg/detail/camera_capture__type_support.hpp
[55.112s] -- Up-to-date: /home/maizaied03/ros2_ws/install/px4_msgs/include/px4_msgs/px4_msgs/msg/detail/vehicle_imu__struct.hpp
[55.112s] -- Up-to-date: /home/maizaied03/ros2_ws/install/px4_msgs/include/px4_msgs/px4_msgs/msg/detail/orbit_status__builder.hpp
[55.112s] -- Up-to-date: /home/maizaied03/ros2_ws/install/px4_msgs/include/px4_msgs/px4_msgs/msg/detail/sensor_hygrometer__builder.hpp
[55.112s] -- Up-to-date: /home/maizaied03/ros2_ws/install/px4_msgs/include/px4_msgs/px4_msgs/msg/detail/orbit_status__traits.hpp
[55.112s] -- Up-to-date: /home/maizaied03/ros2_ws/install/px4_msgs/include/px4_msgs/px4_msgs/msg/detail/takeoff_status__traits.hpp
[55.112s] -- Up-to-date: /home/maizaied03/ros2_ws/install/px4_msgs/include/px4_msgs/px4_msgs/msg/detail/vehicle_constraints__traits.hpp
[55.112s] -- Up-to-date: /home/maizaied03/ros2_ws/install/px4_msgs/include/px4_msgs/px4_msgs/msg/detail/arming_check_request__type_support.hpp
[55.112s] -- Up-to-date: /home/maizaied03/ros2_ws/install/px4_msgs/include/px4_msgs/px4_msgs/msg/detail/vtx__builder.hpp
[55.112s] -- Up-to-date: /home/maizaied03/ros2_ws/install/px4_msgs/include/px4_msgs/px4_msgs/msg/detail/orbit_status__struct.hpp
[55.112s] -- Up-to-date: /home/maizaied03/ros2_ws/install/px4_msgs/include/px4_msgs/px4_msgs/msg/detail/battery_info__builder.hpp
[55.112s] -- Up-to-date: /home/maizaied03/ros2_ws/install/px4_msgs/include/px4_msgs/px4_msgs/msg/detail/vehicle_magnetometer__traits.hpp
[55.112s] -- Up-to-date: /home/maizaied03/ros2_ws/install/px4_msgs/include/px4_msgs/px4_msgs/msg/detail/tiltrotor_extra_controls__traits.hpp
[55.112s] -- Up-to-date: /home/maizaied03/ros2_ws/install/px4_msgs/include/px4_msgs/px4_msgs/msg/detail/mag_worker_data__builder.hpp
[55.112s] -- Up-to-date: /home/maizaied03/ros2_ws/install/px4_msgs/include/px4_msgs/px4_msgs/msg/detail/sensor_preflight_mag__builder.hpp
[55.112s] -- Up-to-date: /home/maizaied03/ros2_ws/install/px4_msgs/include/px4_msgs/px4_msgs/msg/detail/sensor_gps__traits.hpp
[55.112s] -- Up-to-date: /home/maizaied03/ros2_ws/install/px4_msgs/include/px4_msgs/px4_msgs/msg/detail/actuator_armed__builder.hpp
[55.112s] -- Up-to-date: /home/maizaied03/ros2_ws/install/px4_msgs/include/px4_msgs/px4_msgs/msg/detail/launch_detection_status__builder.hpp
[55.112s] -- Up-to-date: /home/maizaied03/ros2_ws/install/px4_msgs/include/px4_msgs/px4_msgs/msg/detail/sensor_airflow__struct.hpp
[55.112s] -- Up-to-date: /home/maizaied03/ros2_ws/install/px4_msgs/include/px4_msgs/px4_msgs/msg/detail/wheel_encoders__struct.hpp
[55.112s] -- Up-to-date: /home/maizaied03/ros2_ws/install/px4_msgs/include/px4_msgs/px4_msgs/msg/detail/flight_phase_estimation__traits.hpp
[55.112s] -- Up-to-date: /home/maizaied03/ros2_ws/install/px4_msgs/include/px4_msgs/px4_msgs/msg/detail/vehicle_roi__type_support.hpp
[55.112s] -- Up-to-date: /home/maizaied03/ros2_ws/install/px4_msgs/include/px4_msgs/px4_msgs/msg/detail/actuator_servos__type_support.hpp
[55.113s] -- Up-to-date: /home/maizaied03/ros2_ws/install/px4_msgs/include/px4_msgs/px4_msgs/msg/detail/sensor_airflow__type_support.hpp
[55.113s] -- Up-to-date: /home/maizaied03/ros2_ws/install/px4_msgs/include/px4_msgs/px4_msgs/msg/detail/estimator_selector_status__traits.hpp
[55.113s] -- Up-to-date: /home/maizaied03/ros2_ws/install/px4_msgs/include/px4_msgs/px4_msgs/msg/detail/normalized_unsigned_setpoint__traits.hpp
[55.113s] -- Up-to-date: /home/maizaied03/ros2_ws/install/px4_msgs/include/px4_msgs/px4_msgs/msg/detail/yaw_estimator_status__type_support.hpp
[55.113s] -- Up-to-date: /home/maizaied03/ros2_ws/install/px4_msgs/include/px4_msgs/px4_msgs/msg/detail/tiltrotor_extra_controls__builder.hpp
[55.113s] -- Up-to-date: /home/maizaied03/ros2_ws/install/px4_msgs/include/px4_msgs/px4_msgs/msg/detail/arming_check_request__struct.hpp
[55.113s] -- Up-to-date: /home/maizaied03/ros2_ws/install/px4_msgs/include/px4_msgs/px4_msgs/msg/detail/landing_gear__struct.hpp
[55.113s] -- Up-to-date: /home/maizaied03/ros2_ws/install/px4_msgs/include/px4_msgs/px4_msgs/msg/detail/log_message__traits.hpp
[55.113s] -- Up-to-date: /home/maizaied03/ros2_ws/install/px4_msgs/include/px4_msgs/px4_msgs/msg/detail/vehicle_angular_acceleration_setpoint__traits.hpp
[55.113s] -- Up-to-date: /home/maizaied03/ros2_ws/install/px4_msgs/include/px4_msgs/px4_msgs/msg/detail/vehicle_imu_status__struct.hpp
[55.113s] -- Up-to-date: /home/maizaied03/ros2_ws/install/px4_msgs/include/px4_msgs/px4_msgs/msg/detail/goto_setpoint__type_support.hpp
[55.113s] -- Up-to-date: /home/maizaied03/ros2_ws/install/px4_msgs/include/px4_msgs/px4_msgs/msg/detail/uavcan_parameter_value__struct.hpp
[55.113s] -- Up-to-date: /home/maizaied03/ros2_ws/install/px4_msgs/include/px4_msgs/px4_msgs/msg/detail/vehicle_angular_velocity__builder.hpp
[55.113s] -- Up-to-date: /home/maizaied03/ros2_ws/install/px4_msgs/include/px4_msgs/px4_msgs/msg/detail/sensor_gyro_fifo__builder.hpp
[55.113s] -- Up-to-date: /home/maizaied03/ros2_ws/install/px4_msgs/include/px4_msgs/px4_msgs/msg/detail/gimbal_controls__traits.hpp
[55.113s] -- Up-to-date: /home/maizaied03/ros2_ws/install/px4_msgs/include/px4_msgs/px4_msgs/msg/detail/logger_status__type_support.hpp
[55.113s] -- Up-to-date: /home/maizaied03/ros2_ws/install/px4_msgs/include/px4_msgs/px4_msgs/msg/detail/vehicle_attitude_setpoint__traits.hpp
[55.113s] -- Up-to-date: /home/maizaied03/ros2_ws/install/px4_msgs/include/px4_msgs/px4_msgs/msg/detail/geofence_result__builder.hpp
[55.113s] -- Up-to-date: /home/maizaied03/ros2_ws/install/px4_msgs/include/px4_msgs/px4_msgs/msg/detail/neural_control__type_support.hpp
[55.113s] -- Up-to-date: /home/maizaied03/ros2_ws/install/px4_msgs/include/px4_msgs/px4_msgs/msg/detail/led_control__traits.hpp
[55.113s] -- Up-to-date: /home/maizaied03/ros2_ws/install/px4_msgs/include/px4_msgs/px4_msgs/msg/detail/distance_sensor_mode_change_request__traits.hpp
[55.113s] -- Up-to-date: /home/maizaied03/ros2_ws/install/px4_msgs/include/px4_msgs/px4_msgs/msg/detail/parameter_reset_request__traits.hpp
[55.113s] -- Up-to-date: /home/maizaied03/ros2_ws/install/px4_msgs/include/px4_msgs/px4_msgs/msg/detail/position_setpoint__type_support.hpp
[55.113s] -- Up-to-date: /home/maizaied03/ros2_ws/install/px4_msgs/include/px4_msgs/px4_msgs/msg/detail/parameter_reset_request__struct.hpp
[55.113s] -- Up-to-date: /home/maizaied03/ros2_ws/install/px4_msgs/include/px4_msgs/px4_msgs/msg/detail/lateral_control_configuration__builder.hpp
[55.114s] -- Up-to-date: /home/maizaied03/ros2_ws/install/px4_msgs/include/px4_msgs/px4_msgs/msg/detail/iridiumsbd_status__struct.hpp
[55.114s] -- Up-to-date: /home/maizaied03/ros2_ws/install/px4_msgs/include/px4_msgs/px4_msgs/msg/detail/neural_control__traits.hpp
[55.114s] -- Up-to-date: /home/maizaied03/ros2_ws/install/px4_msgs/include/px4_msgs/px4_msgs/msg/detail/battery_info__traits.hpp
[55.114s] -- Up-to-date: /home/maizaied03/ros2_ws/install/px4_msgs/include/px4_msgs/px4_msgs/msg/detail/sensor_combined__struct.hpp
[55.114s] -- Up-to-date: /home/maizaied03/ros2_ws/install/px4_msgs/include/px4_msgs/px4_msgs/msg/detail/distance_sensor__builder.hpp
[55.114s] -- Up-to-date: /home/maizaied03/ros2_ws/install/px4_msgs/include/px4_msgs/px4_msgs/msg/detail/fuel_tank_status__type_support.hpp
[55.114s] -- Up-to-date: /home/maizaied03/ros2_ws/install/px4_msgs/include/px4_msgs/px4_msgs/msg/detail/vehicle_global_position__traits.hpp
[55.114s] -- Up-to-date: /home/maizaied03/ros2_ws/install/px4_msgs/include/px4_msgs/px4_msgs/msg/detail/mavlink_tunnel__struct.hpp
[55.114s] -- Up-to-date: /home/maizaied03/ros2_ws/install/px4_msgs/include/px4_msgs/px4_msgs/msg/detail/camera_capture__builder.hpp
[55.114s] -- Up-to-date: /home/maizaied03/ros2_ws/install/px4_msgs/include/px4_msgs/px4_msgs/msg/detail/airspeed_validated__type_support.hpp
[55.114s] -- Up-to-date: /home/maizaied03/ros2_ws/install/px4_msgs/include/px4_msgs/px4_msgs/msg/detail/event__type_support.hpp
[55.114s] -- Up-to-date: /home/maizaied03/ros2_ws/install/px4_msgs/include/px4_msgs/px4_msgs/msg/detail/vehicle_optical_flow__builder.hpp
[55.114s] -- Up-to-date: /home/maizaied03/ros2_ws/install/px4_msgs/include/px4_msgs/px4_msgs/msg/detail/gps_inject_data__type_support.hpp
[55.114s] -- Up-to-date: /home/maizaied03/ros2_ws/install/px4_msgs/include/px4_msgs/px4_msgs/msg/detail/figure_eight_status__type_support.hpp
[55.114s] -- Up-to-date: /home/maizaied03/ros2_ws/install/px4_msgs/include/px4_msgs/px4_msgs/msg/detail/position_controller_status__type_support.hpp
[55.114s] -- Up-to-date: /home/maizaied03/ros2_ws/install/px4_msgs/include/px4_msgs/px4_msgs/msg/detail/actuator_armed__type_support.hpp
[55.114s] -- Up-to-date: /home/maizaied03/ros2_ws/install/px4_msgs/include/px4_msgs/px4_msgs/msg/detail/sensor_temp__traits.hpp
[55.114s] -- Up-to-date: /home/maizaied03/ros2_ws/install/px4_msgs/include/px4_msgs/px4_msgs/msg/detail/uavcan_parameter_request__struct.hpp
[55.114s] -- Up-to-date: /home/maizaied03/ros2_ws/install/px4_msgs/include/px4_msgs/px4_msgs/msg/detail/airspeed__builder.hpp
[55.114s] -- Up-to-date: /home/maizaied03/ros2_ws/install/px4_msgs/include/px4_msgs/px4_msgs/msg/detail/rover_attitude_setpoint__builder.hpp
[55.114s] -- Up-to-date: /home/maizaied03/ros2_ws/install/px4_msgs/include/px4_msgs/px4_msgs/msg/detail/actuator_servos__builder.hpp
[55.114s] -- Up-to-date: /home/maizaied03/ros2_ws/install/px4_msgs/include/px4_msgs/px4_msgs/msg/detail/fixed_wing_lateral_guidance_status__builder.hpp
[55.114s] -- Up-to-date: /home/maizaied03/ros2_ws/install/px4_msgs/include/px4_msgs/px4_msgs/msg/detail/arming_check_reply__traits.hpp
[55.114s] -- Up-to-date: /home/maizaied03/ros2_ws/install/px4_msgs/include/px4_msgs/px4_msgs/msg/detail/rover_attitude_status__traits.hpp
[55.115s] -- Up-to-date: /home/maizaied03/ros2_ws/install/px4_msgs/include/px4_msgs/px4_msgs/msg/detail/camera_capture__struct.hpp
[55.115s] -- Up-to-date: /home/maizaied03/ros2_ws/install/px4_msgs/include/px4_msgs/px4_msgs/msg/detail/parameter_update__struct.hpp
[55.115s] -- Up-to-date: /home/maizaied03/ros2_ws/install/px4_msgs/include/px4_msgs/px4_msgs/msg/detail/longitudinal_control_configuration__struct.hpp
[55.115s] -- Up-to-date: /home/maizaied03/ros2_ws/install/px4_msgs/include/px4_msgs/px4_msgs/msg/detail/debug_vect__type_support.hpp
[55.115s] -- Up-to-date: /home/maizaied03/ros2_ws/install/px4_msgs/include/px4_msgs/px4_msgs/msg/detail/sensor_baro__traits.hpp
[55.115s] -- Up-to-date: /home/maizaied03/ros2_ws/install/px4_msgs/include/px4_msgs/px4_msgs/msg/detail/airspeed_wind__builder.hpp
[55.115s] -- Up-to-date: /home/maizaied03/ros2_ws/install/px4_msgs/include/px4_msgs/px4_msgs/msg/detail/trajectory_setpoint6dof__builder.hpp
[55.115s] -- Up-to-date: /home/maizaied03/ros2_ws/install/px4_msgs/include/px4_msgs/px4_msgs/msg/detail/input_rc__traits.hpp
[55.115s] -- Up-to-date: /home/maizaied03/ros2_ws/install/px4_msgs/include/px4_msgs/px4_msgs/msg/detail/estimator_status_flags__struct.hpp
[55.115s] -- Up-to-date: /home/maizaied03/ros2_ws/install/px4_msgs/include/px4_msgs/px4_msgs/msg/detail/radio_status__struct.hpp
[55.115s] -- Up-to-date: /home/maizaied03/ros2_ws/install/px4_msgs/include/px4_msgs/px4_msgs/msg/detail/input_rc__struct.hpp
[55.115s] -- Up-to-date: /home/maizaied03/ros2_ws/install/px4_msgs/include/px4_msgs/px4_msgs/msg/detail/gimbal_manager_set_attitude__traits.hpp
[55.115s] -- Up-to-date: /home/maizaied03/ros2_ws/install/px4_msgs/include/px4_msgs/px4_msgs/msg/detail/health_report__traits.hpp
[55.115s] -- Up-to-date: /home/maizaied03/ros2_ws/install/px4_msgs/include/px4_msgs/px4_msgs/msg/detail/flight_phase_estimation__builder.hpp
[55.115s] -- Up-to-date: /home/maizaied03/ros2_ws/install/px4_msgs/include/px4_msgs/px4_msgs/msg/detail/sensors_status_imu__builder.hpp
[55.115s] -- Up-to-date: /home/maizaied03/ros2_ws/install/px4_msgs/include/px4_msgs/px4_msgs/msg/detail/airspeed__type_support.hpp
[55.115s] -- Up-to-date: /home/maizaied03/ros2_ws/install/px4_msgs/include/px4_msgs/px4_msgs/msg/detail/follow_target_status__struct.hpp
[55.115s] -- Up-to-date: /home/maizaied03/ros2_ws/install/px4_msgs/include/px4_msgs/px4_msgs/msg/detail/differential_pressure__builder.hpp
[55.115s] -- Up-to-date: /home/maizaied03/ros2_ws/install/px4_msgs/include/px4_msgs/px4_msgs/msg/detail/transponder_report__traits.hpp
[55.115s] -- Up-to-date: /home/maizaied03/ros2_ws/install/px4_msgs/include/px4_msgs/px4_msgs/msg/detail/satellite_info__struct.hpp
[55.115s] -- Up-to-date: /home/maizaied03/ros2_ws/install/px4_msgs/include/px4_msgs/px4_msgs/msg/detail/rover_throttle_setpoint__builder.hpp
[55.116s] -- Up-to-date: /home/maizaied03/ros2_ws/install/px4_msgs/include/px4_msgs/px4_msgs/msg/detail/battery_info__struct.hpp
[55.116s] -- Up-to-date: /home/maizaied03/ros2_ws/install/px4_msgs/include/px4_msgs/px4_msgs/msg/detail/rtl_time_estimate__type_support.hpp
[55.116s] -- Up-to-date: /home/maizaied03/ros2_ws/install/px4_msgs/include/px4_msgs/px4_msgs/msg/detail/estimator_bias__builder.hpp
[55.116s] -- Up-to-date: /home/maizaied03/ros2_ws/install/px4_msgs/include/px4_msgs/px4_msgs/msg/detail/vehicle_command_ack__type_support.hpp
[55.116s] -- Up-to-date: /home/maizaied03/ros2_ws/install/px4_msgs/include/px4_msgs/px4_msgs/msg/detail/open_drone_id_system__struct.hpp
[55.116s] -- Up-to-date: /home/maizaied03/ros2_ws/install/px4_msgs/include/px4_msgs/px4_msgs/msg/detail/actuator_servos_trim__builder.hpp
[55.116s] -- Up-to-date: /home/maizaied03/ros2_ws/install/px4_msgs/include/px4_msgs/px4_msgs/msg/detail/timesync_status__traits.hpp
[55.116s] -- Up-to-date: /home/maizaied03/ros2_ws/install/px4_msgs/include/px4_msgs/px4_msgs/msg/detail/rover_position_setpoint__builder.hpp
[55.116s] -- Up-to-date: /home/maizaied03/ros2_ws/install/px4_msgs/include/px4_msgs/px4_msgs/msg/detail/rpm__traits.hpp
[55.116s] -- Up-to-date: /home/maizaied03/ros2_ws/install/px4_msgs/include/px4_msgs/px4_msgs/msg/detail/longitudinal_control_configuration__traits.hpp
[55.116s] -- Up-to-date: /home/maizaied03/ros2_ws/install/px4_msgs/include/px4_msgs/px4_msgs/msg/detail/sensor_mag__traits.hpp
[55.116s] -- Up-to-date: /home/maizaied03/ros2_ws/install/px4_msgs/include/px4_msgs/px4_msgs/msg/detail/landing_gear_wheel__type_support.hpp
[55.116s] -- Up-to-date: /home/maizaied03/ros2_ws/install/px4_msgs/include/px4_msgs/px4_msgs/msg/detail/config_overrides__builder.hpp
[55.116s] -- Up-to-date: /home/maizaied03/ros2_ws/install/px4_msgs/include/px4_msgs/px4_msgs/msg/detail/gpio_out__type_support.hpp
[55.116s] -- Up-to-date: /home/maizaied03/ros2_ws/install/px4_msgs/include/px4_msgs/px4_msgs/msg/detail/rc_parameter_map__builder.hpp
[55.116s] -- Up-to-date: /home/maizaied03/ros2_ws/install/px4_msgs/include/px4_msgs/px4_msgs/msg/detail/actuator_outputs__builder.hpp
[55.116s] -- Up-to-date: /home/maizaied03/ros2_ws/install/px4_msgs/include/px4_msgs/px4_msgs/msg/detail/debug_array__type_support.hpp
[55.116s] -- Up-to-date: /home/maizaied03/ros2_ws/install/px4_msgs/include/px4_msgs/px4_msgs/msg/detail/trajectory_setpoint6dof__type_support.hpp
[55.116s] -- Up-to-date: /home/maizaied03/ros2_ws/install/px4_msgs/include/px4_msgs/px4_msgs/msg/detail/vehicle_optical_flow__type_support.hpp
[55.116s] -- Up-to-date: /home/maizaied03/ros2_ws/install/px4_msgs/include/px4_msgs/px4_msgs/msg/detail/velocity_limits__traits.hpp
[55.116s] -- Up-to-date: /home/maizaied03/ros2_ws/install/px4_msgs/include/px4_msgs/px4_msgs/msg/detail/mission_result__builder.hpp
[55.116s] -- Up-to-date: /home/maizaied03/ros2_ws/install/px4_msgs/include/px4_msgs/px4_msgs/msg/detail/wind__struct.hpp
[55.116s] -- Up-to-date: /home/maizaied03/ros2_ws/install/px4_msgs/include/px4_msgs/px4_msgs/msg/detail/px4io_status__type_support.hpp
[55.116s] -- Up-to-date: /home/maizaied03/ros2_ws/install/px4_msgs/include/px4_msgs/px4_msgs/msg/detail/vehicle_local_position_setpoint__builder.hpp
[55.117s] -- Up-to-date: /home/maizaied03/ros2_ws/install/px4_msgs/include/px4_msgs/px4_msgs/msg/detail/vehicle_acceleration__builder.hpp
[55.117s] -- Up-to-date: /home/maizaied03/ros2_ws/install/px4_msgs/include/px4_msgs/px4_msgs/msg/detail/estimator_gps_status__struct.hpp
[55.117s] -- Up-to-date: /home/maizaied03/ros2_ws/install/px4_msgs/include/px4_msgs/px4_msgs/msg/detail/tune_control__builder.hpp
[55.117s] -- Up-to-date: /home/maizaied03/ros2_ws/install/px4_msgs/include/px4_msgs/px4_msgs/msg/detail/vehicle_roi__builder.hpp
[55.117s] -- Up-to-date: /home/maizaied03/ros2_ws/install/px4_msgs/include/px4_msgs/px4_msgs/msg/detail/event__struct.hpp
[55.117s] -- Up-to-date: /home/maizaied03/ros2_ws/install/px4_msgs/include/px4_msgs/px4_msgs/msg/detail/radio_status__traits.hpp
[55.117s] -- Up-to-date: /home/maizaied03/ros2_ws/install/px4_msgs/include/px4_msgs/px4_msgs/msg/detail/message_format_request__struct.hpp
[55.117s] -- Up-to-date: /home/maizaied03/ros2_ws/install/px4_msgs/include/px4_msgs/px4_msgs/msg/detail/ping__builder.hpp
[55.117s] -- Up-to-date: /home/maizaied03/ros2_ws/install/px4_msgs/include/px4_msgs/px4_msgs/msg/detail/gripper__builder.hpp
[55.117s] -- Up-to-date: /home/maizaied03/ros2_ws/install/px4_msgs/include/px4_msgs/px4_msgs/msg/detail/open_drone_id_operator_id__struct.hpp
[55.117s] -- Up-to-date: /home/maizaied03/ros2_ws/install/px4_msgs/include/px4_msgs/px4_msgs/msg/detail/offboard_control_mode__builder.hpp
[55.117s] -- Up-to-date: /home/maizaied03/ros2_ws/install/px4_msgs/include/px4_msgs/px4_msgs/msg/detail/estimator_sensor_bias__builder.hpp
[55.117s] -- Up-to-date: /home/maizaied03/ros2_ws/install/px4_msgs/include/px4_msgs/px4_msgs/msg/detail/sensor_optical_flow__type_support.hpp
[55.117s] -- Up-to-date: /home/maizaied03/ros2_ws/install/px4_msgs/include/px4_msgs/px4_msgs/msg/detail/esc_report__struct.hpp
[55.117s] -- Up-to-date: /home/maizaied03/ros2_ws/install/px4_msgs/include/px4_msgs/px4_msgs/msg/detail/open_drone_id_operator_id__builder.hpp
[55.117s] -- Up-to-date: /home/maizaied03/ros2_ws/install/px4_msgs/include/px4_msgs/px4_msgs/msg/detail/sensor_mag__builder.hpp
[55.117s] -- Up-to-date: /home/maizaied03/ros2_ws/install/px4_msgs/include/px4_msgs/px4_msgs/msg/detail/failure_detector_status__traits.hpp
[55.117s] -- Up-to-date: /home/maizaied03/ros2_ws/install/px4_msgs/include/px4_msgs/px4_msgs/msg/detail/vehicle_command__struct.hpp
[55.117s] -- Up-to-date: /home/maizaied03/ros2_ws/install/px4_msgs/include/px4_msgs/px4_msgs/msg/detail/ulog_stream_ack__type_support.hpp
[55.117s] -- Up-to-date: /home/maizaied03/ros2_ws/install/px4_msgs/include/px4_msgs/px4_msgs/msg/detail/ekf2_timestamps__traits.hpp
[55.117s] -- Up-to-date: /home/maizaied03/ros2_ws/install/px4_msgs/include/px4_msgs/px4_msgs/msg/detail/vehicle_thrust_setpoint__traits.hpp
[55.117s] -- Up-to-date: /home/maizaied03/ros2_ws/install/px4_msgs/include/px4_msgs/px4_msgs/msg/detail/position_controller_landing_status__struct.hpp
[55.118s] -- Up-to-date: /home/maizaied03/ros2_ws/install/px4_msgs/include/px4_msgs/px4_msgs/msg/detail/tiltrotor_extra_controls__struct.hpp
[55.118s] -- Up-to-date: /home/maizaied03/ros2_ws/install/px4_msgs/include/px4_msgs/px4_msgs/msg/detail/follow_target_status__builder.hpp
[55.118s] -- Up-to-date: /home/maizaied03/ros2_ws/install/px4_msgs/include/px4_msgs/px4_msgs/msg/detail/position_setpoint_triplet__builder.hpp
[55.118s] -- Up-to-date: /home/maizaied03/ros2_ws/install/px4_msgs/include/px4_msgs/px4_msgs/msg/detail/estimator_bias3d__builder.hpp
[55.118s] -- Up-to-date: /home/maizaied03/ros2_ws/install/px4_msgs/include/px4_msgs/px4_msgs/msg/detail/can_interface_status__struct.hpp
[55.118s] -- Up-to-date: /home/maizaied03/ros2_ws/install/px4_msgs/include/px4_msgs/px4_msgs/msg/detail/follow_target_status__traits.hpp
[55.118s] -- Up-to-date: /home/maizaied03/ros2_ws/install/px4_msgs/include/px4_msgs/px4_msgs/msg/detail/px4io_status__builder.hpp
[55.118s] -- Up-to-date: /home/maizaied03/ros2_ws/install/px4_msgs/include/px4_msgs/px4_msgs/msg/detail/arming_check_reply__builder.hpp
[55.118s] -- Up-to-date: /home/maizaied03/ros2_ws/install/px4_msgs/include/px4_msgs/px4_msgs/msg/detail/pps_capture__builder.hpp
[55.118s] -- Up-to-date: /home/maizaied03/ros2_ws/install/px4_msgs/include/px4_msgs/px4_msgs/msg/detail/actuator_controls_status__type_support.hpp
[55.118s] -- Up-to-date: /home/maizaied03/ros2_ws/install/px4_msgs/include/px4_msgs/px4_msgs/msg/detail/manual_control_switches__builder.hpp
[55.118s] -- Up-to-date: /home/maizaied03/ros2_ws/install/px4_msgs/include/px4_msgs/px4_msgs/msg/detail/vehicle_angular_acceleration_setpoint__builder.hpp
[55.118s] -- Up-to-date: /home/maizaied03/ros2_ws/install/px4_msgs/include/px4_msgs/px4_msgs/msg/detail/rover_throttle_setpoint__traits.hpp
[55.118s] -- Up-to-date: /home/maizaied03/ros2_ws/install/px4_msgs/include/px4_msgs/px4_msgs/msg/detail/open_drone_id_self_id__traits.hpp
[55.118s] -- Up-to-date: /home/maizaied03/ros2_ws/install/px4_msgs/include/px4_msgs/px4_msgs/msg/detail/gpio_out__builder.hpp
[55.119s] -- Up-to-date: /home/maizaied03/ros2_ws/install/px4_msgs/include/px4_msgs/px4_msgs/msg/detail/unregister_ext_component__traits.hpp
[55.119s] -- Up-to-date: /home/maizaied03/ros2_ws/install/px4_msgs/include/px4_msgs/px4_msgs/msg/detail/gpio_config__builder.hpp
[55.119s] -- Up-to-date: /home/maizaied03/ros2_ws/install/px4_msgs/include/px4_msgs/px4_msgs/msg/detail/autotune_attitude_control_status__traits.hpp
[55.119s] -- Up-to-date: /home/maizaied03/ros2_ws/install/px4_msgs/include/px4_msgs/px4_msgs/msg/detail/mavlink_tunnel__type_support.hpp
[55.119s] -- Up-to-date: /home/maizaied03/ros2_ws/install/px4_msgs/include/px4_msgs/px4_msgs/msg/detail/rover_steering_setpoint__builder.hpp
[55.119s] -- Up-to-date: /home/maizaied03/ros2_ws/install/px4_msgs/include/px4_msgs/px4_msgs/msg/detail/message_format_request__type_support.hpp
[55.119s] -- Up-to-date: /home/maizaied03/ros2_ws/install/px4_msgs/include/px4_msgs/px4_msgs/msg/detail/debug_value__traits.hpp
[55.119s] -- Up-to-date: /home/maizaied03/ros2_ws/install/px4_msgs/include/px4_msgs/px4_msgs/msg/detail/heater_status__builder.hpp
[55.119s] -- Up-to-date: /home/maizaied03/ros2_ws/install/px4_msgs/include/px4_msgs/px4_msgs/msg/detail/autotune_attitude_control_status__type_support.hpp
[55.119s] -- Up-to-date: /home/maizaied03/ros2_ws/install/px4_msgs/include/px4_msgs/px4_msgs/msg/detail/position_setpoint_triplet__traits.hpp
[55.119s] -- Up-to-date: /home/maizaied03/ros2_ws/install/px4_msgs/include/px4_msgs/px4_msgs/msg/detail/sensor_hygrometer__type_support.hpp
[55.119s] -- Up-to-date: /home/maizaied03/ros2_ws/install/px4_msgs/include/px4_msgs/px4_msgs/msg/detail/hover_thrust_estimate__traits.hpp
[55.119s] -- Up-to-date: /home/maizaied03/ros2_ws/install/px4_msgs/include/px4_msgs/px4_msgs/msg/detail/pwm_input__builder.hpp
[55.119s] -- Up-to-date: /home/maizaied03/ros2_ws/install/px4_msgs/include/px4_msgs/px4_msgs/msg/detail/sensors_status_imu__type_support.hpp
[55.119s] -- Up-to-date: /home/maizaied03/ros2_ws/install/px4_msgs/include/px4_msgs/px4_msgs/msg/detail/vtx__traits.hpp
[55.119s] -- Up-to-date: /home/maizaied03/ros2_ws/install/px4_msgs/include/px4_msgs/px4_msgs/msg/detail/position_setpoint_triplet__struct.hpp
[55.119s] -- Up-to-date: /home/maizaied03/ros2_ws/install/px4_msgs/include/px4_msgs/px4_msgs/msg/detail/unregister_ext_component__struct.hpp
[55.119s] -- Up-to-date: /home/maizaied03/ros2_ws/install/px4_msgs/include/px4_msgs/px4_msgs/msg/detail/estimator_bias__traits.hpp
[55.119s] -- Up-to-date: /home/maizaied03/ros2_ws/install/px4_msgs/include/px4_msgs/px4_msgs/msg/detail/sensor_uwb__struct.hpp
[55.119s] -- Up-to-date: /home/maizaied03/ros2_ws/install/px4_msgs/include/px4_msgs/px4_msgs/msg/detail/estimator_aid_source1d__traits.hpp
[55.119s] -- Up-to-date: /home/maizaied03/ros2_ws/install/px4_msgs/include/px4_msgs/px4_msgs/msg/detail/normalized_unsigned_setpoint__builder.hpp
[55.119s] -- Up-to-date: /home/maizaied03/ros2_ws/install/px4_msgs/include/px4_msgs/px4_msgs/msg/detail/health_report__type_support.hpp
[55.119s] -- Up-to-date: /home/maizaied03/ros2_ws/install/px4_msgs/include/px4_msgs/px4_msgs/msg/detail/vehicle_roi__struct.hpp
[55.119s] -- Up-to-date: /home/maizaied03/ros2_ws/install/px4_msgs/include/px4_msgs/px4_msgs/msg/detail/fixed_wing_runway_control__builder.hpp
[55.119s] -- Up-to-date: /home/maizaied03/ros2_ws/install/px4_msgs/include/px4_msgs/px4_msgs/msg/detail/device_information__struct.hpp
[55.119s] -- Up-to-date: /home/maizaied03/ros2_ws/install/px4_msgs/include/px4_msgs/px4_msgs/msg/detail/battery_status__builder.hpp
[55.119s] -- Up-to-date: /home/maizaied03/ros2_ws/install/px4_msgs/include/px4_msgs/px4_msgs/msg/detail/sensor_gyro_fft__traits.hpp
[55.119s] -- Up-to-date: /home/maizaied03/ros2_ws/install/px4_msgs/include/px4_msgs/px4_msgs/msg/detail/vehicle_torque_setpoint__builder.hpp
[55.120s] -- Up-to-date: /home/maizaied03/ros2_ws/install/px4_msgs/include/px4_msgs/px4_msgs/msg/detail/position_setpoint__traits.hpp
[55.120s] -- Up-to-date: /home/maizaied03/ros2_ws/install/px4_msgs/include/px4_msgs/px4_msgs/msg/detail/sensor_accel_fifo__builder.hpp
[55.120s] -- Up-to-date: /home/maizaied03/ros2_ws/install/px4_msgs/include/px4_msgs/px4_msgs/msg/detail/estimator_states__builder.hpp
[55.120s] -- Up-to-date: /home/maizaied03/ros2_ws/install/px4_msgs/include/px4_msgs/px4_msgs/msg/detail/sensor_uwb__type_support.hpp
[55.120s] -- Up-to-date: /home/maizaied03/ros2_ws/install/px4_msgs/include/px4_msgs/px4_msgs/msg/detail/landing_target_innovations__type_support.hpp
[55.120s] -- Up-to-date: /home/maizaied03/ros2_ws/install/px4_msgs/include/px4_msgs/px4_msgs/msg/detail/unregister_ext_component__type_support.hpp
[55.120s] -- Up-to-date: /home/maizaied03/ros2_ws/install/px4_msgs/include/px4_msgs/px4_msgs/msg/detail/vehicle_imu__traits.hpp
[55.120s] -- Up-to-date: /home/maizaied03/ros2_ws/install/px4_msgs/include/px4_msgs/px4_msgs/msg/detail/gpio_config__type_support.hpp
[55.120s] -- Up-to-date: /home/maizaied03/ros2_ws/install/px4_msgs/include/px4_msgs/px4_msgs/msg/detail/lateral_control_configuration__struct.hpp
[55.120s] -- Up-to-date: /home/maizaied03/ros2_ws/install/px4_msgs/include/px4_msgs/px4_msgs/msg/detail/goto_setpoint__traits.hpp
[55.120s] -- Up-to-date: /home/maizaied03/ros2_ws/install/px4_msgs/include/px4_msgs/px4_msgs/msg/detail/battery_status__struct.hpp
[55.120s] -- Up-to-date: /home/maizaied03/ros2_ws/install/px4_msgs/include/px4_msgs/px4_msgs/msg/detail/rover_speed_setpoint__builder.hpp
[55.120s] -- Up-to-date: /home/maizaied03/ros2_ws/install/px4_msgs/include/px4_msgs/px4_msgs/msg/detail/airspeed_validated__traits.hpp
[55.120s] -- Up-to-date: /home/maizaied03/ros2_ws/install/px4_msgs/include/px4_msgs/px4_msgs/msg/detail/button_event__traits.hpp
[55.120s] -- Up-to-date: /home/maizaied03/ros2_ws/install/px4_msgs/include/px4_msgs/px4_msgs/msg/detail/yaw_estimator_status__traits.hpp
[55.120s] -- Up-to-date: /home/maizaied03/ros2_ws/install/px4_msgs/include/px4_msgs/px4_msgs/msg/detail/mavlink_log__type_support.hpp
[55.120s] -- Up-to-date: /home/maizaied03/ros2_ws/install/px4_msgs/include/px4_msgs/px4_msgs/msg/detail/parameter_set_value_request__builder.hpp
[55.120s] -- Up-to-date: /home/maizaied03/ros2_ws/install/px4_msgs/include/px4_msgs/px4_msgs/msg/detail/longitudinal_control_configuration__builder.hpp
[55.120s] -- Up-to-date: /home/maizaied03/ros2_ws/install/px4_msgs/include/px4_msgs/px4_msgs/msg/detail/mag_worker_data__type_support.hpp
[55.120s] -- Up-to-date: /home/maizaied03/ros2_ws/install/px4_msgs/include/px4_msgs/px4_msgs/msg/detail/gimbal_device_information__traits.hpp
[55.120s] -- Up-to-date: /home/maizaied03/ros2_ws/install/px4_msgs/include/px4_msgs/px4_msgs/msg/detail/device_information__builder.hpp
[55.120s] -- Up-to-date: /home/maizaied03/ros2_ws/install/px4_msgs/include/px4_msgs/px4_msgs/msg/detail/failure_detector_status__type_support.hpp
[55.120s] -- Up-to-date: /home/maizaied03/ros2_ws/install/px4_msgs/include/px4_msgs/px4_msgs/msg/detail/rover_attitude_status__type_support.hpp
[55.120s] -- Up-to-date: /home/maizaied03/ros2_ws/install/px4_msgs/include/px4_msgs/px4_msgs/msg/detail/orb_test__type_support.hpp
[55.120s] -- Up-to-date: /home/maizaied03/ros2_ws/install/px4_msgs/include/px4_msgs/px4_msgs/msg/detail/mission__builder.hpp
[55.120s] -- Up-to-date: /home/maizaied03/ros2_ws/install/px4_msgs/include/px4_msgs/px4_msgs/msg/detail/position_controller_landing_status__type_support.hpp
[55.120s] -- Up-to-date: /home/maizaied03/ros2_ws/install/px4_msgs/include/px4_msgs/px4_msgs/msg/detail/action_request__builder.hpp
[55.120s] -- Up-to-date: /home/maizaied03/ros2_ws/install/px4_msgs/include/px4_msgs/px4_msgs/msg/detail/esc_report__type_support.hpp
[55.120s] -- Up-to-date: /home/maizaied03/ros2_ws/install/px4_msgs/include/px4_msgs/px4_msgs/msg/detail/fixed_wing_lateral_setpoint__struct.hpp
[55.120s] -- Up-to-date: /home/maizaied03/ros2_ws/install/px4_msgs/include/px4_msgs/px4_msgs/msg/detail/ekf2_timestamps__builder.hpp
[55.120s] -- Up-to-date: /home/maizaied03/ros2_ws/install/px4_msgs/include/px4_msgs/px4_msgs/msg/detail/parameter_update__builder.hpp
[55.121s] -- Up-to-date: /home/maizaied03/ros2_ws/install/px4_msgs/include/px4_msgs/px4_msgs/msg/detail/failsafe_flags__type_support.hpp
[55.121s] -- Up-to-date: /home/maizaied03/ros2_ws/install/px4_msgs/include/px4_msgs/px4_msgs/msg/detail/gimbal_manager_status__struct.hpp
[55.121s] -- Up-to-date: /home/maizaied03/ros2_ws/install/px4_msgs/include/px4_msgs/px4_msgs/msg/detail/estimator_bias3d__traits.hpp
[55.121s] -- Up-to-date: /home/maizaied03/ros2_ws/install/px4_msgs/include/px4_msgs/px4_msgs/msg/detail/position_controller_status__struct.hpp
[55.121s] -- Up-to-date: /home/maizaied03/ros2_ws/install/px4_msgs/include/px4_msgs/px4_msgs/msg/detail/follow_target__traits.hpp
[55.121s] -- Up-to-date: /home/maizaied03/ros2_ws/install/px4_msgs/include/px4_msgs/px4_msgs/msg/detail/mag_worker_data__traits.hpp
[55.121s] -- Up-to-date: /home/maizaied03/ros2_ws/install/px4_msgs/include/px4_msgs/px4_msgs/msg/detail/cpuload__builder.hpp
[55.121s] -- Up-to-date: /home/maizaied03/ros2_ws/install/px4_msgs/include/px4_msgs/px4_msgs/msg/detail/airspeed_wind__type_support.hpp
[55.121s] -- Up-to-date: /home/maizaied03/ros2_ws/install/px4_msgs/include/px4_msgs/px4_msgs/msg/detail/actuator_outputs__traits.hpp
[55.121s] -- Up-to-date: /home/maizaied03/ros2_ws/install/px4_msgs/include/px4_msgs/px4_msgs/msg/detail/fixed_wing_runway_control__struct.hpp
[55.121s] -- Up-to-date: /home/maizaied03/ros2_ws/install/px4_msgs/include/px4_msgs/px4_msgs/msg/detail/orb_test__traits.hpp
[55.121s] -- Up-to-date: /home/maizaied03/ros2_ws/install/px4_msgs/include/px4_msgs/px4_msgs/msg/detail/vehicle_attitude_setpoint__struct.hpp
[55.121s] -- Up-to-date: /home/maizaied03/ros2_ws/install/px4_msgs/include/px4_msgs/px4_msgs/msg/detail/sensors_status_imu__struct.hpp
[55.121s] -- Up-to-date: /home/maizaied03/ros2_ws/install/px4_msgs/include/px4_msgs/px4_msgs/msg/detail/event__traits.hpp
[55.121s] -- Up-to-date: /home/maizaied03/ros2_ws/install/px4_msgs/include/px4_msgs/px4_msgs/msg/detail/actuator_armed__traits.hpp
[55.121s] -- Up-to-date: /home/maizaied03/ros2_ws/install/px4_msgs/include/px4_msgs/px4_msgs/msg/detail/esc_status__struct.hpp
[55.121s] -- Up-to-date: /home/maizaied03/ros2_ws/install/px4_msgs/include/px4_msgs/px4_msgs/msg/detail/landing_gear_wheel__struct.hpp
[55.121s] -- Up-to-date: /home/maizaied03/ros2_ws/install/px4_msgs/include/px4_msgs/px4_msgs/msg/detail/navigator_mission_item__type_support.hpp
[55.121s] -- Up-to-date: /home/maizaied03/ros2_ws/install/px4_msgs/include/px4_msgs/px4_msgs/msg/detail/sensor_accel__builder.hpp
[55.121s] -- Up-to-date: /home/maizaied03/ros2_ws/install/px4_msgs/include/px4_msgs/px4_msgs/msg/detail/offboard_control_mode__struct.hpp
[55.121s] -- Up-to-date: /home/maizaied03/ros2_ws/install/px4_msgs/include/px4_msgs/px4_msgs/msg/detail/sensor_combined__builder.hpp
[55.121s] -- Up-to-date: /home/maizaied03/ros2_ws/install/px4_msgs/include/px4_msgs/px4_msgs/msg/detail/estimator_innovations__traits.hpp
[55.121s] -- Up-to-date: /home/maizaied03/ros2_ws/install/px4_msgs/include/px4_msgs/px4_msgs/msg/detail/rover_rate_status__traits.hpp
[55.121s] -- Up-to-date: /home/maizaied03/ros2_ws/install/px4_msgs/include/px4_msgs/px4_msgs/msg/detail/tune_control__type_support.hpp
[55.121s] -- Up-to-date: /home/maizaied03/ros2_ws/install/px4_msgs/include/px4_msgs/px4_msgs/msg/detail/tiltrotor_extra_controls__type_support.hpp
[55.121s] -- Up-to-date: /home/maizaied03/ros2_ws/install/px4_msgs/include/px4_msgs/px4_msgs/msg/detail/actuator_controls_status__struct.hpp
[55.121s] -- Up-to-date: /home/maizaied03/ros2_ws/install/px4_msgs/include/px4_msgs/px4_msgs/msg/detail/gimbal_device_set_attitude__builder.hpp
[55.121s] -- Up-to-date: /home/maizaied03/ros2_ws/install/px4_msgs/include/px4_msgs/px4_msgs/msg/detail/gpio_in__builder.hpp
[55.121s] -- Up-to-date: /home/maizaied03/ros2_ws/install/px4_msgs/include/px4_msgs/px4_msgs/msg/detail/rover_attitude_setpoint__type_support.hpp
[55.121s] -- Up-to-date: /home/maizaied03/ros2_ws/install/px4_msgs/include/px4_msgs/px4_msgs/msg/detail/velocity_limits__struct.hpp
[55.121s] -- Up-to-date: /home/maizaied03/ros2_ws/install/px4_msgs/include/px4_msgs/px4_msgs/msg/detail/vehicle_angular_acceleration_setpoint__type_support.hpp
[55.122s] -- Up-to-date: /home/maizaied03/ros2_ws/install/px4_msgs/include/px4_msgs/px4_msgs/msg/detail/gpio_out__traits.hpp
[55.122s] -- Up-to-date: /home/maizaied03/ros2_ws/install/px4_msgs/include/px4_msgs/px4_msgs/msg/detail/gimbal_device_attitude_status__builder.hpp
[55.122s] -- Up-to-date: /home/maizaied03/ros2_ws/install/px4_msgs/include/px4_msgs/px4_msgs/msg/detail/collision_constraints__traits.hpp
[55.122s] -- Up-to-date: /home/maizaied03/ros2_ws/install/px4_msgs/include/px4_msgs/px4_msgs/msg/detail/message_format_request__builder.hpp
[55.122s] -- Up-to-date: /home/maizaied03/ros2_ws/install/px4_msgs/include/px4_msgs/px4_msgs/msg/detail/message_format_response__type_support.hpp
[55.122s] -- Up-to-date: /home/maizaied03/ros2_ws/install/px4_msgs/include/px4_msgs/px4_msgs/msg/detail/action_request__type_support.hpp
[55.122s] -- Up-to-date: /home/maizaied03/ros2_ws/install/px4_msgs/include/px4_msgs/px4_msgs/msg/detail/raptor_input__traits.hpp
[55.122s] -- Up-to-date: /home/maizaied03/ros2_ws/install/px4_msgs/include/px4_msgs/px4_msgs/msg/detail/input_rc__builder.hpp
[55.122s] -- Up-to-date: /home/maizaied03/ros2_ws/install/px4_msgs/include/px4_msgs/px4_msgs/msg/detail/obstacle_distance__builder.hpp
[55.122s] -- Up-to-date: /home/maizaied03/ros2_ws/install/px4_msgs/include/px4_msgs/px4_msgs/msg/detail/sensor_airflow__builder.hpp
[55.122s] -- Up-to-date: /home/maizaied03/ros2_ws/install/px4_msgs/include/px4_msgs/px4_msgs/msg/detail/fixed_wing_lateral_guidance_status__struct.hpp
[55.122s] -- Up-to-date: /home/maizaied03/ros2_ws/install/px4_msgs/include/px4_msgs/px4_msgs/msg/detail/battery_info__type_support.hpp
[55.122s] -- Up-to-date: /home/maizaied03/ros2_ws/install/px4_msgs/include/px4_msgs/px4_msgs/msg/detail/vehicle_imu_status__builder.hpp
[55.122s] -- Up-to-date: /home/maizaied03/ros2_ws/install/px4_msgs/include/px4_msgs/px4_msgs/msg/detail/uavcan_parameter_request__type_support.hpp
[55.122s] -- Up-to-date: /home/maizaied03/ros2_ws/install/px4_msgs/include/px4_msgs/px4_msgs/msg/detail/transponder_report__type_support.hpp
[55.122s] -- Up-to-date: /home/maizaied03/ros2_ws/install/px4_msgs/include/px4_msgs/px4_msgs/msg/detail/figure_eight_status__struct.hpp
[55.122s] -- Up-to-date: /home/maizaied03/ros2_ws/install/px4_msgs/include/px4_msgs/px4_msgs/msg/detail/failsafe_flags__struct.hpp
[55.122s] -- Up-to-date: /home/maizaied03/ros2_ws/install/px4_msgs/include/px4_msgs/px4_msgs/msg/detail/sensor_gyro_fifo__struct.hpp
[55.122s] -- Up-to-date: /home/maizaied03/ros2_ws/install/px4_msgs/include/px4_msgs/px4_msgs/msg/detail/debug_array__builder.hpp
[55.122s] -- Up-to-date: /home/maizaied03/ros2_ws/install/px4_msgs/include/px4_msgs/px4_msgs/msg/detail/estimator_gps_status__builder.hpp
[55.122s] -- Up-to-date: /home/maizaied03/ros2_ws/install/px4_msgs/include/px4_msgs/px4_msgs/msg/detail/debug_key_value__struct.hpp
[55.122s] -- Up-to-date: /home/maizaied03/ros2_ws/install/px4_msgs/include/px4_msgs/px4_msgs/msg/detail/qshell_req__traits.hpp
[55.122s] -- Up-to-date: /home/maizaied03/ros2_ws/install/px4_msgs/include/px4_msgs/px4_msgs/msg/detail/register_ext_component_reply__builder.hpp
[55.122s] -- Up-to-date: /home/maizaied03/ros2_ws/install/px4_msgs/include/px4_msgs/px4_msgs/msg/detail/sensor_gyro__type_support.hpp
[55.122s] -- Up-to-date: /home/maizaied03/ros2_ws/install/px4_msgs/include/px4_msgs/px4_msgs/msg/detail/mission__struct.hpp
[55.122s] -- Up-to-date: /home/maizaied03/ros2_ws/install/px4_msgs/include/px4_msgs/px4_msgs/msg/detail/gimbal_manager_status__traits.hpp
[55.122s] -- Up-to-date: /home/maizaied03/ros2_ws/install/px4_msgs/include/px4_msgs/px4_msgs/msg/detail/rate_ctrl_status__builder.hpp
[55.122s] -- Up-to-date: /home/maizaied03/ros2_ws/install/px4_msgs/include/px4_msgs/px4_msgs/msg/detail/open_drone_id_arm_status__struct.hpp
[55.122s] -- Up-to-date: /home/maizaied03/ros2_ws/install/px4_msgs/include/px4_msgs/px4_msgs/msg/detail/rover_position_setpoint__traits.hpp
[55.122s] -- Up-to-date: /home/maizaied03/ros2_ws/install/px4_msgs/include/px4_msgs/px4_msgs/msg/detail/fixed_wing_longitudinal_setpoint__type_support.hpp
[55.122s] -- Up-to-date: /home/maizaied03/ros2_ws/install/px4_msgs/include/px4_msgs/px4_msgs/msg/detail/actuator_servos_trim__traits.hpp
[55.123s] -- Up-to-date: /home/maizaied03/ros2_ws/install/px4_msgs/include/px4_msgs/px4_msgs/msg/detail/fixed_wing_runway_control__traits.hpp
[55.123s] -- Up-to-date: /home/maizaied03/ros2_ws/install/px4_msgs/include/px4_msgs/px4_msgs/msg/detail/estimator_aid_source3d__builder.hpp
[55.123s] -- Up-to-date: /home/maizaied03/ros2_ws/install/px4_msgs/include/px4_msgs/px4_msgs/msg/detail/differential_pressure__type_support.hpp
[55.123s] -- Up-to-date: /home/maizaied03/ros2_ws/install/px4_msgs/include/px4_msgs/px4_msgs/msg/detail/dataman_request__type_support.hpp
[55.123s] -- Up-to-date: /home/maizaied03/ros2_ws/install/px4_msgs/include/px4_msgs/px4_msgs/msg/detail/landing_target_pose__traits.hpp
[55.123s] -- Up-to-date: /home/maizaied03/ros2_ws/install/px4_msgs/include/px4_msgs/px4_msgs/msg/detail/mission__type_support.hpp
[55.123s] -- Up-to-date: /home/maizaied03/ros2_ws/install/px4_msgs/include/px4_msgs/px4_msgs/msg/detail/distance_sensor_mode_change_request__struct.hpp
[55.123s] -- Up-to-date: /home/maizaied03/ros2_ws/install/px4_msgs/include/px4_msgs/px4_msgs/msg/detail/fixed_wing_lateral_status__type_support.hpp
[55.123s] -- Up-to-date: /home/maizaied03/ros2_ws/install/px4_msgs/include/px4_msgs/px4_msgs/msg/detail/mavlink_log__traits.hpp
[55.123s] -- Up-to-date: /home/maizaied03/ros2_ws/install/px4_msgs/include/px4_msgs/px4_msgs/msg/detail/vehicle_angular_velocity__traits.hpp
[55.123s] -- Up-to-date: /home/maizaied03/ros2_ws/install/px4_msgs/include/px4_msgs/px4_msgs/msg/detail/distance_sensor_mode_change_request__type_support.hpp
[55.123s] -- Up-to-date: /home/maizaied03/ros2_ws/install/px4_msgs/include/px4_msgs/px4_msgs/msg/detail/power_monitor__struct.hpp
[55.123s] -- Up-to-date: /home/maizaied03/ros2_ws/install/px4_msgs/include/px4_msgs/px4_msgs/msg/detail/ping__struct.hpp
[55.123s] -- Up-to-date: /home/maizaied03/ros2_ws/install/px4_msgs/include/px4_msgs/px4_msgs/msg/detail/landing_gear__traits.hpp
[55.123s] -- Up-to-date: /home/maizaied03/ros2_ws/install/px4_msgs/include/px4_msgs/px4_msgs/msg/detail/collision_constraints__builder.hpp
[55.123s] -- Up-to-date: /home/maizaied03/ros2_ws/install/px4_msgs/include/px4_msgs/px4_msgs/msg/detail/gimbal_device_set_attitude__struct.hpp
[55.123s] -- Up-to-date: /home/maizaied03/ros2_ws/install/px4_msgs/include/px4_msgs/px4_msgs/msg/detail/gripper__traits.hpp
[55.123s] -- Up-to-date: /home/maizaied03/ros2_ws/install/px4_msgs/include/px4_msgs/px4_msgs/msg/detail/vehicle_command_ack__builder.hpp
[55.123s] -- Up-to-date: /home/maizaied03/ros2_ws/install/px4_msgs/include/px4_msgs/px4_msgs/msg/detail/ulog_stream_ack__struct.hpp
[55.123s] -- Up-to-date: /home/maizaied03/ros2_ws/install/px4_msgs/include/px4_msgs/px4_msgs/msg/detail/vehicle_rates_setpoint__traits.hpp
[55.123s] -- Up-to-date: /home/maizaied03/ros2_ws/install/px4_msgs/include/px4_msgs/px4_msgs/msg/detail/battery_status__type_support.hpp
[55.123s] -- Up-to-date: /home/maizaied03/ros2_ws/install/px4_msgs/include/px4_msgs/px4_msgs/msg/detail/sensor_gyro__struct.hpp
[55.123s] -- Up-to-date: /home/maizaied03/ros2_ws/install/px4_msgs/include/px4_msgs/px4_msgs/msg/detail/parameter_set_value_request__struct.hpp
[55.123s] -- Up-to-date: /home/maizaied03/ros2_ws/install/px4_msgs/include/px4_msgs/px4_msgs/msg/detail/home_position__builder.hpp
[55.123s] -- Up-to-date: /home/maizaied03/ros2_ws/install/px4_msgs/include/px4_msgs/px4_msgs/msg/detail/register_ext_component_reply__struct.hpp
[55.123s] -- Up-to-date: /home/maizaied03/ros2_ws/install/px4_msgs/include/px4_msgs/px4_msgs/msg/detail/gimbal_manager_status__type_support.hpp
[55.123s] -- Up-to-date: /home/maizaied03/ros2_ws/install/px4_msgs/include/px4_msgs/px4_msgs/msg/detail/landing_gear__type_support.hpp
[55.123s] -- Up-to-date: /home/maizaied03/ros2_ws/install/px4_msgs/include/px4_msgs/px4_msgs/msg/detail/adc_report__struct.hpp
[55.123s] -- Up-to-date: /home/maizaied03/ros2_ws/install/px4_msgs/include/px4_msgs/px4_msgs/msg/detail/follow_target_estimator__type_support.hpp
[55.123s] -- Up-to-date: /home/maizaied03/ros2_ws/install/px4_msgs/include/px4_msgs/px4_msgs/msg/detail/mount_orientation__type_support.hpp
[55.123s] -- Up-to-date: /home/maizaied03/ros2_ws/install/px4_msgs/include/px4_msgs/px4_msgs/msg/detail/power_monitor__traits.hpp
[55.124s] -- Up-to-date: /home/maizaied03/ros2_ws/install/px4_msgs/include/px4_msgs/px4_msgs/msg/detail/raptor_status__struct.hpp
[55.124s] -- Up-to-date: /home/maizaied03/ros2_ws/install/px4_msgs/include/px4_msgs/px4_msgs/msg/detail/rover_speed_setpoint__struct.hpp
[55.124s] -- Up-to-date: /home/maizaied03/ros2_ws/install/px4_msgs/include/px4_msgs/px4_msgs/msg/detail/parameter_set_used_request__type_support.hpp
[55.124s] -- Up-to-date: /home/maizaied03/ros2_ws/install/px4_msgs/include/px4_msgs/px4_msgs/msg/detail/led_control__struct.hpp
[55.124s] -- Up-to-date: /home/maizaied03/ros2_ws/install/px4_msgs/include/px4_msgs/px4_msgs/msg/detail/vehicle_rates_setpoint__type_support.hpp
[55.124s] -- Up-to-date: /home/maizaied03/ros2_ws/install/px4_msgs/include/px4_msgs/px4_msgs/msg/detail/fixed_wing_longitudinal_setpoint__builder.hpp
[55.124s] -- Up-to-date: /home/maizaied03/ros2_ws/install/px4_msgs/include/px4_msgs/px4_msgs/msg/detail/register_ext_component_request__struct.hpp
[55.124s] -- Up-to-date: /home/maizaied03/ros2_ws/install/px4_msgs/include/px4_msgs/px4_msgs/msg/detail/hover_thrust_estimate__builder.hpp
[55.124s] -- Up-to-date: /home/maizaied03/ros2_ws/install/px4_msgs/include/px4_msgs/px4_msgs/msg/detail/launch_detection_status__traits.hpp
[55.124s] -- Up-to-date: /home/maizaied03/ros2_ws/install/px4_msgs/include/px4_msgs/px4_msgs/msg/detail/geofence_status__type_support.hpp
[55.124s] -- Up-to-date: /home/maizaied03/ros2_ws/install/px4_msgs/include/px4_msgs/px4_msgs/msg/detail/sensors_status_imu__traits.hpp
[55.124s] -- Up-to-date: /home/maizaied03/ros2_ws/install/px4_msgs/include/px4_msgs/px4_msgs/msg/detail/sensor_gnss_status__traits.hpp
[55.124s] -- Up-to-date: /home/maizaied03/ros2_ws/install/px4_msgs/include/px4_msgs/px4_msgs/msg/detail/ping__traits.hpp
[55.124s] -- Up-to-date: /home/maizaied03/ros2_ws/install/px4_msgs/include/px4_msgs/px4_msgs/msg/detail/px4io_status__struct.hpp
[55.124s] -- Up-to-date: /home/maizaied03/ros2_ws/install/px4_msgs/include/px4_msgs/px4_msgs/msg/detail/yaw_estimator_status__struct.hpp
[55.124s] -- Up-to-date: /home/maizaied03/ros2_ws/install/px4_msgs/include/px4_msgs/px4_msgs/msg/detail/debug_value__builder.hpp
[55.124s] -- Up-to-date: /home/maizaied03/ros2_ws/install/px4_msgs/include/px4_msgs/px4_msgs/msg/detail/gpio_config__traits.hpp
[55.124s] -- Up-to-date: /home/maizaied03/ros2_ws/install/px4_msgs/include/px4_msgs/px4_msgs/msg/detail/rover_position_setpoint__type_support.hpp
[55.124s] -- Up-to-date: /home/maizaied03/ros2_ws/install/px4_msgs/include/px4_msgs/px4_msgs/msg/detail/open_drone_id_system__traits.hpp
[55.124s] -- Up-to-date: /home/maizaied03/ros2_ws/install/px4_msgs/include/px4_msgs/px4_msgs/msg/detail/parameter_set_used_request__struct.hpp
[55.124s] -- Up-to-date: /home/maizaied03/ros2_ws/install/px4_msgs/include/px4_msgs/px4_msgs/msg/detail/vehicle_acceleration__type_support.hpp
[55.124s] -- Up-to-date: /home/maizaied03/ros2_ws/install/px4_msgs/include/px4_msgs/px4_msgs/msg/detail/mavlink_tunnel__builder.hpp
[55.124s] -- Up-to-date: /home/maizaied03/ros2_ws/install/px4_msgs/include/px4_msgs/px4_msgs/msg/detail/geofence_result__struct.hpp
[55.124s] -- Up-to-date: /home/maizaied03/ros2_ws/install/px4_msgs/include/px4_msgs/px4_msgs/msg/detail/failure_detector_status__builder.hpp
[55.124s] -- Up-to-date: /home/maizaied03/ros2_ws/install/px4_msgs/include/px4_msgs/px4_msgs/msg/detail/dronecan_node_status__builder.hpp
[55.124s] -- Up-to-date: /home/maizaied03/ros2_ws/install/px4_msgs/include/px4_msgs/px4_msgs/msg/detail/ulog_stream_ack__traits.hpp
[55.124s] -- Up-to-date: /home/maizaied03/ros2_ws/install/px4_msgs/include/px4_msgs/px4_msgs/msg/detail/logger_status__traits.hpp
[55.124s] -- Up-to-date: /home/maizaied03/ros2_ws/install/px4_msgs/include/px4_msgs/px4_msgs/msg/detail/estimator_gps_status__type_support.hpp
[55.124s] -- Up-to-date: /home/maizaied03/ros2_ws/install/px4_msgs/include/px4_msgs/px4_msgs/msg/detail/position_controller_status__builder.hpp
[55.124s] -- Up-to-date: /home/maizaied03/ros2_ws/install/px4_msgs/include/px4_msgs/px4_msgs/msg/detail/estimator_event_flags__traits.hpp
[55.124s] -- Up-to-date: /home/maizaied03/ros2_ws/install/px4_msgs/include/px4_msgs/px4_msgs/msg/detail/power_monitor__type_support.hpp
[55.125s] -- Up-to-date: /home/maizaied03/ros2_ws/install/px4_msgs/include/px4_msgs/px4_msgs/msg/detail/sensor_correction__struct.hpp
[55.125s] -- Up-to-date: /home/maizaied03/ros2_ws/install/px4_msgs/include/px4_msgs/px4_msgs/msg/detail/gimbal_device_information__type_support.hpp
[55.125s] -- Up-to-date: /home/maizaied03/ros2_ws/install/px4_msgs/include/px4_msgs/px4_msgs/msg/detail/gpio_request__type_support.hpp
[55.125s] -- Up-to-date: /home/maizaied03/ros2_ws/install/px4_msgs/include/px4_msgs/px4_msgs/msg/detail/orbit_status__type_support.hpp
[55.125s] -- Up-to-date: /home/maizaied03/ros2_ws/install/px4_msgs/include/px4_msgs/px4_msgs/msg/detail/rtl_status__builder.hpp
[55.125s] -- Up-to-date: /home/maizaied03/ros2_ws/install/px4_msgs/include/px4_msgs/px4_msgs/msg/detail/gimbal_manager_information__struct.hpp
[55.125s] -- Up-to-date: /home/maizaied03/ros2_ws/install/px4_msgs/include/px4_msgs/px4_msgs/msg/detail/system_power__traits.hpp
[55.125s] -- Up-to-date: /home/maizaied03/ros2_ws/install/px4_msgs/include/px4_msgs/px4_msgs/msg/detail/irlock_report__builder.hpp
[55.125s] -- Up-to-date: /home/maizaied03/ros2_ws/install/px4_msgs/include/px4_msgs/px4_msgs/msg/detail/estimator_innovations__type_support.hpp
[55.125s] -- Up-to-date: /home/maizaied03/ros2_ws/install/px4_msgs/include/px4_msgs/px4_msgs/msg/detail/rover_throttle_setpoint__struct.hpp
[55.125s] -- Up-to-date: /home/maizaied03/ros2_ws/install/px4_msgs/include/px4_msgs/px4_msgs/msg/detail/pps_capture__traits.hpp
[55.125s] -- Up-to-date: /home/maizaied03/ros2_ws/install/px4_msgs/include/px4_msgs/px4_msgs/msg/detail/heater_status__type_support.hpp
[55.125s] -- Up-to-date: /home/maizaied03/ros2_ws/install/px4_msgs/include/px4_msgs/px4_msgs/msg/detail/vehicle_local_position__type_support.hpp
[55.125s] -- Up-to-date: /home/maizaied03/ros2_ws/install/px4_msgs/include/px4_msgs/px4_msgs/msg/detail/gpio_in__traits.hpp
[55.125s] -- Up-to-date: /home/maizaied03/ros2_ws/install/px4_msgs/include/px4_msgs/px4_msgs/msg/detail/actuator_test__struct.hpp
[55.125s] -- Up-to-date: /home/maizaied03/ros2_ws/install/px4_msgs/include/px4_msgs/px4_msgs/msg/detail/vehicle_land_detected__traits.hpp
[55.125s] -- Up-to-date: /home/maizaied03/ros2_ws/install/px4_msgs/include/px4_msgs/px4_msgs/msg/detail/control_allocator_status__traits.hpp
[55.125s] -- Up-to-date: /home/maizaied03/ros2_ws/install/px4_msgs/include/px4_msgs/px4_msgs/msg/detail/internal_combustion_engine_status__builder.hpp
[55.125s] -- Up-to-date: /home/maizaied03/ros2_ws/install/px4_msgs/include/px4_msgs/px4_msgs/msg/detail/vehicle_optical_flow_vel__type_support.hpp
[55.125s] -- Up-to-date: /home/maizaied03/ros2_ws/install/px4_msgs/include/px4_msgs/px4_msgs/msg/detail/generator_status__builder.hpp
[55.125s] -- Up-to-date: /home/maizaied03/ros2_ws/install/px4_msgs/include/px4_msgs/px4_msgs/msg/detail/geofence_status__traits.hpp
[55.125s] -- Up-to-date: /home/maizaied03/ros2_ws/install/px4_msgs/include/px4_msgs/px4_msgs/msg/detail/rover_speed_status__builder.hpp
[55.125s] -- Up-to-date: /home/maizaied03/ros2_ws/install/px4_msgs/include/px4_msgs/px4_msgs/msg/detail/rover_rate_status__builder.hpp
[55.125s] -- Up-to-date: /home/maizaied03/ros2_ws/install/px4_msgs/include/px4_msgs/px4_msgs/msg/detail/failsafe_flags__traits.hpp
[55.125s] -- Up-to-date: /home/maizaied03/ros2_ws/install/px4_msgs/include/px4_msgs/px4_msgs/msg/detail/sensor_airflow__traits.hpp
[55.125s] -- Up-to-date: /home/maizaied03/ros2_ws/install/px4_msgs/include/px4_msgs/px4_msgs/msg/detail/dronecan_node_status__type_support.hpp
[55.125s] -- Up-to-date: /home/maizaied03/ros2_ws/install/px4_msgs/include/px4_msgs/px4_msgs/msg/detail/navigator_mission_item__struct.hpp
[55.125s] -- Up-to-date: /home/maizaied03/ros2_ws/install/px4_msgs/include/px4_msgs/px4_msgs/msg/detail/manual_control_setpoint__struct.hpp
[55.125s] -- Up-to-date: /home/maizaied03/ros2_ws/install/px4_msgs/include/px4_msgs/px4_msgs/msg/detail/camera_status__struct.hpp
[55.125s] -- Up-to-date: /home/maizaied03/ros2_ws/install/px4_msgs/include/px4_msgs/px4_msgs/msg/detail/rtl_time_estimate__struct.hpp
[55.125s] -- Up-to-date: /home/maizaied03/ros2_ws/install/px4_msgs/include/px4_msgs/px4_msgs/msg/detail/generator_status__type_support.hpp
[55.126s] -- Up-to-date: /home/maizaied03/ros2_ws/install/px4_msgs/include/px4_msgs/px4_msgs/msg/detail/sensor_temp__builder.hpp
[55.126s] -- Up-to-date: /home/maizaied03/ros2_ws/install/px4_msgs/include/px4_msgs/px4_msgs/msg/detail/position_setpoint_triplet__type_support.hpp
[55.126s] -- Up-to-date: /home/maizaied03/ros2_ws/install/px4_msgs/include/px4_msgs/px4_msgs/msg/detail/task_stack_info__type_support.hpp
[55.126s] -- Up-to-date: /home/maizaied03/ros2_ws/install/px4_msgs/include/px4_msgs/px4_msgs/msg/detail/vtol_vehicle_status__struct.hpp
[55.126s] -- Up-to-date: /home/maizaied03/ros2_ws/install/px4_msgs/include/px4_msgs/px4_msgs/msg/detail/failure_detector_status__struct.hpp
[55.126s] -- Up-to-date: /home/maizaied03/ros2_ws/install/px4_msgs/include/px4_msgs/px4_msgs/msg/detail/rover_steering_setpoint__struct.hpp
[55.126s] -- Up-to-date: /home/maizaied03/ros2_ws/install/px4_msgs/include/px4_msgs/px4_msgs/msg/detail/sensors_status__traits.hpp
[55.126s] -- Up-to-date: /home/maizaied03/ros2_ws/install/px4_msgs/include/px4_msgs/px4_msgs/msg/detail/arming_check_request__builder.hpp
[55.126s] -- Up-to-date: /home/maizaied03/ros2_ws/install/px4_msgs/include/px4_msgs/px4_msgs/msg/detail/manual_control_switches__type_support.hpp
[55.126s] -- Up-to-date: /home/maizaied03/ros2_ws/install/px4_msgs/include/px4_msgs/px4_msgs/msg/detail/onboard_computer_status__struct.hpp
[55.126s] -- Up-to-date: /home/maizaied03/ros2_ws/install/px4_msgs/include/px4_msgs/px4_msgs/msg/detail/gimbal_device_attitude_status__type_support.hpp
[55.126s] -- Up-to-date: /home/maizaied03/ros2_ws/install/px4_msgs/include/px4_msgs/px4_msgs/msg/detail/message_format_response__builder.hpp
[55.126s] -- Up-to-date: /home/maizaied03/ros2_ws/install/px4_msgs/include/px4_msgs/px4_msgs/msg/detail/position_controller_status__traits.hpp
[55.126s] -- Up-to-date: /home/maizaied03/ros2_ws/install/px4_msgs/include/px4_msgs/px4_msgs/msg/detail/irlock_report__type_support.hpp
[55.126s] -- Up-to-date: /home/maizaied03/ros2_ws/install/px4_msgs/include/px4_msgs/px4_msgs/msg/detail/fixed_wing_lateral_status__builder.hpp
[55.126s] -- Up-to-date: /home/maizaied03/ros2_ws/install/px4_msgs/include/px4_msgs/px4_msgs/msg/detail/ping__type_support.hpp
[55.126s] -- Up-to-date: /home/maizaied03/ros2_ws/install/px4_msgs/include/px4_msgs/px4_msgs/msg/detail/can_interface_status__builder.hpp
[55.126s] -- Up-to-date: /home/maizaied03/ros2_ws/install/px4_msgs/include/px4_msgs/px4_msgs/msg/detail/orb_test_medium__type_support.hpp
[55.126s] -- Up-to-date: /home/maizaied03/ros2_ws/install/px4_msgs/include/px4_msgs/px4_msgs/msg/detail/power_monitor__builder.hpp
[55.126s] -- Up-to-date: /home/maizaied03/ros2_ws/install/px4_msgs/include/px4_msgs/px4_msgs/msg/detail/open_drone_id_arm_status__type_support.hpp
[55.126s] -- Up-to-date: /home/maizaied03/ros2_ws/install/px4_msgs/include/px4_msgs/px4_msgs/msg/detail/gpio_config__struct.hpp
[55.126s] -- Up-to-date: /home/maizaied03/ros2_ws/install/px4_msgs/include/px4_msgs/px4_msgs/msg/detail/airspeed_validated__builder.hpp
[55.126s] -- Up-to-date: /home/maizaied03/ros2_ws/install/px4_msgs/include/px4_msgs/px4_msgs/msg/detail/vehicle_attitude__type_support.hpp
[55.126s] -- Up-to-date: /home/maizaied03/ros2_ws/install/px4_msgs/include/px4_msgs/px4_msgs/msg/detail/logger_status__builder.hpp
[55.126s] -- Up-to-date: /home/maizaied03/ros2_ws/install/px4_msgs/include/px4_msgs/px4_msgs/msg/detail/uavcan_parameter_value__type_support.hpp
[55.126s] -- Up-to-date: /home/maizaied03/ros2_ws/install/px4_msgs/include/px4_msgs/px4_msgs/msg/detail/vehicle_constraints__type_support.hpp
[55.126s] -- Up-to-date: /home/maizaied03/ros2_ws/install/px4_msgs/include/px4_msgs/px4_msgs/msg/detail/onboard_computer_status__type_support.hpp
[55.126s] -- Up-to-date: /home/maizaied03/ros2_ws/install/px4_msgs/include/px4_msgs/px4_msgs/msg/detail/log_message__struct.hpp
[55.126s] -- Up-to-date: /home/maizaied03/ros2_ws/install/px4_msgs/include/px4_msgs/px4_msgs/msg/detail/rc_channels__struct.hpp
[55.126s] -- Up-to-date: /home/maizaied03/ros2_ws/install/px4_msgs/include/px4_msgs/px4_msgs/msg/detail/gain_compression__traits.hpp
[55.126s] -- Up-to-date: /home/maizaied03/ros2_ws/install/px4_msgs/include/px4_msgs/px4_msgs/msg/detail/fixed_wing_longitudinal_setpoint__traits.hpp
[55.127s] -- Up-to-date: /home/maizaied03/ros2_ws/install/px4_msgs/include/px4_msgs/px4_msgs/msg/detail/dronecan_node_status__struct.hpp
[55.127s] -- Up-to-date: /home/maizaied03/ros2_ws/install/px4_msgs/include/px4_msgs/px4_msgs/msg/detail/camera_status__traits.hpp
[55.127s] -- Up-to-date: /home/maizaied03/ros2_ws/install/px4_msgs/include/px4_msgs/px4_msgs/msg/detail/pps_capture__struct.hpp
[55.127s] -- Up-to-date: /home/maizaied03/ros2_ws/install/px4_msgs/include/px4_msgs/px4_msgs/msg/detail/failsafe_flags__builder.hpp
[55.127s] -- Up-to-date: /home/maizaied03/ros2_ws/install/px4_msgs/include/px4_msgs/px4_msgs/msg/detail/obstacle_distance__traits.hpp
[55.127s] -- Up-to-date: /home/maizaied03/ros2_ws/install/px4_msgs/include/px4_msgs/px4_msgs/msg/detail/internal_combustion_engine_control__builder.hpp
[55.127s] -- Up-to-date: /home/maizaied03/ros2_ws/install/px4_msgs/include/px4_msgs/px4_msgs/msg/detail/vtx__struct.hpp
[55.127s] -- Up-to-date: /home/maizaied03/ros2_ws/install/px4_msgs/include/px4_msgs/px4_msgs/msg/detail/vehicle_optical_flow_vel__struct.hpp
[55.127s] -- Up-to-date: /home/maizaied03/ros2_ws/install/px4_msgs/include/px4_msgs/px4_msgs/msg/detail/sensor_selection__builder.hpp
[55.127s] -- Up-to-date: /home/maizaied03/ros2_ws/install/px4_msgs/include/px4_msgs/px4_msgs/msg/detail/actuator_servos__traits.hpp
[55.127s] -- Up-to-date: /home/maizaied03/ros2_ws/install/px4_msgs/include/px4_msgs/px4_msgs/msg/detail/ulog_stream__traits.hpp
[55.127s] -- Up-to-date: /home/maizaied03/ros2_ws/install/px4_msgs/include/px4_msgs/px4_msgs/msg/detail/velocity_limits__type_support.hpp
[55.127s] -- Up-to-date: /home/maizaied03/ros2_ws/install/px4_msgs/include/px4_msgs/px4_msgs/msg/detail/fixed_wing_lateral_setpoint__traits.hpp
[55.127s] -- Up-to-date: /home/maizaied03/ros2_ws/install/px4_msgs/include/px4_msgs/px4_msgs/msg/detail/rover_rate_setpoint__traits.hpp
[55.127s] -- Up-to-date: /home/maizaied03/ros2_ws/install/px4_msgs/include/px4_msgs/px4_msgs/msg/detail/pwm_input__type_support.hpp
[55.127s] -- Up-to-date: /home/maizaied03/ros2_ws/install/px4_msgs/include/px4_msgs/px4_msgs/msg/detail/airspeed__struct.hpp
[55.127s] -- Up-to-date: /home/maizaied03/ros2_ws/install/px4_msgs/include/px4_msgs/px4_msgs/msg/detail/rtl_status__traits.hpp
[55.127s] -- Up-to-date: /home/maizaied03/ros2_ws/install/px4_msgs/include/px4_msgs/px4_msgs/msg/detail/vehicle_control_mode__type_support.hpp
[55.127s] -- Up-to-date: /home/maizaied03/ros2_ws/install/px4_msgs/include/px4_msgs/px4_msgs/msg/detail/estimator_states__traits.hpp
[55.127s] -- Up-to-date: /home/maizaied03/ros2_ws/install/px4_msgs/include/px4_msgs/px4_msgs/msg/detail/esc_status__builder.hpp
[55.127s] -- Up-to-date: /home/maizaied03/ros2_ws/install/px4_msgs/include/px4_msgs/px4_msgs/msg/detail/estimator_aid_source1d__type_support.hpp
[55.127s] -- Up-to-date: /home/maizaied03/ros2_ws/install/px4_msgs/include/px4_msgs/px4_msgs/msg/detail/neural_control__struct.hpp
[55.127s] -- Up-to-date: /home/maizaied03/ros2_ws/install/px4_msgs/include/px4_msgs/px4_msgs/msg/detail/orb_test_medium__traits.hpp
[55.127s] -- Up-to-date: /home/maizaied03/ros2_ws/install/px4_msgs/include/px4_msgs/px4_msgs/msg/detail/debug_key_value__builder.hpp
[55.127s] -- Up-to-date: /home/maizaied03/ros2_ws/install/px4_msgs/include/px4_msgs/px4_msgs/msg/detail/sensor_optical_flow__builder.hpp
[55.127s] -- Up-to-date: /home/maizaied03/ros2_ws/install/px4_msgs/include/px4_msgs/px4_msgs/msg/detail/rover_steering_setpoint__type_support.hpp
[55.127s] -- Up-to-date: /home/maizaied03/ros2_ws/install/px4_msgs/include/px4_msgs/px4_msgs/msg/detail/estimator_gps_status__traits.hpp
[55.127s] -- Up-to-date: /home/maizaied03/ros2_ws/install/px4_msgs/include/px4_msgs/px4_msgs/msg/detail/gripper__struct.hpp
[55.127s] -- Up-to-date: /home/maizaied03/ros2_ws/install/px4_msgs/include/px4_msgs/px4_msgs/msg/detail/landing_target_pose__type_support.hpp
[55.127s] -- Up-to-date: /home/maizaied03/ros2_ws/install/px4_msgs/include/px4_msgs/px4_msgs/msg/detail/gps_dump__builder.hpp
[55.127s] -- Up-to-date: /home/maizaied03/ros2_ws/install/px4_msgs/include/px4_msgs/px4_msgs/msg/detail/estimator_status__struct.hpp
[55.128s] -- Up-to-date: /home/maizaied03/ros2_ws/install/px4_msgs/include/px4_msgs/px4_msgs/msg/detail/sensor_gnss_relative__builder.hpp
[55.128s] -- Up-to-date: /home/maizaied03/ros2_ws/install/px4_msgs/include/px4_msgs/px4_msgs/msg/detail/transponder_report__builder.hpp
[55.128s] -- Up-to-date: /home/maizaied03/ros2_ws/install/px4_msgs/include/px4_msgs/px4_msgs/msg/detail/actuator_outputs__struct.hpp
[55.128s] -- Up-to-date: /home/maizaied03/ros2_ws/install/px4_msgs/include/px4_msgs/px4_msgs/msg/detail/satellite_info__type_support.hpp
[55.128s] -- Up-to-date: /home/maizaied03/ros2_ws/install/px4_msgs/include/px4_msgs/px4_msgs/msg/detail/parameter_set_value_request__type_support.hpp
[55.128s] -- Up-to-date: /home/maizaied03/ros2_ws/install/px4_msgs/include/px4_msgs/px4_msgs/msg/detail/vehicle_global_position__struct.hpp
[55.128s] -- Up-to-date: /home/maizaied03/ros2_ws/install/px4_msgs/include/px4_msgs/px4_msgs/msg/detail/ulog_stream__type_support.hpp
[55.128s] -- Up-to-date: /home/maizaied03/ros2_ws/install/px4_msgs/include/px4_msgs/px4_msgs/msg/detail/sensor_correction__type_support.hpp
[55.128s] -- Up-to-date: /home/maizaied03/ros2_ws/install/px4_msgs/include/px4_msgs/px4_msgs/msg/detail/gimbal_manager_status__builder.hpp
[55.128s] -- Up-to-date: /home/maizaied03/ros2_ws/install/px4_msgs/include/px4_msgs/px4_msgs/msg/detail/longitudinal_control_configuration__type_support.hpp
[55.128s] -- Up-to-date: /home/maizaied03/ros2_ws/install/px4_msgs/include/px4_msgs/px4_msgs/msg/detail/obstacle_distance__type_support.hpp
[55.128s] -- Up-to-date: /home/maizaied03/ros2_ws/install/px4_msgs/include/px4_msgs/px4_msgs/msg/detail/irlock_report__traits.hpp
[55.128s] -- Up-to-date: /home/maizaied03/ros2_ws/install/px4_msgs/include/px4_msgs/px4_msgs/msg/detail/sensor_gyro_fft__struct.hpp
[55.128s] -- Up-to-date: /home/maizaied03/ros2_ws/install/px4_msgs/include/px4_msgs/px4_msgs/msg/detail/power_button_state__type_support.hpp
[55.128s] -- Up-to-date: /home/maizaied03/ros2_ws/install/px4_msgs/include/px4_msgs/px4_msgs/msg/detail/mode_completed__traits.hpp
[55.128s] -- Up-to-date: /home/maizaied03/ros2_ws/install/px4_msgs/include/px4_msgs/px4_msgs/msg/detail/can_interface_status__type_support.hpp
[55.128s] -- Up-to-date: /home/maizaied03/ros2_ws/install/px4_msgs/include/px4_msgs/px4_msgs/msg/detail/vehicle_command__builder.hpp
[55.128s] -- Up-to-date: /home/maizaied03/ros2_ws/install/px4_msgs/include/px4_msgs/px4_msgs/msg/detail/esc_report__traits.hpp
[55.128s] -- Up-to-date: /home/maizaied03/ros2_ws/install/px4_msgs/include/px4_msgs/px4_msgs/msg/detail/estimator_sensor_bias__struct.hpp
[55.128s] -- Up-to-date: /home/maizaied03/ros2_ws/install/px4_msgs/include/px4_msgs/px4_msgs/msg/detail/estimator_selector_status__type_support.hpp
[55.128s] -- Up-to-date: /home/maizaied03/ros2_ws/install/px4_msgs/include/px4_msgs/px4_msgs/msg/detail/mission_result__traits.hpp
[55.128s] -- Up-to-date: /home/maizaied03/ros2_ws/install/px4_msgs/include/px4_msgs/px4_msgs/msg/detail/adc_report__builder.hpp
[55.128s] -- Up-to-date: /home/maizaied03/ros2_ws/install/px4_msgs/include/px4_msgs/px4_msgs/msg/detail/uavcan_parameter_value__builder.hpp
[55.128s] -- Up-to-date: /home/maizaied03/ros2_ws/install/px4_msgs/include/px4_msgs/px4_msgs/msg/detail/arming_check_reply__type_support.hpp
[55.128s] -- Up-to-date: /home/maizaied03/ros2_ws/install/px4_msgs/include/px4_msgs/px4_msgs/msg/detail/rover_rate_setpoint__struct.hpp
[55.128s] -- Up-to-date: /home/maizaied03/ros2_ws/install/px4_msgs/include/px4_msgs/px4_msgs/msg/detail/gimbal_device_information__struct.hpp
[55.128s] -- Up-to-date: /home/maizaied03/ros2_ws/install/px4_msgs/include/px4_msgs/px4_msgs/msg/detail/led_control__builder.hpp
[55.128s] -- Up-to-date: /home/maizaied03/ros2_ws/install/px4_msgs/include/px4_msgs/px4_msgs/msg/detail/qshell_retval__type_support.hpp
[55.128s] -- Up-to-date: /home/maizaied03/ros2_ws/install/px4_msgs/include/px4_msgs/px4_msgs/msg/detail/rover_rate_setpoint__builder.hpp
[55.128s] -- Up-to-date: /home/maizaied03/ros2_ws/install/px4_msgs/include/px4_msgs/px4_msgs/msg/detail/vehicle_status__struct.hpp
[55.128s] -- Up-to-date: /home/maizaied03/ros2_ws/install/px4_msgs/include/px4_msgs/px4_msgs/msg/detail/ulog_stream__struct.hpp
[55.128s] -- Up-to-date: /home/maizaied03/ros2_ws/install/px4_msgs/include/px4_msgs/px4_msgs/msg/detail/normalized_unsigned_setpoint__type_support.hpp
[55.129s] -- Up-to-date: /home/maizaied03/ros2_ws/install/px4_msgs/include/px4_msgs/px4_msgs/msg/detail/vehicle_torque_setpoint__traits.hpp
[55.129s] -- Up-to-date: /home/maizaied03/ros2_ws/install/px4_msgs/include/px4_msgs/px4_msgs/msg/detail/unregister_ext_component__builder.hpp
[55.129s] -- Up-to-date: /home/maizaied03/ros2_ws/install/px4_msgs/include/px4_msgs/px4_msgs/msg/detail/vehicle_local_position__struct.hpp
[55.129s] -- Up-to-date: /home/maizaied03/ros2_ws/install/px4_msgs/include/px4_msgs/px4_msgs/msg/detail/follow_target__builder.hpp
[55.129s] -- Up-to-date: /home/maizaied03/ros2_ws/install/px4_msgs/include/px4_msgs/px4_msgs/msg/detail/fixed_wing_lateral_setpoint__builder.hpp
[55.129s] -- Up-to-date: /home/maizaied03/ros2_ws/install/px4_msgs/include/px4_msgs/px4_msgs/msg/detail/open_drone_id_self_id__type_support.hpp
[55.129s] -- Up-to-date: /home/maizaied03/ros2_ws/install/px4_msgs/include/px4_msgs/px4_msgs/msg/detail/raptor_status__traits.hpp
[55.129s] -- Up-to-date: /home/maizaied03/ros2_ws/install/px4_msgs/include/px4_msgs/px4_msgs/msg/detail/estimator_aid_source1d__struct.hpp
[55.129s] -- Up-to-date: /home/maizaied03/ros2_ws/install/px4_msgs/include/px4_msgs/px4_msgs/msg/detail/config_overrides__type_support.hpp
[55.129s] -- Up-to-date: /home/maizaied03/ros2_ws/install/px4_msgs/include/px4_msgs/px4_msgs/msg/detail/system_power__struct.hpp
[55.129s] -- Up-to-date: /home/maizaied03/ros2_ws/install/px4_msgs/include/px4_msgs/px4_msgs/msg/detail/estimator_status_flags__builder.hpp
[55.129s] -- Up-to-date: /home/maizaied03/ros2_ws/install/px4_msgs/include/px4_msgs/px4_msgs/msg/detail/satellite_info__traits.hpp
[55.129s] -- Up-to-date: /home/maizaied03/ros2_ws/install/px4_msgs/include/px4_msgs/px4_msgs/msg/detail/register_ext_component_request__builder.hpp
[55.129s] -- Up-to-date: /home/maizaied03/ros2_ws/install/px4_msgs/include/px4_msgs/px4_msgs/msg/detail/debug_vect__traits.hpp
[55.129s] -- Up-to-date: /home/maizaied03/ros2_ws/install/px4_msgs/include/px4_msgs/px4_msgs/msg/detail/vehicle_global_position__builder.hpp
[55.129s] -- Up-to-date: /home/maizaied03/ros2_ws/install/px4_msgs/include/px4_msgs/px4_msgs/msg/detail/sensor_correction__traits.hpp
[55.129s] -- Up-to-date: /home/maizaied03/ros2_ws/install/px4_msgs/include/px4_msgs/px4_msgs/msg/detail/estimator_aid_source2d__type_support.hpp
[55.129s] -- Up-to-date: /home/maizaied03/ros2_ws/install/px4_msgs/include/px4_msgs/px4_msgs/msg/detail/landing_target_pose__builder.hpp
[55.129s] -- Up-to-date: /home/maizaied03/ros2_ws/install/px4_msgs/include/px4_msgs/px4_msgs/msg/detail/task_stack_info__traits.hpp
[55.129s] -- Up-to-date: /home/maizaied03/ros2_ws/install/px4_msgs/include/px4_msgs/px4_msgs/msg/detail/satellite_info__builder.hpp
[55.129s] -- Up-to-date: /home/maizaied03/ros2_ws/install/px4_msgs/include/px4_msgs/px4_msgs/msg/detail/sensor_accel_fifo__traits.hpp
[55.129s] -- Up-to-date: /home/maizaied03/ros2_ws/install/px4_msgs/include/px4_msgs/px4_msgs/msg/detail/tune_control__struct.hpp
[55.129s] -- Up-to-date: /home/maizaied03/ros2_ws/install/px4_msgs/include/px4_msgs/px4_msgs/msg/detail/orb_test_medium__struct.hpp
[55.129s] -- Up-to-date: /home/maizaied03/ros2_ws/install/px4_msgs/include/px4_msgs/px4_msgs/msg/detail/dronecan_node_status__traits.hpp
[55.129s] -- Up-to-date: /home/maizaied03/ros2_ws/install/px4_msgs/include/px4_msgs/px4_msgs/msg/detail/timesync_status__builder.hpp
[55.129s] -- Up-to-date: /home/maizaied03/ros2_ws/install/px4_msgs/include/px4_msgs/px4_msgs/msg/detail/internal_combustion_engine_control__traits.hpp
[55.129s] -- Up-to-date: /home/maizaied03/ros2_ws/install/px4_msgs/include/px4_msgs/px4_msgs/msg/detail/debug_key_value__traits.hpp
[55.129s] -- Up-to-date: /home/maizaied03/ros2_ws/install/px4_msgs/include/px4_msgs/px4_msgs/msg/detail/mount_orientation__traits.hpp
[55.129s] -- Up-to-date: /home/maizaied03/ros2_ws/install/px4_msgs/include/px4_msgs/px4_msgs/msg/detail/estimator_aid_source2d__builder.hpp
[55.129s] -- Up-to-date: /home/maizaied03/ros2_ws/install/px4_msgs/include/px4_msgs/px4_msgs/msg/detail/vehicle_thrust_setpoint__builder.hpp
[55.129s] -- Up-to-date: /home/maizaied03/ros2_ws/install/px4_msgs/include/px4_msgs/px4_msgs/msg/detail/iridiumsbd_status__traits.hpp
[55.130s] -- Up-to-date: /home/maizaied03/ros2_ws/install/px4_msgs/include/px4_msgs/px4_msgs/msg/detail/dataman_request__struct.hpp
[55.130s] -- Up-to-date: /home/maizaied03/ros2_ws/install/px4_msgs/include/px4_msgs/px4_msgs/msg/detail/estimator_innovations__struct.hpp
[55.130s] -- Up-to-date: /home/maizaied03/ros2_ws/install/px4_msgs/include/px4_msgs/px4_msgs/msg/detail/manual_control_switches__traits.hpp
[55.130s] -- Up-to-date: /home/maizaied03/ros2_ws/install/px4_msgs/include/px4_msgs/px4_msgs/msg/detail/raptor_status__type_support.hpp
[55.130s] -- Up-to-date: /home/maizaied03/ros2_ws/install/px4_msgs/include/px4_msgs/px4_msgs/msg/detail/gpio_request__builder.hpp
[55.130s] -- Up-to-date: /home/maizaied03/ros2_ws/install/px4_msgs/include/px4_msgs/px4_msgs/msg/detail/log_message__type_support.hpp
[55.130s] -- Up-to-date: /home/maizaied03/ros2_ws/install/px4_msgs/include/px4_msgs/px4_msgs/msg/detail/sensor_temp__type_support.hpp
[55.130s] -- Up-to-date: /home/maizaied03/ros2_ws/install/px4_msgs/include/px4_msgs/px4_msgs/msg/detail/parameter_reset_request__builder.hpp
[55.130s] -- Up-to-date: /home/maizaied03/ros2_ws/install/px4_msgs/include/px4_msgs/px4_msgs/msg/detail/sensor_preflight_mag__struct.hpp
[55.130s] -- Up-to-date: /home/maizaied03/ros2_ws/install/px4_msgs/include/px4_msgs/px4_msgs/msg/detail/rtl_time_estimate__builder.hpp
[55.130s] -- Up-to-date: /home/maizaied03/ros2_ws/install/px4_msgs/include/px4_msgs/px4_msgs/msg/detail/actuator_servos__struct.hpp
[55.130s] -- Up-to-date: /home/maizaied03/ros2_ws/install/px4_msgs/include/px4_msgs/px4_msgs/msg/detail/flight_phase_estimation__struct.hpp
[55.130s] -- Up-to-date: /home/maizaied03/ros2_ws/install/px4_msgs/include/px4_msgs/px4_msgs/msg/detail/follow_target__struct.hpp
[55.130s] -- Up-to-date: /home/maizaied03/ros2_ws/install/px4_msgs/include/px4_msgs/px4_msgs/msg/detail/differential_pressure__struct.hpp
[55.130s] -- Up-to-date: /home/maizaied03/ros2_ws/install/px4_msgs/include/px4_msgs/px4_msgs/msg/detail/actuator_servos_trim__struct.hpp
[55.130s] -- Up-to-date: /home/maizaied03/ros2_ws/install/px4_msgs/include/px4_msgs/px4_msgs/msg/detail/dataman_request__builder.hpp
[55.130s] -- Up-to-date: /home/maizaied03/ros2_ws/install/px4_msgs/include/px4_msgs/px4_msgs/msg/detail/transponder_report__struct.hpp
[55.130s] -- Up-to-date: /home/maizaied03/ros2_ws/install/px4_msgs/include/px4_msgs/px4_msgs/msg/detail/camera_status__type_support.hpp
[55.130s] -- Up-to-date: /home/maizaied03/ros2_ws/install/px4_msgs/include/px4_msgs/px4_msgs/msg/detail/debug_array__struct.hpp
[55.130s] -- Up-to-date: /home/maizaied03/ros2_ws/install/px4_msgs/include/px4_msgs/px4_msgs/msg/detail/follow_target__type_support.hpp
[55.130s] -- Up-to-date: /home/maizaied03/ros2_ws/install/px4_msgs/include/px4_msgs/px4_msgs/msg/detail/rc_parameter_map__traits.hpp
[55.130s] -- Up-to-date: /home/maizaied03/ros2_ws/install/px4_msgs/include/px4_msgs/px4_msgs/msg/detail/manual_control_switches__struct.hpp
[55.130s] -- Up-to-date: /home/maizaied03/ros2_ws/install/px4_msgs/include/px4_msgs/px4_msgs/msg/detail/mode_completed__builder.hpp
[55.130s] -- Up-to-date: /home/maizaied03/ros2_ws/install/px4_msgs/include/px4_msgs/px4_msgs/msg/detail/vehicle_air_data__traits.hpp
[55.130s] -- Up-to-date: /home/maizaied03/ros2_ws/install/px4_msgs/include/px4_msgs/px4_msgs/msg/detail/vehicle_attitude_setpoint__builder.hpp
[55.130s] -- Up-to-date: /home/maizaied03/ros2_ws/install/px4_msgs/include/px4_msgs/px4_msgs/msg/detail/position_setpoint__struct.hpp
[55.130s] -- Up-to-date: /home/maizaied03/ros2_ws/install/px4_msgs/include/px4_msgs/px4_msgs/msg/detail/vehicle_local_position__traits.hpp
[55.130s] -- Up-to-date: /home/maizaied03/ros2_ws/install/px4_msgs/include/px4_msgs/px4_msgs/msg/detail/vehicle_imu_status__traits.hpp
[55.130s] -- Up-to-date: /home/maizaied03/ros2_ws/install/px4_msgs/include/px4_msgs/px4_msgs/msg/detail/position_setpoint__builder.hpp
[55.130s] -- Up-to-date: /home/maizaied03/ros2_ws/install/px4_msgs/include/px4_msgs/px4_msgs/msg/detail/uavcan_parameter_value__traits.hpp
[55.130s] -- Up-to-date: /home/maizaied03/ros2_ws/install/px4_msgs/include/px4_msgs/px4_msgs/msg/detail/follow_target_status__type_support.hpp
[55.131s] -- Up-to-date: /home/maizaied03/ros2_ws/install/px4_msgs/include/px4_msgs/px4_msgs/msg/detail/dataman_request__traits.hpp
[55.131s] -- Up-to-date: /home/maizaied03/ros2_ws/install/px4_msgs/include/px4_msgs/px4_msgs/msg/detail/gimbal_manager_set_attitude__builder.hpp
[55.131s] -- Up-to-date: /home/maizaied03/ros2_ws/install/px4_msgs/include/px4_msgs/px4_msgs/msg/detail/internal_combustion_engine_status__struct.hpp
[55.131s] -- Up-to-date: /home/maizaied03/ros2_ws/install/px4_msgs/include/px4_msgs/px4_msgs/msg/detail/wheel_encoders__builder.hpp
[55.131s] -- Up-to-date: /home/maizaied03/ros2_ws/install/px4_msgs/include/px4_msgs/px4_msgs/msg/detail/fixed_wing_lateral_guidance_status__traits.hpp
[55.131s] -- Up-to-date: /home/maizaied03/ros2_ws/install/px4_msgs/include/px4_msgs/px4_msgs/msg/detail/sensor_hygrometer__traits.hpp
[55.131s] -- Up-to-date: /home/maizaied03/ros2_ws/install/px4_msgs/include/px4_msgs/px4_msgs/msg/detail/parameter_set_value_response__builder.hpp
[55.131s] -- Up-to-date: /home/maizaied03/ros2_ws/install/px4_msgs/include/px4_msgs/px4_msgs/msg/detail/fixed_wing_lateral_status__struct.hpp
[55.131s] -- Up-to-date: /home/maizaied03/ros2_ws/install/px4_msgs/include/px4_msgs/px4_msgs/msg/detail/input_rc__type_support.hpp
[55.131s] -- Up-to-date: /home/maizaied03/ros2_ws/install/px4_msgs/include/px4_msgs/px4_msgs/msg/detail/estimator_aid_source3d__struct.hpp
[55.131s] -- Up-to-date: /home/maizaied03/ros2_ws/install/px4_msgs/include/px4_msgs/px4_msgs/msg/detail/estimator_sensor_bias__type_support.hpp
[55.131s] -- Up-to-date: /home/maizaied03/ros2_ws/install/px4_msgs/include/px4_msgs/px4_msgs/msg/detail/vehicle_control_mode__builder.hpp
[55.131s] -- Up-to-date: /home/maizaied03/ros2_ws/install/px4_msgs/include/px4_msgs/px4_msgs/msg/detail/magnetometer_bias_estimate__builder.hpp
[55.131s] -- Up-to-date: /home/maizaied03/ros2_ws/install/px4_msgs/include/px4_msgs/px4_msgs/msg/detail/estimator_event_flags__struct.hpp
[55.131s] -- Up-to-date: /home/maizaied03/ros2_ws/install/px4_msgs/include/px4_msgs/px4_msgs/msg/detail/gimbal_controls__builder.hpp
[55.131s] -- Up-to-date: /home/maizaied03/ros2_ws/install/px4_msgs/include/px4_msgs/px4_msgs/msg/detail/vehicle_control_mode__struct.hpp
[55.131s] -- Up-to-date: /home/maizaied03/ros2_ws/install/px4_msgs/include/px4_msgs/px4_msgs/msg/detail/can_interface_status__traits.hpp
[55.131s] -- Up-to-date: /home/maizaied03/ros2_ws/install/px4_msgs/include/px4_msgs/px4_msgs/msg/detail/telemetry_status__struct.hpp
[55.131s] -- Up-to-date: /home/maizaied03/ros2_ws/install/px4_msgs/include/px4_msgs/px4_msgs/msg/detail/vehicle_attitude__struct.hpp
[55.131s] -- Up-to-date: /home/maizaied03/ros2_ws/install/px4_msgs/include/px4_msgs/px4_msgs/msg/detail/register_ext_component_reply__type_support.hpp
[55.131s] -- Up-to-date: /home/maizaied03/ros2_ws/install/px4_msgs/include/px4_msgs/px4_msgs/msg/detail/offboard_control_mode__traits.hpp
[55.131s] -- Up-to-date: /home/maizaied03/ros2_ws/install/px4_msgs/include/px4_msgs/px4_msgs/msg/detail/distance_sensor__type_support.hpp
[55.131s] -- Up-to-date: /home/maizaied03/ros2_ws/install/px4_msgs/include/px4_msgs/px4_msgs/msg/detail/vehicle_local_position_setpoint__type_support.hpp
[55.131s] -- Up-to-date: /home/maizaied03/ros2_ws/install/px4_msgs/include/px4_msgs/px4_msgs/msg/detail/sensors_status__builder.hpp
[55.131s] -- Up-to-date: /home/maizaied03/ros2_ws/install/px4_msgs/include/px4_msgs/px4_msgs/msg/detail/open_drone_id_self_id__builder.hpp
[55.131s] -- Up-to-date: /home/maizaied03/ros2_ws/install/px4_msgs/include/px4_msgs/px4_msgs/msg/detail/manual_control_setpoint__type_support.hpp
[55.131s] -- Up-to-date: /home/maizaied03/ros2_ws/install/px4_msgs/include/px4_msgs/px4_msgs/msg/detail/estimator_status_flags__traits.hpp
[55.131s] -- Up-to-date: /home/maizaied03/ros2_ws/install/px4_msgs/include/px4_msgs/px4_msgs/msg/detail/vehicle_acceleration__struct.hpp
[55.131s] -- Up-to-date: /home/maizaied03/ros2_ws/install/px4_msgs/include/px4_msgs/px4_msgs/msg/detail/orb_test__builder.hpp
[55.131s] -- Up-to-date: /home/maizaied03/ros2_ws/install/px4_msgs/include/px4_msgs/px4_msgs/msg/detail/vehicle_odometry__builder.hpp
[55.131s] -- Up-to-date: /home/maizaied03/ros2_ws/install/px4_msgs/include/px4_msgs/px4_msgs/msg/detail/qshell_req__struct.hpp
[55.132s] -- Up-to-date: /home/maizaied03/ros2_ws/install/px4_msgs/include/px4_msgs/px4_msgs/msg/detail/vehicle_local_position__builder.hpp
[55.132s] -- Up-to-date: /home/maizaied03/ros2_ws/install/px4_msgs/include/px4_msgs/px4_msgs/msg/detail/mount_orientation__builder.hpp
[55.132s] -- Up-to-date: /home/maizaied03/ros2_ws/install/px4_msgs/include/px4_msgs/px4_msgs/msg/detail/pps_capture__type_support.hpp
[55.132s] -- Up-to-date: /home/maizaied03/ros2_ws/install/px4_msgs/include/px4_msgs/px4_msgs/msg/detail/sensor_temp__struct.hpp
[55.132s] -- Up-to-date: /home/maizaied03/ros2_ws/install/px4_msgs/include/px4_msgs/px4_msgs/msg/detail/flight_phase_estimation__type_support.hpp
[55.132s] -- Up-to-date: /home/maizaied03/ros2_ws/install/px4_msgs/include/px4_msgs/px4_msgs/msg/detail/esc_status__traits.hpp
[55.132s] -- Up-to-date: /home/maizaied03/ros2_ws/install/px4_msgs/include/px4_msgs/px4_msgs/msg/detail/sensor_selection__traits.hpp
[55.132s] -- Up-to-date: /home/maizaied03/ros2_ws/install/px4_msgs/include/px4_msgs/px4_msgs/msg/detail/debug_vect__builder.hpp
[55.132s] -- Up-to-date: /home/maizaied03/ros2_ws/install/px4_msgs/include/px4_msgs/px4_msgs/msg/detail/gain_compression__type_support.hpp
[55.132s] -- Up-to-date: /home/maizaied03/ros2_ws/install/px4_msgs/include/px4_msgs/px4_msgs/msg/detail/uavcan_parameter_request__traits.hpp
[55.132s] -- Up-to-date: /home/maizaied03/ros2_ws/install/px4_msgs/include/px4_msgs/px4_msgs/msg/detail/adc_report__traits.hpp
[55.132s] -- Up-to-date: /home/maizaied03/ros2_ws/install/px4_msgs/include/px4_msgs/px4_msgs/msg/detail/gain_compression__builder.hpp
[55.132s] -- Up-to-date: /home/maizaied03/ros2_ws/install/px4_msgs/include/px4_msgs/px4_msgs/msg/detail/vehicle_roi__traits.hpp
[55.132s] -- Up-to-date: /home/maizaied03/ros2_ws/install/px4_msgs/include/px4_msgs/px4_msgs/msg/detail/timesync_status__type_support.hpp
[55.132s] -- Up-to-date: /home/maizaied03/ros2_ws/install/px4_msgs/include/px4_msgs/px4_msgs/msg/detail/airspeed_wind__struct.hpp
[55.132s] -- Up-to-date: /home/maizaied03/ros2_ws/install/px4_msgs/include/px4_msgs/px4_msgs/msg/detail/navigator_status__builder.hpp
[55.132s] -- Up-to-date: /home/maizaied03/ros2_ws/install/px4_msgs/include/px4_msgs/px4_msgs/msg/detail/vehicle_optical_flow__traits.hpp
[55.132s] -- Up-to-date: /home/maizaied03/ros2_ws/install/px4_msgs/include/px4_msgs/px4_msgs/msg/detail/debug_array__traits.hpp
[55.132s] -- Up-to-date: /home/maizaied03/ros2_ws/install/px4_msgs/include/px4_msgs/px4_msgs/msg/detail/ulog_stream__builder.hpp
[55.132s] -- Up-to-date: /home/maizaied03/ros2_ws/install/px4_msgs/include/px4_msgs/px4_msgs/msg/detail/parameter_set_value_response__struct.hpp
[55.132s] -- Up-to-date: /home/maizaied03/ros2_ws/install/px4_msgs/include/px4_msgs/px4_msgs/msg/detail/cpuload__type_support.hpp
[55.132s] -- Up-to-date: /home/maizaied03/ros2_ws/install/px4_msgs/include/px4_msgs/px4_msgs/msg/detail/camera_trigger__traits.hpp
[55.132s] -- Up-to-date: /home/maizaied03/ros2_ws/install/px4_msgs/include/px4_msgs/px4_msgs/msg/detail/open_drone_id_operator_id__type_support.hpp
[55.132s] -- Up-to-date: /home/maizaied03/ros2_ws/install/px4_msgs/include/px4_msgs/px4_msgs/msg/detail/rover_rate_status__struct.hpp
[55.132s] -- Up-to-date: /home/maizaied03/ros2_ws/install/px4_msgs/include/px4_msgs/px4_msgs/msg/detail/rc_channels__traits.hpp
[55.132s] -- Up-to-date: /home/maizaied03/ros2_ws/install/px4_msgs/include/px4_msgs/px4_msgs/msg/detail/actuator_motors__type_support.hpp
[55.132s] -- Up-to-date: /home/maizaied03/ros2_ws/install/px4_msgs/include/px4_msgs/px4_msgs/msg/detail/irlock_report__struct.hpp
[55.132s] -- Up-to-date: /home/maizaied03/ros2_ws/install/px4_msgs/include/px4_msgs/px4_msgs/msg/detail/estimator_status_flags__type_support.hpp
[55.132s] -- Up-to-date: /home/maizaied03/ros2_ws/install/px4_msgs/include/px4_msgs/px4_msgs/msg/detail/camera_status__builder.hpp
[55.132s] -- Up-to-date: /home/maizaied03/ros2_ws/install/px4_msgs/include/px4_msgs/px4_msgs/msg/detail/radio_status__type_support.hpp
[55.132s] -- Up-to-date: /home/maizaied03/ros2_ws/install/px4_msgs/include/px4_msgs/px4_msgs/msg/detail/vehicle_odometry__type_support.hpp
[55.132s] -- Up-to-date: /home/maizaied03/ros2_ws/install/px4_msgs/include/px4_msgs/px4_msgs/msg/detail/rc_parameter_map__struct.hpp
[55.133s] -- Up-to-date: /home/maizaied03/ros2_ws/install/px4_msgs/include/px4_msgs/px4_msgs/msg/detail/airspeed_wind__traits.hpp
[55.133s] -- Up-to-date: /home/maizaied03/ros2_ws/install/px4_msgs/include/px4_msgs/px4_msgs/msg/detail/register_ext_component_reply__traits.hpp
[55.133s] -- Up-to-date: /home/maizaied03/ros2_ws/install/px4_msgs/include/px4_msgs/px4_msgs/msg/detail/open_drone_id_arm_status__traits.hpp
[55.133s] -- Up-to-date: /home/maizaied03/ros2_ws/install/px4_msgs/include/px4_msgs/px4_msgs/msg/detail/sensor_uwb__builder.hpp
[55.133s] -- Up-to-date: /home/maizaied03/ros2_ws/install/px4_msgs/include/px4_msgs/px4_msgs/msg/detail/button_event__builder.hpp
[55.133s] -- Up-to-date: /home/maizaied03/ros2_ws/install/px4_msgs/include/px4_msgs/px4_msgs/msg/detail/home_position__traits.hpp
[55.133s] -- Up-to-date: /home/maizaied03/ros2_ws/install/px4_msgs/include/px4_msgs/px4_msgs/msg/detail/open_drone_id_arm_status__builder.hpp
[55.133s] -- Up-to-date: /home/maizaied03/ros2_ws/install/px4_msgs/include/px4_msgs/px4_msgs/msg/detail/radio_status__builder.hpp
[55.133s] -- Up-to-date: /home/maizaied03/ros2_ws/install/px4_msgs/include/px4_msgs/px4_msgs/msg/detail/internal_combustion_engine_control__struct.hpp
[55.133s] -- Up-to-date: /home/maizaied03/ros2_ws/install/px4_msgs/include/px4_msgs/px4_msgs/msg/detail/fixed_wing_longitudinal_setpoint__struct.hpp
[55.133s] -- Up-to-date: /home/maizaied03/ros2_ws/install/px4_msgs/include/px4_msgs/px4_msgs/msg/detail/heater_status__traits.hpp
[55.133s] -- Up-to-date: /home/maizaied03/ros2_ws/install/px4_msgs/include/px4_msgs/px4_msgs/msg/detail/actuator_servos_trim__type_support.hpp
[55.133s] -- Up-to-date: /home/maizaied03/ros2_ws/install/px4_msgs/include/px4_msgs/px4_msgs/msg/detail/gimbal_manager_set_attitude__type_support.hpp
[55.133s] -- Up-to-date: /home/maizaied03/ros2_ws/install/px4_msgs/include/px4_msgs/px4_msgs/msg/detail/raptor_input__builder.hpp
[55.133s] -- Up-to-date: /home/maizaied03/ros2_ws/install/px4_msgs/include/px4_msgs/px4_msgs/msg/detail/sensor_combined__traits.hpp
[55.133s] -- Up-to-date: /home/maizaied03/ros2_ws/install/px4_msgs/include/px4_msgs/px4_msgs/msg/detail/raptor_input__struct.hpp
[55.133s] -- Up-to-date: /home/maizaied03/ros2_ws/install/px4_msgs/include/px4_msgs/px4_msgs/msg/detail/estimator_bias__type_support.hpp
[55.133s] -- Up-to-date: /home/maizaied03/ros2_ws/install/px4_msgs/include/px4_msgs/px4_msgs/msg/detail/rover_steering_setpoint__traits.hpp
[55.133s] -- Up-to-date: /home/maizaied03/ros2_ws/install/px4_msgs/include/px4_msgs/px4_msgs/msg/detail/rover_rate_status__type_support.hpp
[55.133s] -- Up-to-date: /home/maizaied03/ros2_ws/install/px4_msgs/include/px4_msgs/px4_msgs/msg/detail/qshell_retval__builder.hpp
[55.133s] -- Up-to-date: /home/maizaied03/ros2_ws/install/px4_msgs/include/px4_msgs/px4_msgs/msg/detail/tune_control__traits.hpp
[55.133s] -- Up-to-date: /home/maizaied03/ros2_ws/install/px4_msgs/include/px4_msgs/px4_msgs/msg/detail/action_request__traits.hpp
[55.133s] -- Up-to-date: /home/maizaied03/ros2_ws/install/px4_msgs/include/px4_msgs/px4_msgs/msg/detail/tecs_status__traits.hpp
[55.133s] -- Up-to-date: /home/maizaied03/ros2_ws/install/px4_msgs/include/px4_msgs/px4_msgs/msg/detail/gripper__type_support.hpp
[55.133s] -- Up-to-date: /home/maizaied03/ros2_ws/install/px4_msgs/include/px4_msgs/px4_msgs/msg/detail/estimator_innovations__builder.hpp
[55.133s] -- Up-to-date: /home/maizaied03/ros2_ws/install/px4_msgs/include/px4_msgs/px4_msgs/msg/detail/actuator_test__traits.hpp
[55.133s] -- Up-to-date: /home/maizaied03/ros2_ws/install/px4_msgs/include/px4_msgs/px4_msgs/msg/detail/rtl_time_estimate__traits.hpp
[55.133s] -- Up-to-date: /home/maizaied03/ros2_ws/install/px4_msgs/include/px4_msgs/px4_msgs/msg/detail/sensor_correction__builder.hpp
[55.133s] -- Up-to-date: /home/maizaied03/ros2_ws/install/px4_msgs/include/px4_msgs/px4_msgs/msg/detail/sensor_uwb__traits.hpp
[55.133s] -- Up-to-date: /home/maizaied03/ros2_ws/install/px4_msgs/include/px4_msgs/px4_msgs/msg/detail/task_stack_info__struct.hpp
[55.133s] -- Up-to-date: /home/maizaied03/ros2_ws/install/px4_msgs/include/px4_msgs/px4_msgs/msg/detail/vehicle_imu_status__type_support.hpp
[55.134s] -- Up-to-date: /home/maizaied03/ros2_ws/install/px4_msgs/include/px4_msgs/px4_msgs/msg/detail/sensor_preflight_mag__traits.hpp
[55.134s] -- Up-to-date: /home/maizaied03/ros2_ws/install/px4_msgs/include/px4_msgs/px4_msgs/msg/detail/rover_speed_status__struct.hpp
[55.134s] -- Up-to-date: /home/maizaied03/ros2_ws/install/px4_msgs/include/px4_msgs/px4_msgs/msg/detail/pwm_input__traits.hpp
[55.134s] -- Up-to-date: /home/maizaied03/ros2_ws/install/px4_msgs/include/px4_msgs/px4_msgs/msg/detail/cellular_status__type_support.hpp
[55.134s] -- Up-to-date: /home/maizaied03/ros2_ws/install/px4_msgs/include/px4_msgs/px4_msgs/msg/detail/magnetometer_bias_estimate__traits.hpp
[55.134s] -- Up-to-date: /home/maizaied03/ros2_ws/install/px4_msgs/include/px4_msgs/px4_msgs/msg/detail/mission__traits.hpp
[55.134s] -- Up-to-date: /home/maizaied03/ros2_ws/install/px4_msgs/include/px4_msgs/px4_msgs/msg/detail/telemetry_status__builder.hpp
[55.134s] -- Up-to-date: /home/maizaied03/ros2_ws/install/px4_msgs/include/px4_msgs/px4_msgs/msg/detail/onboard_computer_status__traits.hpp
[55.134s] -- Up-to-date: /home/maizaied03/ros2_ws/install/px4_msgs/include/px4_msgs/px4_msgs/msg/detail/landing_target_pose__struct.hpp
[55.134s] -- Up-to-date: /home/maizaied03/ros2_ws/install/px4_msgs/include/px4_msgs/px4_msgs/msg/detail/vehicle_rates_setpoint__builder.hpp
[55.134s] -- Up-to-date: /home/maizaied03/ros2_ws/install/px4_msgs/include/px4_msgs/px4_msgs/msg/detail/sensor_gnss_relative__type_support.hpp
[55.134s] -- Up-to-date: /home/maizaied03/ros2_ws/install/px4_msgs/include/px4_msgs/px4_msgs/msg/detail/gimbal_manager_information__traits.hpp
[55.134s] -- Up-to-date: /home/maizaied03/ros2_ws/install/px4_msgs/include/px4_msgs/px4_msgs/msg/detail/rover_rate_setpoint__type_support.hpp
[55.134s] -- Up-to-date: /home/maizaied03/ros2_ws/install/px4_msgs/include/px4_msgs/px4_msgs/msg/detail/orb_test_large__traits.hpp
[55.134s] -- Up-to-date: /home/maizaied03/ros2_ws/install/px4_msgs/include/px4_msgs/px4_msgs/msg/detail/qshell_req__builder.hpp
[55.134s] -- Up-to-date: /home/maizaied03/ros2_ws/install/px4_msgs/include/px4_msgs/px4_msgs/msg/detail/sensor_accel__struct.hpp
[55.134s] -- Up-to-date: /home/maizaied03/ros2_ws/install/px4_msgs/include/px4_msgs/px4_msgs/msg/detail/trajectory_setpoint__struct.hpp
[55.134s] -- Up-to-date: /home/maizaied03/ros2_ws/install/px4_msgs/include/px4_msgs/px4_msgs/msg/detail/rtl_status__struct.hpp
[55.134s] -- Up-to-date: /home/maizaied03/ros2_ws/install/px4_msgs/include/px4_msgs/px4_msgs/msg/detail/navigator_status__type_support.hpp
[55.134s] -- Up-to-date: /home/maizaied03/ros2_ws/install/px4_msgs/include/px4_msgs/px4_msgs/msg/detail/orb_test_large__type_support.hpp
[55.134s] -- Up-to-date: /home/maizaied03/ros2_ws/install/px4_msgs/include/px4_msgs/px4_msgs/msg/detail/mode_completed__type_support.hpp
[55.134s] -- Up-to-date: /home/maizaied03/ros2_ws/install/px4_msgs/include/px4_msgs/px4_msgs/msg/detail/vehicle_local_position_setpoint__struct.hpp
[55.134s] -- Up-to-date: /home/maizaied03/ros2_ws/install/px4_msgs/include/px4_msgs/px4_msgs/msg/detail/vehicle_status__type_support.hpp
[55.134s] -- Up-to-date: /home/maizaied03/ros2_ws/install/px4_msgs/include/px4_msgs/px4_msgs/msg/detail/ulog_stream_ack__builder.hpp
[55.134s] -- Up-to-date: /home/maizaied03/ros2_ws/install/px4_msgs/include/px4_msgs/px4_msgs/msg/detail/rover_attitude_status__builder.hpp
[55.134s] -- Up-to-date: /home/maizaied03/ros2_ws/install/px4_msgs/include/px4_msgs/px4_msgs/msg/detail/gimbal_manager_set_manual_control__builder.hpp
[55.134s] -- Up-to-date: /home/maizaied03/ros2_ws/install/px4_msgs/include/px4_msgs/px4_msgs/msg/detail/device_information__type_support.hpp
[55.134s] -- Up-to-date: /home/maizaied03/ros2_ws/install/px4_msgs/include/px4_msgs/px4_msgs/msg/detail/parameter_set_used_request__builder.hpp
[55.134s] -- Up-to-date: /home/maizaied03/ros2_ws/install/px4_msgs/include/px4_msgs/px4_msgs/msg/detail/vehicle_constraints__builder.hpp
[55.134s] -- Up-to-date: /home/maizaied03/ros2_ws/install/px4_msgs/include/px4_msgs/px4_msgs/msg/detail/trajectory_setpoint__builder.hpp
[55.134s] -- Up-to-date: /home/maizaied03/ros2_ws/install/px4_msgs/include/px4_msgs/px4_msgs/msg/detail/manual_control_setpoint__traits.hpp
[55.135s] -- Up-to-date: /home/maizaied03/ros2_ws/install/px4_msgs/include/px4_msgs/px4_msgs/msg/detail/trajectory_setpoint6dof__struct.hpp
[55.135s] -- Up-to-date: /home/maizaied03/ros2_ws/install/px4_msgs/include/px4_msgs/px4_msgs/msg/detail/rover_speed_status__traits.hpp
[55.135s] -- Up-to-date: /home/maizaied03/ros2_ws/install/px4_msgs/include/px4_msgs/px4_msgs/msg/detail/rover_position_setpoint__struct.hpp
[55.135s] -- Up-to-date: /home/maizaied03/ros2_ws/install/px4_msgs/include/px4_msgs/px4_msgs/msg/detail/wheel_encoders__type_support.hpp
[55.135s] -- Up-to-date: /home/maizaied03/ros2_ws/install/px4_msgs/include/px4_msgs/px4_msgs/msg/detail/vehicle_rates_setpoint__struct.hpp
[55.135s] -- Up-to-date: /home/maizaied03/ros2_ws/install/px4_msgs/include/px4_msgs/px4_msgs/msg/detail/mavlink_log__builder.hpp
[55.135s] -- Up-to-date: /home/maizaied03/ros2_ws/install/px4_msgs/include/px4_msgs/px4_msgs/msg/detail/vehicle_torque_setpoint__struct.hpp
[55.135s] -- Up-to-date: /home/maizaied03/ros2_ws/install/px4_msgs/include/px4_msgs/px4_msgs/msg/detail/neural_control__builder.hpp
[55.135s] -- Up-to-date: /home/maizaied03/ros2_ws/install/px4_msgs/include/px4_msgs/px4_msgs/msg/detail/sensor_gyro__traits.hpp
[55.135s] -- Up-to-date: /home/maizaied03/ros2_ws/install/px4_msgs/include/px4_msgs/px4_msgs/msg/detail/dataman_response__struct.hpp
[55.135s] -- Up-to-date: /home/maizaied03/ros2_ws/install/px4_msgs/include/px4_msgs/px4_msgs/msg/detail/vehicle_optical_flow__struct.hpp
[55.135s] -- Up-to-date: /home/maizaied03/ros2_ws/install/px4_msgs/include/px4_msgs/px4_msgs/msg/detail/iridiumsbd_status__builder.hpp
[55.135s] -- Up-to-date: /home/maizaied03/ros2_ws/install/px4_msgs/include/px4_msgs/px4_msgs/msg/detail/fuel_tank_status__struct.hpp
[55.135s] -- Up-to-date: /home/maizaied03/ros2_ws/install/px4_msgs/include/px4_msgs/px4_msgs/msg/detail/system_power__builder.hpp
[55.135s] -- Up-to-date: /home/maizaied03/ros2_ws/install/px4_msgs/include/px4_msgs/px4_msgs/msg/detail/home_position__struct.hpp
[55.135s] -- Up-to-date: /home/maizaied03/ros2_ws/install/px4_msgs/include/px4_msgs/px4_msgs/msg/detail/sensor_accel_fifo__type_support.hpp
[55.135s] -- Up-to-date: /home/maizaied03/ros2_ws/install/px4_msgs/include/px4_msgs/px4_msgs/msg/detail/estimator_status__traits.hpp
[55.135s] -- Up-to-date: /home/maizaied03/ros2_ws/install/px4_msgs/include/px4_msgs/px4_msgs/msg/detail/raptor_input__type_support.hpp
[55.135s] -- Up-to-date: /home/maizaied03/ros2_ws/install/px4_msgs/include/px4_msgs/px4_msgs/msg/detail/actuator_test__type_support.hpp
[55.135s] -- Up-to-date: /home/maizaied03/ros2_ws/install/px4_msgs/include/px4_msgs/px4_msgs/msg/detail/rover_attitude_setpoint__struct.hpp
[55.135s] -- Up-to-date: /home/maizaied03/ros2_ws/install/px4_msgs/include/px4_msgs/px4_msgs/msg/detail/landing_target_innovations__struct.hpp
[55.135s] -- Up-to-date: /home/maizaied03/ros2_ws/install/px4_msgs/include/px4_msgs/px4_msgs/msg/detail/sensor_selection__type_support.hpp
[55.135s] -- Up-to-date: /home/maizaied03/ros2_ws/install/px4_msgs/include/px4_msgs/px4_msgs/msg/detail/launch_detection_status__type_support.hpp
[55.135s] -- Up-to-date: /home/maizaied03/ros2_ws/install/px4_msgs/include/px4_msgs/px4_msgs/msg/detail/gpio_request__struct.hpp
[55.135s] -- Up-to-date: /home/maizaied03/ros2_ws/install/px4_msgs/include/px4_msgs/px4_msgs/msg/detail/fixed_wing_lateral_guidance_status__type_support.hpp
[55.135s] -- Up-to-date: /home/maizaied03/ros2_ws/install/px4_msgs/include/px4_msgs/px4_msgs/msg/detail/follow_target_estimator__struct.hpp
[55.135s] -- Up-to-date: /home/maizaied03/ros2_ws/install/px4_msgs/include/px4_msgs/px4_msgs/msg/detail/sensor_gps__type_support.hpp
[55.135s] -- Up-to-date: /home/maizaied03/ros2_ws/install/px4_msgs/include/px4_msgs/px4_msgs/msg/detail/actuator_controls_status__traits.hpp
[55.135s] -- Up-to-date: /home/maizaied03/ros2_ws/install/px4_msgs/include/px4_msgs/px4_msgs/msg/detail/sensor_optical_flow__struct.hpp
[55.135s] -- Up-to-date: /home/maizaied03/ros2_ws/install/px4_msgs/include/px4_msgs/px4_msgs/msg/detail/config_overrides__traits.hpp
[55.135s] -- Up-to-date: /home/maizaied03/ros2_ws/install/px4_msgs/include/px4_msgs/px4_msgs/msg/detail/rate_ctrl_status__traits.hpp
[55.136s] -- Up-to-date: /home/maizaied03/ros2_ws/install/px4_msgs/include/px4_msgs/px4_msgs/msg/detail/mission_result__struct.hpp
[55.136s] -- Up-to-date: /home/maizaied03/ros2_ws/install/px4_msgs/include/px4_msgs/px4_msgs/msg/detail/sensor_gyro_fifo__type_support.hpp
[55.136s] -- Up-to-date: /home/maizaied03/ros2_ws/install/px4_msgs/include/px4_msgs/px4_msgs/msg/detail/sensor_gnss_status__type_support.hpp
[55.136s] -- Up-to-date: /home/maizaied03/ros2_ws/install/px4_msgs/include/px4_msgs/px4_msgs/msg/detail/ekf2_timestamps__type_support.hpp
[55.136s] -- Up-to-date: /home/maizaied03/ros2_ws/install/px4_msgs/include/px4_msgs/px4_msgs/msg/detail/actuator_controls_status__builder.hpp
[55.136s] -- Up-to-date: /home/maizaied03/ros2_ws/install/px4_msgs/include/px4_msgs/px4_msgs/msg/detail/rover_throttle_setpoint__type_support.hpp
[55.136s] -- Up-to-date: /home/maizaied03/ros2_ws/install/px4_msgs/include/px4_msgs/px4_msgs/msg/detail/normalized_unsigned_setpoint__struct.hpp
[55.136s] -- Up-to-date: /home/maizaied03/ros2_ws/install/px4_msgs/include/px4_msgs/px4_msgs/msg/detail/gps_inject_data__builder.hpp
[55.136s] -- Up-to-date: /home/maizaied03/ros2_ws/install/px4_msgs/include/px4_msgs/px4_msgs/msg/detail/vehicle_odometry__traits.hpp
[55.136s] -- Up-to-date: /home/maizaied03/ros2_ws/install/px4_msgs/include/px4_msgs/px4_msgs/msg/detail/figure_eight_status__traits.hpp
[55.136s] -- Up-to-date: /home/maizaied03/ros2_ws/install/px4_msgs/include/px4_msgs/px4_msgs/msg/detail/rc_channels__builder.hpp
[55.136s] -- Up-to-date: /home/maizaied03/ros2_ws/install/px4_msgs/include/px4_msgs/px4_msgs/msg/detail/cellular_status__builder.hpp
[55.136s] -- Up-to-date: /home/maizaied03/ros2_ws/install/px4_msgs/include/px4_msgs/px4_msgs/msg/detail/sensor_gyro_fft__type_support.hpp
[55.136s] -- Up-to-date: /home/maizaied03/ros2_ws/install/px4_msgs/include/px4_msgs/px4_msgs/msg/detail/pure_pursuit_status__struct.hpp
[55.136s] -- Up-to-date: /home/maizaied03/ros2_ws/install/px4_msgs/include/px4_msgs/px4_msgs/msg/detail/open_drone_id_operator_id__traits.hpp
[55.136s] -- Up-to-date: /home/maizaied03/ros2_ws/install/px4_msgs/include/px4_msgs/px4_msgs/msg/detail/gimbal_manager_information__builder.hpp
[55.136s] -- Up-to-date: /home/maizaied03/ros2_ws/install/px4_msgs/include/px4_msgs/px4_msgs/msg/detail/estimator_states__struct.hpp
[55.136s] -- Up-to-date: /home/maizaied03/ros2_ws/install/px4_msgs/include/px4_msgs/px4_msgs/msg/detail/task_stack_info__builder.hpp
[55.136s] -- Up-to-date: /home/maizaied03/ros2_ws/install/px4_msgs/include/px4_msgs/px4_msgs/msg/detail/sensor_optical_flow__traits.hpp
[55.136s] -- Up-to-date: /home/maizaied03/ros2_ws/install/px4_msgs/include/px4_msgs/px4_msgs/msg/detail/gps_inject_data__struct.hpp
[55.136s] -- Up-to-date: /home/maizaied03/ros2_ws/install/px4_msgs/include/px4_msgs/px4_msgs/msg/detail/rpm__builder.hpp
[55.136s] -- Up-to-date: /home/maizaied03/ros2_ws/install/px4_msgs/include/px4_msgs/px4_msgs/msg/detail/power_button_state__builder.hpp
[55.136s] -- Up-to-date: /home/maizaied03/ros2_ws/install/px4_msgs/include/px4_msgs/px4_msgs/msg/detail/estimator_status__type_support.hpp
[55.136s] -- Up-to-date: /home/maizaied03/ros2_ws/install/px4_msgs/include/px4_msgs/px4_msgs/msg/detail/gpio_request__traits.hpp
[55.136s] -- Up-to-date: /home/maizaied03/ros2_ws/install/px4_msgs/include/px4_msgs/px4_msgs/msg/detail/parameter_update__traits.hpp
[55.136s] -- Up-to-date: /home/maizaied03/ros2_ws/install/px4_msgs/include/px4_msgs/px4_msgs/msg/detail/actuator_motors__builder.hpp
[55.136s] -- Up-to-date: /home/maizaied03/ros2_ws/install/px4_msgs/include/px4_msgs/px4_msgs/msg/detail/gimbal_device_set_attitude__type_support.hpp
[55.136s] -- Up-to-date: /home/maizaied03/ros2_ws/install/px4_msgs/include/px4_msgs/px4_msgs/msg/detail/geofence_result__traits.hpp
[55.136s] -- Up-to-date: /home/maizaied03/ros2_ws/install/px4_msgs/include/px4_msgs/px4_msgs/msg/detail/actuator_motors__struct.hpp
[55.136s] -- Up-to-date: /home/maizaied03/ros2_ws/install/px4_msgs/include/px4_msgs/px4_msgs/msg/detail/open_drone_id_self_id__struct.hpp
[55.137s] -- Up-to-date: /home/maizaied03/ros2_ws/install/px4_msgs/include/px4_msgs/px4_msgs/msg/detail/vehicle_air_data__struct.hpp
[55.137s] -- Up-to-date: /home/maizaied03/ros2_ws/install/px4_msgs/include/px4_msgs/px4_msgs/msg/detail/iridiumsbd_status__type_support.hpp
[55.137s] -- Up-to-date: /home/maizaied03/ros2_ws/install/px4_msgs/include/px4_msgs/px4_msgs/msg/detail/yaw_estimator_status__builder.hpp
[55.137s] -- Up-to-date: /home/maizaied03/ros2_ws/install/px4_msgs/include/px4_msgs/px4_msgs/msg/detail/offboard_control_mode__type_support.hpp
[55.137s] -- Up-to-date: /home/maizaied03/ros2_ws/install/px4_msgs/include/px4_msgs/px4_msgs/msg/detail/lateral_control_configuration__traits.hpp
[55.137s] -- Up-to-date: /home/maizaied03/ros2_ws/install/px4_msgs/include/px4_msgs/px4_msgs/msg/detail/gimbal_device_set_attitude__traits.hpp
[55.137s] -- Up-to-date: /home/maizaied03/ros2_ws/install/px4_msgs/include/px4_msgs/px4_msgs/msg/detail/rtl_status__type_support.hpp
[55.137s] -- Up-to-date: /home/maizaied03/ros2_ws/install/px4_msgs/include/px4_msgs/px4_msgs/msg/detail/telemetry_status__type_support.hpp
[55.137s] -- Up-to-date: /home/maizaied03/ros2_ws/install/px4_msgs/include/px4_msgs/px4_msgs/msg/detail/rpm__type_support.hpp
[55.137s] -- Up-to-date: /home/maizaied03/ros2_ws/install/px4_msgs/include/px4_msgs/px4_msgs/msg/detail/sensor_accel_fifo__struct.hpp
[55.137s] -- Up-to-date: /home/maizaied03/ros2_ws/install/px4_msgs/include/px4_msgs/px4_msgs/msg/detail/px4io_status__traits.hpp
[55.137s] -- Up-to-date: /home/maizaied03/ros2_ws/install/px4_msgs/include/px4_msgs/px4_msgs/msg/detail/takeoff_status__struct.hpp
[55.137s] -- Up-to-date: /home/maizaied03/ros2_ws/install/px4_msgs/include/px4_msgs/px4_msgs/msg/detail/follow_target_estimator__builder.hpp
[55.137s] -- Up-to-date: /home/maizaied03/ros2_ws/install/px4_msgs/include/px4_msgs/px4_msgs/msg/detail/landing_gear_wheel__traits.hpp
[55.137s] -- Up-to-date: /home/maizaied03/ros2_ws/install/px4_msgs/include/px4_msgs/px4_msgs/msg/detail/vehicle_local_position_setpoint__traits.hpp
[55.137s] -- Up-to-date: /home/maizaied03/ros2_ws/install/px4_msgs/include/px4_msgs/px4_msgs/msg/detail/sensor_mag__type_support.hpp
[55.137s] -- Up-to-date: /home/maizaied03/ros2_ws/install/px4_msgs/include/px4_msgs/px4_msgs/msg/detail/sensor_gps__struct.hpp
[55.137s] -- Up-to-date: /home/maizaied03/ros2_ws/install/px4_msgs/include/px4_msgs/px4_msgs/msg/detail/vehicle_land_detected__builder.hpp
[55.137s] -- Up-to-date: /home/maizaied03/ros2_ws/install/px4_msgs/include/px4_msgs/px4_msgs/msg/detail/rover_speed_status__type_support.hpp
[55.137s] -- Up-to-date: /home/maizaied03/ros2_ws/install/px4_msgs/include/px4_msgs/px4_msgs/msg/detail/vehicle_magnetometer__builder.hpp
[55.137s] -- Up-to-date: /home/maizaied03/ros2_ws/install/px4_msgs/include/px4_msgs/px4_msgs/msg/detail/sensor_preflight_mag__type_support.hpp
[55.137s] -- Up-to-date: /home/maizaied03/ros2_ws/install/px4_msgs/include/px4_msgs/px4_msgs/msg/detail/rover_attitude_status__struct.hpp
[55.137s] -- Up-to-date: /home/maizaied03/ros2_ws/install/px4_msgs/include/px4_msgs/px4_msgs/msg/detail/raptor_status__builder.hpp
[55.137s] -- Up-to-date: /home/maizaied03/ros2_ws/install/px4_msgs/include/px4_msgs/px4_msgs/msg/detail/distance_sensor__struct.hpp
[55.137s] -- Up-to-date: /home/maizaied03/ros2_ws/install/px4_msgs/include/px4_msgs/px4_msgs/msg/detail/navigator_status__traits.hpp
[55.137s] -- Up-to-date: /home/maizaied03/ros2_ws/install/px4_msgs/include/px4_msgs/px4_msgs/msg/detail/qshell_retval__struct.hpp
[55.137s] -- Up-to-date: /home/maizaied03/ros2_ws/install/px4_msgs/include/px4_msgs/px4_msgs/msg/detail/vehicle_torque_setpoint__type_support.hpp
[55.137s] -- Up-to-date: /home/maizaied03/ros2_ws/install/px4_msgs/include/px4_msgs/px4_msgs/msg/detail/sensor_selection__struct.hpp
[55.137s] -- Up-to-date: /home/maizaied03/ros2_ws/install/px4_msgs/include/px4_msgs/px4_msgs/msg/detail/obstacle_distance__struct.hpp
[55.137s] -- Up-to-date: /home/maizaied03/ros2_ws/install/px4_msgs/include/px4_msgs/px4_msgs/msg/detail/estimator_event_flags__builder.hpp
[55.137s] -- Up-to-date: /home/maizaied03/ros2_ws/install/px4_msgs/include/px4_msgs/px4_msgs/msg/detail/vehicle_thrust_setpoint__struct.hpp
[55.137s] -- Up-to-date: /home/maizaied03/ros2_ws/install/px4_msgs/include/px4_msgs/px4_msgs/msg/detail/tecs_status__type_support.hpp
[55.138s] -- Up-to-date: /home/maizaied03/ros2_ws/install/px4_msgs/include/px4_msgs/px4_msgs/msg/detail/system_power__type_support.hpp
[55.138s] -- Up-to-date: /home/maizaied03/ros2_ws/install/px4_msgs/include/px4_msgs/px4_msgs/msg/detail/arming_check_request__traits.hpp
[55.138s] -- Up-to-date: /home/maizaied03/ros2_ws/install/px4_msgs/include/px4_msgs/px4_msgs/msg/detail/vehicle_imu__builder.hpp
[55.138s] -- Up-to-date: /home/maizaied03/ros2_ws/install/px4_msgs/include/px4_msgs/px4_msgs/msg/detail/control_allocator_status__builder.hpp
[55.138s] -- Up-to-date: /home/maizaied03/ros2_ws/install/px4_msgs/include/px4_msgs/px4_msgs/msg/detail/vehicle_command_ack__traits.hpp
[55.138s] -- Up-to-date: /home/maizaied03/ros2_ws/install/px4_msgs/include/px4_msgs/px4_msgs/msg/detail/qshell_retval__traits.hpp
[55.138s] -- Up-to-date: /home/maizaied03/ros2_ws/install/px4_msgs/include/px4_msgs/px4_msgs/msg/detail/cpuload__traits.hpp
[55.138s] -- Up-to-date: /home/maizaied03/ros2_ws/install/px4_msgs/include/px4_msgs/px4_msgs/msg/detail/estimator_aid_source3d__traits.hpp
[55.138s] -- Up-to-date: /home/maizaied03/ros2_ws/install/px4_msgs/include/px4_msgs/px4_msgs/msg/detail/estimator_bias__struct.hpp
[55.138s] -- Up-to-date: /home/maizaied03/ros2_ws/install/px4_msgs/include/px4_msgs/px4_msgs/msg/detail/debug_vect__struct.hpp
[55.138s] -- Up-to-date: /home/maizaied03/ros2_ws/install/px4_msgs/include/px4_msgs/px4_msgs/msg/detail/autotune_attitude_control_status__struct.hpp
[55.138s] -- Up-to-date: /home/maizaied03/ros2_ws/install/px4_msgs/include/px4_msgs/px4_msgs/msg/detail/esc_status__type_support.hpp
[55.138s] -- Up-to-date: /home/maizaied03/ros2_ws/install/px4_msgs/include/px4_msgs/px4_msgs/msg/detail/vehicle_global_position__type_support.hpp
[55.138s] -- Up-to-date: /home/maizaied03/ros2_ws/install/px4_msgs/include/px4_msgs/px4_msgs/msg/detail/estimator_bias3d__struct.hpp
[55.138s] -- Up-to-date: /home/maizaied03/ros2_ws/install/px4_msgs/include/px4_msgs/px4_msgs/msg/detail/qshell_req__type_support.hpp
[55.138s] -- Up-to-date: /home/maizaied03/ros2_ws/install/px4_msgs/include/px4_msgs/px4_msgs/msg/detail/orb_test_medium__builder.hpp
[55.138s] -- Up-to-date: /home/maizaied03/ros2_ws/install/px4_msgs/include/px4_msgs/px4_msgs/msg/detail/vehicle_land_detected__type_support.hpp
[55.138s] -- Up-to-date: /home/maizaied03/ros2_ws/install/px4_msgs/include/px4_msgs/px4_msgs/msg/detail/gimbal_manager_information__type_support.hpp
[55.138s] -- Up-to-date: /home/maizaied03/ros2_ws/install/px4_msgs/include/px4_msgs/px4_msgs/msg/detail/orb_test__struct.hpp
[55.138s] -- Up-to-date: /home/maizaied03/ros2_ws/install/px4_msgs/include/px4_msgs/px4_msgs/msg/detail/hover_thrust_estimate__type_support.hpp
[55.138s] -- Up-to-date: /home/maizaied03/ros2_ws/install/px4_msgs/include/px4_msgs/px4_msgs/msg/detail/vehicle_attitude_setpoint__type_support.hpp
[55.138s] -- Up-to-date: /home/maizaied03/ros2_ws/install/px4_msgs/include/px4_msgs/px4_msgs/msg/detail/collision_constraints__struct.hpp
[55.138s] -- Up-to-date: /home/maizaied03/ros2_ws/install/px4_msgs/include/px4_msgs/px4_msgs/msg/detail/autotune_attitude_control_status__builder.hpp
[55.138s] -- Up-to-date: /home/maizaied03/ros2_ws/install/px4_msgs/include/px4_msgs/px4_msgs/msg/detail/vtol_vehicle_status__traits.hpp
[55.138s] -- Up-to-date: /home/maizaied03/ros2_ws/install/px4_msgs/include/px4_msgs/px4_msgs/msg/detail/hover_thrust_estimate__struct.hpp
[55.138s] -- Up-to-date: /home/maizaied03/ros2_ws/install/px4_msgs/include/px4_msgs/px4_msgs/msg/detail/actuator_motors__traits.hpp
[55.138s] -- Up-to-date: /home/maizaied03/ros2_ws/install/px4_msgs/include/px4_msgs/px4_msgs/msg/detail/vehicle_angular_velocity__type_support.hpp
[55.138s] -- Up-to-date: /home/maizaied03/ros2_ws/install/px4_msgs/include/px4_msgs/px4_msgs/msg/detail/uavcan_parameter_request__builder.hpp
[55.138s] -- Up-to-date: /home/maizaied03/ros2_ws/install/px4_msgs/include/px4_msgs/px4_msgs/msg/detail/register_ext_component_request__type_support.hpp
[55.138s] -- Up-to-date: /home/maizaied03/ros2_ws/install/px4_msgs/include/px4_msgs/px4_msgs/msg/detail/device_information__traits.hpp
[55.138s] -- Up-to-date: /home/maizaied03/ros2_ws/install/px4_msgs/include/px4_msgs/px4_msgs/msg/detail/vehicle_air_data__builder.hpp
[55.139s] -- Up-to-date: /home/maizaied03/ros2_ws/install/px4_msgs/include/px4_msgs/px4_msgs/msg/detail/position_controller_landing_status__builder.hpp
[55.139s] -- Up-to-date: /home/maizaied03/ros2_ws/install/px4_msgs/include/px4_msgs/px4_msgs/msg/detail/heater_status__struct.hpp
[55.139s] -- Up-to-date: /home/maizaied03/ros2_ws/install/px4_msgs/include/px4_msgs/px4_msgs/msg/detail/health_report__struct.hpp
[55.139s] -- Up-to-date: /home/maizaied03/ros2_ws/install/px4_msgs/include/px4_msgs/px4_msgs/msg/detail/position_controller_landing_status__traits.hpp
[55.139s] -- Up-to-date: /home/maizaied03/ros2_ws/install/px4_msgs/include/px4_msgs/px4_msgs/msg/detail/open_drone_id_system__builder.hpp
[55.139s] -- Up-to-date: /home/maizaied03/ros2_ws/install/px4_msgs/include/px4_msgs/px4_msgs/msg/detail/message_format_request__traits.hpp
[55.139s] -- Up-to-date: /home/maizaied03/ros2_ws/install/px4_msgs/include/px4_msgs/px4_msgs/msg/detail/sensor_accel__type_support.hpp
[55.139s] -- Up-to-date: /home/maizaied03/ros2_ws/install/px4_msgs/include/px4_msgs/px4_msgs/msg/detail/gain_compression__struct.hpp
[55.139s] -- Up-to-date: /home/maizaied03/ros2_ws/install/px4_msgs/include/px4_msgs/px4_msgs/msg/detail/orb_test_large__builder.hpp
[55.139s] -- Up-to-date: /home/maizaied03/ros2_ws/install/px4_msgs/include/px4_msgs/px4_msgs/msg/detail/gps_dump__type_support.hpp
[55.139s] -- Up-to-date: /home/maizaied03/ros2_ws/install/px4_msgs/include/px4_msgs/px4_msgs/msg/detail/esc_report__builder.hpp
[55.139s] -- Up-to-date: /home/maizaied03/ros2_ws/install/px4_msgs/include/px4_msgs/px4_msgs/msg/detail/trajectory_setpoint__type_support.hpp
[55.139s] -- Up-to-date: /home/maizaied03/ros2_ws/install/px4_msgs/include/px4_msgs/px4_msgs/msg/detail/geofence_status__builder.hpp
[55.139s] -- Up-to-date: /home/maizaied03/ros2_ws/install/px4_msgs/include/px4_msgs/px4_msgs/msg/detail/vehicle_odometry__struct.hpp
[55.139s] -- Up-to-date: /home/maizaied03/ros2_ws/install/px4_msgs/include/px4_msgs/px4_msgs/msg/detail/distance_sensor_mode_change_request__builder.hpp
[55.139s] -- Up-to-date: /home/maizaied03/ros2_ws/install/px4_msgs/include/px4_msgs/px4_msgs/msg/detail/mission_result__type_support.hpp
[55.139s] -- Up-to-date: /home/maizaied03/ros2_ws/install/px4_msgs/include/px4_msgs/px4_msgs/msg/detail/generator_status__traits.hpp
[55.139s] -- Up-to-date: /home/maizaied03/ros2_ws/install/px4_msgs/include/px4_msgs/px4_msgs/msg/detail/fixed_wing_runway_control__type_support.hpp
[55.139s] -- Up-to-date: /home/maizaied03/ros2_ws/install/px4_msgs/include/px4_msgs/px4_msgs/msg/detail/actuator_armed__struct.hpp
[55.139s] -- Up-to-date: /home/maizaied03/ros2_ws/install/px4_msgs/include/px4_msgs/px4_msgs/msg/detail/pwm_input__struct.hpp
[55.139s] -- Up-to-date: /home/maizaied03/ros2_ws/install/px4_msgs/include/px4_msgs/px4_msgs/msg/detail/sensor_baro__type_support.hpp
[55.139s] -- Up-to-date: /home/maizaied03/ros2_ws/install/px4_msgs/include/px4_msgs/px4_msgs/msg/detail/dataman_response__type_support.hpp
[55.139s] -- Up-to-date: /home/maizaied03/ros2_ws/install/px4_msgs/include/px4_msgs/px4_msgs/msg/detail/rover_speed_setpoint__traits.hpp
[55.139s] -- Up-to-date: /home/maizaied03/ros2_ws/install/px4_msgs/include/px4_msgs/px4_msgs/msg/detail/estimator_aid_source2d__struct.hpp
[55.139s] -- Up-to-date: /home/maizaied03/ros2_ws/install/px4_msgs/include/px4_msgs/px4_msgs/msg/detail/cellular_status__struct.hpp
[55.139s] -- Up-to-date: /home/maizaied03/ros2_ws/install/px4_msgs/include/px4_msgs/px4_msgs/msg/detail/tecs_status__struct.hpp
[55.139s] -- Up-to-date: /home/maizaied03/ros2_ws/install/px4_msgs/include/px4_msgs/px4_msgs/msg/detail/camera_trigger__type_support.hpp
[55.139s] -- Up-to-date: /home/maizaied03/ros2_ws/install/px4_msgs/include/px4_msgs/px4_msgs/msg/detail/sensor_gyro__builder.hpp
[55.139s] -- Up-to-date: /home/maizaied03/ros2_ws/install/px4_msgs/include/px4_msgs/px4_msgs/msg/detail/goto_setpoint__builder.hpp
[55.139s] -- Up-to-date: /home/maizaied03/ros2_ws/install/px4_msgs/include/px4_msgs/px4_msgs/msg/detail/mount_orientation__struct.hpp
[55.139s] -- Up-to-date: /home/maizaied03/ros2_ws/install/px4_msgs/include/px4_msgs/px4_msgs/msg/detail/dataman_response__builder.hpp
[55.139s] -- Up-to-date: /home/maizaied03/ros2_ws/install/px4_msgs/include/px4_msgs/px4_msgs/msg/detail/message_format_response__struct.hpp
[55.140s] -- Up-to-date: /home/maizaied03/ros2_ws/install/px4_msgs/include/px4_msgs/px4_msgs/msg/detail/cellular_status__traits.hpp
[55.140s] -- Up-to-date: /home/maizaied03/ros2_ws/install/px4_msgs/include/px4_msgs/px4_msgs/msg/detail/vehicle_acceleration__traits.hpp
[55.140s] -- Up-to-date: /home/maizaied03/ros2_ws/install/px4_msgs/include/px4_msgs/px4_msgs/msg/detail/gimbal_manager_set_manual_control__type_support.hpp
[55.140s] -- Up-to-date: /home/maizaied03/ros2_ws/install/px4_msgs/include/px4_msgs/px4_msgs/msg/detail/parameter_set_value_request__traits.hpp
[55.140s] -- Up-to-date: /home/maizaied03/ros2_ws/install/px4_msgs/include/px4_msgs/px4_msgs/msg/detail/mavlink_tunnel__traits.hpp
[55.140s] -- Up-to-date: /home/maizaied03/ros2_ws/install/px4_msgs/include/px4_msgs/px4_msgs/msg/detail/home_position__type_support.hpp
[55.140s] -- Up-to-date: /home/maizaied03/ros2_ws/install/px4_msgs/include/px4_msgs/px4_msgs/msg/detail/power_button_state__struct.hpp
[55.140s] -- Up-to-date: /home/maizaied03/ros2_ws/install/px4_msgs/include/px4_msgs/px4_msgs/msg/detail/message_format_response__traits.hpp
[55.140s] -- Up-to-date: /home/maizaied03/ros2_ws/install/px4_msgs/include/px4_msgs/px4_msgs/msg/detail/button_event__type_support.hpp
[55.140s] -- Up-to-date: /home/maizaied03/ros2_ws/install/px4_msgs/include/px4_msgs/px4_msgs/msg/detail/gpio_out__struct.hpp
[55.140s] -- Up-to-date: /home/maizaied03/ros2_ws/install/px4_msgs/include/px4_msgs/px4_msgs/msg/detail/actuator_outputs__type_support.hpp
[55.140s] -- Up-to-date: /home/maizaied03/ros2_ws/install/px4_msgs/include/px4_msgs/px4_msgs/msg/detail/rate_ctrl_status__struct.hpp
[55.140s] -- Up-to-date: /home/maizaied03/ros2_ws/install/px4_msgs/include/px4_msgs/px4_msgs/msg/detail/rate_ctrl_status__type_support.hpp
[55.140s] -- Up-to-date: /home/maizaied03/ros2_ws/install/px4_msgs/include/px4_msgs/px4_msgs/msg/detail/vehicle_air_data__type_support.hpp
[55.140s] -- Up-to-date: /home/maizaied03/ros2_ws/install/px4_msgs/include/px4_msgs/px4_msgs/msg/detail/vehicle_magnetometer__struct.hpp
[55.140s] -- Up-to-date: /home/maizaied03/ros2_ws/install/px4_msgs/include/px4_msgs/px4_msgs/msg/detail/ekf2_timestamps__struct.hpp
[55.140s] -- Up-to-date: /home/maizaied03/ros2_ws/install/px4_msgs/include/px4_msgs/px4_msgs/msg/detail/parameter_set_value_response__traits.hpp
[55.140s] -- Up-to-date: /home/maizaied03/ros2_ws/install/px4_msgs/include/px4_msgs/px4_msgs/msg/detail/geofence_result__type_support.hpp
[55.140s] -- Up-to-date: /home/maizaied03/ros2_ws/install/px4_msgs/include/px4_msgs/px4_msgs/msg/detail/vehicle_status__builder.hpp
[55.140s] -- Up-to-date: /home/maizaied03/ros2_ws/install/px4_msgs/include/px4_msgs/px4_msgs/msg/detail/landing_gear_wheel__builder.hpp
[55.140s] -- Up-to-date: /home/maizaied03/ros2_ws/install/px4_msgs/include/px4_msgs/px4_msgs/msg/detail/wind__builder.hpp
[55.140s] -- Up-to-date: /home/maizaied03/ros2_ws/install/px4_msgs/include/px4_msgs/px4_msgs/msg/detail/landing_gear__builder.hpp
[55.140s] -- Up-to-date: /home/maizaied03/ros2_ws/install/px4_msgs/include/px4_msgs/px4_msgs/msg/detail/estimator_sensor_bias__traits.hpp
[55.140s] -- Up-to-date: /home/maizaied03/ros2_ws/install/px4_msgs/include/px4_msgs/px4_msgs/msg/detail/timesync_status__struct.hpp
[55.140s] -- Up-to-date: /home/maizaied03/ros2_ws/install/px4_msgs/include/px4_msgs/px4_msgs/msg/detail/sensor_mag__struct.hpp
[55.140s] -- Up-to-date: /home/maizaied03/ros2_ws/install/px4_msgs/include/px4_msgs/px4_msgs/msg/detail/estimator_selector_status__builder.hpp
[55.140s] -- Up-to-date: /home/maizaied03/ros2_ws/install/px4_msgs/include/px4_msgs/px4_msgs/msg/detail/gimbal_device_attitude_status__traits.hpp
[55.140s] -- Up-to-date: /home/maizaied03/ros2_ws/install/px4_msgs/include/px4_msgs/px4_msgs/msg/detail/figure_eight_status__builder.hpp
[55.140s] -- Up-to-date: /home/maizaied03/ros2_ws/install/px4_msgs/include/px4_msgs/px4_msgs/msg/detail/parameter_update__type_support.hpp
[55.140s] -- Up-to-date: /home/maizaied03/ros2_ws/install/px4_msgs/include/px4_msgs/px4_msgs/msg/detail/internal_combustion_engine_control__type_support.hpp
[55.141s] -- Up-to-date: /home/maizaied03/ros2_ws/install/px4_msgs/include/px4_msgs/px4_msgs/msg/detail/lateral_control_configuration__type_support.hpp
[55.141s] -- Up-to-date: /home/maizaied03/ros2_ws/install/px4_msgs/include/px4_msgs/px4_msgs/msg/detail/sensor_baro__builder.hpp
[55.141s] -- Up-to-date: /home/maizaied03/ros2_ws/install/px4_msgs/include/px4_msgs/px4_msgs/msg/detail/logger_status__struct.hpp
[55.141s] -- Up-to-date: /home/maizaied03/ros2_ws/install/px4_msgs/include/px4_msgs/px4_msgs/msg/detail/adc_report__type_support.hpp
[55.141s] -- Up-to-date: /home/maizaied03/ros2_ws/install/px4_msgs/include/px4_msgs/px4_msgs/msg/detail/estimator_status__builder.hpp
[55.141s] -- Up-to-date: /home/maizaied03/ros2_ws/install/px4_msgs/include/px4_msgs/px4_msgs/msg/detail/rc_channels__type_support.hpp
[55.141s] -- Up-to-date: /home/maizaied03/ros2_ws/install/px4_msgs/include/px4_msgs/px4_msgs/msg/detail/led_control__type_support.hpp
[55.141s] -- Up-to-date: /home/maizaied03/ros2_ws/install/px4_msgs/include/px4_msgs/px4_msgs/msg/detail/open_drone_id_system__type_support.hpp
[55.141s] -- Up-to-date: /home/maizaied03/ros2_ws/install/px4_msgs/include/px4_msgs/px4_msgs/msg/detail/magnetometer_bias_estimate__struct.hpp
[55.141s] -- Up-to-date: /home/maizaied03/ros2_ws/install/px4_msgs/include/px4_msgs/px4_msgs/msg/detail/vehicle_optical_flow_vel__builder.hpp
[55.141s] -- Up-to-date: /home/maizaied03/ros2_ws/install/px4_msgs/include/px4_msgs/px4_msgs/msg/detail/magnetometer_bias_estimate__type_support.hpp
[55.141s] -- Up-to-date: /home/maizaied03/ros2_ws/install/px4_msgs/include/px4_msgs/px4_msgs/msg/detail/sensors_status__type_support.hpp
[55.141s] -- Up-to-date: /home/maizaied03/ros2_ws/install/px4_msgs/include/px4_msgs/px4_msgs/msg/detail/sensor_combined__type_support.hpp
[55.141s] -- Up-to-date: /home/maizaied03/ros2_ws/install/px4_msgs/include/px4_msgs/px4_msgs/msg/detail/wind__traits.hpp
[55.141s] -- Up-to-date: /home/maizaied03/ros2_ws/install/px4_msgs/include/px4_msgs/px4_msgs/msg/detail/camera_trigger__struct.hpp
[55.141s] -- Up-to-date: /home/maizaied03/ros2_ws/install/px4_msgs/include/px4_msgs/px4_msgs/msg/detail/power_button_state__traits.hpp
[55.141s] -- Up-to-date: /home/maizaied03/ros2_ws/install/px4_msgs/include/px4_msgs/px4_msgs/msg/detail/event__builder.hpp
[55.141s] -- Up-to-date: /home/maizaied03/ros2_ws/install/px4_msgs/include/px4_msgs/px4_msgs/msg/detail/internal_combustion_engine_status__type_support.hpp
[55.141s] -- Up-to-date: /home/maizaied03/ros2_ws/install/px4_msgs/include/px4_msgs/px4_msgs/msg/detail/sensor_gyro_fft__builder.hpp
[55.141s] -- Up-to-date: /home/maizaied03/ros2_ws/install/px4_msgs/include/px4_msgs/px4_msgs/msg/detail/pure_pursuit_status__traits.hpp
[55.141s] -- Up-to-date: /home/maizaied03/ros2_ws/install/px4_msgs/include/px4_msgs/px4_msgs/msg/detail/mag_worker_data__struct.hpp
[55.141s] -- Up-to-date: /home/maizaied03/ros2_ws/install/px4_msgs/include/px4_msgs/px4_msgs/msg/detail/vehicle_optical_flow_vel__traits.hpp
[55.141s] -- Up-to-date: /home/maizaied03/ros2_ws/install/px4_msgs/include/px4_msgs/px4_msgs/msg/detail/landing_target_innovations__builder.hpp
[55.141s] -- Up-to-date: /home/maizaied03/ros2_ws/install/px4_msgs/include/px4_msgs/px4_msgs/msg/detail/gimbal_device_attitude_status__struct.hpp
[55.141s] -- Up-to-date: /home/maizaied03/ros2_ws/install/px4_msgs/include/px4_msgs/px4_msgs/msg/detail/vehicle_attitude__builder.hpp
[55.141s] -- Up-to-date: /home/maizaied03/ros2_ws/install/px4_msgs/include/px4_msgs/px4_msgs/msg/detail/rc_parameter_map__type_support.hpp
[55.141s] -- Up-to-date: /home/maizaied03/ros2_ws/install/px4_msgs/include/px4_msgs/px4_msgs/msg/detail/parameter_reset_request__type_support.hpp
[55.141s] -- Up-to-date: /home/maizaied03/ros2_ws/install/px4_msgs/include/px4_msgs/px4_msgs/msg/detail/trajectory_setpoint6dof__traits.hpp
[55.141s] -- Up-to-date: /home/maizaied03/ros2_ws/install/px4_msgs/include/px4_msgs/px4_msgs/msg/detail/camera_trigger__builder.hpp
[55.141s] -- Up-to-date: /home/maizaied03/ros2_ws/install/px4_msgs/include/px4_msgs/px4_msgs/msg/detail/differential_pressure__traits.hpp
[55.141s] -- Up-to-date: /home/maizaied03/ros2_ws/install/px4_msgs/include/px4_msgs/px4_msgs/msg/detail/rover_attitude_setpoint__traits.hpp
[55.142s] -- Up-to-date: /home/maizaied03/ros2_ws/install/px4_msgs/include/px4_msgs/px4_msgs/msg/detail/takeoff_status__builder.hpp
[55.142s] -- Up-to-date: /home/maizaied03/ros2_ws/install/px4_msgs/include/px4_msgs/px4_msgs/msg/detail/vtx__type_support.hpp
[55.142s] -- Up-to-date: /home/maizaied03/ros2_ws/install/px4_msgs/include/px4_msgs/px4_msgs/msg/detail/estimator_aid_source1d__builder.hpp
[55.142s] -- Up-to-date: /home/maizaied03/ros2_ws/install/px4_msgs/include/px4_msgs/px4_msgs/msg/detail/mavlink_log__struct.hpp
[55.142s] -- Up-to-date: /home/maizaied03/ros2_ws/install/px4_msgs/include/px4_msgs/px4_msgs/msg/detail/sensor_accel__traits.hpp
[55.142s] -- Up-to-date: /home/maizaied03/ros2_ws/install/px4_msgs/include/px4_msgs/px4_msgs/msg/detail/debug_key_value__type_support.hpp
[55.142s] -- Up-to-date: /home/maizaied03/ros2_ws/install/px4_msgs/include/px4_msgs/px4_msgs/msg/detail/generator_status__struct.hpp
[55.142s] -- Up-to-date: /home/maizaied03/ros2_ws/install/px4_msgs/include/px4_msgs/px4_msgs/msg/detail/sensor_gnss_relative__struct.hpp
[55.142s] -- Up-to-date: /home/maizaied03/ros2_ws/install/px4_msgs/include/px4_msgs/px4_msgs/msg/detail/navigator_status__struct.hpp
[55.142s] -- Up-to-date: /home/maizaied03/ros2_ws/install/px4_msgs/include/px4_msgs/px4_msgs/msg/detail/onboard_computer_status__builder.hpp
[55.142s] -- Up-to-date: /home/maizaied03/ros2_ws/install/px4_msgs/include/px4_msgs/px4_msgs/msg/detail/manual_control_setpoint__builder.hpp
[55.142s] -- Up-to-date: /home/maizaied03/ros2_ws/install/px4_msgs/include/px4_msgs/px4_msgs/msg/detail/navigator_mission_item__builder.hpp
[55.142s] -- Up-to-date: /home/maizaied03/ros2_ws/install/px4_msgs/include/px4_msgs/px4_msgs/msg/detail/gimbal_controls__type_support.hpp
[55.142s] -- Up-to-date: /home/maizaied03/ros2_ws/install/px4_msgs/include/px4_msgs/px4_msgs/msg/detail/battery_status__traits.hpp
[55.142s] -- Up-to-date: /home/maizaied03/ros2_ws/install/px4_msgs/include/px4_msgs/px4_msgs/msg/detail/gimbal_manager_set_manual_control__traits.hpp
[55.142s] -- Up-to-date: /home/maizaied03/ros2_ws/install/px4_msgs/include/px4_msgs/px4_msgs/msg/detail/gpio_in__type_support.hpp
[55.142s] -- Up-to-date: /home/maizaied03/ros2_ws/install/px4_msgs/include/px4_msgs/px4_msgs/msg/detail/trajectory_setpoint__traits.hpp
[55.142s] -- Up-to-date: /home/maizaied03/ros2_ws/install/px4_msgs/include/px4_msgs/px4_msgs/msg/detail/fixed_wing_lateral_status__traits.hpp
[55.142s] -- Up-to-date: /home/maizaied03/ros2_ws/install/px4_msgs/include/px4_msgs/px4_msgs/msg/detail/tecs_status__builder.hpp
[55.142s] -- Up-to-date: /home/maizaied03/ros2_ws/install/px4_msgs/include/px4_msgs/px4_msgs/msg/detail/cpuload__struct.hpp
[55.142s] -- Up-to-date: /home/maizaied03/ros2_ws/install/px4_msgs/include/px4_msgs/px4_msgs/msg/detail/arming_check_reply__struct.hpp
[55.142s] -- Up-to-date: /home/maizaied03/ros2_ws/install/px4_msgs/include/px4_msgs/px4_msgs/msg/detail/parameter_set_used_request__traits.hpp
[55.142s] -- Up-to-date: /home/maizaied03/ros2_ws/install/px4_msgs/include/px4_msgs/px4_msgs/msg/detail/sensor_gnss_status__builder.hpp
[55.142s] -- Up-to-date: /home/maizaied03/ros2_ws/install/px4_msgs/include/px4_msgs/px4_msgs/msg/detail/camera_capture__traits.hpp
[55.142s] -- Up-to-date: /home/maizaied03/ros2_ws/install/px4_msgs/include/px4_msgs/px4_msgs/msg/detail/dataman_response__traits.hpp
[55.142s] -- Up-to-date: /home/maizaied03/ros2_ws/install/px4_msgs/include/px4_msgs/px4_msgs/msg/detail/landing_target_innovations__traits.hpp
[55.142s] -- Up-to-date: /home/maizaied03/ros2_ws/install/px4_msgs/include/px4_msgs/px4_msgs/msg/detail/log_message__builder.hpp
[55.142s] -- Up-to-date: /home/maizaied03/ros2_ws/install/px4_msgs/include/px4_msgs/px4_msgs/msg/detail/mode_completed__struct.hpp
[55.142s] -- Up-to-date: /home/maizaied03/ros2_ws/install/px4_msgs/include/px4_msgs/px4_msgs/msg/detail/wind__type_support.hpp
[55.142s] -- Up-to-date: /home/maizaied03/ros2_ws/install/px4_msgs/include/px4_msgs/px4_msgs/msg/detail/airspeed_validated__struct.hpp
[55.142s] -- Up-to-date: /home/maizaied03/ros2_ws/install/px4_msgs/include/px4_msgs/px4_msgs/msg/detail/vehicle_thrust_setpoint__type_support.hpp
[55.143s] -- Up-to-date: /home/maizaied03/ros2_ws/install/px4_msgs/include/px4_msgs/px4_msgs/msg/detail/sensors_status__struct.hpp
[55.143s] -- Up-to-date: /home/maizaied03/ros2_ws/install/px4_msgs/include/px4_msgs/px4_msgs/msg/detail/internal_combustion_engine_status__traits.hpp
[55.143s] -- Up-to-date: /home/maizaied03/ros2_ws/install/px4_msgs/include/px4_msgs/px4_msgs/msg/detail/fuel_tank_status__builder.hpp
[55.143s] -- Up-to-date: /home/maizaied03/ros2_ws/install/px4_msgs/include/px4_msgs/px4_msgs/msg/detail/health_report__builder.hpp
[55.143s] -- Up-to-date: /home/maizaied03/ros2_ws/install/px4_msgs/include/px4_msgs/px4_msgs/msg/detail/gimbal_manager_set_manual_control__struct.hpp
[55.143s] -- Up-to-date: /home/maizaied03/ros2_ws/install/px4_msgs/include/px4_msgs/px4_msgs/msg/detail/telemetry_status__traits.hpp
[55.143s] -- Up-to-date: /home/maizaied03/ros2_ws/install/px4_msgs/include/px4_msgs/px4_msgs/msg/detail/gimbal_manager_set_attitude__struct.hpp
[55.143s] -- Up-to-date: /home/maizaied03/ros2_ws/install/px4_msgs/include/px4_msgs/px4_msgs/msg/detail/vehicle_status__traits.hpp
[55.143s] -- Up-to-date: /home/maizaied03/ros2_ws/install/px4_msgs/include/px4_msgs/px4_msgs/msg/irlock_report.hpp
[55.143s] -- Up-to-date: /home/maizaied03/ros2_ws/install/px4_msgs/include/px4_msgs/px4_msgs/msg/vtx.hpp
[55.143s] -- Up-to-date: /home/maizaied03/ros2_ws/install/px4_msgs/include/px4_msgs/px4_msgs/msg/vehicle_optical_flow.hpp
[55.143s] -- Up-to-date: /home/maizaied03/ros2_ws/install/px4_msgs/include/px4_msgs/px4_msgs/msg/system_power.hpp
[55.143s] -- Up-to-date: /home/maizaied03/ros2_ws/install/px4_msgs/include/px4_msgs/px4_msgs/msg/button_event.hpp
[55.143s] -- Up-to-date: /home/maizaied03/ros2_ws/install/px4_msgs/include/px4_msgs/px4_msgs/msg/vehicle_status.hpp
[55.143s] -- Up-to-date: /home/maizaied03/ros2_ws/install/px4_msgs/include/px4_msgs/px4_msgs/msg/vehicle_imu.hpp
[55.143s] -- Up-to-date: /home/maizaied03/ros2_ws/install/px4_msgs/include/px4_msgs/px4_msgs/msg/vehicle_roi.hpp
[55.143s] -- Up-to-date: /home/maizaied03/ros2_ws/install/px4_msgs/include/px4_msgs/px4_msgs/msg/esc_status.hpp
[55.143s] -- Up-to-date: /home/maizaied03/ros2_ws/install/px4_msgs/include/px4_msgs/px4_msgs/msg/gimbal_device_attitude_status.hpp
[55.143s] -- Up-to-date: /home/maizaied03/ros2_ws/install/px4_msgs/include/px4_msgs/px4_msgs/msg/airspeed_validated.hpp
[55.143s] -- Up-to-date: /home/maizaied03/ros2_ws/install/px4_msgs/include/px4_msgs/px4_msgs/msg/pps_capture.hpp
[55.143s] -- Up-to-date: /home/maizaied03/ros2_ws/install/px4_msgs/include/px4_msgs/px4_msgs/msg/led_control.hpp
[55.143s] -- Up-to-date: /home/maizaied03/ros2_ws/install/px4_msgs/include/px4_msgs/px4_msgs/msg/battery_status.hpp
[55.143s] -- Up-to-date: /home/maizaied03/ros2_ws/install/px4_msgs/include/px4_msgs/px4_msgs/msg/vehicle_torque_setpoint.hpp
[55.143s] -- Up-to-date: /home/maizaied03/ros2_ws/install/px4_msgs/include/px4_msgs/px4_msgs/msg/vehicle_land_detected.hpp
[55.143s] -- Up-to-date: /home/maizaied03/ros2_ws/install/px4_msgs/include/px4_msgs/px4_msgs/msg/vehicle_angular_velocity.hpp
[55.143s] -- Up-to-date: /home/maizaied03/ros2_ws/install/px4_msgs/include/px4_msgs/px4_msgs/msg/raptor_input.hpp
[55.143s] -- Up-to-date: /home/maizaied03/ros2_ws/install/px4_msgs/include/px4_msgs/px4_msgs/msg/gripper.hpp
[55.143s] -- Up-to-date: /home/maizaied03/ros2_ws/install/px4_msgs/include/px4_msgs/px4_msgs/msg/vehicle_local_position_setpoint.hpp
[55.143s] -- Up-to-date: /home/maizaied03/ros2_ws/install/px4_msgs/include/px4_msgs/px4_msgs/msg/telemetry_status.hpp
[55.143s] -- Up-to-date: /home/maizaied03/ros2_ws/install/px4_msgs/include/px4_msgs/px4_msgs/msg/vehicle_rates_setpoint.hpp
[55.143s] -- Up-to-date: /home/maizaied03/ros2_ws/install/px4_msgs/include/px4_msgs/px4_msgs/msg/landing_gear.hpp
[55.144s] -- Up-to-date: /home/maizaied03/ros2_ws/install/px4_msgs/include/px4_msgs/px4_msgs/msg/vtol_vehicle_status.hpp
[55.144s] -- Up-to-date: /home/maizaied03/ros2_ws/install/px4_msgs/include/px4_msgs/px4_msgs/msg/mag_worker_data.hpp
[55.144s] -- Up-to-date: /home/maizaied03/ros2_ws/install/px4_msgs/include/px4_msgs/px4_msgs/msg/manual_control_setpoint.hpp
[55.144s] -- Up-to-date: /home/maizaied03/ros2_ws/install/px4_msgs/include/px4_msgs/px4_msgs/msg/rpm.hpp
[55.144s] -- Up-to-date: /home/maizaied03/ros2_ws/install/px4_msgs/include/px4_msgs/px4_msgs/msg/mission_result.hpp
[55.144s] -- Up-to-date: /home/maizaied03/ros2_ws/install/px4_msgs/include/px4_msgs/px4_msgs/msg/rtl_status.hpp
[55.144s] -- Up-to-date: /home/maizaied03/ros2_ws/install/px4_msgs/include/px4_msgs/px4_msgs/msg/pwm_input.hpp
[55.144s] -- Up-to-date: /home/maizaied03/ros2_ws/install/px4_msgs/include/px4_msgs/px4_msgs/msg/gps_inject_data.hpp
[55.144s] -- Up-to-date: /home/maizaied03/ros2_ws/install/px4_msgs/include/px4_msgs/px4_msgs/msg/debug_vect.hpp
[55.144s] -- Up-to-date: /home/maizaied03/ros2_ws/install/px4_msgs/include/px4_msgs/px4_msgs/msg/register_ext_component_request.hpp
[55.144s] -- Up-to-date: /home/maizaied03/ros2_ws/install/px4_msgs/include/px4_msgs/px4_msgs/msg/debug_key_value.hpp
[55.144s] -- Up-to-date: /home/maizaied03/ros2_ws/install/px4_msgs/include/px4_msgs/px4_msgs/msg/sensor_gyro_fft.hpp
[55.144s] -- Up-to-date: /home/maizaied03/ros2_ws/install/px4_msgs/include/px4_msgs/px4_msgs/msg/rover_speed_setpoint.hpp
[55.144s] -- Up-to-date: /home/maizaied03/ros2_ws/install/px4_msgs/include/px4_msgs/px4_msgs/msg/qshell_req.hpp
[55.144s] -- Up-to-date: /home/maizaied03/ros2_ws/install/px4_msgs/include/px4_msgs/px4_msgs/msg/mode_completed.hpp
[55.144s] -- Up-to-date: /home/maizaied03/ros2_ws/install/px4_msgs/include/px4_msgs/px4_msgs/msg/fixed_wing_lateral_guidance_status.hpp
[55.144s] -- Up-to-date: /home/maizaied03/ros2_ws/install/px4_msgs/include/px4_msgs/px4_msgs/msg/actuator_servos.hpp
[55.144s] -- Up-to-date: /home/maizaied03/ros2_ws/install/px4_msgs/include/px4_msgs/px4_msgs/msg/failsafe_flags.hpp
[55.144s] -- Up-to-date: /home/maizaied03/ros2_ws/install/px4_msgs/include/px4_msgs/px4_msgs/msg/power_button_state.hpp
[55.144s] -- Up-to-date: /home/maizaied03/ros2_ws/install/px4_msgs/include/px4_msgs/px4_msgs/msg/landing_target_innovations.hpp
[55.144s] -- Up-to-date: /home/maizaied03/ros2_ws/install/px4_msgs/include/px4_msgs/px4_msgs/msg/estimator_bias.hpp
[55.144s] -- Up-to-date: /home/maizaied03/ros2_ws/install/px4_msgs/include/px4_msgs/px4_msgs/msg/mission.hpp
[55.144s] -- Up-to-date: /home/maizaied03/ros2_ws/install/px4_msgs/include/px4_msgs/px4_msgs/msg/vehicle_command_ack.hpp
[55.144s] -- Up-to-date: /home/maizaied03/ros2_ws/install/px4_msgs/include/px4_msgs/px4_msgs/msg/follow_target.hpp
[55.144s] -- Up-to-date: /home/maizaied03/ros2_ws/install/px4_msgs/include/px4_msgs/px4_msgs/msg/open_drone_id_arm_status.hpp
[55.144s] -- Up-to-date: /home/maizaied03/ros2_ws/install/px4_msgs/include/px4_msgs/px4_msgs/msg/geofence_result.hpp
[55.144s] -- Up-to-date: /home/maizaied03/ros2_ws/install/px4_msgs/include/px4_msgs/px4_msgs/msg/fixed_wing_lateral_setpoint.hpp
[55.144s] -- Up-to-date: /home/maizaied03/ros2_ws/install/px4_msgs/include/px4_msgs/px4_msgs/msg/rc_parameter_map.hpp
[55.144s] -- Up-to-date: /home/maizaied03/ros2_ws/install/px4_msgs/include/px4_msgs/px4_msgs/msg/ping.hpp
[55.144s] -- Up-to-date: /home/maizaied03/ros2_ws/install/px4_msgs/include/px4_msgs/px4_msgs/msg/device_information.hpp
[55.144s] -- Up-to-date: /home/maizaied03/ros2_ws/install/px4_msgs/include/px4_msgs/px4_msgs/msg/sensor_hygrometer.hpp
[55.145s] -- Up-to-date: /home/maizaied03/ros2_ws/install/px4_msgs/include/px4_msgs/px4_msgs/msg/trajectory_setpoint6dof.hpp
[55.145s] -- Up-to-date: /home/maizaied03/ros2_ws/install/px4_msgs/include/px4_msgs/px4_msgs/msg/yaw_estimator_status.hpp
[55.145s] -- Up-to-date: /home/maizaied03/ros2_ws/install/px4_msgs/include/px4_msgs/px4_msgs/msg/control_allocator_status.hpp
[55.145s] -- Up-to-date: /home/maizaied03/ros2_ws/install/px4_msgs/include/px4_msgs/px4_msgs/msg/power_monitor.hpp
[55.145s] -- Up-to-date: /home/maizaied03/ros2_ws/install/px4_msgs/include/px4_msgs/px4_msgs/msg/estimator_bias3d.hpp
[55.145s] -- Up-to-date: /home/maizaied03/ros2_ws/install/px4_msgs/include/px4_msgs/px4_msgs/msg/sensors_status.hpp
[55.145s] -- Up-to-date: /home/maizaied03/ros2_ws/install/px4_msgs/include/px4_msgs/px4_msgs/msg/magnetometer_bias_estimate.hpp
[55.145s] -- Up-to-date: /home/maizaied03/ros2_ws/install/px4_msgs/include/px4_msgs/px4_msgs/msg/offboard_control_mode.hpp
[55.145s] -- Up-to-date: /home/maizaied03/ros2_ws/install/px4_msgs/include/px4_msgs/px4_msgs/msg/orb_test_medium.hpp
[55.145s] -- Up-to-date: /home/maizaied03/ros2_ws/install/px4_msgs/include/px4_msgs/px4_msgs/msg/sensor_gnss_status.hpp
[55.145s] -- Up-to-date: /home/maizaied03/ros2_ws/install/px4_msgs/include/px4_msgs/px4_msgs/msg/vehicle_acceleration.hpp
[55.145s] -- Up-to-date: /home/maizaied03/ros2_ws/install/px4_msgs/include/px4_msgs/px4_msgs/msg/actuator_controls_status.hpp
[55.145s] -- Up-to-date: /home/maizaied03/ros2_ws/install/px4_msgs/include/px4_msgs/px4_msgs/msg/gain_compression.hpp
[55.145s] -- Up-to-date: /home/maizaied03/ros2_ws/install/px4_msgs/include/px4_msgs/px4_msgs/srv
[55.145s] -- Up-to-date: /home/maizaied03/ros2_ws/install/px4_msgs/include/px4_msgs/px4_msgs/srv/vehicle_command.hpp
[55.145s] -- Up-to-date: /home/maizaied03/ros2_ws/install/px4_msgs/include/px4_msgs/px4_msgs/srv/detail
[55.145s] -- Up-to-date: /home/maizaied03/ros2_ws/install/px4_msgs/include/px4_msgs/px4_msgs/srv/detail/vehicle_command__type_support.hpp
[55.145s] -- Up-to-date: /home/maizaied03/ros2_ws/install/px4_msgs/include/px4_msgs/px4_msgs/srv/detail/vehicle_command__traits.hpp
[55.145s] -- Up-to-date: /home/maizaied03/ros2_ws/install/px4_msgs/include/px4_msgs/px4_msgs/srv/detail/vehicle_command__struct.hpp
[55.145s] -- Up-to-date: /home/maizaied03/ros2_ws/install/px4_msgs/include/px4_msgs/px4_msgs/srv/detail/vehicle_command__builder.hpp
[55.145s] -- Up-to-date: /home/maizaied03/ros2_ws/install/px4_msgs/include/px4_msgs/px4_msgs
[55.145s] -- Up-to-date: /home/maizaied03/ros2_ws/install/px4_msgs/include/px4_msgs/px4_msgs/msg
[55.145s] -- Up-to-date: /home/maizaied03/ros2_ws/install/px4_msgs/include/px4_msgs/px4_msgs/msg/rosidl_typesupport_fastrtps_cpp__visibility_control.h
[55.145s] -- Up-to-date: /home/maizaied03/ros2_ws/install/px4_msgs/include/px4_msgs/px4_msgs/msg/detail
[55.145s] -- Up-to-date: /home/maizaied03/ros2_ws/install/px4_msgs/include/px4_msgs/px4_msgs/msg/detail/landing_gear__rosidl_typesupport_fastrtps_cpp.hpp
[55.145s] -- Up-to-date: /home/maizaied03/ros2_ws/install/px4_msgs/include/px4_msgs/px4_msgs/msg/detail/landing_target_pose__rosidl_typesupport_fastrtps_cpp.hpp
[55.145s] -- Up-to-date: /home/maizaied03/ros2_ws/install/px4_msgs/include/px4_msgs/px4_msgs/msg/detail/follow_target__rosidl_typesupport_fastrtps_cpp.hpp
[55.145s] -- Up-to-date: /home/maizaied03/ros2_ws/install/px4_msgs/include/px4_msgs/px4_msgs/msg/detail/goto_setpoint__rosidl_typesupport_fastrtps_cpp.hpp
[55.145s] -- Up-to-date: /home/maizaied03/ros2_ws/install/px4_msgs/include/px4_msgs/px4_msgs/msg/detail/figure_eight_status__rosidl_typesupport_fastrtps_cpp.hpp
[55.145s] -- Up-to-date: /home/maizaied03/ros2_ws/install/px4_msgs/include/px4_msgs/px4_msgs/msg/detail/cellular_status__rosidl_typesupport_fastrtps_cpp.hpp
[55.145s] -- Up-to-date: /home/maizaied03/ros2_ws/install/px4_msgs/include/px4_msgs/px4_msgs/msg/detail/mavlink_tunnel__rosidl_typesupport_fastrtps_cpp.hpp
[55.146s] -- Up-to-date: /home/maizaied03/ros2_ws/install/px4_msgs/include/px4_msgs/px4_msgs/msg/detail/gimbal_manager_information__rosidl_typesupport_fastrtps_cpp.hpp
[55.146s] -- Up-to-date: /home/maizaied03/ros2_ws/install/px4_msgs/include/px4_msgs/px4_msgs/msg/detail/task_stack_info__rosidl_typesupport_fastrtps_cpp.hpp
[55.146s] -- Up-to-date: /home/maizaied03/ros2_ws/install/px4_msgs/include/px4_msgs/px4_msgs/msg/detail/parameter_reset_request__rosidl_typesupport_fastrtps_cpp.hpp
[55.146s] -- Up-to-date: /home/maizaied03/ros2_ws/install/px4_msgs/include/px4_msgs/px4_msgs/msg/detail/magnetometer_bias_estimate__rosidl_typesupport_fastrtps_cpp.hpp
[55.146s] -- Up-to-date: /home/maizaied03/ros2_ws/install/px4_msgs/include/px4_msgs/px4_msgs/msg/detail/uavcan_parameter_request__rosidl_typesupport_fastrtps_cpp.hpp
[55.146s] -- Up-to-date: /home/maizaied03/ros2_ws/install/px4_msgs/include/px4_msgs/px4_msgs/msg/detail/onboard_computer_status__rosidl_typesupport_fastrtps_cpp.hpp
[55.146s] -- Up-to-date: /home/maizaied03/ros2_ws/install/px4_msgs/include/px4_msgs/px4_msgs/msg/detail/landing_gear_wheel__rosidl_typesupport_fastrtps_cpp.hpp
[55.146s] -- Up-to-date: /home/maizaied03/ros2_ws/install/px4_msgs/include/px4_msgs/px4_msgs/msg/detail/qshell_retval__rosidl_typesupport_fastrtps_cpp.hpp
[55.146s] -- Up-to-date: /home/maizaied03/ros2_ws/install/px4_msgs/include/px4_msgs/px4_msgs/msg/detail/control_allocator_status__rosidl_typesupport_fastrtps_cpp.hpp
[55.146s] -- Up-to-date: /home/maizaied03/ros2_ws/install/px4_msgs/include/px4_msgs/px4_msgs/msg/detail/qshell_req__rosidl_typesupport_fastrtps_cpp.hpp
[55.146s] -- Up-to-date: /home/maizaied03/ros2_ws/install/px4_msgs/include/px4_msgs/px4_msgs/msg/detail/lateral_control_configuration__rosidl_typesupport_fastrtps_cpp.hpp
[55.146s] -- Up-to-date: /home/maizaied03/ros2_ws/install/px4_msgs/include/px4_msgs/px4_msgs/msg/detail/raptor_status__rosidl_typesupport_fastrtps_cpp.hpp
[55.146s] -- Up-to-date: /home/maizaied03/ros2_ws/install/px4_msgs/include/px4_msgs/px4_msgs/msg/detail/vehicle_magnetometer__rosidl_typesupport_fastrtps_cpp.hpp
[55.146s] -- Up-to-date: /home/maizaied03/ros2_ws/install/px4_msgs/include/px4_msgs/px4_msgs/msg/detail/sensor_gnss_relative__rosidl_typesupport_fastrtps_cpp.hpp
[55.146s] -- Up-to-date: /home/maizaied03/ros2_ws/install/px4_msgs/include/px4_msgs/px4_msgs/msg/detail/airspeed_wind__rosidl_typesupport_fastrtps_cpp.hpp
[55.146s] -- Up-to-date: /home/maizaied03/ros2_ws/install/px4_msgs/include/px4_msgs/px4_msgs/msg/detail/normalized_unsigned_setpoint__rosidl_typesupport_fastrtps_cpp.hpp
[55.146s] -- Up-to-date: /home/maizaied03/ros2_ws/install/px4_msgs/include/px4_msgs/px4_msgs/msg/detail/mag_worker_data__rosidl_typesupport_fastrtps_cpp.hpp
[55.146s] -- Up-to-date: /home/maizaied03/ros2_ws/install/px4_msgs/include/px4_msgs/px4_msgs/msg/detail/rover_speed_setpoint__rosidl_typesupport_fastrtps_cpp.hpp
[55.146s] -- Up-to-date: /home/maizaied03/ros2_ws/install/px4_msgs/include/px4_msgs/px4_msgs/msg/detail/debug_vect__rosidl_typesupport_fastrtps_cpp.hpp
[55.146s] -- Up-to-date: /home/maizaied03/ros2_ws/install/px4_msgs/include/px4_msgs/px4_msgs/msg/detail/rc_parameter_map__rosidl_typesupport_fastrtps_cpp.hpp
[55.146s] -- Up-to-date: /home/maizaied03/ros2_ws/install/px4_msgs/include/px4_msgs/px4_msgs/msg/detail/vehicle_imu_status__rosidl_typesupport_fastrtps_cpp.hpp
[55.146s] -- Up-to-date: /home/maizaied03/ros2_ws/install/px4_msgs/include/px4_msgs/px4_msgs/msg/detail/home_position__rosidl_typesupport_fastrtps_cpp.hpp
[55.146s] -- Up-to-date: /home/maizaied03/ros2_ws/install/px4_msgs/include/px4_msgs/px4_msgs/msg/detail/rover_rate_setpoint__rosidl_typesupport_fastrtps_cpp.hpp
[55.146s] -- Up-to-date: /home/maizaied03/ros2_ws/install/px4_msgs/include/px4_msgs/px4_msgs/msg/detail/parameter_update__rosidl_typesupport_fastrtps_cpp.hpp
[55.146s] -- Up-to-date: /home/maizaied03/ros2_ws/install/px4_msgs/include/px4_msgs/px4_msgs/msg/detail/trajectory_setpoint__rosidl_typesupport_fastrtps_cpp.hpp
[55.146s] -- Up-to-date: /home/maizaied03/ros2_ws/install/px4_msgs/include/px4_msgs/px4_msgs/msg/detail/open_drone_id_system__rosidl_typesupport_fastrtps_cpp.hpp
[55.146s] -- Up-to-date: /home/maizaied03/ros2_ws/install/px4_msgs/include/px4_msgs/px4_msgs/msg/detail/sensor_gyro__rosidl_typesupport_fastrtps_cpp.hpp
[55.146s] -- Up-to-date: /home/maizaied03/ros2_ws/install/px4_msgs/include/px4_msgs/px4_msgs/msg/detail/landing_target_innovations__rosidl_typesupport_fastrtps_cpp.hpp
[55.146s] -- Up-to-date: /home/maizaied03/ros2_ws/install/px4_msgs/include/px4_msgs/px4_msgs/msg/detail/navigator_status__rosidl_typesupport_fastrtps_cpp.hpp
[55.146s] -- Up-to-date: /home/maizaied03/ros2_ws/install/px4_msgs/include/px4_msgs/px4_msgs/msg/detail/orbit_status__rosidl_typesupport_fastrtps_cpp.hpp
[55.146s] -- Up-to-date: /home/maizaied03/ros2_ws/install/px4_msgs/include/px4_msgs/px4_msgs/msg/detail/wind__rosidl_typesupport_fastrtps_cpp.hpp
[55.147s] -- Up-to-date: /home/maizaied03/ros2_ws/install/px4_msgs/include/px4_msgs/px4_msgs/msg/detail/estimator_bias3d__rosidl_typesupport_fastrtps_cpp.hpp
[55.147s] -- Up-to-date: /home/maizaied03/ros2_ws/install/px4_msgs/include/px4_msgs/px4_msgs/msg/detail/input_rc__rosidl_typesupport_fastrtps_cpp.hpp
[55.147s] -- Up-to-date: /home/maizaied03/ros2_ws/install/px4_msgs/include/px4_msgs/px4_msgs/msg/detail/iridiumsbd_status__rosidl_typesupport_fastrtps_cpp.hpp
[55.147s] -- Up-to-date: /home/maizaied03/ros2_ws/install/px4_msgs/include/px4_msgs/px4_msgs/msg/detail/gimbal_controls__rosidl_typesupport_fastrtps_cpp.hpp
[55.147s] -- Up-to-date: /home/maizaied03/ros2_ws/install/px4_msgs/include/px4_msgs/px4_msgs/msg/detail/open_drone_id_arm_status__rosidl_typesupport_fastrtps_cpp.hpp
[55.147s] -- Up-to-date: /home/maizaied03/ros2_ws/install/px4_msgs/include/px4_msgs/px4_msgs/msg/detail/can_interface_status__rosidl_typesupport_fastrtps_cpp.hpp
[55.147s] -- Up-to-date: /home/maizaied03/ros2_ws/install/px4_msgs/include/px4_msgs/px4_msgs/msg/detail/rover_attitude_setpoint__rosidl_typesupport_fastrtps_cpp.hpp
[55.147s] -- Up-to-date: /home/maizaied03/ros2_ws/install/px4_msgs/include/px4_msgs/px4_msgs/msg/detail/rc_channels__rosidl_typesupport_fastrtps_cpp.hpp
[55.147s] -- Up-to-date: /home/maizaied03/ros2_ws/install/px4_msgs/include/px4_msgs/px4_msgs/msg/detail/sensor_gnss_status__rosidl_typesupport_fastrtps_cpp.hpp
[55.147s] -- Up-to-date: /home/maizaied03/ros2_ws/install/px4_msgs/include/px4_msgs/px4_msgs/msg/detail/actuator_controls_status__rosidl_typesupport_fastrtps_cpp.hpp
[55.147s] -- Up-to-date: /home/maizaied03/ros2_ws/install/px4_msgs/include/px4_msgs/px4_msgs/msg/detail/internal_combustion_engine_status__rosidl_typesupport_fastrtps_cpp.hpp
[55.147s] -- Up-to-date: /home/maizaied03/ros2_ws/install/px4_msgs/include/px4_msgs/px4_msgs/msg/detail/tecs_status__rosidl_typesupport_fastrtps_cpp.hpp
[55.147s] -- Up-to-date: /home/maizaied03/ros2_ws/install/px4_msgs/include/px4_msgs/px4_msgs/msg/detail/telemetry_status__rosidl_typesupport_fastrtps_cpp.hpp
[55.147s] -- Up-to-date: /home/maizaied03/ros2_ws/install/px4_msgs/include/px4_msgs/px4_msgs/msg/detail/vehicle_imu__rosidl_typesupport_fastrtps_cpp.hpp
[55.147s] -- Up-to-date: /home/maizaied03/ros2_ws/install/px4_msgs/include/px4_msgs/px4_msgs/msg/detail/system_power__rosidl_typesupport_fastrtps_cpp.hpp
[55.147s] -- Up-to-date: /home/maizaied03/ros2_ws/install/px4_msgs/include/px4_msgs/px4_msgs/msg/detail/power_button_state__rosidl_typesupport_fastrtps_cpp.hpp
[55.147s] -- Up-to-date: /home/maizaied03/ros2_ws/install/px4_msgs/include/px4_msgs/px4_msgs/msg/detail/autotune_attitude_control_status__rosidl_typesupport_fastrtps_cpp.hpp
[55.147s] -- Up-to-date: /home/maizaied03/ros2_ws/install/px4_msgs/include/px4_msgs/px4_msgs/msg/detail/raptor_input__rosidl_typesupport_fastrtps_cpp.hpp
[55.147s] -- Up-to-date: /home/maizaied03/ros2_ws/install/px4_msgs/include/px4_msgs/px4_msgs/msg/detail/distance_sensor__rosidl_typesupport_fastrtps_cpp.hpp
[55.147s] -- Up-to-date: /home/maizaied03/ros2_ws/install/px4_msgs/include/px4_msgs/px4_msgs/msg/detail/hover_thrust_estimate__rosidl_typesupport_fastrtps_cpp.hpp
[55.147s] -- Up-to-date: /home/maizaied03/ros2_ws/install/px4_msgs/include/px4_msgs/px4_msgs/msg/detail/rover_attitude_status__rosidl_typesupport_fastrtps_cpp.hpp
[55.147s] -- Up-to-date: /home/maizaied03/ros2_ws/install/px4_msgs/include/px4_msgs/px4_msgs/msg/detail/actuator_servos__rosidl_typesupport_fastrtps_cpp.hpp
[55.147s] -- Up-to-date: /home/maizaied03/ros2_ws/install/px4_msgs/include/px4_msgs/px4_msgs/msg/detail/navigator_mission_item__rosidl_typesupport_fastrtps_cpp.hpp
[55.147s] -- Up-to-date: /home/maizaied03/ros2_ws/install/px4_msgs/include/px4_msgs/px4_msgs/msg/detail/estimator_sensor_bias__rosidl_typesupport_fastrtps_cpp.hpp
[55.147s] -- Up-to-date: /home/maizaied03/ros2_ws/install/px4_msgs/include/px4_msgs/px4_msgs/msg/detail/open_drone_id_operator_id__rosidl_typesupport_fastrtps_cpp.hpp
[55.147s] -- Up-to-date: /home/maizaied03/ros2_ws/install/px4_msgs/include/px4_msgs/px4_msgs/msg/detail/sensor_correction__rosidl_typesupport_fastrtps_cpp.hpp
[55.147s] -- Up-to-date: /home/maizaied03/ros2_ws/install/px4_msgs/include/px4_msgs/px4_msgs/msg/detail/rpm__rosidl_typesupport_fastrtps_cpp.hpp
[55.147s] -- Up-to-date: /home/maizaied03/ros2_ws/install/px4_msgs/include/px4_msgs/px4_msgs/msg/detail/rover_throttle_setpoint__rosidl_typesupport_fastrtps_cpp.hpp
[55.147s] -- Up-to-date: /home/maizaied03/ros2_ws/install/px4_msgs/include/px4_msgs/px4_msgs/msg/detail/transponder_report__rosidl_typesupport_fastrtps_cpp.hpp
[55.147s] -- Up-to-date: /home/maizaied03/ros2_ws/install/px4_msgs/include/px4_msgs/px4_msgs/msg/detail/actuator_test__rosidl_typesupport_fastrtps_cpp.hpp
[55.147s] -- Up-to-date: /home/maizaied03/ros2_ws/install/px4_msgs/include/px4_msgs/px4_msgs/msg/detail/dataman_request__rosidl_typesupport_fastrtps_cpp.hpp
[55.148s] -- Up-to-date: /home/maizaied03/ros2_ws/install/px4_msgs/include/px4_msgs/px4_msgs/msg/detail/fixed_wing_longitudinal_setpoint__rosidl_typesupport_fastrtps_cpp.hpp
[55.148s] -- Up-to-date: /home/maizaied03/ros2_ws/install/px4_msgs/include/px4_msgs/px4_msgs/msg/detail/battery_info__rosidl_typesupport_fastrtps_cpp.hpp
[55.148s] -- Up-to-date: /home/maizaied03/ros2_ws/install/px4_msgs/include/px4_msgs/px4_msgs/msg/detail/differential_pressure__rosidl_typesupport_fastrtps_cpp.hpp
[55.148s] -- Up-to-date: /home/maizaied03/ros2_ws/install/px4_msgs/include/px4_msgs/px4_msgs/msg/detail/gain_compression__rosidl_typesupport_fastrtps_cpp.hpp
[55.148s] -- Up-to-date: /home/maizaied03/ros2_ws/install/px4_msgs/include/px4_msgs/px4_msgs/msg/detail/longitudinal_control_configuration__rosidl_typesupport_fastrtps_cpp.hpp
[55.148s] -- Up-to-date: /home/maizaied03/ros2_ws/install/px4_msgs/include/px4_msgs/px4_msgs/msg/detail/gpio_request__rosidl_typesupport_fastrtps_cpp.hpp
[55.148s] -- Up-to-date: /home/maizaied03/ros2_ws/install/px4_msgs/include/px4_msgs/px4_msgs/msg/detail/vehicle_global_position__rosidl_typesupport_fastrtps_cpp.hpp
[55.148s] -- Up-to-date: /home/maizaied03/ros2_ws/install/px4_msgs/include/px4_msgs/px4_msgs/msg/detail/launch_detection_status__rosidl_typesupport_fastrtps_cpp.hpp
[55.148s] -- Up-to-date: /home/maizaied03/ros2_ws/install/px4_msgs/include/px4_msgs/px4_msgs/msg/detail/sensor_accel__rosidl_typesupport_fastrtps_cpp.hpp
[55.148s] -- Up-to-date: /home/maizaied03/ros2_ws/install/px4_msgs/include/px4_msgs/px4_msgs/msg/detail/estimator_aid_source2d__rosidl_typesupport_fastrtps_cpp.hpp
[55.148s] -- Up-to-date: /home/maizaied03/ros2_ws/install/px4_msgs/include/px4_msgs/px4_msgs/msg/detail/gripper__rosidl_typesupport_fastrtps_cpp.hpp
[55.148s] -- Up-to-date: /home/maizaied03/ros2_ws/install/px4_msgs/include/px4_msgs/px4_msgs/msg/detail/config_overrides__rosidl_typesupport_fastrtps_cpp.hpp
[55.148s] -- Up-to-date: /home/maizaied03/ros2_ws/install/px4_msgs/include/px4_msgs/px4_msgs/msg/detail/actuator_motors__rosidl_typesupport_fastrtps_cpp.hpp
[55.148s] -- Up-to-date: /home/maizaied03/ros2_ws/install/px4_msgs/include/px4_msgs/px4_msgs/msg/detail/orb_test_medium__rosidl_typesupport_fastrtps_cpp.hpp
[55.148s] -- Up-to-date: /home/maizaied03/ros2_ws/install/px4_msgs/include/px4_msgs/px4_msgs/msg/detail/event__rosidl_typesupport_fastrtps_cpp.hpp
[55.148s] -- Up-to-date: /home/maizaied03/ros2_ws/install/px4_msgs/include/px4_msgs/px4_msgs/msg/detail/rover_speed_status__rosidl_typesupport_fastrtps_cpp.hpp
[55.148s] -- Up-to-date: /home/maizaied03/ros2_ws/install/px4_msgs/include/px4_msgs/px4_msgs/msg/detail/camera_status__rosidl_typesupport_fastrtps_cpp.hpp
[55.148s] -- Up-to-date: /home/maizaied03/ros2_ws/install/px4_msgs/include/px4_msgs/px4_msgs/msg/detail/vehicle_local_position_setpoint__rosidl_typesupport_fastrtps_cpp.hpp
[55.148s] -- Up-to-date: /home/maizaied03/ros2_ws/install/px4_msgs/include/px4_msgs/px4_msgs/msg/detail/estimator_selector_status__rosidl_typesupport_fastrtps_cpp.hpp
[55.148s] -- Up-to-date: /home/maizaied03/ros2_ws/install/px4_msgs/include/px4_msgs/px4_msgs/msg/detail/timesync_status__rosidl_typesupport_fastrtps_cpp.hpp
[55.148s] -- Up-to-date: /home/maizaied03/ros2_ws/install/px4_msgs/include/px4_msgs/px4_msgs/msg/detail/actuator_armed__rosidl_typesupport_fastrtps_cpp.hpp
[55.148s] -- Up-to-date: /home/maizaied03/ros2_ws/install/px4_msgs/include/px4_msgs/px4_msgs/msg/detail/internal_combustion_engine_control__rosidl_typesupport_fastrtps_cpp.hpp
[55.148s] -- Up-to-date: /home/maizaied03/ros2_ws/install/px4_msgs/include/px4_msgs/px4_msgs/msg/detail/battery_status__rosidl_typesupport_fastrtps_cpp.hpp
[55.148s] -- Up-to-date: /home/maizaied03/ros2_ws/install/px4_msgs/include/px4_msgs/px4_msgs/msg/detail/geofence_status__rosidl_typesupport_fastrtps_cpp.hpp
[55.148s] -- Up-to-date: /home/maizaied03/ros2_ws/install/px4_msgs/include/px4_msgs/px4_msgs/msg/detail/cpuload__rosidl_typesupport_fastrtps_cpp.hpp
[55.148s] -- Up-to-date: /home/maizaied03/ros2_ws/install/px4_msgs/include/px4_msgs/px4_msgs/msg/detail/sensor_gyro_fifo__rosidl_typesupport_fastrtps_cpp.hpp
[55.148s] -- Up-to-date: /home/maizaied03/ros2_ws/install/px4_msgs/include/px4_msgs/px4_msgs/msg/detail/ulog_stream_ack__rosidl_typesupport_fastrtps_cpp.hpp
[55.148s] -- Up-to-date: /home/maizaied03/ros2_ws/install/px4_msgs/include/px4_msgs/px4_msgs/msg/detail/dds_fastrtps
[55.148s] -- Up-to-date: /home/maizaied03/ros2_ws/install/px4_msgs/include/px4_msgs/px4_msgs/msg/detail/vehicle_air_data__rosidl_typesupport_fastrtps_cpp.hpp
[55.148s] -- Up-to-date: /home/maizaied03/ros2_ws/install/px4_msgs/include/px4_msgs/px4_msgs/msg/detail/vehicle_odometry__rosidl_typesupport_fastrtps_cpp.hpp
[55.148s] -- Up-to-date: /home/maizaied03/ros2_ws/install/px4_msgs/include/px4_msgs/px4_msgs/msg/detail/fuel_tank_status__rosidl_typesupport_fastrtps_cpp.hpp
[55.149s] -- Up-to-date: /home/maizaied03/ros2_ws/install/px4_msgs/include/px4_msgs/px4_msgs/msg/detail/led_control__rosidl_typesupport_fastrtps_cpp.hpp
[55.149s] -- Up-to-date: /home/maizaied03/ros2_ws/install/px4_msgs/include/px4_msgs/px4_msgs/msg/detail/follow_target_status__rosidl_typesupport_fastrtps_cpp.hpp
[55.149s] -- Up-to-date: /home/maizaied03/ros2_ws/install/px4_msgs/include/px4_msgs/px4_msgs/msg/detail/register_ext_component_reply__rosidl_typesupport_fastrtps_cpp.hpp
[55.149s] -- Up-to-date: /home/maizaied03/ros2_ws/install/px4_msgs/include/px4_msgs/px4_msgs/msg/detail/obstacle_distance__rosidl_typesupport_fastrtps_cpp.hpp
[55.149s] -- Up-to-date: /home/maizaied03/ros2_ws/install/px4_msgs/include/px4_msgs/px4_msgs/msg/detail/vehicle_attitude_setpoint__rosidl_typesupport_fastrtps_cpp.hpp
[55.149s] -- Up-to-date: /home/maizaied03/ros2_ws/install/px4_msgs/include/px4_msgs/px4_msgs/msg/detail/position_setpoint__rosidl_typesupport_fastrtps_cpp.hpp
[55.149s] -- Up-to-date: /home/maizaied03/ros2_ws/install/px4_msgs/include/px4_msgs/px4_msgs/msg/detail/vtol_vehicle_status__rosidl_typesupport_fastrtps_cpp.hpp
[55.149s] -- Up-to-date: /home/maizaied03/ros2_ws/install/px4_msgs/include/px4_msgs/px4_msgs/msg/detail/px4io_status__rosidl_typesupport_fastrtps_cpp.hpp
[55.149s] -- Up-to-date: /home/maizaied03/ros2_ws/install/px4_msgs/include/px4_msgs/px4_msgs/msg/detail/gimbal_manager_set_manual_control__rosidl_typesupport_fastrtps_cpp.hpp
[55.149s] -- Up-to-date: /home/maizaied03/ros2_ws/install/px4_msgs/include/px4_msgs/px4_msgs/msg/detail/debug_value__rosidl_typesupport_fastrtps_cpp.hpp
[55.149s] -- Up-to-date: /home/maizaied03/ros2_ws/install/px4_msgs/include/px4_msgs/px4_msgs/msg/detail/rover_steering_setpoint__rosidl_typesupport_fastrtps_cpp.hpp
[55.149s] -- Up-to-date: /home/maizaied03/ros2_ws/install/px4_msgs/include/px4_msgs/px4_msgs/msg/detail/ping__rosidl_typesupport_fastrtps_cpp.hpp
[55.149s] -- Up-to-date: /home/maizaied03/ros2_ws/install/px4_msgs/include/px4_msgs/px4_msgs/msg/detail/sensor_accel_fifo__rosidl_typesupport_fastrtps_cpp.hpp
[55.149s] -- Up-to-date: /home/maizaied03/ros2_ws/install/px4_msgs/include/px4_msgs/px4_msgs/msg/detail/rover_position_setpoint__rosidl_typesupport_fastrtps_cpp.hpp
[55.149s] -- Up-to-date: /home/maizaied03/ros2_ws/install/px4_msgs/include/px4_msgs/px4_msgs/msg/detail/vehicle_angular_velocity__rosidl_typesupport_fastrtps_cpp.hpp
[55.149s] -- Up-to-date: /home/maizaied03/ros2_ws/install/px4_msgs/include/px4_msgs/px4_msgs/msg/detail/vtx__rosidl_typesupport_fastrtps_cpp.hpp
[55.149s] -- Up-to-date: /home/maizaied03/ros2_ws/install/px4_msgs/include/px4_msgs/px4_msgs/msg/detail/velocity_limits__rosidl_typesupport_fastrtps_cpp.hpp
[55.149s] -- Up-to-date: /home/maizaied03/ros2_ws/install/px4_msgs/include/px4_msgs/px4_msgs/msg/detail/camera_trigger__rosidl_typesupport_fastrtps_cpp.hpp
[55.149s] -- Up-to-date: /home/maizaied03/ros2_ws/install/px4_msgs/include/px4_msgs/px4_msgs/msg/detail/sensor_gps__rosidl_typesupport_fastrtps_cpp.hpp
[55.149s] -- Up-to-date: /home/maizaied03/ros2_ws/install/px4_msgs/include/px4_msgs/px4_msgs/msg/detail/ulog_stream__rosidl_typesupport_fastrtps_cpp.hpp
[55.149s] -- Up-to-date: /home/maizaied03/ros2_ws/install/px4_msgs/include/px4_msgs/px4_msgs/msg/detail/vehicle_rates_setpoint__rosidl_typesupport_fastrtps_cpp.hpp
[55.149s] -- Up-to-date: /home/maizaied03/ros2_ws/install/px4_msgs/include/px4_msgs/px4_msgs/msg/detail/estimator_gps_status__rosidl_typesupport_fastrtps_cpp.hpp
[55.149s] -- Up-to-date: /home/maizaied03/ros2_ws/install/px4_msgs/include/px4_msgs/px4_msgs/msg/detail/mavlink_log__rosidl_typesupport_fastrtps_cpp.hpp
[55.149s] -- Up-to-date: /home/maizaied03/ros2_ws/install/px4_msgs/include/px4_msgs/px4_msgs/msg/detail/estimator_aid_source3d__rosidl_typesupport_fastrtps_cpp.hpp
[55.149s] -- Up-to-date: /home/maizaied03/ros2_ws/install/px4_msgs/include/px4_msgs/px4_msgs/msg/detail/sensor_uwb__rosidl_typesupport_fastrtps_cpp.hpp
[55.149s] -- Up-to-date: /home/maizaied03/ros2_ws/install/px4_msgs/include/px4_msgs/px4_msgs/msg/detail/vehicle_acceleration__rosidl_typesupport_fastrtps_cpp.hpp
[55.149s] -- Up-to-date: /home/maizaied03/ros2_ws/install/px4_msgs/include/px4_msgs/px4_msgs/msg/detail/generator_status__rosidl_typesupport_fastrtps_cpp.hpp
[55.149s] -- Up-to-date: /home/maizaied03/ros2_ws/install/px4_msgs/include/px4_msgs/px4_msgs/msg/detail/manual_control_switches__rosidl_typesupport_fastrtps_cpp.hpp
[55.149s] -- Up-to-date: /home/maizaied03/ros2_ws/install/px4_msgs/include/px4_msgs/px4_msgs/msg/detail/vehicle_attitude__rosidl_typesupport_fastrtps_cpp.hpp
[55.149s] -- Up-to-date: /home/maizaied03/ros2_ws/install/px4_msgs/include/px4_msgs/px4_msgs/msg/detail/vehicle_command_ack__rosidl_typesupport_fastrtps_cpp.hpp
[55.150s] -- Up-to-date: /home/maizaied03/ros2_ws/install/px4_msgs/include/px4_msgs/px4_msgs/msg/detail/gimbal_device_information__rosidl_typesupport_fastrtps_cpp.hpp
[55.150s] -- Up-to-date: /home/maizaied03/ros2_ws/install/px4_msgs/include/px4_msgs/px4_msgs/msg/detail/satellite_info__rosidl_typesupport_fastrtps_cpp.hpp
[55.150s] -- Up-to-date: /home/maizaied03/ros2_ws/install/px4_msgs/include/px4_msgs/px4_msgs/msg/detail/manual_control_setpoint__rosidl_typesupport_fastrtps_cpp.hpp
[55.150s] -- Up-to-date: /home/maizaied03/ros2_ws/install/px4_msgs/include/px4_msgs/px4_msgs/msg/detail/gpio_out__rosidl_typesupport_fastrtps_cpp.hpp
[55.150s] -- Up-to-date: /home/maizaied03/ros2_ws/install/px4_msgs/include/px4_msgs/px4_msgs/msg/detail/yaw_estimator_status__rosidl_typesupport_fastrtps_cpp.hpp
[55.150s] -- Up-to-date: /home/maizaied03/ros2_ws/install/px4_msgs/include/px4_msgs/px4_msgs/msg/detail/radio_status__rosidl_typesupport_fastrtps_cpp.hpp
[55.150s] -- Up-to-date: /home/maizaied03/ros2_ws/install/px4_msgs/include/px4_msgs/px4_msgs/msg/detail/tiltrotor_extra_controls__rosidl_typesupport_fastrtps_cpp.hpp
[55.150s] -- Up-to-date: /home/maizaied03/ros2_ws/install/px4_msgs/include/px4_msgs/px4_msgs/msg/detail/sensor_combined__rosidl_typesupport_fastrtps_cpp.hpp
[55.150s] -- Up-to-date: /home/maizaied03/ros2_ws/install/px4_msgs/include/px4_msgs/px4_msgs/msg/detail/fixed_wing_lateral_status__rosidl_typesupport_fastrtps_cpp.hpp
[55.150s] -- Up-to-date: /home/maizaied03/ros2_ws/install/px4_msgs/include/px4_msgs/px4_msgs/msg/detail/parameter_set_value_response__rosidl_typesupport_fastrtps_cpp.hpp
[55.150s] -- Up-to-date: /home/maizaied03/ros2_ws/install/px4_msgs/include/px4_msgs/px4_msgs/msg/detail/gpio_in__rosidl_typesupport_fastrtps_cpp.hpp
[55.150s] -- Up-to-date: /home/maizaied03/ros2_ws/install/px4_msgs/include/px4_msgs/px4_msgs/msg/detail/esc_report__rosidl_typesupport_fastrtps_cpp.hpp
[55.150s] -- Up-to-date: /home/maizaied03/ros2_ws/install/px4_msgs/include/px4_msgs/px4_msgs/msg/detail/fixed_wing_runway_control__rosidl_typesupport_fastrtps_cpp.hpp
[55.150s] -- Up-to-date: /home/maizaied03/ros2_ws/install/px4_msgs/include/px4_msgs/px4_msgs/msg/detail/estimator_aid_source1d__rosidl_typesupport_fastrtps_cpp.hpp
[55.150s] -- Up-to-date: /home/maizaied03/ros2_ws/install/px4_msgs/include/px4_msgs/px4_msgs/msg/detail/gimbal_manager_set_attitude__rosidl_typesupport_fastrtps_cpp.hpp
[55.150s] -- Up-to-date: /home/maizaied03/ros2_ws/install/px4_msgs/include/px4_msgs/px4_msgs/msg/detail/mode_completed__rosidl_typesupport_fastrtps_cpp.hpp
[55.150s] -- Up-to-date: /home/maizaied03/ros2_ws/install/px4_msgs/include/px4_msgs/px4_msgs/msg/detail/gimbal_manager_status__rosidl_typesupport_fastrtps_cpp.hpp
[55.150s] -- Up-to-date: /home/maizaied03/ros2_ws/install/px4_msgs/include/px4_msgs/px4_msgs/msg/detail/gps_dump__rosidl_typesupport_fastrtps_cpp.hpp
[55.150s] -- Up-to-date: /home/maizaied03/ros2_ws/install/px4_msgs/include/px4_msgs/px4_msgs/msg/detail/camera_capture__rosidl_typesupport_fastrtps_cpp.hpp
[55.150s] -- Up-to-date: /home/maizaied03/ros2_ws/install/px4_msgs/include/px4_msgs/px4_msgs/msg/detail/dronecan_node_status__rosidl_typesupport_fastrtps_cpp.hpp
[55.150s] -- Up-to-date: /home/maizaied03/ros2_ws/install/px4_msgs/include/px4_msgs/px4_msgs/msg/detail/rtl_status__rosidl_typesupport_fastrtps_cpp.hpp
[55.150s] -- Up-to-date: /home/maizaied03/ros2_ws/install/px4_msgs/include/px4_msgs/px4_msgs/msg/detail/mission__rosidl_typesupport_fastrtps_cpp.hpp
[55.150s] -- Up-to-date: /home/maizaied03/ros2_ws/install/px4_msgs/include/px4_msgs/px4_msgs/msg/detail/failsafe_flags__rosidl_typesupport_fastrtps_cpp.hpp
[55.150s] -- Up-to-date: /home/maizaied03/ros2_ws/install/px4_msgs/include/px4_msgs/px4_msgs/msg/detail/parameter_set_value_request__rosidl_typesupport_fastrtps_cpp.hpp
[55.150s] -- Up-to-date: /home/maizaied03/ros2_ws/install/px4_msgs/include/px4_msgs/px4_msgs/msg/detail/actuator_outputs__rosidl_typesupport_fastrtps_cpp.hpp
[55.150s] -- Up-to-date: /home/maizaied03/ros2_ws/install/px4_msgs/include/px4_msgs/px4_msgs/msg/detail/distance_sensor_mode_change_request__rosidl_typesupport_fastrtps_cpp.hpp
[55.150s] -- Up-to-date: /home/maizaied03/ros2_ws/install/px4_msgs/include/px4_msgs/px4_msgs/msg/detail/mount_orientation__rosidl_typesupport_fastrtps_cpp.hpp
[55.150s] -- Up-to-date: /home/maizaied03/ros2_ws/install/px4_msgs/include/px4_msgs/px4_msgs/msg/detail/orb_test__rosidl_typesupport_fastrtps_cpp.hpp
[55.150s] -- Up-to-date: /home/maizaied03/ros2_ws/install/px4_msgs/include/px4_msgs/px4_msgs/msg/detail/parameter_set_used_request__rosidl_typesupport_fastrtps_cpp.hpp
[55.150s] -- Up-to-date: /home/maizaied03/ros2_ws/install/px4_msgs/include/px4_msgs/px4_msgs/msg/detail/mission_result__rosidl_typesupport_fastrtps_cpp.hpp
[55.150s] -- Up-to-date: /home/maizaied03/ros2_ws/install/px4_msgs/include/px4_msgs/px4_msgs/msg/detail/failure_detector_status__rosidl_typesupport_fastrtps_cpp.hpp
[55.151s] -- Up-to-date: /home/maizaied03/ros2_ws/install/px4_msgs/include/px4_msgs/px4_msgs/msg/detail/sensor_preflight_mag__rosidl_typesupport_fastrtps_cpp.hpp
[55.151s] -- Up-to-date: /home/maizaied03/ros2_ws/install/px4_msgs/include/px4_msgs/px4_msgs/msg/detail/pps_capture__rosidl_typesupport_fastrtps_cpp.hpp
[55.151s] -- Up-to-date: /home/maizaied03/ros2_ws/install/px4_msgs/include/px4_msgs/px4_msgs/msg/detail/vehicle_control_mode__rosidl_typesupport_fastrtps_cpp.hpp
[55.151s] -- Up-to-date: /home/maizaied03/ros2_ws/install/px4_msgs/include/px4_msgs/px4_msgs/msg/detail/estimator_event_flags__rosidl_typesupport_fastrtps_cpp.hpp
[55.151s] -- Up-to-date: /home/maizaied03/ros2_ws/install/px4_msgs/include/px4_msgs/px4_msgs/msg/detail/geofence_result__rosidl_typesupport_fastrtps_cpp.hpp
[55.151s] -- Up-to-date: /home/maizaied03/ros2_ws/install/px4_msgs/include/px4_msgs/px4_msgs/msg/detail/vehicle_optical_flow_vel__rosidl_typesupport_fastrtps_cpp.hpp
[55.151s] -- Up-to-date: /home/maizaied03/ros2_ws/install/px4_msgs/include/px4_msgs/px4_msgs/msg/detail/message_format_request__rosidl_typesupport_fastrtps_cpp.hpp
[55.151s] -- Up-to-date: /home/maizaied03/ros2_ws/install/px4_msgs/include/px4_msgs/px4_msgs/msg/detail/sensors_status__rosidl_typesupport_fastrtps_cpp.hpp
[55.151s] -- Up-to-date: /home/maizaied03/ros2_ws/install/px4_msgs/include/px4_msgs/px4_msgs/msg/detail/offboard_control_mode__rosidl_typesupport_fastrtps_cpp.hpp
[55.151s] -- Up-to-date: /home/maizaied03/ros2_ws/install/px4_msgs/include/px4_msgs/px4_msgs/msg/detail/action_request__rosidl_typesupport_fastrtps_cpp.hpp
[55.151s] -- Up-to-date: /home/maizaied03/ros2_ws/install/px4_msgs/include/px4_msgs/px4_msgs/msg/detail/dataman_response__rosidl_typesupport_fastrtps_cpp.hpp
[55.151s] -- Up-to-date: /home/maizaied03/ros2_ws/install/px4_msgs/include/px4_msgs/px4_msgs/msg/detail/log_message__rosidl_typesupport_fastrtps_cpp.hpp
[55.151s] -- Up-to-date: /home/maizaied03/ros2_ws/install/px4_msgs/include/px4_msgs/px4_msgs/msg/detail/vehicle_optical_flow__rosidl_typesupport_fastrtps_cpp.hpp
[55.151s] -- Up-to-date: /home/maizaied03/ros2_ws/install/px4_msgs/include/px4_msgs/px4_msgs/msg/detail/arming_check_reply__rosidl_typesupport_fastrtps_cpp.hpp
[55.151s] -- Up-to-date: /home/maizaied03/ros2_ws/install/px4_msgs/include/px4_msgs/px4_msgs/msg/detail/neural_control__rosidl_typesupport_fastrtps_cpp.hpp
[55.151s] -- Up-to-date: /home/maizaied03/ros2_ws/install/px4_msgs/include/px4_msgs/px4_msgs/msg/detail/airspeed__rosidl_typesupport_fastrtps_cpp.hpp
[55.151s] -- Up-to-date: /home/maizaied03/ros2_ws/install/px4_msgs/include/px4_msgs/px4_msgs/msg/detail/sensor_optical_flow__rosidl_typesupport_fastrtps_cpp.hpp
[55.151s] -- Up-to-date: /home/maizaied03/ros2_ws/install/px4_msgs/include/px4_msgs/px4_msgs/msg/detail/vehicle_thrust_setpoint__rosidl_typesupport_fastrtps_cpp.hpp
[55.151s] -- Up-to-date: /home/maizaied03/ros2_ws/install/px4_msgs/include/px4_msgs/px4_msgs/msg/detail/vehicle_constraints__rosidl_typesupport_fastrtps_cpp.hpp
[55.151s] -- Up-to-date: /home/maizaied03/ros2_ws/install/px4_msgs/include/px4_msgs/px4_msgs/msg/detail/vehicle_roi__rosidl_typesupport_fastrtps_cpp.hpp
[55.151s] -- Up-to-date: /home/maizaied03/ros2_ws/install/px4_msgs/include/px4_msgs/px4_msgs/msg/detail/open_drone_id_self_id__rosidl_typesupport_fastrtps_cpp.hpp
[55.151s] -- Up-to-date: /home/maizaied03/ros2_ws/install/px4_msgs/include/px4_msgs/px4_msgs/msg/detail/sensor_hygrometer__rosidl_typesupport_fastrtps_cpp.hpp
[55.151s] -- Up-to-date: /home/maizaied03/ros2_ws/install/px4_msgs/include/px4_msgs/px4_msgs/msg/detail/vehicle_local_position__rosidl_typesupport_fastrtps_cpp.hpp
[55.151s] -- Up-to-date: /home/maizaied03/ros2_ws/install/px4_msgs/include/px4_msgs/px4_msgs/msg/detail/sensors_status_imu__rosidl_typesupport_fastrtps_cpp.hpp
[55.151s] -- Up-to-date: /home/maizaied03/ros2_ws/install/px4_msgs/include/px4_msgs/px4_msgs/msg/detail/airspeed_validated__rosidl_typesupport_fastrtps_cpp.hpp
[55.151s] -- Up-to-date: /home/maizaied03/ros2_ws/install/px4_msgs/include/px4_msgs/px4_msgs/msg/detail/gimbal_device_set_attitude__rosidl_typesupport_fastrtps_cpp.hpp
[55.151s] -- Up-to-date: /home/maizaied03/ros2_ws/install/px4_msgs/include/px4_msgs/px4_msgs/msg/detail/adc_report__rosidl_typesupport_fastrtps_cpp.hpp
[55.151s] -- Up-to-date: /home/maizaied03/ros2_ws/install/px4_msgs/include/px4_msgs/px4_msgs/msg/detail/follow_target_estimator__rosidl_typesupport_fastrtps_cpp.hpp
[55.151s] -- Up-to-date: /home/maizaied03/ros2_ws/install/px4_msgs/include/px4_msgs/px4_msgs/msg/detail/position_setpoint_triplet__rosidl_typesupport_fastrtps_cpp.hpp
[55.151s] -- Up-to-date: /home/maizaied03/ros2_ws/install/px4_msgs/include/px4_msgs/px4_msgs/msg/detail/gpio_config__rosidl_typesupport_fastrtps_cpp.hpp
[55.151s] -- Up-to-date: /home/maizaied03/ros2_ws/install/px4_msgs/include/px4_msgs/px4_msgs/msg/detail/position_controller_landing_status__rosidl_typesupport_fastrtps_cpp.hpp
[55.152s] -- Up-to-date: /home/maizaied03/ros2_ws/install/px4_msgs/include/px4_msgs/px4_msgs/msg/detail/power_monitor__rosidl_typesupport_fastrtps_cpp.hpp
[55.152s] -- Up-to-date: /home/maizaied03/ros2_ws/install/px4_msgs/include/px4_msgs/px4_msgs/msg/detail/estimator_status_flags__rosidl_typesupport_fastrtps_cpp.hpp
[55.152s] -- Up-to-date: /home/maizaied03/ros2_ws/install/px4_msgs/include/px4_msgs/px4_msgs/msg/detail/estimator_states__rosidl_typesupport_fastrtps_cpp.hpp
[55.152s] -- Up-to-date: /home/maizaied03/ros2_ws/install/px4_msgs/include/px4_msgs/px4_msgs/msg/detail/irlock_report__rosidl_typesupport_fastrtps_cpp.hpp
[55.152s] -- Up-to-date: /home/maizaied03/ros2_ws/install/px4_msgs/include/px4_msgs/px4_msgs/msg/detail/pwm_input__rosidl_typesupport_fastrtps_cpp.hpp
[55.152s] -- Up-to-date: /home/maizaied03/ros2_ws/install/px4_msgs/include/px4_msgs/px4_msgs/msg/detail/estimator_status__rosidl_typesupport_fastrtps_cpp.hpp
[55.152s] -- Up-to-date: /home/maizaied03/ros2_ws/install/px4_msgs/include/px4_msgs/px4_msgs/msg/detail/flight_phase_estimation__rosidl_typesupport_fastrtps_cpp.hpp
[55.152s] -- Up-to-date: /home/maizaied03/ros2_ws/install/px4_msgs/include/px4_msgs/px4_msgs/msg/detail/debug_array__rosidl_typesupport_fastrtps_cpp.hpp
[55.152s] -- Up-to-date: /home/maizaied03/ros2_ws/install/px4_msgs/include/px4_msgs/px4_msgs/msg/detail/rover_rate_status__rosidl_typesupport_fastrtps_cpp.hpp
[55.152s] -- Up-to-date: /home/maizaied03/ros2_ws/install/px4_msgs/include/px4_msgs/px4_msgs/msg/detail/trajectory_setpoint6dof__rosidl_typesupport_fastrtps_cpp.hpp
[55.152s] -- Up-to-date: /home/maizaied03/ros2_ws/install/px4_msgs/include/px4_msgs/px4_msgs/msg/detail/sensor_gyro_fft__rosidl_typesupport_fastrtps_cpp.hpp
[55.152s] -- Up-to-date: /home/maizaied03/ros2_ws/install/px4_msgs/include/px4_msgs/px4_msgs/msg/detail/button_event__rosidl_typesupport_fastrtps_cpp.hpp
[55.152s] -- Up-to-date: /home/maizaied03/ros2_ws/install/px4_msgs/include/px4_msgs/px4_msgs/msg/detail/fixed_wing_lateral_guidance_status__rosidl_typesupport_fastrtps_cpp.hpp
[55.152s] -- Up-to-date: /home/maizaied03/ros2_ws/install/px4_msgs/include/px4_msgs/px4_msgs/msg/detail/sensor_mag__rosidl_typesupport_fastrtps_cpp.hpp
[55.152s] -- Up-to-date: /home/maizaied03/ros2_ws/install/px4_msgs/include/px4_msgs/px4_msgs/msg/detail/logger_status__rosidl_typesupport_fastrtps_cpp.hpp
[55.152s] -- Up-to-date: /home/maizaied03/ros2_ws/install/px4_msgs/include/px4_msgs/px4_msgs/msg/detail/tune_control__rosidl_typesupport_fastrtps_cpp.hpp
[55.152s] -- Up-to-date: /home/maizaied03/ros2_ws/install/px4_msgs/include/px4_msgs/px4_msgs/msg/detail/estimator_innovations__rosidl_typesupport_fastrtps_cpp.hpp
[55.152s] -- Up-to-date: /home/maizaied03/ros2_ws/install/px4_msgs/include/px4_msgs/px4_msgs/msg/detail/fixed_wing_lateral_setpoint__rosidl_typesupport_fastrtps_cpp.hpp
[55.152s] -- Up-to-date: /home/maizaied03/ros2_ws/install/px4_msgs/include/px4_msgs/px4_msgs/msg/detail/device_information__rosidl_typesupport_fastrtps_cpp.hpp
[55.152s] -- Up-to-date: /home/maizaied03/ros2_ws/install/px4_msgs/include/px4_msgs/px4_msgs/msg/detail/vehicle_angular_acceleration_setpoint__rosidl_typesupport_fastrtps_cpp.hpp
[55.152s] -- Up-to-date: /home/maizaied03/ros2_ws/install/px4_msgs/include/px4_msgs/px4_msgs/msg/detail/sensor_airflow__rosidl_typesupport_fastrtps_cpp.hpp
[55.152s] -- Up-to-date: /home/maizaied03/ros2_ws/install/px4_msgs/include/px4_msgs/px4_msgs/msg/detail/arming_check_request__rosidl_typesupport_fastrtps_cpp.hpp
[55.152s] -- Up-to-date: /home/maizaied03/ros2_ws/install/px4_msgs/include/px4_msgs/px4_msgs/msg/detail/sensor_selection__rosidl_typesupport_fastrtps_cpp.hpp
[55.152s] -- Up-to-date: /home/maizaied03/ros2_ws/install/px4_msgs/include/px4_msgs/px4_msgs/msg/detail/message_format_response__rosidl_typesupport_fastrtps_cpp.hpp
[55.152s] -- Up-to-date: /home/maizaied03/ros2_ws/install/px4_msgs/include/px4_msgs/px4_msgs/msg/detail/heater_status__rosidl_typesupport_fastrtps_cpp.hpp
[55.152s] -- Up-to-date: /home/maizaied03/ros2_ws/install/px4_msgs/include/px4_msgs/px4_msgs/msg/detail/sensor_temp__rosidl_typesupport_fastrtps_cpp.hpp
[55.152s] -- Up-to-date: /home/maizaied03/ros2_ws/install/px4_msgs/include/px4_msgs/px4_msgs/msg/detail/health_report__rosidl_typesupport_fastrtps_cpp.hpp
[55.152s] -- Up-to-date: /home/maizaied03/ros2_ws/install/px4_msgs/include/px4_msgs/px4_msgs/msg/detail/pure_pursuit_status__rosidl_typesupport_fastrtps_cpp.hpp
[55.152s] -- Up-to-date: /home/maizaied03/ros2_ws/install/px4_msgs/include/px4_msgs/px4_msgs/msg/detail/orb_test_large__rosidl_typesupport_fastrtps_cpp.hpp
[55.152s] -- Up-to-date: /home/maizaied03/ros2_ws/install/px4_msgs/include/px4_msgs/px4_msgs/msg/detail/uavcan_parameter_value__rosidl_typesupport_fastrtps_cpp.hpp
[55.152s] -- Up-to-date: /home/maizaied03/ros2_ws/install/px4_msgs/include/px4_msgs/px4_msgs/msg/detail/estimator_bias__rosidl_typesupport_fastrtps_cpp.hpp
[55.152s] -- Up-to-date: /home/maizaied03/ros2_ws/install/px4_msgs/include/px4_msgs/px4_msgs/msg/detail/vehicle_land_detected__rosidl_typesupport_fastrtps_cpp.hpp
[55.153s] -- Up-to-date: /home/maizaied03/ros2_ws/install/px4_msgs/include/px4_msgs/px4_msgs/msg/detail/takeoff_status__rosidl_typesupport_fastrtps_cpp.hpp
[55.153s] -- Up-to-date: /home/maizaied03/ros2_ws/install/px4_msgs/include/px4_msgs/px4_msgs/msg/detail/vehicle_torque_setpoint__rosidl_typesupport_fastrtps_cpp.hpp
[55.153s] -- Up-to-date: /home/maizaied03/ros2_ws/install/px4_msgs/include/px4_msgs/px4_msgs/msg/detail/rate_ctrl_status__rosidl_typesupport_fastrtps_cpp.hpp
[55.153s] -- Up-to-date: /home/maizaied03/ros2_ws/install/px4_msgs/include/px4_msgs/px4_msgs/msg/detail/vehicle_status__rosidl_typesupport_fastrtps_cpp.hpp
[55.153s] -- Up-to-date: /home/maizaied03/ros2_ws/install/px4_msgs/include/px4_msgs/px4_msgs/msg/detail/vehicle_command__rosidl_typesupport_fastrtps_cpp.hpp
[55.153s] -- Up-to-date: /home/maizaied03/ros2_ws/install/px4_msgs/include/px4_msgs/px4_msgs/msg/detail/position_controller_status__rosidl_typesupport_fastrtps_cpp.hpp
[55.153s] -- Up-to-date: /home/maizaied03/ros2_ws/install/px4_msgs/include/px4_msgs/px4_msgs/msg/detail/actuator_servos_trim__rosidl_typesupport_fastrtps_cpp.hpp
[55.153s] -- Up-to-date: /home/maizaied03/ros2_ws/install/px4_msgs/include/px4_msgs/px4_msgs/msg/detail/ekf2_timestamps__rosidl_typesupport_fastrtps_cpp.hpp
[55.153s] -- Up-to-date: /home/maizaied03/ros2_ws/install/px4_msgs/include/px4_msgs/px4_msgs/msg/detail/gps_inject_data__rosidl_typesupport_fastrtps_cpp.hpp
[55.153s] -- Up-to-date: /home/maizaied03/ros2_ws/install/px4_msgs/include/px4_msgs/px4_msgs/msg/detail/collision_constraints__rosidl_typesupport_fastrtps_cpp.hpp
[55.153s] -- Up-to-date: /home/maizaied03/ros2_ws/install/px4_msgs/include/px4_msgs/px4_msgs/msg/detail/esc_status__rosidl_typesupport_fastrtps_cpp.hpp
[55.153s] -- Up-to-date: /home/maizaied03/ros2_ws/install/px4_msgs/include/px4_msgs/px4_msgs/msg/detail/sensor_baro__rosidl_typesupport_fastrtps_cpp.hpp
[55.153s] -- Up-to-date: /home/maizaied03/ros2_ws/install/px4_msgs/include/px4_msgs/px4_msgs/msg/detail/unregister_ext_component__rosidl_typesupport_fastrtps_cpp.hpp
[55.153s] -- Up-to-date: /home/maizaied03/ros2_ws/install/px4_msgs/include/px4_msgs/px4_msgs/msg/detail/register_ext_component_request__rosidl_typesupport_fastrtps_cpp.hpp
[55.153s] -- Up-to-date: /home/maizaied03/ros2_ws/install/px4_msgs/include/px4_msgs/px4_msgs/msg/detail/gimbal_device_attitude_status__rosidl_typesupport_fastrtps_cpp.hpp
[55.153s] -- Up-to-date: /home/maizaied03/ros2_ws/install/px4_msgs/include/px4_msgs/px4_msgs/msg/detail/debug_key_value__rosidl_typesupport_fastrtps_cpp.hpp
[55.153s] -- Up-to-date: /home/maizaied03/ros2_ws/install/px4_msgs/include/px4_msgs/px4_msgs/msg/detail/wheel_encoders__rosidl_typesupport_fastrtps_cpp.hpp
[55.153s] -- Up-to-date: /home/maizaied03/ros2_ws/install/px4_msgs/include/px4_msgs/px4_msgs/msg/detail/rtl_time_estimate__rosidl_typesupport_fastrtps_cpp.hpp
[55.153s] -- Up-to-date: /home/maizaied03/ros2_ws/install/px4_msgs/include/px4_msgs/px4_msgs/srv
[55.153s] -- Up-to-date: /home/maizaied03/ros2_ws/install/px4_msgs/include/px4_msgs/px4_msgs/srv/detail
[55.153s] -- Up-to-date: /home/maizaied03/ros2_ws/install/px4_msgs/include/px4_msgs/px4_msgs/srv/detail/dds_fastrtps
[55.153s] -- Up-to-date: /home/maizaied03/ros2_ws/install/px4_msgs/include/px4_msgs/px4_msgs/srv/detail/vehicle_command__rosidl_typesupport_fastrtps_cpp.hpp
[55.153s] -- Installing: /home/maizaied03/ros2_ws/install/px4_msgs/lib/libpx4_msgs__rosidl_typesupport_fastrtps_cpp.so
[55.153s] -- Set runtime path of "/home/maizaied03/ros2_ws/install/px4_msgs/lib/libpx4_msgs__rosidl_typesupport_fastrtps_cpp.so" to ""
[55.153s] -- Up-to-date: /home/maizaied03/ros2_ws/install/px4_msgs/include/px4_msgs/px4_msgs
[55.153s] -- Up-to-date: /home/maizaied03/ros2_ws/install/px4_msgs/include/px4_msgs/px4_msgs/msg
[55.153s] -- Up-to-date: /home/maizaied03/ros2_ws/install/px4_msgs/include/px4_msgs/px4_msgs/msg/rosidl_typesupport_introspection_c__visibility_control.h
[55.153s] -- Up-to-date: /home/maizaied03/ros2_ws/install/px4_msgs/include/px4_msgs/px4_msgs/msg/detail
[55.153s] -- Up-to-date: /home/maizaied03/ros2_ws/install/px4_msgs/include/px4_msgs/px4_msgs/msg/detail/radio_status__type_support.c
[55.153s] -- Up-to-date: /home/maizaied03/ros2_ws/install/px4_msgs/include/px4_msgs/px4_msgs/msg/detail/satellite_info__type_support.c
[55.153s] -- Up-to-date: /home/maizaied03/ros2_ws/install/px4_msgs/include/px4_msgs/px4_msgs/msg/detail/vehicle_rates_setpoint__rosidl_typesupport_introspection_c.h
[55.154s] -- Up-to-date: /home/maizaied03/ros2_ws/install/px4_msgs/include/px4_msgs/px4_msgs/msg/detail/device_information__type_support.c
[55.154s] -- Up-to-date: /home/maizaied03/ros2_ws/install/px4_msgs/include/px4_msgs/px4_msgs/msg/detail/rover_steering_setpoint__rosidl_typesupport_introspection_c.h
[55.154s] -- Up-to-date: /home/maizaied03/ros2_ws/install/px4_msgs/include/px4_msgs/px4_msgs/msg/detail/airspeed_validated__type_support.c
[55.154s] -- Up-to-date: /home/maizaied03/ros2_ws/install/px4_msgs/include/px4_msgs/px4_msgs/msg/detail/arming_check_request__rosidl_typesupport_introspection_c.h
[55.154s] -- Up-to-date: /home/maizaied03/ros2_ws/install/px4_msgs/include/px4_msgs/px4_msgs/msg/detail/esc_report__type_support.c
[55.154s] -- Up-to-date: /home/maizaied03/ros2_ws/install/px4_msgs/include/px4_msgs/px4_msgs/msg/detail/manual_control_setpoint__type_support.c
[55.154s] -- Up-to-date: /home/maizaied03/ros2_ws/install/px4_msgs/include/px4_msgs/px4_msgs/msg/detail/arming_check_request__type_support.c
[55.154s] -- Up-to-date: /home/maizaied03/ros2_ws/install/px4_msgs/include/px4_msgs/px4_msgs/msg/detail/home_position__type_support.c
[55.154s] -- Up-to-date: /home/maizaied03/ros2_ws/install/px4_msgs/include/px4_msgs/px4_msgs/msg/detail/magnetometer_bias_estimate__type_support.c
[55.154s] -- Up-to-date: /home/maizaied03/ros2_ws/install/px4_msgs/include/px4_msgs/px4_msgs/msg/detail/failure_detector_status__rosidl_typesupport_introspection_c.h
[55.154s] -- Up-to-date: /home/maizaied03/ros2_ws/install/px4_msgs/include/px4_msgs/px4_msgs/msg/detail/vtol_vehicle_status__type_support.c
[55.154s] -- Up-to-date: /home/maizaied03/ros2_ws/install/px4_msgs/include/px4_msgs/px4_msgs/msg/detail/vehicle_magnetometer__type_support.c
[55.154s] -- Up-to-date: /home/maizaied03/ros2_ws/install/px4_msgs/include/px4_msgs/px4_msgs/msg/detail/actuator_controls_status__rosidl_typesupport_introspection_c.h
[55.154s] -- Up-to-date: /home/maizaied03/ros2_ws/install/px4_msgs/include/px4_msgs/px4_msgs/msg/detail/timesync_status__rosidl_typesupport_introspection_c.h
[55.154s] -- Up-to-date: /home/maizaied03/ros2_ws/install/px4_msgs/include/px4_msgs/px4_msgs/msg/detail/telemetry_status__type_support.c
[55.154s] -- Up-to-date: /home/maizaied03/ros2_ws/install/px4_msgs/include/px4_msgs/px4_msgs/msg/detail/vehicle_thrust_setpoint__rosidl_typesupport_introspection_c.h
[55.154s] -- Up-to-date: /home/maizaied03/ros2_ws/install/px4_msgs/include/px4_msgs/px4_msgs/msg/detail/landing_target_innovations__rosidl_typesupport_introspection_c.h
[55.154s] -- Up-to-date: /home/maizaied03/ros2_ws/install/px4_msgs/include/px4_msgs/px4_msgs/msg/detail/estimator_states__type_support.c
[55.154s] -- Up-to-date: /home/maizaied03/ros2_ws/install/px4_msgs/include/px4_msgs/px4_msgs/msg/detail/vehicle_command_ack__type_support.c
[55.154s] -- Up-to-date: /home/maizaied03/ros2_ws/install/px4_msgs/include/px4_msgs/px4_msgs/msg/detail/actuator_servos__type_support.c
[55.154s] -- Up-to-date: /home/maizaied03/ros2_ws/install/px4_msgs/include/px4_msgs/px4_msgs/msg/detail/parameter_set_used_request__type_support.c
[55.154s] -- Up-to-date: /home/maizaied03/ros2_ws/install/px4_msgs/include/px4_msgs/px4_msgs/msg/detail/open_drone_id_system__type_support.c
[55.154s] -- Up-to-date: /home/maizaied03/ros2_ws/install/px4_msgs/include/px4_msgs/px4_msgs/msg/detail/gimbal_device_attitude_status__type_support.c
[55.154s] -- Up-to-date: /home/maizaied03/ros2_ws/install/px4_msgs/include/px4_msgs/px4_msgs/msg/detail/vehicle_air_data__rosidl_typesupport_introspection_c.h
[55.154s] -- Up-to-date: /home/maizaied03/ros2_ws/install/px4_msgs/include/px4_msgs/px4_msgs/msg/detail/camera_trigger__type_support.c
[55.154s] -- Up-to-date: /home/maizaied03/ros2_ws/install/px4_msgs/include/px4_msgs/px4_msgs/msg/detail/register_ext_component_reply__type_support.c
[55.154s] -- Up-to-date: /home/maizaied03/ros2_ws/install/px4_msgs/include/px4_msgs/px4_msgs/msg/detail/sensors_status__rosidl_typesupport_introspection_c.h
[55.154s] -- Up-to-date: /home/maizaied03/ros2_ws/install/px4_msgs/include/px4_msgs/px4_msgs/msg/detail/vehicle_magnetometer__rosidl_typesupport_introspection_c.h
[55.154s] -- Up-to-date: /home/maizaied03/ros2_ws/install/px4_msgs/include/px4_msgs/px4_msgs/msg/detail/gpio_request__rosidl_typesupport_introspection_c.h
[55.154s] -- Up-to-date: /home/maizaied03/ros2_ws/install/px4_msgs/include/px4_msgs/px4_msgs/msg/detail/parameter_set_value_request__rosidl_typesupport_introspection_c.h
[55.154s] -- Up-to-date: /home/maizaied03/ros2_ws/install/px4_msgs/include/px4_msgs/px4_msgs/msg/detail/px4io_status__rosidl_typesupport_introspection_c.h
[55.155s] -- Up-to-date: /home/maizaied03/ros2_ws/install/px4_msgs/include/px4_msgs/px4_msgs/msg/detail/estimator_sensor_bias__rosidl_typesupport_introspection_c.h
[55.155s] -- Up-to-date: /home/maizaied03/ros2_ws/install/px4_msgs/include/px4_msgs/px4_msgs/msg/detail/sensor_correction__type_support.c
[55.155s] -- Up-to-date: /home/maizaied03/ros2_ws/install/px4_msgs/include/px4_msgs/px4_msgs/msg/detail/failure_detector_status__type_support.c
[55.155s] -- Up-to-date: /home/maizaied03/ros2_ws/install/px4_msgs/include/px4_msgs/px4_msgs/msg/detail/vehicle_air_data__type_support.c
[55.155s] -- Up-to-date: /home/maizaied03/ros2_ws/install/px4_msgs/include/px4_msgs/px4_msgs/msg/detail/cpuload__rosidl_typesupport_introspection_c.h
[55.155s] -- Up-to-date: /home/maizaied03/ros2_ws/install/px4_msgs/include/px4_msgs/px4_msgs/msg/detail/debug_key_value__type_support.c
[55.155s] -- Up-to-date: /home/maizaied03/ros2_ws/install/px4_msgs/include/px4_msgs/px4_msgs/msg/detail/logger_status__rosidl_typesupport_introspection_c.h
[55.155s] -- Up-to-date: /home/maizaied03/ros2_ws/install/px4_msgs/include/px4_msgs/px4_msgs/msg/detail/orb_test__type_support.c
[55.155s] -- Up-to-date: /home/maizaied03/ros2_ws/install/px4_msgs/include/px4_msgs/px4_msgs/msg/detail/rover_attitude_status__type_support.c
[55.155s] -- Up-to-date: /home/maizaied03/ros2_ws/install/px4_msgs/include/px4_msgs/px4_msgs/msg/detail/landing_gear__rosidl_typesupport_introspection_c.h
[55.155s] -- Up-to-date: /home/maizaied03/ros2_ws/install/px4_msgs/include/px4_msgs/px4_msgs/msg/detail/mavlink_tunnel__rosidl_typesupport_introspection_c.h
[55.155s] -- Up-to-date: /home/maizaied03/ros2_ws/install/px4_msgs/include/px4_msgs/px4_msgs/msg/detail/rover_rate_setpoint__rosidl_typesupport_introspection_c.h
[55.155s] -- Up-to-date: /home/maizaied03/ros2_ws/install/px4_msgs/include/px4_msgs/px4_msgs/msg/detail/irlock_report__rosidl_typesupport_introspection_c.h
[55.155s] -- Up-to-date: /home/maizaied03/ros2_ws/install/px4_msgs/include/px4_msgs/px4_msgs/msg/detail/qshell_retval__rosidl_typesupport_introspection_c.h
[55.155s] -- Up-to-date: /home/maizaied03/ros2_ws/install/px4_msgs/include/px4_msgs/px4_msgs/msg/detail/rover_attitude_status__rosidl_typesupport_introspection_c.h
[55.155s] -- Up-to-date: /home/maizaied03/ros2_ws/install/px4_msgs/include/px4_msgs/px4_msgs/msg/detail/vehicle_attitude__rosidl_typesupport_introspection_c.h
[55.155s] -- Up-to-date: /home/maizaied03/ros2_ws/install/px4_msgs/include/px4_msgs/px4_msgs/msg/detail/parameter_set_value_response__type_support.c
[55.155s] -- Up-to-date: /home/maizaied03/ros2_ws/install/px4_msgs/include/px4_msgs/px4_msgs/msg/detail/config_overrides__rosidl_typesupport_introspection_c.h
[55.155s] -- Up-to-date: /home/maizaied03/ros2_ws/install/px4_msgs/include/px4_msgs/px4_msgs/msg/detail/vehicle_local_position_setpoint__rosidl_typesupport_introspection_c.h
[55.155s] -- Up-to-date: /home/maizaied03/ros2_ws/install/px4_msgs/include/px4_msgs/px4_msgs/msg/detail/actuator_outputs__rosidl_typesupport_introspection_c.h
[55.155s] -- Up-to-date: /home/maizaied03/ros2_ws/install/px4_msgs/include/px4_msgs/px4_msgs/msg/detail/gpio_request__type_support.c
[55.155s] -- Up-to-date: /home/maizaied03/ros2_ws/install/px4_msgs/include/px4_msgs/px4_msgs/msg/detail/vehicle_imu_status__rosidl_typesupport_introspection_c.h
[55.155s] -- Up-to-date: /home/maizaied03/ros2_ws/install/px4_msgs/include/px4_msgs/px4_msgs/msg/detail/sensor_accel__type_support.c
[55.155s] -- Up-to-date: /home/maizaied03/ros2_ws/install/px4_msgs/include/px4_msgs/px4_msgs/msg/detail/neural_control__rosidl_typesupport_introspection_c.h
[55.155s] -- Up-to-date: /home/maizaied03/ros2_ws/install/px4_msgs/include/px4_msgs/px4_msgs/msg/detail/qshell_req__rosidl_typesupport_introspection_c.h
[55.155s] -- Up-to-date: /home/maizaied03/ros2_ws/install/px4_msgs/include/px4_msgs/px4_msgs/msg/detail/actuator_motors__type_support.c
[55.155s] -- Up-to-date: /home/maizaied03/ros2_ws/install/px4_msgs/include/px4_msgs/px4_msgs/msg/detail/estimator_bias__type_support.c
[55.155s] -- Up-to-date: /home/maizaied03/ros2_ws/install/px4_msgs/include/px4_msgs/px4_msgs/msg/detail/obstacle_distance__type_support.c
[55.155s] -- Up-to-date: /home/maizaied03/ros2_ws/install/px4_msgs/include/px4_msgs/px4_msgs/msg/detail/cpuload__type_support.c
[55.155s] -- Up-to-date: /home/maizaied03/ros2_ws/install/px4_msgs/include/px4_msgs/px4_msgs/msg/detail/manual_control_setpoint__rosidl_typesupport_introspection_c.h
[55.155s] -- Up-to-date: /home/maizaied03/ros2_ws/install/px4_msgs/include/px4_msgs/px4_msgs/msg/detail/estimator_aid_source2d__type_support.c
[55.155s] -- Up-to-date: /home/maizaied03/ros2_ws/install/px4_msgs/include/px4_msgs/px4_msgs/msg/detail/geofence_result__rosidl_typesupport_introspection_c.h
[55.156s] -- Up-to-date: /home/maizaied03/ros2_ws/install/px4_msgs/include/px4_msgs/px4_msgs/msg/detail/power_button_state__rosidl_typesupport_introspection_c.h
[55.156s] -- Up-to-date: /home/maizaied03/ros2_ws/install/px4_msgs/include/px4_msgs/px4_msgs/msg/detail/open_drone_id_operator_id__type_support.c
[55.156s] -- Up-to-date: /home/maizaied03/ros2_ws/install/px4_msgs/include/px4_msgs/px4_msgs/msg/detail/tiltrotor_extra_controls__rosidl_typesupport_introspection_c.h
[55.156s] -- Up-to-date: /home/maizaied03/ros2_ws/install/px4_msgs/include/px4_msgs/px4_msgs/msg/detail/airspeed__rosidl_typesupport_introspection_c.h
[55.156s] -- Up-to-date: /home/maizaied03/ros2_ws/install/px4_msgs/include/px4_msgs/px4_msgs/msg/detail/gpio_config__rosidl_typesupport_introspection_c.h
[55.156s] -- Up-to-date: /home/maizaied03/ros2_ws/install/px4_msgs/include/px4_msgs/px4_msgs/msg/detail/autotune_attitude_control_status__type_support.c
[55.156s] -- Up-to-date: /home/maizaied03/ros2_ws/install/px4_msgs/include/px4_msgs/px4_msgs/msg/detail/position_controller_status__type_support.c
[55.156s] -- Up-to-date: /home/maizaied03/ros2_ws/install/px4_msgs/include/px4_msgs/px4_msgs/msg/detail/tune_control__rosidl_typesupport_introspection_c.h
[55.156s] -- Up-to-date: /home/maizaied03/ros2_ws/install/px4_msgs/include/px4_msgs/px4_msgs/msg/detail/distance_sensor_mode_change_request__rosidl_typesupport_introspection_c.h
[55.156s] -- Up-to-date: /home/maizaied03/ros2_ws/install/px4_msgs/include/px4_msgs/px4_msgs/msg/detail/vehicle_constraints__type_support.c
[55.156s] -- Up-to-date: /home/maizaied03/ros2_ws/install/px4_msgs/include/px4_msgs/px4_msgs/msg/detail/open_drone_id_self_id__rosidl_typesupport_introspection_c.h
[55.156s] -- Up-to-date: /home/maizaied03/ros2_ws/install/px4_msgs/include/px4_msgs/px4_msgs/msg/detail/gimbal_manager_set_manual_control__rosidl_typesupport_introspection_c.h
[55.156s] -- Up-to-date: /home/maizaied03/ros2_ws/install/px4_msgs/include/px4_msgs/px4_msgs/msg/detail/gps_dump__rosidl_typesupport_introspection_c.h
[55.156s] -- Up-to-date: /home/maizaied03/ros2_ws/install/px4_msgs/include/px4_msgs/px4_msgs/msg/detail/raptor_input__type_support.c
[55.156s] -- Up-to-date: /home/maizaied03/ros2_ws/install/px4_msgs/include/px4_msgs/px4_msgs/msg/detail/sensors_status_imu__type_support.c
[55.156s] -- Up-to-date: /home/maizaied03/ros2_ws/install/px4_msgs/include/px4_msgs/px4_msgs/msg/detail/dronecan_node_status__rosidl_typesupport_introspection_c.h
[55.156s] -- Up-to-date: /home/maizaied03/ros2_ws/install/px4_msgs/include/px4_msgs/px4_msgs/msg/detail/follow_target__rosidl_typesupport_introspection_c.h
[55.156s] -- Up-to-date: /home/maizaied03/ros2_ws/install/px4_msgs/include/px4_msgs/px4_msgs/msg/detail/gpio_config__type_support.c
[55.156s] -- Up-to-date: /home/maizaied03/ros2_ws/install/px4_msgs/include/px4_msgs/px4_msgs/msg/detail/sensor_optical_flow__rosidl_typesupport_introspection_c.h
[55.156s] -- Up-to-date: /home/maizaied03/ros2_ws/install/px4_msgs/include/px4_msgs/px4_msgs/msg/detail/vehicle_acceleration__type_support.c
[55.156s] -- Up-to-date: /home/maizaied03/ros2_ws/install/px4_msgs/include/px4_msgs/px4_msgs/msg/detail/sensor_gyro_fifo__type_support.c
[55.156s] -- Up-to-date: /home/maizaied03/ros2_ws/install/px4_msgs/include/px4_msgs/px4_msgs/msg/detail/gimbal_manager_set_manual_control__type_support.c
[55.156s] -- Up-to-date: /home/maizaied03/ros2_ws/install/px4_msgs/include/px4_msgs/px4_msgs/msg/detail/estimator_innovations__type_support.c
[55.156s] -- Up-to-date: /home/maizaied03/ros2_ws/install/px4_msgs/include/px4_msgs/px4_msgs/msg/detail/sensor_gps__type_support.c
[55.156s] -- Up-to-date: /home/maizaied03/ros2_ws/install/px4_msgs/include/px4_msgs/px4_msgs/msg/detail/figure_eight_status__type_support.c
[55.156s] -- Up-to-date: /home/maizaied03/ros2_ws/install/px4_msgs/include/px4_msgs/px4_msgs/msg/detail/pwm_input__rosidl_typesupport_introspection_c.h
[55.156s] -- Up-to-date: /home/maizaied03/ros2_ws/install/px4_msgs/include/px4_msgs/px4_msgs/msg/detail/vehicle_optical_flow_vel__rosidl_typesupport_introspection_c.h
[55.156s] -- Up-to-date: /home/maizaied03/ros2_ws/install/px4_msgs/include/px4_msgs/px4_msgs/msg/detail/rover_speed_setpoint__rosidl_typesupport_introspection_c.h
[55.156s] -- Up-to-date: /home/maizaied03/ros2_ws/install/px4_msgs/include/px4_msgs/px4_msgs/msg/detail/gps_dump__type_support.c
[55.156s] -- Up-to-date: /home/maizaied03/ros2_ws/install/px4_msgs/include/px4_msgs/px4_msgs/msg/detail/pure_pursuit_status__type_support.c
[55.157s] -- Up-to-date: /home/maizaied03/ros2_ws/install/px4_msgs/include/px4_msgs/px4_msgs/msg/detail/system_power__type_support.c
[55.157s] -- Up-to-date: /home/maizaied03/ros2_ws/install/px4_msgs/include/px4_msgs/px4_msgs/msg/detail/rover_attitude_setpoint__rosidl_typesupport_introspection_c.h
[55.157s] -- Up-to-date: /home/maizaied03/ros2_ws/install/px4_msgs/include/px4_msgs/px4_msgs/msg/detail/autotune_attitude_control_status__rosidl_typesupport_introspection_c.h
[55.157s] -- Up-to-date: /home/maizaied03/ros2_ws/install/px4_msgs/include/px4_msgs/px4_msgs/msg/detail/actuator_armed__type_support.c
[55.157s] -- Up-to-date: /home/maizaied03/ros2_ws/install/px4_msgs/include/px4_msgs/px4_msgs/msg/detail/log_message__type_support.c
[55.157s] -- Up-to-date: /home/maizaied03/ros2_ws/install/px4_msgs/include/px4_msgs/px4_msgs/msg/detail/internal_combustion_engine_status__type_support.c
[55.157s] -- Up-to-date: /home/maizaied03/ros2_ws/install/px4_msgs/include/px4_msgs/px4_msgs/msg/detail/estimator_status_flags__rosidl_typesupport_introspection_c.h
[55.157s] -- Up-to-date: /home/maizaied03/ros2_ws/install/px4_msgs/include/px4_msgs/px4_msgs/msg/detail/camera_status__type_support.c
[55.157s] -- Up-to-date: /home/maizaied03/ros2_ws/install/px4_msgs/include/px4_msgs/px4_msgs/msg/detail/geofence_status__type_support.c
[55.157s] -- Up-to-date: /home/maizaied03/ros2_ws/install/px4_msgs/include/px4_msgs/px4_msgs/msg/detail/trajectory_setpoint6dof__rosidl_typesupport_introspection_c.h
[55.157s] -- Up-to-date: /home/maizaied03/ros2_ws/install/px4_msgs/include/px4_msgs/px4_msgs/msg/detail/sensor_baro__rosidl_typesupport_introspection_c.h
[55.157s] -- Up-to-date: /home/maizaied03/ros2_ws/install/px4_msgs/include/px4_msgs/px4_msgs/msg/detail/ekf2_timestamps__type_support.c
[55.157s] -- Up-to-date: /home/maizaied03/ros2_ws/install/px4_msgs/include/px4_msgs/px4_msgs/msg/detail/vehicle_command__type_support.c
[55.157s] -- Up-to-date: /home/maizaied03/ros2_ws/install/px4_msgs/include/px4_msgs/px4_msgs/msg/detail/open_drone_id_system__rosidl_typesupport_introspection_c.h
[55.157s] -- Up-to-date: /home/maizaied03/ros2_ws/install/px4_msgs/include/px4_msgs/px4_msgs/msg/detail/sensor_combined__rosidl_typesupport_introspection_c.h
[55.157s] -- Up-to-date: /home/maizaied03/ros2_ws/install/px4_msgs/include/px4_msgs/px4_msgs/msg/detail/gimbal_controls__type_support.c
[55.157s] -- Up-to-date: /home/maizaied03/ros2_ws/install/px4_msgs/include/px4_msgs/px4_msgs/msg/detail/vehicle_odometry__type_support.c
[55.157s] -- Up-to-date: /home/maizaied03/ros2_ws/install/px4_msgs/include/px4_msgs/px4_msgs/msg/detail/battery_status__rosidl_typesupport_introspection_c.h
[55.157s] -- Up-to-date: /home/maizaied03/ros2_ws/install/px4_msgs/include/px4_msgs/px4_msgs/msg/detail/message_format_response__type_support.c
[55.157s] -- Up-to-date: /home/maizaied03/ros2_ws/install/px4_msgs/include/px4_msgs/px4_msgs/msg/detail/mount_orientation__type_support.c
[55.157s] -- Up-to-date: /home/maizaied03/ros2_ws/install/px4_msgs/include/px4_msgs/px4_msgs/msg/detail/estimator_event_flags__type_support.c
[55.157s] -- Up-to-date: /home/maizaied03/ros2_ws/install/px4_msgs/include/px4_msgs/px4_msgs/msg/detail/estimator_status__rosidl_typesupport_introspection_c.h
[55.157s] -- Up-to-date: /home/maizaied03/ros2_ws/install/px4_msgs/include/px4_msgs/px4_msgs/msg/detail/position_setpoint__rosidl_typesupport_introspection_c.h
[55.157s] -- Up-to-date: /home/maizaied03/ros2_ws/install/px4_msgs/include/px4_msgs/px4_msgs/msg/detail/landing_target_pose__rosidl_typesupport_introspection_c.h
[55.157s] -- Up-to-date: /home/maizaied03/ros2_ws/install/px4_msgs/include/px4_msgs/px4_msgs/msg/detail/orb_test_large__type_support.c
[55.157s] -- Up-to-date: /home/maizaied03/ros2_ws/install/px4_msgs/include/px4_msgs/px4_msgs/msg/detail/pure_pursuit_status__rosidl_typesupport_introspection_c.h
[55.157s] -- Up-to-date: /home/maizaied03/ros2_ws/install/px4_msgs/include/px4_msgs/px4_msgs/msg/detail/sensor_hygrometer__rosidl_typesupport_introspection_c.h
[55.157s] -- Up-to-date: /home/maizaied03/ros2_ws/install/px4_msgs/include/px4_msgs/px4_msgs/msg/detail/launch_detection_status__rosidl_typesupport_introspection_c.h
[55.157s] -- Up-to-date: /home/maizaied03/ros2_ws/install/px4_msgs/include/px4_msgs/px4_msgs/msg/detail/esc_status__rosidl_typesupport_introspection_c.h
[55.157s] -- Up-to-date: /home/maizaied03/ros2_ws/install/px4_msgs/include/px4_msgs/px4_msgs/msg/detail/vehicle_thrust_setpoint__type_support.c
[55.157s] -- Up-to-date: /home/maizaied03/ros2_ws/install/px4_msgs/include/px4_msgs/px4_msgs/msg/detail/vehicle_constraints__rosidl_typesupport_introspection_c.h
[55.158s] -- Up-to-date: /home/maizaied03/ros2_ws/install/px4_msgs/include/px4_msgs/px4_msgs/msg/detail/longitudinal_control_configuration__rosidl_typesupport_introspection_c.h
[55.158s] -- Up-to-date: /home/maizaied03/ros2_ws/install/px4_msgs/include/px4_msgs/px4_msgs/msg/detail/rover_rate_setpoint__type_support.c
[55.158s] -- Up-to-date: /home/maizaied03/ros2_ws/install/px4_msgs/include/px4_msgs/px4_msgs/msg/detail/parameter_update__type_support.c
[55.158s] -- Up-to-date: /home/maizaied03/ros2_ws/install/px4_msgs/include/px4_msgs/px4_msgs/msg/detail/gain_compression__type_support.c
[55.158s] -- Up-to-date: /home/maizaied03/ros2_ws/install/px4_msgs/include/px4_msgs/px4_msgs/msg/detail/device_information__rosidl_typesupport_introspection_c.h
[55.158s] -- Up-to-date: /home/maizaied03/ros2_ws/install/px4_msgs/include/px4_msgs/px4_msgs/msg/detail/mode_completed__type_support.c
[55.158s] -- Up-to-date: /home/maizaied03/ros2_ws/install/px4_msgs/include/px4_msgs/px4_msgs/msg/detail/vehicle_angular_acceleration_setpoint__type_support.c
[55.158s] -- Up-to-date: /home/maizaied03/ros2_ws/install/px4_msgs/include/px4_msgs/px4_msgs/msg/detail/vehicle_angular_acceleration_setpoint__rosidl_typesupport_introspection_c.h
[55.158s] -- Up-to-date: /home/maizaied03/ros2_ws/install/px4_msgs/include/px4_msgs/px4_msgs/msg/detail/flight_phase_estimation__type_support.c
[55.158s] -- Up-to-date: /home/maizaied03/ros2_ws/install/px4_msgs/include/px4_msgs/px4_msgs/msg/detail/estimator_sensor_bias__type_support.c
[55.158s] -- Up-to-date: /home/maizaied03/ros2_ws/install/px4_msgs/include/px4_msgs/px4_msgs/msg/detail/estimator_selector_status__type_support.c
[55.158s] -- Up-to-date: /home/maizaied03/ros2_ws/install/px4_msgs/include/px4_msgs/px4_msgs/msg/detail/generator_status__rosidl_typesupport_introspection_c.h
[55.158s] -- Up-to-date: /home/maizaied03/ros2_ws/install/px4_msgs/include/px4_msgs/px4_msgs/msg/detail/onboard_computer_status__rosidl_typesupport_introspection_c.h
[55.158s] -- Up-to-date: /home/maizaied03/ros2_ws/install/px4_msgs/include/px4_msgs/px4_msgs/msg/detail/rc_parameter_map__type_support.c
[55.158s] -- Up-to-date: /home/maizaied03/ros2_ws/install/px4_msgs/include/px4_msgs/px4_msgs/msg/detail/distance_sensor__type_support.c
[55.158s] -- Up-to-date: /home/maizaied03/ros2_ws/install/px4_msgs/include/px4_msgs/px4_msgs/msg/detail/sensor_gnss_status__type_support.c
[55.158s] -- Up-to-date: /home/maizaied03/ros2_ws/install/px4_msgs/include/px4_msgs/px4_msgs/msg/detail/internal_combustion_engine_control__type_support.c
[55.158s] -- Up-to-date: /home/maizaied03/ros2_ws/install/px4_msgs/include/px4_msgs/px4_msgs/msg/detail/vehicle_torque_setpoint__rosidl_typesupport_introspection_c.h
[55.158s] -- Up-to-date: /home/maizaied03/ros2_ws/install/px4_msgs/include/px4_msgs/px4_msgs/msg/detail/camera_capture__type_support.c
[55.158s] -- Up-to-date: /home/maizaied03/ros2_ws/install/px4_msgs/include/px4_msgs/px4_msgs/msg/detail/vehicle_torque_setpoint__type_support.c
[55.158s] -- Up-to-date: /home/maizaied03/ros2_ws/install/px4_msgs/include/px4_msgs/px4_msgs/msg/detail/sensor_optical_flow__type_support.c
[55.158s] -- Up-to-date: /home/maizaied03/ros2_ws/install/px4_msgs/include/px4_msgs/px4_msgs/msg/detail/iridiumsbd_status__rosidl_typesupport_introspection_c.h
[55.158s] -- Up-to-date: /home/maizaied03/ros2_ws/install/px4_msgs/include/px4_msgs/px4_msgs/msg/detail/rover_rate_status__type_support.c
[55.158s] -- Up-to-date: /home/maizaied03/ros2_ws/install/px4_msgs/include/px4_msgs/px4_msgs/msg/detail/failsafe_flags__type_support.c
[55.158s] -- Up-to-date: /home/maizaied03/ros2_ws/install/px4_msgs/include/px4_msgs/px4_msgs/msg/detail/vehicle_roi__rosidl_typesupport_introspection_c.h
[55.158s] -- Up-to-date: /home/maizaied03/ros2_ws/install/px4_msgs/include/px4_msgs/px4_msgs/msg/detail/gain_compression__rosidl_typesupport_introspection_c.h
[55.158s] -- Up-to-date: /home/maizaied03/ros2_ws/install/px4_msgs/include/px4_msgs/px4_msgs/msg/detail/esc_report__rosidl_typesupport_introspection_c.h
[55.158s] -- Up-to-date: /home/maizaied03/ros2_ws/install/px4_msgs/include/px4_msgs/px4_msgs/msg/detail/follow_target__type_support.c
[55.158s] -- Up-to-date: /home/maizaied03/ros2_ws/install/px4_msgs/include/px4_msgs/px4_msgs/msg/detail/vehicle_angular_velocity__rosidl_typesupport_introspection_c.h
[55.158s] -- Up-to-date: /home/maizaied03/ros2_ws/install/px4_msgs/include/px4_msgs/px4_msgs/msg/detail/cellular_status__type_support.c
[55.158s] -- Up-to-date: /home/maizaied03/ros2_ws/install/px4_msgs/include/px4_msgs/px4_msgs/msg/detail/camera_capture__rosidl_typesupport_introspection_c.h
[55.159s] -- Up-to-date: /home/maizaied03/ros2_ws/install/px4_msgs/include/px4_msgs/px4_msgs/msg/detail/gimbal_manager_set_attitude__type_support.c
[55.159s] -- Up-to-date: /home/maizaied03/ros2_ws/install/px4_msgs/include/px4_msgs/px4_msgs/msg/detail/gpio_in__rosidl_typesupport_introspection_c.h
[55.159s] -- Up-to-date: /home/maizaied03/ros2_ws/install/px4_msgs/include/px4_msgs/px4_msgs/msg/detail/fixed_wing_lateral_guidance_status__rosidl_typesupport_introspection_c.h
[55.159s] -- Up-to-date: /home/maizaied03/ros2_ws/install/px4_msgs/include/px4_msgs/px4_msgs/msg/detail/uavcan_parameter_value__rosidl_typesupport_introspection_c.h
[55.159s] -- Up-to-date: /home/maizaied03/ros2_ws/install/px4_msgs/include/px4_msgs/px4_msgs/msg/detail/parameter_set_value_request__type_support.c
[55.159s] -- Up-to-date: /home/maizaied03/ros2_ws/install/px4_msgs/include/px4_msgs/px4_msgs/msg/detail/vehicle_land_detected__rosidl_typesupport_introspection_c.h
[55.159s] -- Up-to-date: /home/maizaied03/ros2_ws/install/px4_msgs/include/px4_msgs/px4_msgs/msg/detail/sensor_accel_fifo__rosidl_typesupport_introspection_c.h
[55.159s] -- Up-to-date: /home/maizaied03/ros2_ws/install/px4_msgs/include/px4_msgs/px4_msgs/msg/detail/sensor_mag__rosidl_typesupport_introspection_c.h
[55.159s] -- Up-to-date: /home/maizaied03/ros2_ws/install/px4_msgs/include/px4_msgs/px4_msgs/msg/detail/health_report__type_support.c
[55.159s] -- Up-to-date: /home/maizaied03/ros2_ws/install/px4_msgs/include/px4_msgs/px4_msgs/msg/detail/ulog_stream_ack__type_support.c
[55.159s] -- Up-to-date: /home/maizaied03/ros2_ws/install/px4_msgs/include/px4_msgs/px4_msgs/msg/detail/dataman_request__rosidl_typesupport_introspection_c.h
[55.159s] -- Up-to-date: /home/maizaied03/ros2_ws/install/px4_msgs/include/px4_msgs/px4_msgs/msg/detail/geofence_result__type_support.c
[55.159s] -- Up-to-date: /home/maizaied03/ros2_ws/install/px4_msgs/include/px4_msgs/px4_msgs/msg/detail/irlock_report__type_support.c
[55.159s] -- Up-to-date: /home/maizaied03/ros2_ws/install/px4_msgs/include/px4_msgs/px4_msgs/msg/detail/pwm_input__type_support.c
[55.159s] -- Up-to-date: /home/maizaied03/ros2_ws/install/px4_msgs/include/px4_msgs/px4_msgs/msg/detail/fixed_wing_longitudinal_setpoint__type_support.c
[55.159s] -- Up-to-date: /home/maizaied03/ros2_ws/install/px4_msgs/include/px4_msgs/px4_msgs/msg/detail/hover_thrust_estimate__rosidl_typesupport_introspection_c.h
[55.159s] -- Up-to-date: /home/maizaied03/ros2_ws/install/px4_msgs/include/px4_msgs/px4_msgs/msg/detail/sensor_preflight_mag__rosidl_typesupport_introspection_c.h
[55.159s] -- Up-to-date: /home/maizaied03/ros2_ws/install/px4_msgs/include/px4_msgs/px4_msgs/msg/detail/wind__rosidl_typesupport_introspection_c.h
[55.159s] -- Up-to-date: /home/maizaied03/ros2_ws/install/px4_msgs/include/px4_msgs/px4_msgs/msg/detail/estimator_bias__rosidl_typesupport_introspection_c.h
[55.159s] -- Up-to-date: /home/maizaied03/ros2_ws/install/px4_msgs/include/px4_msgs/px4_msgs/msg/detail/sensor_gyro__rosidl_typesupport_introspection_c.h
[55.159s] -- Up-to-date: /home/maizaied03/ros2_ws/install/px4_msgs/include/px4_msgs/px4_msgs/msg/detail/sensor_gyro_fft__rosidl_typesupport_introspection_c.h
[55.159s] -- Up-to-date: /home/maizaied03/ros2_ws/install/px4_msgs/include/px4_msgs/px4_msgs/msg/detail/fixed_wing_runway_control__type_support.c
[55.159s] -- Up-to-date: /home/maizaied03/ros2_ws/install/px4_msgs/include/px4_msgs/px4_msgs/msg/detail/unregister_ext_component__type_support.c
[55.159s] -- Up-to-date: /home/maizaied03/ros2_ws/install/px4_msgs/include/px4_msgs/px4_msgs/msg/detail/gimbal_device_information__rosidl_typesupport_introspection_c.h
[55.159s] -- Up-to-date: /home/maizaied03/ros2_ws/install/px4_msgs/include/px4_msgs/px4_msgs/msg/detail/fuel_tank_status__rosidl_typesupport_introspection_c.h
[55.159s] -- Up-to-date: /home/maizaied03/ros2_ws/install/px4_msgs/include/px4_msgs/px4_msgs/msg/detail/mavlink_log__rosidl_typesupport_introspection_c.h
[55.159s] -- Up-to-date: /home/maizaied03/ros2_ws/install/px4_msgs/include/px4_msgs/px4_msgs/msg/detail/manual_control_switches__rosidl_typesupport_introspection_c.h
[55.159s] -- Up-to-date: /home/maizaied03/ros2_ws/install/px4_msgs/include/px4_msgs/px4_msgs/msg/detail/sensor_uwb__rosidl_typesupport_introspection_c.h
[55.159s] -- Up-to-date: /home/maizaied03/ros2_ws/install/px4_msgs/include/px4_msgs/px4_msgs/msg/detail/action_request__type_support.c
[55.159s] -- Up-to-date: /home/maizaied03/ros2_ws/install/px4_msgs/include/px4_msgs/px4_msgs/msg/detail/estimator_selector_status__rosidl_typesupport_introspection_c.h
[55.159s] -- Up-to-date: /home/maizaied03/ros2_ws/install/px4_msgs/include/px4_msgs/px4_msgs/msg/detail/tiltrotor_extra_controls__type_support.c
[55.159s] -- Up-to-date: /home/maizaied03/ros2_ws/install/px4_msgs/include/px4_msgs/px4_msgs/msg/detail/vehicle_global_position__type_support.c
[55.160s] -- Up-to-date: /home/maizaied03/ros2_ws/install/px4_msgs/include/px4_msgs/px4_msgs/msg/detail/lateral_control_configuration__rosidl_typesupport_introspection_c.h
[55.160s] -- Up-to-date: /home/maizaied03/ros2_ws/install/px4_msgs/include/px4_msgs/px4_msgs/msg/detail/rover_attitude_setpoint__type_support.c
[55.160s] -- Up-to-date: /home/maizaied03/ros2_ws/install/px4_msgs/include/px4_msgs/px4_msgs/msg/detail/hover_thrust_estimate__type_support.c
[55.160s] -- Up-to-date: /home/maizaied03/ros2_ws/install/px4_msgs/include/px4_msgs/px4_msgs/msg/detail/vehicle_status__type_support.c
[55.160s] -- Up-to-date: /home/maizaied03/ros2_ws/install/px4_msgs/include/px4_msgs/px4_msgs/msg/detail/vehicle_optical_flow__type_support.c
[55.160s] -- Up-to-date: /home/maizaied03/ros2_ws/install/px4_msgs/include/px4_msgs/px4_msgs/msg/detail/debug_array__type_support.c
[55.160s] -- Up-to-date: /home/maizaied03/ros2_ws/install/px4_msgs/include/px4_msgs/px4_msgs/msg/detail/gimbal_device_information__type_support.c
[55.160s] -- Up-to-date: /home/maizaied03/ros2_ws/install/px4_msgs/include/px4_msgs/px4_msgs/msg/detail/rover_position_setpoint__rosidl_typesupport_introspection_c.h
[55.160s] -- Up-to-date: /home/maizaied03/ros2_ws/install/px4_msgs/include/px4_msgs/px4_msgs/msg/detail/offboard_control_mode__type_support.c
[55.160s] -- Up-to-date: /home/maizaied03/ros2_ws/install/px4_msgs/include/px4_msgs/px4_msgs/msg/detail/sensor_preflight_mag__type_support.c
[55.160s] -- Up-to-date: /home/maizaied03/ros2_ws/install/px4_msgs/include/px4_msgs/px4_msgs/msg/detail/estimator_aid_source2d__rosidl_typesupport_introspection_c.h
[55.160s] -- Up-to-date: /home/maizaied03/ros2_ws/install/px4_msgs/include/px4_msgs/px4_msgs/msg/detail/mavlink_log__type_support.c
[55.160s] -- Up-to-date: /home/maizaied03/ros2_ws/install/px4_msgs/include/px4_msgs/px4_msgs/msg/detail/internal_combustion_engine_control__rosidl_typesupport_introspection_c.h
[55.160s] -- Up-to-date: /home/maizaied03/ros2_ws/install/px4_msgs/include/px4_msgs/px4_msgs/msg/detail/differential_pressure__rosidl_typesupport_introspection_c.h
[55.160s] -- Up-to-date: /home/maizaied03/ros2_ws/install/px4_msgs/include/px4_msgs/px4_msgs/msg/detail/position_setpoint__type_support.c
[55.160s] -- Up-to-date: /home/maizaied03/ros2_ws/install/px4_msgs/include/px4_msgs/px4_msgs/msg/detail/fuel_tank_status__type_support.c
[55.160s] -- Up-to-date: /home/maizaied03/ros2_ws/install/px4_msgs/include/px4_msgs/px4_msgs/msg/detail/flight_phase_estimation__rosidl_typesupport_introspection_c.h
[55.160s] -- Up-to-date: /home/maizaied03/ros2_ws/install/px4_msgs/include/px4_msgs/px4_msgs/msg/detail/tecs_status__rosidl_typesupport_introspection_c.h
[55.160s] -- Up-to-date: /home/maizaied03/ros2_ws/install/px4_msgs/include/px4_msgs/px4_msgs/msg/detail/camera_status__rosidl_typesupport_introspection_c.h
[55.160s] -- Up-to-date: /home/maizaied03/ros2_ws/install/px4_msgs/include/px4_msgs/px4_msgs/msg/detail/landing_gear_wheel__rosidl_typesupport_introspection_c.h
[55.160s] -- Up-to-date: /home/maizaied03/ros2_ws/install/px4_msgs/include/px4_msgs/px4_msgs/msg/detail/rover_speed_status__rosidl_typesupport_introspection_c.h
[55.160s] -- Up-to-date: /home/maizaied03/ros2_ws/install/px4_msgs/include/px4_msgs/px4_msgs/msg/detail/rc_channels__type_support.c
[55.160s] -- Up-to-date: /home/maizaied03/ros2_ws/install/px4_msgs/include/px4_msgs/px4_msgs/msg/detail/internal_combustion_engine_status__rosidl_typesupport_introspection_c.h
[55.160s] -- Up-to-date: /home/maizaied03/ros2_ws/install/px4_msgs/include/px4_msgs/px4_msgs/msg/detail/gps_inject_data__type_support.c
[55.160s] -- Up-to-date: /home/maizaied03/ros2_ws/install/px4_msgs/include/px4_msgs/px4_msgs/msg/detail/qshell_req__type_support.c
[55.160s] -- Up-to-date: /home/maizaied03/ros2_ws/install/px4_msgs/include/px4_msgs/px4_msgs/msg/detail/fixed_wing_lateral_status__rosidl_typesupport_introspection_c.h
[55.160s] -- Up-to-date: /home/maizaied03/ros2_ws/install/px4_msgs/include/px4_msgs/px4_msgs/msg/detail/battery_info__type_support.c
[55.160s] -- Up-to-date: /home/maizaied03/ros2_ws/install/px4_msgs/include/px4_msgs/px4_msgs/msg/detail/actuator_servos_trim__rosidl_typesupport_introspection_c.h
[55.160s] -- Up-to-date: /home/maizaied03/ros2_ws/install/px4_msgs/include/px4_msgs/px4_msgs/msg/detail/rover_speed_status__type_support.c
[55.160s] -- Up-to-date: /home/maizaied03/ros2_ws/install/px4_msgs/include/px4_msgs/px4_msgs/msg/detail/dronecan_node_status__type_support.c
[55.160s] -- Up-to-date: /home/maizaied03/ros2_ws/install/px4_msgs/include/px4_msgs/px4_msgs/msg/detail/battery_info__rosidl_typesupport_introspection_c.h
[55.161s] -- Up-to-date: /home/maizaied03/ros2_ws/install/px4_msgs/include/px4_msgs/px4_msgs/msg/detail/follow_target_status__type_support.c
[55.161s] -- Up-to-date: /home/maizaied03/ros2_ws/install/px4_msgs/include/px4_msgs/px4_msgs/msg/detail/estimator_bias3d__type_support.c
[55.161s] -- Up-to-date: /home/maizaied03/ros2_ws/install/px4_msgs/include/px4_msgs/px4_msgs/msg/detail/gimbal_device_set_attitude__type_support.c
[55.161s] -- Up-to-date: /home/maizaied03/ros2_ws/install/px4_msgs/include/px4_msgs/px4_msgs/msg/detail/uavcan_parameter_request__type_support.c
[55.161s] -- Up-to-date: /home/maizaied03/ros2_ws/install/px4_msgs/include/px4_msgs/px4_msgs/msg/detail/task_stack_info__type_support.c
[55.161s] -- Up-to-date: /home/maizaied03/ros2_ws/install/px4_msgs/include/px4_msgs/px4_msgs/msg/detail/tecs_status__type_support.c
[55.161s] -- Up-to-date: /home/maizaied03/ros2_ws/install/px4_msgs/include/px4_msgs/px4_msgs/msg/detail/register_ext_component_request__type_support.c
[55.161s] -- Up-to-date: /home/maizaied03/ros2_ws/install/px4_msgs/include/px4_msgs/px4_msgs/msg/detail/rpm__rosidl_typesupport_introspection_c.h
[55.161s] -- Up-to-date: /home/maizaied03/ros2_ws/install/px4_msgs/include/px4_msgs/px4_msgs/msg/detail/goto_setpoint__rosidl_typesupport_introspection_c.h
[55.161s] -- Up-to-date: /home/maizaied03/ros2_ws/install/px4_msgs/include/px4_msgs/px4_msgs/msg/detail/led_control__rosidl_typesupport_introspection_c.h
[55.161s] -- Up-to-date: /home/maizaied03/ros2_ws/install/px4_msgs/include/px4_msgs/px4_msgs/msg/detail/unregister_ext_component__rosidl_typesupport_introspection_c.h
[55.161s] -- Up-to-date: /home/maizaied03/ros2_ws/install/px4_msgs/include/px4_msgs/px4_msgs/msg/detail/estimator_bias3d__rosidl_typesupport_introspection_c.h
[55.161s] -- Up-to-date: /home/maizaied03/ros2_ws/install/px4_msgs/include/px4_msgs/px4_msgs/msg/detail/ping__rosidl_typesupport_introspection_c.h
[55.161s] -- Up-to-date: /home/maizaied03/ros2_ws/install/px4_msgs/include/px4_msgs/px4_msgs/msg/detail/parameter_reset_request__type_support.c
[55.161s] -- Up-to-date: /home/maizaied03/ros2_ws/install/px4_msgs/include/px4_msgs/px4_msgs/msg/detail/orb_test__rosidl_typesupport_introspection_c.h
[55.161s] -- Up-to-date: /home/maizaied03/ros2_ws/install/px4_msgs/include/px4_msgs/px4_msgs/msg/detail/pps_capture__type_support.c
[55.161s] -- Up-to-date: /home/maizaied03/ros2_ws/install/px4_msgs/include/px4_msgs/px4_msgs/msg/detail/adc_report__rosidl_typesupport_introspection_c.h
[55.161s] -- Up-to-date: /home/maizaied03/ros2_ws/install/px4_msgs/include/px4_msgs/px4_msgs/msg/detail/longitudinal_control_configuration__type_support.c
[55.161s] -- Up-to-date: /home/maizaied03/ros2_ws/install/px4_msgs/include/px4_msgs/px4_msgs/msg/detail/lateral_control_configuration__type_support.c
[55.161s] -- Up-to-date: /home/maizaied03/ros2_ws/install/px4_msgs/include/px4_msgs/px4_msgs/msg/detail/vehicle_angular_velocity__type_support.c
[55.161s] -- Up-to-date: /home/maizaied03/ros2_ws/install/px4_msgs/include/px4_msgs/px4_msgs/msg/detail/battery_status__type_support.c
[55.161s] -- Up-to-date: /home/maizaied03/ros2_ws/install/px4_msgs/include/px4_msgs/px4_msgs/msg/detail/debug_key_value__rosidl_typesupport_introspection_c.h
[55.161s] -- Up-to-date: /home/maizaied03/ros2_ws/install/px4_msgs/include/px4_msgs/px4_msgs/msg/detail/vehicle_attitude__type_support.c
[55.161s] -- Up-to-date: /home/maizaied03/ros2_ws/install/px4_msgs/include/px4_msgs/px4_msgs/msg/detail/vehicle_control_mode__type_support.c
[55.161s] -- Up-to-date: /home/maizaied03/ros2_ws/install/px4_msgs/include/px4_msgs/px4_msgs/msg/detail/airspeed__type_support.c
[55.161s] -- Up-to-date: /home/maizaied03/ros2_ws/install/px4_msgs/include/px4_msgs/px4_msgs/msg/detail/takeoff_status__type_support.c
[55.161s] -- Up-to-date: /home/maizaied03/ros2_ws/install/px4_msgs/include/px4_msgs/px4_msgs/msg/detail/estimator_innovations__rosidl_typesupport_introspection_c.h
[55.161s] -- Up-to-date: /home/maizaied03/ros2_ws/install/px4_msgs/include/px4_msgs/px4_msgs/msg/detail/trajectory_setpoint6dof__type_support.c
[55.161s] -- Up-to-date: /home/maizaied03/ros2_ws/install/px4_msgs/include/px4_msgs/px4_msgs/msg/detail/rtl_status__type_support.c
[55.161s] -- Up-to-date: /home/maizaied03/ros2_ws/install/px4_msgs/include/px4_msgs/px4_msgs/msg/detail/sensor_hygrometer__type_support.c
[55.161s] -- Up-to-date: /home/maizaied03/ros2_ws/install/px4_msgs/include/px4_msgs/px4_msgs/msg/detail/control_allocator_status__rosidl_typesupport_introspection_c.h
[55.161s] -- Up-to-date: /home/maizaied03/ros2_ws/install/px4_msgs/include/px4_msgs/px4_msgs/msg/detail/message_format_response__rosidl_typesupport_introspection_c.h
[55.162s] -- Up-to-date: /home/maizaied03/ros2_ws/install/px4_msgs/include/px4_msgs/px4_msgs/msg/detail/mag_worker_data__type_support.c
[55.162s] -- Up-to-date: /home/maizaied03/ros2_ws/install/px4_msgs/include/px4_msgs/px4_msgs/msg/detail/vehicle_attitude_setpoint__rosidl_typesupport_introspection_c.h
[55.162s] -- Up-to-date: /home/maizaied03/ros2_ws/install/px4_msgs/include/px4_msgs/px4_msgs/msg/detail/mount_orientation__rosidl_typesupport_introspection_c.h
[55.162s] -- Up-to-date: /home/maizaied03/ros2_ws/install/px4_msgs/include/px4_msgs/px4_msgs/msg/detail/vtx__type_support.c
[55.162s] -- Up-to-date: /home/maizaied03/ros2_ws/install/px4_msgs/include/px4_msgs/px4_msgs/msg/detail/sensor_temp__rosidl_typesupport_introspection_c.h
[55.162s] -- Up-to-date: /home/maizaied03/ros2_ws/install/px4_msgs/include/px4_msgs/px4_msgs/msg/detail/normalized_unsigned_setpoint__type_support.c
[55.162s] -- Up-to-date: /home/maizaied03/ros2_ws/install/px4_msgs/include/px4_msgs/px4_msgs/msg/detail/rover_speed_setpoint__type_support.c
[55.162s] -- Up-to-date: /home/maizaied03/ros2_ws/install/px4_msgs/include/px4_msgs/px4_msgs/msg/detail/ulog_stream_ack__rosidl_typesupport_introspection_c.h
[55.162s] -- Up-to-date: /home/maizaied03/ros2_ws/install/px4_msgs/include/px4_msgs/px4_msgs/msg/detail/orb_test_large__rosidl_typesupport_introspection_c.h
[55.162s] -- Up-to-date: /home/maizaied03/ros2_ws/install/px4_msgs/include/px4_msgs/px4_msgs/msg/detail/tune_control__type_support.c
[55.162s] -- Up-to-date: /home/maizaied03/ros2_ws/install/px4_msgs/include/px4_msgs/px4_msgs/msg/detail/landing_target_innovations__type_support.c
[55.162s] -- Up-to-date: /home/maizaied03/ros2_ws/install/px4_msgs/include/px4_msgs/px4_msgs/msg/detail/gpio_out__type_support.c
[55.162s] -- Up-to-date: /home/maizaied03/ros2_ws/install/px4_msgs/include/px4_msgs/px4_msgs/msg/detail/actuator_test__rosidl_typesupport_introspection_c.h
[55.162s] -- Up-to-date: /home/maizaied03/ros2_ws/install/px4_msgs/include/px4_msgs/px4_msgs/msg/detail/pps_capture__rosidl_typesupport_introspection_c.h
[55.162s] -- Up-to-date: /home/maizaied03/ros2_ws/install/px4_msgs/include/px4_msgs/px4_msgs/msg/detail/logger_status__type_support.c
[55.162s] -- Up-to-date: /home/maizaied03/ros2_ws/install/px4_msgs/include/px4_msgs/px4_msgs/msg/detail/sensor_gnss_status__rosidl_typesupport_introspection_c.h
[55.162s] -- Up-to-date: /home/maizaied03/ros2_ws/install/px4_msgs/include/px4_msgs/px4_msgs/msg/detail/estimator_gps_status__rosidl_typesupport_introspection_c.h
[55.162s] -- Up-to-date: /home/maizaied03/ros2_ws/install/px4_msgs/include/px4_msgs/px4_msgs/msg/detail/rover_steering_setpoint__type_support.c
[55.162s] -- Up-to-date: /home/maizaied03/ros2_ws/install/px4_msgs/include/px4_msgs/px4_msgs/msg/detail/mag_worker_data__rosidl_typesupport_introspection_c.h
[55.162s] -- Up-to-date: /home/maizaied03/ros2_ws/install/px4_msgs/include/px4_msgs/px4_msgs/msg/detail/action_request__rosidl_typesupport_introspection_c.h
[55.162s] -- Up-to-date: /home/maizaied03/ros2_ws/install/px4_msgs/include/px4_msgs/px4_msgs/msg/detail/landing_gear_wheel__type_support.c
[55.162s] -- Up-to-date: /home/maizaied03/ros2_ws/install/px4_msgs/include/px4_msgs/px4_msgs/msg/detail/open_drone_id_operator_id__rosidl_typesupport_introspection_c.h
[55.162s] -- Up-to-date: /home/maizaied03/ros2_ws/install/px4_msgs/include/px4_msgs/px4_msgs/msg/detail/actuator_controls_status__type_support.c
[55.162s] -- Up-to-date: /home/maizaied03/ros2_ws/install/px4_msgs/include/px4_msgs/px4_msgs/msg/detail/ping__type_support.c
[55.162s] -- Up-to-date: /home/maizaied03/ros2_ws/install/px4_msgs/include/px4_msgs/px4_msgs/msg/detail/sensor_airflow__rosidl_typesupport_introspection_c.h
[55.162s] -- Up-to-date: /home/maizaied03/ros2_ws/install/px4_msgs/include/px4_msgs/px4_msgs/msg/detail/sensor_combined__type_support.c
[55.162s] -- Up-to-date: /home/maizaied03/ros2_ws/install/px4_msgs/include/px4_msgs/px4_msgs/msg/detail/sensor_gyro_fifo__rosidl_typesupport_introspection_c.h
[55.162s] -- Up-to-date: /home/maizaied03/ros2_ws/install/px4_msgs/include/px4_msgs/px4_msgs/msg/detail/rover_rate_status__rosidl_typesupport_introspection_c.h
[55.163s] -- Up-to-date: /home/maizaied03/ros2_ws/install/px4_msgs/include/px4_msgs/px4_msgs/msg/detail/power_monitor__type_support.c
[55.163s] -- Up-to-date: /home/maizaied03/ros2_ws/install/px4_msgs/include/px4_msgs/px4_msgs/msg/detail/orbit_status__type_support.c
[55.163s] -- Up-to-date: /home/maizaied03/ros2_ws/install/px4_msgs/include/px4_msgs/px4_msgs/msg/detail/radio_status__rosidl_typesupport_introspection_c.h
[55.163s] -- Up-to-date: /home/maizaied03/ros2_ws/install/px4_msgs/include/px4_msgs/px4_msgs/msg/detail/parameter_set_used_request__rosidl_typesupport_introspection_c.h
[55.163s] -- Up-to-date: /home/maizaied03/ros2_ws/install/px4_msgs/include/px4_msgs/px4_msgs/msg/detail/timesync_status__type_support.c
[55.163s] -- Up-to-date: /home/maizaied03/ros2_ws/install/px4_msgs/include/px4_msgs/px4_msgs/msg/detail/generator_status__type_support.c
[55.163s] -- Up-to-date: /home/maizaied03/ros2_ws/install/px4_msgs/include/px4_msgs/px4_msgs/msg/detail/button_event__type_support.c
[55.163s] -- Up-to-date: /home/maizaied03/ros2_ws/install/px4_msgs/include/px4_msgs/px4_msgs/msg/detail/ulog_stream__rosidl_typesupport_introspection_c.h
[55.163s] -- Up-to-date: /home/maizaied03/ros2_ws/install/px4_msgs/include/px4_msgs/px4_msgs/msg/detail/gimbal_controls__rosidl_typesupport_introspection_c.h
[55.163s] -- Up-to-date: /home/maizaied03/ros2_ws/install/px4_msgs/include/px4_msgs/px4_msgs/msg/detail/vehicle_roi__type_support.c
[55.163s] -- Up-to-date: /home/maizaied03/ros2_ws/install/px4_msgs/include/px4_msgs/px4_msgs/msg/detail/debug_value__type_support.c
[55.163s] -- Up-to-date: /home/maizaied03/ros2_ws/install/px4_msgs/include/px4_msgs/px4_msgs/msg/detail/estimator_event_flags__rosidl_typesupport_introspection_c.h
[55.163s] -- Up-to-date: /home/maizaied03/ros2_ws/install/px4_msgs/include/px4_msgs/px4_msgs/msg/detail/follow_target_estimator__type_support.c
[55.163s] -- Up-to-date: /home/maizaied03/ros2_ws/install/px4_msgs/include/px4_msgs/px4_msgs/msg/detail/onboard_computer_status__type_support.c
[55.163s] -- Up-to-date: /home/maizaied03/ros2_ws/install/px4_msgs/include/px4_msgs/px4_msgs/msg/detail/yaw_estimator_status__type_support.c
[55.163s] -- Up-to-date: /home/maizaied03/ros2_ws/install/px4_msgs/include/px4_msgs/px4_msgs/msg/detail/fixed_wing_lateral_guidance_status__type_support.c
[55.163s] -- Up-to-date: /home/maizaied03/ros2_ws/install/px4_msgs/include/px4_msgs/px4_msgs/msg/detail/airspeed_wind__type_support.c
[55.163s] -- Up-to-date: /home/maizaied03/ros2_ws/install/px4_msgs/include/px4_msgs/px4_msgs/msg/detail/navigator_status__type_support.c
[55.163s] -- Up-to-date: /home/maizaied03/ros2_ws/install/px4_msgs/include/px4_msgs/px4_msgs/msg/detail/airspeed_validated__rosidl_typesupport_introspection_c.h
[55.163s] -- Up-to-date: /home/maizaied03/ros2_ws/install/px4_msgs/include/px4_msgs/px4_msgs/msg/detail/actuator_outputs__type_support.c
[55.163s] -- Up-to-date: /home/maizaied03/ros2_ws/install/px4_msgs/include/px4_msgs/px4_msgs/msg/detail/vehicle_rates_setpoint__type_support.c
[55.163s] -- Up-to-date: /home/maizaied03/ros2_ws/install/px4_msgs/include/px4_msgs/px4_msgs/msg/detail/button_event__rosidl_typesupport_introspection_c.h
[55.163s] -- Up-to-date: /home/maizaied03/ros2_ws/install/px4_msgs/include/px4_msgs/px4_msgs/msg/detail/gripper__type_support.c
[55.163s] -- Up-to-date: /home/maizaied03/ros2_ws/install/px4_msgs/include/px4_msgs/px4_msgs/msg/detail/trajectory_setpoint__rosidl_typesupport_introspection_c.h
[55.163s] -- Up-to-date: /home/maizaied03/ros2_ws/install/px4_msgs/include/px4_msgs/px4_msgs/msg/detail/satellite_info__rosidl_typesupport_introspection_c.h
[55.163s] -- Up-to-date: /home/maizaied03/ros2_ws/install/px4_msgs/include/px4_msgs/px4_msgs/msg/detail/sensor_mag__type_support.c
[55.164s] -- Up-to-date: /home/maizaied03/ros2_ws/install/px4_msgs/include/px4_msgs/px4_msgs/msg/detail/vehicle_local_position_setpoint__type_support.c
[55.164s] -- Up-to-date: /home/maizaied03/ros2_ws/install/px4_msgs/include/px4_msgs/px4_msgs/msg/detail/message_format_request__type_support.c
[55.164s] -- Up-to-date: /home/maizaied03/ros2_ws/install/px4_msgs/include/px4_msgs/px4_msgs/msg/detail/orb_test_medium__rosidl_typesupport_introspection_c.h
[55.164s] -- Up-to-date: /home/maizaied03/ros2_ws/install/px4_msgs/include/px4_msgs/px4_msgs/msg/detail/navigator_mission_item__type_support.c
[55.164s] -- Up-to-date: /home/maizaied03/ros2_ws/install/px4_msgs/include/px4_msgs/px4_msgs/msg/detail/sensor_baro__type_support.c
[55.164s] -- Up-to-date: /home/maizaied03/ros2_ws/install/px4_msgs/include/px4_msgs/px4_msgs/msg/detail/event__rosidl_typesupport_introspection_c.h
[55.164s] -- Up-to-date: /home/maizaied03/ros2_ws/install/px4_msgs/include/px4_msgs/px4_msgs/msg/detail/arming_check_reply__rosidl_typesupport_introspection_c.h
[55.164s] -- Up-to-date: /home/maizaied03/ros2_ws/install/px4_msgs/include/px4_msgs/px4_msgs/msg/detail/led_control__type_support.c
[55.164s] -- Up-to-date: /home/maizaied03/ros2_ws/install/px4_msgs/include/px4_msgs/px4_msgs/msg/detail/sensor_selection__type_support.c
[55.164s] -- Up-to-date: /home/maizaied03/ros2_ws/install/px4_msgs/include/px4_msgs/px4_msgs/msg/detail/cellular_status__rosidl_typesupport_introspection_c.h
[55.164s] -- Up-to-date: /home/maizaied03/ros2_ws/install/px4_msgs/include/px4_msgs/px4_msgs/msg/detail/wheel_encoders__rosidl_typesupport_introspection_c.h
[55.164s] -- Up-to-date: /home/maizaied03/ros2_ws/install/px4_msgs/include/px4_msgs/px4_msgs/msg/detail/magnetometer_bias_estimate__rosidl_typesupport_introspection_c.h
[55.164s] -- Up-to-date: /home/maizaied03/ros2_ws/install/px4_msgs/include/px4_msgs/px4_msgs/msg/detail/position_setpoint_triplet__type_support.c
[55.164s] -- Up-to-date: /home/maizaied03/ros2_ws/install/px4_msgs/include/px4_msgs/px4_msgs/msg/detail/geofence_status__rosidl_typesupport_introspection_c.h
[55.164s] -- Up-to-date: /home/maizaied03/ros2_ws/install/px4_msgs/include/px4_msgs/px4_msgs/msg/detail/position_setpoint_triplet__rosidl_typesupport_introspection_c.h
[55.164s] -- Up-to-date: /home/maizaied03/ros2_ws/install/px4_msgs/include/px4_msgs/px4_msgs/msg/detail/position_controller_status__rosidl_typesupport_introspection_c.h
[55.164s] -- Up-to-date: /home/maizaied03/ros2_ws/install/px4_msgs/include/px4_msgs/px4_msgs/msg/detail/mavlink_tunnel__type_support.c
[55.164s] -- Up-to-date: /home/maizaied03/ros2_ws/install/px4_msgs/include/px4_msgs/px4_msgs/msg/detail/health_report__rosidl_typesupport_introspection_c.h
[55.164s] -- Up-to-date: /home/maizaied03/ros2_ws/install/px4_msgs/include/px4_msgs/px4_msgs/msg/detail/fixed_wing_lateral_status__type_support.c
[55.164s] -- Up-to-date: /home/maizaied03/ros2_ws/install/px4_msgs/include/px4_msgs/px4_msgs/msg/detail/airspeed_wind__rosidl_typesupport_introspection_c.h
[55.164s] -- Up-to-date: /home/maizaied03/ros2_ws/install/px4_msgs/include/px4_msgs/px4_msgs/msg/detail/open_drone_id_arm_status__rosidl_typesupport_introspection_c.h
[55.164s] -- Up-to-date: /home/maizaied03/ros2_ws/install/px4_msgs/include/px4_msgs/px4_msgs/msg/detail/mission__type_support.c
[55.164s] -- Up-to-date: /home/maizaied03/ros2_ws/install/px4_msgs/include/px4_msgs/px4_msgs/msg/detail/open_drone_id_self_id__type_support.c
[55.164s] -- Up-to-date: /home/maizaied03/ros2_ws/install/px4_msgs/include/px4_msgs/px4_msgs/msg/detail/vehicle_local_position__rosidl_typesupport_introspection_c.h
[55.164s] -- Up-to-date: /home/maizaied03/ros2_ws/install/px4_msgs/include/px4_msgs/px4_msgs/msg/detail/vehicle_global_position__rosidl_typesupport_introspection_c.h
[55.164s] -- Up-to-date: /home/maizaied03/ros2_ws/install/px4_msgs/include/px4_msgs/px4_msgs/msg/detail/follow_target_estimator__rosidl_typesupport_introspection_c.h
[55.164s] -- Up-to-date: /home/maizaied03/ros2_ws/install/px4_msgs/include/px4_msgs/px4_msgs/msg/detail/rate_ctrl_status__rosidl_typesupport_introspection_c.h
[55.164s] -- Up-to-date: /home/maizaied03/ros2_ws/install/px4_msgs/include/px4_msgs/px4_msgs/msg/detail/fixed_wing_runway_control__rosidl_typesupport_introspection_c.h
[55.164s] -- Up-to-date: /home/maizaied03/ros2_ws/install/px4_msgs/include/px4_msgs/px4_msgs/msg/detail/heater_status__rosidl_typesupport_introspection_c.h
[55.164s] -- Up-to-date: /home/maizaied03/ros2_ws/install/px4_msgs/include/px4_msgs/px4_msgs/msg/detail/orbit_status__rosidl_typesupport_introspection_c.h
[55.164s] -- Up-to-date: /home/maizaied03/ros2_ws/install/px4_msgs/include/px4_msgs/px4_msgs/msg/detail/mode_completed__rosidl_typesupport_introspection_c.h
[55.165s] -- Up-to-date: /home/maizaied03/ros2_ws/install/px4_msgs/include/px4_msgs/px4_msgs/msg/detail/estimator_aid_source1d__rosidl_typesupport_introspection_c.h
[55.165s] -- Up-to-date: /home/maizaied03/ros2_ws/install/px4_msgs/include/px4_msgs/px4_msgs/msg/detail/uavcan_parameter_value__type_support.c
[55.165s] -- Up-to-date: /home/maizaied03/ros2_ws/install/px4_msgs/include/px4_msgs/px4_msgs/msg/detail/rate_ctrl_status__type_support.c
[55.165s] -- Up-to-date: /home/maizaied03/ros2_ws/install/px4_msgs/include/px4_msgs/px4_msgs/msg/detail/gimbal_manager_information__type_support.c
[55.165s] -- Up-to-date: /home/maizaied03/ros2_ws/install/px4_msgs/include/px4_msgs/px4_msgs/msg/detail/sensor_correction__rosidl_typesupport_introspection_c.h
[55.165s] -- Up-to-date: /home/maizaied03/ros2_ws/install/px4_msgs/include/px4_msgs/px4_msgs/msg/detail/gps_inject_data__rosidl_typesupport_introspection_c.h
[55.165s] -- Up-to-date: /home/maizaied03/ros2_ws/install/px4_msgs/include/px4_msgs/px4_msgs/msg/detail/message_format_request__rosidl_typesupport_introspection_c.h
[55.165s] -- Up-to-date: /home/maizaied03/ros2_ws/install/px4_msgs/include/px4_msgs/px4_msgs/msg/detail/gimbal_manager_information__rosidl_typesupport_introspection_c.h
[55.165s] -- Up-to-date: /home/maizaied03/ros2_ws/install/px4_msgs/include/px4_msgs/px4_msgs/msg/detail/parameter_set_value_response__rosidl_typesupport_introspection_c.h
[55.165s] -- Up-to-date: /home/maizaied03/ros2_ws/install/px4_msgs/include/px4_msgs/px4_msgs/msg/detail/fixed_wing_longitudinal_setpoint__rosidl_typesupport_introspection_c.h
[55.165s] -- Up-to-date: /home/maizaied03/ros2_ws/install/px4_msgs/include/px4_msgs/px4_msgs/msg/detail/vtol_vehicle_status__rosidl_typesupport_introspection_c.h
[55.165s] -- Up-to-date: /home/maizaied03/ros2_ws/install/px4_msgs/include/px4_msgs/px4_msgs/msg/detail/normalized_unsigned_setpoint__rosidl_typesupport_introspection_c.h
[55.165s] -- Up-to-date: /home/maizaied03/ros2_ws/install/px4_msgs/include/px4_msgs/px4_msgs/msg/detail/rc_channels__rosidl_typesupport_introspection_c.h
[55.165s] -- Up-to-date: /home/maizaied03/ros2_ws/install/px4_msgs/include/px4_msgs/px4_msgs/msg/detail/home_position__rosidl_typesupport_introspection_c.h
[55.165s] -- Up-to-date: /home/maizaied03/ros2_ws/install/px4_msgs/include/px4_msgs/px4_msgs/msg/detail/power_button_state__type_support.c
[55.165s] -- Up-to-date: /home/maizaied03/ros2_ws/install/px4_msgs/include/px4_msgs/px4_msgs/msg/detail/gimbal_device_attitude_status__rosidl_typesupport_introspection_c.h
[55.165s] -- Up-to-date: /home/maizaied03/ros2_ws/install/px4_msgs/include/px4_msgs/px4_msgs/msg/detail/vehicle_attitude_setpoint__type_support.c
[55.165s] -- Up-to-date: /home/maizaied03/ros2_ws/install/px4_msgs/include/px4_msgs/px4_msgs/msg/detail/trajectory_setpoint__type_support.c
[55.165s] -- Up-to-date: /home/maizaied03/ros2_ws/install/px4_msgs/include/px4_msgs/px4_msgs/msg/detail/actuator_servos__rosidl_typesupport_introspection_c.h
[55.165s] -- Up-to-date: /home/maizaied03/ros2_ws/install/px4_msgs/include/px4_msgs/px4_msgs/msg/detail/mission_result__type_support.c
[55.165s] -- Up-to-date: /home/maizaied03/ros2_ws/install/px4_msgs/include/px4_msgs/px4_msgs/msg/detail/vehicle_odometry__rosidl_typesupport_introspection_c.h
[55.165s] -- Up-to-date: /home/maizaied03/ros2_ws/install/px4_msgs/include/px4_msgs/px4_msgs/msg/detail/dataman_response__type_support.c
[55.165s] -- Up-to-date: /home/maizaied03/ros2_ws/install/px4_msgs/include/px4_msgs/px4_msgs/msg/detail/differential_pressure__type_support.c
[55.165s] -- Up-to-date: /home/maizaied03/ros2_ws/install/px4_msgs/include/px4_msgs/px4_msgs/msg/detail/raptor_input__rosidl_typesupport_introspection_c.h
[55.165s] -- Up-to-date: /home/maizaied03/ros2_ws/install/px4_msgs/include/px4_msgs/px4_msgs/msg/detail/distance_sensor__rosidl_typesupport_introspection_c.h
[55.165s] -- Up-to-date: /home/maizaied03/ros2_ws/install/px4_msgs/include/px4_msgs/px4_msgs/msg/detail/gpio_in__type_support.c
[55.165s] -- Up-to-date: /home/maizaied03/ros2_ws/install/px4_msgs/include/px4_msgs/px4_msgs/msg/detail/arming_check_reply__type_support.c
[55.165s] -- Up-to-date: /home/maizaied03/ros2_ws/install/px4_msgs/include/px4_msgs/px4_msgs/msg/detail/mission_result__rosidl_typesupport_introspection_c.h
[55.165s] -- Up-to-date: /home/maizaied03/ros2_ws/install/px4_msgs/include/px4_msgs/px4_msgs/msg/detail/sensor_gps__rosidl_typesupport_introspection_c.h
[55.165s] -- Up-to-date: /home/maizaied03/ros2_ws/install/px4_msgs/include/px4_msgs/px4_msgs/msg/detail/vehicle_imu__rosidl_typesupport_introspection_c.h
[55.165s] -- Up-to-date: /home/maizaied03/ros2_ws/install/px4_msgs/include/px4_msgs/px4_msgs/msg/detail/gimbal_manager_status__type_support.c
[55.165s] -- Up-to-date: /home/maizaied03/ros2_ws/install/px4_msgs/include/px4_msgs/px4_msgs/msg/detail/manual_control_switches__type_support.c
[55.166s] -- Up-to-date: /home/maizaied03/ros2_ws/install/px4_msgs/include/px4_msgs/px4_msgs/msg/detail/sensors_status__type_support.c
[55.166s] -- Up-to-date: /home/maizaied03/ros2_ws/install/px4_msgs/include/px4_msgs/px4_msgs/msg/detail/follow_target_status__rosidl_typesupport_introspection_c.h
[55.166s] -- Up-to-date: /home/maizaied03/ros2_ws/install/px4_msgs/include/px4_msgs/px4_msgs/msg/detail/mission__rosidl_typesupport_introspection_c.h
[55.166s] -- Up-to-date: /home/maizaied03/ros2_ws/install/px4_msgs/include/px4_msgs/px4_msgs/msg/detail/distance_sensor_mode_change_request__type_support.c
[55.166s] -- Up-to-date: /home/maizaied03/ros2_ws/install/px4_msgs/include/px4_msgs/px4_msgs/msg/detail/collision_constraints__type_support.c
[55.166s] -- Up-to-date: /home/maizaied03/ros2_ws/install/px4_msgs/include/px4_msgs/px4_msgs/msg/detail/wind__type_support.c
[55.166s] -- Up-to-date: /home/maizaied03/ros2_ws/install/px4_msgs/include/px4_msgs/px4_msgs/msg/detail/orb_test_medium__type_support.c
[55.166s] -- Up-to-date: /home/maizaied03/ros2_ws/install/px4_msgs/include/px4_msgs/px4_msgs/msg/detail/navigator_mission_item__rosidl_typesupport_introspection_c.h
[55.166s] -- Up-to-date: /home/maizaied03/ros2_ws/install/px4_msgs/include/px4_msgs/px4_msgs/msg/detail/iridiumsbd_status__type_support.c
[55.166s] -- Up-to-date: /home/maizaied03/ros2_ws/install/px4_msgs/include/px4_msgs/px4_msgs/msg/detail/event__type_support.c
[55.166s] -- Up-to-date: /home/maizaied03/ros2_ws/install/px4_msgs/include/px4_msgs/px4_msgs/msg/detail/actuator_armed__rosidl_typesupport_introspection_c.h
[55.166s] -- Up-to-date: /home/maizaied03/ros2_ws/install/px4_msgs/include/px4_msgs/px4_msgs/msg/detail/collision_constraints__rosidl_typesupport_introspection_c.h
[55.166s] -- Up-to-date: /home/maizaied03/ros2_ws/install/px4_msgs/include/px4_msgs/px4_msgs/msg/detail/gpio_out__rosidl_typesupport_introspection_c.h
[55.166s] -- Up-to-date: /home/maizaied03/ros2_ws/install/px4_msgs/include/px4_msgs/px4_msgs/msg/detail/fixed_wing_lateral_setpoint__type_support.c
[55.166s] -- Up-to-date: /home/maizaied03/ros2_ws/install/px4_msgs/include/px4_msgs/px4_msgs/msg/detail/fixed_wing_lateral_setpoint__rosidl_typesupport_introspection_c.h
[55.166s] -- Up-to-date: /home/maizaied03/ros2_ws/install/px4_msgs/include/px4_msgs/px4_msgs/msg/detail/actuator_test__type_support.c
[55.166s] -- Up-to-date: /home/maizaied03/ros2_ws/install/px4_msgs/include/px4_msgs/px4_msgs/msg/detail/rover_position_setpoint__type_support.c
[55.166s] -- Up-to-date: /home/maizaied03/ros2_ws/install/px4_msgs/include/px4_msgs/px4_msgs/msg/detail/ekf2_timestamps__rosidl_typesupport_introspection_c.h
[55.166s] -- Up-to-date: /home/maizaied03/ros2_ws/install/px4_msgs/include/px4_msgs/px4_msgs/msg/detail/takeoff_status__rosidl_typesupport_introspection_c.h
[55.166s] -- Up-to-date: /home/maizaied03/ros2_ws/install/px4_msgs/include/px4_msgs/px4_msgs/msg/detail/vehicle_optical_flow__rosidl_typesupport_introspection_c.h
[55.166s] -- Up-to-date: /home/maizaied03/ros2_ws/install/px4_msgs/include/px4_msgs/px4_msgs/msg/detail/estimator_status_flags__type_support.c
[55.166s] -- Up-to-date: /home/maizaied03/ros2_ws/install/px4_msgs/include/px4_msgs/px4_msgs/msg/detail/vehicle_command_ack__rosidl_typesupport_introspection_c.h
[55.166s] -- Up-to-date: /home/maizaied03/ros2_ws/install/px4_msgs/include/px4_msgs/px4_msgs/msg/detail/rtl_time_estimate__rosidl_typesupport_introspection_c.h
[55.166s] -- Up-to-date: /home/maizaied03/ros2_ws/install/px4_msgs/include/px4_msgs/px4_msgs/msg/detail/config_overrides__type_support.c
[55.166s] -- Up-to-date: /home/maizaied03/ros2_ws/install/px4_msgs/include/px4_msgs/px4_msgs/msg/detail/ulog_stream__type_support.c
[55.166s] -- Up-to-date: /home/maizaied03/ros2_ws/install/px4_msgs/include/px4_msgs/px4_msgs/msg/detail/input_rc__type_support.c
[55.166s] -- Up-to-date: /home/maizaied03/ros2_ws/install/px4_msgs/include/px4_msgs/px4_msgs/msg/detail/position_controller_landing_status__rosidl_typesupport_introspection_c.h
[55.166s] -- Up-to-date: /home/maizaied03/ros2_ws/install/px4_msgs/include/px4_msgs/px4_msgs/msg/detail/debug_array__rosidl_typesupport_introspection_c.h
[55.166s] -- Up-to-date: /home/maizaied03/ros2_ws/install/px4_msgs/include/px4_msgs/px4_msgs/msg/detail/transponder_report__rosidl_typesupport_introspection_c.h
[55.166s] -- Up-to-date: /home/maizaied03/ros2_ws/install/px4_msgs/include/px4_msgs/px4_msgs/msg/detail/register_ext_component_request__rosidl_typesupport_introspection_c.h
[55.166s] -- Up-to-date: /home/maizaied03/ros2_ws/install/px4_msgs/include/px4_msgs/px4_msgs/msg/detail/estimator_gps_status__type_support.c
[55.167s] -- Up-to-date: /home/maizaied03/ros2_ws/install/px4_msgs/include/px4_msgs/px4_msgs/msg/detail/failsafe_flags__rosidl_typesupport_introspection_c.h
[55.167s] -- Up-to-date: /home/maizaied03/ros2_ws/install/px4_msgs/include/px4_msgs/px4_msgs/msg/detail/transponder_report__type_support.c
[55.167s] -- Up-to-date: /home/maizaied03/ros2_ws/install/px4_msgs/include/px4_msgs/px4_msgs/msg/detail/rc_parameter_map__rosidl_typesupport_introspection_c.h
[55.167s] -- Up-to-date: /home/maizaied03/ros2_ws/install/px4_msgs/include/px4_msgs/px4_msgs/msg/detail/input_rc__rosidl_typesupport_introspection_c.h
[55.167s] -- Up-to-date: /home/maizaied03/ros2_ws/install/px4_msgs/include/px4_msgs/px4_msgs/msg/detail/debug_value__rosidl_typesupport_introspection_c.h
[55.167s] -- Up-to-date: /home/maizaied03/ros2_ws/install/px4_msgs/include/px4_msgs/px4_msgs/msg/detail/sensor_temp__type_support.c
[55.167s] -- Up-to-date: /home/maizaied03/ros2_ws/install/px4_msgs/include/px4_msgs/px4_msgs/msg/detail/can_interface_status__rosidl_typesupport_introspection_c.h
[55.167s] -- Up-to-date: /home/maizaied03/ros2_ws/install/px4_msgs/include/px4_msgs/px4_msgs/msg/detail/gimbal_manager_status__rosidl_typesupport_introspection_c.h
[55.167s] -- Up-to-date: /home/maizaied03/ros2_ws/install/px4_msgs/include/px4_msgs/px4_msgs/msg/detail/task_stack_info__rosidl_typesupport_introspection_c.h
[55.167s] -- Up-to-date: /home/maizaied03/ros2_ws/install/px4_msgs/include/px4_msgs/px4_msgs/msg/detail/adc_report__type_support.c
[55.167s] -- Up-to-date: /home/maizaied03/ros2_ws/install/px4_msgs/include/px4_msgs/px4_msgs/msg/detail/sensor_gyro_fft__type_support.c
[55.167s] -- Up-to-date: /home/maizaied03/ros2_ws/install/px4_msgs/include/px4_msgs/px4_msgs/msg/detail/vehicle_imu__type_support.c
[55.167s] -- Up-to-date: /home/maizaied03/ros2_ws/install/px4_msgs/include/px4_msgs/px4_msgs/msg/detail/dataman_request__type_support.c
[55.167s] -- Up-to-date: /home/maizaied03/ros2_ws/install/px4_msgs/include/px4_msgs/px4_msgs/msg/detail/vehicle_optical_flow_vel__type_support.c
[55.167s] -- Up-to-date: /home/maizaied03/ros2_ws/install/px4_msgs/include/px4_msgs/px4_msgs/msg/detail/sensor_selection__rosidl_typesupport_introspection_c.h
[55.167s] -- Up-to-date: /home/maizaied03/ros2_ws/install/px4_msgs/include/px4_msgs/px4_msgs/msg/detail/system_power__rosidl_typesupport_introspection_c.h
[55.167s] -- Up-to-date: /home/maizaied03/ros2_ws/install/px4_msgs/include/px4_msgs/px4_msgs/msg/detail/rover_throttle_setpoint__type_support.c
[55.167s] -- Up-to-date: /home/maizaied03/ros2_ws/install/px4_msgs/include/px4_msgs/px4_msgs/msg/detail/sensor_gnss_relative__type_support.c
[55.167s] -- Up-to-date: /home/maizaied03/ros2_ws/install/px4_msgs/include/px4_msgs/px4_msgs/msg/detail/vehicle_imu_status__type_support.c
[55.167s] -- Up-to-date: /home/maizaied03/ros2_ws/install/px4_msgs/include/px4_msgs/px4_msgs/msg/detail/vehicle_land_detected__type_support.c
[55.167s] -- Up-to-date: /home/maizaied03/ros2_ws/install/px4_msgs/include/px4_msgs/px4_msgs/msg/detail/log_message__rosidl_typesupport_introspection_c.h
[55.167s] -- Up-to-date: /home/maizaied03/ros2_ws/install/px4_msgs/include/px4_msgs/px4_msgs/msg/detail/sensors_status_imu__rosidl_typesupport_introspection_c.h
[55.167s] -- Up-to-date: /home/maizaied03/ros2_ws/install/px4_msgs/include/px4_msgs/px4_msgs/msg/detail/control_allocator_status__type_support.c
[55.167s] -- Up-to-date: /home/maizaied03/ros2_ws/install/px4_msgs/include/px4_msgs/px4_msgs/msg/detail/vehicle_acceleration__rosidl_typesupport_introspection_c.h
[55.167s] -- Up-to-date: /home/maizaied03/ros2_ws/install/px4_msgs/include/px4_msgs/px4_msgs/msg/detail/gimbal_device_set_attitude__rosidl_typesupport_introspection_c.h
[55.167s] -- Up-to-date: /home/maizaied03/ros2_ws/install/px4_msgs/include/px4_msgs/px4_msgs/msg/detail/estimator_aid_source3d__rosidl_typesupport_introspection_c.h
[55.167s] -- Up-to-date: /home/maizaied03/ros2_ws/install/px4_msgs/include/px4_msgs/px4_msgs/msg/detail/yaw_estimator_status__rosidl_typesupport_introspection_c.h
[55.167s] -- Up-to-date: /home/maizaied03/ros2_ws/install/px4_msgs/include/px4_msgs/px4_msgs/msg/detail/landing_gear__type_support.c
[55.167s] -- Up-to-date: /home/maizaied03/ros2_ws/install/px4_msgs/include/px4_msgs/px4_msgs/msg/detail/sensor_gyro__type_support.c
[55.167s] -- Up-to-date: /home/maizaied03/ros2_ws/install/px4_msgs/include/px4_msgs/px4_msgs/msg/detail/sensor_accel_fifo__type_support.c
[55.168s] -- Up-to-date: /home/maizaied03/ros2_ws/install/px4_msgs/include/px4_msgs/px4_msgs/msg/detail/vehicle_control_mode__rosidl_typesupport_introspection_c.h
[55.168s] -- Up-to-date: /home/maizaied03/ros2_ws/install/px4_msgs/include/px4_msgs/px4_msgs/msg/detail/position_controller_landing_status__type_support.c
[55.168s] -- Up-to-date: /home/maizaied03/ros2_ws/install/px4_msgs/include/px4_msgs/px4_msgs/msg/detail/rtl_status__rosidl_typesupport_introspection_c.h
[55.168s] -- Up-to-date: /home/maizaied03/ros2_ws/install/px4_msgs/include/px4_msgs/px4_msgs/msg/detail/offboard_control_mode__rosidl_typesupport_introspection_c.h
[55.168s] -- Up-to-date: /home/maizaied03/ros2_ws/install/px4_msgs/include/px4_msgs/px4_msgs/msg/detail/sensor_accel__rosidl_typesupport_introspection_c.h
[55.168s] -- Up-to-date: /home/maizaied03/ros2_ws/install/px4_msgs/include/px4_msgs/px4_msgs/msg/detail/figure_eight_status__rosidl_typesupport_introspection_c.h
[55.168s] -- Up-to-date: /home/maizaied03/ros2_ws/install/px4_msgs/include/px4_msgs/px4_msgs/msg/detail/register_ext_component_reply__rosidl_typesupport_introspection_c.h
[55.168s] -- Up-to-date: /home/maizaied03/ros2_ws/install/px4_msgs/include/px4_msgs/px4_msgs/msg/detail/can_interface_status__type_support.c
[55.168s] -- Up-to-date: /home/maizaied03/ros2_ws/install/px4_msgs/include/px4_msgs/px4_msgs/msg/detail/parameter_reset_request__rosidl_typesupport_introspection_c.h
[55.168s] -- Up-to-date: /home/maizaied03/ros2_ws/install/px4_msgs/include/px4_msgs/px4_msgs/msg/detail/gimbal_manager_set_attitude__rosidl_typesupport_introspection_c.h
[55.168s] -- Up-to-date: /home/maizaied03/ros2_ws/install/px4_msgs/include/px4_msgs/px4_msgs/msg/detail/qshell_retval__type_support.c
[55.168s] -- Up-to-date: /home/maizaied03/ros2_ws/install/px4_msgs/include/px4_msgs/px4_msgs/msg/detail/sensor_airflow__type_support.c
[55.168s] -- Up-to-date: /home/maizaied03/ros2_ws/install/px4_msgs/include/px4_msgs/px4_msgs/msg/detail/raptor_status__type_support.c
[55.168s] -- Up-to-date: /home/maizaied03/ros2_ws/install/px4_msgs/include/px4_msgs/px4_msgs/msg/detail/parameter_update__rosidl_typesupport_introspection_c.h
[55.168s] -- Up-to-date: /home/maizaied03/ros2_ws/install/px4_msgs/include/px4_msgs/px4_msgs/msg/detail/velocity_limits__rosidl_typesupport_introspection_c.h
[55.168s] -- Up-to-date: /home/maizaied03/ros2_ws/install/px4_msgs/include/px4_msgs/px4_msgs/msg/detail/uavcan_parameter_request__rosidl_typesupport_introspection_c.h
[55.168s] -- Up-to-date: /home/maizaied03/ros2_ws/install/px4_msgs/include/px4_msgs/px4_msgs/msg/detail/goto_setpoint__type_support.c
[55.168s] -- Up-to-date: /home/maizaied03/ros2_ws/install/px4_msgs/include/px4_msgs/px4_msgs/msg/detail/vtx__rosidl_typesupport_introspection_c.h
[55.168s] -- Up-to-date: /home/maizaied03/ros2_ws/install/px4_msgs/include/px4_msgs/px4_msgs/msg/detail/gripper__rosidl_typesupport_introspection_c.h
[55.168s] -- Up-to-date: /home/maizaied03/ros2_ws/install/px4_msgs/include/px4_msgs/px4_msgs/msg/detail/rpm__type_support.c
[55.168s] -- Up-to-date: /home/maizaied03/ros2_ws/install/px4_msgs/include/px4_msgs/px4_msgs/msg/detail/esc_status__type_support.c
[55.168s] -- Up-to-date: /home/maizaied03/ros2_ws/install/px4_msgs/include/px4_msgs/px4_msgs/msg/detail/vehicle_local_position__type_support.c
[55.168s] -- Up-to-date: /home/maizaied03/ros2_ws/install/px4_msgs/include/px4_msgs/px4_msgs/msg/detail/wheel_encoders__type_support.c
[55.168s] -- Up-to-date: /home/maizaied03/ros2_ws/install/px4_msgs/include/px4_msgs/px4_msgs/msg/detail/estimator_status__type_support.c
[55.168s] -- Up-to-date: /home/maizaied03/ros2_ws/install/px4_msgs/include/px4_msgs/px4_msgs/msg/detail/velocity_limits__type_support.c
[55.168s] -- Up-to-date: /home/maizaied03/ros2_ws/install/px4_msgs/include/px4_msgs/px4_msgs/msg/detail/heater_status__type_support.c
[55.168s] -- Up-to-date: /home/maizaied03/ros2_ws/install/px4_msgs/include/px4_msgs/px4_msgs/msg/detail/dataman_response__rosidl_typesupport_introspection_c.h
[55.168s] -- Up-to-date: /home/maizaied03/ros2_ws/install/px4_msgs/include/px4_msgs/px4_msgs/msg/detail/navigator_status__rosidl_typesupport_introspection_c.h
[55.168s] -- Up-to-date: /home/maizaied03/ros2_ws/install/px4_msgs/include/px4_msgs/px4_msgs/msg/detail/sensor_uwb__type_support.c
[55.168s] -- Up-to-date: /home/maizaied03/ros2_ws/install/px4_msgs/include/px4_msgs/px4_msgs/msg/detail/debug_vect__type_support.c
[55.168s] -- Up-to-date: /home/maizaied03/ros2_ws/install/px4_msgs/include/px4_msgs/px4_msgs/msg/detail/rtl_time_estimate__type_support.c
[55.169s] -- Up-to-date: /home/maizaied03/ros2_ws/install/px4_msgs/include/px4_msgs/px4_msgs/msg/detail/telemetry_status__rosidl_typesupport_introspection_c.h
[55.169s] -- Up-to-date: /home/maizaied03/ros2_ws/install/px4_msgs/include/px4_msgs/px4_msgs/msg/detail/power_monitor__rosidl_typesupport_introspection_c.h
[55.169s] -- Up-to-date: /home/maizaied03/ros2_ws/install/px4_msgs/include/px4_msgs/px4_msgs/msg/detail/open_drone_id_arm_status__type_support.c
[55.169s] -- Up-to-date: /home/maizaied03/ros2_ws/install/px4_msgs/include/px4_msgs/px4_msgs/msg/detail/raptor_status__rosidl_typesupport_introspection_c.h
[55.169s] -- Up-to-date: /home/maizaied03/ros2_ws/install/px4_msgs/include/px4_msgs/px4_msgs/msg/detail/px4io_status__type_support.c
[55.169s] -- Up-to-date: /home/maizaied03/ros2_ws/install/px4_msgs/include/px4_msgs/px4_msgs/msg/detail/actuator_servos_trim__type_support.c
[55.169s] -- Up-to-date: /home/maizaied03/ros2_ws/install/px4_msgs/include/px4_msgs/px4_msgs/msg/detail/launch_detection_status__type_support.c
[55.169s] -- Up-to-date: /home/maizaied03/ros2_ws/install/px4_msgs/include/px4_msgs/px4_msgs/msg/detail/estimator_states__rosidl_typesupport_introspection_c.h
[55.169s] -- Up-to-date: /home/maizaied03/ros2_ws/install/px4_msgs/include/px4_msgs/px4_msgs/msg/detail/rover_throttle_setpoint__rosidl_typesupport_introspection_c.h
[55.169s] -- Up-to-date: /home/maizaied03/ros2_ws/install/px4_msgs/include/px4_msgs/px4_msgs/msg/detail/vehicle_status__rosidl_typesupport_introspection_c.h
[55.169s] -- Up-to-date: /home/maizaied03/ros2_ws/install/px4_msgs/include/px4_msgs/px4_msgs/msg/detail/actuator_motors__rosidl_typesupport_introspection_c.h
[55.169s] -- Up-to-date: /home/maizaied03/ros2_ws/install/px4_msgs/include/px4_msgs/px4_msgs/msg/detail/vehicle_command__rosidl_typesupport_introspection_c.h
[55.169s] -- Up-to-date: /home/maizaied03/ros2_ws/install/px4_msgs/include/px4_msgs/px4_msgs/msg/detail/landing_target_pose__type_support.c
[55.169s] -- Up-to-date: /home/maizaied03/ros2_ws/install/px4_msgs/include/px4_msgs/px4_msgs/msg/detail/sensor_gnss_relative__rosidl_typesupport_introspection_c.h
[55.169s] -- Up-to-date: /home/maizaied03/ros2_ws/install/px4_msgs/include/px4_msgs/px4_msgs/msg/detail/estimator_aid_source3d__type_support.c
[55.169s] -- Up-to-date: /home/maizaied03/ros2_ws/install/px4_msgs/include/px4_msgs/px4_msgs/msg/detail/neural_control__type_support.c
[55.169s] -- Up-to-date: /home/maizaied03/ros2_ws/install/px4_msgs/include/px4_msgs/px4_msgs/msg/detail/camera_trigger__rosidl_typesupport_introspection_c.h
[55.169s] -- Up-to-date: /home/maizaied03/ros2_ws/install/px4_msgs/include/px4_msgs/px4_msgs/msg/detail/obstacle_distance__rosidl_typesupport_introspection_c.h
[55.169s] -- Up-to-date: /home/maizaied03/ros2_ws/install/px4_msgs/include/px4_msgs/px4_msgs/msg/detail/estimator_aid_source1d__type_support.c
[55.169s] -- Up-to-date: /home/maizaied03/ros2_ws/install/px4_msgs/include/px4_msgs/px4_msgs/msg/detail/debug_vect__rosidl_typesupport_introspection_c.h
[55.169s] -- Up-to-date: /home/maizaied03/ros2_ws/install/px4_msgs/include/px4_msgs/px4_msgs/srv
[55.169s] -- Up-to-date: /home/maizaied03/ros2_ws/install/px4_msgs/include/px4_msgs/px4_msgs/srv/detail
[55.169s] -- Up-to-date: /home/maizaied03/ros2_ws/install/px4_msgs/include/px4_msgs/px4_msgs/srv/detail/vehicle_command__type_support.c
[55.169s] -- Up-to-date: /home/maizaied03/ros2_ws/install/px4_msgs/include/px4_msgs/px4_msgs/srv/detail/vehicle_command__rosidl_typesupport_introspection_c.h
[55.169s] -- Up-to-date: /home/maizaied03/ros2_ws/install/px4_msgs/lib/libpx4_msgs__rosidl_typesupport_introspection_c.so
[55.169s] -- Up-to-date: /home/maizaied03/ros2_ws/install/px4_msgs/lib/libpx4_msgs__rosidl_typesupport_c.so
[55.169s] -- Up-to-date: /home/maizaied03/ros2_ws/install/px4_msgs/include/px4_msgs/px4_msgs
[55.169s] -- Up-to-date: /home/maizaied03/ros2_ws/install/px4_msgs/include/px4_msgs/px4_msgs/msg
[55.169s] -- Up-to-date: /home/maizaied03/ros2_ws/install/px4_msgs/include/px4_msgs/px4_msgs/msg/detail
[55.169s] -- Up-to-date: /home/maizaied03/ros2_ws/install/px4_msgs/include/px4_msgs/px4_msgs/msg/detail/control_allocator_status__type_support.cpp
[55.169s] -- Up-to-date: /home/maizaied03/ros2_ws/install/px4_msgs/include/px4_msgs/px4_msgs/msg/detail/mavlink_tunnel__rosidl_typesupport_introspection_cpp.hpp
[55.169s] -- Up-to-date: /home/maizaied03/ros2_ws/install/px4_msgs/include/px4_msgs/px4_msgs/msg/detail/open_drone_id_operator_id__type_support.cpp
[55.170s] -- Up-to-date: /home/maizaied03/ros2_ws/install/px4_msgs/include/px4_msgs/px4_msgs/msg/detail/ulog_stream_ack__rosidl_typesupport_introspection_cpp.hpp
[55.170s] -- Up-to-date: /home/maizaied03/ros2_ws/install/px4_msgs/include/px4_msgs/px4_msgs/msg/detail/fixed_wing_lateral_status__rosidl_typesupport_introspection_cpp.hpp
[55.170s] -- Up-to-date: /home/maizaied03/ros2_ws/install/px4_msgs/include/px4_msgs/px4_msgs/msg/detail/sensor_preflight_mag__type_support.cpp
[55.170s] -- Up-to-date: /home/maizaied03/ros2_ws/install/px4_msgs/include/px4_msgs/px4_msgs/msg/detail/orb_test__type_support.cpp
[55.170s] -- Up-to-date: /home/maizaied03/ros2_ws/install/px4_msgs/include/px4_msgs/px4_msgs/msg/detail/neural_control__rosidl_typesupport_introspection_cpp.hpp
[55.170s] -- Up-to-date: /home/maizaied03/ros2_ws/install/px4_msgs/include/px4_msgs/px4_msgs/msg/detail/debug_key_value__rosidl_typesupport_introspection_cpp.hpp
[55.170s] -- Up-to-date: /home/maizaied03/ros2_ws/install/px4_msgs/include/px4_msgs/px4_msgs/msg/detail/follow_target_status__rosidl_typesupport_introspection_cpp.hpp
[55.170s] -- Up-to-date: /home/maizaied03/ros2_ws/install/px4_msgs/include/px4_msgs/px4_msgs/msg/detail/mag_worker_data__rosidl_typesupport_introspection_cpp.hpp
[55.170s] -- Up-to-date: /home/maizaied03/ros2_ws/install/px4_msgs/include/px4_msgs/px4_msgs/msg/detail/landing_target_innovations__rosidl_typesupport_introspection_cpp.hpp
[55.170s] -- Up-to-date: /home/maizaied03/ros2_ws/install/px4_msgs/include/px4_msgs/px4_msgs/msg/detail/debug_vect__type_support.cpp
[55.170s] -- Up-to-date: /home/maizaied03/ros2_ws/install/px4_msgs/include/px4_msgs/px4_msgs/msg/detail/follow_target__type_support.cpp
[55.170s] -- Up-to-date: /home/maizaied03/ros2_ws/install/px4_msgs/include/px4_msgs/px4_msgs/msg/detail/generator_status__rosidl_typesupport_introspection_cpp.hpp
[55.170s] -- Up-to-date: /home/maizaied03/ros2_ws/install/px4_msgs/include/px4_msgs/px4_msgs/msg/detail/ekf2_timestamps__type_support.cpp
[55.170s] -- Up-to-date: /home/maizaied03/ros2_ws/install/px4_msgs/include/px4_msgs/px4_msgs/msg/detail/autotune_attitude_control_status__type_support.cpp
[55.170s] -- Up-to-date: /home/maizaied03/ros2_ws/install/px4_msgs/include/px4_msgs/px4_msgs/msg/detail/gpio_out__type_support.cpp
[55.170s] -- Up-to-date: /home/maizaied03/ros2_ws/install/px4_msgs/include/px4_msgs/px4_msgs/msg/detail/vehicle_control_mode__type_support.cpp
[55.170s] -- Up-to-date: /home/maizaied03/ros2_ws/install/px4_msgs/include/px4_msgs/px4_msgs/msg/detail/gripper__rosidl_typesupport_introspection_cpp.hpp
[55.170s] -- Up-to-date: /home/maizaied03/ros2_ws/install/px4_msgs/include/px4_msgs/px4_msgs/msg/detail/sensor_gyro_fft__type_support.cpp
[55.170s] -- Up-to-date: /home/maizaied03/ros2_ws/install/px4_msgs/include/px4_msgs/px4_msgs/msg/detail/config_overrides__type_support.cpp
[55.170s] -- Up-to-date: /home/maizaied03/ros2_ws/install/px4_msgs/include/px4_msgs/px4_msgs/msg/detail/sensor_temp__type_support.cpp
[55.170s] -- Up-to-date: /home/maizaied03/ros2_ws/install/px4_msgs/include/px4_msgs/px4_msgs/msg/detail/follow_target_estimator__type_support.cpp
[55.170s] -- Up-to-date: /home/maizaied03/ros2_ws/install/px4_msgs/include/px4_msgs/px4_msgs/msg/detail/collision_constraints__type_support.cpp
[55.170s] -- Up-to-date: /home/maizaied03/ros2_ws/install/px4_msgs/include/px4_msgs/px4_msgs/msg/detail/tiltrotor_extra_controls__type_support.cpp
[55.170s] -- Up-to-date: /home/maizaied03/ros2_ws/install/px4_msgs/include/px4_msgs/px4_msgs/msg/detail/gimbal_device_set_attitude__rosidl_typesupport_introspection_cpp.hpp
[55.170s] -- Up-to-date: /home/maizaied03/ros2_ws/install/px4_msgs/include/px4_msgs/px4_msgs/msg/detail/position_controller_status__rosidl_typesupport_introspection_cpp.hpp
[55.170s] -- Up-to-date: /home/maizaied03/ros2_ws/install/px4_msgs/include/px4_msgs/px4_msgs/msg/detail/qshell_retval__type_support.cpp
[55.170s] -- Up-to-date: /home/maizaied03/ros2_ws/install/px4_msgs/include/px4_msgs/px4_msgs/msg/detail/can_interface_status__type_support.cpp
[55.170s] -- Up-to-date: /home/maizaied03/ros2_ws/install/px4_msgs/include/px4_msgs/px4_msgs/msg/detail/pps_capture__rosidl_typesupport_introspection_cpp.hpp
[55.170s] -- Up-to-date: /home/maizaied03/ros2_ws/install/px4_msgs/include/px4_msgs/px4_msgs/msg/detail/mount_orientation__rosidl_typesupport_introspection_cpp.hpp
[55.170s] -- Up-to-date: /home/maizaied03/ros2_ws/install/px4_msgs/include/px4_msgs/px4_msgs/msg/detail/gimbal_manager_set_attitude__rosidl_typesupport_introspection_cpp.hpp
[55.170s] -- Up-to-date: /home/maizaied03/ros2_ws/install/px4_msgs/include/px4_msgs/px4_msgs/msg/detail/estimator_aid_source3d__rosidl_typesupport_introspection_cpp.hpp
[55.171s] -- Up-to-date: /home/maizaied03/ros2_ws/install/px4_msgs/include/px4_msgs/px4_msgs/msg/detail/landing_gear_wheel__type_support.cpp
[55.171s] -- Up-to-date: /home/maizaied03/ros2_ws/install/px4_msgs/include/px4_msgs/px4_msgs/msg/detail/estimator_status_flags__type_support.cpp
[55.171s] -- Up-to-date: /home/maizaied03/ros2_ws/install/px4_msgs/include/px4_msgs/px4_msgs/msg/detail/sensor_gyro_fifo__type_support.cpp
[55.171s] -- Up-to-date: /home/maizaied03/ros2_ws/install/px4_msgs/include/px4_msgs/px4_msgs/msg/detail/qshell_req__type_support.cpp
[55.171s] -- Up-to-date: /home/maizaied03/ros2_ws/install/px4_msgs/include/px4_msgs/px4_msgs/msg/detail/generator_status__type_support.cpp
[55.171s] -- Up-to-date: /home/maizaied03/ros2_ws/install/px4_msgs/include/px4_msgs/px4_msgs/msg/detail/vehicle_angular_velocity__rosidl_typesupport_introspection_cpp.hpp
[55.171s] -- Up-to-date: /home/maizaied03/ros2_ws/install/px4_msgs/include/px4_msgs/px4_msgs/msg/detail/logger_status__type_support.cpp
[55.171s] -- Up-to-date: /home/maizaied03/ros2_ws/install/px4_msgs/include/px4_msgs/px4_msgs/msg/detail/qshell_retval__rosidl_typesupport_introspection_cpp.hpp
[55.171s] -- Up-to-date: /home/maizaied03/ros2_ws/install/px4_msgs/include/px4_msgs/px4_msgs/msg/detail/message_format_request__type_support.cpp
[55.171s] -- Up-to-date: /home/maizaied03/ros2_ws/install/px4_msgs/include/px4_msgs/px4_msgs/msg/detail/vtx__rosidl_typesupport_introspection_cpp.hpp
[55.171s] -- Up-to-date: /home/maizaied03/ros2_ws/install/px4_msgs/include/px4_msgs/px4_msgs/msg/detail/estimator_event_flags__rosidl_typesupport_introspection_cpp.hpp
[55.171s] -- Up-to-date: /home/maizaied03/ros2_ws/install/px4_msgs/include/px4_msgs/px4_msgs/msg/detail/sensor_correction__type_support.cpp
[55.171s] -- Up-to-date: /home/maizaied03/ros2_ws/install/px4_msgs/include/px4_msgs/px4_msgs/msg/detail/rover_rate_setpoint__type_support.cpp
[55.171s] -- Up-to-date: /home/maizaied03/ros2_ws/install/px4_msgs/include/px4_msgs/px4_msgs/msg/detail/sensor_accel__rosidl_typesupport_introspection_cpp.hpp
[55.171s] -- Up-to-date: /home/maizaied03/ros2_ws/install/px4_msgs/include/px4_msgs/px4_msgs/msg/detail/sensor_combined__rosidl_typesupport_introspection_cpp.hpp
[55.171s] -- Up-to-date: /home/maizaied03/ros2_ws/install/px4_msgs/include/px4_msgs/px4_msgs/msg/detail/vehicle_local_position__type_support.cpp
[55.171s] -- Up-to-date: /home/maizaied03/ros2_ws/install/px4_msgs/include/px4_msgs/px4_msgs/msg/detail/vehicle_acceleration__type_support.cpp
[55.171s] -- Up-to-date: /home/maizaied03/ros2_ws/install/px4_msgs/include/px4_msgs/px4_msgs/msg/detail/sensors_status_imu__rosidl_typesupport_introspection_cpp.hpp
[55.171s] -- Up-to-date: /home/maizaied03/ros2_ws/install/px4_msgs/include/px4_msgs/px4_msgs/msg/detail/rover_speed_status__rosidl_typesupport_introspection_cpp.hpp
[55.171s] -- Up-to-date: /home/maizaied03/ros2_ws/install/px4_msgs/include/px4_msgs/px4_msgs/msg/detail/dronecan_node_status__type_support.cpp
[55.171s] -- Up-to-date: /home/maizaied03/ros2_ws/install/px4_msgs/include/px4_msgs/px4_msgs/msg/detail/gimbal_device_information__rosidl_typesupport_introspection_cpp.hpp
[55.171s] -- Up-to-date: /home/maizaied03/ros2_ws/install/px4_msgs/include/px4_msgs/px4_msgs/msg/detail/vehicle_command__rosidl_typesupport_introspection_cpp.hpp
[55.171s] -- Up-to-date: /home/maizaied03/ros2_ws/install/px4_msgs/include/px4_msgs/px4_msgs/msg/detail/parameter_set_used_request__rosidl_typesupport_introspection_cpp.hpp
[55.171s] -- Up-to-date: /home/maizaied03/ros2_ws/install/px4_msgs/include/px4_msgs/px4_msgs/msg/detail/mode_completed__rosidl_typesupport_introspection_cpp.hpp
[55.171s] -- Up-to-date: /home/maizaied03/ros2_ws/install/px4_msgs/include/px4_msgs/px4_msgs/msg/detail/rover_steering_setpoint__rosidl_typesupport_introspection_cpp.hpp
[55.171s] -- Up-to-date: /home/maizaied03/ros2_ws/install/px4_msgs/include/px4_msgs/px4_msgs/msg/detail/mode_completed__type_support.cpp
[55.171s] -- Up-to-date: /home/maizaied03/ros2_ws/install/px4_msgs/include/px4_msgs/px4_msgs/msg/detail/device_information__type_support.cpp
[55.171s] -- Up-to-date: /home/maizaied03/ros2_ws/install/px4_msgs/include/px4_msgs/px4_msgs/msg/detail/gpio_request__rosidl_typesupport_introspection_cpp.hpp
[55.171s] -- Up-to-date: /home/maizaied03/ros2_ws/install/px4_msgs/include/px4_msgs/px4_msgs/msg/detail/fuel_tank_status__rosidl_typesupport_introspection_cpp.hpp
[55.172s] -- Up-to-date: /home/maizaied03/ros2_ws/install/px4_msgs/include/px4_msgs/px4_msgs/msg/detail/rover_position_setpoint__type_support.cpp
[55.172s] -- Up-to-date: /home/maizaied03/ros2_ws/install/px4_msgs/include/px4_msgs/px4_msgs/msg/detail/vehicle_magnetometer__rosidl_typesupport_introspection_cpp.hpp
[55.172s] -- Up-to-date: /home/maizaied03/ros2_ws/install/px4_msgs/include/px4_msgs/px4_msgs/msg/detail/cpuload__type_support.cpp
[55.172s] -- Up-to-date: /home/maizaied03/ros2_ws/install/px4_msgs/include/px4_msgs/px4_msgs/msg/detail/estimator_aid_source3d__type_support.cpp
[55.172s] -- Up-to-date: /home/maizaied03/ros2_ws/install/px4_msgs/include/px4_msgs/px4_msgs/msg/detail/landing_gear_wheel__rosidl_typesupport_introspection_cpp.hpp
[55.172s] -- Up-to-date: /home/maizaied03/ros2_ws/install/px4_msgs/include/px4_msgs/px4_msgs/msg/detail/actuator_controls_status__rosidl_typesupport_introspection_cpp.hpp
[55.172s] -- Up-to-date: /home/maizaied03/ros2_ws/install/px4_msgs/include/px4_msgs/px4_msgs/msg/detail/iridiumsbd_status__type_support.cpp
[55.172s] -- Up-to-date: /home/maizaied03/ros2_ws/install/px4_msgs/include/px4_msgs/px4_msgs/msg/detail/rover_position_setpoint__rosidl_typesupport_introspection_cpp.hpp
[55.172s] -- Up-to-date: /home/maizaied03/ros2_ws/install/px4_msgs/include/px4_msgs/px4_msgs/msg/detail/battery_status__rosidl_typesupport_introspection_cpp.hpp
[55.172s] -- Up-to-date: /home/maizaied03/ros2_ws/install/px4_msgs/include/px4_msgs/px4_msgs/msg/detail/satellite_info__rosidl_typesupport_introspection_cpp.hpp
[55.172s] -- Up-to-date: /home/maizaied03/ros2_ws/install/px4_msgs/include/px4_msgs/px4_msgs/msg/detail/vehicle_magnetometer__type_support.cpp
[55.172s] -- Up-to-date: /home/maizaied03/ros2_ws/install/px4_msgs/include/px4_msgs/px4_msgs/msg/detail/rtl_status__rosidl_typesupport_introspection_cpp.hpp
[55.172s] -- Up-to-date: /home/maizaied03/ros2_ws/install/px4_msgs/include/px4_msgs/px4_msgs/msg/detail/navigator_status__rosidl_typesupport_introspection_cpp.hpp
[55.172s] -- Up-to-date: /home/maizaied03/ros2_ws/install/px4_msgs/include/px4_msgs/px4_msgs/msg/detail/vehicle_imu__type_support.cpp
[55.172s] -- Up-to-date: /home/maizaied03/ros2_ws/install/px4_msgs/include/px4_msgs/px4_msgs/msg/detail/rover_rate_setpoint__rosidl_typesupport_introspection_cpp.hpp
[55.172s] -- Up-to-date: /home/maizaied03/ros2_ws/install/px4_msgs/include/px4_msgs/px4_msgs/msg/detail/estimator_bias3d__rosidl_typesupport_introspection_cpp.hpp
[55.172s] -- Up-to-date: /home/maizaied03/ros2_ws/install/px4_msgs/include/px4_msgs/px4_msgs/msg/detail/orbit_status__rosidl_typesupport_introspection_cpp.hpp
[55.172s] -- Up-to-date: /home/maizaied03/ros2_ws/install/px4_msgs/include/px4_msgs/px4_msgs/msg/detail/vehicle_attitude_setpoint__type_support.cpp
[55.172s] -- Up-to-date: /home/maizaied03/ros2_ws/install/px4_msgs/include/px4_msgs/px4_msgs/msg/detail/mag_worker_data__type_support.cpp
[55.172s] -- Up-to-date: /home/maizaied03/ros2_ws/install/px4_msgs/include/px4_msgs/px4_msgs/msg/detail/navigator_mission_item__rosidl_typesupport_introspection_cpp.hpp
[55.172s] -- Up-to-date: /home/maizaied03/ros2_ws/install/px4_msgs/include/px4_msgs/px4_msgs/msg/detail/vehicle_control_mode__rosidl_typesupport_introspection_cpp.hpp
[55.172s] -- Up-to-date: /home/maizaied03/ros2_ws/install/px4_msgs/include/px4_msgs/px4_msgs/msg/detail/raptor_status__type_support.cpp
[55.172s] -- Up-to-date: /home/maizaied03/ros2_ws/install/px4_msgs/include/px4_msgs/px4_msgs/msg/detail/vehicle_optical_flow__type_support.cpp
[55.172s] -- Up-to-date: /home/maizaied03/ros2_ws/install/px4_msgs/include/px4_msgs/px4_msgs/msg/detail/power_button_state__rosidl_typesupport_introspection_cpp.hpp
[55.172s] -- Up-to-date: /home/maizaied03/ros2_ws/install/px4_msgs/include/px4_msgs/px4_msgs/msg/detail/wind__type_support.cpp
[55.172s] -- Up-to-date: /home/maizaied03/ros2_ws/install/px4_msgs/include/px4_msgs/px4_msgs/msg/detail/arming_check_request__rosidl_typesupport_introspection_cpp.hpp
[55.172s] -- Up-to-date: /home/maizaied03/ros2_ws/install/px4_msgs/include/px4_msgs/px4_msgs/msg/detail/vehicle_thrust_setpoint__rosidl_typesupport_introspection_cpp.hpp
[55.172s] -- Up-to-date: /home/maizaied03/ros2_ws/install/px4_msgs/include/px4_msgs/px4_msgs/msg/detail/input_rc__type_support.cpp
[55.172s] -- Up-to-date: /home/maizaied03/ros2_ws/install/px4_msgs/include/px4_msgs/px4_msgs/msg/detail/vehicle_odometry__rosidl_typesupport_introspection_cpp.hpp
[55.172s] -- Up-to-date: /home/maizaied03/ros2_ws/install/px4_msgs/include/px4_msgs/px4_msgs/msg/detail/orb_test_medium__rosidl_typesupport_introspection_cpp.hpp
[55.172s] -- Up-to-date: /home/maizaied03/ros2_ws/install/px4_msgs/include/px4_msgs/px4_msgs/msg/detail/register_ext_component_request__type_support.cpp
[55.173s] -- Up-to-date: /home/maizaied03/ros2_ws/install/px4_msgs/include/px4_msgs/px4_msgs/msg/detail/unregister_ext_component__rosidl_typesupport_introspection_cpp.hpp
[55.173s] -- Up-to-date: /home/maizaied03/ros2_ws/install/px4_msgs/include/px4_msgs/px4_msgs/msg/detail/sensor_uwb__rosidl_typesupport_introspection_cpp.hpp
[55.173s] -- Up-to-date: /home/maizaied03/ros2_ws/install/px4_msgs/include/px4_msgs/px4_msgs/msg/detail/event__rosidl_typesupport_introspection_cpp.hpp
[55.173s] -- Up-to-date: /home/maizaied03/ros2_ws/install/px4_msgs/include/px4_msgs/px4_msgs/msg/detail/debug_array__type_support.cpp
[55.173s] -- Up-to-date: /home/maizaied03/ros2_ws/install/px4_msgs/include/px4_msgs/px4_msgs/msg/detail/register_ext_component_reply__rosidl_typesupport_introspection_cpp.hpp
[55.173s] -- Up-to-date: /home/maizaied03/ros2_ws/install/px4_msgs/include/px4_msgs/px4_msgs/msg/detail/position_setpoint_triplet__type_support.cpp
[55.173s] -- Up-to-date: /home/maizaied03/ros2_ws/install/px4_msgs/include/px4_msgs/px4_msgs/msg/detail/rover_rate_status__type_support.cpp
[55.173s] -- Up-to-date: /home/maizaied03/ros2_ws/install/px4_msgs/include/px4_msgs/px4_msgs/msg/detail/message_format_request__rosidl_typesupport_introspection_cpp.hpp
[55.173s] -- Up-to-date: /home/maizaied03/ros2_ws/install/px4_msgs/include/px4_msgs/px4_msgs/msg/detail/geofence_status__type_support.cpp
[55.173s] -- Up-to-date: /home/maizaied03/ros2_ws/install/px4_msgs/include/px4_msgs/px4_msgs/msg/detail/parameter_set_used_request__type_support.cpp
[55.173s] -- Up-to-date: /home/maizaied03/ros2_ws/install/px4_msgs/include/px4_msgs/px4_msgs/msg/detail/landing_target_innovations__type_support.cpp
[55.173s] -- Up-to-date: /home/maizaied03/ros2_ws/install/px4_msgs/include/px4_msgs/px4_msgs/msg/detail/figure_eight_status__rosidl_typesupport_introspection_cpp.hpp
[55.173s] -- Up-to-date: /home/maizaied03/ros2_ws/install/px4_msgs/include/px4_msgs/px4_msgs/msg/detail/distance_sensor_mode_change_request__rosidl_typesupport_introspection_cpp.hpp
[55.173s] -- Up-to-date: /home/maizaied03/ros2_ws/install/px4_msgs/include/px4_msgs/px4_msgs/msg/detail/distance_sensor_mode_change_request__type_support.cpp
[55.173s] -- Up-to-date: /home/maizaied03/ros2_ws/install/px4_msgs/include/px4_msgs/px4_msgs/msg/detail/gimbal_manager_information__type_support.cpp
[55.173s] -- Up-to-date: /home/maizaied03/ros2_ws/install/px4_msgs/include/px4_msgs/px4_msgs/msg/detail/uavcan_parameter_value__type_support.cpp
[55.173s] -- Up-to-date: /home/maizaied03/ros2_ws/install/px4_msgs/include/px4_msgs/px4_msgs/msg/detail/open_drone_id_self_id__rosidl_typesupport_introspection_cpp.hpp
[55.173s] -- Up-to-date: /home/maizaied03/ros2_ws/install/px4_msgs/include/px4_msgs/px4_msgs/msg/detail/rover_attitude_status__type_support.cpp
[55.173s] -- Up-to-date: /home/maizaied03/ros2_ws/install/px4_msgs/include/px4_msgs/px4_msgs/msg/detail/estimator_aid_source2d__type_support.cpp
[55.173s] -- Up-to-date: /home/maizaied03/ros2_ws/install/px4_msgs/include/px4_msgs/px4_msgs/msg/detail/gimbal_device_information__type_support.cpp
[55.173s] -- Up-to-date: /home/maizaied03/ros2_ws/install/px4_msgs/include/px4_msgs/px4_msgs/msg/detail/ping__type_support.cpp
[55.173s] -- Up-to-date: /home/maizaied03/ros2_ws/install/px4_msgs/include/px4_msgs/px4_msgs/msg/detail/mount_orientation__type_support.cpp
[55.173s] -- Up-to-date: /home/maizaied03/ros2_ws/install/px4_msgs/include/px4_msgs/px4_msgs/msg/detail/navigator_mission_item__type_support.cpp
[55.173s] -- Up-to-date: /home/maizaied03/ros2_ws/install/px4_msgs/include/px4_msgs/px4_msgs/msg/detail/fixed_wing_lateral_setpoint__type_support.cpp
[55.173s] -- Up-to-date: /home/maizaied03/ros2_ws/install/px4_msgs/include/px4_msgs/px4_msgs/msg/detail/estimator_bias__type_support.cpp
[55.173s] -- Up-to-date: /home/maizaied03/ros2_ws/install/px4_msgs/include/px4_msgs/px4_msgs/msg/detail/sensors_status_imu__type_support.cpp
[55.173s] -- Up-to-date: /home/maizaied03/ros2_ws/install/px4_msgs/include/px4_msgs/px4_msgs/msg/detail/rpm__type_support.cpp
[55.173s] -- Up-to-date: /home/maizaied03/ros2_ws/install/px4_msgs/include/px4_msgs/px4_msgs/msg/detail/radio_status__rosidl_typesupport_introspection_cpp.hpp
[55.173s] -- Up-to-date: /home/maizaied03/ros2_ws/install/px4_msgs/include/px4_msgs/px4_msgs/msg/detail/system_power__type_support.cpp
[55.173s] -- Up-to-date: /home/maizaied03/ros2_ws/install/px4_msgs/include/px4_msgs/px4_msgs/msg/detail/sensor_uwb__type_support.cpp
[55.173s] -- Up-to-date: /home/maizaied03/ros2_ws/install/px4_msgs/include/px4_msgs/px4_msgs/msg/detail/estimator_gps_status__rosidl_typesupport_introspection_cpp.hpp
[55.173s] -- Up-to-date: /home/maizaied03/ros2_ws/install/px4_msgs/include/px4_msgs/px4_msgs/msg/detail/landing_target_pose__type_support.cpp
[55.174s] -- Up-to-date: /home/maizaied03/ros2_ws/install/px4_msgs/include/px4_msgs/px4_msgs/msg/detail/figure_eight_status__type_support.cpp
[55.174s] -- Up-to-date: /home/maizaied03/ros2_ws/install/px4_msgs/include/px4_msgs/px4_msgs/msg/detail/fixed_wing_lateral_setpoint__rosidl_typesupport_introspection_cpp.hpp
[55.174s] -- Up-to-date: /home/maizaied03/ros2_ws/install/px4_msgs/include/px4_msgs/px4_msgs/msg/detail/actuator_outputs__rosidl_typesupport_introspection_cpp.hpp
[55.174s] -- Up-to-date: /home/maizaied03/ros2_ws/install/px4_msgs/include/px4_msgs/px4_msgs/msg/detail/manual_control_switches__type_support.cpp
[55.174s] -- Up-to-date: /home/maizaied03/ros2_ws/install/px4_msgs/include/px4_msgs/px4_msgs/msg/detail/gimbal_manager_set_attitude__type_support.cpp
[55.174s] -- Up-to-date: /home/maizaied03/ros2_ws/install/px4_msgs/include/px4_msgs/px4_msgs/msg/detail/distance_sensor__type_support.cpp
[55.174s] -- Up-to-date: /home/maizaied03/ros2_ws/install/px4_msgs/include/px4_msgs/px4_msgs/msg/detail/vtol_vehicle_status__type_support.cpp
[55.174s] -- Up-to-date: /home/maizaied03/ros2_ws/install/px4_msgs/include/px4_msgs/px4_msgs/msg/detail/mavlink_log__rosidl_typesupport_introspection_cpp.hpp
[55.174s] -- Up-to-date: /home/maizaied03/ros2_ws/install/px4_msgs/include/px4_msgs/px4_msgs/msg/detail/sensor_gyro__rosidl_typesupport_introspection_cpp.hpp
[55.174s] -- Up-to-date: /home/maizaied03/ros2_ws/install/px4_msgs/include/px4_msgs/px4_msgs/msg/detail/led_control__rosidl_typesupport_introspection_cpp.hpp
[55.174s] -- Up-to-date: /home/maizaied03/ros2_ws/install/px4_msgs/include/px4_msgs/px4_msgs/msg/detail/lateral_control_configuration__rosidl_typesupport_introspection_cpp.hpp
[55.174s] -- Up-to-date: /home/maizaied03/ros2_ws/install/px4_msgs/include/px4_msgs/px4_msgs/msg/detail/estimator_aid_source1d__type_support.cpp
[55.174s] -- Up-to-date: /home/maizaied03/ros2_ws/install/px4_msgs/include/px4_msgs/px4_msgs/msg/detail/sensor_airflow__type_support.cpp
[55.174s] -- Up-to-date: /home/maizaied03/ros2_ws/install/px4_msgs/include/px4_msgs/px4_msgs/msg/detail/sensor_mag__type_support.cpp
[55.174s] -- Up-to-date: /home/maizaied03/ros2_ws/install/px4_msgs/include/px4_msgs/px4_msgs/msg/detail/debug_value__rosidl_typesupport_introspection_cpp.hpp
[55.174s] -- Up-to-date: /home/maizaied03/ros2_ws/install/px4_msgs/include/px4_msgs/px4_msgs/msg/detail/config_overrides__rosidl_typesupport_introspection_cpp.hpp
[55.174s] -- Up-to-date: /home/maizaied03/ros2_ws/install/px4_msgs/include/px4_msgs/px4_msgs/msg/detail/tecs_status__rosidl_typesupport_introspection_cpp.hpp
[55.174s] -- Up-to-date: /home/maizaied03/ros2_ws/install/px4_msgs/include/px4_msgs/px4_msgs/msg/detail/lateral_control_configuration__type_support.cpp
[55.174s] -- Up-to-date: /home/maizaied03/ros2_ws/install/px4_msgs/include/px4_msgs/px4_msgs/msg/detail/obstacle_distance__type_support.cpp
[55.174s] -- Up-to-date: /home/maizaied03/ros2_ws/install/px4_msgs/include/px4_msgs/px4_msgs/msg/detail/rover_attitude_setpoint__rosidl_typesupport_introspection_cpp.hpp
[55.174s] -- Up-to-date: /home/maizaied03/ros2_ws/install/px4_msgs/include/px4_msgs/px4_msgs/msg/detail/uavcan_parameter_value__rosidl_typesupport_introspection_cpp.hpp
[55.174s] -- Up-to-date: /home/maizaied03/ros2_ws/install/px4_msgs/include/px4_msgs/px4_msgs/msg/detail/estimator_sensor_bias__type_support.cpp
[55.174s] -- Up-to-date: /home/maizaied03/ros2_ws/install/px4_msgs/include/px4_msgs/px4_msgs/msg/detail/gimbal_controls__type_support.cpp
[55.174s] -- Up-to-date: /home/maizaied03/ros2_ws/install/px4_msgs/include/px4_msgs/px4_msgs/msg/detail/sensor_gnss_relative__rosidl_typesupport_introspection_cpp.hpp
[55.174s] -- Up-to-date: /home/maizaied03/ros2_ws/install/px4_msgs/include/px4_msgs/px4_msgs/msg/detail/vehicle_rates_setpoint__type_support.cpp
[55.174s] -- Up-to-date: /home/maizaied03/ros2_ws/install/px4_msgs/include/px4_msgs/px4_msgs/msg/detail/sensor_accel_fifo__type_support.cpp
[55.174s] -- Up-to-date: /home/maizaied03/ros2_ws/install/px4_msgs/include/px4_msgs/px4_msgs/msg/detail/gimbal_manager_status__type_support.cpp
[55.175s] -- Up-to-date: /home/maizaied03/ros2_ws/install/px4_msgs/include/px4_msgs/px4_msgs/msg/detail/open_drone_id_arm_status__type_support.cpp
[55.175s] -- Up-to-date: /home/maizaied03/ros2_ws/install/px4_msgs/include/px4_msgs/px4_msgs/msg/detail/task_stack_info__rosidl_typesupport_introspection_cpp.hpp
[55.175s] -- Up-to-date: /home/maizaied03/ros2_ws/install/px4_msgs/include/px4_msgs/px4_msgs/msg/detail/follow_target_estimator__rosidl_typesupport_introspection_cpp.hpp
[55.175s] -- Up-to-date: /home/maizaied03/ros2_ws/install/px4_msgs/include/px4_msgs/px4_msgs/msg/detail/wheel_encoders__rosidl_typesupport_introspection_cpp.hpp
[55.175s] -- Up-to-date: /home/maizaied03/ros2_ws/install/px4_msgs/include/px4_msgs/px4_msgs/msg/detail/rc_channels__type_support.cpp
[55.175s] -- Up-to-date: /home/maizaied03/ros2_ws/install/px4_msgs/include/px4_msgs/px4_msgs/msg/detail/message_format_response__type_support.cpp
[55.175s] -- Up-to-date: /home/maizaied03/ros2_ws/install/px4_msgs/include/px4_msgs/px4_msgs/msg/detail/led_control__type_support.cpp
[55.175s] -- Up-to-date: /home/maizaied03/ros2_ws/install/px4_msgs/include/px4_msgs/px4_msgs/msg/detail/debug_array__rosidl_typesupport_introspection_cpp.hpp
[55.175s] -- Up-to-date: /home/maizaied03/ros2_ws/install/px4_msgs/include/px4_msgs/px4_msgs/msg/detail/open_drone_id_arm_status__rosidl_typesupport_introspection_cpp.hpp
[55.175s] -- Up-to-date: /home/maizaied03/ros2_ws/install/px4_msgs/include/px4_msgs/px4_msgs/msg/detail/open_drone_id_operator_id__rosidl_typesupport_introspection_cpp.hpp
[55.175s] -- Up-to-date: /home/maizaied03/ros2_ws/install/px4_msgs/include/px4_msgs/px4_msgs/msg/detail/register_ext_component_reply__type_support.cpp
[55.175s] -- Up-to-date: /home/maizaied03/ros2_ws/install/px4_msgs/include/px4_msgs/px4_msgs/msg/detail/fixed_wing_lateral_guidance_status__type_support.cpp
[55.175s] -- Up-to-date: /home/maizaied03/ros2_ws/install/px4_msgs/include/px4_msgs/px4_msgs/msg/detail/telemetry_status__type_support.cpp
[55.175s] -- Up-to-date: /home/maizaied03/ros2_ws/install/px4_msgs/include/px4_msgs/px4_msgs/msg/detail/position_setpoint__type_support.cpp
[55.175s] -- Up-to-date: /home/maizaied03/ros2_ws/install/px4_msgs/include/px4_msgs/px4_msgs/msg/detail/longitudinal_control_configuration__type_support.cpp
[55.175s] -- Up-to-date: /home/maizaied03/ros2_ws/install/px4_msgs/include/px4_msgs/px4_msgs/msg/detail/ulog_stream_ack__type_support.cpp
[55.175s] -- Up-to-date: /home/maizaied03/ros2_ws/install/px4_msgs/include/px4_msgs/px4_msgs/msg/detail/position_controller_status__type_support.cpp
[55.175s] -- Up-to-date: /home/maizaied03/ros2_ws/install/px4_msgs/include/px4_msgs/px4_msgs/msg/detail/normalized_unsigned_setpoint__rosidl_typesupport_introspection_cpp.hpp
[55.175s] -- Up-to-date: /home/maizaied03/ros2_ws/install/px4_msgs/include/px4_msgs/px4_msgs/msg/detail/gimbal_manager_set_manual_control__rosidl_typesupport_introspection_cpp.hpp
[55.175s] -- Up-to-date: /home/maizaied03/ros2_ws/install/px4_msgs/include/px4_msgs/px4_msgs/msg/detail/vehicle_attitude__rosidl_typesupport_introspection_cpp.hpp
[55.175s] -- Up-to-date: /home/maizaied03/ros2_ws/install/px4_msgs/include/px4_msgs/px4_msgs/msg/detail/offboard_control_mode__rosidl_typesupport_introspection_cpp.hpp
[55.175s] -- Up-to-date: /home/maizaied03/ros2_ws/install/px4_msgs/include/px4_msgs/px4_msgs/msg/detail/landing_target_pose__rosidl_typesupport_introspection_cpp.hpp
[55.175s] -- Up-to-date: /home/maizaied03/ros2_ws/install/px4_msgs/include/px4_msgs/px4_msgs/msg/detail/failure_detector_status__rosidl_typesupport_introspection_cpp.hpp
[55.175s] -- Up-to-date: /home/maizaied03/ros2_ws/install/px4_msgs/include/px4_msgs/px4_msgs/msg/detail/px4io_status__rosidl_typesupport_introspection_cpp.hpp
[55.175s] -- Up-to-date: /home/maizaied03/ros2_ws/install/px4_msgs/include/px4_msgs/px4_msgs/msg/detail/battery_info__rosidl_typesupport_introspection_cpp.hpp
[55.175s] -- Up-to-date: /home/maizaied03/ros2_ws/install/px4_msgs/include/px4_msgs/px4_msgs/msg/detail/home_position__type_support.cpp
[55.175s] -- Up-to-date: /home/maizaied03/ros2_ws/install/px4_msgs/include/px4_msgs/px4_msgs/msg/detail/vtol_vehicle_status__rosidl_typesupport_introspection_cpp.hpp
[55.175s] -- Up-to-date: /home/maizaied03/ros2_ws/install/px4_msgs/include/px4_msgs/px4_msgs/msg/detail/geofence_result__type_support.cpp
[55.175s] -- Up-to-date: /home/maizaied03/ros2_ws/install/px4_msgs/include/px4_msgs/px4_msgs/msg/detail/home_position__rosidl_typesupport_introspection_cpp.hpp
[55.175s] -- Up-to-date: /home/maizaied03/ros2_ws/install/px4_msgs/include/px4_msgs/px4_msgs/msg/detail/internal_combustion_engine_control__type_support.cpp
[55.176s] -- Up-to-date: /home/maizaied03/ros2_ws/install/px4_msgs/include/px4_msgs/px4_msgs/msg/detail/rate_ctrl_status__type_support.cpp
[55.176s] -- Up-to-date: /home/maizaied03/ros2_ws/install/px4_msgs/include/px4_msgs/px4_msgs/msg/detail/gpio_in__rosidl_typesupport_introspection_cpp.hpp
[55.176s] -- Up-to-date: /home/maizaied03/ros2_ws/install/px4_msgs/include/px4_msgs/px4_msgs/msg/detail/position_setpoint_triplet__rosidl_typesupport_introspection_cpp.hpp
[55.176s] -- Up-to-date: /home/maizaied03/ros2_ws/install/px4_msgs/include/px4_msgs/px4_msgs/msg/detail/estimator_status__rosidl_typesupport_introspection_cpp.hpp
[55.176s] -- Up-to-date: /home/maizaied03/ros2_ws/install/px4_msgs/include/px4_msgs/px4_msgs/msg/detail/fixed_wing_longitudinal_setpoint__type_support.cpp
[55.176s] -- Up-to-date: /home/maizaied03/ros2_ws/install/px4_msgs/include/px4_msgs/px4_msgs/msg/detail/mission__type_support.cpp
[55.176s] -- Up-to-date: /home/maizaied03/ros2_ws/install/px4_msgs/include/px4_msgs/px4_msgs/msg/detail/health_report__type_support.cpp
[55.176s] -- Up-to-date: /home/maizaied03/ros2_ws/install/px4_msgs/include/px4_msgs/px4_msgs/msg/detail/vehicle_command_ack__type_support.cpp
[55.176s] -- Up-to-date: /home/maizaied03/ros2_ws/install/px4_msgs/include/px4_msgs/px4_msgs/msg/detail/ekf2_timestamps__rosidl_typesupport_introspection_cpp.hpp
[55.176s] -- Up-to-date: /home/maizaied03/ros2_ws/install/px4_msgs/include/px4_msgs/px4_msgs/msg/detail/orbit_status__type_support.cpp
[55.176s] -- Up-to-date: /home/maizaied03/ros2_ws/install/px4_msgs/include/px4_msgs/px4_msgs/msg/detail/esc_report__rosidl_typesupport_introspection_cpp.hpp
[55.176s] -- Up-to-date: /home/maizaied03/ros2_ws/install/px4_msgs/include/px4_msgs/px4_msgs/msg/detail/vehicle_attitude_setpoint__rosidl_typesupport_introspection_cpp.hpp
[55.176s] -- Up-to-date: /home/maizaied03/ros2_ws/install/px4_msgs/include/px4_msgs/px4_msgs/msg/detail/actuator_test__rosidl_typesupport_introspection_cpp.hpp
[55.176s] -- Up-to-date: /home/maizaied03/ros2_ws/install/px4_msgs/include/px4_msgs/px4_msgs/msg/detail/onboard_computer_status__rosidl_typesupport_introspection_cpp.hpp
[55.176s] -- Up-to-date: /home/maizaied03/ros2_ws/install/px4_msgs/include/px4_msgs/px4_msgs/msg/detail/mission_result__rosidl_typesupport_introspection_cpp.hpp
[55.176s] -- Up-to-date: /home/maizaied03/ros2_ws/install/px4_msgs/include/px4_msgs/px4_msgs/msg/detail/vehicle_angular_acceleration_setpoint__rosidl_typesupport_introspection_cpp.hpp
[55.176s] -- Up-to-date: /home/maizaied03/ros2_ws/install/px4_msgs/include/px4_msgs/px4_msgs/msg/detail/tecs_status__type_support.cpp
[55.176s] -- Up-to-date: /home/maizaied03/ros2_ws/install/px4_msgs/include/px4_msgs/px4_msgs/msg/detail/gripper__type_support.cpp
[55.176s] -- Up-to-date: /home/maizaied03/ros2_ws/install/px4_msgs/include/px4_msgs/px4_msgs/msg/detail/gimbal_device_attitude_status__type_support.cpp
[55.176s] -- Up-to-date: /home/maizaied03/ros2_ws/install/px4_msgs/include/px4_msgs/px4_msgs/msg/detail/trajectory_setpoint__rosidl_typesupport_introspection_cpp.hpp
[55.176s] -- Up-to-date: /home/maizaied03/ros2_ws/install/px4_msgs/include/px4_msgs/px4_msgs/msg/detail/timesync_status__rosidl_typesupport_introspection_cpp.hpp
[55.176s] -- Up-to-date: /home/maizaied03/ros2_ws/install/px4_msgs/include/px4_msgs/px4_msgs/msg/detail/follow_target__rosidl_typesupport_introspection_cpp.hpp
[55.176s] -- Up-to-date: /home/maizaied03/ros2_ws/install/px4_msgs/include/px4_msgs/px4_msgs/msg/detail/fixed_wing_runway_control__rosidl_typesupport_introspection_cpp.hpp
[55.176s] -- Up-to-date: /home/maizaied03/ros2_ws/install/px4_msgs/include/px4_msgs/px4_msgs/msg/detail/yaw_estimator_status__rosidl_typesupport_introspection_cpp.hpp
[55.176s] -- Up-to-date: /home/maizaied03/ros2_ws/install/px4_msgs/include/px4_msgs/px4_msgs/msg/detail/wind__rosidl_typesupport_introspection_cpp.hpp
[55.176s] -- Up-to-date: /home/maizaied03/ros2_ws/install/px4_msgs/include/px4_msgs/px4_msgs/msg/detail/vehicle_command_ack__rosidl_typesupport_introspection_cpp.hpp
[55.176s] -- Up-to-date: /home/maizaied03/ros2_ws/install/px4_msgs/include/px4_msgs/px4_msgs/msg/detail/ulog_stream__type_support.cpp
[55.176s] -- Up-to-date: /home/maizaied03/ros2_ws/install/px4_msgs/include/px4_msgs/px4_msgs/msg/detail/arming_check_reply__rosidl_typesupport_introspection_cpp.hpp
[55.176s] -- Up-to-date: /home/maizaied03/ros2_ws/install/px4_msgs/include/px4_msgs/px4_msgs/msg/detail/cellular_status__rosidl_typesupport_introspection_cpp.hpp
[55.176s] -- Up-to-date: /home/maizaied03/ros2_ws/install/px4_msgs/include/px4_msgs/px4_msgs/msg/detail/vehicle_air_data__rosidl_typesupport_introspection_cpp.hpp
[55.176s] -- Up-to-date: /home/maizaied03/ros2_ws/install/px4_msgs/include/px4_msgs/px4_msgs/msg/detail/sensor_hygrometer__type_support.cpp
[55.177s] -- Up-to-date: /home/maizaied03/ros2_ws/install/px4_msgs/include/px4_msgs/px4_msgs/msg/detail/sensors_status__rosidl_typesupport_introspection_cpp.hpp
[55.177s] -- Up-to-date: /home/maizaied03/ros2_ws/install/px4_msgs/include/px4_msgs/px4_msgs/msg/detail/tune_control__type_support.cpp
[55.177s] -- Up-to-date: /home/maizaied03/ros2_ws/install/px4_msgs/include/px4_msgs/px4_msgs/msg/detail/logger_status__rosidl_typesupport_introspection_cpp.hpp
[55.177s] -- Up-to-date: /home/maizaied03/ros2_ws/install/px4_msgs/include/px4_msgs/px4_msgs/msg/detail/estimator_aid_source2d__rosidl_typesupport_introspection_cpp.hpp
[55.177s] -- Up-to-date: /home/maizaied03/ros2_ws/install/px4_msgs/include/px4_msgs/px4_msgs/msg/detail/launch_detection_status__rosidl_typesupport_introspection_cpp.hpp
[55.177s] -- Up-to-date: /home/maizaied03/ros2_ws/install/px4_msgs/include/px4_msgs/px4_msgs/msg/detail/sensor_selection__rosidl_typesupport_introspection_cpp.hpp
[55.177s] -- Up-to-date: /home/maizaied03/ros2_ws/install/px4_msgs/include/px4_msgs/px4_msgs/msg/detail/vehicle_local_position_setpoint__type_support.cpp
[55.177s] -- Up-to-date: /home/maizaied03/ros2_ws/install/px4_msgs/include/px4_msgs/px4_msgs/msg/detail/power_monitor__type_support.cpp
[55.177s] -- Up-to-date: /home/maizaied03/ros2_ws/install/px4_msgs/include/px4_msgs/px4_msgs/msg/detail/position_setpoint__rosidl_typesupport_introspection_cpp.hpp
[55.177s] -- Up-to-date: /home/maizaied03/ros2_ws/install/px4_msgs/include/px4_msgs/px4_msgs/msg/detail/internal_combustion_engine_status__type_support.cpp
[55.177s] -- Up-to-date: /home/maizaied03/ros2_ws/install/px4_msgs/include/px4_msgs/px4_msgs/msg/detail/timesync_status__type_support.cpp
[55.177s] -- Up-to-date: /home/maizaied03/ros2_ws/install/px4_msgs/include/px4_msgs/px4_msgs/msg/detail/rover_speed_setpoint__type_support.cpp
[55.177s] -- Up-to-date: /home/maizaied03/ros2_ws/install/px4_msgs/include/px4_msgs/px4_msgs/msg/detail/hover_thrust_estimate__type_support.cpp
[55.177s] -- Up-to-date: /home/maizaied03/ros2_ws/install/px4_msgs/include/px4_msgs/px4_msgs/msg/detail/obstacle_distance__rosidl_typesupport_introspection_cpp.hpp
[55.177s] -- Up-to-date: /home/maizaied03/ros2_ws/install/px4_msgs/include/px4_msgs/px4_msgs/msg/detail/vehicle_constraints__type_support.cpp
[55.177s] -- Up-to-date: /home/maizaied03/ros2_ws/install/px4_msgs/include/px4_msgs/px4_msgs/msg/detail/heater_status__rosidl_typesupport_introspection_cpp.hpp
[55.177s] -- Up-to-date: /home/maizaied03/ros2_ws/install/px4_msgs/include/px4_msgs/px4_msgs/msg/detail/mission__rosidl_typesupport_introspection_cpp.hpp
[55.177s] -- Up-to-date: /home/maizaied03/ros2_ws/install/px4_msgs/include/px4_msgs/px4_msgs/msg/detail/vehicle_acceleration__rosidl_typesupport_introspection_cpp.hpp
[55.177s] -- Up-to-date: /home/maizaied03/ros2_ws/install/px4_msgs/include/px4_msgs/px4_msgs/msg/detail/ulog_stream__rosidl_typesupport_introspection_cpp.hpp
[55.177s] -- Up-to-date: /home/maizaied03/ros2_ws/install/px4_msgs/include/px4_msgs/px4_msgs/msg/detail/camera_capture__rosidl_typesupport_introspection_cpp.hpp
[55.177s] -- Up-to-date: /home/maizaied03/ros2_ws/install/px4_msgs/include/px4_msgs/px4_msgs/msg/detail/can_interface_status__rosidl_typesupport_introspection_cpp.hpp
[55.177s] -- Up-to-date: /home/maizaied03/ros2_ws/install/px4_msgs/include/px4_msgs/px4_msgs/msg/detail/pps_capture__type_support.cpp
[55.177s] -- Up-to-date: /home/maizaied03/ros2_ws/install/px4_msgs/include/px4_msgs/px4_msgs/msg/detail/vehicle_local_position_setpoint__rosidl_typesupport_introspection_cpp.hpp
[55.177s] -- Up-to-date: /home/maizaied03/ros2_ws/install/px4_msgs/include/px4_msgs/px4_msgs/msg/detail/sensor_hygrometer__rosidl_typesupport_introspection_cpp.hpp
[55.177s] -- Up-to-date: /home/maizaied03/ros2_ws/install/px4_msgs/include/px4_msgs/px4_msgs/msg/detail/flight_phase_estimation__rosidl_typesupport_introspection_cpp.hpp
[55.177s] -- Up-to-date: /home/maizaied03/ros2_ws/install/px4_msgs/include/px4_msgs/px4_msgs/msg/detail/gps_inject_data__type_support.cpp
[55.177s] -- Up-to-date: /home/maizaied03/ros2_ws/install/px4_msgs/include/px4_msgs/px4_msgs/msg/detail/irlock_report__type_support.cpp
[55.177s] -- Up-to-date: /home/maizaied03/ros2_ws/install/px4_msgs/include/px4_msgs/px4_msgs/msg/detail/dataman_request__rosidl_typesupport_introspection_cpp.hpp
[55.177s] -- Up-to-date: /home/maizaied03/ros2_ws/install/px4_msgs/include/px4_msgs/px4_msgs/msg/detail/parameter_set_value_request__rosidl_typesupport_introspection_cpp.hpp
[55.177s] -- Up-to-date: /home/maizaied03/ros2_ws/install/px4_msgs/include/px4_msgs/px4_msgs/msg/detail/vehicle_air_data__type_support.cpp
[55.177s] -- Up-to-date: /home/maizaied03/ros2_ws/install/px4_msgs/include/px4_msgs/px4_msgs/msg/detail/sensor_gps__type_support.cpp
[55.177s] -- Up-to-date: /home/maizaied03/ros2_ws/install/px4_msgs/include/px4_msgs/px4_msgs/msg/detail/velocity_limits__type_support.cpp
[55.178s] -- Up-to-date: /home/maizaied03/ros2_ws/install/px4_msgs/include/px4_msgs/px4_msgs/msg/detail/rover_steering_setpoint__type_support.cpp
[55.178s] -- Up-to-date: /home/maizaied03/ros2_ws/install/px4_msgs/include/px4_msgs/px4_msgs/msg/detail/vehicle_angular_velocity__type_support.cpp
[55.178s] -- Up-to-date: /home/maizaied03/ros2_ws/install/px4_msgs/include/px4_msgs/px4_msgs/msg/detail/flight_phase_estimation__type_support.cpp
[55.178s] -- Up-to-date: /home/maizaied03/ros2_ws/install/px4_msgs/include/px4_msgs/px4_msgs/msg/detail/uavcan_parameter_request__type_support.cpp
[55.178s] -- Up-to-date: /home/maizaied03/ros2_ws/install/px4_msgs/include/px4_msgs/px4_msgs/msg/detail/gain_compression__type_support.cpp
[55.178s] -- Up-to-date: /home/maizaied03/ros2_ws/install/px4_msgs/include/px4_msgs/px4_msgs/msg/detail/takeoff_status__type_support.cpp
[55.178s] -- Up-to-date: /home/maizaied03/ros2_ws/install/px4_msgs/include/px4_msgs/px4_msgs/msg/detail/pwm_input__rosidl_typesupport_introspection_cpp.hpp
[55.178s] -- Up-to-date: /home/maizaied03/ros2_ws/install/px4_msgs/include/px4_msgs/px4_msgs/msg/detail/estimator_innovations__type_support.cpp
[55.178s] -- Up-to-date: /home/maizaied03/ros2_ws/install/px4_msgs/include/px4_msgs/px4_msgs/msg/detail/rtl_time_estimate__type_support.cpp
[55.178s] -- Up-to-date: /home/maizaied03/ros2_ws/install/px4_msgs/include/px4_msgs/px4_msgs/msg/detail/gimbal_manager_status__rosidl_typesupport_introspection_cpp.hpp
[55.178s] -- Up-to-date: /home/maizaied03/ros2_ws/install/px4_msgs/include/px4_msgs/px4_msgs/msg/detail/goto_setpoint__rosidl_typesupport_introspection_cpp.hpp
[55.178s] -- Up-to-date: /home/maizaied03/ros2_ws/install/px4_msgs/include/px4_msgs/px4_msgs/msg/detail/raptor_input__type_support.cpp
[55.178s] -- Up-to-date: /home/maizaied03/ros2_ws/install/px4_msgs/include/px4_msgs/px4_msgs/msg/detail/sensor_gyro_fifo__rosidl_typesupport_introspection_cpp.hpp
[55.178s] -- Up-to-date: /home/maizaied03/ros2_ws/install/px4_msgs/include/px4_msgs/px4_msgs/msg/detail/sensor_baro__type_support.cpp
[55.178s] -- Up-to-date: /home/maizaied03/ros2_ws/install/px4_msgs/include/px4_msgs/px4_msgs/msg/detail/fixed_wing_lateral_status__type_support.cpp
[55.178s] -- Up-to-date: /home/maizaied03/ros2_ws/install/px4_msgs/include/px4_msgs/px4_msgs/msg/detail/manual_control_switches__rosidl_typesupport_introspection_cpp.hpp
[55.178s] -- Up-to-date: /home/maizaied03/ros2_ws/install/px4_msgs/include/px4_msgs/px4_msgs/msg/detail/landing_gear__rosidl_typesupport_introspection_cpp.hpp
[55.178s] -- Up-to-date: /home/maizaied03/ros2_ws/install/px4_msgs/include/px4_msgs/px4_msgs/msg/detail/distance_sensor__rosidl_typesupport_introspection_cpp.hpp
[55.178s] -- Up-to-date: /home/maizaied03/ros2_ws/install/px4_msgs/include/px4_msgs/px4_msgs/msg/detail/estimator_states__rosidl_typesupport_introspection_cpp.hpp
[55.178s] -- Up-to-date: /home/maizaied03/ros2_ws/install/px4_msgs/include/px4_msgs/px4_msgs/msg/detail/sensor_combined__type_support.cpp
[55.178s] -- Up-to-date: /home/maizaied03/ros2_ws/install/px4_msgs/include/px4_msgs/px4_msgs/msg/detail/rc_parameter_map__type_support.cpp
[55.178s] -- Up-to-date: /home/maizaied03/ros2_ws/install/px4_msgs/include/px4_msgs/px4_msgs/msg/detail/raptor_input__rosidl_typesupport_introspection_cpp.hpp
[55.178s] -- Up-to-date: /home/maizaied03/ros2_ws/install/px4_msgs/include/px4_msgs/px4_msgs/msg/detail/vehicle_rates_setpoint__rosidl_typesupport_introspection_cpp.hpp
[55.178s] -- Up-to-date: /home/maizaied03/ros2_ws/install/px4_msgs/include/px4_msgs/px4_msgs/msg/detail/vehicle_attitude__type_support.cpp
[55.178s] -- Up-to-date: /home/maizaied03/ros2_ws/install/px4_msgs/include/px4_msgs/px4_msgs/msg/detail/differential_pressure__rosidl_typesupport_introspection_cpp.hpp
[55.178s] -- Up-to-date: /home/maizaied03/ros2_ws/install/px4_msgs/include/px4_msgs/px4_msgs/msg/detail/estimator_bias3d__type_support.cpp
[55.178s] -- Up-to-date: /home/maizaied03/ros2_ws/install/px4_msgs/include/px4_msgs/px4_msgs/msg/detail/collision_constraints__rosidl_typesupport_introspection_cpp.hpp
[55.178s] -- Up-to-date: /home/maizaied03/ros2_ws/install/px4_msgs/include/px4_msgs/px4_msgs/msg/detail/tiltrotor_extra_controls__rosidl_typesupport_introspection_cpp.hpp
[55.178s] -- Up-to-date: /home/maizaied03/ros2_ws/install/px4_msgs/include/px4_msgs/px4_msgs/msg/detail/sensor_optical_flow__rosidl_typesupport_introspection_cpp.hpp
[55.178s] -- Up-to-date: /home/maizaied03/ros2_ws/install/px4_msgs/include/px4_msgs/px4_msgs/msg/detail/actuator_servos_trim__rosidl_typesupport_introspection_cpp.hpp
[55.178s] -- Up-to-date: /home/maizaied03/ros2_ws/install/px4_msgs/include/px4_msgs/px4_msgs/msg/detail/input_rc__rosidl_typesupport_introspection_cpp.hpp
[55.179s] -- Up-to-date: /home/maizaied03/ros2_ws/install/px4_msgs/include/px4_msgs/px4_msgs/msg/detail/cpuload__rosidl_typesupport_introspection_cpp.hpp
[55.179s] -- Up-to-date: /home/maizaied03/ros2_ws/install/px4_msgs/include/px4_msgs/px4_msgs/msg/detail/adc_report__rosidl_typesupport_introspection_cpp.hpp
[55.179s] -- Up-to-date: /home/maizaied03/ros2_ws/install/px4_msgs/include/px4_msgs/px4_msgs/msg/detail/radio_status__type_support.cpp
[55.179s] -- Up-to-date: /home/maizaied03/ros2_ws/install/px4_msgs/include/px4_msgs/px4_msgs/msg/detail/message_format_response__rosidl_typesupport_introspection_cpp.hpp
[55.179s] -- Up-to-date: /home/maizaied03/ros2_ws/install/px4_msgs/include/px4_msgs/px4_msgs/msg/detail/fixed_wing_runway_control__type_support.cpp
[55.179s] -- Up-to-date: /home/maizaied03/ros2_ws/install/px4_msgs/include/px4_msgs/px4_msgs/msg/detail/sensor_accel__type_support.cpp
[55.179s] -- Up-to-date: /home/maizaied03/ros2_ws/install/px4_msgs/include/px4_msgs/px4_msgs/msg/detail/rpm__rosidl_typesupport_introspection_cpp.hpp
[55.179s] -- Up-to-date: /home/maizaied03/ros2_ws/install/px4_msgs/include/px4_msgs/px4_msgs/msg/detail/rc_parameter_map__rosidl_typesupport_introspection_cpp.hpp
[55.179s] -- Up-to-date: /home/maizaied03/ros2_ws/install/px4_msgs/include/px4_msgs/px4_msgs/msg/detail/vehicle_global_position__type_support.cpp
[55.179s] -- Up-to-date: /home/maizaied03/ros2_ws/install/px4_msgs/include/px4_msgs/px4_msgs/msg/detail/rover_speed_setpoint__rosidl_typesupport_introspection_cpp.hpp
[55.179s] -- Up-to-date: /home/maizaied03/ros2_ws/install/px4_msgs/include/px4_msgs/px4_msgs/msg/detail/hover_thrust_estimate__rosidl_typesupport_introspection_cpp.hpp
[55.179s] -- Up-to-date: /home/maizaied03/ros2_ws/install/px4_msgs/include/px4_msgs/px4_msgs/msg/detail/magnetometer_bias_estimate__rosidl_typesupport_introspection_cpp.hpp
[55.179s] -- Up-to-date: /home/maizaied03/ros2_ws/install/px4_msgs/include/px4_msgs/px4_msgs/msg/detail/ping__rosidl_typesupport_introspection_cpp.hpp
[55.179s] -- Up-to-date: /home/maizaied03/ros2_ws/install/px4_msgs/include/px4_msgs/px4_msgs/msg/detail/parameter_reset_request__type_support.cpp
[55.179s] -- Up-to-date: /home/maizaied03/ros2_ws/install/px4_msgs/include/px4_msgs/px4_msgs/msg/detail/estimator_status_flags__rosidl_typesupport_introspection_cpp.hpp
[55.179s] -- Up-to-date: /home/maizaied03/ros2_ws/install/px4_msgs/include/px4_msgs/px4_msgs/msg/detail/mavlink_tunnel__type_support.cpp
[55.179s] -- Up-to-date: /home/maizaied03/ros2_ws/install/px4_msgs/include/px4_msgs/px4_msgs/msg/detail/camera_trigger__type_support.cpp
[55.179s] -- Up-to-date: /home/maizaied03/ros2_ws/install/px4_msgs/include/px4_msgs/px4_msgs/msg/detail/magnetometer_bias_estimate__type_support.cpp
[55.179s] -- Up-to-date: /home/maizaied03/ros2_ws/install/px4_msgs/include/px4_msgs/px4_msgs/msg/detail/estimator_aid_source1d__rosidl_typesupport_introspection_cpp.hpp
[55.179s] -- Up-to-date: /home/maizaied03/ros2_ws/install/px4_msgs/include/px4_msgs/px4_msgs/msg/detail/adc_report__type_support.cpp
[55.179s] -- Up-to-date: /home/maizaied03/ros2_ws/install/px4_msgs/include/px4_msgs/px4_msgs/msg/detail/sensor_gyro_fft__rosidl_typesupport_introspection_cpp.hpp
[55.179s] -- Up-to-date: /home/maizaied03/ros2_ws/install/px4_msgs/include/px4_msgs/px4_msgs/msg/detail/estimator_selector_status__type_support.cpp
[55.179s] -- Up-to-date: /home/maizaied03/ros2_ws/install/px4_msgs/include/px4_msgs/px4_msgs/msg/detail/manual_control_setpoint__rosidl_typesupport_introspection_cpp.hpp
[55.179s] -- Up-to-date: /home/maizaied03/ros2_ws/install/px4_msgs/include/px4_msgs/px4_msgs/msg/detail/control_allocator_status__rosidl_typesupport_introspection_cpp.hpp
[55.179s] -- Up-to-date: /home/maizaied03/ros2_ws/install/px4_msgs/include/px4_msgs/px4_msgs/msg/detail/launch_detection_status__type_support.cpp
[55.179s] -- Up-to-date: /home/maizaied03/ros2_ws/install/px4_msgs/include/px4_msgs/px4_msgs/msg/detail/debug_key_value__type_support.cpp
[55.179s] -- Up-to-date: /home/maizaied03/ros2_ws/install/px4_msgs/include/px4_msgs/px4_msgs/msg/detail/gpio_in__type_support.cpp
[55.179s] -- Up-to-date: /home/maizaied03/ros2_ws/install/px4_msgs/include/px4_msgs/px4_msgs/msg/detail/actuator_armed__rosidl_typesupport_introspection_cpp.hpp
[55.179s] -- Up-to-date: /home/maizaied03/ros2_ws/install/px4_msgs/include/px4_msgs/px4_msgs/msg/detail/offboard_control_mode__type_support.cpp
[55.179s] -- Up-to-date: /home/maizaied03/ros2_ws/install/px4_msgs/include/px4_msgs/px4_msgs/msg/detail/power_button_state__type_support.cpp
[55.179s] -- Up-to-date: /home/maizaied03/ros2_ws/install/px4_msgs/include/px4_msgs/px4_msgs/msg/detail/event__type_support.cpp
[55.180s] -- Up-to-date: /home/maizaied03/ros2_ws/install/px4_msgs/include/px4_msgs/px4_msgs/msg/detail/differential_pressure__type_support.cpp
[55.180s] -- Up-to-date: /home/maizaied03/ros2_ws/install/px4_msgs/include/px4_msgs/px4_msgs/msg/detail/airspeed_wind__rosidl_typesupport_introspection_cpp.hpp
[55.180s] -- Up-to-date: /home/maizaied03/ros2_ws/install/px4_msgs/include/px4_msgs/px4_msgs/msg/detail/sensor_gps__rosidl_typesupport_introspection_cpp.hpp
[55.180s] -- Up-to-date: /home/maizaied03/ros2_ws/install/px4_msgs/include/px4_msgs/px4_msgs/msg/detail/parameter_reset_request__rosidl_typesupport_introspection_cpp.hpp
[55.180s] -- Up-to-date: /home/maizaied03/ros2_ws/install/px4_msgs/include/px4_msgs/px4_msgs/msg/detail/orb_test_medium__type_support.cpp
[55.180s] -- Up-to-date: /home/maizaied03/ros2_ws/install/px4_msgs/include/px4_msgs/px4_msgs/msg/detail/gimbal_manager_information__rosidl_typesupport_introspection_cpp.hpp
[55.180s] -- Up-to-date: /home/maizaied03/ros2_ws/install/px4_msgs/include/px4_msgs/px4_msgs/msg/detail/rover_throttle_setpoint__rosidl_typesupport_introspection_cpp.hpp
[55.180s] -- Up-to-date: /home/maizaied03/ros2_ws/install/px4_msgs/include/px4_msgs/px4_msgs/msg/detail/sensor_gyro__type_support.cpp
[55.180s] -- Up-to-date: /home/maizaied03/ros2_ws/install/px4_msgs/include/px4_msgs/px4_msgs/msg/detail/onboard_computer_status__type_support.cpp
[55.180s] -- Up-to-date: /home/maizaied03/ros2_ws/install/px4_msgs/include/px4_msgs/px4_msgs/msg/detail/gpio_config__type_support.cpp
[55.180s] -- Up-to-date: /home/maizaied03/ros2_ws/install/px4_msgs/include/px4_msgs/px4_msgs/msg/detail/transponder_report__type_support.cpp
[55.180s] -- Up-to-date: /home/maizaied03/ros2_ws/install/px4_msgs/include/px4_msgs/px4_msgs/msg/detail/estimator_bias__rosidl_typesupport_introspection_cpp.hpp
[55.180s] -- Up-to-date: /home/maizaied03/ros2_ws/install/px4_msgs/include/px4_msgs/px4_msgs/msg/detail/vehicle_status__rosidl_typesupport_introspection_cpp.hpp
[55.180s] -- Up-to-date: /home/maizaied03/ros2_ws/install/px4_msgs/include/px4_msgs/px4_msgs/msg/detail/rover_speed_status__type_support.cpp
[55.180s] -- Up-to-date: /home/maizaied03/ros2_ws/install/px4_msgs/include/px4_msgs/px4_msgs/msg/detail/gps_dump__type_support.cpp
[55.180s] -- Up-to-date: /home/maizaied03/ros2_ws/install/px4_msgs/include/px4_msgs/px4_msgs/msg/detail/camera_status__rosidl_typesupport_introspection_cpp.hpp
[55.180s] -- Up-to-date: /home/maizaied03/ros2_ws/install/px4_msgs/include/px4_msgs/px4_msgs/msg/detail/wheel_encoders__type_support.cpp
[55.180s] -- Up-to-date: /home/maizaied03/ros2_ws/install/px4_msgs/include/px4_msgs/px4_msgs/msg/detail/vehicle_optical_flow__rosidl_typesupport_introspection_cpp.hpp
[55.180s] -- Up-to-date: /home/maizaied03/ros2_ws/install/px4_msgs/include/px4_msgs/px4_msgs/msg/detail/sensor_baro__rosidl_typesupport_introspection_cpp.hpp
[55.180s] -- Up-to-date: /home/maizaied03/ros2_ws/install/px4_msgs/include/px4_msgs/px4_msgs/msg/detail/log_message__rosidl_typesupport_introspection_cpp.hpp
[55.180s] -- Up-to-date: /home/maizaied03/ros2_ws/install/px4_msgs/include/px4_msgs/px4_msgs/msg/detail/vehicle_imu_status__rosidl_typesupport_introspection_cpp.hpp
[55.180s] -- Up-to-date: /home/maizaied03/ros2_ws/install/px4_msgs/include/px4_msgs/px4_msgs/msg/detail/actuator_servos_trim__type_support.cpp
[55.180s] -- Up-to-date: /home/maizaied03/ros2_ws/install/px4_msgs/include/px4_msgs/px4_msgs/msg/detail/navigator_status__type_support.cpp
[55.180s] -- Up-to-date: /home/maizaied03/ros2_ws/install/px4_msgs/include/px4_msgs/px4_msgs/msg/detail/estimator_event_flags__type_support.cpp
[55.180s] -- Up-to-date: /home/maizaied03/ros2_ws/install/px4_msgs/include/px4_msgs/px4_msgs/msg/detail/actuator_armed__type_support.cpp
[55.180s] -- Up-to-date: /home/maizaied03/ros2_ws/install/px4_msgs/include/px4_msgs/px4_msgs/msg/detail/dataman_request__type_support.cpp
[55.180s] -- Up-to-date: /home/maizaied03/ros2_ws/install/px4_msgs/include/px4_msgs/px4_msgs/msg/detail/camera_capture__type_support.cpp
[55.180s] -- Up-to-date: /home/maizaied03/ros2_ws/install/px4_msgs/include/px4_msgs/px4_msgs/msg/detail/iridiumsbd_status__rosidl_typesupport_introspection_cpp.hpp
[55.180s] -- Up-to-date: /home/maizaied03/ros2_ws/install/px4_msgs/include/px4_msgs/px4_msgs/msg/detail/yaw_estimator_status__type_support.cpp
[55.180s] -- Up-to-date: /home/maizaied03/ros2_ws/install/px4_msgs/include/px4_msgs/px4_msgs/msg/detail/vehicle_torque_setpoint__type_support.cpp
[55.180s] -- Up-to-date: /home/maizaied03/ros2_ws/install/px4_msgs/include/px4_msgs/px4_msgs/msg/detail/autotune_attitude_control_status__rosidl_typesupport_introspection_cpp.hpp
[55.181s] -- Up-to-date: /home/maizaied03/ros2_ws/install/px4_msgs/include/px4_msgs/px4_msgs/msg/detail/rover_throttle_setpoint__type_support.cpp
[55.181s] -- Up-to-date: /home/maizaied03/ros2_ws/install/px4_msgs/include/px4_msgs/px4_msgs/msg/detail/open_drone_id_system__rosidl_typesupport_introspection_cpp.hpp
[55.181s] -- Up-to-date: /home/maizaied03/ros2_ws/install/px4_msgs/include/px4_msgs/px4_msgs/msg/detail/rover_attitude_status__rosidl_typesupport_introspection_cpp.hpp
[55.181s] -- Up-to-date: /home/maizaied03/ros2_ws/install/px4_msgs/include/px4_msgs/px4_msgs/msg/detail/velocity_limits__rosidl_typesupport_introspection_cpp.hpp
[55.181s] -- Up-to-date: /home/maizaied03/ros2_ws/install/px4_msgs/include/px4_msgs/px4_msgs/msg/detail/parameter_update__type_support.cpp
[55.181s] -- Up-to-date: /home/maizaied03/ros2_ws/install/px4_msgs/include/px4_msgs/px4_msgs/msg/detail/sensor_gnss_relative__type_support.cpp
[55.181s] -- Up-to-date: /home/maizaied03/ros2_ws/install/px4_msgs/include/px4_msgs/px4_msgs/msg/detail/button_event__type_support.cpp
[55.181s] -- Up-to-date: /home/maizaied03/ros2_ws/install/px4_msgs/include/px4_msgs/px4_msgs/msg/detail/vehicle_odometry__type_support.cpp
[55.181s] -- Up-to-date: /home/maizaied03/ros2_ws/install/px4_msgs/include/px4_msgs/px4_msgs/msg/detail/actuator_motors__type_support.cpp
[55.181s] -- Up-to-date: /home/maizaied03/ros2_ws/install/px4_msgs/include/px4_msgs/px4_msgs/msg/detail/register_ext_component_request__rosidl_typesupport_introspection_cpp.hpp
[55.181s] -- Up-to-date: /home/maizaied03/ros2_ws/install/px4_msgs/include/px4_msgs/px4_msgs/msg/detail/orb_test_large__type_support.cpp
[55.181s] -- Up-to-date: /home/maizaied03/ros2_ws/install/px4_msgs/include/px4_msgs/px4_msgs/msg/detail/qshell_req__rosidl_typesupport_introspection_cpp.hpp
[55.181s] -- Up-to-date: /home/maizaied03/ros2_ws/install/px4_msgs/include/px4_msgs/px4_msgs/msg/detail/esc_report__type_support.cpp
[55.181s] -- Up-to-date: /home/maizaied03/ros2_ws/install/px4_msgs/include/px4_msgs/px4_msgs/msg/detail/open_drone_id_system__type_support.cpp
[55.181s] -- Up-to-date: /home/maizaied03/ros2_ws/install/px4_msgs/include/px4_msgs/px4_msgs/msg/detail/gps_dump__rosidl_typesupport_introspection_cpp.hpp
[55.181s] -- Up-to-date: /home/maizaied03/ros2_ws/install/px4_msgs/include/px4_msgs/px4_msgs/msg/detail/failure_detector_status__type_support.cpp
[55.181s] -- Up-to-date: /home/maizaied03/ros2_ws/install/px4_msgs/include/px4_msgs/px4_msgs/msg/detail/device_information__rosidl_typesupport_introspection_cpp.hpp
[55.181s] -- Up-to-date: /home/maizaied03/ros2_ws/install/px4_msgs/include/px4_msgs/px4_msgs/msg/detail/vehicle_constraints__rosidl_typesupport_introspection_cpp.hpp
[55.181s] -- Up-to-date: /home/maizaied03/ros2_ws/install/px4_msgs/include/px4_msgs/px4_msgs/msg/detail/rtl_status__type_support.cpp
[55.181s] -- Up-to-date: /home/maizaied03/ros2_ws/install/px4_msgs/include/px4_msgs/px4_msgs/msg/detail/dataman_response__rosidl_typesupport_introspection_cpp.hpp
[55.181s] -- Up-to-date: /home/maizaied03/ros2_ws/install/px4_msgs/include/px4_msgs/px4_msgs/msg/detail/vehicle_land_detected__rosidl_typesupport_introspection_cpp.hpp
[55.181s] -- Up-to-date: /home/maizaied03/ros2_ws/install/px4_msgs/include/px4_msgs/px4_msgs/msg/detail/gps_inject_data__rosidl_typesupport_introspection_cpp.hpp
[55.181s] -- Up-to-date: /home/maizaied03/ros2_ws/install/px4_msgs/include/px4_msgs/px4_msgs/msg/detail/esc_status__type_support.cpp
[55.181s] -- Up-to-date: /home/maizaied03/ros2_ws/install/px4_msgs/include/px4_msgs/px4_msgs/msg/detail/vehicle_thrust_setpoint__type_support.cpp
[55.181s] -- Up-to-date: /home/maizaied03/ros2_ws/install/px4_msgs/include/px4_msgs/px4_msgs/msg/detail/vehicle_global_position__rosidl_typesupport_introspection_cpp.hpp
[55.181s] -- Up-to-date: /home/maizaied03/ros2_ws/install/px4_msgs/include/px4_msgs/px4_msgs/msg/detail/neural_control__type_support.cpp
[55.181s] -- Up-to-date: /home/maizaied03/ros2_ws/install/px4_msgs/include/px4_msgs/px4_msgs/msg/detail/actuator_outputs__type_support.cpp
[55.181s] -- Up-to-date: /home/maizaied03/ros2_ws/install/px4_msgs/include/px4_msgs/px4_msgs/msg/detail/geofence_status__rosidl_typesupport_introspection_cpp.hpp
[55.181s] -- Up-to-date: /home/maizaied03/ros2_ws/install/px4_msgs/include/px4_msgs/px4_msgs/msg/detail/task_stack_info__type_support.cpp
[55.181s] -- Up-to-date: /home/maizaied03/ros2_ws/install/px4_msgs/include/px4_msgs/px4_msgs/msg/detail/action_request__rosidl_typesupport_introspection_cpp.hpp
[55.181s] -- Up-to-date: /home/maizaied03/ros2_ws/install/px4_msgs/include/px4_msgs/px4_msgs/msg/detail/trajectory_setpoint6dof__rosidl_typesupport_introspection_cpp.hpp
[55.181s] -- Up-to-date: /home/maizaied03/ros2_ws/install/px4_msgs/include/px4_msgs/px4_msgs/msg/detail/arming_check_reply__type_support.cpp
[55.182s] -- Up-to-date: /home/maizaied03/ros2_ws/install/px4_msgs/include/px4_msgs/px4_msgs/msg/detail/manual_control_setpoint__type_support.cpp
[55.182s] -- Up-to-date: /home/maizaied03/ros2_ws/install/px4_msgs/include/px4_msgs/px4_msgs/msg/detail/failsafe_flags__rosidl_typesupport_introspection_cpp.hpp
[55.182s] -- Up-to-date: /home/maizaied03/ros2_ws/install/px4_msgs/include/px4_msgs/px4_msgs/msg/detail/gimbal_device_set_attitude__type_support.cpp
[55.182s] -- Up-to-date: /home/maizaied03/ros2_ws/install/px4_msgs/include/px4_msgs/px4_msgs/msg/detail/trajectory_setpoint6dof__type_support.cpp
[55.182s] -- Up-to-date: /home/maizaied03/ros2_ws/install/px4_msgs/include/px4_msgs/px4_msgs/msg/detail/estimator_status__type_support.cpp
[55.182s] -- Up-to-date: /home/maizaied03/ros2_ws/install/px4_msgs/include/px4_msgs/px4_msgs/msg/detail/rate_ctrl_status__rosidl_typesupport_introspection_cpp.hpp
[55.182s] -- Up-to-date: /home/maizaied03/ros2_ws/install/px4_msgs/include/px4_msgs/px4_msgs/msg/detail/actuator_motors__rosidl_typesupport_introspection_cpp.hpp
[55.182s] -- Up-to-date: /home/maizaied03/ros2_ws/install/px4_msgs/include/px4_msgs/px4_msgs/msg/detail/follow_target_status__type_support.cpp
[55.182s] -- Up-to-date: /home/maizaied03/ros2_ws/install/px4_msgs/include/px4_msgs/px4_msgs/msg/detail/sensor_airflow__rosidl_typesupport_introspection_cpp.hpp
[55.182s] -- Up-to-date: /home/maizaied03/ros2_ws/install/px4_msgs/include/px4_msgs/px4_msgs/msg/detail/rc_channels__rosidl_typesupport_introspection_cpp.hpp
[55.182s] -- Up-to-date: /home/maizaied03/ros2_ws/install/px4_msgs/include/px4_msgs/px4_msgs/msg/detail/gimbal_controls__rosidl_typesupport_introspection_cpp.hpp
[55.182s] -- Up-to-date: /home/maizaied03/ros2_ws/install/px4_msgs/include/px4_msgs/px4_msgs/msg/detail/heater_status__type_support.cpp
[55.182s] -- Up-to-date: /home/maizaied03/ros2_ws/install/px4_msgs/include/px4_msgs/px4_msgs/msg/detail/sensor_optical_flow__type_support.cpp
[55.182s] -- Up-to-date: /home/maizaied03/ros2_ws/install/px4_msgs/include/px4_msgs/px4_msgs/msg/detail/orb_test_large__rosidl_typesupport_introspection_cpp.hpp
[55.182s] -- Up-to-date: /home/maizaied03/ros2_ws/install/px4_msgs/include/px4_msgs/px4_msgs/msg/detail/airspeed_wind__type_support.cpp
[55.182s] -- Up-to-date: /home/maizaied03/ros2_ws/install/px4_msgs/include/px4_msgs/px4_msgs/msg/detail/actuator_test__type_support.cpp
[55.182s] -- Up-to-date: /home/maizaied03/ros2_ws/install/px4_msgs/include/px4_msgs/px4_msgs/msg/detail/health_report__rosidl_typesupport_introspection_cpp.hpp
[55.182s] -- Up-to-date: /home/maizaied03/ros2_ws/install/px4_msgs/include/px4_msgs/px4_msgs/msg/detail/dataman_response__type_support.cpp
[55.182s] -- Up-to-date: /home/maizaied03/ros2_ws/install/px4_msgs/include/px4_msgs/px4_msgs/msg/detail/pure_pursuit_status__type_support.cpp
[55.182s] -- Up-to-date: /home/maizaied03/ros2_ws/install/px4_msgs/include/px4_msgs/px4_msgs/msg/detail/airspeed__type_support.cpp
[55.182s] -- Up-to-date: /home/maizaied03/ros2_ws/install/px4_msgs/include/px4_msgs/px4_msgs/msg/detail/raptor_status__rosidl_typesupport_introspection_cpp.hpp
[55.182s] -- Up-to-date: /home/maizaied03/ros2_ws/install/px4_msgs/include/px4_msgs/px4_msgs/msg/detail/sensor_gnss_status__type_support.cpp
[55.182s] -- Up-to-date: /home/maizaied03/ros2_ws/install/px4_msgs/include/px4_msgs/px4_msgs/msg/detail/failsafe_flags__type_support.cpp
[55.182s] -- Up-to-date: /home/maizaied03/ros2_ws/install/px4_msgs/include/px4_msgs/px4_msgs/msg/detail/sensor_correction__rosidl_typesupport_introspection_cpp.hpp
[55.182s] -- Up-to-date: /home/maizaied03/ros2_ws/install/px4_msgs/include/px4_msgs/px4_msgs/msg/detail/mavlink_log__type_support.cpp
[55.182s] -- Up-to-date: /home/maizaied03/ros2_ws/install/px4_msgs/include/px4_msgs/px4_msgs/msg/detail/normalized_unsigned_setpoint__type_support.cpp
[55.182s] -- Up-to-date: /home/maizaied03/ros2_ws/install/px4_msgs/include/px4_msgs/px4_msgs/msg/detail/mission_result__type_support.cpp
[55.182s] -- Up-to-date: /home/maizaied03/ros2_ws/install/px4_msgs/include/px4_msgs/px4_msgs/msg/detail/telemetry_status__rosidl_typesupport_introspection_cpp.hpp
[55.182s] -- Up-to-date: /home/maizaied03/ros2_ws/install/px4_msgs/include/px4_msgs/px4_msgs/msg/detail/actuator_controls_status__type_support.cpp
[55.182s] -- Up-to-date: /home/maizaied03/ros2_ws/install/px4_msgs/include/px4_msgs/px4_msgs/msg/detail/estimator_selector_status__rosidl_typesupport_introspection_cpp.hpp
[55.182s] -- Up-to-date: /home/maizaied03/ros2_ws/install/px4_msgs/include/px4_msgs/px4_msgs/msg/detail/gimbal_manager_set_manual_control__type_support.cpp
[55.183s] -- Up-to-date: /home/maizaied03/ros2_ws/install/px4_msgs/include/px4_msgs/px4_msgs/msg/detail/vehicle_roi__type_support.cpp
[55.183s] -- Up-to-date: /home/maizaied03/ros2_ws/install/px4_msgs/include/px4_msgs/px4_msgs/msg/detail/arming_check_request__type_support.cpp
[55.183s] -- Up-to-date: /home/maizaied03/ros2_ws/install/px4_msgs/include/px4_msgs/px4_msgs/msg/detail/px4io_status__type_support.cpp
[55.183s] -- Up-to-date: /home/maizaied03/ros2_ws/install/px4_msgs/include/px4_msgs/px4_msgs/msg/detail/estimator_sensor_bias__rosidl_typesupport_introspection_cpp.hpp
[55.183s] -- Up-to-date: /home/maizaied03/ros2_ws/install/px4_msgs/include/px4_msgs/px4_msgs/msg/detail/sensor_accel_fifo__rosidl_typesupport_introspection_cpp.hpp
[55.183s] -- Up-to-date: /home/maizaied03/ros2_ws/install/px4_msgs/include/px4_msgs/px4_msgs/msg/detail/sensor_gnss_status__rosidl_typesupport_introspection_cpp.hpp
[55.183s] -- Up-to-date: /home/maizaied03/ros2_ws/install/px4_msgs/include/px4_msgs/px4_msgs/msg/detail/actuator_servos__rosidl_typesupport_introspection_cpp.hpp
[55.183s] -- Up-to-date: /home/maizaied03/ros2_ws/install/px4_msgs/include/px4_msgs/px4_msgs/msg/detail/battery_status__type_support.cpp
[55.183s] -- Up-to-date: /home/maizaied03/ros2_ws/install/px4_msgs/include/px4_msgs/px4_msgs/msg/detail/estimator_gps_status__type_support.cpp
[55.183s] -- Up-to-date: /home/maizaied03/ros2_ws/install/px4_msgs/include/px4_msgs/px4_msgs/msg/detail/vehicle_roi__rosidl_typesupport_introspection_cpp.hpp
[55.183s] -- Up-to-date: /home/maizaied03/ros2_ws/install/px4_msgs/include/px4_msgs/px4_msgs/msg/detail/irlock_report__rosidl_typesupport_introspection_cpp.hpp
[55.183s] -- Up-to-date: /home/maizaied03/ros2_ws/install/px4_msgs/include/px4_msgs/px4_msgs/msg/detail/parameter_set_value_response__type_support.cpp
[55.183s] -- Up-to-date: /home/maizaied03/ros2_ws/install/px4_msgs/include/px4_msgs/px4_msgs/msg/detail/sensors_status__type_support.cpp
[55.183s] -- Up-to-date: /home/maizaied03/ros2_ws/install/px4_msgs/include/px4_msgs/px4_msgs/msg/detail/pwm_input__type_support.cpp
[55.183s] -- Up-to-date: /home/maizaied03/ros2_ws/install/px4_msgs/include/px4_msgs/px4_msgs/msg/detail/orb_test__rosidl_typesupport_introspection_cpp.hpp
[55.183s] -- Up-to-date: /home/maizaied03/ros2_ws/install/px4_msgs/include/px4_msgs/px4_msgs/msg/detail/cellular_status__type_support.cpp
[55.183s] -- Up-to-date: /home/maizaied03/ros2_ws/install/px4_msgs/include/px4_msgs/px4_msgs/msg/detail/parameter_set_value_response__rosidl_typesupport_introspection_cpp.hpp
[55.183s] -- Up-to-date: /home/maizaied03/ros2_ws/install/px4_msgs/include/px4_msgs/px4_msgs/msg/detail/vehicle_optical_flow_vel__rosidl_typesupport_introspection_cpp.hpp
[55.183s] -- Up-to-date: /home/maizaied03/ros2_ws/install/px4_msgs/include/px4_msgs/px4_msgs/msg/detail/pure_pursuit_status__rosidl_typesupport_introspection_cpp.hpp
[55.183s] -- Up-to-date: /home/maizaied03/ros2_ws/install/px4_msgs/include/px4_msgs/px4_msgs/msg/detail/vehicle_torque_setpoint__rosidl_typesupport_introspection_cpp.hpp
[55.183s] -- Up-to-date: /home/maizaied03/ros2_ws/install/px4_msgs/include/px4_msgs/px4_msgs/msg/detail/estimator_innovations__rosidl_typesupport_introspection_cpp.hpp
[55.183s] -- Up-to-date: /home/maizaied03/ros2_ws/install/px4_msgs/include/px4_msgs/px4_msgs/msg/detail/fixed_wing_longitudinal_setpoint__rosidl_typesupport_introspection_cpp.hpp
[55.183s] -- Up-to-date: /home/maizaied03/ros2_ws/install/px4_msgs/include/px4_msgs/px4_msgs/msg/detail/gain_compression__rosidl_typesupport_introspection_cpp.hpp
[55.183s] -- Up-to-date: /home/maizaied03/ros2_ws/install/px4_msgs/include/px4_msgs/px4_msgs/msg/detail/airspeed__rosidl_typesupport_introspection_cpp.hpp
[55.183s] -- Up-to-date: /home/maizaied03/ros2_ws/install/px4_msgs/include/px4_msgs/px4_msgs/msg/detail/sensor_selection__type_support.cpp
[55.183s] -- Up-to-date: /home/maizaied03/ros2_ws/install/px4_msgs/include/px4_msgs/px4_msgs/msg/detail/camera_status__type_support.cpp
[55.183s] -- Up-to-date: /home/maizaied03/ros2_ws/install/px4_msgs/include/px4_msgs/px4_msgs/msg/detail/position_controller_landing_status__type_support.cpp
[55.183s] -- Up-to-date: /home/maizaied03/ros2_ws/install/px4_msgs/include/px4_msgs/px4_msgs/msg/detail/fuel_tank_status__type_support.cpp
[55.183s] -- Up-to-date: /home/maizaied03/ros2_ws/install/px4_msgs/include/px4_msgs/px4_msgs/msg/detail/geofence_result__rosidl_typesupport_introspection_cpp.hpp
[55.183s] -- Up-to-date: /home/maizaied03/ros2_ws/install/px4_msgs/include/px4_msgs/px4_msgs/msg/detail/fixed_wing_lateral_guidance_status__rosidl_typesupport_introspection_cpp.hpp
[55.183s] -- Up-to-date: /home/maizaied03/ros2_ws/install/px4_msgs/include/px4_msgs/px4_msgs/msg/detail/vehicle_imu__rosidl_typesupport_introspection_cpp.hpp
[55.183s] -- Up-to-date: /home/maizaied03/ros2_ws/install/px4_msgs/include/px4_msgs/px4_msgs/msg/detail/vehicle_command__type_support.cpp
[55.184s] -- Up-to-date: /home/maizaied03/ros2_ws/install/px4_msgs/include/px4_msgs/px4_msgs/msg/detail/airspeed_validated__type_support.cpp
[55.184s] -- Up-to-date: /home/maizaied03/ros2_ws/install/px4_msgs/include/px4_msgs/px4_msgs/msg/detail/gpio_request__type_support.cpp
[55.184s] -- Up-to-date: /home/maizaied03/ros2_ws/install/px4_msgs/include/px4_msgs/px4_msgs/msg/detail/sensor_mag__rosidl_typesupport_introspection_cpp.hpp
[55.184s] -- Up-to-date: /home/maizaied03/ros2_ws/install/px4_msgs/include/px4_msgs/px4_msgs/msg/detail/debug_vect__rosidl_typesupport_introspection_cpp.hpp
[55.184s] -- Up-to-date: /home/maizaied03/ros2_ws/install/px4_msgs/include/px4_msgs/px4_msgs/msg/detail/gpio_out__rosidl_typesupport_introspection_cpp.hpp
[55.184s] -- Up-to-date: /home/maizaied03/ros2_ws/install/px4_msgs/include/px4_msgs/px4_msgs/msg/detail/internal_combustion_engine_control__rosidl_typesupport_introspection_cpp.hpp
[55.184s] -- Up-to-date: /home/maizaied03/ros2_ws/install/px4_msgs/include/px4_msgs/px4_msgs/msg/detail/vehicle_status__type_support.cpp
[55.184s] -- Up-to-date: /home/maizaied03/ros2_ws/install/px4_msgs/include/px4_msgs/px4_msgs/msg/detail/gpio_config__rosidl_typesupport_introspection_cpp.hpp
[55.184s] -- Up-to-date: /home/maizaied03/ros2_ws/install/px4_msgs/include/px4_msgs/px4_msgs/msg/detail/estimator_states__type_support.cpp
[55.184s] -- Up-to-date: /home/maizaied03/ros2_ws/install/px4_msgs/include/px4_msgs/px4_msgs/msg/detail/tune_control__rosidl_typesupport_introspection_cpp.hpp
[55.184s] -- Up-to-date: /home/maizaied03/ros2_ws/install/px4_msgs/include/px4_msgs/px4_msgs/msg/detail/vehicle_imu_status__type_support.cpp
[55.184s] -- Up-to-date: /home/maizaied03/ros2_ws/install/px4_msgs/include/px4_msgs/px4_msgs/msg/detail/vehicle_local_position__rosidl_typesupport_introspection_cpp.hpp
[55.184s] -- Up-to-date: /home/maizaied03/ros2_ws/install/px4_msgs/include/px4_msgs/px4_msgs/msg/detail/gimbal_device_attitude_status__rosidl_typesupport_introspection_cpp.hpp
[55.184s] -- Up-to-date: /home/maizaied03/ros2_ws/install/px4_msgs/include/px4_msgs/px4_msgs/msg/detail/takeoff_status__rosidl_typesupport_introspection_cpp.hpp
[55.184s] -- Up-to-date: /home/maizaied03/ros2_ws/install/px4_msgs/include/px4_msgs/px4_msgs/msg/detail/camera_trigger__rosidl_typesupport_introspection_cpp.hpp
[55.184s] -- Up-to-date: /home/maizaied03/ros2_ws/install/px4_msgs/include/px4_msgs/px4_msgs/msg/detail/action_request__type_support.cpp
[55.184s] -- Up-to-date: /home/maizaied03/ros2_ws/install/px4_msgs/include/px4_msgs/px4_msgs/msg/detail/parameter_set_value_request__type_support.cpp
[55.184s] -- Up-to-date: /home/maizaied03/ros2_ws/install/px4_msgs/include/px4_msgs/px4_msgs/msg/detail/rtl_time_estimate__rosidl_typesupport_introspection_cpp.hpp
[55.184s] -- Up-to-date: /home/maizaied03/ros2_ws/install/px4_msgs/include/px4_msgs/px4_msgs/msg/detail/satellite_info__type_support.cpp
[55.184s] -- Up-to-date: /home/maizaied03/ros2_ws/install/px4_msgs/include/px4_msgs/px4_msgs/msg/detail/transponder_report__rosidl_typesupport_introspection_cpp.hpp
[55.184s] -- Up-to-date: /home/maizaied03/ros2_ws/install/px4_msgs/include/px4_msgs/px4_msgs/msg/detail/vtx__type_support.cpp
[55.184s] -- Up-to-date: /home/maizaied03/ros2_ws/install/px4_msgs/include/px4_msgs/px4_msgs/msg/detail/vehicle_angular_acceleration_setpoint__type_support.cpp
[55.184s] -- Up-to-date: /home/maizaied03/ros2_ws/install/px4_msgs/include/px4_msgs/px4_msgs/msg/detail/landing_gear__type_support.cpp
[55.184s] -- Up-to-date: /home/maizaied03/ros2_ws/install/px4_msgs/include/px4_msgs/px4_msgs/msg/detail/actuator_servos__type_support.cpp
[55.184s] -- Up-to-date: /home/maizaied03/ros2_ws/install/px4_msgs/include/px4_msgs/px4_msgs/msg/detail/sensor_preflight_mag__rosidl_typesupport_introspection_cpp.hpp
[55.184s] -- Up-to-date: /home/maizaied03/ros2_ws/install/px4_msgs/include/px4_msgs/px4_msgs/msg/detail/debug_value__type_support.cpp
[55.184s] -- Up-to-date: /home/maizaied03/ros2_ws/install/px4_msgs/include/px4_msgs/px4_msgs/msg/detail/power_monitor__rosidl_typesupport_introspection_cpp.hpp
[55.184s] -- Up-to-date: /home/maizaied03/ros2_ws/install/px4_msgs/include/px4_msgs/px4_msgs/msg/detail/open_drone_id_self_id__type_support.cpp
[55.184s] -- Up-to-date: /home/maizaied03/ros2_ws/install/px4_msgs/include/px4_msgs/px4_msgs/msg/detail/unregister_ext_component__type_support.cpp
[55.184s] -- Up-to-date: /home/maizaied03/ros2_ws/install/px4_msgs/include/px4_msgs/px4_msgs/msg/detail/sensor_temp__rosidl_typesupport_introspection_cpp.hpp
[55.184s] -- Up-to-date: /home/maizaied03/ros2_ws/install/px4_msgs/include/px4_msgs/px4_msgs/msg/detail/rover_attitude_setpoint__type_support.cpp
[55.185s] -- Up-to-date: /home/maizaied03/ros2_ws/install/px4_msgs/include/px4_msgs/px4_msgs/msg/detail/position_controller_landing_status__rosidl_typesupport_introspection_cpp.hpp
[55.185s] -- Up-to-date: /home/maizaied03/ros2_ws/install/px4_msgs/include/px4_msgs/px4_msgs/msg/detail/dronecan_node_status__rosidl_typesupport_introspection_cpp.hpp
[55.185s] -- Up-to-date: /home/maizaied03/ros2_ws/install/px4_msgs/include/px4_msgs/px4_msgs/msg/detail/goto_setpoint__type_support.cpp
[55.185s] -- Up-to-date: /home/maizaied03/ros2_ws/install/px4_msgs/include/px4_msgs/px4_msgs/msg/detail/system_power__rosidl_typesupport_introspection_cpp.hpp
[55.185s] -- Up-to-date: /home/maizaied03/ros2_ws/install/px4_msgs/include/px4_msgs/px4_msgs/msg/detail/parameter_update__rosidl_typesupport_introspection_cpp.hpp
[55.185s] -- Up-to-date: /home/maizaied03/ros2_ws/install/px4_msgs/include/px4_msgs/px4_msgs/msg/detail/esc_status__rosidl_typesupport_introspection_cpp.hpp
[55.185s] -- Up-to-date: /home/maizaied03/ros2_ws/install/px4_msgs/include/px4_msgs/px4_msgs/msg/detail/rover_rate_status__rosidl_typesupport_introspection_cpp.hpp
[55.185s] -- Up-to-date: /home/maizaied03/ros2_ws/install/px4_msgs/include/px4_msgs/px4_msgs/msg/detail/internal_combustion_engine_status__rosidl_typesupport_introspection_cpp.hpp
[55.185s] -- Up-to-date: /home/maizaied03/ros2_ws/install/px4_msgs/include/px4_msgs/px4_msgs/msg/detail/button_event__rosidl_typesupport_introspection_cpp.hpp
[55.185s] -- Up-to-date: /home/maizaied03/ros2_ws/install/px4_msgs/include/px4_msgs/px4_msgs/msg/detail/vehicle_land_detected__type_support.cpp
[55.185s] -- Up-to-date: /home/maizaied03/ros2_ws/install/px4_msgs/include/px4_msgs/px4_msgs/msg/detail/trajectory_setpoint__type_support.cpp
[55.185s] -- Up-to-date: /home/maizaied03/ros2_ws/install/px4_msgs/include/px4_msgs/px4_msgs/msg/detail/vehicle_optical_flow_vel__type_support.cpp
[55.185s] -- Up-to-date: /home/maizaied03/ros2_ws/install/px4_msgs/include/px4_msgs/px4_msgs/msg/detail/log_message__type_support.cpp
[55.185s] -- Up-to-date: /home/maizaied03/ros2_ws/install/px4_msgs/include/px4_msgs/px4_msgs/msg/detail/battery_info__type_support.cpp
[55.185s] -- Up-to-date: /home/maizaied03/ros2_ws/install/px4_msgs/include/px4_msgs/px4_msgs/msg/detail/airspeed_validated__rosidl_typesupport_introspection_cpp.hpp
[55.185s] -- Up-to-date: /home/maizaied03/ros2_ws/install/px4_msgs/include/px4_msgs/px4_msgs/msg/detail/uavcan_parameter_request__rosidl_typesupport_introspection_cpp.hpp
[55.185s] -- Up-to-date: /home/maizaied03/ros2_ws/install/px4_msgs/include/px4_msgs/px4_msgs/msg/detail/longitudinal_control_configuration__rosidl_typesupport_introspection_cpp.hpp
[55.185s] -- Up-to-date: /home/maizaied03/ros2_ws/install/px4_msgs/include/px4_msgs/px4_msgs/srv
[55.185s] -- Up-to-date: /home/maizaied03/ros2_ws/install/px4_msgs/include/px4_msgs/px4_msgs/srv/detail
[55.185s] -- Up-to-date: /home/maizaied03/ros2_ws/install/px4_msgs/include/px4_msgs/px4_msgs/srv/detail/vehicle_command__rosidl_typesupport_introspection_cpp.hpp
[55.185s] -- Up-to-date: /home/maizaied03/ros2_ws/install/px4_msgs/include/px4_msgs/px4_msgs/srv/detail/vehicle_command__type_support.cpp
[55.185s] -- Installing: /home/maizaied03/ros2_ws/install/px4_msgs/lib/libpx4_msgs__rosidl_typesupport_introspection_cpp.so
[55.185s] -- Set runtime path of "/home/maizaied03/ros2_ws/install/px4_msgs/lib/libpx4_msgs__rosidl_typesupport_introspection_cpp.so" to ""
[55.185s] -- Installing: /home/maizaied03/ros2_ws/install/px4_msgs/lib/libpx4_msgs__rosidl_typesupport_cpp.so
[55.185s] -- Set runtime path of "/home/maizaied03/ros2_ws/install/px4_msgs/lib/libpx4_msgs__rosidl_typesupport_cpp.so" to ""
[55.185s] -- Up-to-date: /home/maizaied03/ros2_ws/install/px4_msgs/share/px4_msgs/environment/pythonpath.sh
[55.185s] -- Up-to-date: /home/maizaied03/ros2_ws/install/px4_msgs/share/px4_msgs/environment/pythonpath.dsv
[55.185s] -- Up-to-date: /home/maizaied03/ros2_ws/install/px4_msgs/local/lib/python3.10/dist-packages/px4_msgs-2.0.1-py3.10.egg-info
[55.185s] -- Installing: /home/maizaied03/ros2_ws/install/px4_msgs/local/lib/python3.10/dist-packages/px4_msgs-2.0.1-py3.10.egg-info/SOURCES.txt
[55.185s] -- Installing: /home/maizaied03/ros2_ws/install/px4_msgs/local/lib/python3.10/dist-packages/px4_msgs-2.0.1-py3.10.egg-info/top_level.txt
[55.186s] -- Installing: /home/maizaied03/ros2_ws/install/px4_msgs/local/lib/python3.10/dist-packages/px4_msgs-2.0.1-py3.10.egg-info/dependency_links.txt
[55.186s] -- Installing: /home/maizaied03/ros2_ws/install/px4_msgs/local/lib/python3.10/dist-packages/px4_msgs-2.0.1-py3.10.egg-info/PKG-INFO
[55.186s] -- Up-to-date: /home/maizaied03/ros2_ws/install/px4_msgs/local/lib/python3.10/dist-packages/px4_msgs
[55.186s] -- Up-to-date: /home/maizaied03/ros2_ws/install/px4_msgs/local/lib/python3.10/dist-packages/px4_msgs/px4_msgs_s__rosidl_typesupport_c.cpython-310-x86_64-linux-gnu.so
[55.186s] -- Installing: /home/maizaied03/ros2_ws/install/px4_msgs/local/lib/python3.10/dist-packages/px4_msgs/px4_msgs_s__rosidl_typesupport_fastrtps_c.cpython-310-x86_64-linux-gnu.so
[55.186s] -- Up-to-date: /home/maizaied03/ros2_ws/install/px4_msgs/local/lib/python3.10/dist-packages/px4_msgs/px4_msgs_s__rosidl_typesupport_introspection_c.cpython-310-x86_64-linux-gnu.so
[55.186s] -- Up-to-date: /home/maizaied03/ros2_ws/install/px4_msgs/local/lib/python3.10/dist-packages/px4_msgs/_px4_msgs_s.ep.rosidl_typesupport_introspection_c.c
[55.186s] -- Up-to-date: /home/maizaied03/ros2_ws/install/px4_msgs/local/lib/python3.10/dist-packages/px4_msgs/libpx4_msgs__rosidl_generator_py.so
[55.186s] -- Up-to-date: /home/maizaied03/ros2_ws/install/px4_msgs/local/lib/python3.10/dist-packages/px4_msgs/_px4_msgs_s.ep.rosidl_typesupport_c.c
[55.186s] -- Up-to-date: /home/maizaied03/ros2_ws/install/px4_msgs/local/lib/python3.10/dist-packages/px4_msgs/__init__.py
[55.186s] -- Up-to-date: /home/maizaied03/ros2_ws/install/px4_msgs/local/lib/python3.10/dist-packages/px4_msgs/msg
[55.186s] -- Up-to-date: /home/maizaied03/ros2_ws/install/px4_msgs/local/lib/python3.10/dist-packages/px4_msgs/msg/_sensor_airflow.py
[55.186s] -- Up-to-date: /home/maizaied03/ros2_ws/install/px4_msgs/local/lib/python3.10/dist-packages/px4_msgs/msg/_system_power_s.c
[55.186s] -- Up-to-date: /home/maizaied03/ros2_ws/install/px4_msgs/local/lib/python3.10/dist-packages/px4_msgs/msg/_sensor_correction.py
[55.186s] -- Up-to-date: /home/maizaied03/ros2_ws/install/px4_msgs/local/lib/python3.10/dist-packages/px4_msgs/msg/_gimbal_manager_information_s.c
[55.186s] -- Up-to-date: /home/maizaied03/ros2_ws/install/px4_msgs/local/lib/python3.10/dist-packages/px4_msgs/msg/_gimbal_device_set_attitude.py
[55.186s] -- Up-to-date: /home/maizaied03/ros2_ws/install/px4_msgs/local/lib/python3.10/dist-packages/px4_msgs/msg/_sensor_gps_s.c
[55.186s] -- Up-to-date: /home/maizaied03/ros2_ws/install/px4_msgs/local/lib/python3.10/dist-packages/px4_msgs/msg/_gimbal_device_attitude_status_s.c
[55.186s] -- Up-to-date: /home/maizaied03/ros2_ws/install/px4_msgs/local/lib/python3.10/dist-packages/px4_msgs/msg/_position_setpoint_triplet_s.c
[55.186s] -- Up-to-date: /home/maizaied03/ros2_ws/install/px4_msgs/local/lib/python3.10/dist-packages/px4_msgs/msg/_camera_capture_s.c
[55.186s] -- Up-to-date: /home/maizaied03/ros2_ws/install/px4_msgs/local/lib/python3.10/dist-packages/px4_msgs/msg/_sensor_gyro_fifo_s.c
[55.186s] -- Up-to-date: /home/maizaied03/ros2_ws/install/px4_msgs/local/lib/python3.10/dist-packages/px4_msgs/msg/_gpio_config_s.c
[55.186s] -- Up-to-date: /home/maizaied03/ros2_ws/install/px4_msgs/local/lib/python3.10/dist-packages/px4_msgs/msg/_rpm.py
[55.186s] -- Up-to-date: /home/maizaied03/ros2_ws/install/px4_msgs/local/lib/python3.10/dist-packages/px4_msgs/msg/_mission_result.py
[55.186s] -- Up-to-date: /home/maizaied03/ros2_ws/install/px4_msgs/local/lib/python3.10/dist-packages/px4_msgs/msg/_vehicle_status.py
[55.186s] -- Up-to-date: /home/maizaied03/ros2_ws/install/px4_msgs/local/lib/python3.10/dist-packages/px4_msgs/msg/_vehicle_attitude.py
[55.186s] -- Up-to-date: /home/maizaied03/ros2_ws/install/px4_msgs/local/lib/python3.10/dist-packages/px4_msgs/msg/_vehicle_attitude_s.c
[55.186s] -- Up-to-date: /home/maizaied03/ros2_ws/install/px4_msgs/local/lib/python3.10/dist-packages/px4_msgs/msg/_estimator_event_flags_s.c
[55.186s] -- Up-to-date: /home/maizaied03/ros2_ws/install/px4_msgs/local/lib/python3.10/dist-packages/px4_msgs/msg/_vehicle_magnetometer.py
[55.186s] -- Up-to-date: /home/maizaied03/ros2_ws/install/px4_msgs/local/lib/python3.10/dist-packages/px4_msgs/msg/_rtl_time_estimate_s.c
[55.186s] -- Up-to-date: /home/maizaied03/ros2_ws/install/px4_msgs/local/lib/python3.10/dist-packages/px4_msgs/msg/_sensor_gps.py
[55.187s] -- Up-to-date: /home/maizaied03/ros2_ws/install/px4_msgs/local/lib/python3.10/dist-packages/px4_msgs/msg/_sensor_mag_s.c
[55.187s] -- Up-to-date: /home/maizaied03/ros2_ws/install/px4_msgs/local/lib/python3.10/dist-packages/px4_msgs/msg/_follow_target_estimator.py
[55.187s] -- Up-to-date: /home/maizaied03/ros2_ws/install/px4_msgs/local/lib/python3.10/dist-packages/px4_msgs/msg/_vehicle_air_data.py
[55.187s] -- Up-to-date: /home/maizaied03/ros2_ws/install/px4_msgs/local/lib/python3.10/dist-packages/px4_msgs/msg/_magnetometer_bias_estimate_s.c
[55.187s] -- Up-to-date: /home/maizaied03/ros2_ws/install/px4_msgs/local/lib/python3.10/dist-packages/px4_msgs/msg/_vehicle_command_ack.py
[55.187s] -- Up-to-date: /home/maizaied03/ros2_ws/install/px4_msgs/local/lib/python3.10/dist-packages/px4_msgs/msg/_autotune_attitude_control_status_s.c
[55.187s] -- Up-to-date: /home/maizaied03/ros2_ws/install/px4_msgs/local/lib/python3.10/dist-packages/px4_msgs/msg/_estimator_aid_source2d.py
[55.187s] -- Up-to-date: /home/maizaied03/ros2_ws/install/px4_msgs/local/lib/python3.10/dist-packages/px4_msgs/msg/_trajectory_setpoint6dof.py
[55.187s] -- Up-to-date: /home/maizaied03/ros2_ws/install/px4_msgs/local/lib/python3.10/dist-packages/px4_msgs/msg/_sensor_gyro_fft.py
[55.187s] -- Up-to-date: /home/maizaied03/ros2_ws/install/px4_msgs/local/lib/python3.10/dist-packages/px4_msgs/msg/_orb_test_s.c
[55.187s] -- Up-to-date: /home/maizaied03/ros2_ws/install/px4_msgs/local/lib/python3.10/dist-packages/px4_msgs/msg/_gimbal_device_attitude_status.py
[55.187s] -- Up-to-date: /home/maizaied03/ros2_ws/install/px4_msgs/local/lib/python3.10/dist-packages/px4_msgs/msg/_follow_target_status.py
[55.187s] -- Up-to-date: /home/maizaied03/ros2_ws/install/px4_msgs/local/lib/python3.10/dist-packages/px4_msgs/msg/_pps_capture_s.c
[55.187s] -- Up-to-date: /home/maizaied03/ros2_ws/install/px4_msgs/local/lib/python3.10/dist-packages/px4_msgs/msg/_led_control_s.c
[55.187s] -- Up-to-date: /home/maizaied03/ros2_ws/install/px4_msgs/local/lib/python3.10/dist-packages/px4_msgs/msg/_gpio_config.py
[55.187s] -- Up-to-date: /home/maizaied03/ros2_ws/install/px4_msgs/local/lib/python3.10/dist-packages/px4_msgs/msg/_vehicle_global_position.py
[55.187s] -- Up-to-date: /home/maizaied03/ros2_ws/install/px4_msgs/local/lib/python3.10/dist-packages/px4_msgs/msg/_logger_status.py
[55.187s] -- Up-to-date: /home/maizaied03/ros2_ws/install/px4_msgs/local/lib/python3.10/dist-packages/px4_msgs/msg/_generator_status_s.c
[55.187s] -- Up-to-date: /home/maizaied03/ros2_ws/install/px4_msgs/local/lib/python3.10/dist-packages/px4_msgs/msg/_can_interface_status.py
[55.187s] -- Up-to-date: /home/maizaied03/ros2_ws/install/px4_msgs/local/lib/python3.10/dist-packages/px4_msgs/msg/_gpio_out_s.c
[55.187s] -- Up-to-date: /home/maizaied03/ros2_ws/install/px4_msgs/local/lib/python3.10/dist-packages/px4_msgs/msg/_power_button_state_s.c
[55.187s] -- Up-to-date: /home/maizaied03/ros2_ws/install/px4_msgs/local/lib/python3.10/dist-packages/px4_msgs/msg/_manual_control_setpoint_s.c
[55.187s] -- Up-to-date: /home/maizaied03/ros2_ws/install/px4_msgs/local/lib/python3.10/dist-packages/px4_msgs/msg/_task_stack_info_s.c
[55.187s] -- Up-to-date: /home/maizaied03/ros2_ws/install/px4_msgs/local/lib/python3.10/dist-packages/px4_msgs/msg/_sensor_selection_s.c
[55.187s] -- Up-to-date: /home/maizaied03/ros2_ws/install/px4_msgs/local/lib/python3.10/dist-packages/px4_msgs/msg/_internal_combustion_engine_control_s.c
[55.187s] -- Up-to-date: /home/maizaied03/ros2_ws/install/px4_msgs/local/lib/python3.10/dist-packages/px4_msgs/msg/_gpio_request.py
[55.187s] -- Up-to-date: /home/maizaied03/ros2_ws/install/px4_msgs/local/lib/python3.10/dist-packages/px4_msgs/msg/_tiltrotor_extra_controls.py
[55.187s] -- Up-to-date: /home/maizaied03/ros2_ws/install/px4_msgs/local/lib/python3.10/dist-packages/px4_msgs/msg/_obstacle_distance_s.c
[55.187s] -- Up-to-date: /home/maizaied03/ros2_ws/install/px4_msgs/local/lib/python3.10/dist-packages/px4_msgs/msg/_telemetry_status.py
[55.187s] -- Up-to-date: /home/maizaied03/ros2_ws/install/px4_msgs/local/lib/python3.10/dist-packages/px4_msgs/msg/_vehicle_thrust_setpoint.py
[55.188s] -- Up-to-date: /home/maizaied03/ros2_ws/install/px4_msgs/local/lib/python3.10/dist-packages/px4_msgs/msg/_estimator_aid_source1d_s.c
[55.188s] -- Up-to-date: /home/maizaied03/ros2_ws/install/px4_msgs/local/lib/python3.10/dist-packages/px4_msgs/msg/_landing_gear_wheel.py
[55.188s] -- Up-to-date: /home/maizaied03/ros2_ws/install/px4_msgs/local/lib/python3.10/dist-packages/px4_msgs/msg/_offboard_control_mode_s.c
[55.188s] -- Up-to-date: /home/maizaied03/ros2_ws/install/px4_msgs/local/lib/python3.10/dist-packages/px4_msgs/msg/_can_interface_status_s.c
[55.188s] -- Up-to-date: /home/maizaied03/ros2_ws/install/px4_msgs/local/lib/python3.10/dist-packages/px4_msgs/msg/_rate_ctrl_status.py
[55.188s] -- Up-to-date: /home/maizaied03/ros2_ws/install/px4_msgs/local/lib/python3.10/dist-packages/px4_msgs/msg/_arming_check_reply.py
[55.188s] -- Up-to-date: /home/maizaied03/ros2_ws/install/px4_msgs/local/lib/python3.10/dist-packages/px4_msgs/msg/_dataman_request.py
[55.188s] -- Up-to-date: /home/maizaied03/ros2_ws/install/px4_msgs/local/lib/python3.10/dist-packages/px4_msgs/msg/_iridiumsbd_status.py
[55.188s] -- Up-to-date: /home/maizaied03/ros2_ws/install/px4_msgs/local/lib/python3.10/dist-packages/px4_msgs/msg/_mission_s.c
[55.188s] -- Up-to-date: /home/maizaied03/ros2_ws/install/px4_msgs/local/lib/python3.10/dist-packages/px4_msgs/msg/_navigator_status_s.c
[55.188s] -- Up-to-date: /home/maizaied03/ros2_ws/install/px4_msgs/local/lib/python3.10/dist-packages/px4_msgs/msg/_cpuload.py
[55.188s] -- Up-to-date: /home/maizaied03/ros2_ws/install/px4_msgs/local/lib/python3.10/dist-packages/px4_msgs/msg/_battery_status.py
[55.188s] -- Up-to-date: /home/maizaied03/ros2_ws/install/px4_msgs/local/lib/python3.10/dist-packages/px4_msgs/msg/_ulog_stream_s.c
[55.188s] -- Up-to-date: /home/maizaied03/ros2_ws/install/px4_msgs/local/lib/python3.10/dist-packages/px4_msgs/msg/_distance_sensor_mode_change_request.py
[55.188s] -- Up-to-date: /home/maizaied03/ros2_ws/install/px4_msgs/local/lib/python3.10/dist-packages/px4_msgs/msg/_orbit_status_s.c
[55.188s] -- Up-to-date: /home/maizaied03/ros2_ws/install/px4_msgs/local/lib/python3.10/dist-packages/px4_msgs/msg/_sensor_accel.py
[55.188s] -- Up-to-date: /home/maizaied03/ros2_ws/install/px4_msgs/local/lib/python3.10/dist-packages/px4_msgs/msg/_vehicle_control_mode_s.c
[55.188s] -- Up-to-date: /home/maizaied03/ros2_ws/install/px4_msgs/local/lib/python3.10/dist-packages/px4_msgs/msg/_estimator_aid_source1d.py
[55.188s] -- Up-to-date: /home/maizaied03/ros2_ws/install/px4_msgs/local/lib/python3.10/dist-packages/px4_msgs/msg/_sensor_accel_fifo.py
[55.188s] -- Up-to-date: /home/maizaied03/ros2_ws/install/px4_msgs/local/lib/python3.10/dist-packages/px4_msgs/msg/_orb_test_medium_s.c
[55.188s] -- Up-to-date: /home/maizaied03/ros2_ws/install/px4_msgs/local/lib/python3.10/dist-packages/px4_msgs/msg/_control_allocator_status.py
[55.188s] -- Up-to-date: /home/maizaied03/ros2_ws/install/px4_msgs/local/lib/python3.10/dist-packages/px4_msgs/msg/_airspeed_validated_s.c
[55.188s] -- Up-to-date: /home/maizaied03/ros2_ws/install/px4_msgs/local/lib/python3.10/dist-packages/px4_msgs/msg/_px4io_status.py
[55.188s] -- Up-to-date: /home/maizaied03/ros2_ws/install/px4_msgs/local/lib/python3.10/dist-packages/px4_msgs/msg/_gimbal_device_set_attitude_s.c
[55.188s] -- Up-to-date: /home/maizaied03/ros2_ws/install/px4_msgs/local/lib/python3.10/dist-packages/px4_msgs/msg/_config_overrides_s.c
[55.188s] -- Up-to-date: /home/maizaied03/ros2_ws/install/px4_msgs/local/lib/python3.10/dist-packages/px4_msgs/msg/_sensor_hygrometer.py
[55.188s] -- Up-to-date: /home/maizaied03/ros2_ws/install/px4_msgs/local/lib/python3.10/dist-packages/px4_msgs/msg/_estimator_status.py
[55.188s] -- Up-to-date: /home/maizaied03/ros2_ws/install/px4_msgs/local/lib/python3.10/dist-packages/px4_msgs/msg/_sensor_gnss_relative.py
[55.188s] -- Up-to-date: /home/maizaied03/ros2_ws/install/px4_msgs/local/lib/python3.10/dist-packages/px4_msgs/msg/_wind_s.c
[55.188s] -- Up-to-date: /home/maizaied03/ros2_ws/install/px4_msgs/local/lib/python3.10/dist-packages/px4_msgs/msg/_hover_thrust_estimate_s.c
[55.188s] -- Up-to-date: /home/maizaied03/ros2_ws/install/px4_msgs/local/lib/python3.10/dist-packages/px4_msgs/msg/_rpm_s.c
[55.189s] -- Up-to-date: /home/maizaied03/ros2_ws/install/px4_msgs/local/lib/python3.10/dist-packages/px4_msgs/msg/_vehicle_imu_status_s.c
[55.189s] -- Up-to-date: /home/maizaied03/ros2_ws/install/px4_msgs/local/lib/python3.10/dist-packages/px4_msgs/msg/_device_information_s.c
[55.189s] -- Up-to-date: /home/maizaied03/ros2_ws/install/px4_msgs/local/lib/python3.10/dist-packages/px4_msgs/msg/_rover_rate_status_s.c
[55.189s] -- Up-to-date: /home/maizaied03/ros2_ws/install/px4_msgs/local/lib/python3.10/dist-packages/px4_msgs/msg/_rate_ctrl_status_s.c
[55.189s] -- Up-to-date: /home/maizaied03/ros2_ws/install/px4_msgs/local/lib/python3.10/dist-packages/px4_msgs/msg/_fixed_wing_lateral_status_s.c
[55.189s] -- Up-to-date: /home/maizaied03/ros2_ws/install/px4_msgs/local/lib/python3.10/dist-packages/px4_msgs/msg/_tune_control_s.c
[55.189s] -- Up-to-date: /home/maizaied03/ros2_ws/install/px4_msgs/local/lib/python3.10/dist-packages/px4_msgs/msg/_sensor_gnss_relative_s.c
[55.189s] -- Up-to-date: /home/maizaied03/ros2_ws/install/px4_msgs/local/lib/python3.10/dist-packages/px4_msgs/msg/_sensor_uwb_s.c
[55.189s] -- Up-to-date: /home/maizaied03/ros2_ws/install/px4_msgs/local/lib/python3.10/dist-packages/px4_msgs/msg/_sensor_combined.py
[55.189s] -- Up-to-date: /home/maizaied03/ros2_ws/install/px4_msgs/local/lib/python3.10/dist-packages/px4_msgs/msg/_gimbal_device_information_s.c
[55.189s] -- Up-to-date: /home/maizaied03/ros2_ws/install/px4_msgs/local/lib/python3.10/dist-packages/px4_msgs/msg/_takeoff_status.py
[55.189s] -- Up-to-date: /home/maizaied03/ros2_ws/install/px4_msgs/local/lib/python3.10/dist-packages/px4_msgs/msg/_debug_key_value_s.c
[55.189s] -- Up-to-date: /home/maizaied03/ros2_ws/install/px4_msgs/local/lib/python3.10/dist-packages/px4_msgs/msg/_longitudinal_control_configuration.py
[55.189s] -- Up-to-date: /home/maizaied03/ros2_ws/install/px4_msgs/local/lib/python3.10/dist-packages/px4_msgs/msg/_airspeed.py
[55.189s] -- Up-to-date: /home/maizaied03/ros2_ws/install/px4_msgs/local/lib/python3.10/dist-packages/px4_msgs/msg/_sensor_correction_s.c
[55.189s] -- Up-to-date: /home/maizaied03/ros2_ws/install/px4_msgs/local/lib/python3.10/dist-packages/px4_msgs/msg/_sensor_optical_flow_s.c
[55.189s] -- Up-to-date: /home/maizaied03/ros2_ws/install/px4_msgs/local/lib/python3.10/dist-packages/px4_msgs/msg/_gps_inject_data.py
[55.189s] -- Up-to-date: /home/maizaied03/ros2_ws/install/px4_msgs/local/lib/python3.10/dist-packages/px4_msgs/msg/_tecs_status.py
[55.189s] -- Up-to-date: /home/maizaied03/ros2_ws/install/px4_msgs/local/lib/python3.10/dist-packages/px4_msgs/msg/_actuator_servos_s.c
[55.189s] -- Up-to-date: /home/maizaied03/ros2_ws/install/px4_msgs/local/lib/python3.10/dist-packages/px4_msgs/msg/_debug_vect_s.c
[55.189s] -- Up-to-date: /home/maizaied03/ros2_ws/install/px4_msgs/local/lib/python3.10/dist-packages/px4_msgs/msg/_vehicle_global_position_s.c
[55.189s] -- Up-to-date: /home/maizaied03/ros2_ws/install/px4_msgs/local/lib/python3.10/dist-packages/px4_msgs/msg/_vehicle_local_position_s.c
[55.189s] -- Up-to-date: /home/maizaied03/ros2_ws/install/px4_msgs/local/lib/python3.10/dist-packages/px4_msgs/msg/_onboard_computer_status_s.c
[55.189s] -- Up-to-date: /home/maizaied03/ros2_ws/install/px4_msgs/local/lib/python3.10/dist-packages/px4_msgs/msg/_debug_value_s.c
[55.189s] -- Up-to-date: /home/maizaied03/ros2_ws/install/px4_msgs/local/lib/python3.10/dist-packages/px4_msgs/msg/_magnetometer_bias_estimate.py
[55.189s] -- Up-to-date: /home/maizaied03/ros2_ws/install/px4_msgs/local/lib/python3.10/dist-packages/px4_msgs/msg/_sensor_baro.py
[55.189s] -- Up-to-date: /home/maizaied03/ros2_ws/install/px4_msgs/local/lib/python3.10/dist-packages/px4_msgs/msg/_actuator_servos_trim.py
[55.189s] -- Up-to-date: /home/maizaied03/ros2_ws/install/px4_msgs/local/lib/python3.10/dist-packages/px4_msgs/msg/_gps_dump_s.c
[55.189s] -- Up-to-date: /home/maizaied03/ros2_ws/install/px4_msgs/local/lib/python3.10/dist-packages/px4_msgs/msg/_telemetry_status_s.c
[55.189s] -- Up-to-date: /home/maizaied03/ros2_ws/install/px4_msgs/local/lib/python3.10/dist-packages/px4_msgs/msg/_actuator_servos.py
[55.189s] -- Up-to-date: /home/maizaied03/ros2_ws/install/px4_msgs/local/lib/python3.10/dist-packages/px4_msgs/msg/_fuel_tank_status.py
[55.190s] -- Up-to-date: /home/maizaied03/ros2_ws/install/px4_msgs/local/lib/python3.10/dist-packages/px4_msgs/msg/_follow_target.py
[55.190s] -- Up-to-date: /home/maizaied03/ros2_ws/install/px4_msgs/local/lib/python3.10/dist-packages/px4_msgs/msg/_rover_attitude_status_s.c
[55.190s] -- Up-to-date: /home/maizaied03/ros2_ws/install/px4_msgs/local/lib/python3.10/dist-packages/px4_msgs/msg/_open_drone_id_self_id_s.c
[55.190s] -- Up-to-date: /home/maizaied03/ros2_ws/install/px4_msgs/local/lib/python3.10/dist-packages/px4_msgs/msg/_gps_inject_data_s.c
[55.190s] -- Up-to-date: /home/maizaied03/ros2_ws/install/px4_msgs/local/lib/python3.10/dist-packages/px4_msgs/msg/_satellite_info.py
[55.190s] -- Up-to-date: /home/maizaied03/ros2_ws/install/px4_msgs/local/lib/python3.10/dist-packages/px4_msgs/msg/_debug_value.py
[55.190s] -- Up-to-date: /home/maizaied03/ros2_ws/install/px4_msgs/local/lib/python3.10/dist-packages/px4_msgs/msg/_vehicle_roi_s.c
[55.190s] -- Up-to-date: /home/maizaied03/ros2_ws/install/px4_msgs/local/lib/python3.10/dist-packages/px4_msgs/msg/_longitudinal_control_configuration_s.c
[55.190s] -- Up-to-date: /home/maizaied03/ros2_ws/install/px4_msgs/local/lib/python3.10/dist-packages/px4_msgs/msg/_gimbal_manager_set_attitude_s.c
[55.190s] -- Up-to-date: /home/maizaied03/ros2_ws/install/px4_msgs/local/lib/python3.10/dist-packages/px4_msgs/msg/_gimbal_manager_set_manual_control.py
[55.190s] -- Up-to-date: /home/maizaied03/ros2_ws/install/px4_msgs/local/lib/python3.10/dist-packages/px4_msgs/msg/_vtx.py
[55.190s] -- Up-to-date: /home/maizaied03/ros2_ws/install/px4_msgs/local/lib/python3.10/dist-packages/px4_msgs/msg/_gimbal_device_information.py
[55.190s] -- Up-to-date: /home/maizaied03/ros2_ws/install/px4_msgs/local/lib/python3.10/dist-packages/px4_msgs/msg/_cpuload_s.c
[55.190s] -- Up-to-date: /home/maizaied03/ros2_ws/install/px4_msgs/local/lib/python3.10/dist-packages/px4_msgs/msg/_differential_pressure.py
[55.190s] -- Up-to-date: /home/maizaied03/ros2_ws/install/px4_msgs/local/lib/python3.10/dist-packages/px4_msgs/msg/_battery_info_s.c
[55.190s] -- Up-to-date: /home/maizaied03/ros2_ws/install/px4_msgs/local/lib/python3.10/dist-packages/px4_msgs/msg/_internal_combustion_engine_control.py
[55.190s] -- Up-to-date: /home/maizaied03/ros2_ws/install/px4_msgs/local/lib/python3.10/dist-packages/px4_msgs/msg/_vehicle_command_s.c
[55.190s] -- Up-to-date: /home/maizaied03/ros2_ws/install/px4_msgs/local/lib/python3.10/dist-packages/px4_msgs/msg/_rover_speed_status.py
[55.190s] -- Up-to-date: /home/maizaied03/ros2_ws/install/px4_msgs/local/lib/python3.10/dist-packages/px4_msgs/msg/_fixed_wing_lateral_guidance_status_s.c
[55.190s] -- Up-to-date: /home/maizaied03/ros2_ws/install/px4_msgs/local/lib/python3.10/dist-packages/px4_msgs/msg/_vehicle_angular_acceleration_setpoint.py
[55.190s] -- Up-to-date: /home/maizaied03/ros2_ws/install/px4_msgs/local/lib/python3.10/dist-packages/px4_msgs/msg/_manual_control_setpoint.py
[55.190s] -- Up-to-date: /home/maizaied03/ros2_ws/install/px4_msgs/local/lib/python3.10/dist-packages/px4_msgs/msg/_follow_target_s.c
[55.190s] -- Up-to-date: /home/maizaied03/ros2_ws/install/px4_msgs/local/lib/python3.10/dist-packages/px4_msgs/msg/_collision_constraints.py
[55.190s] -- Up-to-date: /home/maizaied03/ros2_ws/install/px4_msgs/local/lib/python3.10/dist-packages/px4_msgs/msg/_rover_rate_setpoint_s.c
[55.190s] -- Up-to-date: /home/maizaied03/ros2_ws/install/px4_msgs/local/lib/python3.10/dist-packages/px4_msgs/msg/_figure_eight_status_s.c
[55.190s] -- Up-to-date: /home/maizaied03/ros2_ws/install/px4_msgs/local/lib/python3.10/dist-packages/px4_msgs/msg/_tune_control.py
[55.190s] -- Up-to-date: /home/maizaied03/ros2_ws/install/px4_msgs/local/lib/python3.10/dist-packages/px4_msgs/msg/_parameter_set_value_response.py
[55.190s] -- Up-to-date: /home/maizaied03/ros2_ws/install/px4_msgs/local/lib/python3.10/dist-packages/px4_msgs/msg/_internal_combustion_engine_status.py
[55.190s] -- Up-to-date: /home/maizaied03/ros2_ws/install/px4_msgs/local/lib/python3.10/dist-packages/px4_msgs/msg/_neural_control_s.c
[55.190s] -- Up-to-date: /home/maizaied03/ros2_ws/install/px4_msgs/local/lib/python3.10/dist-packages/px4_msgs/msg/_rover_position_setpoint_s.c
[55.190s] -- Up-to-date: /home/maizaied03/ros2_ws/install/px4_msgs/local/lib/python3.10/dist-packages/px4_msgs/msg/_timesync_status.py
[55.191s] -- Up-to-date: /home/maizaied03/ros2_ws/install/px4_msgs/local/lib/python3.10/dist-packages/px4_msgs/msg/_register_ext_component_reply_s.c
[55.191s] -- Up-to-date: /home/maizaied03/ros2_ws/install/px4_msgs/local/lib/python3.10/dist-packages/px4_msgs/msg/_trajectory_setpoint_s.c
[55.191s] -- Up-to-date: /home/maizaied03/ros2_ws/install/px4_msgs/local/lib/python3.10/dist-packages/px4_msgs/msg/_goto_setpoint_s.c
[55.191s] -- Up-to-date: /home/maizaied03/ros2_ws/install/px4_msgs/local/lib/python3.10/dist-packages/px4_msgs/msg/_uavcan_parameter_value_s.c
[55.191s] -- Up-to-date: /home/maizaied03/ros2_ws/install/px4_msgs/local/lib/python3.10/dist-packages/px4_msgs/msg/_wheel_encoders.py
[55.191s] -- Up-to-date: /home/maizaied03/ros2_ws/install/px4_msgs/local/lib/python3.10/dist-packages/px4_msgs/msg/_sensor_gyro.py
[55.191s] -- Up-to-date: /home/maizaied03/ros2_ws/install/px4_msgs/local/lib/python3.10/dist-packages/px4_msgs/msg/_rover_speed_status_s.c
[55.191s] -- Up-to-date: /home/maizaied03/ros2_ws/install/px4_msgs/local/lib/python3.10/dist-packages/px4_msgs/msg/_action_request.py
[55.191s] -- Up-to-date: /home/maizaied03/ros2_ws/install/px4_msgs/local/lib/python3.10/dist-packages/px4_msgs/msg/_debug_array.py
[55.191s] -- Up-to-date: /home/maizaied03/ros2_ws/install/px4_msgs/local/lib/python3.10/dist-packages/px4_msgs/msg/_estimator_bias3d.py
[55.191s] -- Up-to-date: /home/maizaied03/ros2_ws/install/px4_msgs/local/lib/python3.10/dist-packages/px4_msgs/msg/_goto_setpoint.py
[55.191s] -- Up-to-date: /home/maizaied03/ros2_ws/install/px4_msgs/local/lib/python3.10/dist-packages/px4_msgs/msg/_sensor_gnss_status_s.c
[55.191s] -- Up-to-date: /home/maizaied03/ros2_ws/install/px4_msgs/local/lib/python3.10/dist-packages/px4_msgs/msg/_sensors_status_imu_s.c
[55.191s] -- Up-to-date: /home/maizaied03/ros2_ws/install/px4_msgs/local/lib/python3.10/dist-packages/px4_msgs/msg/_pps_capture.py
[55.191s] -- Up-to-date: /home/maizaied03/ros2_ws/install/px4_msgs/local/lib/python3.10/dist-packages/px4_msgs/msg/_launch_detection_status.py
[55.191s] -- Up-to-date: /home/maizaied03/ros2_ws/install/px4_msgs/local/lib/python3.10/dist-packages/px4_msgs/msg/_open_drone_id_operator_id.py
[55.191s] -- Up-to-date: /home/maizaied03/ros2_ws/install/px4_msgs/local/lib/python3.10/dist-packages/px4_msgs/msg/_parameter_reset_request.py
[55.191s] -- Up-to-date: /home/maizaied03/ros2_ws/install/px4_msgs/local/lib/python3.10/dist-packages/px4_msgs/msg/_failure_detector_status.py
[55.191s] -- Up-to-date: /home/maizaied03/ros2_ws/install/px4_msgs/local/lib/python3.10/dist-packages/px4_msgs/msg/_actuator_motors_s.c
[55.191s] -- Up-to-date: /home/maizaied03/ros2_ws/install/px4_msgs/local/lib/python3.10/dist-packages/px4_msgs/msg/_sensor_accel_fifo_s.c
[55.191s] -- Up-to-date: /home/maizaied03/ros2_ws/install/px4_msgs/local/lib/python3.10/dist-packages/px4_msgs/msg/_position_setpoint_s.c
[55.191s] -- Up-to-date: /home/maizaied03/ros2_ws/install/px4_msgs/local/lib/python3.10/dist-packages/px4_msgs/msg/_sensor_gyro_fifo.py
[55.191s] -- Up-to-date: /home/maizaied03/ros2_ws/install/px4_msgs/local/lib/python3.10/dist-packages/px4_msgs/msg/_vehicle_magnetometer_s.c
[55.191s] -- Up-to-date: /home/maizaied03/ros2_ws/install/px4_msgs/local/lib/python3.10/dist-packages/px4_msgs/msg/_vehicle_optical_flow_s.c
[55.191s] -- Up-to-date: /home/maizaied03/ros2_ws/install/px4_msgs/local/lib/python3.10/dist-packages/px4_msgs/msg/_actuator_outputs.py
[55.191s] -- Up-to-date: /home/maizaied03/ros2_ws/install/px4_msgs/local/lib/python3.10/dist-packages/px4_msgs/msg/_estimator_bias3d_s.c
[55.191s] -- Up-to-date: /home/maizaied03/ros2_ws/install/px4_msgs/local/lib/python3.10/dist-packages/px4_msgs/msg/_open_drone_id_arm_status.py
[55.191s] -- Up-to-date: /home/maizaied03/ros2_ws/install/px4_msgs/local/lib/python3.10/dist-packages/px4_msgs/msg/_position_controller_status_s.c
[55.191s] -- Up-to-date: /home/maizaied03/ros2_ws/install/px4_msgs/local/lib/python3.10/dist-packages/px4_msgs/msg/_trajectory_setpoint.py
[55.191s] -- Up-to-date: /home/maizaied03/ros2_ws/install/px4_msgs/local/lib/python3.10/dist-packages/px4_msgs/msg/_rover_throttle_setpoint.py
[55.191s] -- Up-to-date: /home/maizaied03/ros2_ws/install/px4_msgs/local/lib/python3.10/dist-packages/px4_msgs/msg/_trajectory_setpoint6dof_s.c
[55.192s] -- Up-to-date: /home/maizaied03/ros2_ws/install/px4_msgs/local/lib/python3.10/dist-packages/px4_msgs/msg/_normalized_unsigned_setpoint.py
[55.192s] -- Up-to-date: /home/maizaied03/ros2_ws/install/px4_msgs/local/lib/python3.10/dist-packages/px4_msgs/msg/_vehicle_local_position_setpoint.py
[55.192s] -- Up-to-date: /home/maizaied03/ros2_ws/install/px4_msgs/local/lib/python3.10/dist-packages/px4_msgs/msg/_vehicle_air_data_s.c
[55.192s] -- Up-to-date: /home/maizaied03/ros2_ws/install/px4_msgs/local/lib/python3.10/dist-packages/px4_msgs/msg/_rc_parameter_map_s.c
[55.192s] -- Up-to-date: /home/maizaied03/ros2_ws/install/px4_msgs/local/lib/python3.10/dist-packages/px4_msgs/msg/_message_format_request_s.c
[55.192s] -- Up-to-date: /home/maizaied03/ros2_ws/install/px4_msgs/local/lib/python3.10/dist-packages/px4_msgs/msg/_normalized_unsigned_setpoint_s.c
[55.192s] -- Up-to-date: /home/maizaied03/ros2_ws/install/px4_msgs/local/lib/python3.10/dist-packages/px4_msgs/msg/_failsafe_flags.py
[55.192s] -- Up-to-date: /home/maizaied03/ros2_ws/install/px4_msgs/local/lib/python3.10/dist-packages/px4_msgs/msg/_home_position.py
[55.192s] -- Up-to-date: /home/maizaied03/ros2_ws/install/px4_msgs/local/lib/python3.10/dist-packages/px4_msgs/msg/_task_stack_info.py
[55.192s] -- Up-to-date: /home/maizaied03/ros2_ws/install/px4_msgs/local/lib/python3.10/dist-packages/px4_msgs/msg/_gpio_out.py
[55.192s] -- Up-to-date: /home/maizaied03/ros2_ws/install/px4_msgs/local/lib/python3.10/dist-packages/px4_msgs/msg/_parameter_update.py
[55.192s] -- Up-to-date: /home/maizaied03/ros2_ws/install/px4_msgs/local/lib/python3.10/dist-packages/px4_msgs/msg/_unregister_ext_component.py
[55.192s] -- Up-to-date: /home/maizaied03/ros2_ws/install/px4_msgs/local/lib/python3.10/dist-packages/px4_msgs/msg/_sensor_mag.py
[55.192s] -- Up-to-date: /home/maizaied03/ros2_ws/install/px4_msgs/local/lib/python3.10/dist-packages/px4_msgs/msg/_parameter_set_used_request.py
[55.192s] -- Up-to-date: /home/maizaied03/ros2_ws/install/px4_msgs/local/lib/python3.10/dist-packages/px4_msgs/msg/_gain_compression_s.c
[55.192s] -- Up-to-date: /home/maizaied03/ros2_ws/install/px4_msgs/local/lib/python3.10/dist-packages/px4_msgs/msg/_sensor_gnss_status.py
[55.192s] -- Up-to-date: /home/maizaied03/ros2_ws/install/px4_msgs/local/lib/python3.10/dist-packages/px4_msgs/msg/_rover_throttle_setpoint_s.c
[55.192s] -- Up-to-date: /home/maizaied03/ros2_ws/install/px4_msgs/local/lib/python3.10/dist-packages/px4_msgs/msg/_vehicle_odometry.py
[55.192s] -- Up-to-date: /home/maizaied03/ros2_ws/install/px4_msgs/local/lib/python3.10/dist-packages/px4_msgs/msg/_camera_capture.py
[55.192s] -- Up-to-date: /home/maizaied03/ros2_ws/install/px4_msgs/local/lib/python3.10/dist-packages/px4_msgs/msg/_offboard_control_mode.py
[55.192s] -- Up-to-date: /home/maizaied03/ros2_ws/install/px4_msgs/local/lib/python3.10/dist-packages/px4_msgs/msg/_velocity_limits_s.c
[55.192s] -- Up-to-date: /home/maizaied03/ros2_ws/install/px4_msgs/local/lib/python3.10/dist-packages/px4_msgs/msg/_cellular_status_s.c
[55.192s] -- Up-to-date: /home/maizaied03/ros2_ws/install/px4_msgs/local/lib/python3.10/dist-packages/px4_msgs/msg/_sensor_airflow_s.c
[55.192s] -- Up-to-date: /home/maizaied03/ros2_ws/install/px4_msgs/local/lib/python3.10/dist-packages/px4_msgs/msg/_vehicle_local_position.py
[55.192s] -- Up-to-date: /home/maizaied03/ros2_ws/install/px4_msgs/local/lib/python3.10/dist-packages/px4_msgs/msg/_position_controller_status.py
[55.192s] -- Up-to-date: /home/maizaied03/ros2_ws/install/px4_msgs/local/lib/python3.10/dist-packages/px4_msgs/msg/_open_drone_id_operator_id_s.c
[55.192s] -- Up-to-date: /home/maizaied03/ros2_ws/install/px4_msgs/local/lib/python3.10/dist-packages/px4_msgs/msg/_rc_channels_s.c
[55.192s] -- Up-to-date: /home/maizaied03/ros2_ws/install/px4_msgs/local/lib/python3.10/dist-packages/px4_msgs/msg/_mode_completed.py
[55.192s] -- Up-to-date: /home/maizaied03/ros2_ws/install/px4_msgs/local/lib/python3.10/dist-packages/px4_msgs/msg/_open_drone_id_self_id.py
[55.192s] -- Up-to-date: /home/maizaied03/ros2_ws/install/px4_msgs/local/lib/python3.10/dist-packages/px4_msgs/msg/_failure_detector_status_s.c
[55.192s] -- Up-to-date: /home/maizaied03/ros2_ws/install/px4_msgs/local/lib/python3.10/dist-packages/px4_msgs/msg/_vehicle_acceleration_s.c
[55.192s] -- Up-to-date: /home/maizaied03/ros2_ws/install/px4_msgs/local/lib/python3.10/dist-packages/px4_msgs/msg/_esc_status.py
[55.193s] -- Up-to-date: /home/maizaied03/ros2_ws/install/px4_msgs/local/lib/python3.10/dist-packages/px4_msgs/msg/_distance_sensor.py
[55.193s] -- Up-to-date: /home/maizaied03/ros2_ws/install/px4_msgs/local/lib/python3.10/dist-packages/px4_msgs/msg/_health_report_s.c
[55.193s] -- Up-to-date: /home/maizaied03/ros2_ws/install/px4_msgs/local/lib/python3.10/dist-packages/px4_msgs/msg/_debug_key_value.py
[55.193s] -- Up-to-date: /home/maizaied03/ros2_ws/install/px4_msgs/local/lib/python3.10/dist-packages/px4_msgs/msg/_rover_rate_status.py
[55.193s] -- Up-to-date: /home/maizaied03/ros2_ws/install/px4_msgs/local/lib/python3.10/dist-packages/px4_msgs/msg/_estimator_aid_source3d.py
[55.193s] -- Up-to-date: /home/maizaied03/ros2_ws/install/px4_msgs/local/lib/python3.10/dist-packages/px4_msgs/msg/_raptor_status.py
[55.193s] -- Up-to-date: /home/maizaied03/ros2_ws/install/px4_msgs/local/lib/python3.10/dist-packages/px4_msgs/msg/_actuator_armed.py
[55.193s] -- Up-to-date: /home/maizaied03/ros2_ws/install/px4_msgs/local/lib/python3.10/dist-packages/px4_msgs/msg/_register_ext_component_request.py
[55.193s] -- Up-to-date: /home/maizaied03/ros2_ws/install/px4_msgs/local/lib/python3.10/dist-packages/px4_msgs/msg/_failsafe_flags_s.c
[55.193s] -- Up-to-date: /home/maizaied03/ros2_ws/install/px4_msgs/local/lib/python3.10/dist-packages/px4_msgs/msg/_tecs_status_s.c
[55.193s] -- Up-to-date: /home/maizaied03/ros2_ws/install/px4_msgs/local/lib/python3.10/dist-packages/px4_msgs/msg/_actuator_armed_s.c
[55.193s] -- Up-to-date: /home/maizaied03/ros2_ws/install/px4_msgs/local/lib/python3.10/dist-packages/px4_msgs/msg/_distance_sensor_mode_change_request_s.c
[55.193s] -- Up-to-date: /home/maizaied03/ros2_ws/install/px4_msgs/local/lib/python3.10/dist-packages/px4_msgs/msg/_fixed_wing_longitudinal_setpoint.py
[55.193s] -- Up-to-date: /home/maizaied03/ros2_ws/install/px4_msgs/local/lib/python3.10/dist-packages/px4_msgs/msg/_open_drone_id_system.py
[55.193s] -- Up-to-date: /home/maizaied03/ros2_ws/install/px4_msgs/local/lib/python3.10/dist-packages/px4_msgs/msg/_vehicle_status_s.c
[55.193s] -- Up-to-date: /home/maizaied03/ros2_ws/install/px4_msgs/local/lib/python3.10/dist-packages/px4_msgs/msg/_arming_check_reply_s.c
[55.193s] -- Up-to-date: /home/maizaied03/ros2_ws/install/px4_msgs/local/lib/python3.10/dist-packages/px4_msgs/msg/_estimator_innovations_s.c
[55.193s] -- Up-to-date: /home/maizaied03/ros2_ws/install/px4_msgs/local/lib/python3.10/dist-packages/px4_msgs/msg/_landing_gear_wheel_s.c
[55.193s] -- Up-to-date: /home/maizaied03/ros2_ws/install/px4_msgs/local/lib/python3.10/dist-packages/px4_msgs/msg/_navigator_status.py
[55.193s] -- Up-to-date: /home/maizaied03/ros2_ws/install/px4_msgs/local/lib/python3.10/dist-packages/px4_msgs/msg/_mag_worker_data.py
[55.193s] -- Up-to-date: /home/maizaied03/ros2_ws/install/px4_msgs/local/lib/python3.10/dist-packages/px4_msgs/msg/_sensor_combined_s.c
[55.193s] -- Up-to-date: /home/maizaied03/ros2_ws/install/px4_msgs/local/lib/python3.10/dist-packages/px4_msgs/msg/_cellular_status.py
[55.193s] -- Up-to-date: /home/maizaied03/ros2_ws/install/px4_msgs/local/lib/python3.10/dist-packages/px4_msgs/msg/_landing_target_pose.py
[55.193s] -- Up-to-date: /home/maizaied03/ros2_ws/install/px4_msgs/local/lib/python3.10/dist-packages/px4_msgs/msg/_raptor_input_s.c
[55.193s] -- Up-to-date: /home/maizaied03/ros2_ws/install/px4_msgs/local/lib/python3.10/dist-packages/px4_msgs/msg/_estimator_selector_status.py
[55.193s] -- Up-to-date: /home/maizaied03/ros2_ws/install/px4_msgs/local/lib/python3.10/dist-packages/px4_msgs/msg/_fixed_wing_runway_control.py
[55.193s] -- Up-to-date: /home/maizaied03/ros2_ws/install/px4_msgs/local/lib/python3.10/dist-packages/px4_msgs/msg/_pure_pursuit_status.py
[55.193s] -- Up-to-date: /home/maizaied03/ros2_ws/install/px4_msgs/local/lib/python3.10/dist-packages/px4_msgs/msg/_position_setpoint.py
[55.193s] -- Up-to-date: /home/maizaied03/ros2_ws/install/px4_msgs/local/lib/python3.10/dist-packages/px4_msgs/msg/_camera_trigger_s.c
[55.193s] -- Up-to-date: /home/maizaied03/ros2_ws/install/px4_msgs/local/lib/python3.10/dist-packages/px4_msgs/msg/_vehicle_land_detected.py
[55.193s] -- Up-to-date: /home/maizaied03/ros2_ws/install/px4_msgs/local/lib/python3.10/dist-packages/px4_msgs/msg/_estimator_sensor_bias.py
[55.194s] -- Up-to-date: /home/maizaied03/ros2_ws/install/px4_msgs/local/lib/python3.10/dist-packages/px4_msgs/msg/_mount_orientation.py
[55.194s] -- Up-to-date: /home/maizaied03/ros2_ws/install/px4_msgs/local/lib/python3.10/dist-packages/px4_msgs/msg/_sensors_status_s.c
[55.194s] -- Up-to-date: /home/maizaied03/ros2_ws/install/px4_msgs/local/lib/python3.10/dist-packages/px4_msgs/msg/_estimator_event_flags.py
[55.194s] -- Up-to-date: /home/maizaied03/ros2_ws/install/px4_msgs/local/lib/python3.10/dist-packages/px4_msgs/msg/_adc_report.py
[55.194s] -- Up-to-date: /home/maizaied03/ros2_ws/install/px4_msgs/local/lib/python3.10/dist-packages/px4_msgs/msg/_input_rc.py
[55.194s] -- Up-to-date: /home/maizaied03/ros2_ws/install/px4_msgs/local/lib/python3.10/dist-packages/px4_msgs/msg/_vehicle_optical_flow.py
[55.194s] -- Up-to-date: /home/maizaied03/ros2_ws/install/px4_msgs/local/lib/python3.10/dist-packages/px4_msgs/msg/_parameter_update_s.c
[55.194s] -- Up-to-date: /home/maizaied03/ros2_ws/install/px4_msgs/local/lib/python3.10/dist-packages/px4_msgs/msg/_position_controller_landing_status_s.c
[55.194s] -- Up-to-date: /home/maizaied03/ros2_ws/install/px4_msgs/local/lib/python3.10/dist-packages/px4_msgs/msg/__init__.py
[55.194s] -- Up-to-date: /home/maizaied03/ros2_ws/install/px4_msgs/local/lib/python3.10/dist-packages/px4_msgs/msg/_estimator_sensor_bias_s.c
[55.194s] -- Up-to-date: /home/maizaied03/ros2_ws/install/px4_msgs/local/lib/python3.10/dist-packages/px4_msgs/msg/_pwm_input_s.c
[55.194s] -- Up-to-date: /home/maizaied03/ros2_ws/install/px4_msgs/local/lib/python3.10/dist-packages/px4_msgs/msg/_sensor_hygrometer_s.c
[55.194s] -- Up-to-date: /home/maizaied03/ros2_ws/install/px4_msgs/local/lib/python3.10/dist-packages/px4_msgs/msg/_actuator_controls_status.py
[55.194s] -- Up-to-date: /home/maizaied03/ros2_ws/install/px4_msgs/local/lib/python3.10/dist-packages/px4_msgs/msg/_fuel_tank_status_s.c
[55.194s] -- Up-to-date: /home/maizaied03/ros2_ws/install/px4_msgs/local/lib/python3.10/dist-packages/px4_msgs/msg/_follow_target_status_s.c
[55.194s] -- Up-to-date: /home/maizaied03/ros2_ws/install/px4_msgs/local/lib/python3.10/dist-packages/px4_msgs/msg/_estimator_innovations.py
[55.194s] -- Up-to-date: /home/maizaied03/ros2_ws/install/px4_msgs/local/lib/python3.10/dist-packages/px4_msgs/msg/_sensor_uwb.py
[55.194s] -- Up-to-date: /home/maizaied03/ros2_ws/install/px4_msgs/local/lib/python3.10/dist-packages/px4_msgs/msg/_gps_dump.py
[55.194s] -- Up-to-date: /home/maizaied03/ros2_ws/install/px4_msgs/local/lib/python3.10/dist-packages/px4_msgs/msg/_sensors_status.py
[55.194s] -- Up-to-date: /home/maizaied03/ros2_ws/install/px4_msgs/local/lib/python3.10/dist-packages/px4_msgs/msg/_vehicle_attitude_setpoint.py
[55.194s] -- Up-to-date: /home/maizaied03/ros2_ws/install/px4_msgs/local/lib/python3.10/dist-packages/px4_msgs/msg/_estimator_states.py
[55.194s] -- Up-to-date: /home/maizaied03/ros2_ws/install/px4_msgs/local/lib/python3.10/dist-packages/px4_msgs/msg/_fixed_wing_lateral_status.py
[55.194s] -- Up-to-date: /home/maizaied03/ros2_ws/install/px4_msgs/local/lib/python3.10/dist-packages/px4_msgs/msg/_heater_status.py
[55.194s] -- Up-to-date: /home/maizaied03/ros2_ws/install/px4_msgs/local/lib/python3.10/dist-packages/px4_msgs/msg/_neural_control.py
[55.194s] -- Up-to-date: /home/maizaied03/ros2_ws/install/px4_msgs/local/lib/python3.10/dist-packages/px4_msgs/msg/_power_monitor_s.c
[55.194s] -- Up-to-date: /home/maizaied03/ros2_ws/install/px4_msgs/local/lib/python3.10/dist-packages/px4_msgs/msg/_orb_test_medium.py
[55.194s] -- Up-to-date: /home/maizaied03/ros2_ws/install/px4_msgs/local/lib/python3.10/dist-packages/px4_msgs/msg/_vehicle_odometry_s.c
[55.194s] -- Up-to-date: /home/maizaied03/ros2_ws/install/px4_msgs/local/lib/python3.10/dist-packages/px4_msgs/msg/_fixed_wing_runway_control_s.c
[55.194s] -- Up-to-date: /home/maizaied03/ros2_ws/install/px4_msgs/local/lib/python3.10/dist-packages/px4_msgs/msg/_ekf2_timestamps.py
[55.194s] -- Up-to-date: /home/maizaied03/ros2_ws/install/px4_msgs/local/lib/python3.10/dist-packages/px4_msgs/msg/_fixed_wing_lateral_setpoint_s.c
[55.194s] -- Up-to-date: /home/maizaied03/ros2_ws/install/px4_msgs/local/lib/python3.10/dist-packages/px4_msgs/msg/_transponder_report.py
[55.195s] -- Up-to-date: /home/maizaied03/ros2_ws/install/px4_msgs/local/lib/python3.10/dist-packages/px4_msgs/msg/_ulog_stream_ack_s.c
[55.195s] -- Up-to-date: /home/maizaied03/ros2_ws/install/px4_msgs/local/lib/python3.10/dist-packages/px4_msgs/msg/_rtl_status.py
[55.195s] -- Up-to-date: /home/maizaied03/ros2_ws/install/px4_msgs/local/lib/python3.10/dist-packages/px4_msgs/msg/_sensor_optical_flow.py
[55.195s] -- Up-to-date: /home/maizaied03/ros2_ws/install/px4_msgs/local/lib/python3.10/dist-packages/px4_msgs/msg/_actuator_test_s.c
[55.195s] -- Up-to-date: /home/maizaied03/ros2_ws/install/px4_msgs/local/lib/python3.10/dist-packages/px4_msgs/msg/_flight_phase_estimation.py
[55.195s] -- Up-to-date: /home/maizaied03/ros2_ws/install/px4_msgs/local/lib/python3.10/dist-packages/px4_msgs/msg/_fixed_wing_lateral_guidance_status.py
[55.195s] -- Up-to-date: /home/maizaied03/ros2_ws/install/px4_msgs/local/lib/python3.10/dist-packages/px4_msgs/msg/_airspeed_wind.py
[55.195s] -- Up-to-date: /home/maizaied03/ros2_ws/install/px4_msgs/local/lib/python3.10/dist-packages/px4_msgs/msg/_sensor_temp_s.c
[55.195s] -- Up-to-date: /home/maizaied03/ros2_ws/install/px4_msgs/local/lib/python3.10/dist-packages/px4_msgs/msg/_message_format_response.py
[55.195s] -- Up-to-date: /home/maizaied03/ros2_ws/install/px4_msgs/local/lib/python3.10/dist-packages/px4_msgs/msg/_dronecan_node_status.py
[55.195s] -- Up-to-date: /home/maizaied03/ros2_ws/install/px4_msgs/local/lib/python3.10/dist-packages/px4_msgs/msg/_mission_result_s.c
[55.195s] -- Up-to-date: /home/maizaied03/ros2_ws/install/px4_msgs/local/lib/python3.10/dist-packages/px4_msgs/msg/_internal_combustion_engine_status_s.c
[55.195s] -- Up-to-date: /home/maizaied03/ros2_ws/install/px4_msgs/local/lib/python3.10/dist-packages/px4_msgs/msg/_camera_status.py
[55.195s] -- Up-to-date: /home/maizaied03/ros2_ws/install/px4_msgs/local/lib/python3.10/dist-packages/px4_msgs/msg/_estimator_selector_status_s.c
[55.195s] -- Up-to-date: /home/maizaied03/ros2_ws/install/px4_msgs/local/lib/python3.10/dist-packages/px4_msgs/msg/_onboard_computer_status.py
[55.195s] -- Up-to-date: /home/maizaied03/ros2_ws/install/px4_msgs/local/lib/python3.10/dist-packages/px4_msgs/msg/_rover_speed_setpoint.py
[55.195s] -- Up-to-date: /home/maizaied03/ros2_ws/install/px4_msgs/local/lib/python3.10/dist-packages/px4_msgs/msg/_radio_status_s.c
[55.195s] -- Up-to-date: /home/maizaied03/ros2_ws/install/px4_msgs/local/lib/python3.10/dist-packages/px4_msgs/msg/_arming_check_request_s.c
[55.195s] -- Up-to-date: /home/maizaied03/ros2_ws/install/px4_msgs/local/lib/python3.10/dist-packages/px4_msgs/msg/_airspeed_s.c
[55.195s] -- Up-to-date: /home/maizaied03/ros2_ws/install/px4_msgs/local/lib/python3.10/dist-packages/px4_msgs/msg/_orb_test_large.py
[55.195s] -- Up-to-date: /home/maizaied03/ros2_ws/install/px4_msgs/local/lib/python3.10/dist-packages/px4_msgs/msg/_input_rc_s.c
[55.195s] -- Up-to-date: /home/maizaied03/ros2_ws/install/px4_msgs/local/lib/python3.10/dist-packages/px4_msgs/msg/_parameter_set_value_response_s.c
[55.195s] -- Up-to-date: /home/maizaied03/ros2_ws/install/px4_msgs/local/lib/python3.10/dist-packages/px4_msgs/msg/_position_controller_landing_status.py
[55.195s] -- Up-to-date: /home/maizaied03/ros2_ws/install/px4_msgs/local/lib/python3.10/dist-packages/px4_msgs/msg/_sensor_baro_s.c
[55.195s] -- Up-to-date: /home/maizaied03/ros2_ws/install/px4_msgs/local/lib/python3.10/dist-packages/px4_msgs/msg/_figure_eight_status.py
[55.195s] -- Up-to-date: /home/maizaied03/ros2_ws/install/px4_msgs/local/lib/python3.10/dist-packages/px4_msgs/msg/_vehicle_land_detected_s.c
[55.196s] -- Up-to-date: /home/maizaied03/ros2_ws/install/px4_msgs/local/lib/python3.10/dist-packages/px4_msgs/msg/_vehicle_imu.py
[55.196s] -- Up-to-date: /home/maizaied03/ros2_ws/install/px4_msgs/local/lib/python3.10/dist-packages/px4_msgs/msg/_vehicle_optical_flow_vel_s.c
[55.196s] -- Up-to-date: /home/maizaied03/ros2_ws/install/px4_msgs/local/lib/python3.10/dist-packages/px4_msgs/msg/_battery_status_s.c
[55.196s] -- Up-to-date: /home/maizaied03/ros2_ws/install/px4_msgs/local/lib/python3.10/dist-packages/px4_msgs/msg/_arming_check_request.py
[55.196s] -- Up-to-date: /home/maizaied03/ros2_ws/install/px4_msgs/local/lib/python3.10/dist-packages/px4_msgs/msg/_sensor_selection.py
[55.196s] -- Up-to-date: /home/maizaied03/ros2_ws/install/px4_msgs/local/lib/python3.10/dist-packages/px4_msgs/msg/_mode_completed_s.c
[55.196s] -- Up-to-date: /home/maizaied03/ros2_ws/install/px4_msgs/local/lib/python3.10/dist-packages/px4_msgs/msg/_landing_gear.py
[55.196s] -- Up-to-date: /home/maizaied03/ros2_ws/install/px4_msgs/local/lib/python3.10/dist-packages/px4_msgs/msg/_velocity_limits.py
[55.196s] -- Up-to-date: /home/maizaied03/ros2_ws/install/px4_msgs/local/lib/python3.10/dist-packages/px4_msgs/msg/_navigator_mission_item_s.c
[55.196s] -- Up-to-date: /home/maizaied03/ros2_ws/install/px4_msgs/local/lib/python3.10/dist-packages/px4_msgs/msg/_transponder_report_s.c
[55.196s] -- Up-to-date: /home/maizaied03/ros2_ws/install/px4_msgs/local/lib/python3.10/dist-packages/px4_msgs/msg/_geofence_status.py
[55.196s] -- Up-to-date: /home/maizaied03/ros2_ws/install/px4_msgs/local/lib/python3.10/dist-packages/px4_msgs/msg/_uavcan_parameter_value.py
[55.196s] -- Up-to-date: /home/maizaied03/ros2_ws/install/px4_msgs/local/lib/python3.10/dist-packages/px4_msgs/msg/_vehicle_angular_acceleration_setpoint_s.c
[55.196s] -- Up-to-date: /home/maizaied03/ros2_ws/install/px4_msgs/local/lib/python3.10/dist-packages/px4_msgs/msg/_battery_info.py
[55.196s] -- Up-to-date: /home/maizaied03/ros2_ws/install/px4_msgs/local/lib/python3.10/dist-packages/px4_msgs/msg/_landing_target_innovations.py
[55.196s] -- Up-to-date: /home/maizaied03/ros2_ws/install/px4_msgs/local/lib/python3.10/dist-packages/px4_msgs/msg/_manual_control_switches.py
[55.196s] -- Up-to-date: /home/maizaied03/ros2_ws/install/px4_msgs/local/lib/python3.10/dist-packages/px4_msgs/msg/_log_message.py
[55.196s] -- Up-to-date: /home/maizaied03/ros2_ws/install/px4_msgs/local/lib/python3.10/dist-packages/px4_msgs/msg/_estimator_status_s.c
[55.196s] -- Up-to-date: /home/maizaied03/ros2_ws/install/px4_msgs/local/lib/python3.10/dist-packages/px4_msgs/msg/_gimbal_manager_set_attitude.py
[55.196s] -- Up-to-date: /home/maizaied03/ros2_ws/install/px4_msgs/local/lib/python3.10/dist-packages/px4_msgs/msg/_vehicle_roi.py
[55.196s] -- Up-to-date: /home/maizaied03/ros2_ws/install/px4_msgs/local/lib/python3.10/dist-packages/px4_msgs/msg/_esc_status_s.c
[55.196s] -- Up-to-date: /home/maizaied03/ros2_ws/install/px4_msgs/local/lib/python3.10/dist-packages/px4_msgs/msg/_rover_attitude_status.py
[55.196s] -- Up-to-date: /home/maizaied03/ros2_ws/install/px4_msgs/local/lib/python3.10/dist-packages/px4_msgs/msg/_mount_orientation_s.c
[55.196s] -- Up-to-date: /home/maizaied03/ros2_ws/install/px4_msgs/local/lib/python3.10/dist-packages/px4_msgs/msg/_rover_rate_setpoint.py
[55.196s] -- Up-to-date: /home/maizaied03/ros2_ws/install/px4_msgs/local/lib/python3.10/dist-packages/px4_msgs/msg/_estimator_status_flags.py
[55.196s] -- Up-to-date: /home/maizaied03/ros2_ws/install/px4_msgs/local/lib/python3.10/dist-packages/px4_msgs/msg/_gimbal_manager_status_s.c
[55.196s] -- Up-to-date: /home/maizaied03/ros2_ws/install/px4_msgs/local/lib/python3.10/dist-packages/px4_msgs/msg/_vehicle_command_ack_s.c
[55.196s] -- Up-to-date: /home/maizaied03/ros2_ws/install/px4_msgs/local/lib/python3.10/dist-packages/px4_msgs/msg/_mavlink_log_s.c
[55.196s] -- Up-to-date: /home/maizaied03/ros2_ws/install/px4_msgs/local/lib/python3.10/dist-packages/px4_msgs/msg/_actuator_servos_trim_s.c
[55.196s] -- Up-to-date: /home/maizaied03/ros2_ws/install/px4_msgs/local/lib/python3.10/dist-packages/px4_msgs/msg/_vehicle_control_mode.py
[55.196s] -- Up-to-date: /home/maizaied03/ros2_ws/install/px4_msgs/local/lib/python3.10/dist-packages/px4_msgs/msg/_landing_target_pose_s.c
[55.197s] -- Up-to-date: /home/maizaied03/ros2_ws/install/px4_msgs/local/lib/python3.10/dist-packages/px4_msgs/msg/_gpio_in_s.c
[55.197s] -- Up-to-date: /home/maizaied03/ros2_ws/install/px4_msgs/local/lib/python3.10/dist-packages/px4_msgs/msg/_open_drone_id_arm_status_s.c
[55.197s] -- Up-to-date: /home/maizaied03/ros2_ws/install/px4_msgs/local/lib/python3.10/dist-packages/px4_msgs/msg/_mavlink_tunnel_s.c
[55.197s] -- Up-to-date: /home/maizaied03/ros2_ws/install/px4_msgs/local/lib/python3.10/dist-packages/px4_msgs/msg/_estimator_aid_source2d_s.c
[55.197s] -- Up-to-date: /home/maizaied03/ros2_ws/install/px4_msgs/local/lib/python3.10/dist-packages/px4_msgs/msg/_gain_compression.py
[55.197s] -- Up-to-date: /home/maizaied03/ros2_ws/install/px4_msgs/local/lib/python3.10/dist-packages/px4_msgs/msg/_event.py
[55.197s] -- Up-to-date: /home/maizaied03/ros2_ws/install/px4_msgs/local/lib/python3.10/dist-packages/px4_msgs/msg/_differential_pressure_s.c
[55.197s] -- Up-to-date: /home/maizaied03/ros2_ws/install/px4_msgs/local/lib/python3.10/dist-packages/px4_msgs/msg/_home_position_s.c
[55.197s] -- Up-to-date: /home/maizaied03/ros2_ws/install/px4_msgs/local/lib/python3.10/dist-packages/px4_msgs/msg/_control_allocator_status_s.c
[55.197s] -- Up-to-date: /home/maizaied03/ros2_ws/install/px4_msgs/local/lib/python3.10/dist-packages/px4_msgs/msg/_launch_detection_status_s.c
[55.197s] -- Up-to-date: /home/maizaied03/ros2_ws/install/px4_msgs/local/lib/python3.10/dist-packages/px4_msgs/msg/_log_message_s.c
[55.197s] -- Up-to-date: /home/maizaied03/ros2_ws/install/px4_msgs/local/lib/python3.10/dist-packages/px4_msgs/msg/_radio_status.py
[55.197s] -- Up-to-date: /home/maizaied03/ros2_ws/install/px4_msgs/local/lib/python3.10/dist-packages/px4_msgs/msg/_raptor_status_s.c
[55.197s] -- Up-to-date: /home/maizaied03/ros2_ws/install/px4_msgs/local/lib/python3.10/dist-packages/px4_msgs/msg/_hover_thrust_estimate.py
[55.197s] -- Up-to-date: /home/maizaied03/ros2_ws/install/px4_msgs/local/lib/python3.10/dist-packages/px4_msgs/msg/_geofence_status_s.c
[55.197s] -- Up-to-date: /home/maizaied03/ros2_ws/install/px4_msgs/local/lib/python3.10/dist-packages/px4_msgs/msg/_rc_parameter_map.py
[55.197s] -- Up-to-date: /home/maizaied03/ros2_ws/install/px4_msgs/local/lib/python3.10/dist-packages/px4_msgs/msg/_device_information.py
[55.197s] -- Up-to-date: /home/maizaied03/ros2_ws/install/px4_msgs/local/lib/python3.10/dist-packages/px4_msgs/msg/_gimbal_manager_set_manual_control_s.c
[55.197s] -- Up-to-date: /home/maizaied03/ros2_ws/install/px4_msgs/local/lib/python3.10/dist-packages/px4_msgs/msg/_parameter_reset_request_s.c
[55.197s] -- Up-to-date: /home/maizaied03/ros2_ws/install/px4_msgs/local/lib/python3.10/dist-packages/px4_msgs/msg/_dataman_request_s.c
[55.197s] -- Up-to-date: /home/maizaied03/ros2_ws/install/px4_msgs/local/lib/python3.10/dist-packages/px4_msgs/msg/_yaw_estimator_status.py
[55.197s] -- Up-to-date: /home/maizaied03/ros2_ws/install/px4_msgs/local/lib/python3.10/dist-packages/px4_msgs/msg/_estimator_bias.py
[55.197s] -- Up-to-date: /home/maizaied03/ros2_ws/install/px4_msgs/local/lib/python3.10/dist-packages/px4_msgs/msg/_ping.py
[55.198s] -- Up-to-date: /home/maizaied03/ros2_ws/install/px4_msgs/local/lib/python3.10/dist-packages/px4_msgs/msg/_vehicle_angular_velocity.py
[55.198s] -- Up-to-date: /home/maizaied03/ros2_ws/install/px4_msgs/local/lib/python3.10/dist-packages/px4_msgs/msg/_logger_status_s.c
[55.198s] -- Up-to-date: /home/maizaied03/ros2_ws/install/px4_msgs/local/lib/python3.10/dist-packages/px4_msgs/msg/_vehicle_constraints_s.c
[55.198s] -- Up-to-date: /home/maizaied03/ros2_ws/install/px4_msgs/local/lib/python3.10/dist-packages/px4_msgs/msg/_wind.py
[55.198s] -- Up-to-date: /home/maizaied03/ros2_ws/install/px4_msgs/local/lib/python3.10/dist-packages/px4_msgs/msg/_sensor_preflight_mag.py
[55.198s] -- Up-to-date: /home/maizaied03/ros2_ws/install/px4_msgs/local/lib/python3.10/dist-packages/px4_msgs/msg/_obstacle_distance.py
[55.198s] -- Up-to-date: /home/maizaied03/ros2_ws/install/px4_msgs/local/lib/python3.10/dist-packages/px4_msgs/msg/_qshell_retval_s.c
[55.198s] -- Up-to-date: /home/maizaied03/ros2_ws/install/px4_msgs/local/lib/python3.10/dist-packages/px4_msgs/msg/_mission.py
[55.198s] -- Up-to-date: /home/maizaied03/ros2_ws/install/px4_msgs/local/lib/python3.10/dist-packages/px4_msgs/msg/_parameter_set_value_request_s.c
[55.198s] -- Up-to-date: /home/maizaied03/ros2_ws/install/px4_msgs/local/lib/python3.10/dist-packages/px4_msgs/msg/_estimator_gps_status_s.c
[55.198s] -- Up-to-date: /home/maizaied03/ros2_ws/install/px4_msgs/local/lib/python3.10/dist-packages/px4_msgs/msg/_dronecan_node_status_s.c
[55.198s] -- Up-to-date: /home/maizaied03/ros2_ws/install/px4_msgs/local/lib/python3.10/dist-packages/px4_msgs/msg/_rover_steering_setpoint_s.c
[55.198s] -- Up-to-date: /home/maizaied03/ros2_ws/install/px4_msgs/local/lib/python3.10/dist-packages/px4_msgs/msg/_ulog_stream_ack.py
[55.198s] -- Up-to-date: /home/maizaied03/ros2_ws/install/px4_msgs/local/lib/python3.10/dist-packages/px4_msgs/msg/_camera_status_s.c
[55.198s] -- Up-to-date: /home/maizaied03/ros2_ws/install/px4_msgs/local/lib/python3.10/dist-packages/px4_msgs/msg/_mavlink_tunnel.py
[55.198s] -- Up-to-date: /home/maizaied03/ros2_ws/install/px4_msgs/local/lib/python3.10/dist-packages/px4_msgs/msg/_vehicle_imu_s.c
[55.198s] -- Up-to-date: /home/maizaied03/ros2_ws/install/px4_msgs/local/lib/python3.10/dist-packages/px4_msgs/msg/_geofence_result_s.c
[55.198s] -- Up-to-date: /home/maizaied03/ros2_ws/install/px4_msgs/local/lib/python3.10/dist-packages/px4_msgs/msg/_ping_s.c
[55.198s] -- Up-to-date: /home/maizaied03/ros2_ws/install/px4_msgs/local/lib/python3.10/dist-packages/px4_msgs/msg/_sensors_status_imu.py
[55.198s] -- Up-to-date: /home/maizaied03/ros2_ws/install/px4_msgs/local/lib/python3.10/dist-packages/px4_msgs/msg/_rover_attitude_setpoint.py
[55.198s] -- Up-to-date: /home/maizaied03/ros2_ws/install/px4_msgs/local/lib/python3.10/dist-packages/px4_msgs/msg/_fixed_wing_lateral_setpoint.py
[55.198s] -- Up-to-date: /home/maizaied03/ros2_ws/install/px4_msgs/local/lib/python3.10/dist-packages/px4_msgs/msg/_esc_report_s.c
[55.198s] -- Up-to-date: /home/maizaied03/ros2_ws/install/px4_msgs/local/lib/python3.10/dist-packages/px4_msgs/msg/_manual_control_switches_s.c
[55.198s] -- Up-to-date: /home/maizaied03/ros2_ws/install/px4_msgs/local/lib/python3.10/dist-packages/px4_msgs/msg/_esc_report.py
[55.198s] -- Up-to-date: /home/maizaied03/ros2_ws/install/px4_msgs/local/lib/python3.10/dist-packages/px4_msgs/msg/_vehicle_angular_velocity_s.c
[55.198s] -- Up-to-date: /home/maizaied03/ros2_ws/install/px4_msgs/local/lib/python3.10/dist-packages/px4_msgs/msg/_power_button_state.py
[55.198s] -- Up-to-date: /home/maizaied03/ros2_ws/install/px4_msgs/local/lib/python3.10/dist-packages/px4_msgs/msg/_vehicle_imu_status.py
[55.198s] -- Up-to-date: /home/maizaied03/ros2_ws/install/px4_msgs/local/lib/python3.10/dist-packages/px4_msgs/msg/_navigator_mission_item.py
[55.198s] -- Up-to-date: /home/maizaied03/ros2_ws/install/px4_msgs/local/lib/python3.10/dist-packages/px4_msgs/msg/_gimbal_controls_s.c
[55.198s] -- Up-to-date: /home/maizaied03/ros2_ws/install/px4_msgs/local/lib/python3.10/dist-packages/px4_msgs/msg/_gimbal_manager_information.py
[55.199s] -- Up-to-date: /home/maizaied03/ros2_ws/install/px4_msgs/local/lib/python3.10/dist-packages/px4_msgs/msg/_flight_phase_estimation_s.c
[55.199s] -- Up-to-date: /home/maizaied03/ros2_ws/install/px4_msgs/local/lib/python3.10/dist-packages/px4_msgs/msg/_action_request_s.c
[55.199s] -- Up-to-date: /home/maizaied03/ros2_ws/install/px4_msgs/local/lib/python3.10/dist-packages/px4_msgs/msg/_generator_status.py
[55.199s] -- Up-to-date: /home/maizaied03/ros2_ws/install/px4_msgs/local/lib/python3.10/dist-packages/px4_msgs/msg/_vehicle_constraints.py
[55.199s] -- Up-to-date: /home/maizaied03/ros2_ws/install/px4_msgs/local/lib/python3.10/dist-packages/px4_msgs/msg/_landing_gear_s.c
[55.199s] -- Up-to-date: /home/maizaied03/ros2_ws/install/px4_msgs/local/lib/python3.10/dist-packages/px4_msgs/msg/_parameter_set_value_request.py
[55.199s] -- Up-to-date: /home/maizaied03/ros2_ws/install/px4_msgs/local/lib/python3.10/dist-packages/px4_msgs/msg/_vehicle_acceleration.py
[55.199s] -- Up-to-date: /home/maizaied03/ros2_ws/install/px4_msgs/local/lib/python3.10/dist-packages/px4_msgs/msg/_position_setpoint_triplet.py
[55.199s] -- Up-to-date: /home/maizaied03/ros2_ws/install/px4_msgs/local/lib/python3.10/dist-packages/px4_msgs/msg/_gimbal_manager_status.py
[55.199s] -- Up-to-date: /home/maizaied03/ros2_ws/install/px4_msgs/local/lib/python3.10/dist-packages/px4_msgs/msg/_gpio_in.py
[55.199s] -- Up-to-date: /home/maizaied03/ros2_ws/install/px4_msgs/local/lib/python3.10/dist-packages/px4_msgs/msg/_estimator_aid_source3d_s.c
[55.199s] -- Up-to-date: /home/maizaied03/ros2_ws/install/px4_msgs/local/lib/python3.10/dist-packages/px4_msgs/msg/_dataman_response.py
[55.199s] -- Up-to-date: /home/maizaied03/ros2_ws/install/px4_msgs/local/lib/python3.10/dist-packages/px4_msgs/msg/_event_s.c
[55.199s] -- Up-to-date: /home/maizaied03/ros2_ws/install/px4_msgs/local/lib/python3.10/dist-packages/px4_msgs/msg/_health_report.py
[55.199s] -- Up-to-date: /home/maizaied03/ros2_ws/install/px4_msgs/local/lib/python3.10/dist-packages/px4_msgs/msg/_yaw_estimator_status_s.c
[55.199s] -- Up-to-date: /home/maizaied03/ros2_ws/install/px4_msgs/local/lib/python3.10/dist-packages/px4_msgs/msg/_button_event_s.c
[55.199s] -- Up-to-date: /home/maizaied03/ros2_ws/install/px4_msgs/local/lib/python3.10/dist-packages/px4_msgs/msg/_wheel_encoders_s.c
[55.199s] -- Up-to-date: /home/maizaied03/ros2_ws/install/px4_msgs/local/lib/python3.10/dist-packages/px4_msgs/msg/_actuator_controls_status_s.c
[55.199s] -- Up-to-date: /home/maizaied03/ros2_ws/install/px4_msgs/local/lib/python3.10/dist-packages/px4_msgs/msg/_register_ext_component_reply.py
[55.199s] -- Up-to-date: /home/maizaied03/ros2_ws/install/px4_msgs/local/lib/python3.10/dist-packages/px4_msgs/msg/_vehicle_attitude_setpoint_s.c
[55.199s] -- Up-to-date: /home/maizaied03/ros2_ws/install/px4_msgs/local/lib/python3.10/dist-packages/px4_msgs/msg/_gpio_request_s.c
[55.199s] -- Up-to-date: /home/maizaied03/ros2_ws/install/px4_msgs/local/lib/python3.10/dist-packages/px4_msgs/msg/_px4io_status_s.c
[55.199s] -- Up-to-date: /home/maizaied03/ros2_ws/install/px4_msgs/local/lib/python3.10/dist-packages/px4_msgs/msg/_pwm_input.py
[55.199s] -- Up-to-date: /home/maizaied03/ros2_ws/install/px4_msgs/local/lib/python3.10/dist-packages/px4_msgs/msg/_tiltrotor_extra_controls_s.c
[55.199s] -- Up-to-date: /home/maizaied03/ros2_ws/install/px4_msgs/local/lib/python3.10/dist-packages/px4_msgs/msg/_rtl_status_s.c
[55.199s] -- Up-to-date: /home/maizaied03/ros2_ws/install/px4_msgs/local/lib/python3.10/dist-packages/px4_msgs/msg/_qshell_req_s.c
[55.199s] -- Up-to-date: /home/maizaied03/ros2_ws/install/px4_msgs/local/lib/python3.10/dist-packages/px4_msgs/msg/_vehicle_rates_setpoint.py
[55.199s] -- Up-to-date: /home/maizaied03/ros2_ws/install/px4_msgs/local/lib/python3.10/dist-packages/px4_msgs/msg/_camera_trigger.py
[55.199s] -- Up-to-date: /home/maizaied03/ros2_ws/install/px4_msgs/local/lib/python3.10/dist-packages/px4_msgs/msg/_unregister_ext_component_s.c
[55.199s] -- Up-to-date: /home/maizaied03/ros2_ws/install/px4_msgs/local/lib/python3.10/dist-packages/px4_msgs/msg/_autotune_attitude_control_status.py
[55.200s] -- Up-to-date: /home/maizaied03/ros2_ws/install/px4_msgs/local/lib/python3.10/dist-packages/px4_msgs/msg/_open_drone_id_system_s.c
[55.200s] -- Up-to-date: /home/maizaied03/ros2_ws/install/px4_msgs/local/lib/python3.10/dist-packages/px4_msgs/msg/_iridiumsbd_status_s.c
[55.200s] -- Up-to-date: /home/maizaied03/ros2_ws/install/px4_msgs/local/lib/python3.10/dist-packages/px4_msgs/msg/_actuator_outputs_s.c
[55.200s] -- Up-to-date: /home/maizaied03/ros2_ws/install/px4_msgs/local/lib/python3.10/dist-packages/px4_msgs/msg/_rover_position_setpoint.py
[55.200s] -- Up-to-date: /home/maizaied03/ros2_ws/install/px4_msgs/local/lib/python3.10/dist-packages/px4_msgs/msg/_lateral_control_configuration.py
[55.200s] -- Up-to-date: /home/maizaied03/ros2_ws/install/px4_msgs/local/lib/python3.10/dist-packages/px4_msgs/msg/_vehicle_torque_setpoint_s.c
[55.200s] -- Up-to-date: /home/maizaied03/ros2_ws/install/px4_msgs/local/lib/python3.10/dist-packages/px4_msgs/msg/_message_format_request.py
[55.200s] -- Up-to-date: /home/maizaied03/ros2_ws/install/px4_msgs/local/lib/python3.10/dist-packages/px4_msgs/msg/_collision_constraints_s.c
[55.200s] -- Up-to-date: /home/maizaied03/ros2_ws/install/px4_msgs/local/lib/python3.10/dist-packages/px4_msgs/msg/_takeoff_status_s.c
[55.200s] -- Up-to-date: /home/maizaied03/ros2_ws/install/px4_msgs/local/lib/python3.10/dist-packages/px4_msgs/msg/_distance_sensor_s.c
[55.200s] -- Up-to-date: /home/maizaied03/ros2_ws/install/px4_msgs/local/lib/python3.10/dist-packages/px4_msgs/msg/_gripper_s.c
[55.200s] -- Up-to-date: /home/maizaied03/ros2_ws/install/px4_msgs/local/lib/python3.10/dist-packages/px4_msgs/msg/_heater_status_s.c
[55.200s] -- Up-to-date: /home/maizaied03/ros2_ws/install/px4_msgs/local/lib/python3.10/dist-packages/px4_msgs/msg/_estimator_states_s.c
[55.200s] -- Up-to-date: /home/maizaied03/ros2_ws/install/px4_msgs/local/lib/python3.10/dist-packages/px4_msgs/msg/_vehicle_local_position_setpoint_s.c
[55.200s] -- Up-to-date: /home/maizaied03/ros2_ws/install/px4_msgs/local/lib/python3.10/dist-packages/px4_msgs/msg/_vehicle_torque_setpoint.py
[55.200s] -- Up-to-date: /home/maizaied03/ros2_ws/install/px4_msgs/local/lib/python3.10/dist-packages/px4_msgs/msg/_raptor_input.py
[55.200s] -- Up-to-date: /home/maizaied03/ros2_ws/install/px4_msgs/local/lib/python3.10/dist-packages/px4_msgs/msg/_sensor_preflight_mag_s.c
[55.200s] -- Up-to-date: /home/maizaied03/ros2_ws/install/px4_msgs/local/lib/python3.10/dist-packages/px4_msgs/msg/_actuator_motors.py
[55.200s] -- Up-to-date: /home/maizaied03/ros2_ws/install/px4_msgs/local/lib/python3.10/dist-packages/px4_msgs/msg/_estimator_status_flags_s.c
[55.200s] -- Up-to-date: /home/maizaied03/ros2_ws/install/px4_msgs/local/lib/python3.10/dist-packages/px4_msgs/msg/_mag_worker_data_s.c
[55.200s] -- Up-to-date: /home/maizaied03/ros2_ws/install/px4_msgs/local/lib/python3.10/dist-packages/px4_msgs/msg/_register_ext_component_request_s.c
[55.200s] -- Up-to-date: /home/maizaied03/ros2_ws/install/px4_msgs/local/lib/python3.10/dist-packages/px4_msgs/msg/_rover_attitude_setpoint_s.c
[55.200s] -- Up-to-date: /home/maizaied03/ros2_ws/install/px4_msgs/local/lib/python3.10/dist-packages/px4_msgs/msg/_config_overrides.py
[55.200s] -- Up-to-date: /home/maizaied03/ros2_ws/install/px4_msgs/local/lib/python3.10/dist-packages/px4_msgs/msg/_fixed_wing_longitudinal_setpoint_s.c
[55.200s] -- Up-to-date: /home/maizaied03/ros2_ws/install/px4_msgs/local/lib/python3.10/dist-packages/px4_msgs/msg/_uavcan_parameter_request.py
[55.200s] -- Up-to-date: /home/maizaied03/ros2_ws/install/px4_msgs/local/lib/python3.10/dist-packages/px4_msgs/msg/_orb_test_large_s.c
[55.200s] -- Up-to-date: /home/maizaied03/ros2_ws/install/px4_msgs/local/lib/python3.10/dist-packages/px4_msgs/msg/_power_monitor.py
[55.200s] -- Up-to-date: /home/maizaied03/ros2_ws/install/px4_msgs/local/lib/python3.10/dist-packages/px4_msgs/msg/_orbit_status.py
[55.200s] -- Up-to-date: /home/maizaied03/ros2_ws/install/px4_msgs/local/lib/python3.10/dist-packages/px4_msgs/msg/_estimator_bias_s.c
[55.200s] -- Up-to-date: /home/maizaied03/ros2_ws/install/px4_msgs/local/lib/python3.10/dist-packages/px4_msgs/msg/_airspeed_validated.py
[55.200s] -- Up-to-date: /home/maizaied03/ros2_ws/install/px4_msgs/local/lib/python3.10/dist-packages/px4_msgs/msg/_vtx_s.c
[55.201s] -- Up-to-date: /home/maizaied03/ros2_ws/install/px4_msgs/local/lib/python3.10/dist-packages/px4_msgs/msg/_vehicle_optical_flow_vel.py
[55.201s] -- Up-to-date: /home/maizaied03/ros2_ws/install/px4_msgs/local/lib/python3.10/dist-packages/px4_msgs/msg/_led_control.py
[55.201s] -- Up-to-date: /home/maizaied03/ros2_ws/install/px4_msgs/local/lib/python3.10/dist-packages/px4_msgs/msg/_vehicle_command.py
[55.201s] -- Up-to-date: /home/maizaied03/ros2_ws/install/px4_msgs/local/lib/python3.10/dist-packages/px4_msgs/msg/_sensor_gyro_fft_s.c
[55.201s] -- Up-to-date: /home/maizaied03/ros2_ws/install/px4_msgs/local/lib/python3.10/dist-packages/px4_msgs/msg/_qshell_req.py
[55.201s] -- Up-to-date: /home/maizaied03/ros2_ws/install/px4_msgs/local/lib/python3.10/dist-packages/px4_msgs/msg/_vtol_vehicle_status.py
[55.201s] -- Up-to-date: /home/maizaied03/ros2_ws/install/px4_msgs/local/lib/python3.10/dist-packages/px4_msgs/msg/_vehicle_thrust_setpoint_s.c
[55.201s] -- Up-to-date: /home/maizaied03/ros2_ws/install/px4_msgs/local/lib/python3.10/dist-packages/px4_msgs/msg/_ulog_stream.py
[55.201s] -- Up-to-date: /home/maizaied03/ros2_ws/install/px4_msgs/local/lib/python3.10/dist-packages/px4_msgs/msg/_estimator_gps_status.py
[55.201s] -- Up-to-date: /home/maizaied03/ros2_ws/install/px4_msgs/local/lib/python3.10/dist-packages/px4_msgs/msg/_adc_report_s.c
[55.201s] -- Up-to-date: /home/maizaied03/ros2_ws/install/px4_msgs/local/lib/python3.10/dist-packages/px4_msgs/msg/_qshell_retval.py
[55.201s] -- Up-to-date: /home/maizaied03/ros2_ws/install/px4_msgs/local/lib/python3.10/dist-packages/px4_msgs/msg/_sensor_temp.py
[55.201s] -- Up-to-date: /home/maizaied03/ros2_ws/install/px4_msgs/local/lib/python3.10/dist-packages/px4_msgs/msg/_gimbal_controls.py
[55.201s] -- Up-to-date: /home/maizaied03/ros2_ws/install/px4_msgs/local/lib/python3.10/dist-packages/px4_msgs/msg/_sensor_accel_s.c
[55.201s] -- Up-to-date: /home/maizaied03/ros2_ws/install/px4_msgs/local/lib/python3.10/dist-packages/px4_msgs/msg/_pure_pursuit_status_s.c
[55.201s] -- Up-to-date: /home/maizaied03/ros2_ws/install/px4_msgs/local/lib/python3.10/dist-packages/px4_msgs/msg/_mavlink_log.py
[55.201s] -- Up-to-date: /home/maizaied03/ros2_ws/install/px4_msgs/local/lib/python3.10/dist-packages/px4_msgs/msg/_system_power.py
[55.201s] -- Up-to-date: /home/maizaied03/ros2_ws/install/px4_msgs/local/lib/python3.10/dist-packages/px4_msgs/msg/_rtl_time_estimate.py
[55.201s] -- Up-to-date: /home/maizaied03/ros2_ws/install/px4_msgs/local/lib/python3.10/dist-packages/px4_msgs/msg/_rover_steering_setpoint.py
[55.201s] -- Up-to-date: /home/maizaied03/ros2_ws/install/px4_msgs/local/lib/python3.10/dist-packages/px4_msgs/msg/_satellite_info_s.c
[55.201s] -- Up-to-date: /home/maizaied03/ros2_ws/install/px4_msgs/local/lib/python3.10/dist-packages/px4_msgs/msg/_button_event.py
[55.201s] -- Up-to-date: /home/maizaied03/ros2_ws/install/px4_msgs/local/lib/python3.10/dist-packages/px4_msgs/msg/_vtol_vehicle_status_s.c
[55.201s] -- Up-to-date: /home/maizaied03/ros2_ws/install/px4_msgs/local/lib/python3.10/dist-packages/px4_msgs/msg/_sensor_gyro_s.c
[55.201s] -- Up-to-date: /home/maizaied03/ros2_ws/install/px4_msgs/local/lib/python3.10/dist-packages/px4_msgs/msg/_actuator_test.py
[55.201s] -- Up-to-date: /home/maizaied03/ros2_ws/install/px4_msgs/local/lib/python3.10/dist-packages/px4_msgs/msg/_dataman_response_s.c
[55.201s] -- Up-to-date: /home/maizaied03/ros2_ws/install/px4_msgs/local/lib/python3.10/dist-packages/px4_msgs/msg/_uavcan_parameter_request_s.c
[55.201s] -- Up-to-date: /home/maizaied03/ros2_ws/install/px4_msgs/local/lib/python3.10/dist-packages/px4_msgs/msg/_parameter_set_used_request_s.c
[55.201s] -- Up-to-date: /home/maizaied03/ros2_ws/install/px4_msgs/local/lib/python3.10/dist-packages/px4_msgs/msg/_lateral_control_configuration_s.c
[55.201s] -- Up-to-date: /home/maizaied03/ros2_ws/install/px4_msgs/local/lib/python3.10/dist-packages/px4_msgs/msg/_irlock_report.py
[55.201s] -- Up-to-date: /home/maizaied03/ros2_ws/install/px4_msgs/local/lib/python3.10/dist-packages/px4_msgs/msg/_rc_channels.py
[55.201s] -- Up-to-date: /home/maizaied03/ros2_ws/install/px4_msgs/local/lib/python3.10/dist-packages/px4_msgs/msg/_airspeed_wind_s.c
[55.202s] -- Up-to-date: /home/maizaied03/ros2_ws/install/px4_msgs/local/lib/python3.10/dist-packages/px4_msgs/msg/_ekf2_timestamps_s.c
[55.202s] -- Up-to-date: /home/maizaied03/ros2_ws/install/px4_msgs/local/lib/python3.10/dist-packages/px4_msgs/msg/_follow_target_estimator_s.c
[55.202s] -- Up-to-date: /home/maizaied03/ros2_ws/install/px4_msgs/local/lib/python3.10/dist-packages/px4_msgs/msg/_orb_test.py
[55.202s] -- Up-to-date: /home/maizaied03/ros2_ws/install/px4_msgs/local/lib/python3.10/dist-packages/px4_msgs/msg/_debug_array_s.c
[55.202s] -- Up-to-date: /home/maizaied03/ros2_ws/install/px4_msgs/local/lib/python3.10/dist-packages/px4_msgs/msg/_irlock_report_s.c
[55.202s] -- Up-to-date: /home/maizaied03/ros2_ws/install/px4_msgs/local/lib/python3.10/dist-packages/px4_msgs/msg/_rover_speed_setpoint_s.c
[55.202s] -- Up-to-date: /home/maizaied03/ros2_ws/install/px4_msgs/local/lib/python3.10/dist-packages/px4_msgs/msg/_debug_vect.py
[55.202s] -- Up-to-date: /home/maizaied03/ros2_ws/install/px4_msgs/local/lib/python3.10/dist-packages/px4_msgs/msg/_message_format_response_s.c
[55.202s] -- Up-to-date: /home/maizaied03/ros2_ws/install/px4_msgs/local/lib/python3.10/dist-packages/px4_msgs/msg/_geofence_result.py
[55.202s] -- Up-to-date: /home/maizaied03/ros2_ws/install/px4_msgs/local/lib/python3.10/dist-packages/px4_msgs/msg/_landing_target_innovations_s.c
[55.202s] -- Up-to-date: /home/maizaied03/ros2_ws/install/px4_msgs/local/lib/python3.10/dist-packages/px4_msgs/msg/_gripper.py
[55.202s] -- Up-to-date: /home/maizaied03/ros2_ws/install/px4_msgs/local/lib/python3.10/dist-packages/px4_msgs/msg/_vehicle_rates_setpoint_s.c
[55.202s] -- Up-to-date: /home/maizaied03/ros2_ws/install/px4_msgs/local/lib/python3.10/dist-packages/px4_msgs/msg/_timesync_status_s.c
[55.202s] -- Up-to-date: /home/maizaied03/ros2_ws/install/px4_msgs/local/lib/python3.10/dist-packages/px4_msgs/_px4_msgs_s.ep.rosidl_typesupport_fastrtps_c.c
[55.202s] -- Up-to-date: /home/maizaied03/ros2_ws/install/px4_msgs/local/lib/python3.10/dist-packages/px4_msgs/srv
[55.202s] -- Up-to-date: /home/maizaied03/ros2_ws/install/px4_msgs/local/lib/python3.10/dist-packages/px4_msgs/srv/_vehicle_command_s.c
[55.202s] -- Up-to-date: /home/maizaied03/ros2_ws/install/px4_msgs/local/lib/python3.10/dist-packages/px4_msgs/srv/__init__.py
[55.202s] -- Up-to-date: /home/maizaied03/ros2_ws/install/px4_msgs/local/lib/python3.10/dist-packages/px4_msgs/srv/_vehicle_command.py
[55.202s] Listing '/home/maizaied03/ros2_ws/install/px4_msgs/local/lib/python3.10/dist-packages/px4_msgs'...
[55.202s] Listing '/home/maizaied03/ros2_ws/install/px4_msgs/local/lib/python3.10/dist-packages/px4_msgs/msg'...
[55.202s] Listing '/home/maizaied03/ros2_ws/install/px4_msgs/local/lib/python3.10/dist-packages/px4_msgs/srv'...
[55.202s] -- Installing: /home/maizaied03/ros2_ws/install/px4_msgs/local/lib/python3.10/dist-packages/px4_msgs/px4_msgs_s__rosidl_typesupport_fastrtps_c.cpython-310-x86_64-linux-gnu.so
[55.202s] -- Set runtime path of "/home/maizaied03/ros2_ws/install/px4_msgs/local/lib/python3.10/dist-packages/px4_msgs/px4_msgs_s__rosidl_typesupport_fastrtps_c.cpython-310-x86_64-linux-gnu.so" to ""
[55.202s] -- Up-to-date: /home/maizaied03/ros2_ws/install/px4_msgs/local/lib/python3.10/dist-packages/px4_msgs/px4_msgs_s__rosidl_typesupport_introspection_c.cpython-310-x86_64-linux-gnu.so
[55.204s] -- Up-to-date: /home/maizaied03/ros2_ws/install/px4_msgs/local/lib/python3.10/dist-packages/px4_msgs/px4_msgs_s__rosidl_typesupport_c.cpython-310-x86_64-linux-gnu.so
[55.205s] -- Up-to-date: /home/maizaied03/ros2_ws/install/px4_msgs/lib/libpx4_msgs__rosidl_generator_py.so
[55.206s] -- Up-to-date: /home/maizaied03/ros2_ws/install/px4_msgs/share/px4_msgs/msg/ActionRequest.idl
[55.206s] -- Up-to-date: /home/maizaied03/ros2_ws/install/px4_msgs/share/px4_msgs/msg/ActuatorArmed.idl
[55.206s] -- Up-to-date: /home/maizaied03/ros2_ws/install/px4_msgs/share/px4_msgs/msg/ActuatorControlsStatus.idl
[55.207s] -- Up-to-date: /home/maizaied03/ros2_ws/install/px4_msgs/share/px4_msgs/msg/ActuatorMotors.idl
[55.207s] -- Up-to-date: /home/maizaied03/ros2_ws/install/px4_msgs/share/px4_msgs/msg/ActuatorOutputs.idl
[55.207s] -- Up-to-date: /home/maizaied03/ros2_ws/install/px4_msgs/share/px4_msgs/msg/ActuatorServos.idl
[55.207s] -- Up-to-date: /home/maizaied03/ros2_ws/install/px4_msgs/share/px4_msgs/msg/ActuatorServosTrim.idl
[55.208s] -- Up-to-date: /home/maizaied03/ros2_ws/install/px4_msgs/share/px4_msgs/msg/ActuatorTest.idl
[55.208s] -- Up-to-date: /home/maizaied03/ros2_ws/install/px4_msgs/share/px4_msgs/msg/AdcReport.idl
[55.208s] -- Up-to-date: /home/maizaied03/ros2_ws/install/px4_msgs/share/px4_msgs/msg/Airspeed.idl
[55.208s] -- Up-to-date: /home/maizaied03/ros2_ws/install/px4_msgs/share/px4_msgs/msg/AirspeedValidated.idl
[55.209s] -- Up-to-date: /home/maizaied03/ros2_ws/install/px4_msgs/share/px4_msgs/msg/AirspeedWind.idl
[55.209s] -- Up-to-date: /home/maizaied03/ros2_ws/install/px4_msgs/share/px4_msgs/msg/ArmingCheckReply.idl
[55.209s] -- Up-to-date: /home/maizaied03/ros2_ws/install/px4_msgs/share/px4_msgs/msg/ArmingCheckRequest.idl
[55.210s] -- Up-to-date: /home/maizaied03/ros2_ws/install/px4_msgs/share/px4_msgs/msg/AutotuneAttitudeControlStatus.idl
[55.210s] -- Up-to-date: /home/maizaied03/ros2_ws/install/px4_msgs/share/px4_msgs/msg/BatteryInfo.idl
[55.210s] -- Up-to-date: /home/maizaied03/ros2_ws/install/px4_msgs/share/px4_msgs/msg/BatteryStatus.idl
[55.210s] -- Up-to-date: /home/maizaied03/ros2_ws/install/px4_msgs/share/px4_msgs/msg/ButtonEvent.idl
[55.211s] -- Up-to-date: /home/maizaied03/ros2_ws/install/px4_msgs/share/px4_msgs/msg/CameraCapture.idl
[55.211s] -- Up-to-date: /home/maizaied03/ros2_ws/install/px4_msgs/share/px4_msgs/msg/CameraStatus.idl
[55.211s] -- Up-to-date: /home/maizaied03/ros2_ws/install/px4_msgs/share/px4_msgs/msg/CameraTrigger.idl
[55.211s] -- Up-to-date: /home/maizaied03/ros2_ws/install/px4_msgs/share/px4_msgs/msg/CanInterfaceStatus.idl
[55.212s] -- Up-to-date: /home/maizaied03/ros2_ws/install/px4_msgs/share/px4_msgs/msg/CellularStatus.idl
[55.212s] -- Up-to-date: /home/maizaied03/ros2_ws/install/px4_msgs/share/px4_msgs/msg/CollisionConstraints.idl
[55.212s] -- Up-to-date: /home/maizaied03/ros2_ws/install/px4_msgs/share/px4_msgs/msg/ConfigOverrides.idl
[55.213s] -- Up-to-date: /home/maizaied03/ros2_ws/install/px4_msgs/share/px4_msgs/msg/ControlAllocatorStatus.idl
[55.213s] -- Up-to-date: /home/maizaied03/ros2_ws/install/px4_msgs/share/px4_msgs/msg/Cpuload.idl
[55.213s] -- Up-to-date: /home/maizaied03/ros2_ws/install/px4_msgs/share/px4_msgs/msg/DatamanRequest.idl
[55.213s] -- Up-to-date: /home/maizaied03/ros2_ws/install/px4_msgs/share/px4_msgs/msg/DatamanResponse.idl
[55.214s] -- Up-to-date: /home/maizaied03/ros2_ws/install/px4_msgs/share/px4_msgs/msg/DebugArray.idl
[55.214s] -- Up-to-date: /home/maizaied03/ros2_ws/install/px4_msgs/share/px4_msgs/msg/DebugKeyValue.idl
[55.214s] -- Up-to-date: /home/maizaied03/ros2_ws/install/px4_msgs/share/px4_msgs/msg/DebugValue.idl
[55.214s] -- Up-to-date: /home/maizaied03/ros2_ws/install/px4_msgs/share/px4_msgs/msg/DebugVect.idl
[55.215s] -- Up-to-date: /home/maizaied03/ros2_ws/install/px4_msgs/share/px4_msgs/msg/DeviceInformation.idl
[55.215s] -- Up-to-date: /home/maizaied03/ros2_ws/install/px4_msgs/share/px4_msgs/msg/DifferentialPressure.idl
[55.215s] -- Up-to-date: /home/maizaied03/ros2_ws/install/px4_msgs/share/px4_msgs/msg/DistanceSensor.idl
[55.215s] -- Up-to-date: /home/maizaied03/ros2_ws/install/px4_msgs/share/px4_msgs/msg/DistanceSensorModeChangeRequest.idl
[55.216s] -- Up-to-date: /home/maizaied03/ros2_ws/install/px4_msgs/share/px4_msgs/msg/DronecanNodeStatus.idl
[55.216s] -- Up-to-date: /home/maizaied03/ros2_ws/install/px4_msgs/share/px4_msgs/msg/Ekf2Timestamps.idl
[55.216s] -- Up-to-date: /home/maizaied03/ros2_ws/install/px4_msgs/share/px4_msgs/msg/EscReport.idl
[55.216s] -- Up-to-date: /home/maizaied03/ros2_ws/install/px4_msgs/share/px4_msgs/msg/EscStatus.idl
[55.217s] -- Up-to-date: /home/maizaied03/ros2_ws/install/px4_msgs/share/px4_msgs/msg/EstimatorAidSource1d.idl
[55.217s] -- Up-to-date: /home/maizaied03/ros2_ws/install/px4_msgs/share/px4_msgs/msg/EstimatorAidSource2d.idl
[55.217s] -- Up-to-date: /home/maizaied03/ros2_ws/install/px4_msgs/share/px4_msgs/msg/EstimatorAidSource3d.idl
[55.218s] -- Up-to-date: /home/maizaied03/ros2_ws/install/px4_msgs/share/px4_msgs/msg/EstimatorBias.idl
[55.218s] -- Up-to-date: /home/maizaied03/ros2_ws/install/px4_msgs/share/px4_msgs/msg/EstimatorBias3d.idl
[55.218s] -- Up-to-date: /home/maizaied03/ros2_ws/install/px4_msgs/share/px4_msgs/msg/EstimatorEventFlags.idl
[55.218s] -- Up-to-date: /home/maizaied03/ros2_ws/install/px4_msgs/share/px4_msgs/msg/EstimatorGpsStatus.idl
[55.219s] -- Up-to-date: /home/maizaied03/ros2_ws/install/px4_msgs/share/px4_msgs/msg/EstimatorInnovations.idl
[55.219s] -- Up-to-date: /home/maizaied03/ros2_ws/install/px4_msgs/share/px4_msgs/msg/EstimatorSelectorStatus.idl
[55.219s] -- Up-to-date: /home/maizaied03/ros2_ws/install/px4_msgs/share/px4_msgs/msg/EstimatorSensorBias.idl
[55.219s] -- Up-to-date: /home/maizaied03/ros2_ws/install/px4_msgs/share/px4_msgs/msg/EstimatorStates.idl
[55.220s] -- Up-to-date: /home/maizaied03/ros2_ws/install/px4_msgs/share/px4_msgs/msg/EstimatorStatus.idl
[55.220s] -- Up-to-date: /home/maizaied03/ros2_ws/install/px4_msgs/share/px4_msgs/msg/EstimatorStatusFlags.idl
[55.220s] -- Up-to-date: /home/maizaied03/ros2_ws/install/px4_msgs/share/px4_msgs/msg/Event.idl
[55.220s] -- Up-to-date: /home/maizaied03/ros2_ws/install/px4_msgs/share/px4_msgs/msg/FailsafeFlags.idl
[55.221s] -- Up-to-date: /home/maizaied03/ros2_ws/install/px4_msgs/share/px4_msgs/msg/FailureDetectorStatus.idl
[55.221s] -- Up-to-date: /home/maizaied03/ros2_ws/install/px4_msgs/share/px4_msgs/msg/FigureEightStatus.idl
[55.221s] -- Up-to-date: /home/maizaied03/ros2_ws/install/px4_msgs/share/px4_msgs/msg/FixedWingLateralGuidanceStatus.idl
[55.221s] -- Up-to-date: /home/maizaied03/ros2_ws/install/px4_msgs/share/px4_msgs/msg/FixedWingLateralSetpoint.idl
[55.222s] -- Up-to-date: /home/maizaied03/ros2_ws/install/px4_msgs/share/px4_msgs/msg/FixedWingLateralStatus.idl
[55.222s] -- Up-to-date: /home/maizaied03/ros2_ws/install/px4_msgs/share/px4_msgs/msg/FixedWingLongitudinalSetpoint.idl
[55.222s] -- Up-to-date: /home/maizaied03/ros2_ws/install/px4_msgs/share/px4_msgs/msg/FixedWingRunwayControl.idl
[55.223s] -- Up-to-date: /home/maizaied03/ros2_ws/install/px4_msgs/share/px4_msgs/msg/FlightPhaseEstimation.idl
[55.223s] -- Up-to-date: /home/maizaied03/ros2_ws/install/px4_msgs/share/px4_msgs/msg/FollowTarget.idl
[55.223s] -- Up-to-date: /home/maizaied03/ros2_ws/install/px4_msgs/share/px4_msgs/msg/FollowTargetEstimator.idl
[55.223s] -- Up-to-date: /home/maizaied03/ros2_ws/install/px4_msgs/share/px4_msgs/msg/FollowTargetStatus.idl
[55.224s] -- Up-to-date: /home/maizaied03/ros2_ws/install/px4_msgs/share/px4_msgs/msg/FuelTankStatus.idl
[55.224s] -- Up-to-date: /home/maizaied03/ros2_ws/install/px4_msgs/share/px4_msgs/msg/GainCompression.idl
[55.224s] -- Up-to-date: /home/maizaied03/ros2_ws/install/px4_msgs/share/px4_msgs/msg/GeneratorStatus.idl
[55.225s] -- Up-to-date: /home/maizaied03/ros2_ws/install/px4_msgs/share/px4_msgs/msg/GeofenceResult.idl
[55.225s] -- Up-to-date: /home/maizaied03/ros2_ws/install/px4_msgs/share/px4_msgs/msg/GeofenceStatus.idl
[55.225s] -- Up-to-date: /home/maizaied03/ros2_ws/install/px4_msgs/share/px4_msgs/msg/GimbalControls.idl
[55.225s] -- Up-to-date: /home/maizaied03/ros2_ws/install/px4_msgs/share/px4_msgs/msg/GimbalDeviceAttitudeStatus.idl
[55.226s] -- Up-to-date: /home/maizaied03/ros2_ws/install/px4_msgs/share/px4_msgs/msg/GimbalDeviceInformation.idl
[55.226s] -- Up-to-date: /home/maizaied03/ros2_ws/install/px4_msgs/share/px4_msgs/msg/GimbalDeviceSetAttitude.idl
[55.226s] -- Up-to-date: /home/maizaied03/ros2_ws/install/px4_msgs/share/px4_msgs/msg/GimbalManagerInformation.idl
[55.226s] -- Up-to-date: /home/maizaied03/ros2_ws/install/px4_msgs/share/px4_msgs/msg/GimbalManagerSetAttitude.idl
[55.227s] -- Up-to-date: /home/maizaied03/ros2_ws/install/px4_msgs/share/px4_msgs/msg/GimbalManagerSetManualControl.idl
[55.227s] -- Up-to-date: /home/maizaied03/ros2_ws/install/px4_msgs/share/px4_msgs/msg/GimbalManagerStatus.idl
[55.227s] -- Up-to-date: /home/maizaied03/ros2_ws/install/px4_msgs/share/px4_msgs/msg/GotoSetpoint.idl
[55.227s] -- Up-to-date: /home/maizaied03/ros2_ws/install/px4_msgs/share/px4_msgs/msg/GpioConfig.idl
[55.228s] -- Up-to-date: /home/maizaied03/ros2_ws/install/px4_msgs/share/px4_msgs/msg/GpioIn.idl
[55.228s] -- Up-to-date: /home/maizaied03/ros2_ws/install/px4_msgs/share/px4_msgs/msg/GpioOut.idl
[55.228s] -- Up-to-date: /home/maizaied03/ros2_ws/install/px4_msgs/share/px4_msgs/msg/GpioRequest.idl
[55.228s] -- Up-to-date: /home/maizaied03/ros2_ws/install/px4_msgs/share/px4_msgs/msg/GpsDump.idl
[55.229s] -- Up-to-date: /home/maizaied03/ros2_ws/install/px4_msgs/share/px4_msgs/msg/GpsInjectData.idl
[55.229s] -- Up-to-date: /home/maizaied03/ros2_ws/install/px4_msgs/share/px4_msgs/msg/Gripper.idl
[55.229s] -- Up-to-date: /home/maizaied03/ros2_ws/install/px4_msgs/share/px4_msgs/msg/HealthReport.idl
[55.230s] -- Up-to-date: /home/maizaied03/ros2_ws/install/px4_msgs/share/px4_msgs/msg/HeaterStatus.idl
[55.230s] -- Up-to-date: /home/maizaied03/ros2_ws/install/px4_msgs/share/px4_msgs/msg/HomePosition.idl
[55.230s] -- Up-to-date: /home/maizaied03/ros2_ws/install/px4_msgs/share/px4_msgs/msg/HoverThrustEstimate.idl
[55.230s] -- Up-to-date: /home/maizaied03/ros2_ws/install/px4_msgs/share/px4_msgs/msg/InputRc.idl
[55.231s] -- Up-to-date: /home/maizaied03/ros2_ws/install/px4_msgs/share/px4_msgs/msg/InternalCombustionEngineControl.idl
[55.231s] -- Up-to-date: /home/maizaied03/ros2_ws/install/px4_msgs/share/px4_msgs/msg/InternalCombustionEngineStatus.idl
[55.231s] -- Up-to-date: /home/maizaied03/ros2_ws/install/px4_msgs/share/px4_msgs/msg/IridiumsbdStatus.idl
[55.232s] -- Up-to-date: /home/maizaied03/ros2_ws/install/px4_msgs/share/px4_msgs/msg/IrlockReport.idl
[55.232s] -- Up-to-date: /home/maizaied03/ros2_ws/install/px4_msgs/share/px4_msgs/msg/LandingGear.idl
[55.232s] -- Up-to-date: /home/maizaied03/ros2_ws/install/px4_msgs/share/px4_msgs/msg/LandingGearWheel.idl
[55.232s] -- Up-to-date: /home/maizaied03/ros2_ws/install/px4_msgs/share/px4_msgs/msg/LandingTargetInnovations.idl
[55.233s] -- Up-to-date: /home/maizaied03/ros2_ws/install/px4_msgs/share/px4_msgs/msg/LandingTargetPose.idl
[55.233s] -- Up-to-date: /home/maizaied03/ros2_ws/install/px4_msgs/share/px4_msgs/msg/LateralControlConfiguration.idl
[55.233s] -- Up-to-date: /home/maizaied03/ros2_ws/install/px4_msgs/share/px4_msgs/msg/LaunchDetectionStatus.idl
[55.233s] -- Up-to-date: /home/maizaied03/ros2_ws/install/px4_msgs/share/px4_msgs/msg/LedControl.idl
[55.234s] -- Up-to-date: /home/maizaied03/ros2_ws/install/px4_msgs/share/px4_msgs/msg/LogMessage.idl
[55.234s] -- Up-to-date: /home/maizaied03/ros2_ws/install/px4_msgs/share/px4_msgs/msg/LoggerStatus.idl
[55.234s] -- Up-to-date: /home/maizaied03/ros2_ws/install/px4_msgs/share/px4_msgs/msg/LongitudinalControlConfiguration.idl
[55.234s] -- Up-to-date: /home/maizaied03/ros2_ws/install/px4_msgs/share/px4_msgs/msg/MagWorkerData.idl
[55.235s] -- Up-to-date: /home/maizaied03/ros2_ws/install/px4_msgs/share/px4_msgs/msg/MagnetometerBiasEstimate.idl
[55.235s] -- Up-to-date: /home/maizaied03/ros2_ws/install/px4_msgs/share/px4_msgs/msg/ManualControlSetpoint.idl
[55.235s] -- Up-to-date: /home/maizaied03/ros2_ws/install/px4_msgs/share/px4_msgs/msg/ManualControlSwitches.idl
[55.235s] -- Up-to-date: /home/maizaied03/ros2_ws/install/px4_msgs/share/px4_msgs/msg/MavlinkLog.idl
[55.236s] -- Up-to-date: /home/maizaied03/ros2_ws/install/px4_msgs/share/px4_msgs/msg/MavlinkTunnel.idl
[55.236s] -- Up-to-date: /home/maizaied03/ros2_ws/install/px4_msgs/share/px4_msgs/msg/MessageFormatRequest.idl
[55.236s] -- Up-to-date: /home/maizaied03/ros2_ws/install/px4_msgs/share/px4_msgs/msg/MessageFormatResponse.idl
[55.237s] -- Up-to-date: /home/maizaied03/ros2_ws/install/px4_msgs/share/px4_msgs/msg/Mission.idl
[55.237s] -- Up-to-date: /home/maizaied03/ros2_ws/install/px4_msgs/share/px4_msgs/msg/MissionResult.idl
[55.237s] -- Up-to-date: /home/maizaied03/ros2_ws/install/px4_msgs/share/px4_msgs/msg/ModeCompleted.idl
[55.237s] -- Up-to-date: /home/maizaied03/ros2_ws/install/px4_msgs/share/px4_msgs/msg/MountOrientation.idl
[55.238s] -- Up-to-date: /home/maizaied03/ros2_ws/install/px4_msgs/share/px4_msgs/msg/NavigatorMissionItem.idl
[55.238s] -- Up-to-date: /home/maizaied03/ros2_ws/install/px4_msgs/share/px4_msgs/msg/NavigatorStatus.idl
[55.238s] -- Up-to-date: /home/maizaied03/ros2_ws/install/px4_msgs/share/px4_msgs/msg/NeuralControl.idl
[55.239s] -- Up-to-date: /home/maizaied03/ros2_ws/install/px4_msgs/share/px4_msgs/msg/NormalizedUnsignedSetpoint.idl
[55.239s] -- Up-to-date: /home/maizaied03/ros2_ws/install/px4_msgs/share/px4_msgs/msg/ObstacleDistance.idl
[55.239s] -- Up-to-date: /home/maizaied03/ros2_ws/install/px4_msgs/share/px4_msgs/msg/OffboardControlMode.idl
[55.239s] -- Up-to-date: /home/maizaied03/ros2_ws/install/px4_msgs/share/px4_msgs/msg/OnboardComputerStatus.idl
[55.240s] -- Up-to-date: /home/maizaied03/ros2_ws/install/px4_msgs/share/px4_msgs/msg/OpenDroneIdArmStatus.idl
[55.240s] -- Up-to-date: /home/maizaied03/ros2_ws/install/px4_msgs/share/px4_msgs/msg/OpenDroneIdOperatorId.idl
[55.240s] -- Up-to-date: /home/maizaied03/ros2_ws/install/px4_msgs/share/px4_msgs/msg/OpenDroneIdSelfId.idl
[55.240s] -- Up-to-date: /home/maizaied03/ros2_ws/install/px4_msgs/share/px4_msgs/msg/OpenDroneIdSystem.idl
[55.241s] -- Up-to-date: /home/maizaied03/ros2_ws/install/px4_msgs/share/px4_msgs/msg/OrbTest.idl
[55.241s] -- Up-to-date: /home/maizaied03/ros2_ws/install/px4_msgs/share/px4_msgs/msg/OrbTestLarge.idl
[55.241s] -- Up-to-date: /home/maizaied03/ros2_ws/install/px4_msgs/share/px4_msgs/msg/OrbTestMedium.idl
[55.241s] -- Up-to-date: /home/maizaied03/ros2_ws/install/px4_msgs/share/px4_msgs/msg/OrbitStatus.idl
[55.242s] -- Up-to-date: /home/maizaied03/ros2_ws/install/px4_msgs/share/px4_msgs/msg/ParameterResetRequest.idl
[55.242s] -- Up-to-date: /home/maizaied03/ros2_ws/install/px4_msgs/share/px4_msgs/msg/ParameterSetUsedRequest.idl
[55.242s] -- Up-to-date: /home/maizaied03/ros2_ws/install/px4_msgs/share/px4_msgs/msg/ParameterSetValueRequest.idl
[55.242s] -- Up-to-date: /home/maizaied03/ros2_ws/install/px4_msgs/share/px4_msgs/msg/ParameterSetValueResponse.idl
[55.243s] -- Up-to-date: /home/maizaied03/ros2_ws/install/px4_msgs/share/px4_msgs/msg/ParameterUpdate.idl
[55.243s] -- Up-to-date: /home/maizaied03/ros2_ws/install/px4_msgs/share/px4_msgs/msg/Ping.idl
[55.243s] -- Up-to-date: /home/maizaied03/ros2_ws/install/px4_msgs/share/px4_msgs/msg/PositionControllerLandingStatus.idl
[55.244s] -- Up-to-date: /home/maizaied03/ros2_ws/install/px4_msgs/share/px4_msgs/msg/PositionControllerStatus.idl
[55.244s] -- Up-to-date: /home/maizaied03/ros2_ws/install/px4_msgs/share/px4_msgs/msg/PositionSetpoint.idl
[55.244s] -- Up-to-date: /home/maizaied03/ros2_ws/install/px4_msgs/share/px4_msgs/msg/PositionSetpointTriplet.idl
[55.244s] -- Up-to-date: /home/maizaied03/ros2_ws/install/px4_msgs/share/px4_msgs/msg/PowerButtonState.idl
[55.245s] -- Up-to-date: /home/maizaied03/ros2_ws/install/px4_msgs/share/px4_msgs/msg/PowerMonitor.idl
[55.245s] -- Up-to-date: /home/maizaied03/ros2_ws/install/px4_msgs/share/px4_msgs/msg/PpsCapture.idl
[55.245s] -- Up-to-date: /home/maizaied03/ros2_ws/install/px4_msgs/share/px4_msgs/msg/PurePursuitStatus.idl
[55.246s] -- Up-to-date: /home/maizaied03/ros2_ws/install/px4_msgs/share/px4_msgs/msg/PwmInput.idl
[55.246s] -- Up-to-date: /home/maizaied03/ros2_ws/install/px4_msgs/share/px4_msgs/msg/Px4ioStatus.idl
[55.246s] -- Up-to-date: /home/maizaied03/ros2_ws/install/px4_msgs/share/px4_msgs/msg/QshellReq.idl
[55.246s] -- Up-to-date: /home/maizaied03/ros2_ws/install/px4_msgs/share/px4_msgs/msg/QshellRetval.idl
[55.247s] -- Up-to-date: /home/maizaied03/ros2_ws/install/px4_msgs/share/px4_msgs/msg/RadioStatus.idl
[55.247s] -- Up-to-date: /home/maizaied03/ros2_ws/install/px4_msgs/share/px4_msgs/msg/RaptorInput.idl
[55.247s] -- Up-to-date: /home/maizaied03/ros2_ws/install/px4_msgs/share/px4_msgs/msg/RaptorStatus.idl
[55.247s] -- Up-to-date: /home/maizaied03/ros2_ws/install/px4_msgs/share/px4_msgs/msg/RateCtrlStatus.idl
[55.248s] -- Up-to-date: /home/maizaied03/ros2_ws/install/px4_msgs/share/px4_msgs/msg/RcChannels.idl
[55.248s] -- Up-to-date: /home/maizaied03/ros2_ws/install/px4_msgs/share/px4_msgs/msg/RcParameterMap.idl
[55.248s] -- Up-to-date: /home/maizaied03/ros2_ws/install/px4_msgs/share/px4_msgs/msg/RegisterExtComponentReply.idl
[55.248s] -- Up-to-date: /home/maizaied03/ros2_ws/install/px4_msgs/share/px4_msgs/msg/RegisterExtComponentRequest.idl
[55.249s] -- Up-to-date: /home/maizaied03/ros2_ws/install/px4_msgs/share/px4_msgs/msg/RoverAttitudeSetpoint.idl
[55.249s] -- Up-to-date: /home/maizaied03/ros2_ws/install/px4_msgs/share/px4_msgs/msg/RoverAttitudeStatus.idl
[55.249s] -- Up-to-date: /home/maizaied03/ros2_ws/install/px4_msgs/share/px4_msgs/msg/RoverPositionSetpoint.idl
[55.249s] -- Up-to-date: /home/maizaied03/ros2_ws/install/px4_msgs/share/px4_msgs/msg/RoverRateSetpoint.idl
[55.250s] -- Up-to-date: /home/maizaied03/ros2_ws/install/px4_msgs/share/px4_msgs/msg/RoverRateStatus.idl
[55.250s] -- Up-to-date: /home/maizaied03/ros2_ws/install/px4_msgs/share/px4_msgs/msg/RoverSpeedSetpoint.idl
[55.250s] -- Up-to-date: /home/maizaied03/ros2_ws/install/px4_msgs/share/px4_msgs/msg/RoverSpeedStatus.idl
[55.251s] -- Up-to-date: /home/maizaied03/ros2_ws/install/px4_msgs/share/px4_msgs/msg/RoverSteeringSetpoint.idl
[55.251s] -- Up-to-date: /home/maizaied03/ros2_ws/install/px4_msgs/share/px4_msgs/msg/RoverThrottleSetpoint.idl
[55.251s] -- Up-to-date: /home/maizaied03/ros2_ws/install/px4_msgs/share/px4_msgs/msg/Rpm.idl
[55.251s] -- Up-to-date: /home/maizaied03/ros2_ws/install/px4_msgs/share/px4_msgs/msg/RtlStatus.idl
[55.252s] -- Up-to-date: /home/maizaied03/ros2_ws/install/px4_msgs/share/px4_msgs/msg/RtlTimeEstimate.idl
[55.252s] -- Up-to-date: /home/maizaied03/ros2_ws/install/px4_msgs/share/px4_msgs/msg/SatelliteInfo.idl
[55.252s] -- Up-to-date: /home/maizaied03/ros2_ws/install/px4_msgs/share/px4_msgs/msg/SensorAccel.idl
[55.253s] -- Up-to-date: /home/maizaied03/ros2_ws/install/px4_msgs/share/px4_msgs/msg/SensorAccelFifo.idl
[55.253s] -- Up-to-date: /home/maizaied03/ros2_ws/install/px4_msgs/share/px4_msgs/msg/SensorAirflow.idl
[55.253s] -- Up-to-date: /home/maizaied03/ros2_ws/install/px4_msgs/share/px4_msgs/msg/SensorBaro.idl
[55.253s] -- Up-to-date: /home/maizaied03/ros2_ws/install/px4_msgs/share/px4_msgs/msg/SensorCombined.idl
[55.254s] -- Up-to-date: /home/maizaied03/ros2_ws/install/px4_msgs/share/px4_msgs/msg/SensorCorrection.idl
[55.254s] -- Up-to-date: /home/maizaied03/ros2_ws/install/px4_msgs/share/px4_msgs/msg/SensorGnssRelative.idl
[55.254s] -- Up-to-date: /home/maizaied03/ros2_ws/install/px4_msgs/share/px4_msgs/msg/SensorGnssStatus.idl
[55.254s] -- Up-to-date: /home/maizaied03/ros2_ws/install/px4_msgs/share/px4_msgs/msg/SensorGps.idl
[55.255s] -- Up-to-date: /home/maizaied03/ros2_ws/install/px4_msgs/share/px4_msgs/msg/SensorGyro.idl
[55.255s] -- Up-to-date: /home/maizaied03/ros2_ws/install/px4_msgs/share/px4_msgs/msg/SensorGyroFft.idl
[55.255s] -- Up-to-date: /home/maizaied03/ros2_ws/install/px4_msgs/share/px4_msgs/msg/SensorGyroFifo.idl
[55.255s] -- Up-to-date: /home/maizaied03/ros2_ws/install/px4_msgs/share/px4_msgs/msg/SensorHygrometer.idl
[55.256s] -- Up-to-date: /home/maizaied03/ros2_ws/install/px4_msgs/share/px4_msgs/msg/SensorMag.idl
[55.256s] -- Up-to-date: /home/maizaied03/ros2_ws/install/px4_msgs/share/px4_msgs/msg/SensorOpticalFlow.idl
[55.256s] -- Up-to-date: /home/maizaied03/ros2_ws/install/px4_msgs/share/px4_msgs/msg/SensorPreflightMag.idl
[55.256s] -- Up-to-date: /home/maizaied03/ros2_ws/install/px4_msgs/share/px4_msgs/msg/SensorSelection.idl
[55.257s] -- Up-to-date: /home/maizaied03/ros2_ws/install/px4_msgs/share/px4_msgs/msg/SensorTemp.idl
[55.257s] -- Up-to-date: /home/maizaied03/ros2_ws/install/px4_msgs/share/px4_msgs/msg/SensorUwb.idl
[55.257s] -- Up-to-date: /home/maizaied03/ros2_ws/install/px4_msgs/share/px4_msgs/msg/SensorsStatus.idl
[55.258s] -- Up-to-date: /home/maizaied03/ros2_ws/install/px4_msgs/share/px4_msgs/msg/SensorsStatusImu.idl
[55.258s] -- Up-to-date: /home/maizaied03/ros2_ws/install/px4_msgs/share/px4_msgs/msg/SystemPower.idl
[55.258s] -- Up-to-date: /home/maizaied03/ros2_ws/install/px4_msgs/share/px4_msgs/msg/TakeoffStatus.idl
[55.259s] -- Up-to-date: /home/maizaied03/ros2_ws/install/px4_msgs/share/px4_msgs/msg/TaskStackInfo.idl
[55.259s] -- Up-to-date: /home/maizaied03/ros2_ws/install/px4_msgs/share/px4_msgs/msg/TecsStatus.idl
[55.259s] -- Up-to-date: /home/maizaied03/ros2_ws/install/px4_msgs/share/px4_msgs/msg/TelemetryStatus.idl
[55.259s] -- Up-to-date: /home/maizaied03/ros2_ws/install/px4_msgs/share/px4_msgs/msg/TiltrotorExtraControls.idl
[55.260s] -- Up-to-date: /home/maizaied03/ros2_ws/install/px4_msgs/share/px4_msgs/msg/TimesyncStatus.idl
[55.260s] -- Up-to-date: /home/maizaied03/ros2_ws/install/px4_msgs/share/px4_msgs/msg/TrajectorySetpoint.idl
[55.260s] -- Up-to-date: /home/maizaied03/ros2_ws/install/px4_msgs/share/px4_msgs/msg/TrajectorySetpoint6dof.idl
[55.260s] -- Up-to-date: /home/maizaied03/ros2_ws/install/px4_msgs/share/px4_msgs/msg/TransponderReport.idl
[55.261s] -- Up-to-date: /home/maizaied03/ros2_ws/install/px4_msgs/share/px4_msgs/msg/TuneControl.idl
[55.261s] -- Up-to-date: /home/maizaied03/ros2_ws/install/px4_msgs/share/px4_msgs/msg/UavcanParameterRequest.idl
[55.261s] -- Up-to-date: /home/maizaied03/ros2_ws/install/px4_msgs/share/px4_msgs/msg/UavcanParameterValue.idl
[55.261s] -- Up-to-date: /home/maizaied03/ros2_ws/install/px4_msgs/share/px4_msgs/msg/UlogStream.idl
[55.262s] -- Up-to-date: /home/maizaied03/ros2_ws/install/px4_msgs/share/px4_msgs/msg/UlogStreamAck.idl
[55.262s] -- Up-to-date: /home/maizaied03/ros2_ws/install/px4_msgs/share/px4_msgs/msg/UnregisterExtComponent.idl
[55.262s] -- Up-to-date: /home/maizaied03/ros2_ws/install/px4_msgs/share/px4_msgs/msg/VehicleAcceleration.idl
[55.262s] -- Up-to-date: /home/maizaied03/ros2_ws/install/px4_msgs/share/px4_msgs/msg/VehicleAirData.idl
[55.263s] -- Up-to-date: /home/maizaied03/ros2_ws/install/px4_msgs/share/px4_msgs/msg/VehicleAngularAccelerationSetpoint.idl
[55.263s] -- Up-to-date: /home/maizaied03/ros2_ws/install/px4_msgs/share/px4_msgs/msg/VehicleAngularVelocity.idl
[55.263s] -- Up-to-date: /home/maizaied03/ros2_ws/install/px4_msgs/share/px4_msgs/msg/VehicleAttitude.idl
[55.264s] -- Up-to-date: /home/maizaied03/ros2_ws/install/px4_msgs/share/px4_msgs/msg/VehicleAttitudeSetpoint.idl
[55.264s] -- Up-to-date: /home/maizaied03/ros2_ws/install/px4_msgs/share/px4_msgs/msg/VehicleCommand.idl
[55.264s] -- Up-to-date: /home/maizaied03/ros2_ws/install/px4_msgs/share/px4_msgs/msg/VehicleCommandAck.idl
[55.264s] -- Up-to-date: /home/maizaied03/ros2_ws/install/px4_msgs/share/px4_msgs/msg/VehicleConstraints.idl
[55.265s] -- Up-to-date: /home/maizaied03/ros2_ws/install/px4_msgs/share/px4_msgs/msg/VehicleControlMode.idl
[55.265s] -- Up-to-date: /home/maizaied03/ros2_ws/install/px4_msgs/share/px4_msgs/msg/VehicleGlobalPosition.idl
[55.265s] -- Up-to-date: /home/maizaied03/ros2_ws/install/px4_msgs/share/px4_msgs/msg/VehicleImu.idl
[55.266s] -- Up-to-date: /home/maizaied03/ros2_ws/install/px4_msgs/share/px4_msgs/msg/VehicleImuStatus.idl
[55.266s] -- Up-to-date: /home/maizaied03/ros2_ws/install/px4_msgs/share/px4_msgs/msg/VehicleLandDetected.idl
[55.266s] -- Up-to-date: /home/maizaied03/ros2_ws/install/px4_msgs/share/px4_msgs/msg/VehicleLocalPosition.idl
[55.266s] -- Up-to-date: /home/maizaied03/ros2_ws/install/px4_msgs/share/px4_msgs/msg/VehicleLocalPositionSetpoint.idl
[55.267s] -- Up-to-date: /home/maizaied03/ros2_ws/install/px4_msgs/share/px4_msgs/msg/VehicleMagnetometer.idl
[55.267s] -- Up-to-date: /home/maizaied03/ros2_ws/install/px4_msgs/share/px4_msgs/msg/VehicleOdometry.idl
[55.267s] -- Up-to-date: /home/maizaied03/ros2_ws/install/px4_msgs/share/px4_msgs/msg/VehicleOpticalFlow.idl
[55.267s] -- Up-to-date: /home/maizaied03/ros2_ws/install/px4_msgs/share/px4_msgs/msg/VehicleOpticalFlowVel.idl
[55.268s] -- Up-to-date: /home/maizaied03/ros2_ws/install/px4_msgs/share/px4_msgs/msg/VehicleRatesSetpoint.idl
[55.268s] -- Up-to-date: /home/maizaied03/ros2_ws/install/px4_msgs/share/px4_msgs/msg/VehicleRoi.idl
[55.268s] -- Up-to-date: /home/maizaied03/ros2_ws/install/px4_msgs/share/px4_msgs/msg/VehicleStatus.idl
[55.268s] -- Up-to-date: /home/maizaied03/ros2_ws/install/px4_msgs/share/px4_msgs/msg/VehicleThrustSetpoint.idl
[55.269s] -- Up-to-date: /home/maizaied03/ros2_ws/install/px4_msgs/share/px4_msgs/msg/VehicleTorqueSetpoint.idl
[55.269s] -- Up-to-date: /home/maizaied03/ros2_ws/install/px4_msgs/share/px4_msgs/msg/VelocityLimits.idl
[55.269s] -- Up-to-date: /home/maizaied03/ros2_ws/install/px4_msgs/share/px4_msgs/msg/VtolVehicleStatus.idl
[55.270s] -- Up-to-date: /home/maizaied03/ros2_ws/install/px4_msgs/share/px4_msgs/msg/Vtx.idl
[55.270s] -- Up-to-date: /home/maizaied03/ros2_ws/install/px4_msgs/share/px4_msgs/msg/WheelEncoders.idl
[55.270s] -- Up-to-date: /home/maizaied03/ros2_ws/install/px4_msgs/share/px4_msgs/msg/Wind.idl
[55.271s] -- Up-to-date: /home/maizaied03/ros2_ws/install/px4_msgs/share/px4_msgs/msg/YawEstimatorStatus.idl
[55.271s] -- Up-to-date: /home/maizaied03/ros2_ws/install/px4_msgs/share/px4_msgs/srv/VehicleCommand.idl
[55.271s] -- Up-to-date: /home/maizaied03/ros2_ws/install/px4_msgs/share/px4_msgs/msg/ActionRequest.msg
[55.271s] -- Up-to-date: /home/maizaied03/ros2_ws/install/px4_msgs/share/px4_msgs/msg/ActuatorArmed.msg
[55.272s] -- Up-to-date: /home/maizaied03/ros2_ws/install/px4_msgs/share/px4_msgs/msg/ActuatorControlsStatus.msg
[55.272s] -- Up-to-date: /home/maizaied03/ros2_ws/install/px4_msgs/share/px4_msgs/msg/ActuatorMotors.msg
[55.272s] -- Up-to-date: /home/maizaied03/ros2_ws/install/px4_msgs/share/px4_msgs/msg/ActuatorOutputs.msg
[55.272s] -- Up-to-date: /home/maizaied03/ros2_ws/install/px4_msgs/share/px4_msgs/msg/ActuatorServos.msg
[55.273s] -- Up-to-date: /home/maizaied03/ros2_ws/install/px4_msgs/share/px4_msgs/msg/ActuatorServosTrim.msg
[55.273s] -- Up-to-date: /home/maizaied03/ros2_ws/install/px4_msgs/share/px4_msgs/msg/ActuatorTest.msg
[55.273s] -- Up-to-date: /home/maizaied03/ros2_ws/install/px4_msgs/share/px4_msgs/msg/AdcReport.msg
[55.274s] -- Up-to-date: /home/maizaied03/ros2_ws/install/px4_msgs/share/px4_msgs/msg/Airspeed.msg
[55.274s] -- Up-to-date: /home/maizaied03/ros2_ws/install/px4_msgs/share/px4_msgs/msg/AirspeedValidated.msg
[55.274s] -- Up-to-date: /home/maizaied03/ros2_ws/install/px4_msgs/share/px4_msgs/msg/AirspeedWind.msg
[55.274s] -- Up-to-date: /home/maizaied03/ros2_ws/install/px4_msgs/share/px4_msgs/msg/ArmingCheckReply.msg
[55.275s] -- Up-to-date: /home/maizaied03/ros2_ws/install/px4_msgs/share/px4_msgs/msg/ArmingCheckRequest.msg
[55.275s] -- Up-to-date: /home/maizaied03/ros2_ws/install/px4_msgs/share/px4_msgs/msg/AutotuneAttitudeControlStatus.msg
[55.275s] -- Up-to-date: /home/maizaied03/ros2_ws/install/px4_msgs/share/px4_msgs/msg/BatteryInfo.msg
[55.275s] -- Up-to-date: /home/maizaied03/ros2_ws/install/px4_msgs/share/px4_msgs/msg/BatteryStatus.msg
[55.276s] -- Up-to-date: /home/maizaied03/ros2_ws/install/px4_msgs/share/px4_msgs/msg/ButtonEvent.msg
[55.276s] -- Up-to-date: /home/maizaied03/ros2_ws/install/px4_msgs/share/px4_msgs/msg/CameraCapture.msg
[55.276s] -- Up-to-date: /home/maizaied03/ros2_ws/install/px4_msgs/share/px4_msgs/msg/CameraStatus.msg
[55.277s] -- Up-to-date: /home/maizaied03/ros2_ws/install/px4_msgs/share/px4_msgs/msg/CameraTrigger.msg
[55.277s] -- Up-to-date: /home/maizaied03/ros2_ws/install/px4_msgs/share/px4_msgs/msg/CanInterfaceStatus.msg
[55.277s] -- Up-to-date: /home/maizaied03/ros2_ws/install/px4_msgs/share/px4_msgs/msg/CellularStatus.msg
[55.277s] -- Up-to-date: /home/maizaied03/ros2_ws/install/px4_msgs/share/px4_msgs/msg/CollisionConstraints.msg
[55.278s] -- Up-to-date: /home/maizaied03/ros2_ws/install/px4_msgs/share/px4_msgs/msg/ConfigOverrides.msg
[55.278s] -- Up-to-date: /home/maizaied03/ros2_ws/install/px4_msgs/share/px4_msgs/msg/ControlAllocatorStatus.msg
[55.278s] -- Up-to-date: /home/maizaied03/ros2_ws/install/px4_msgs/share/px4_msgs/msg/Cpuload.msg
[55.278s] -- Up-to-date: /home/maizaied03/ros2_ws/install/px4_msgs/share/px4_msgs/msg/DatamanRequest.msg
[55.279s] -- Up-to-date: /home/maizaied03/ros2_ws/install/px4_msgs/share/px4_msgs/msg/DatamanResponse.msg
[55.279s] -- Up-to-date: /home/maizaied03/ros2_ws/install/px4_msgs/share/px4_msgs/msg/DebugArray.msg
[55.279s] -- Up-to-date: /home/maizaied03/ros2_ws/install/px4_msgs/share/px4_msgs/msg/DebugKeyValue.msg
[55.280s] -- Up-to-date: /home/maizaied03/ros2_ws/install/px4_msgs/share/px4_msgs/msg/DebugValue.msg
[55.280s] -- Up-to-date: /home/maizaied03/ros2_ws/install/px4_msgs/share/px4_msgs/msg/DebugVect.msg
[55.280s] -- Up-to-date: /home/maizaied03/ros2_ws/install/px4_msgs/share/px4_msgs/msg/DeviceInformation.msg
[55.281s] -- Up-to-date: /home/maizaied03/ros2_ws/install/px4_msgs/share/px4_msgs/msg/DifferentialPressure.msg
[55.281s] -- Up-to-date: /home/maizaied03/ros2_ws/install/px4_msgs/share/px4_msgs/msg/DistanceSensor.msg
[55.281s] -- Up-to-date: /home/maizaied03/ros2_ws/install/px4_msgs/share/px4_msgs/msg/DistanceSensorModeChangeRequest.msg
[55.281s] -- Up-to-date: /home/maizaied03/ros2_ws/install/px4_msgs/share/px4_msgs/msg/DronecanNodeStatus.msg
[55.281s] -- Up-to-date: /home/maizaied03/ros2_ws/install/px4_msgs/share/px4_msgs/msg/Ekf2Timestamps.msg
[55.282s] -- Up-to-date: /home/maizaied03/ros2_ws/install/px4_msgs/share/px4_msgs/msg/EscReport.msg
[55.282s] -- Up-to-date: /home/maizaied03/ros2_ws/install/px4_msgs/share/px4_msgs/msg/EscStatus.msg
[55.282s] -- Up-to-date: /home/maizaied03/ros2_ws/install/px4_msgs/share/px4_msgs/msg/EstimatorAidSource1d.msg
[55.283s] -- Up-to-date: /home/maizaied03/ros2_ws/install/px4_msgs/share/px4_msgs/msg/EstimatorAidSource2d.msg
[55.283s] -- Up-to-date: /home/maizaied03/ros2_ws/install/px4_msgs/share/px4_msgs/msg/EstimatorAidSource3d.msg
[55.283s] -- Up-to-date: /home/maizaied03/ros2_ws/install/px4_msgs/share/px4_msgs/msg/EstimatorBias.msg
[55.283s] -- Up-to-date: /home/maizaied03/ros2_ws/install/px4_msgs/share/px4_msgs/msg/EstimatorBias3d.msg
[55.284s] -- Up-to-date: /home/maizaied03/ros2_ws/install/px4_msgs/share/px4_msgs/msg/EstimatorEventFlags.msg
[55.284s] -- Up-to-date: /home/maizaied03/ros2_ws/install/px4_msgs/share/px4_msgs/msg/EstimatorGpsStatus.msg
[55.284s] -- Up-to-date: /home/maizaied03/ros2_ws/install/px4_msgs/share/px4_msgs/msg/EstimatorInnovations.msg
[55.284s] -- Up-to-date: /home/maizaied03/ros2_ws/install/px4_msgs/share/px4_msgs/msg/EstimatorSelectorStatus.msg
[55.285s] -- Up-to-date: /home/maizaied03/ros2_ws/install/px4_msgs/share/px4_msgs/msg/EstimatorSensorBias.msg
[55.285s] -- Up-to-date: /home/maizaied03/ros2_ws/install/px4_msgs/share/px4_msgs/msg/EstimatorStates.msg
[55.285s] -- Up-to-date: /home/maizaied03/ros2_ws/install/px4_msgs/share/px4_msgs/msg/EstimatorStatus.msg
[55.286s] -- Up-to-date: /home/maizaied03/ros2_ws/install/px4_msgs/share/px4_msgs/msg/EstimatorStatusFlags.msg
[55.286s] -- Up-to-date: /home/maizaied03/ros2_ws/install/px4_msgs/share/px4_msgs/msg/Event.msg
[55.286s] -- Up-to-date: /home/maizaied03/ros2_ws/install/px4_msgs/share/px4_msgs/msg/FailsafeFlags.msg
[55.287s] -- Up-to-date: /home/maizaied03/ros2_ws/install/px4_msgs/share/px4_msgs/msg/FailureDetectorStatus.msg
[55.287s] -- Up-to-date: /home/maizaied03/ros2_ws/install/px4_msgs/share/px4_msgs/msg/FigureEightStatus.msg
[55.287s] -- Up-to-date: /home/maizaied03/ros2_ws/install/px4_msgs/share/px4_msgs/msg/FixedWingLateralGuidanceStatus.msg
[55.287s] -- Up-to-date: /home/maizaied03/ros2_ws/install/px4_msgs/share/px4_msgs/msg/FixedWingLateralSetpoint.msg
[55.288s] -- Up-to-date: /home/maizaied03/ros2_ws/install/px4_msgs/share/px4_msgs/msg/FixedWingLateralStatus.msg
[55.288s] -- Up-to-date: /home/maizaied03/ros2_ws/install/px4_msgs/share/px4_msgs/msg/FixedWingLongitudinalSetpoint.msg
[55.288s] -- Up-to-date: /home/maizaied03/ros2_ws/install/px4_msgs/share/px4_msgs/msg/FixedWingRunwayControl.msg
[55.288s] -- Up-to-date: /home/maizaied03/ros2_ws/install/px4_msgs/share/px4_msgs/msg/FlightPhaseEstimation.msg
[55.289s] -- Up-to-date: /home/maizaied03/ros2_ws/install/px4_msgs/share/px4_msgs/msg/FollowTarget.msg
[55.289s] -- Up-to-date: /home/maizaied03/ros2_ws/install/px4_msgs/share/px4_msgs/msg/FollowTargetEstimator.msg
[55.289s] -- Up-to-date: /home/maizaied03/ros2_ws/install/px4_msgs/share/px4_msgs/msg/FollowTargetStatus.msg
[55.289s] -- Up-to-date: /home/maizaied03/ros2_ws/install/px4_msgs/share/px4_msgs/msg/FuelTankStatus.msg
[55.290s] -- Up-to-date: /home/maizaied03/ros2_ws/install/px4_msgs/share/px4_msgs/msg/GainCompression.msg
[55.290s] -- Up-to-date: /home/maizaied03/ros2_ws/install/px4_msgs/share/px4_msgs/msg/GeneratorStatus.msg
[55.290s] -- Up-to-date: /home/maizaied03/ros2_ws/install/px4_msgs/share/px4_msgs/msg/GeofenceResult.msg
[55.291s] -- Up-to-date: /home/maizaied03/ros2_ws/install/px4_msgs/share/px4_msgs/msg/GeofenceStatus.msg
[55.291s] -- Up-to-date: /home/maizaied03/ros2_ws/install/px4_msgs/share/px4_msgs/msg/GimbalControls.msg
[55.291s] -- Up-to-date: /home/maizaied03/ros2_ws/install/px4_msgs/share/px4_msgs/msg/GimbalDeviceAttitudeStatus.msg
[55.291s] -- Up-to-date: /home/maizaied03/ros2_ws/install/px4_msgs/share/px4_msgs/msg/GimbalDeviceInformation.msg
[55.292s] -- Up-to-date: /home/maizaied03/ros2_ws/install/px4_msgs/share/px4_msgs/msg/GimbalDeviceSetAttitude.msg
[55.292s] -- Up-to-date: /home/maizaied03/ros2_ws/install/px4_msgs/share/px4_msgs/msg/GimbalManagerInformation.msg
[55.292s] -- Up-to-date: /home/maizaied03/ros2_ws/install/px4_msgs/share/px4_msgs/msg/GimbalManagerSetAttitude.msg
[55.293s] -- Up-to-date: /home/maizaied03/ros2_ws/install/px4_msgs/share/px4_msgs/msg/GimbalManagerSetManualControl.msg
[55.293s] -- Up-to-date: /home/maizaied03/ros2_ws/install/px4_msgs/share/px4_msgs/msg/GimbalManagerStatus.msg
[55.293s] -- Up-to-date: /home/maizaied03/ros2_ws/install/px4_msgs/share/px4_msgs/msg/GotoSetpoint.msg
[55.293s] -- Up-to-date: /home/maizaied03/ros2_ws/install/px4_msgs/share/px4_msgs/msg/GpioConfig.msg
[55.294s] -- Up-to-date: /home/maizaied03/ros2_ws/install/px4_msgs/share/px4_msgs/msg/GpioIn.msg
[55.294s] -- Up-to-date: /home/maizaied03/ros2_ws/install/px4_msgs/share/px4_msgs/msg/GpioOut.msg
[55.294s] -- Up-to-date: /home/maizaied03/ros2_ws/install/px4_msgs/share/px4_msgs/msg/GpioRequest.msg
[55.294s] -- Up-to-date: /home/maizaied03/ros2_ws/install/px4_msgs/share/px4_msgs/msg/GpsDump.msg
[55.295s] -- Up-to-date: /home/maizaied03/ros2_ws/install/px4_msgs/share/px4_msgs/msg/GpsInjectData.msg
[55.295s] -- Up-to-date: /home/maizaied03/ros2_ws/install/px4_msgs/share/px4_msgs/msg/Gripper.msg
[55.295s] -- Up-to-date: /home/maizaied03/ros2_ws/install/px4_msgs/share/px4_msgs/msg/HealthReport.msg
[55.295s] -- Up-to-date: /home/maizaied03/ros2_ws/install/px4_msgs/share/px4_msgs/msg/HeaterStatus.msg
[55.296s] -- Up-to-date: /home/maizaied03/ros2_ws/install/px4_msgs/share/px4_msgs/msg/HomePosition.msg
[55.296s] -- Up-to-date: /home/maizaied03/ros2_ws/install/px4_msgs/share/px4_msgs/msg/HoverThrustEstimate.msg
[55.296s] -- Up-to-date: /home/maizaied03/ros2_ws/install/px4_msgs/share/px4_msgs/msg/InputRc.msg
[55.297s] -- Up-to-date: /home/maizaied03/ros2_ws/install/px4_msgs/share/px4_msgs/msg/InternalCombustionEngineControl.msg
[55.297s] -- Up-to-date: /home/maizaied03/ros2_ws/install/px4_msgs/share/px4_msgs/msg/InternalCombustionEngineStatus.msg
[55.297s] -- Up-to-date: /home/maizaied03/ros2_ws/install/px4_msgs/share/px4_msgs/msg/IridiumsbdStatus.msg
[55.298s] -- Up-to-date: /home/maizaied03/ros2_ws/install/px4_msgs/share/px4_msgs/msg/IrlockReport.msg
[55.298s] -- Up-to-date: /home/maizaied03/ros2_ws/install/px4_msgs/share/px4_msgs/msg/LandingGear.msg
[55.298s] -- Up-to-date: /home/maizaied03/ros2_ws/install/px4_msgs/share/px4_msgs/msg/LandingGearWheel.msg
[55.298s] -- Up-to-date: /home/maizaied03/ros2_ws/install/px4_msgs/share/px4_msgs/msg/LandingTargetInnovations.msg
[55.299s] -- Up-to-date: /home/maizaied03/ros2_ws/install/px4_msgs/share/px4_msgs/msg/LandingTargetPose.msg
[55.299s] -- Up-to-date: /home/maizaied03/ros2_ws/install/px4_msgs/share/px4_msgs/msg/LateralControlConfiguration.msg
[55.299s] -- Up-to-date: /home/maizaied03/ros2_ws/install/px4_msgs/share/px4_msgs/msg/LaunchDetectionStatus.msg
[55.299s] -- Up-to-date: /home/maizaied03/ros2_ws/install/px4_msgs/share/px4_msgs/msg/LedControl.msg
[55.300s] -- Up-to-date: /home/maizaied03/ros2_ws/install/px4_msgs/share/px4_msgs/msg/LogMessage.msg
[55.300s] -- Up-to-date: /home/maizaied03/ros2_ws/install/px4_msgs/share/px4_msgs/msg/LoggerStatus.msg
[55.300s] -- Up-to-date: /home/maizaied03/ros2_ws/install/px4_msgs/share/px4_msgs/msg/LongitudinalControlConfiguration.msg
[55.301s] -- Up-to-date: /home/maizaied03/ros2_ws/install/px4_msgs/share/px4_msgs/msg/MagWorkerData.msg
[55.301s] -- Up-to-date: /home/maizaied03/ros2_ws/install/px4_msgs/share/px4_msgs/msg/MagnetometerBiasEstimate.msg
[55.301s] -- Up-to-date: /home/maizaied03/ros2_ws/install/px4_msgs/share/px4_msgs/msg/ManualControlSetpoint.msg
[55.302s] -- Up-to-date: /home/maizaied03/ros2_ws/install/px4_msgs/share/px4_msgs/msg/ManualControlSwitches.msg
[55.302s] -- Up-to-date: /home/maizaied03/ros2_ws/install/px4_msgs/share/px4_msgs/msg/MavlinkLog.msg
[55.302s] -- Up-to-date: /home/maizaied03/ros2_ws/install/px4_msgs/share/px4_msgs/msg/MavlinkTunnel.msg
[55.302s] -- Up-to-date: /home/maizaied03/ros2_ws/install/px4_msgs/share/px4_msgs/msg/MessageFormatRequest.msg
[55.303s] -- Up-to-date: /home/maizaied03/ros2_ws/install/px4_msgs/share/px4_msgs/msg/MessageFormatResponse.msg
[55.303s] -- Up-to-date: /home/maizaied03/ros2_ws/install/px4_msgs/share/px4_msgs/msg/Mission.msg
[55.303s] -- Up-to-date: /home/maizaied03/ros2_ws/install/px4_msgs/share/px4_msgs/msg/MissionResult.msg
[55.303s] -- Up-to-date: /home/maizaied03/ros2_ws/install/px4_msgs/share/px4_msgs/msg/ModeCompleted.msg
[55.304s] -- Up-to-date: /home/maizaied03/ros2_ws/install/px4_msgs/share/px4_msgs/msg/MountOrientation.msg
[55.304s] -- Up-to-date: /home/maizaied03/ros2_ws/install/px4_msgs/share/px4_msgs/msg/NavigatorMissionItem.msg
[55.304s] -- Up-to-date: /home/maizaied03/ros2_ws/install/px4_msgs/share/px4_msgs/msg/NavigatorStatus.msg
[55.305s] -- Up-to-date: /home/maizaied03/ros2_ws/install/px4_msgs/share/px4_msgs/msg/NeuralControl.msg
[55.305s] -- Up-to-date: /home/maizaied03/ros2_ws/install/px4_msgs/share/px4_msgs/msg/NormalizedUnsignedSetpoint.msg
[55.305s] -- Up-to-date: /home/maizaied03/ros2_ws/install/px4_msgs/share/px4_msgs/msg/ObstacleDistance.msg
[55.305s] -- Up-to-date: /home/maizaied03/ros2_ws/install/px4_msgs/share/px4_msgs/msg/OffboardControlMode.msg
[55.306s] -- Up-to-date: /home/maizaied03/ros2_ws/install/px4_msgs/share/px4_msgs/msg/OnboardComputerStatus.msg
[55.306s] -- Up-to-date: /home/maizaied03/ros2_ws/install/px4_msgs/share/px4_msgs/msg/OpenDroneIdArmStatus.msg
[55.306s] -- Up-to-date: /home/maizaied03/ros2_ws/install/px4_msgs/share/px4_msgs/msg/OpenDroneIdOperatorId.msg
[55.307s] -- Up-to-date: /home/maizaied03/ros2_ws/install/px4_msgs/share/px4_msgs/msg/OpenDroneIdSelfId.msg
[55.307s] -- Up-to-date: /home/maizaied03/ros2_ws/install/px4_msgs/share/px4_msgs/msg/OpenDroneIdSystem.msg
[55.307s] -- Up-to-date: /home/maizaied03/ros2_ws/install/px4_msgs/share/px4_msgs/msg/OrbTest.msg
[55.307s] -- Up-to-date: /home/maizaied03/ros2_ws/install/px4_msgs/share/px4_msgs/msg/OrbTestLarge.msg
[55.308s] -- Up-to-date: /home/maizaied03/ros2_ws/install/px4_msgs/share/px4_msgs/msg/OrbTestMedium.msg
[55.308s] -- Up-to-date: /home/maizaied03/ros2_ws/install/px4_msgs/share/px4_msgs/msg/OrbitStatus.msg
[55.308s] -- Up-to-date: /home/maizaied03/ros2_ws/install/px4_msgs/share/px4_msgs/msg/ParameterResetRequest.msg
[55.308s] -- Up-to-date: /home/maizaied03/ros2_ws/install/px4_msgs/share/px4_msgs/msg/ParameterSetUsedRequest.msg
[55.309s] -- Up-to-date: /home/maizaied03/ros2_ws/install/px4_msgs/share/px4_msgs/msg/ParameterSetValueRequest.msg
[55.309s] -- Up-to-date: /home/maizaied03/ros2_ws/install/px4_msgs/share/px4_msgs/msg/ParameterSetValueResponse.msg
[55.309s] -- Up-to-date: /home/maizaied03/ros2_ws/install/px4_msgs/share/px4_msgs/msg/ParameterUpdate.msg
[55.309s] -- Up-to-date: /home/maizaied03/ros2_ws/install/px4_msgs/share/px4_msgs/msg/Ping.msg
[55.310s] -- Up-to-date: /home/maizaied03/ros2_ws/install/px4_msgs/share/px4_msgs/msg/PositionControllerLandingStatus.msg
[55.310s] -- Up-to-date: /home/maizaied03/ros2_ws/install/px4_msgs/share/px4_msgs/msg/PositionControllerStatus.msg
[55.310s] -- Up-to-date: /home/maizaied03/ros2_ws/install/px4_msgs/share/px4_msgs/msg/PositionSetpoint.msg
[55.311s] -- Up-to-date: /home/maizaied03/ros2_ws/install/px4_msgs/share/px4_msgs/msg/PositionSetpointTriplet.msg
[55.311s] -- Up-to-date: /home/maizaied03/ros2_ws/install/px4_msgs/share/px4_msgs/msg/PowerButtonState.msg
[55.311s] -- Up-to-date: /home/maizaied03/ros2_ws/install/px4_msgs/share/px4_msgs/msg/PowerMonitor.msg
[55.312s] -- Up-to-date: /home/maizaied03/ros2_ws/install/px4_msgs/share/px4_msgs/msg/PpsCapture.msg
[55.312s] -- Up-to-date: /home/maizaied03/ros2_ws/install/px4_msgs/share/px4_msgs/msg/PurePursuitStatus.msg
[55.312s] -- Up-to-date: /home/maizaied03/ros2_ws/install/px4_msgs/share/px4_msgs/msg/PwmInput.msg
[55.312s] -- Up-to-date: /home/maizaied03/ros2_ws/install/px4_msgs/share/px4_msgs/msg/Px4ioStatus.msg
[55.313s] -- Up-to-date: /home/maizaied03/ros2_ws/install/px4_msgs/share/px4_msgs/msg/QshellReq.msg
[55.313s] -- Up-to-date: /home/maizaied03/ros2_ws/install/px4_msgs/share/px4_msgs/msg/QshellRetval.msg
[55.313s] -- Up-to-date: /home/maizaied03/ros2_ws/install/px4_msgs/share/px4_msgs/msg/RadioStatus.msg
[55.314s] -- Up-to-date: /home/maizaied03/ros2_ws/install/px4_msgs/share/px4_msgs/msg/RaptorInput.msg
[55.314s] -- Up-to-date: /home/maizaied03/ros2_ws/install/px4_msgs/share/px4_msgs/msg/RaptorStatus.msg
[55.314s] -- Up-to-date: /home/maizaied03/ros2_ws/install/px4_msgs/share/px4_msgs/msg/RateCtrlStatus.msg
[55.314s] -- Up-to-date: /home/maizaied03/ros2_ws/install/px4_msgs/share/px4_msgs/msg/RcChannels.msg
[55.315s] -- Up-to-date: /home/maizaied03/ros2_ws/install/px4_msgs/share/px4_msgs/msg/RcParameterMap.msg
[55.315s] -- Up-to-date: /home/maizaied03/ros2_ws/install/px4_msgs/share/px4_msgs/msg/RegisterExtComponentReply.msg
[55.315s] -- Up-to-date: /home/maizaied03/ros2_ws/install/px4_msgs/share/px4_msgs/msg/RegisterExtComponentRequest.msg
[55.316s] -- Up-to-date: /home/maizaied03/ros2_ws/install/px4_msgs/share/px4_msgs/msg/RoverAttitudeSetpoint.msg
[55.316s] -- Up-to-date: /home/maizaied03/ros2_ws/install/px4_msgs/share/px4_msgs/msg/RoverAttitudeStatus.msg
[55.316s] -- Up-to-date: /home/maizaied03/ros2_ws/install/px4_msgs/share/px4_msgs/msg/RoverPositionSetpoint.msg
[55.316s] -- Up-to-date: /home/maizaied03/ros2_ws/install/px4_msgs/share/px4_msgs/msg/RoverRateSetpoint.msg
[55.317s] -- Up-to-date: /home/maizaied03/ros2_ws/install/px4_msgs/share/px4_msgs/msg/RoverRateStatus.msg
[55.317s] -- Up-to-date: /home/maizaied03/ros2_ws/install/px4_msgs/share/px4_msgs/msg/RoverSpeedSetpoint.msg
[55.317s] -- Up-to-date: /home/maizaied03/ros2_ws/install/px4_msgs/share/px4_msgs/msg/RoverSpeedStatus.msg
[55.317s] -- Up-to-date: /home/maizaied03/ros2_ws/install/px4_msgs/share/px4_msgs/msg/RoverSteeringSetpoint.msg
[55.318s] -- Up-to-date: /home/maizaied03/ros2_ws/install/px4_msgs/share/px4_msgs/msg/RoverThrottleSetpoint.msg
[55.318s] -- Up-to-date: /home/maizaied03/ros2_ws/install/px4_msgs/share/px4_msgs/msg/Rpm.msg
[55.318s] -- Up-to-date: /home/maizaied03/ros2_ws/install/px4_msgs/share/px4_msgs/msg/RtlStatus.msg
[55.319s] -- Up-to-date: /home/maizaied03/ros2_ws/install/px4_msgs/share/px4_msgs/msg/RtlTimeEstimate.msg
[55.319s] -- Up-to-date: /home/maizaied03/ros2_ws/install/px4_msgs/share/px4_msgs/msg/SatelliteInfo.msg
[55.319s] -- Up-to-date: /home/maizaied03/ros2_ws/install/px4_msgs/share/px4_msgs/msg/SensorAccel.msg
[55.319s] -- Up-to-date: /home/maizaied03/ros2_ws/install/px4_msgs/share/px4_msgs/msg/SensorAccelFifo.msg
[55.320s] -- Up-to-date: /home/maizaied03/ros2_ws/install/px4_msgs/share/px4_msgs/msg/SensorAirflow.msg
[55.320s] -- Up-to-date: /home/maizaied03/ros2_ws/install/px4_msgs/share/px4_msgs/msg/SensorBaro.msg
[55.320s] -- Up-to-date: /home/maizaied03/ros2_ws/install/px4_msgs/share/px4_msgs/msg/SensorCombined.msg
[55.321s] -- Up-to-date: /home/maizaied03/ros2_ws/install/px4_msgs/share/px4_msgs/msg/SensorCorrection.msg
[55.321s] -- Up-to-date: /home/maizaied03/ros2_ws/install/px4_msgs/share/px4_msgs/msg/SensorGnssRelative.msg
[55.321s] -- Up-to-date: /home/maizaied03/ros2_ws/install/px4_msgs/share/px4_msgs/msg/SensorGnssStatus.msg
[55.321s] -- Up-to-date: /home/maizaied03/ros2_ws/install/px4_msgs/share/px4_msgs/msg/SensorGps.msg
[55.322s] -- Up-to-date: /home/maizaied03/ros2_ws/install/px4_msgs/share/px4_msgs/msg/SensorGyro.msg
[55.322s] -- Up-to-date: /home/maizaied03/ros2_ws/install/px4_msgs/share/px4_msgs/msg/SensorGyroFft.msg
[55.322s] -- Up-to-date: /home/maizaied03/ros2_ws/install/px4_msgs/share/px4_msgs/msg/SensorGyroFifo.msg
[55.323s] -- Up-to-date: /home/maizaied03/ros2_ws/install/px4_msgs/share/px4_msgs/msg/SensorHygrometer.msg
[55.323s] -- Up-to-date: /home/maizaied03/ros2_ws/install/px4_msgs/share/px4_msgs/msg/SensorMag.msg
[55.323s] -- Up-to-date: /home/maizaied03/ros2_ws/install/px4_msgs/share/px4_msgs/msg/SensorOpticalFlow.msg
[55.323s] -- Up-to-date: /home/maizaied03/ros2_ws/install/px4_msgs/share/px4_msgs/msg/SensorPreflightMag.msg
[55.324s] -- Up-to-date: /home/maizaied03/ros2_ws/install/px4_msgs/share/px4_msgs/msg/SensorSelection.msg
[55.324s] -- Up-to-date: /home/maizaied03/ros2_ws/install/px4_msgs/share/px4_msgs/msg/SensorTemp.msg
[55.324s] -- Up-to-date: /home/maizaied03/ros2_ws/install/px4_msgs/share/px4_msgs/msg/SensorUwb.msg
[55.325s] -- Up-to-date: /home/maizaied03/ros2_ws/install/px4_msgs/share/px4_msgs/msg/SensorsStatus.msg
[55.325s] -- Up-to-date: /home/maizaied03/ros2_ws/install/px4_msgs/share/px4_msgs/msg/SensorsStatusImu.msg
[55.325s] -- Up-to-date: /home/maizaied03/ros2_ws/install/px4_msgs/share/px4_msgs/msg/SystemPower.msg
[55.325s] -- Up-to-date: /home/maizaied03/ros2_ws/install/px4_msgs/share/px4_msgs/msg/TakeoffStatus.msg
[55.326s] -- Up-to-date: /home/maizaied03/ros2_ws/install/px4_msgs/share/px4_msgs/msg/TaskStackInfo.msg
[55.326s] -- Up-to-date: /home/maizaied03/ros2_ws/install/px4_msgs/share/px4_msgs/msg/TecsStatus.msg
[55.326s] -- Up-to-date: /home/maizaied03/ros2_ws/install/px4_msgs/share/px4_msgs/msg/TelemetryStatus.msg
[55.327s] -- Up-to-date: /home/maizaied03/ros2_ws/install/px4_msgs/share/px4_msgs/msg/TiltrotorExtraControls.msg
[55.327s] -- Up-to-date: /home/maizaied03/ros2_ws/install/px4_msgs/share/px4_msgs/msg/TimesyncStatus.msg
[55.327s] -- Up-to-date: /home/maizaied03/ros2_ws/install/px4_msgs/share/px4_msgs/msg/TrajectorySetpoint.msg
[55.327s] -- Up-to-date: /home/maizaied03/ros2_ws/install/px4_msgs/share/px4_msgs/msg/TrajectorySetpoint6dof.msg
[55.328s] -- Up-to-date: /home/maizaied03/ros2_ws/install/px4_msgs/share/px4_msgs/msg/TransponderReport.msg
[55.328s] -- Up-to-date: /home/maizaied03/ros2_ws/install/px4_msgs/share/px4_msgs/msg/TuneControl.msg
[55.328s] -- Up-to-date: /home/maizaied03/ros2_ws/install/px4_msgs/share/px4_msgs/msg/UavcanParameterRequest.msg
[55.329s] -- Up-to-date: /home/maizaied03/ros2_ws/install/px4_msgs/share/px4_msgs/msg/UavcanParameterValue.msg
[55.329s] -- Up-to-date: /home/maizaied03/ros2_ws/install/px4_msgs/share/px4_msgs/msg/UlogStream.msg
[55.329s] -- Up-to-date: /home/maizaied03/ros2_ws/install/px4_msgs/share/px4_msgs/msg/UlogStreamAck.msg
[55.329s] -- Up-to-date: /home/maizaied03/ros2_ws/install/px4_msgs/share/px4_msgs/msg/UnregisterExtComponent.msg
[55.330s] -- Up-to-date: /home/maizaied03/ros2_ws/install/px4_msgs/share/px4_msgs/msg/VehicleAcceleration.msg
[55.330s] -- Up-to-date: /home/maizaied03/ros2_ws/install/px4_msgs/share/px4_msgs/msg/VehicleAirData.msg
[55.330s] -- Up-to-date: /home/maizaied03/ros2_ws/install/px4_msgs/share/px4_msgs/msg/VehicleAngularAccelerationSetpoint.msg
[55.330s] -- Up-to-date: /home/maizaied03/ros2_ws/install/px4_msgs/share/px4_msgs/msg/VehicleAngularVelocity.msg
[55.331s] -- Up-to-date: /home/maizaied03/ros2_ws/install/px4_msgs/share/px4_msgs/msg/VehicleAttitude.msg
[55.331s] -- Up-to-date: /home/maizaied03/ros2_ws/install/px4_msgs/share/px4_msgs/msg/VehicleAttitudeSetpoint.msg
[55.331s] -- Up-to-date: /home/maizaied03/ros2_ws/install/px4_msgs/share/px4_msgs/msg/VehicleCommand.msg
[55.332s] -- Up-to-date: /home/maizaied03/ros2_ws/install/px4_msgs/share/px4_msgs/msg/VehicleCommandAck.msg
[55.332s] -- Up-to-date: /home/maizaied03/ros2_ws/install/px4_msgs/share/px4_msgs/msg/VehicleConstraints.msg
[55.332s] -- Up-to-date: /home/maizaied03/ros2_ws/install/px4_msgs/share/px4_msgs/msg/VehicleControlMode.msg
[55.333s] -- Up-to-date: /home/maizaied03/ros2_ws/install/px4_msgs/share/px4_msgs/msg/VehicleGlobalPosition.msg
[55.333s] -- Up-to-date: /home/maizaied03/ros2_ws/install/px4_msgs/share/px4_msgs/msg/VehicleImu.msg
[55.333s] -- Up-to-date: /home/maizaied03/ros2_ws/install/px4_msgs/share/px4_msgs/msg/VehicleImuStatus.msg
[55.333s] -- Up-to-date: /home/maizaied03/ros2_ws/install/px4_msgs/share/px4_msgs/msg/VehicleLandDetected.msg
[55.334s] -- Up-to-date: /home/maizaied03/ros2_ws/install/px4_msgs/share/px4_msgs/msg/VehicleLocalPosition.msg
[55.334s] -- Up-to-date: /home/maizaied03/ros2_ws/install/px4_msgs/share/px4_msgs/msg/VehicleLocalPositionSetpoint.msg
[55.334s] -- Up-to-date: /home/maizaied03/ros2_ws/install/px4_msgs/share/px4_msgs/msg/VehicleMagnetometer.msg
[55.335s] -- Up-to-date: /home/maizaied03/ros2_ws/install/px4_msgs/share/px4_msgs/msg/VehicleOdometry.msg
[55.335s] -- Up-to-date: /home/maizaied03/ros2_ws/install/px4_msgs/share/px4_msgs/msg/VehicleOpticalFlow.msg
[55.335s] -- Up-to-date: /home/maizaied03/ros2_ws/install/px4_msgs/share/px4_msgs/msg/VehicleOpticalFlowVel.msg
[55.336s] -- Up-to-date: /home/maizaied03/ros2_ws/install/px4_msgs/share/px4_msgs/msg/VehicleRatesSetpoint.msg
[55.336s] -- Up-to-date: /home/maizaied03/ros2_ws/install/px4_msgs/share/px4_msgs/msg/VehicleRoi.msg
[55.336s] -- Up-to-date: /home/maizaied03/ros2_ws/install/px4_msgs/share/px4_msgs/msg/VehicleStatus.msg
[55.336s] -- Up-to-date: /home/maizaied03/ros2_ws/install/px4_msgs/share/px4_msgs/msg/VehicleThrustSetpoint.msg
[55.337s] -- Up-to-date: /home/maizaied03/ros2_ws/install/px4_msgs/share/px4_msgs/msg/VehicleTorqueSetpoint.msg
[55.337s] -- Up-to-date: /home/maizaied03/ros2_ws/install/px4_msgs/share/px4_msgs/msg/VelocityLimits.msg
[55.337s] -- Up-to-date: /home/maizaied03/ros2_ws/install/px4_msgs/share/px4_msgs/msg/VtolVehicleStatus.msg
[55.337s] -- Up-to-date: /home/maizaied03/ros2_ws/install/px4_msgs/share/px4_msgs/msg/Vtx.msg
[55.338s] -- Up-to-date: /home/maizaied03/ros2_ws/install/px4_msgs/share/px4_msgs/msg/WheelEncoders.msg
[55.338s] -- Up-to-date: /home/maizaied03/ros2_ws/install/px4_msgs/share/px4_msgs/msg/Wind.msg
[55.338s] -- Up-to-date: /home/maizaied03/ros2_ws/install/px4_msgs/share/px4_msgs/msg/YawEstimatorStatus.msg
[55.338s] -- Up-to-date: /home/maizaied03/ros2_ws/install/px4_msgs/share/px4_msgs/srv/VehicleCommand.srv
[55.339s] -- Up-to-date: /home/maizaied03/ros2_ws/install/px4_msgs/share/px4_msgs/srv/VehicleCommand_Request.msg
[55.339s] -- Up-to-date: /home/maizaied03/ros2_ws/install/px4_msgs/share/px4_msgs/srv/VehicleCommand_Response.msg
[55.339s] -- Up-to-date: /home/maizaied03/ros2_ws/install/px4_msgs/share/ament_index/resource_index/package_run_dependencies/px4_msgs
[55.340s] -- Up-to-date: /home/maizaied03/ros2_ws/install/px4_msgs/share/ament_index/resource_index/parent_prefix_path/px4_msgs
[55.340s] -- Up-to-date: /home/maizaied03/ros2_ws/install/px4_msgs/share/px4_msgs/environment/ament_prefix_path.sh
[55.340s] -- Up-to-date: /home/maizaied03/ros2_ws/install/px4_msgs/share/px4_msgs/environment/ament_prefix_path.dsv
[55.341s] -- Up-to-date: /home/maizaied03/ros2_ws/install/px4_msgs/share/px4_msgs/environment/path.sh
[55.341s] -- Up-to-date: /home/maizaied03/ros2_ws/install/px4_msgs/share/px4_msgs/environment/path.dsv
[55.341s] -- Up-to-date: /home/maizaied03/ros2_ws/install/px4_msgs/share/px4_msgs/local_setup.bash
[55.341s] -- Up-to-date: /home/maizaied03/ros2_ws/install/px4_msgs/share/px4_msgs/local_setup.sh
[55.342s] -- Up-to-date: /home/maizaied03/ros2_ws/install/px4_msgs/share/px4_msgs/local_setup.zsh
[55.342s] -- Up-to-date: /home/maizaied03/ros2_ws/install/px4_msgs/share/px4_msgs/local_setup.dsv
[55.342s] -- Installing: /home/maizaied03/ros2_ws/install/px4_msgs/share/px4_msgs/package.dsv
[55.343s] -- Up-to-date: /home/maizaied03/ros2_ws/install/px4_msgs/share/ament_index/resource_index/packages/px4_msgs
[55.344s] -- Up-to-date: /home/maizaied03/ros2_ws/install/px4_msgs/share/px4_msgs/cmake/export_px4_msgs__rosidl_generator_cExport.cmake
[55.344s] -- Up-to-date: /home/maizaied03/ros2_ws/install/px4_msgs/share/px4_msgs/cmake/export_px4_msgs__rosidl_generator_cExport-noconfig.cmake
[55.345s] -- Up-to-date: /home/maizaied03/ros2_ws/install/px4_msgs/share/px4_msgs/cmake/export_px4_msgs__rosidl_typesupport_fastrtps_cExport.cmake
[55.345s] -- Up-to-date: /home/maizaied03/ros2_ws/install/px4_msgs/share/px4_msgs/cmake/export_px4_msgs__rosidl_typesupport_fastrtps_cExport-noconfig.cmake
[55.346s] -- Up-to-date: /home/maizaied03/ros2_ws/install/px4_msgs/share/px4_msgs/cmake/export_px4_msgs__rosidl_generator_cppExport.cmake
[55.347s] -- Up-to-date: /home/maizaied03/ros2_ws/install/px4_msgs/share/px4_msgs/cmake/export_px4_msgs__rosidl_typesupport_fastrtps_cppExport.cmake
[55.347s] -- Up-to-date: /home/maizaied03/ros2_ws/install/px4_msgs/share/px4_msgs/cmake/export_px4_msgs__rosidl_typesupport_fastrtps_cppExport-noconfig.cmake
[55.348s] -- Up-to-date: /home/maizaied03/ros2_ws/install/px4_msgs/share/px4_msgs/cmake/px4_msgs__rosidl_typesupport_introspection_cExport.cmake
[55.348s] -- Up-to-date: /home/maizaied03/ros2_ws/install/px4_msgs/share/px4_msgs/cmake/px4_msgs__rosidl_typesupport_introspection_cExport-noconfig.cmake
[55.349s] -- Up-to-date: /home/maizaied03/ros2_ws/install/px4_msgs/share/px4_msgs/cmake/px4_msgs__rosidl_typesupport_cExport.cmake
[55.349s] -- Up-to-date: /home/maizaied03/ros2_ws/install/px4_msgs/share/px4_msgs/cmake/px4_msgs__rosidl_typesupport_cExport-noconfig.cmake
[55.350s] -- Up-to-date: /home/maizaied03/ros2_ws/install/px4_msgs/share/px4_msgs/cmake/px4_msgs__rosidl_typesupport_introspection_cppExport.cmake
[55.350s] -- Up-to-date: /home/maizaied03/ros2_ws/install/px4_msgs/share/px4_msgs/cmake/px4_msgs__rosidl_typesupport_introspection_cppExport-noconfig.cmake
[55.351s] -- Up-to-date: /home/maizaied03/ros2_ws/install/px4_msgs/share/px4_msgs/cmake/px4_msgs__rosidl_typesupport_cppExport.cmake
[55.351s] -- Up-to-date: /home/maizaied03/ros2_ws/install/px4_msgs/share/px4_msgs/cmake/px4_msgs__rosidl_typesupport_cppExport-noconfig.cmake
[55.352s] -- Up-to-date: /home/maizaied03/ros2_ws/install/px4_msgs/share/px4_msgs/cmake/export_px4_msgs__rosidl_generator_pyExport.cmake
[55.353s] -- Up-to-date: /home/maizaied03/ros2_ws/install/px4_msgs/share/px4_msgs/cmake/export_px4_msgs__rosidl_generator_pyExport-noconfig.cmake
[55.353s] -- Up-to-date: /home/maizaied03/ros2_ws/install/px4_msgs/share/px4_msgs/cmake/rosidl_cmake-extras.cmake
[55.353s] -- Up-to-date: /home/maizaied03/ros2_ws/install/px4_msgs/share/px4_msgs/cmake/ament_cmake_export_dependencies-extras.cmake
[55.353s] -- Up-to-date: /home/maizaied03/ros2_ws/install/px4_msgs/share/px4_msgs/cmake/ament_cmake_export_include_directories-extras.cmake
[55.354s] -- Up-to-date: /home/maizaied03/ros2_ws/install/px4_msgs/share/px4_msgs/cmake/ament_cmake_export_libraries-extras.cmake
[55.354s] -- Up-to-date: /home/maizaied03/ros2_ws/install/px4_msgs/share/px4_msgs/cmake/ament_cmake_export_targets-extras.cmake
[55.354s] -- Up-to-date: /home/maizaied03/ros2_ws/install/px4_msgs/share/px4_msgs/cmake/rosidl_cmake_export_typesupport_targets-extras.cmake
[55.354s] -- Up-to-date: /home/maizaied03/ros2_ws/install/px4_msgs/share/px4_msgs/cmake/rosidl_cmake_export_typesupport_libraries-extras.cmake
[55.355s] -- Up-to-date: /home/maizaied03/ros2_ws/install/px4_msgs/share/px4_msgs/cmake/px4_msgsConfig.cmake
[55.355s] -- Up-to-date: /home/maizaied03/ros2_ws/install/px4_msgs/share/px4_msgs/cmake/px4_msgsConfig-version.cmake
[55.355s] -- Up-to-date: /home/maizaied03/ros2_ws/install/px4_msgs/share/px4_msgs/package.xml
[55.359s] Invoked command in '/home/maizaied03/ros2_ws/build/px4_msgs' returned '0': CMAKE_PREFIX_PATH=/opt/ros/humble /usr/bin/cmake --install /home/maizaied03/ros2_ws/build/px4_msgs
