[0.000000] (-) TimerEvent: {}
[0.003812] (-) JobUnselected: {'identifier': 'drone_node'}
[0.003876] (-) JobUnselected: {'identifier': 'multi_drone_offboard'}
[0.003899] (px4_msgs) JobQueued: {'identifier': 'px4_msgs', 'dependencies': OrderedDict()}
[0.003922] (fog_node) JobQueued: {'identifier': 'fog_node', 'dependencies': OrderedDict([('px4_msgs', '/home/maizaied03/ros2_ws/install/px4_msgs')])}
[0.003942] (px4_msgs) JobStarted: {'identifier': 'px4_msgs'}
[0.007230] (px4_msgs) JobProgress: {'identifier': 'px4_msgs', 'progress': 'cmake'}
[0.007592] (px4_msgs) JobProgress: {'identifier': 'px4_msgs', 'progress': 'build'}
[0.008024] (px4_msgs) Command: {'cmd': ['/usr/bin/cmake', '--build', '/home/maizaied03/ros2_ws/build/px4_msgs', '--', '-j8', '-l8'], 'cwd': '/home/maizaied03/ros2_ws/build/px4_msgs', 'env': OrderedDict([('LESSOPEN', '| /usr/bin/lesspipe %s'), ('GZ_SIM_RESOURCE_PATH', ':/home/maizaied03/PX4-Autopilot/Tools/simulation/gz/models'), ('USER', 'maizaied03'), ('XDG_SESSION_TYPE', 'x11'), ('SHLVL', '1'), ('LD_LIBRARY_PATH', '/home/maizaied03/ros2_ws/install/px4_msgs/lib:/opt/ros/humble/opt/rviz_ogre_vendor/lib:/opt/ros/humble/lib/x86_64-linux-gnu:/opt/ros/humble/lib'), ('HOME', '/home/maizaied03'), ('OLDPWD', '/home/maizaied03/ros2_ws/src/px4_msgs'), ('DESKTOP_SESSION', 'ubuntu'), ('ROS_PYTHON_VERSION', '3'), ('GNOME_SHELL_SESSION_MODE', 'ubuntu'), ('GTK_MODULES', 'gail:atk-bridge'), ('SYSTEMD_EXEC_PID', '1934'), ('DBUS_SESSION_BUS_ADDRESS', 'unix:path=/run/user/1000/bus'), ('COLORTERM', 'truecolor'), ('COLCON_PREFIX_PATH', '/home/maizaied03/ros2_ws/install'), ('ROS_DISTRO', 'humble'), ('GTK_IM_MODULE', 'ibus'), ('LOGNAME', 'maizaied03'), ('_', '/usr/bin/colcon'), ('ROS_VERSION', '2'), ('XDG_SESSION_CLASS', 'user'), ('USERNAME', 'maizaied03'), ('TERM', 'xterm-256color'), ('GNOME_DESKTOP_SESSION_ID', 'this-is-deprecated'), ('ROS_LOCALHOST_ONLY', '0'), ('WINDOWPATH', '2'), ('PATH', '/opt/ros/humble/bin:/home/maizaied03/.local/bin:/usr/local/sbin:/usr/local/bin:/usr/sbin:/usr/bin:/sbin:/bin:/usr/games:/usr/local/games:/snap/bin:/snap/bin:/opt/xtensa-esp-elf/bin/:/opt/xtensa-esp-elf/bin/'), ('SESSION_MANAGER', 'local/maizaied03-ASUS-TUF-Dash-F15-FX516PE-FX516PE:@/tmp/.ICE-unix/1895,unix/maizaied03-ASUS-TUF-Dash-F15-FX516PE-FX516PE:/tmp/.ICE-unix/1895'), ('XDG_MENU_PREFIX', 'gnome-'), ('GNOME_TERMINAL_SCREEN', '/org/gnome/Terminal/screen/96fc513f_ed26_4457_b509_abb59ca4376e'), ('XDG_RUNTIME_DIR', '/run/user/1000'), ('DISPLAY', ':1'), ('LANG', 'en_US.UTF-8'), ('XDG_CURRENT_DESKTOP', 'ubuntu:GNOME'), ('XMODIFIERS', '@im=ibus'), ('XDG_SESSION_DESKTOP', 'ubuntu'), ('XAUTHORITY', '/run/user/1000/gdm/Xauthority'), ('LS_COLORS', 'rs=0:di=01;34:ln=01;36:mh=00:pi=40;33:so=01;35:do=01;35:bd=40;33;01:cd=40;33;01:or=40;31;01:mi=00:su=37;41:sg=30;43:ca=30;41:tw=30;42:ow=34;42:st=37;44:ex=01;32:*.tar=01;31:*.tgz=01;31:*.arc=01;31:*.arj=01;31:*.taz=01;31:*.lha=01;31:*.lz4=01;31:*.lzh=01;31:*.lzma=01;31:*.tlz=01;31:*.txz=01;31:*.tzo=01;31:*.t7z=01;31:*.zip=01;31:*.z=01;31:*.dz=01;31:*.gz=01;31:*.lrz=01;31:*.lz=01;31:*.lzo=01;31:*.xz=01;31:*.zst=01;31:*.tzst=01;31:*.bz2=01;31:*.bz=01;31:*.tbz=01;31:*.tbz2=01;31:*.tz=01;31:*.deb=01;31:*.rpm=01;31:*.jar=01;31:*.war=01;31:*.ear=01;31:*.sar=01;31:*.rar=01;31:*.alz=01;31:*.ace=01;31:*.zoo=01;31:*.cpio=01;31:*.7z=01;31:*.rz=01;31:*.cab=01;31:*.wim=01;31:*.swm=01;31:*.dwm=01;31:*.esd=01;31:*.jpg=01;35:*.jpeg=01;35:*.mjpg=01;35:*.mjpeg=01;35:*.gif=01;35:*.bmp=01;35:*.pbm=01;35:*.pgm=01;35:*.ppm=01;35:*.tga=01;35:*.xbm=01;35:*.xpm=01;35:*.tif=01;35:*.tiff=01;35:*.png=01;35:*.svg=01;35:*.svgz=01;35:*.mng=01;35:*.pcx=01;35:*.mov=01;35:*.mpg=01;35:*.mpeg=01;35:*.m2v=01;35:*.mkv=01;35:*.webm=01;35:*.webp=01;35:*.ogm=01;35:*.mp4=01;35:*.m4v=01;35:*.mp4v=01;35:*.vob=01;35:*.qt=01;35:*.nuv=01;35:*.wmv=01;35:*.asf=01;35:*.rm=01;35:*.rmvb=01;35:*.flc=01;35:*.avi=01;35:*.fli=01;35:*.flv=01;35:*.gl=01;35:*.dl=01;35:*.xcf=01;35:*.xwd=01;35:*.yuv=01;35:*.cgm=01;35:*.emf=01;35:*.ogv=01;35:*.ogx=01;35:*.aac=00;36:*.au=00;36:*.flac=00;36:*.m4a=00;36:*.mid=00;36:*.midi=00;36:*.mka=00;36:*.mp3=00;36:*.mpc=00;36:*.ogg=00;36:*.ra=00;36:*.wav=00;36:*.oga=00;36:*.opus=00;36:*.spx=00;36:*.xspf=00;36:'), ('GNOME_TERMINAL_SERVICE', ':1.119'), ('SSH_AGENT_LAUNCHER', 'gnome-keyring'), ('SSH_AUTH_SOCK', '/run/user/1000/keyring/ssh'), ('AMENT_PREFIX_PATH', '/home/maizaied03/ros2_ws/install/multi_drone_offboard:/home/maizaied03/ros2_ws/install/fog_node:/home/maizaied03/ros2_ws/install/px4_msgs:/home/maizaied03/ros2_ws/install/drone_node:/opt/ros/humble'), ('SHELL', '/bin/bash'), ('QT_ACCESSIBILITY', '1'), ('GDMSESSION', 'ubuntu'), ('LESSCLOSE', '/usr/bin/lesspipe %s %s'), ('GPG_AGENT_INFO', '/run/user/1000/gnupg/S.gpg-agent:0:1'), ('QT_IM_MODULE', 'ibus'), ('PWD', '/home/maizaied03/ros2_ws/build/px4_msgs'), ('LC_ALL', 'en_US.UTF-8'), ('XDG_CONFIG_DIRS', '/etc/xdg/xdg-ubuntu:/etc/xdg'), ('XDG_DATA_DIRS', '/usr/share/ubuntu:/usr/share/gnome:/home/maizaied03/.local/share/flatpak/exports/share:/var/lib/flatpak/exports/share:/usr/local/share/:/usr/share/:/var/lib/snapd/desktop'), ('PYTHONPATH', '/home/maizaied03/ros2_ws/install/multi_drone_offboard/lib/python3.10/site-packages:/home/maizaied03/ros2_ws/install/fog_node/lib/python3.10/site-packages:/home/maizaied03/ros2_ws/install/px4_msgs/local/lib/python3.10/dist-packages:/home/maizaied03/ros2_ws/install/drone_node/lib/python3.10/site-packages:/opt/ros/humble/lib/python3.10/site-packages:/opt/ros/humble/local/lib/python3.10/dist-packages'), ('COLCON', '1'), ('VTE_VERSION', '6800'), ('CMAKE_PREFIX_PATH', '/home/maizaied03/ros2_ws/install/px4_msgs:/home/maizaied03/ros2_ws/install/multi_drone_offboard:/home/maizaied03/ros2_ws/install/fog_node:/home/maizaied03/ros2_ws/install/drone_node:/opt/ros/humble')]), 'shell': False}
[0.100013] (-) TimerEvent: {}
[0.200296] (-) TimerEvent: {}
[0.300553] (-) TimerEvent: {}
[0.346888] (px4_msgs) StdoutLine: {'line': b'[  0%] Built target px4_msgs__cpp\n'}
[0.360337] (px4_msgs) StdoutLine: {'line': b'[  0%] Built target ament_cmake_python_copy_px4_msgs\n'}
[0.385135] (px4_msgs) StdoutLine: {'line': b'[ 12%] Built target px4_msgs__rosidl_generator_c\n'}
[0.400799] (-) TimerEvent: {}
[0.429639] (px4_msgs) StdoutLine: {'line': b'[ 24%] Built target px4_msgs__rosidl_typesupport_cpp\n'}
[0.480832] (px4_msgs) StdoutLine: {'line': b'[ 37%] Built target px4_msgs__rosidl_typesupport_c\n'}
[0.493506] (px4_msgs) StdoutLine: {'line': b'[ 50%] Built target px4_msgs__rosidl_typesupport_introspection_cpp\n'}
[0.493878] (px4_msgs) StdoutLine: {'line': b'[ 63%] Built target px4_msgs__rosidl_typesupport_introspection_c\n'}
[0.498892] (px4_msgs) StdoutLine: {'line': b'[ 75%] Built target px4_msgs__rosidl_typesupport_fastrtps_cpp\n'}
[0.500919] (-) TimerEvent: {}
[0.532003] (px4_msgs) StdoutLine: {'line': b'[ 88%] Built target px4_msgs__rosidl_typesupport_fastrtps_c\n'}
[0.546604] (px4_msgs) StdoutLine: {'line': b'[ 88%] Built target px4_msgs\n'}
[0.568855] (px4_msgs) StdoutLine: {'line': b'[ 88%] Built target px4_msgs__py\n'}
[0.596820] (px4_msgs) StdoutLine: {'line': b'running egg_info\n'}
[0.597167] (px4_msgs) StdoutLine: {'line': b'writing px4_msgs.egg-info/PKG-INFO\n'}
[0.597298] (px4_msgs) StdoutLine: {'line': b'writing dependency_links to px4_msgs.egg-info/dependency_links.txt\n'}
[0.597392] (px4_msgs) StdoutLine: {'line': b'writing top-level names to px4_msgs.egg-info/top_level.txt\n'}
[0.600659] (px4_msgs) StdoutLine: {'line': b"reading manifest file 'px4_msgs.egg-info/SOURCES.txt'\n"}
[0.600964] (-) TimerEvent: {}
[0.603215] (px4_msgs) StdoutLine: {'line': b"writing manifest file 'px4_msgs.egg-info/SOURCES.txt'\n"}
[0.623271] (px4_msgs) StdoutLine: {'line': b'[ 88%] Built target ament_cmake_python_build_px4_msgs_egg\n'}
[0.646556] (px4_msgs) StdoutLine: {'line': b'[100%] Built target px4_msgs__rosidl_generator_py\n'}
[0.664097] (px4_msgs) StdoutLine: {'line': b'[100%] Built target px4_msgs__rosidl_typesupport_introspection_c__pyext\n'}
[0.664323] (px4_msgs) StdoutLine: {'line': b'[100%] Built target px4_msgs__rosidl_typesupport_c__pyext\n'}
[0.664388] (px4_msgs) StdoutLine: {'line': b'[100%] Built target px4_msgs__rosidl_typesupport_fastrtps_c__pyext\n'}
[0.673152] (px4_msgs) CommandEnded: {'returncode': 0}
[0.673662] (px4_msgs) JobProgress: {'identifier': 'px4_msgs', 'progress': 'install'}
[0.679176] (px4_msgs) Command: {'cmd': ['/usr/bin/cmake', '--install', '/home/maizaied03/ros2_ws/build/px4_msgs'], 'cwd': '/home/maizaied03/ros2_ws/build/px4_msgs', 'env': OrderedDict([('LESSOPEN', '| /usr/bin/lesspipe %s'), ('GZ_SIM_RESOURCE_PATH', ':/home/maizaied03/PX4-Autopilot/Tools/simulation/gz/models'), ('USER', 'maizaied03'), ('XDG_SESSION_TYPE', 'x11'), ('SHLVL', '1'), ('LD_LIBRARY_PATH', '/home/maizaied03/ros2_ws/install/px4_msgs/lib:/opt/ros/humble/opt/rviz_ogre_vendor/lib:/opt/ros/humble/lib/x86_64-linux-gnu:/opt/ros/humble/lib'), ('HOME', '/home/maizaied03'), ('OLDPWD', '/home/maizaied03/ros2_ws/src/px4_msgs'), ('DESKTOP_SESSION', 'ubuntu'), ('ROS_PYTHON_VERSION', '3'), ('GNOME_SHELL_SESSION_MODE', 'ubuntu'), ('GTK_MODULES', 'gail:atk-bridge'), ('SYSTEMD_EXEC_PID', '1934'), ('DBUS_SESSION_BUS_ADDRESS', 'unix:path=/run/user/1000/bus'), ('COLORTERM', 'truecolor'), ('COLCON_PREFIX_PATH', '/home/maizaied03/ros2_ws/install'), ('ROS_DISTRO', 'humble'), ('GTK_IM_MODULE', 'ibus'), ('LOGNAME', 'maizaied03'), ('_', '/usr/bin/colcon'), ('ROS_VERSION', '2'), ('XDG_SESSION_CLASS', 'user'), ('USERNAME', 'maizaied03'), ('TERM', 'xterm-256color'), ('GNOME_DESKTOP_SESSION_ID', 'this-is-deprecated'), ('ROS_LOCALHOST_ONLY', '0'), ('WINDOWPATH', '2'), ('PATH', '/opt/ros/humble/bin:/home/maizaied03/.local/bin:/usr/local/sbin:/usr/local/bin:/usr/sbin:/usr/bin:/sbin:/bin:/usr/games:/usr/local/games:/snap/bin:/snap/bin:/opt/xtensa-esp-elf/bin/:/opt/xtensa-esp-elf/bin/'), ('SESSION_MANAGER', 'local/maizaied03-ASUS-TUF-Dash-F15-FX516PE-FX516PE:@/tmp/.ICE-unix/1895,unix/maizaied03-ASUS-TUF-Dash-F15-FX516PE-FX516PE:/tmp/.ICE-unix/1895'), ('XDG_MENU_PREFIX', 'gnome-'), ('GNOME_TERMINAL_SCREEN', '/org/gnome/Terminal/screen/96fc513f_ed26_4457_b509_abb59ca4376e'), ('XDG_RUNTIME_DIR', '/run/user/1000'), ('DISPLAY', ':1'), ('LANG', 'en_US.UTF-8'), ('XDG_CURRENT_DESKTOP', 'ubuntu:GNOME'), ('XMODIFIERS', '@im=ibus'), ('XDG_SESSION_DESKTOP', 'ubuntu'), ('XAUTHORITY', '/run/user/1000/gdm/Xauthority'), ('LS_COLORS', 'rs=0:di=01;34:ln=01;36:mh=00:pi=40;33:so=01;35:do=01;35:bd=40;33;01:cd=40;33;01:or=40;31;01:mi=00:su=37;41:sg=30;43:ca=30;41:tw=30;42:ow=34;42:st=37;44:ex=01;32:*.tar=01;31:*.tgz=01;31:*.arc=01;31:*.arj=01;31:*.taz=01;31:*.lha=01;31:*.lz4=01;31:*.lzh=01;31:*.lzma=01;31:*.tlz=01;31:*.txz=01;31:*.tzo=01;31:*.t7z=01;31:*.zip=01;31:*.z=01;31:*.dz=01;31:*.gz=01;31:*.lrz=01;31:*.lz=01;31:*.lzo=01;31:*.xz=01;31:*.zst=01;31:*.tzst=01;31:*.bz2=01;31:*.bz=01;31:*.tbz=01;31:*.tbz2=01;31:*.tz=01;31:*.deb=01;31:*.rpm=01;31:*.jar=01;31:*.war=01;31:*.ear=01;31:*.sar=01;31:*.rar=01;31:*.alz=01;31:*.ace=01;31:*.zoo=01;31:*.cpio=01;31:*.7z=01;31:*.rz=01;31:*.cab=01;31:*.wim=01;31:*.swm=01;31:*.dwm=01;31:*.esd=01;31:*.jpg=01;35:*.jpeg=01;35:*.mjpg=01;35:*.mjpeg=01;35:*.gif=01;35:*.bmp=01;35:*.pbm=01;35:*.pgm=01;35:*.ppm=01;35:*.tga=01;35:*.xbm=01;35:*.xpm=01;35:*.tif=01;35:*.tiff=01;35:*.png=01;35:*.svg=01;35:*.svgz=01;35:*.mng=01;35:*.pcx=01;35:*.mov=01;35:*.mpg=01;35:*.mpeg=01;35:*.m2v=01;35:*.mkv=01;35:*.webm=01;35:*.webp=01;35:*.ogm=01;35:*.mp4=01;35:*.m4v=01;35:*.mp4v=01;35:*.vob=01;35:*.qt=01;35:*.nuv=01;35:*.wmv=01;35:*.asf=01;35:*.rm=01;35:*.rmvb=01;35:*.flc=01;35:*.avi=01;35:*.fli=01;35:*.flv=01;35:*.gl=01;35:*.dl=01;35:*.xcf=01;35:*.xwd=01;35:*.yuv=01;35:*.cgm=01;35:*.emf=01;35:*.ogv=01;35:*.ogx=01;35:*.aac=00;36:*.au=00;36:*.flac=00;36:*.m4a=00;36:*.mid=00;36:*.midi=00;36:*.mka=00;36:*.mp3=00;36:*.mpc=00;36:*.ogg=00;36:*.ra=00;36:*.wav=00;36:*.oga=00;36:*.opus=00;36:*.spx=00;36:*.xspf=00;36:'), ('GNOME_TERMINAL_SERVICE', ':1.119'), ('SSH_AGENT_LAUNCHER', 'gnome-keyring'), ('SSH_AUTH_SOCK', '/run/user/1000/keyring/ssh'), ('AMENT_PREFIX_PATH', '/home/maizaied03/ros2_ws/install/multi_drone_offboard:/home/maizaied03/ros2_ws/install/fog_node:/home/maizaied03/ros2_ws/install/px4_msgs:/home/maizaied03/ros2_ws/install/drone_node:/opt/ros/humble'), ('SHELL', '/bin/bash'), ('QT_ACCESSIBILITY', '1'), ('GDMSESSION', 'ubuntu'), ('LESSCLOSE', '/usr/bin/lesspipe %s %s'), ('GPG_AGENT_INFO', '/run/user/1000/gnupg/S.gpg-agent:0:1'), ('QT_IM_MODULE', 'ibus'), ('PWD', '/home/maizaied03/ros2_ws/build/px4_msgs'), ('LC_ALL', 'en_US.UTF-8'), ('XDG_CONFIG_DIRS', '/etc/xdg/xdg-ubuntu:/etc/xdg'), ('XDG_DATA_DIRS', '/usr/share/ubuntu:/usr/share/gnome:/home/maizaied03/.local/share/flatpak/exports/share:/var/lib/flatpak/exports/share:/usr/local/share/:/usr/share/:/var/lib/snapd/desktop'), ('PYTHONPATH', '/home/maizaied03/ros2_ws/install/multi_drone_offboard/lib/python3.10/site-packages:/home/maizaied03/ros2_ws/install/fog_node/lib/python3.10/site-packages:/home/maizaied03/ros2_ws/install/px4_msgs/local/lib/python3.10/dist-packages:/home/maizaied03/ros2_ws/install/drone_node/lib/python3.10/site-packages:/opt/ros/humble/lib/python3.10/site-packages:/opt/ros/humble/local/lib/python3.10/dist-packages'), ('COLCON', '1'), ('VTE_VERSION', '6800'), ('CMAKE_PREFIX_PATH', '/home/maizaied03/ros2_ws/install/px4_msgs:/home/maizaied03/ros2_ws/install/multi_drone_offboard:/home/maizaied03/ros2_ws/install/fog_node:/home/maizaied03/ros2_ws/install/drone_node:/opt/ros/humble')]), 'shell': False}
[0.686180] (px4_msgs) StdoutLine: {'line': b'-- Install configuration: ""\n'}
[0.686349] (px4_msgs) StdoutLine: {'line': b'-- Up-to-date: /home/maizaied03/ros2_ws/install/px4_msgs/share/ament_index/resource_index/rosidl_interfaces/px4_msgs\n'}
[0.686414] (px4_msgs) StdoutLine: {'line': b'-- Up-to-date: /home/maizaied03/ros2_ws/install/px4_msgs/include/px4_msgs/px4_msgs\n'}
[0.686586] (px4_msgs) StdoutLine: {'line': b'-- Up-to-date: /home/maizaied03/ros2_ws/install/px4_msgs/include/px4_msgs/px4_msgs/msg\n'}
[0.686695] (px4_msgs) StdoutLine: {'line': b'-- Up-to-date: /home/maizaied03/ros2_ws/install/px4_msgs/include/px4_msgs/px4_msgs/msg/vehicle_angular_acceleration_setpoint.h\n'}
[0.686800] (px4_msgs) StdoutLine: {'line': b'-- Up-to-date: /home/maizaied03/ros2_ws/install/px4_msgs/include/px4_msgs/px4_msgs/msg/mission_result.h\n'}
[0.686896] (px4_msgs) StdoutLine: {'line': b'-- Up-to-date: /home/maizaied03/ros2_ws/install/px4_msgs/include/px4_msgs/px4_msgs/msg/gpio_config.h\n'}
[0.686950] (px4_msgs) StdoutLine: {'line': b'-- Up-to-date: /home/maizaied03/ros2_ws/install/px4_msgs/include/px4_msgs/px4_msgs/msg/pps_capture.h\n'}
[0.687035] (px4_msgs) StdoutLine: {'line': b'-- Up-to-date: /home/maizaied03/ros2_ws/install/px4_msgs/include/px4_msgs/px4_msgs/msg/distance_sensor_mode_change_request.h\n'}
[0.687092] (px4_msgs) StdoutLine: {'line': b'-- Up-to-date: /home/maizaied03/ros2_ws/install/px4_msgs/include/px4_msgs/px4_msgs/msg/sensor_accel.h\n'}
[0.687147] (px4_msgs) StdoutLine: {'line': b'-- Up-to-date: /home/maizaied03/ros2_ws/install/px4_msgs/include/px4_msgs/px4_msgs/msg/navigator_status.h\n'}
[0.687278] (px4_msgs) StdoutLine: {'line': b'-- Up-to-date: /home/maizaied03/ros2_ws/install/px4_msgs/include/px4_msgs/px4_msgs/msg/mavlink_tunnel.h\n'}
[0.687365] (px4_msgs) StdoutLine: {'line': b'-- Up-to-date: /home/maizaied03/ros2_ws/install/px4_msgs/include/px4_msgs/px4_msgs/msg/gpio_request.h\n'}
[0.687451] (px4_msgs) StdoutLine: {'line': b'-- Up-to-date: /home/maizaied03/ros2_ws/install/px4_msgs/include/px4_msgs/px4_msgs/msg/sensor_temp.h\n'}
[0.687547] (px4_msgs) StdoutLine: {'line': b'-- Up-to-date: /home/maizaied03/ros2_ws/install/px4_msgs/include/px4_msgs/px4_msgs/msg/neural_control.h\n'}
[0.687655] (px4_msgs) StdoutLine: {'line': b'-- Up-to-date: /home/maizaied03/ros2_ws/install/px4_msgs/include/px4_msgs/px4_msgs/msg/hover_thrust_estimate.h\n'}
[0.687751] (px4_msgs) StdoutLine: {'line': b'-- Up-to-date: /home/maizaied03/ros2_ws/install/px4_msgs/include/px4_msgs/px4_msgs/msg/velocity_limits.h\n'}
[0.687864] (px4_msgs) StdoutLine: {'line': b'-- Up-to-date: /home/maizaied03/ros2_ws/install/px4_msgs/include/px4_msgs/px4_msgs/msg/follow_target_estimator.h\n'}
[0.687959] (px4_msgs) StdoutLine: {'line': b'-- Up-to-date: /home/maizaied03/ros2_ws/install/px4_msgs/include/px4_msgs/px4_msgs/msg/sensor_uwb.h\n'}
[0.688001] (px4_msgs) StdoutLine: {'line': b'-- Up-to-date: /home/maizaied03/ros2_ws/install/px4_msgs/include/px4_msgs/px4_msgs/msg/dataman_request.h\n'}
[0.688065] (px4_msgs) StdoutLine: {'line': b'-- Up-to-date: /home/maizaied03/ros2_ws/install/px4_msgs/include/px4_msgs/px4_msgs/msg/estimator_aid_source1d.h\n'}
[0.688100] (px4_msgs) StdoutLine: {'line': b'-- Up-to-date: /home/maizaied03/ros2_ws/install/px4_msgs/include/px4_msgs/px4_msgs/msg/mag_worker_data.h\n'}
[0.688136] (px4_msgs) StdoutLine: {'line': b'-- Up-to-date: /home/maizaied03/ros2_ws/install/px4_msgs/include/px4_msgs/px4_msgs/msg/arming_check_reply.h\n'}
[0.688171] (px4_msgs) StdoutLine: {'line': b'-- Up-to-date: /home/maizaied03/ros2_ws/install/px4_msgs/include/px4_msgs/px4_msgs/msg/cpuload.h\n'}
[0.688207] (px4_msgs) StdoutLine: {'line': b'-- Up-to-date: /home/maizaied03/ros2_ws/install/px4_msgs/include/px4_msgs/px4_msgs/msg/control_allocator_status.h\n'}
[0.688240] (px4_msgs) StdoutLine: {'line': b'-- Up-to-date: /home/maizaied03/ros2_ws/install/px4_msgs/include/px4_msgs/px4_msgs/msg/uavcan_parameter_request.h\n'}
[0.688275] (px4_msgs) StdoutLine: {'line': b'-- Up-to-date: /home/maizaied03/ros2_ws/install/px4_msgs/include/px4_msgs/px4_msgs/msg/estimator_bias.h\n'}
[0.688310] (px4_msgs) StdoutLine: {'line': b'-- Up-to-date: /home/maizaied03/ros2_ws/install/px4_msgs/include/px4_msgs/px4_msgs/msg/fixed_wing_runway_control.h\n'}
[0.688344] (px4_msgs) StdoutLine: {'line': b'-- Up-to-date: /home/maizaied03/ros2_ws/install/px4_msgs/include/px4_msgs/px4_msgs/msg/landing_gear.h\n'}
[0.688396] (px4_msgs) StdoutLine: {'line': b'-- Up-to-date: /home/maizaied03/ros2_ws/install/px4_msgs/include/px4_msgs/px4_msgs/msg/qshell_req.h\n'}
[0.688438] (px4_msgs) StdoutLine: {'line': b'-- Up-to-date: /home/maizaied03/ros2_ws/install/px4_msgs/include/px4_msgs/px4_msgs/msg/qshell_retval.h\n'}
[0.688516] (px4_msgs) StdoutLine: {'line': b'-- Up-to-date: /home/maizaied03/ros2_ws/install/px4_msgs/include/px4_msgs/px4_msgs/msg/follow_target_status.h\n'}
[0.688576] (px4_msgs) StdoutLine: {'line': b'-- Up-to-date: /home/maizaied03/ros2_ws/install/px4_msgs/include/px4_msgs/px4_msgs/msg/failure_detector_status.h\n'}
[0.688618] (px4_msgs) StdoutLine: {'line': b'-- Up-to-date: /home/maizaied03/ros2_ws/install/px4_msgs/include/px4_msgs/px4_msgs/msg/rover_attitude_setpoint.h\n'}
[0.688669] (px4_msgs) StdoutLine: {'line': b'-- Up-to-date: /home/maizaied03/ros2_ws/install/px4_msgs/include/px4_msgs/px4_msgs/msg/gimbal_manager_set_manual_control.h\n'}
[0.688711] (px4_msgs) StdoutLine: {'line': b'-- Up-to-date: /home/maizaied03/ros2_ws/install/px4_msgs/include/px4_msgs/px4_msgs/msg/onboard_computer_status.h\n'}
[0.688751] (px4_msgs) StdoutLine: {'line': b'-- Up-to-date: /home/maizaied03/ros2_ws/install/px4_msgs/include/px4_msgs/px4_msgs/msg/trajectory_setpoint.h\n'}
[0.688821] (px4_msgs) StdoutLine: {'line': b'-- Up-to-date: /home/maizaied03/ros2_ws/install/px4_msgs/include/px4_msgs/px4_msgs/msg/gimbal_manager_set_attitude.h\n'}
[0.688904] (px4_msgs) StdoutLine: {'line': b'-- Up-to-date: /home/maizaied03/ros2_ws/install/px4_msgs/include/px4_msgs/px4_msgs/msg/internal_combustion_engine_status.h\n'}
[0.688946] (px4_msgs) StdoutLine: {'line': b'-- Up-to-date: /home/maizaied03/ros2_ws/install/px4_msgs/include/px4_msgs/px4_msgs/msg/vehicle_local_position_setpoint.h\n'}
[0.688988] (px4_msgs) StdoutLine: {'line': b'-- Up-to-date: /home/maizaied03/ros2_ws/install/px4_msgs/include/px4_msgs/px4_msgs/msg/device_information.h\n'}
[0.689029] (px4_msgs) StdoutLine: {'line': b'-- Up-to-date: /home/maizaied03/ros2_ws/install/px4_msgs/include/px4_msgs/px4_msgs/msg/health_report.h\n'}
[0.689071] (px4_msgs) StdoutLine: {'line': b'-- Up-to-date: /home/maizaied03/ros2_ws/install/px4_msgs/include/px4_msgs/px4_msgs/msg/internal_combustion_engine_control.h\n'}
[0.689122] (px4_msgs) StdoutLine: {'line': b'-- Up-to-date: /home/maizaied03/ros2_ws/install/px4_msgs/include/px4_msgs/px4_msgs/msg/vehicle_control_mode.h\n'}
[0.689163] (px4_msgs) StdoutLine: {'line': b'-- Up-to-date: /home/maizaied03/ros2_ws/install/px4_msgs/include/px4_msgs/px4_msgs/msg/vehicle_rates_setpoint.h\n'}
[0.689203] (px4_msgs) StdoutLine: {'line': b'-- Up-to-date: /home/maizaied03/ros2_ws/install/px4_msgs/include/px4_msgs/px4_msgs/msg/follow_target.h\n'}
[0.689280] (px4_msgs) StdoutLine: {'line': b'-- Up-to-date: /home/maizaied03/ros2_ws/install/px4_msgs/include/px4_msgs/px4_msgs/msg/dataman_response.h\n'}
[0.689323] (px4_msgs) StdoutLine: {'line': b'-- Up-to-date: /home/maizaied03/ros2_ws/install/px4_msgs/include/px4_msgs/px4_msgs/msg/figure_eight_status.h\n'}
[0.689363] (px4_msgs) StdoutLine: {'line': b'-- Up-to-date: /home/maizaied03/ros2_ws/install/px4_msgs/include/px4_msgs/px4_msgs/msg/logger_status.h\n'}
[0.689401] (px4_msgs) StdoutLine: {'line': b'-- Up-to-date: /home/maizaied03/ros2_ws/install/px4_msgs/include/px4_msgs/px4_msgs/msg/unregister_ext_component.h\n'}
[0.689442] (px4_msgs) StdoutLine: {'line': b'-- Up-to-date: /home/maizaied03/ros2_ws/install/px4_msgs/include/px4_msgs/px4_msgs/msg/sensor_gyro_fifo.h\n'}
[0.689510] (px4_msgs) StdoutLine: {'line': b'-- Up-to-date: /home/maizaied03/ros2_ws/install/px4_msgs/include/px4_msgs/px4_msgs/msg/raptor_input.h\n'}
[0.689553] (px4_msgs) StdoutLine: {'line': b'-- Up-to-date: /home/maizaied03/ros2_ws/install/px4_msgs/include/px4_msgs/px4_msgs/msg/radio_status.h\n'}
[0.689593] (px4_msgs) StdoutLine: {'line': b'-- Up-to-date: /home/maizaied03/ros2_ws/install/px4_msgs/include/px4_msgs/px4_msgs/msg/rover_rate_status.h\n'}
[0.689633] (px4_msgs) StdoutLine: {'line': b'-- Up-to-date: /home/maizaied03/ros2_ws/install/px4_msgs/include/px4_msgs/px4_msgs/msg/actuator_outputs.h\n'}
[0.689717] (px4_msgs) StdoutLine: {'line': b'-- Up-to-date: /home/maizaied03/ros2_ws/install/px4_msgs/include/px4_msgs/px4_msgs/msg/rover_attitude_status.h\n'}
[0.689759] (px4_msgs) StdoutLine: {'line': b'-- Up-to-date: /home/maizaied03/ros2_ws/install/px4_msgs/include/px4_msgs/px4_msgs/msg/dronecan_node_status.h\n'}
[0.689956] (px4_msgs) StdoutLine: {'line': b'-- Up-to-date: /home/maizaied03/ros2_ws/install/px4_msgs/include/px4_msgs/px4_msgs/msg/launch_detection_status.h\n'}
[0.690014] (px4_msgs) StdoutLine: {'line': b'-- Up-to-date: /home/maizaied03/ros2_ws/install/px4_msgs/include/px4_msgs/px4_msgs/msg/autotune_attitude_control_status.h\n'}
[0.690056] (px4_msgs) StdoutLine: {'line': b'-- Up-to-date: /home/maizaied03/ros2_ws/install/px4_msgs/include/px4_msgs/px4_msgs/msg/vehicle_attitude_setpoint.h\n'}
[0.690099] (px4_msgs) StdoutLine: {'line': b'-- Up-to-date: /home/maizaied03/ros2_ws/install/px4_msgs/include/px4_msgs/px4_msgs/msg/sensor_mag.h\n'}
[0.690139] (px4_msgs) StdoutLine: {'line': b'-- Up-to-date: /home/maizaied03/ros2_ws/install/px4_msgs/include/px4_msgs/px4_msgs/msg/position_setpoint_triplet.h\n'}
[0.690180] (px4_msgs) StdoutLine: {'line': b'-- Up-to-date: /home/maizaied03/ros2_ws/install/px4_msgs/include/px4_msgs/px4_msgs/msg/px4io_status.h\n'}
[0.690221] (px4_msgs) StdoutLine: {'line': b'-- Up-to-date: /home/maizaied03/ros2_ws/install/px4_msgs/include/px4_msgs/px4_msgs/msg/rtl_status.h\n'}
[0.690262] (px4_msgs) StdoutLine: {'line': b'-- Up-to-date: /home/maizaied03/ros2_ws/install/px4_msgs/include/px4_msgs/px4_msgs/msg/geofence_result.h\n'}
[0.690304] (px4_msgs) StdoutLine: {'line': b'-- Up-to-date: /home/maizaied03/ros2_ws/install/px4_msgs/include/px4_msgs/px4_msgs/msg/tiltrotor_extra_controls.h\n'}
[0.690427] (px4_msgs) StdoutLine: {'line': b'-- Up-to-date: /home/maizaied03/ros2_ws/install/px4_msgs/include/px4_msgs/px4_msgs/msg/estimator_selector_status.h\n'}
[0.690493] (px4_msgs) StdoutLine: {'line': b'-- Up-to-date: /home/maizaied03/ros2_ws/install/px4_msgs/include/px4_msgs/px4_msgs/msg/debug_array.h\n'}
[0.690534] (px4_msgs) StdoutLine: {'line': b'-- Up-to-date: /home/maizaied03/ros2_ws/install/px4_msgs/include/px4_msgs/px4_msgs/msg/button_event.h\n'}
[0.690576] (px4_msgs) StdoutLine: {'line': b'-- Up-to-date: /home/maizaied03/ros2_ws/install/px4_msgs/include/px4_msgs/px4_msgs/msg/rc_channels.h\n'}
[0.690618] (px4_msgs) StdoutLine: {'line': b'-- Up-to-date: /home/maizaied03/ros2_ws/install/px4_msgs/include/px4_msgs/px4_msgs/msg/satellite_info.h\n'}
[0.690668] (px4_msgs) StdoutLine: {'line': b'-- Up-to-date: /home/maizaied03/ros2_ws/install/px4_msgs/include/px4_msgs/px4_msgs/msg/vehicle_command_ack.h\n'}
[0.690752] (px4_msgs) StdoutLine: {'line': b'-- Up-to-date: /home/maizaied03/ros2_ws/install/px4_msgs/include/px4_msgs/px4_msgs/msg/rover_position_setpoint.h\n'}
[0.690836] (px4_msgs) StdoutLine: {'line': b'-- Up-to-date: /home/maizaied03/ros2_ws/install/px4_msgs/include/px4_msgs/px4_msgs/msg/event.h\n'}
[0.690894] (px4_msgs) StdoutLine: {'line': b'-- Up-to-date: /home/maizaied03/ros2_ws/install/px4_msgs/include/px4_msgs/px4_msgs/msg/debug_value.h\n'}
[0.690960] (px4_msgs) StdoutLine: {'line': b'-- Up-to-date: /home/maizaied03/ros2_ws/install/px4_msgs/include/px4_msgs/px4_msgs/msg/vehicle_imu_status.h\n'}
[0.691023] (px4_msgs) StdoutLine: {'line': b'-- Up-to-date: /home/maizaied03/ros2_ws/install/px4_msgs/include/px4_msgs/px4_msgs/msg/orb_test.h\n'}
[0.691065] (px4_msgs) StdoutLine: {'line': b'-- Up-to-date: /home/maizaied03/ros2_ws/install/px4_msgs/include/px4_msgs/px4_msgs/msg/mount_orientation.h\n'}
[0.691105] (px4_msgs) StdoutLine: {'line': b'-- Up-to-date: /home/maizaied03/ros2_ws/install/px4_msgs/include/px4_msgs/px4_msgs/msg/debug_key_value.h\n'}
[0.691146] (px4_msgs) StdoutLine: {'line': b'-- Up-to-date: /home/maizaied03/ros2_ws/install/px4_msgs/include/px4_msgs/px4_msgs/msg/vehicle_optical_flow_vel.h\n'}
[0.691186] (px4_msgs) StdoutLine: {'line': b'-- Up-to-date: /home/maizaied03/ros2_ws/install/px4_msgs/include/px4_msgs/px4_msgs/msg/takeoff_status.h\n'}
[0.691238] (px4_msgs) StdoutLine: {'line': b'-- Up-to-date: /home/maizaied03/ros2_ws/install/px4_msgs/include/px4_msgs/px4_msgs/msg/navigator_mission_item.h\n'}
[0.691280] (px4_msgs) StdoutLine: {'line': b'-- Up-to-date: /home/maizaied03/ros2_ws/install/px4_msgs/include/px4_msgs/px4_msgs/msg/ping.h\n'}
[0.691321] (px4_msgs) StdoutLine: {'line': b'-- Up-to-date: /home/maizaied03/ros2_ws/install/px4_msgs/include/px4_msgs/px4_msgs/msg/gps_dump.h\n'}
[0.691361] (px4_msgs) StdoutLine: {'line': b'-- Up-to-date: /home/maizaied03/ros2_ws/install/px4_msgs/include/px4_msgs/px4_msgs/msg/camera_capture.h\n'}
[0.691401] (px4_msgs) StdoutLine: {'line': b'-- Up-to-date: /home/maizaied03/ros2_ws/install/px4_msgs/include/px4_msgs/px4_msgs/msg/rover_speed_status.h\n'}
[0.691478] (px4_msgs) StdoutLine: {'line': b'-- Up-to-date: /home/maizaied03/ros2_ws/install/px4_msgs/include/px4_msgs/px4_msgs/msg/sensor_gyro.h\n'}
[0.691520] (px4_msgs) StdoutLine: {'line': b'-- Up-to-date: /home/maizaied03/ros2_ws/install/px4_msgs/include/px4_msgs/px4_msgs/msg/arming_check_request.h\n'}
[0.691560] (px4_msgs) StdoutLine: {'line': b'-- Up-to-date: /home/maizaied03/ros2_ws/install/px4_msgs/include/px4_msgs/px4_msgs/msg/trajectory_setpoint6dof.h\n'}
[0.691601] (px4_msgs) StdoutLine: {'line': b'-- Up-to-date: /home/maizaied03/ros2_ws/install/px4_msgs/include/px4_msgs/px4_msgs/msg/vehicle_constraints.h\n'}
[0.691638] (px4_msgs) StdoutLine: {'line': b'-- Up-to-date: /home/maizaied03/ros2_ws/install/px4_msgs/include/px4_msgs/px4_msgs/msg/estimator_innovations.h\n'}
[0.691678] (px4_msgs) StdoutLine: {'line': b'-- Up-to-date: /home/maizaied03/ros2_ws/install/px4_msgs/include/px4_msgs/px4_msgs/msg/sensors_status.h\n'}
[0.691725] (px4_msgs) StdoutLine: {'line': b'-- Up-to-date: /home/maizaied03/ros2_ws/install/px4_msgs/include/px4_msgs/px4_msgs/msg/orbit_status.h\n'}
[0.691857] (px4_msgs) StdoutLine: {'line': b'-- Up-to-date: /home/maizaied03/ros2_ws/install/px4_msgs/include/px4_msgs/px4_msgs/msg/parameter_set_used_request.h\n'}
[0.692148] (px4_msgs) StdoutLine: {'line': b'-- Up-to-date: /home/maizaied03/ros2_ws/install/px4_msgs/include/px4_msgs/px4_msgs/msg/sensor_optical_flow.h\n'}
[0.692215] (px4_msgs) StdoutLine: {'line': b'-- Up-to-date: /home/maizaied03/ros2_ws/install/px4_msgs/include/px4_msgs/px4_msgs/msg/tecs_status.h\n'}
[0.692274] (px4_msgs) StdoutLine: {'line': b'-- Up-to-date: /home/maizaied03/ros2_ws/install/px4_msgs/include/px4_msgs/px4_msgs/msg/open_drone_id_self_id.h\n'}
[0.692357] (px4_msgs) StdoutLine: {'line': b'-- Up-to-date: /home/maizaied03/ros2_ws/install/px4_msgs/include/px4_msgs/px4_msgs/msg/timesync_status.h\n'}
[0.692531] (px4_msgs) StdoutLine: {'line': b'-- Up-to-date: /home/maizaied03/ros2_ws/install/px4_msgs/include/px4_msgs/px4_msgs/msg/actuator_motors.h\n'}
[0.692576] (px4_msgs) StdoutLine: {'line': b'-- Up-to-date: /home/maizaied03/ros2_ws/install/px4_msgs/include/px4_msgs/px4_msgs/msg/fixed_wing_lateral_status.h\n'}
[0.692614] (px4_msgs) StdoutLine: {'line': b'-- Up-to-date: /home/maizaied03/ros2_ws/install/px4_msgs/include/px4_msgs/px4_msgs/msg/vehicle_roi.h\n'}
[0.692650] (px4_msgs) StdoutLine: {'line': b'-- Up-to-date: /home/maizaied03/ros2_ws/install/px4_msgs/include/px4_msgs/px4_msgs/msg/yaw_estimator_status.h\n'}
[0.692685] (px4_msgs) StdoutLine: {'line': b'-- Up-to-date: /home/maizaied03/ros2_ws/install/px4_msgs/include/px4_msgs/px4_msgs/msg/collision_constraints.h\n'}
[0.692721] (px4_msgs) StdoutLine: {'line': b'-- Up-to-date: /home/maizaied03/ros2_ws/install/px4_msgs/include/px4_msgs/px4_msgs/msg/gimbal_controls.h\n'}
[0.692756] (px4_msgs) StdoutLine: {'line': b'-- Up-to-date: /home/maizaied03/ros2_ws/install/px4_msgs/include/px4_msgs/px4_msgs/msg/vehicle_global_position.h\n'}
[0.692864] (px4_msgs) StdoutLine: {'line': b'-- Up-to-date: /home/maizaied03/ros2_ws/install/px4_msgs/include/px4_msgs/px4_msgs/msg/manual_control_switches.h\n'}
[0.692901] (px4_msgs) StdoutLine: {'line': b'-- Up-to-date: /home/maizaied03/ros2_ws/install/px4_msgs/include/px4_msgs/px4_msgs/msg/parameter_set_value_response.h\n'}
[0.692937] (px4_msgs) StdoutLine: {'line': b'-- Up-to-date: /home/maizaied03/ros2_ws/install/px4_msgs/include/px4_msgs/px4_msgs/msg/landing_target_innovations.h\n'}
[0.692971] (px4_msgs) StdoutLine: {'line': b'-- Up-to-date: /home/maizaied03/ros2_ws/install/px4_msgs/include/px4_msgs/px4_msgs/msg/adc_report.h\n'}
[0.693005] (px4_msgs) StdoutLine: {'line': b'-- Up-to-date: /home/maizaied03/ros2_ws/install/px4_msgs/include/px4_msgs/px4_msgs/msg/uavcan_parameter_value.h\n'}
[0.693039] (px4_msgs) StdoutLine: {'line': b'-- Up-to-date: /home/maizaied03/ros2_ws/install/px4_msgs/include/px4_msgs/px4_msgs/msg/message_format_request.h\n'}
[0.693074] (px4_msgs) StdoutLine: {'line': b'-- Up-to-date: /home/maizaied03/ros2_ws/install/px4_msgs/include/px4_msgs/px4_msgs/msg/fixed_wing_longitudinal_setpoint.h\n'}
[0.693108] (px4_msgs) StdoutLine: {'line': b'-- Up-to-date: /home/maizaied03/ros2_ws/install/px4_msgs/include/px4_msgs/px4_msgs/msg/led_control.h\n'}
[0.693141] (px4_msgs) StdoutLine: {'line': b'-- Up-to-date: /home/maizaied03/ros2_ws/install/px4_msgs/include/px4_msgs/px4_msgs/msg/open_drone_id_operator_id.h\n'}
[0.693175] (px4_msgs) StdoutLine: {'line': b'-- Up-to-date: /home/maizaied03/ros2_ws/install/px4_msgs/include/px4_msgs/px4_msgs/msg/fixed_wing_lateral_guidance_status.h\n'}
[0.693209] (px4_msgs) StdoutLine: {'line': b'-- Up-to-date: /home/maizaied03/ros2_ws/install/px4_msgs/include/px4_msgs/px4_msgs/msg/gpio_out.h\n'}
[0.693243] (px4_msgs) StdoutLine: {'line': b'-- Up-to-date: /home/maizaied03/ros2_ws/install/px4_msgs/include/px4_msgs/px4_msgs/msg/vehicle_acceleration.h\n'}
[0.693277] (px4_msgs) StdoutLine: {'line': b'-- Up-to-date: /home/maizaied03/ros2_ws/install/px4_msgs/include/px4_msgs/px4_msgs/msg/rover_throttle_setpoint.h\n'}
[0.693310] (px4_msgs) StdoutLine: {'line': b'-- Up-to-date: /home/maizaied03/ros2_ws/install/px4_msgs/include/px4_msgs/px4_msgs/msg/vtol_vehicle_status.h\n'}
[0.693344] (px4_msgs) StdoutLine: {'line': b'-- Up-to-date: /home/maizaied03/ros2_ws/install/px4_msgs/include/px4_msgs/px4_msgs/msg/estimator_status_flags.h\n'}
[0.693377] (px4_msgs) StdoutLine: {'line': b'-- Up-to-date: /home/maizaied03/ros2_ws/install/px4_msgs/include/px4_msgs/px4_msgs/msg/config_overrides.h\n'}
[0.693421] (px4_msgs) StdoutLine: {'line': b'-- Up-to-date: /home/maizaied03/ros2_ws/install/px4_msgs/include/px4_msgs/px4_msgs/msg/landing_target_pose.h\n'}
[0.693457] (px4_msgs) StdoutLine: {'line': b'-- Up-to-date: /home/maizaied03/ros2_ws/install/px4_msgs/include/px4_msgs/px4_msgs/msg/gpio_in.h\n'}
[0.693490] (px4_msgs) StdoutLine: {'line': b'-- Up-to-date: /home/maizaied03/ros2_ws/install/px4_msgs/include/px4_msgs/px4_msgs/msg/power_monitor.h\n'}
[0.693602] (px4_msgs) StdoutLine: {'line': b'-- Up-to-date: /home/maizaied03/ros2_ws/install/px4_msgs/include/px4_msgs/px4_msgs/msg/rtl_time_estimate.h\n'}
[0.693638] (px4_msgs) StdoutLine: {'line': b'-- Up-to-date: /home/maizaied03/ros2_ws/install/px4_msgs/include/px4_msgs/px4_msgs/msg/task_stack_info.h\n'}
[0.693673] (px4_msgs) StdoutLine: {'line': b'-- Up-to-date: /home/maizaied03/ros2_ws/install/px4_msgs/include/px4_msgs/px4_msgs/msg/rate_ctrl_status.h\n'}
[0.693707] (px4_msgs) StdoutLine: {'line': b'-- Up-to-date: /home/maizaied03/ros2_ws/install/px4_msgs/include/px4_msgs/px4_msgs/msg/home_position.h\n'}
[0.693742] (px4_msgs) StdoutLine: {'line': b'-- Up-to-date: /home/maizaied03/ros2_ws/install/px4_msgs/include/px4_msgs/px4_msgs/msg/vehicle_torque_setpoint.h\n'}
[0.693806] (px4_msgs) StdoutLine: {'line': b'-- Up-to-date: /home/maizaied03/ros2_ws/install/px4_msgs/include/px4_msgs/px4_msgs/msg/gain_compression.h\n'}
[0.693843] (px4_msgs) StdoutLine: {'line': b'-- Up-to-date: /home/maizaied03/ros2_ws/install/px4_msgs/include/px4_msgs/px4_msgs/msg/offboard_control_mode.h\n'}
[0.693877] (px4_msgs) StdoutLine: {'line': b'-- Up-to-date: /home/maizaied03/ros2_ws/install/px4_msgs/include/px4_msgs/px4_msgs/msg/sensor_combined.h\n'}
[0.693911] (px4_msgs) StdoutLine: {'line': b'-- Up-to-date: /home/maizaied03/ros2_ws/install/px4_msgs/include/px4_msgs/px4_msgs/msg/position_controller_landing_status.h\n'}
[0.693944] (px4_msgs) StdoutLine: {'line': b'-- Up-to-date: /home/maizaied03/ros2_ws/install/px4_msgs/include/px4_msgs/px4_msgs/msg/can_interface_status.h\n'}
[0.693977] (px4_msgs) StdoutLine: {'line': b'-- Up-to-date: /home/maizaied03/ros2_ws/install/px4_msgs/include/px4_msgs/px4_msgs/msg/gimbal_manager_status.h\n'}
[0.694011] (px4_msgs) StdoutLine: {'line': b'-- Up-to-date: /home/maizaied03/ros2_ws/install/px4_msgs/include/px4_msgs/px4_msgs/msg/parameter_update.h\n'}
[0.694044] (px4_msgs) StdoutLine: {'line': b'-- Up-to-date: /home/maizaied03/ros2_ws/install/px4_msgs/include/px4_msgs/px4_msgs/msg/rover_rate_setpoint.h\n'}
[0.694078] (px4_msgs) StdoutLine: {'line': b'-- Up-to-date: /home/maizaied03/ros2_ws/install/px4_msgs/include/px4_msgs/px4_msgs/msg/normalized_unsigned_setpoint.h\n'}
[0.694111] (px4_msgs) StdoutLine: {'line': b'-- Up-to-date: /home/maizaied03/ros2_ws/install/px4_msgs/include/px4_msgs/px4_msgs/msg/ulog_stream.h\n'}
[0.694145] (px4_msgs) StdoutLine: {'line': b'-- Up-to-date: /home/maizaied03/ros2_ws/install/px4_msgs/include/px4_msgs/px4_msgs/msg/camera_trigger.h\n'}
[0.694178] (px4_msgs) StdoutLine: {'line': b'-- Up-to-date: /home/maizaied03/ros2_ws/install/px4_msgs/include/px4_msgs/px4_msgs/msg/sensor_correction.h\n'}
[0.694211] (px4_msgs) StdoutLine: {'line': b'-- Up-to-date: /home/maizaied03/ros2_ws/install/px4_msgs/include/px4_msgs/px4_msgs/msg/mavlink_log.h\n'}
[0.694337] (px4_msgs) StdoutLine: {'line': b'-- Up-to-date: /home/maizaied03/ros2_ws/install/px4_msgs/include/px4_msgs/px4_msgs/msg/heater_status.h\n'}
[0.694373] (px4_msgs) StdoutLine: {'line': b'-- Up-to-date: /home/maizaied03/ros2_ws/install/px4_msgs/include/px4_msgs/px4_msgs/msg/battery_info.h\n'}
[0.694407] (px4_msgs) StdoutLine: {'line': b'-- Up-to-date: /home/maizaied03/ros2_ws/install/px4_msgs/include/px4_msgs/px4_msgs/msg/estimator_bias3d.h\n'}
[0.694440] (px4_msgs) StdoutLine: {'line': b'-- Up-to-date: /home/maizaied03/ros2_ws/install/px4_msgs/include/px4_msgs/px4_msgs/msg/orb_test_medium.h\n'}
[0.694474] (px4_msgs) StdoutLine: {'line': b'-- Up-to-date: /home/maizaied03/ros2_ws/install/px4_msgs/include/px4_msgs/px4_msgs/msg/raptor_status.h\n'}
[0.694510] (px4_msgs) StdoutLine: {'line': b'-- Up-to-date: /home/maizaied03/ros2_ws/install/px4_msgs/include/px4_msgs/px4_msgs/msg/esc_status.h\n'}
[0.694544] (px4_msgs) StdoutLine: {'line': b'-- Up-to-date: /home/maizaied03/ros2_ws/install/px4_msgs/include/px4_msgs/px4_msgs/msg/actuator_test.h\n'}
[0.694578] (px4_msgs) StdoutLine: {'line': b'-- Up-to-date: /home/maizaied03/ros2_ws/install/px4_msgs/include/px4_msgs/px4_msgs/msg/gimbal_device_set_attitude.h\n'}
[0.694648] (px4_msgs) StdoutLine: {'line': b'-- Up-to-date: /home/maizaied03/ros2_ws/install/px4_msgs/include/px4_msgs/px4_msgs/msg/rosidl_generator_c__visibility_control.h\n'}
[0.694683] (px4_msgs) StdoutLine: {'line': b'-- Up-to-date: /home/maizaied03/ros2_ws/install/px4_msgs/include/px4_msgs/px4_msgs/msg/action_request.h\n'}
[0.694719] (px4_msgs) StdoutLine: {'line': b'-- Up-to-date: /home/maizaied03/ros2_ws/install/px4_msgs/include/px4_msgs/px4_msgs/msg/gps_inject_data.h\n'}
[0.694753] (px4_msgs) StdoutLine: {'line': b'-- Up-to-date: /home/maizaied03/ros2_ws/install/px4_msgs/include/px4_msgs/px4_msgs/msg/mission.h\n'}
[0.694795] (px4_msgs) StdoutLine: {'line': b'-- Up-to-date: /home/maizaied03/ros2_ws/install/px4_msgs/include/px4_msgs/px4_msgs/msg/actuator_armed.h\n'}
[0.694831] (px4_msgs) StdoutLine: {'line': b'-- Up-to-date: /home/maizaied03/ros2_ws/install/px4_msgs/include/px4_msgs/px4_msgs/msg/landing_gear_wheel.h\n'}
[0.694919] (px4_msgs) StdoutLine: {'line': b'-- Up-to-date: /home/maizaied03/ros2_ws/install/px4_msgs/include/px4_msgs/px4_msgs/msg/magnetometer_bias_estimate.h\n'}
[0.694955] (px4_msgs) StdoutLine: {'line': b'-- Up-to-date: /home/maizaied03/ros2_ws/install/px4_msgs/include/px4_msgs/px4_msgs/msg/sensor_accel_fifo.h\n'}
[0.694990] (px4_msgs) StdoutLine: {'line': b'-- Up-to-date: /home/maizaied03/ros2_ws/install/px4_msgs/include/px4_msgs/px4_msgs/msg/open_drone_id_system.h\n'}
[0.695025] (px4_msgs) StdoutLine: {'line': b'-- Up-to-date: /home/maizaied03/ros2_ws/install/px4_msgs/include/px4_msgs/px4_msgs/msg/battery_status.h\n'}
[0.695059] (px4_msgs) StdoutLine: {'line': b'-- Up-to-date: /home/maizaied03/ros2_ws/install/px4_msgs/include/px4_msgs/px4_msgs/msg/sensor_gyro_fft.h\n'}
[0.695093] (px4_msgs) StdoutLine: {'line': b'-- Up-to-date: /home/maizaied03/ros2_ws/install/px4_msgs/include/px4_msgs/px4_msgs/msg/sensor_gnss_relative.h\n'}
[0.695127] (px4_msgs) StdoutLine: {'line': b'-- Up-to-date: /home/maizaied03/ros2_ws/install/px4_msgs/include/px4_msgs/px4_msgs/msg/tune_control.h\n'}
[0.695160] (px4_msgs) StdoutLine: {'line': b'-- Up-to-date: /home/maizaied03/ros2_ws/install/px4_msgs/include/px4_msgs/px4_msgs/msg/vehicle_thrust_setpoint.h\n'}
[0.695194] (px4_msgs) StdoutLine: {'line': b'-- Up-to-date: /home/maizaied03/ros2_ws/install/px4_msgs/include/px4_msgs/px4_msgs/msg/lateral_control_configuration.h\n'}
[0.695228] (px4_msgs) StdoutLine: {'line': b'-- Up-to-date: /home/maizaied03/ros2_ws/install/px4_msgs/include/px4_msgs/px4_msgs/msg/sensor_gnss_status.h\n'}
[0.695323] (px4_msgs) StdoutLine: {'line': b'-- Up-to-date: /home/maizaied03/ros2_ws/install/px4_msgs/include/px4_msgs/px4_msgs/msg/manual_control_setpoint.h\n'}
[0.695362] (px4_msgs) StdoutLine: {'line': b'-- Up-to-date: /home/maizaied03/ros2_ws/install/px4_msgs/include/px4_msgs/px4_msgs/msg/telemetry_status.h\n'}
[0.695397] (px4_msgs) StdoutLine: {'line': b'-- Up-to-date: /home/maizaied03/ros2_ws/install/px4_msgs/include/px4_msgs/px4_msgs/msg/sensor_airflow.h\n'}
[0.695432] (px4_msgs) StdoutLine: {'line': b'-- Up-to-date: /home/maizaied03/ros2_ws/install/px4_msgs/include/px4_msgs/px4_msgs/msg/gimbal_manager_information.h\n'}
[0.695467] (px4_msgs) StdoutLine: {'line': b'-- Up-to-date: /home/maizaied03/ros2_ws/install/px4_msgs/include/px4_msgs/px4_msgs/msg/vtx.h\n'}
[0.695502] (px4_msgs) StdoutLine: {'line': b'-- Up-to-date: /home/maizaied03/ros2_ws/install/px4_msgs/include/px4_msgs/px4_msgs/msg/wind.h\n'}
[0.695536] (px4_msgs) StdoutLine: {'line': b'-- Up-to-date: /home/maizaied03/ros2_ws/install/px4_msgs/include/px4_msgs/px4_msgs/msg/vehicle_command.h\n'}
[0.695570] (px4_msgs) StdoutLine: {'line': b'-- Up-to-date: /home/maizaied03/ros2_ws/install/px4_msgs/include/px4_msgs/px4_msgs/msg/position_controller_status.h\n'}
[0.695604] (px4_msgs) StdoutLine: {'line': b'-- Up-to-date: /home/maizaied03/ros2_ws/install/px4_msgs/include/px4_msgs/px4_msgs/msg/detail\n'}
[0.695638] (px4_msgs) StdoutLine: {'line': b'-- Up-to-date: /home/maizaied03/ros2_ws/install/px4_msgs/include/px4_msgs/px4_msgs/msg/detail/sensor_gps__type_support.h\n'}
[0.695672] (px4_msgs) StdoutLine: {'line': b'-- Up-to-date: /home/maizaied03/ros2_ws/install/px4_msgs/include/px4_msgs/px4_msgs/msg/detail/vehicle_command__struct.h\n'}
[0.695857] (px4_msgs) StdoutLine: {'line': b'-- Up-to-date: /home/maizaied03/ros2_ws/install/px4_msgs/include/px4_msgs/px4_msgs/msg/detail/vehicle_optical_flow__functions.c\n'}
[0.695924] (px4_msgs) StdoutLine: {'line': b'-- Up-to-date: /home/maizaied03/ros2_ws/install/px4_msgs/include/px4_msgs/px4_msgs/msg/detail/sensor_selection__functions.c\n'}
[0.695960] (px4_msgs) StdoutLine: {'line': b'-- Up-to-date: /home/maizaied03/ros2_ws/install/px4_msgs/include/px4_msgs/px4_msgs/msg/detail/autotune_attitude_control_status__struct.h\n'}
[0.696033] (px4_msgs) StdoutLine: {'line': b'-- Up-to-date: /home/maizaied03/ros2_ws/install/px4_msgs/include/px4_msgs/px4_msgs/msg/detail/actuator_motors__functions.c\n'}
[0.696069] (px4_msgs) StdoutLine: {'line': b'-- Up-to-date: /home/maizaied03/ros2_ws/install/px4_msgs/include/px4_msgs/px4_msgs/msg/detail/vehicle_angular_acceleration_setpoint__functions.h\n'}
[0.696104] (px4_msgs) StdoutLine: {'line': b'-- Up-to-date: /home/maizaied03/ros2_ws/install/px4_msgs/include/px4_msgs/px4_msgs/msg/detail/gain_compression__struct.h\n'}
[0.696137] (px4_msgs) StdoutLine: {'line': b'-- Up-to-date: /home/maizaied03/ros2_ws/install/px4_msgs/include/px4_msgs/px4_msgs/msg/detail/satellite_info__type_support.h\n'}
[0.696171] (px4_msgs) StdoutLine: {'line': b'-- Up-to-date: /home/maizaied03/ros2_ws/install/px4_msgs/include/px4_msgs/px4_msgs/msg/detail/airspeed__type_support.h\n'}
[0.696205] (px4_msgs) StdoutLine: {'line': b'-- Up-to-date: /home/maizaied03/ros2_ws/install/px4_msgs/include/px4_msgs/px4_msgs/msg/detail/airspeed_validated__functions.h\n'}
[0.696238] (px4_msgs) StdoutLine: {'line': b'-- Up-to-date: /home/maizaied03/ros2_ws/install/px4_msgs/include/px4_msgs/px4_msgs/msg/detail/cpuload__functions.c\n'}
[0.696272] (px4_msgs) StdoutLine: {'line': b'-- Up-to-date: /home/maizaied03/ros2_ws/install/px4_msgs/include/px4_msgs/px4_msgs/msg/detail/config_overrides__type_support.h\n'}
[0.696307] (px4_msgs) StdoutLine: {'line': b'-- Up-to-date: /home/maizaied03/ros2_ws/install/px4_msgs/include/px4_msgs/px4_msgs/msg/detail/event__struct.h\n'}
[0.696352] (px4_msgs) StdoutLine: {'line': b'-- Up-to-date: /home/maizaied03/ros2_ws/install/px4_msgs/include/px4_msgs/px4_msgs/msg/detail/gimbal_manager_set_manual_control__type_support.h\n'}
[0.696387] (px4_msgs) StdoutLine: {'line': b'-- Up-to-date: /home/maizaied03/ros2_ws/install/px4_msgs/include/px4_msgs/px4_msgs/msg/detail/vehicle_attitude_setpoint__functions.c\n'}
[0.696422] (px4_msgs) StdoutLine: {'line': b'-- Up-to-date: /home/maizaied03/ros2_ws/install/px4_msgs/include/px4_msgs/px4_msgs/msg/detail/rover_throttle_setpoint__functions.h\n'}
[0.696456] (px4_msgs) StdoutLine: {'line': b'-- Up-to-date: /home/maizaied03/ros2_ws/install/px4_msgs/include/px4_msgs/px4_msgs/msg/detail/message_format_response__type_support.h\n'}
[0.696490] (px4_msgs) StdoutLine: {'line': b'-- Up-to-date: /home/maizaied03/ros2_ws/install/px4_msgs/include/px4_msgs/px4_msgs/msg/detail/follow_target_estimator__functions.c\n'}
[0.696524] (px4_msgs) StdoutLine: {'line': b'-- Up-to-date: /home/maizaied03/ros2_ws/install/px4_msgs/include/px4_msgs/px4_msgs/msg/detail/open_drone_id_arm_status__functions.h\n'}
[0.696560] (px4_msgs) StdoutLine: {'line': b'-- Up-to-date: /home/maizaied03/ros2_ws/install/px4_msgs/include/px4_msgs/px4_msgs/msg/detail/parameter_set_value_request__functions.h\n'}
[0.696596] (px4_msgs) StdoutLine: {'line': b'-- Up-to-date: /home/maizaied03/ros2_ws/install/px4_msgs/include/px4_msgs/px4_msgs/msg/detail/sensor_accel_fifo__functions.h\n'}
[0.696630] (px4_msgs) StdoutLine: {'line': b'-- Up-to-date: /home/maizaied03/ros2_ws/install/px4_msgs/include/px4_msgs/px4_msgs/msg/detail/uavcan_parameter_value__struct.h\n'}
[0.696664] (px4_msgs) StdoutLine: {'line': b'-- Up-to-date: /home/maizaied03/ros2_ws/install/px4_msgs/include/px4_msgs/px4_msgs/msg/detail/heater_status__struct.h\n'}
[0.696698] (px4_msgs) StdoutLine: {'line': b'-- Up-to-date: /home/maizaied03/ros2_ws/install/px4_msgs/include/px4_msgs/px4_msgs/msg/detail/rc_parameter_map__functions.h\n'}
[0.696881] (px4_msgs) StdoutLine: {'line': b'-- Up-to-date: /home/maizaied03/ros2_ws/install/px4_msgs/include/px4_msgs/px4_msgs/msg/detail/can_interface_status__functions.h\n'}
[0.696918] (px4_msgs) StdoutLine: {'line': b'-- Up-to-date: /home/maizaied03/ros2_ws/install/px4_msgs/include/px4_msgs/px4_msgs/msg/detail/longitudinal_control_configuration__functions.c\n'}
[0.696954] (px4_msgs) StdoutLine: {'line': b'-- Up-to-date: /home/maizaied03/ros2_ws/install/px4_msgs/include/px4_msgs/px4_msgs/msg/detail/transponder_report__type_support.h\n'}
[0.696988] (px4_msgs) StdoutLine: {'line': b'-- Up-to-date: /home/maizaied03/ros2_ws/install/px4_msgs/include/px4_msgs/px4_msgs/msg/detail/actuator_outputs__functions.c\n'}
[0.697023] (px4_msgs) StdoutLine: {'line': b'-- Up-to-date: /home/maizaied03/ros2_ws/install/px4_msgs/include/px4_msgs/px4_msgs/msg/detail/estimator_aid_source1d__functions.c\n'}
[0.697057] (px4_msgs) StdoutLine: {'line': b'-- Up-to-date: /home/maizaied03/ros2_ws/install/px4_msgs/include/px4_msgs/px4_msgs/msg/detail/debug_value__type_support.h\n'}
[0.697091] (px4_msgs) StdoutLine: {'line': b'-- Up-to-date: /home/maizaied03/ros2_ws/install/px4_msgs/include/px4_msgs/px4_msgs/msg/detail/distance_sensor__type_support.h\n'}
[0.697125] (px4_msgs) StdoutLine: {'line': b'-- Up-to-date: /home/maizaied03/ros2_ws/install/px4_msgs/include/px4_msgs/px4_msgs/msg/detail/uavcan_parameter_request__struct.h\n'}
[0.697160] (px4_msgs) StdoutLine: {'line': b'-- Up-to-date: /home/maizaied03/ros2_ws/install/px4_msgs/include/px4_msgs/px4_msgs/msg/detail/adc_report__type_support.h\n'}
[0.697194] (px4_msgs) StdoutLine: {'line': b'-- Up-to-date: /home/maizaied03/ros2_ws/install/px4_msgs/include/px4_msgs/px4_msgs/msg/detail/gps_dump__functions.c\n'}
[0.697229] (px4_msgs) StdoutLine: {'line': b'-- Up-to-date: /home/maizaied03/ros2_ws/install/px4_msgs/include/px4_msgs/px4_msgs/msg/detail/sensor_hygrometer__functions.c\n'}
[0.697263] (px4_msgs) StdoutLine: {'line': b'-- Up-to-date: /home/maizaied03/ros2_ws/install/px4_msgs/include/px4_msgs/px4_msgs/msg/detail/vehicle_attitude__functions.h\n'}
[0.697386] (px4_msgs) StdoutLine: {'line': b'-- Up-to-date: /home/maizaied03/ros2_ws/install/px4_msgs/include/px4_msgs/px4_msgs/msg/detail/offboard_control_mode__functions.h\n'}
[0.697422] (px4_msgs) StdoutLine: {'line': b'-- Up-to-date: /home/maizaied03/ros2_ws/install/px4_msgs/include/px4_msgs/px4_msgs/msg/detail/failure_detector_status__functions.c\n'}
[0.697457] (px4_msgs) StdoutLine: {'line': b'-- Up-to-date: /home/maizaied03/ros2_ws/install/px4_msgs/include/px4_msgs/px4_msgs/msg/detail/pure_pursuit_status__struct.h\n'}
[0.697492] (px4_msgs) StdoutLine: {'line': b'-- Up-to-date: /home/maizaied03/ros2_ws/install/px4_msgs/include/px4_msgs/px4_msgs/msg/detail/figure_eight_status__functions.h\n'}
[0.697526] (px4_msgs) StdoutLine: {'line': b'-- Up-to-date: /home/maizaied03/ros2_ws/install/px4_msgs/include/px4_msgs/px4_msgs/msg/detail/sensor_gnss_status__type_support.h\n'}
[0.697560] (px4_msgs) StdoutLine: {'line': b'-- Up-to-date: /home/maizaied03/ros2_ws/install/px4_msgs/include/px4_msgs/px4_msgs/msg/detail/rc_channels__functions.c\n'}
[0.697594] (px4_msgs) StdoutLine: {'line': b'-- Up-to-date: /home/maizaied03/ros2_ws/install/px4_msgs/include/px4_msgs/px4_msgs/msg/detail/estimator_innovations__struct.h\n'}
[0.697666] (px4_msgs) StdoutLine: {'line': b'-- Up-to-date: /home/maizaied03/ros2_ws/install/px4_msgs/include/px4_msgs/px4_msgs/msg/detail/sensor_mag__functions.h\n'}
[0.697703] (px4_msgs) StdoutLine: {'line': b'-- Up-to-date: /home/maizaied03/ros2_ws/install/px4_msgs/include/px4_msgs/px4_msgs/msg/detail/dronecan_node_status__type_support.h\n'}
[0.697739] (px4_msgs) StdoutLine: {'line': b'-- Up-to-date: /home/maizaied03/ros2_ws/install/px4_msgs/include/px4_msgs/px4_msgs/msg/detail/vehicle_status__type_support.h\n'}
[0.697830] (px4_msgs) StdoutLine: {'line': b'-- Up-to-date: /home/maizaied03/ros2_ws/install/px4_msgs/include/px4_msgs/px4_msgs/msg/detail/navigator_mission_item__functions.c\n'}
[0.697918] (px4_msgs) StdoutLine: {'line': b'-- Up-to-date: /home/maizaied03/ros2_ws/install/px4_msgs/include/px4_msgs/px4_msgs/msg/detail/sensor_uwb__functions.h\n'}
[0.697954] (px4_msgs) StdoutLine: {'line': b'-- Up-to-date: /home/maizaied03/ros2_ws/install/px4_msgs/include/px4_msgs/px4_msgs/msg/detail/failsafe_flags__functions.h\n'}
[0.697990] (px4_msgs) StdoutLine: {'line': b'-- Up-to-date: /home/maizaied03/ros2_ws/install/px4_msgs/include/px4_msgs/px4_msgs/msg/detail/esc_report__type_support.h\n'}
[0.698025] (px4_msgs) StdoutLine: {'line': b'-- Up-to-date: /home/maizaied03/ros2_ws/install/px4_msgs/include/px4_msgs/px4_msgs/msg/detail/vehicle_imu__type_support.h\n'}
[0.698060] (px4_msgs) StdoutLine: {'line': b'-- Up-to-date: /home/maizaied03/ros2_ws/install/px4_msgs/include/px4_msgs/px4_msgs/msg/detail/vehicle_control_mode__type_support.h\n'}
[0.698095] (px4_msgs) StdoutLine: {'line': b'-- Up-to-date: /home/maizaied03/ros2_ws/install/px4_msgs/include/px4_msgs/px4_msgs/msg/detail/timesync_status__functions.c\n'}
[0.698130] (px4_msgs) StdoutLine: {'line': b'-- Up-to-date: /home/maizaied03/ros2_ws/install/px4_msgs/include/px4_msgs/px4_msgs/msg/detail/estimator_sensor_bias__type_support.h\n'}
[0.698164] (px4_msgs) StdoutLine: {'line': b'-- Up-to-date: /home/maizaied03/ros2_ws/install/px4_msgs/include/px4_msgs/px4_msgs/msg/detail/rpm__functions.h\n'}
[0.698198] (px4_msgs) StdoutLine: {'line': b'-- Up-to-date: /home/maizaied03/ros2_ws/install/px4_msgs/include/px4_msgs/px4_msgs/msg/detail/config_overrides__functions.h\n'}
[0.698232] (px4_msgs) StdoutLine: {'line': b'-- Up-to-date: /home/maizaied03/ros2_ws/install/px4_msgs/include/px4_msgs/px4_msgs/msg/detail/sensor_gyro_fifo__functions.h\n'}
[0.698266] (px4_msgs) StdoutLine: {'line': b'-- Up-to-date: /home/maizaied03/ros2_ws/install/px4_msgs/include/px4_msgs/px4_msgs/msg/detail/sensors_status_imu__struct.h\n'}
[0.698300] (px4_msgs) StdoutLine: {'line': b'-- Up-to-date: /home/maizaied03/ros2_ws/install/px4_msgs/include/px4_msgs/px4_msgs/msg/detail/vehicle_magnetometer__type_support.h\n'}
[0.698335] (px4_msgs) StdoutLine: {'line': b'-- Up-to-date: /home/maizaied03/ros2_ws/install/px4_msgs/include/px4_msgs/px4_msgs/msg/detail/follow_target_status__struct.h\n'}
[0.698369] (px4_msgs) StdoutLine: {'line': b'-- Up-to-date: /home/maizaied03/ros2_ws/install/px4_msgs/include/px4_msgs/px4_msgs/msg/detail/estimator_status_flags__functions.h\n'}
[0.698403] (px4_msgs) StdoutLine: {'line': b'-- Up-to-date: /home/maizaied03/ros2_ws/install/px4_msgs/include/px4_msgs/px4_msgs/msg/detail/generator_status__type_support.h\n'}
[0.698437] (px4_msgs) StdoutLine: {'line': b'-- Up-to-date: /home/maizaied03/ros2_ws/install/px4_msgs/include/px4_msgs/px4_msgs/msg/detail/sensors_status__struct.h\n'}
[0.698471] (px4_msgs) StdoutLine: {'line': b'-- Up-to-date: /home/maizaied03/ros2_ws/install/px4_msgs/include/px4_msgs/px4_msgs/msg/detail/sensor_airflow__functions.h\n'}
[0.698505] (px4_msgs) StdoutLine: {'line': b'-- Up-to-date: /home/maizaied03/ros2_ws/install/px4_msgs/include/px4_msgs/px4_msgs/msg/detail/can_interface_status__functions.c\n'}
[0.698539] (px4_msgs) StdoutLine: {'line': b'-- Up-to-date: /home/maizaied03/ros2_ws/install/px4_msgs/include/px4_msgs/px4_msgs/msg/detail/pure_pursuit_status__type_support.h\n'}
[0.698572] (px4_msgs) StdoutLine: {'line': b'-- Up-to-date: /home/maizaied03/ros2_ws/install/px4_msgs/include/px4_msgs/px4_msgs/msg/detail/vehicle_air_data__functions.c\n'}
[0.698607] (px4_msgs) StdoutLine: {'line': b'-- Up-to-date: /home/maizaied03/ros2_ws/install/px4_msgs/include/px4_msgs/px4_msgs/msg/detail/unregister_ext_component__type_support.h\n'}
[0.698642] (px4_msgs) StdoutLine: {'line': b'-- Up-to-date: /home/maizaied03/ros2_ws/install/px4_msgs/include/px4_msgs/px4_msgs/msg/detail/can_interface_status__struct.h\n'}
[0.698694] (px4_msgs) StdoutLine: {'line': b'-- Up-to-date: /home/maizaied03/ros2_ws/install/px4_msgs/include/px4_msgs/px4_msgs/msg/detail/debug_array__struct.h\n'}
[0.698983] (px4_msgs) StdoutLine: {'line': b'-- Up-to-date: /home/maizaied03/ros2_ws/install/px4_msgs/include/px4_msgs/px4_msgs/msg/detail/gpio_in__functions.c\n'}
[0.699070] (px4_msgs) StdoutLine: {'line': b'-- Up-to-date: /home/maizaied03/ros2_ws/install/px4_msgs/include/px4_msgs/px4_msgs/msg/detail/battery_info__struct.h\n'}
[0.699132] (px4_msgs) StdoutLine: {'line': b'-- Up-to-date: /home/maizaied03/ros2_ws/install/px4_msgs/include/px4_msgs/px4_msgs/msg/detail/fuel_tank_status__type_support.h\n'}
[0.699249] (px4_msgs) StdoutLine: {'line': b'-- Up-to-date: /home/maizaied03/ros2_ws/install/px4_msgs/include/px4_msgs/px4_msgs/msg/detail/estimator_bias__functions.c\n'}
[0.699316] (px4_msgs) StdoutLine: {'line': b'-- Up-to-date: /home/maizaied03/ros2_ws/install/px4_msgs/include/px4_msgs/px4_msgs/msg/detail/parameter_set_value_response__functions.h\n'}
[0.699370] (px4_msgs) StdoutLine: {'line': b'-- Up-to-date: /home/maizaied03/ros2_ws/install/px4_msgs/include/px4_msgs/px4_msgs/msg/detail/parameter_set_used_request__functions.h\n'}
[0.699424] (px4_msgs) StdoutLine: {'line': b'-- Up-to-date: /home/maizaied03/ros2_ws/install/px4_msgs/include/px4_msgs/px4_msgs/msg/detail/mag_worker_data__functions.h\n'}
[0.699472] (px4_msgs) StdoutLine: {'line': b'-- Up-to-date: /home/maizaied03/ros2_ws/install/px4_msgs/include/px4_msgs/px4_msgs/msg/detail/estimator_status_flags__struct.h\n'}
[0.699525] (px4_msgs) StdoutLine: {'line': b'-- Up-to-date: /home/maizaied03/ros2_ws/install/px4_msgs/include/px4_msgs/px4_msgs/msg/detail/arming_check_reply__struct.h\n'}
[0.699585] (px4_msgs) StdoutLine: {'line': b'-- Up-to-date: /home/maizaied03/ros2_ws/install/px4_msgs/include/px4_msgs/px4_msgs/msg/detail/fixed_wing_lateral_guidance_status__type_support.h\n'}
[0.699644] (px4_msgs) StdoutLine: {'line': b'-- Up-to-date: /home/maizaied03/ros2_ws/install/px4_msgs/include/px4_msgs/px4_msgs/msg/detail/debug_array__type_support.h\n'}
[0.699696] (px4_msgs) StdoutLine: {'line': b'-- Up-to-date: /home/maizaied03/ros2_ws/install/px4_msgs/include/px4_msgs/px4_msgs/msg/detail/input_rc__functions.c\n'}
[0.699752] (px4_msgs) StdoutLine: {'line': b'-- Up-to-date: /home/maizaied03/ros2_ws/install/px4_msgs/include/px4_msgs/px4_msgs/msg/detail/sensor_baro__struct.h\n'}
[0.699848] (px4_msgs) StdoutLine: {'line': b'-- Up-to-date: /home/maizaied03/ros2_ws/install/px4_msgs/include/px4_msgs/px4_msgs/msg/detail/goto_setpoint__functions.c\n'}
[0.699887] (px4_msgs) StdoutLine: {'line': b'-- Up-to-date: /home/maizaied03/ros2_ws/install/px4_msgs/include/px4_msgs/px4_msgs/msg/detail/actuator_test__type_support.h\n'}
[0.699921] (px4_msgs) StdoutLine: {'line': b'-- Up-to-date: /home/maizaied03/ros2_ws/install/px4_msgs/include/px4_msgs/px4_msgs/msg/detail/sensor_selection__struct.h\n'}
[0.699956] (px4_msgs) StdoutLine: {'line': b'-- Up-to-date: /home/maizaied03/ros2_ws/install/px4_msgs/include/px4_msgs/px4_msgs/msg/detail/iridiumsbd_status__functions.c\n'}
[0.699990] (px4_msgs) StdoutLine: {'line': b'-- Up-to-date: /home/maizaied03/ros2_ws/install/px4_msgs/include/px4_msgs/px4_msgs/msg/detail/rover_position_setpoint__functions.c\n'}
[0.700025] (px4_msgs) StdoutLine: {'line': b'-- Up-to-date: /home/maizaied03/ros2_ws/install/px4_msgs/include/px4_msgs/px4_msgs/msg/detail/button_event__functions.h\n'}
[0.700096] (px4_msgs) StdoutLine: {'line': b'-- Up-to-date: /home/maizaied03/ros2_ws/install/px4_msgs/include/px4_msgs/px4_msgs/msg/detail/ping__type_support.h\n'}
[0.700143] (px4_msgs) StdoutLine: {'line': b'-- Up-to-date: /home/maizaied03/ros2_ws/install/px4_msgs/include/px4_msgs/px4_msgs/msg/detail/task_stack_info__struct.h\n'}
[0.700179] (px4_msgs) StdoutLine: {'line': b'-- Up-to-date: /home/maizaied03/ros2_ws/install/px4_msgs/include/px4_msgs/px4_msgs/msg/detail/neural_control__functions.c\n'}
[0.700214] (px4_msgs) StdoutLine: {'line': b'-- Up-to-date: /home/maizaied03/ros2_ws/install/px4_msgs/include/px4_msgs/px4_msgs/msg/detail/event__functions.h\n'}
[0.700248] (px4_msgs) StdoutLine: {'line': b'-- Up-to-date: /home/maizaied03/ros2_ws/install/px4_msgs/include/px4_msgs/px4_msgs/msg/detail/obstacle_distance__functions.h\n'}
[0.700282] (px4_msgs) StdoutLine: {'line': b'-- Up-to-date: /home/maizaied03/ros2_ws/install/px4_msgs/include/px4_msgs/px4_msgs/msg/detail/manual_control_setpoint__type_support.h\n'}
[0.700330] (px4_msgs) StdoutLine: {'line': b'-- Up-to-date: /home/maizaied03/ros2_ws/install/px4_msgs/include/px4_msgs/px4_msgs/msg/detail/vehicle_torque_setpoint__struct.h\n'}
[0.700364] (px4_msgs) StdoutLine: {'line': b'-- Up-to-date: /home/maizaied03/ros2_ws/install/px4_msgs/include/px4_msgs/px4_msgs/msg/detail/vehicle_rates_setpoint__functions.h\n'}
[0.700397] (px4_msgs) StdoutLine: {'line': b'-- Up-to-date: /home/maizaied03/ros2_ws/install/px4_msgs/include/px4_msgs/px4_msgs/msg/detail/vehicle_control_mode__struct.h\n'}
[0.700431] (px4_msgs) StdoutLine: {'line': b'-- Up-to-date: /home/maizaied03/ros2_ws/install/px4_msgs/include/px4_msgs/px4_msgs/msg/detail/qshell_req__functions.h\n'}
[0.700464] (px4_msgs) StdoutLine: {'line': b'-- Up-to-date: /home/maizaied03/ros2_ws/install/px4_msgs/include/px4_msgs/px4_msgs/msg/detail/task_stack_info__functions.h\n'}
[0.700497] (px4_msgs) StdoutLine: {'line': b'-- Up-to-date: /home/maizaied03/ros2_ws/install/px4_msgs/include/px4_msgs/px4_msgs/msg/detail/estimator_bias3d__functions.h\n'}
[0.700530] (px4_msgs) StdoutLine: {'line': b'-- Up-to-date: /home/maizaied03/ros2_ws/install/px4_msgs/include/px4_msgs/px4_msgs/msg/detail/log_message__functions.c\n'}
[0.700673] (px4_msgs) StdoutLine: {'line': b'-- Up-to-date: /home/maizaied03/ros2_ws/install/px4_msgs/include/px4_msgs/px4_msgs/msg/detail/open_drone_id_self_id__struct.h\n'}
[0.700709] (px4_msgs) StdoutLine: {'line': b'-- Up-to-date: /home/maizaied03/ros2_ws/install/px4_msgs/include/px4_msgs/px4_msgs/msg/detail/sensor_correction__functions.h\n'}
[0.700744] (px4_msgs) StdoutLine: {'line': b'-- Up-to-date: /home/maizaied03/ros2_ws/install/px4_msgs/include/px4_msgs/px4_msgs/msg/detail/rover_attitude_status__functions.c\n'}
[0.700833] (px4_msgs) StdoutLine: {'line': b'-- Up-to-date: /home/maizaied03/ros2_ws/install/px4_msgs/include/px4_msgs/px4_msgs/msg/detail/dataman_response__functions.c\n'}
[0.700870] (px4_msgs) StdoutLine: {'line': b'-- Up-to-date: /home/maizaied03/ros2_ws/install/px4_msgs/include/px4_msgs/px4_msgs/msg/detail/vtx__functions.c\n'}
[0.700905] (px4_msgs) StdoutLine: {'line': b'-- Up-to-date: /home/maizaied03/ros2_ws/install/px4_msgs/include/px4_msgs/px4_msgs/msg/detail/estimator_states__struct.h\n'}
[0.700939] (px4_msgs) StdoutLine: {'line': b'-- Up-to-date: /home/maizaied03/ros2_ws/install/px4_msgs/include/px4_msgs/px4_msgs/msg/detail/mission_result__type_support.h\n'}
[0.700971] (-) TimerEvent: {}
[0.701052] (px4_msgs) StdoutLine: {'line': b'-- Up-to-date: /home/maizaied03/ros2_ws/install/px4_msgs/include/px4_msgs/px4_msgs/msg/detail/collision_constraints__functions.c\n'}
[0.701104] (px4_msgs) StdoutLine: {'line': b'-- Up-to-date: /home/maizaied03/ros2_ws/install/px4_msgs/include/px4_msgs/px4_msgs/msg/detail/actuator_motors__functions.h\n'}
[0.701140] (px4_msgs) StdoutLine: {'line': b'-- Up-to-date: /home/maizaied03/ros2_ws/install/px4_msgs/include/px4_msgs/px4_msgs/msg/detail/hover_thrust_estimate__functions.c\n'}
[0.701174] (px4_msgs) StdoutLine: {'line': b'-- Up-to-date: /home/maizaied03/ros2_ws/install/px4_msgs/include/px4_msgs/px4_msgs/msg/detail/vehicle_local_position__struct.h\n'}
[0.701209] (px4_msgs) StdoutLine: {'line': b'-- Up-to-date: /home/maizaied03/ros2_ws/install/px4_msgs/include/px4_msgs/px4_msgs/msg/detail/tecs_status__type_support.h\n'}
[0.701243] (px4_msgs) StdoutLine: {'line': b'-- Up-to-date: /home/maizaied03/ros2_ws/install/px4_msgs/include/px4_msgs/px4_msgs/msg/detail/estimator_aid_source1d__functions.h\n'}
[0.701278] (px4_msgs) StdoutLine: {'line': b'-- Up-to-date: /home/maizaied03/ros2_ws/install/px4_msgs/include/px4_msgs/px4_msgs/msg/detail/gimbal_manager_information__type_support.h\n'}
[0.701312] (px4_msgs) StdoutLine: {'line': b'-- Up-to-date: /home/maizaied03/ros2_ws/install/px4_msgs/include/px4_msgs/px4_msgs/msg/detail/estimator_status__functions.c\n'}
[0.701347] (px4_msgs) StdoutLine: {'line': b'-- Up-to-date: /home/maizaied03/ros2_ws/install/px4_msgs/include/px4_msgs/px4_msgs/msg/detail/goto_setpoint__type_support.h\n'}
[0.701429] (px4_msgs) StdoutLine: {'line': b'-- Up-to-date: /home/maizaied03/ros2_ws/install/px4_msgs/include/px4_msgs/px4_msgs/msg/detail/device_information__functions.c\n'}
[0.701465] (px4_msgs) StdoutLine: {'line': b'-- Up-to-date: /home/maizaied03/ros2_ws/install/px4_msgs/include/px4_msgs/px4_msgs/msg/detail/control_allocator_status__type_support.h\n'}
[0.701501] (px4_msgs) StdoutLine: {'line': b'-- Up-to-date: /home/maizaied03/ros2_ws/install/px4_msgs/include/px4_msgs/px4_msgs/msg/detail/fixed_wing_runway_control__type_support.h\n'}
[0.701536] (px4_msgs) StdoutLine: {'line': b'-- Up-to-date: /home/maizaied03/ros2_ws/install/px4_msgs/include/px4_msgs/px4_msgs/msg/detail/gps_inject_data__functions.c\n'}
[0.701571] (px4_msgs) StdoutLine: {'line': b'-- Up-to-date: /home/maizaied03/ros2_ws/install/px4_msgs/include/px4_msgs/px4_msgs/msg/detail/navigator_mission_item__functions.h\n'}
[0.701607] (px4_msgs) StdoutLine: {'line': b'-- Up-to-date: /home/maizaied03/ros2_ws/install/px4_msgs/include/px4_msgs/px4_msgs/msg/detail/esc_status__functions.c\n'}
[0.701641] (px4_msgs) StdoutLine: {'line': b'-- Up-to-date: /home/maizaied03/ros2_ws/install/px4_msgs/include/px4_msgs/px4_msgs/msg/detail/position_setpoint_triplet__type_support.h\n'}
[0.701675] (px4_msgs) StdoutLine: {'line': b'-- Up-to-date: /home/maizaied03/ros2_ws/install/px4_msgs/include/px4_msgs/px4_msgs/msg/detail/estimator_sensor_bias__functions.c\n'}
[0.701709] (px4_msgs) StdoutLine: {'line': b'-- Up-to-date: /home/maizaied03/ros2_ws/install/px4_msgs/include/px4_msgs/px4_msgs/msg/detail/gps_dump__functions.h\n'}
[0.701743] (px4_msgs) StdoutLine: {'line': b'-- Up-to-date: /home/maizaied03/ros2_ws/install/px4_msgs/include/px4_msgs/px4_msgs/msg/detail/message_format_request__functions.h\n'}
[0.701850] (px4_msgs) StdoutLine: {'line': b'-- Up-to-date: /home/maizaied03/ros2_ws/install/px4_msgs/include/px4_msgs/px4_msgs/msg/detail/rtl_time_estimate__struct.h\n'}
[0.701889] (px4_msgs) StdoutLine: {'line': b'-- Up-to-date: /home/maizaied03/ros2_ws/install/px4_msgs/include/px4_msgs/px4_msgs/msg/detail/vehicle_attitude__type_support.h\n'}
[0.701924] (px4_msgs) StdoutLine: {'line': b'-- Up-to-date: /home/maizaied03/ros2_ws/install/px4_msgs/include/px4_msgs/px4_msgs/msg/detail/estimator_bias__type_support.h\n'}
[0.701958] (px4_msgs) StdoutLine: {'line': b'-- Up-to-date: /home/maizaied03/ros2_ws/install/px4_msgs/include/px4_msgs/px4_msgs/msg/detail/wind__functions.h\n'}
[0.701992] (px4_msgs) StdoutLine: {'line': b'-- Up-to-date: /home/maizaied03/ros2_ws/install/px4_msgs/include/px4_msgs/px4_msgs/msg/detail/geofence_status__struct.h\n'}
[0.702026] (px4_msgs) StdoutLine: {'line': b'-- Up-to-date: /home/maizaied03/ros2_ws/install/px4_msgs/include/px4_msgs/px4_msgs/msg/detail/ping__functions.c\n'}
[0.702060] (px4_msgs) StdoutLine: {'line': b'-- Up-to-date: /home/maizaied03/ros2_ws/install/px4_msgs/include/px4_msgs/px4_msgs/msg/detail/vehicle_local_position__functions.c\n'}
[0.702258] (px4_msgs) StdoutLine: {'line': b'-- Up-to-date: /home/maizaied03/ros2_ws/install/px4_msgs/include/px4_msgs/px4_msgs/msg/detail/goto_setpoint__struct.h\n'}
[0.702293] (px4_msgs) StdoutLine: {'line': b'-- Up-to-date: /home/maizaied03/ros2_ws/install/px4_msgs/include/px4_msgs/px4_msgs/msg/detail/landing_gear__type_support.h\n'}
[0.702328] (px4_msgs) StdoutLine: {'line': b'-- Up-to-date: /home/maizaied03/ros2_ws/install/px4_msgs/include/px4_msgs/px4_msgs/msg/detail/parameter_set_value_response__struct.h\n'}
[0.702363] (px4_msgs) StdoutLine: {'line': b'-- Up-to-date: /home/maizaied03/ros2_ws/install/px4_msgs/include/px4_msgs/px4_msgs/msg/detail/internal_combustion_engine_status__functions.h\n'}
[0.702398] (px4_msgs) StdoutLine: {'line': b'-- Up-to-date: /home/maizaied03/ros2_ws/install/px4_msgs/include/px4_msgs/px4_msgs/msg/detail/fixed_wing_longitudinal_setpoint__functions.h\n'}
[0.702432] (px4_msgs) StdoutLine: {'line': b'-- Up-to-date: /home/maizaied03/ros2_ws/install/px4_msgs/include/px4_msgs/px4_msgs/msg/detail/launch_detection_status__functions.c\n'}
[0.702479] (px4_msgs) StdoutLine: {'line': b'-- Up-to-date: /home/maizaied03/ros2_ws/install/px4_msgs/include/px4_msgs/px4_msgs/msg/detail/gimbal_device_set_attitude__functions.h\n'}
[0.702513] (px4_msgs) StdoutLine: {'line': b'-- Up-to-date: /home/maizaied03/ros2_ws/install/px4_msgs/include/px4_msgs/px4_msgs/msg/detail/onboard_computer_status__struct.h\n'}
[0.702547] (px4_msgs) StdoutLine: {'line': b'-- Up-to-date: /home/maizaied03/ros2_ws/install/px4_msgs/include/px4_msgs/px4_msgs/msg/detail/gps_inject_data__functions.h\n'}
[0.702582] (px4_msgs) StdoutLine: {'line': b'-- Up-to-date: /home/maizaied03/ros2_ws/install/px4_msgs/include/px4_msgs/px4_msgs/msg/detail/control_allocator_status__functions.h\n'}
[0.702615] (px4_msgs) StdoutLine: {'line': b'-- Up-to-date: /home/maizaied03/ros2_ws/install/px4_msgs/include/px4_msgs/px4_msgs/msg/detail/estimator_event_flags__type_support.h\n'}
[0.702648] (px4_msgs) StdoutLine: {'line': b'-- Up-to-date: /home/maizaied03/ros2_ws/install/px4_msgs/include/px4_msgs/px4_msgs/msg/detail/gimbal_manager_set_attitude__functions.h\n'}
[0.702681] (px4_msgs) StdoutLine: {'line': b'-- Up-to-date: /home/maizaied03/ros2_ws/install/px4_msgs/include/px4_msgs/px4_msgs/msg/detail/figure_eight_status__struct.h\n'}
[0.702714] (px4_msgs) StdoutLine: {'line': b'-- Up-to-date: /home/maizaied03/ros2_ws/install/px4_msgs/include/px4_msgs/px4_msgs/msg/detail/wind__type_support.h\n'}
[0.702748] (px4_msgs) StdoutLine: {'line': b'-- Up-to-date: /home/maizaied03/ros2_ws/install/px4_msgs/include/px4_msgs/px4_msgs/msg/detail/neural_control__struct.h\n'}
[0.702789] (px4_msgs) StdoutLine: {'line': b'-- Up-to-date: /home/maizaied03/ros2_ws/install/px4_msgs/include/px4_msgs/px4_msgs/msg/detail/gpio_out__functions.h\n'}
[0.702825] (px4_msgs) StdoutLine: {'line': b'-- Up-to-date: /home/maizaied03/ros2_ws/install/px4_msgs/include/px4_msgs/px4_msgs/msg/detail/tecs_status__functions.c\n'}
[0.702858] (px4_msgs) StdoutLine: {'line': b'-- Up-to-date: /home/maizaied03/ros2_ws/install/px4_msgs/include/px4_msgs/px4_msgs/msg/detail/estimator_event_flags__functions.h\n'}
[0.702892] (px4_msgs) StdoutLine: {'line': b'-- Up-to-date: /home/maizaied03/ros2_ws/install/px4_msgs/include/px4_msgs/px4_msgs/msg/detail/sensor_selection__functions.h\n'}
[0.702926] (px4_msgs) StdoutLine: {'line': b'-- Up-to-date: /home/maizaied03/ros2_ws/install/px4_msgs/include/px4_msgs/px4_msgs/msg/detail/mount_orientation__functions.h\n'}
[0.702959] (px4_msgs) StdoutLine: {'line': b'-- Up-to-date: /home/maizaied03/ros2_ws/install/px4_msgs/include/px4_msgs/px4_msgs/msg/detail/geofence_status__type_support.h\n'}
[0.702993] (px4_msgs) StdoutLine: {'line': b'-- Up-to-date: /home/maizaied03/ros2_ws/install/px4_msgs/include/px4_msgs/px4_msgs/msg/detail/flight_phase_estimation__type_support.h\n'}
[0.703028] (px4_msgs) StdoutLine: {'line': b'-- Up-to-date: /home/maizaied03/ros2_ws/install/px4_msgs/include/px4_msgs/px4_msgs/msg/detail/mission_result__struct.h\n'}
[0.703062] (px4_msgs) StdoutLine: {'line': b'-- Up-to-date: /home/maizaied03/ros2_ws/install/px4_msgs/include/px4_msgs/px4_msgs/msg/detail/raptor_input__functions.c\n'}
[0.703104] (px4_msgs) StdoutLine: {'line': b'-- Up-to-date: /home/maizaied03/ros2_ws/install/px4_msgs/include/px4_msgs/px4_msgs/msg/detail/rover_rate_setpoint__struct.h\n'}
[0.703148] (px4_msgs) StdoutLine: {'line': b'-- Up-to-date: /home/maizaied03/ros2_ws/install/px4_msgs/include/px4_msgs/px4_msgs/msg/detail/sensor_combined__functions.c\n'}
[0.703182] (px4_msgs) StdoutLine: {'line': b'-- Up-to-date: /home/maizaied03/ros2_ws/install/px4_msgs/include/px4_msgs/px4_msgs/msg/detail/failsafe_flags__struct.h\n'}
[0.703218] (px4_msgs) StdoutLine: {'line': b'-- Up-to-date: /home/maizaied03/ros2_ws/install/px4_msgs/include/px4_msgs/px4_msgs/msg/detail/sensor_gyro_fft__functions.c\n'}
[0.703251] (px4_msgs) StdoutLine: {'line': b'-- Up-to-date: /home/maizaied03/ros2_ws/install/px4_msgs/include/px4_msgs/px4_msgs/msg/detail/logger_status__functions.h\n'}
[0.703285] (px4_msgs) StdoutLine: {'line': b'-- Up-to-date: /home/maizaied03/ros2_ws/install/px4_msgs/include/px4_msgs/px4_msgs/msg/detail/estimator_bias3d__functions.c\n'}
[0.703363] (px4_msgs) StdoutLine: {'line': b'-- Up-to-date: /home/maizaied03/ros2_ws/install/px4_msgs/include/px4_msgs/px4_msgs/msg/detail/rtl_time_estimate__functions.h\n'}
[0.703579] (px4_msgs) StdoutLine: {'line': b'-- Up-to-date: /home/maizaied03/ros2_ws/install/px4_msgs/include/px4_msgs/px4_msgs/msg/detail/estimator_status__struct.h\n'}
[0.703703] (px4_msgs) StdoutLine: {'line': b'-- Up-to-date: /home/maizaied03/ros2_ws/install/px4_msgs/include/px4_msgs/px4_msgs/msg/detail/velocity_limits__functions.h\n'}
[0.703739] (px4_msgs) StdoutLine: {'line': b'-- Up-to-date: /home/maizaied03/ros2_ws/install/px4_msgs/include/px4_msgs/px4_msgs/msg/detail/gps_dump__struct.h\n'}
[0.703781] (px4_msgs) StdoutLine: {'line': b'-- Up-to-date: /home/maizaied03/ros2_ws/install/px4_msgs/include/px4_msgs/px4_msgs/msg/detail/power_monitor__struct.h\n'}
[0.703818] (px4_msgs) StdoutLine: {'line': b'-- Up-to-date: /home/maizaied03/ros2_ws/install/px4_msgs/include/px4_msgs/px4_msgs/msg/detail/register_ext_component_request__functions.c\n'}
[0.703854] (px4_msgs) StdoutLine: {'line': b'-- Up-to-date: /home/maizaied03/ros2_ws/install/px4_msgs/include/px4_msgs/px4_msgs/msg/detail/vehicle_command_ack__functions.h\n'}
[0.703889] (px4_msgs) StdoutLine: {'line': b'-- Up-to-date: /home/maizaied03/ros2_ws/install/px4_msgs/include/px4_msgs/px4_msgs/msg/detail/yaw_estimator_status__struct.h\n'}
[0.703925] (px4_msgs) StdoutLine: {'line': b'-- Up-to-date: /home/maizaied03/ros2_ws/install/px4_msgs/include/px4_msgs/px4_msgs/msg/detail/gimbal_device_attitude_status__functions.c\n'}
[0.703960] (px4_msgs) StdoutLine: {'line': b'-- Up-to-date: /home/maizaied03/ros2_ws/install/px4_msgs/include/px4_msgs/px4_msgs/msg/detail/cellular_status__functions.c\n'}
[0.703995] (px4_msgs) StdoutLine: {'line': b'-- Up-to-date: /home/maizaied03/ros2_ws/install/px4_msgs/include/px4_msgs/px4_msgs/msg/detail/heater_status__functions.c\n'}
[0.704031] (px4_msgs) StdoutLine: {'line': b'-- Up-to-date: /home/maizaied03/ros2_ws/install/px4_msgs/include/px4_msgs/px4_msgs/msg/detail/estimator_aid_source2d__functions.h\n'}
[0.704066] (px4_msgs) StdoutLine: {'line': b'-- Up-to-date: /home/maizaied03/ros2_ws/install/px4_msgs/include/px4_msgs/px4_msgs/msg/detail/landing_target_innovations__type_support.h\n'}
[0.704102] (px4_msgs) StdoutLine: {'line': b'-- Up-to-date: /home/maizaied03/ros2_ws/install/px4_msgs/include/px4_msgs/px4_msgs/msg/detail/gimbal_manager_set_manual_control__functions.h\n'}
[0.704136] (px4_msgs) StdoutLine: {'line': b'-- Up-to-date: /home/maizaied03/ros2_ws/install/px4_msgs/include/px4_msgs/px4_msgs/msg/detail/esc_report__functions.h\n'}
[0.704171] (px4_msgs) StdoutLine: {'line': b'-- Up-to-date: /home/maizaied03/ros2_ws/install/px4_msgs/include/px4_msgs/px4_msgs/msg/detail/position_setpoint__functions.h\n'}
[0.704206] (px4_msgs) StdoutLine: {'line': b'-- Up-to-date: /home/maizaied03/ros2_ws/install/px4_msgs/include/px4_msgs/px4_msgs/msg/detail/manual_control_switches__functions.c\n'}
[0.704241] (px4_msgs) StdoutLine: {'line': b'-- Up-to-date: /home/maizaied03/ros2_ws/install/px4_msgs/include/px4_msgs/px4_msgs/msg/detail/neural_control__type_support.h\n'}
[0.704274] (px4_msgs) StdoutLine: {'line': b'-- Up-to-date: /home/maizaied03/ros2_ws/install/px4_msgs/include/px4_msgs/px4_msgs/msg/detail/log_message__functions.h\n'}
[0.704309] (px4_msgs) StdoutLine: {'line': b'-- Up-to-date: /home/maizaied03/ros2_ws/install/px4_msgs/include/px4_msgs/px4_msgs/msg/detail/estimator_states__type_support.h\n'}
[0.704342] (px4_msgs) StdoutLine: {'line': b'-- Up-to-date: /home/maizaied03/ros2_ws/install/px4_msgs/include/px4_msgs/px4_msgs/msg/detail/estimator_aid_source3d__type_support.h\n'}
[0.704376] (px4_msgs) StdoutLine: {'line': b'-- Up-to-date: /home/maizaied03/ros2_ws/install/px4_msgs/include/px4_msgs/px4_msgs/msg/detail/qshell_req__struct.h\n'}
[0.704409] (px4_msgs) StdoutLine: {'line': b'-- Up-to-date: /home/maizaied03/ros2_ws/install/px4_msgs/include/px4_msgs/px4_msgs/msg/detail/dataman_response__struct.h\n'}
[0.704462] (px4_msgs) StdoutLine: {'line': b'-- Up-to-date: /home/maizaied03/ros2_ws/install/px4_msgs/include/px4_msgs/px4_msgs/msg/detail/debug_vect__functions.c\n'}
[0.704496] (px4_msgs) StdoutLine: {'line': b'-- Up-to-date: /home/maizaied03/ros2_ws/install/px4_msgs/include/px4_msgs/px4_msgs/msg/detail/vehicle_imu__struct.h\n'}
[0.704529] (px4_msgs) StdoutLine: {'line': b'-- Up-to-date: /home/maizaied03/ros2_ws/install/px4_msgs/include/px4_msgs/px4_msgs/msg/detail/sensor_gyro_fifo__functions.c\n'}
[0.704563] (px4_msgs) StdoutLine: {'line': b'-- Up-to-date: /home/maizaied03/ros2_ws/install/px4_msgs/include/px4_msgs/px4_msgs/msg/detail/differential_pressure__functions.c\n'}
[0.704597] (px4_msgs) StdoutLine: {'line': b'-- Up-to-date: /home/maizaied03/ros2_ws/install/px4_msgs/include/px4_msgs/px4_msgs/msg/detail/vehicle_land_detected__struct.h\n'}
[0.704630] (px4_msgs) StdoutLine: {'line': b'-- Up-to-date: /home/maizaied03/ros2_ws/install/px4_msgs/include/px4_msgs/px4_msgs/msg/detail/rpm__struct.h\n'}
[0.704664] (px4_msgs) StdoutLine: {'line': b'-- Up-to-date: /home/maizaied03/ros2_ws/install/px4_msgs/include/px4_msgs/px4_msgs/msg/detail/trajectory_setpoint6dof__type_support.h\n'}
[0.704697] (px4_msgs) StdoutLine: {'line': b'-- Up-to-date: /home/maizaied03/ros2_ws/install/px4_msgs/include/px4_msgs/px4_msgs/msg/detail/differential_pressure__type_support.h\n'}
[0.704800] (px4_msgs) StdoutLine: {'line': b'-- Up-to-date: /home/maizaied03/ros2_ws/install/px4_msgs/include/px4_msgs/px4_msgs/msg/detail/message_format_request__type_support.h\n'}
[0.704839] (px4_msgs) StdoutLine: {'line': b'-- Up-to-date: /home/maizaied03/ros2_ws/install/px4_msgs/include/px4_msgs/px4_msgs/msg/detail/debug_key_value__functions.h\n'}
[0.704874] (px4_msgs) StdoutLine: {'line': b'-- Up-to-date: /home/maizaied03/ros2_ws/install/px4_msgs/include/px4_msgs/px4_msgs/msg/detail/gpio_out__functions.c\n'}
[0.704907] (px4_msgs) StdoutLine: {'line': b'-- Up-to-date: /home/maizaied03/ros2_ws/install/px4_msgs/include/px4_msgs/px4_msgs/msg/detail/actuator_servos__functions.c\n'}
[0.705068] (px4_msgs) StdoutLine: {'line': b'-- Up-to-date: /home/maizaied03/ros2_ws/install/px4_msgs/include/px4_msgs/px4_msgs/msg/detail/fixed_wing_longitudinal_setpoint__struct.h\n'}
[0.705103] (px4_msgs) StdoutLine: {'line': b'-- Up-to-date: /home/maizaied03/ros2_ws/install/px4_msgs/include/px4_msgs/px4_msgs/msg/detail/sensor_hygrometer__struct.h\n'}
[0.705137] (px4_msgs) StdoutLine: {'line': b'-- Up-to-date: /home/maizaied03/ros2_ws/install/px4_msgs/include/px4_msgs/px4_msgs/msg/detail/mount_orientation__type_support.h\n'}
[0.705171] (px4_msgs) StdoutLine: {'line': b'-- Up-to-date: /home/maizaied03/ros2_ws/install/px4_msgs/include/px4_msgs/px4_msgs/msg/detail/magnetometer_bias_estimate__struct.h\n'}
[0.705204] (px4_msgs) StdoutLine: {'line': b'-- Up-to-date: /home/maizaied03/ros2_ws/install/px4_msgs/include/px4_msgs/px4_msgs/msg/detail/gain_compression__functions.h\n'}
[0.705239] (px4_msgs) StdoutLine: {'line': b'-- Up-to-date: /home/maizaied03/ros2_ws/install/px4_msgs/include/px4_msgs/px4_msgs/msg/detail/led_control__functions.h\n'}
[0.705273] (px4_msgs) StdoutLine: {'line': b'-- Up-to-date: /home/maizaied03/ros2_ws/install/px4_msgs/include/px4_msgs/px4_msgs/msg/detail/estimator_bias__struct.h\n'}
[0.705307] (px4_msgs) StdoutLine: {'line': b'-- Up-to-date: /home/maizaied03/ros2_ws/install/px4_msgs/include/px4_msgs/px4_msgs/msg/detail/tiltrotor_extra_controls__functions.c\n'}
[0.705341] (px4_msgs) StdoutLine: {'line': b'-- Up-to-date: /home/maizaied03/ros2_ws/install/px4_msgs/include/px4_msgs/px4_msgs/msg/detail/rpm__type_support.h\n'}
[0.705374] (px4_msgs) StdoutLine: {'line': b'-- Up-to-date: /home/maizaied03/ros2_ws/install/px4_msgs/include/px4_msgs/px4_msgs/msg/detail/log_message__struct.h\n'}
[0.705407] (px4_msgs) StdoutLine: {'line': b'-- Up-to-date: /home/maizaied03/ros2_ws/install/px4_msgs/include/px4_msgs/px4_msgs/msg/detail/estimator_event_flags__functions.c\n'}
[0.705451] (px4_msgs) StdoutLine: {'line': b'-- Up-to-date: /home/maizaied03/ros2_ws/install/px4_msgs/include/px4_msgs/px4_msgs/msg/detail/orb_test_medium__functions.c\n'}
[0.705503] (px4_msgs) StdoutLine: {'line': b'-- Up-to-date: /home/maizaied03/ros2_ws/install/px4_msgs/include/px4_msgs/px4_msgs/msg/detail/landing_target_pose__functions.h\n'}
[0.705711] (px4_msgs) StdoutLine: {'line': b'-- Up-to-date: /home/maizaied03/ros2_ws/install/px4_msgs/include/px4_msgs/px4_msgs/msg/detail/fixed_wing_longitudinal_setpoint__type_support.h\n'}
[0.705851] (px4_msgs) StdoutLine: {'line': b'-- Up-to-date: /home/maizaied03/ros2_ws/install/px4_msgs/include/px4_msgs/px4_msgs/msg/detail/launch_detection_status__type_support.h\n'}
[0.705930] (px4_msgs) StdoutLine: {'line': b'-- Up-to-date: /home/maizaied03/ros2_ws/install/px4_msgs/include/px4_msgs/px4_msgs/msg/detail/button_event__struct.h\n'}
[0.705976] (px4_msgs) StdoutLine: {'line': b'-- Up-to-date: /home/maizaied03/ros2_ws/install/px4_msgs/include/px4_msgs/px4_msgs/msg/detail/gimbal_device_information__struct.h\n'}
[0.706048] (px4_msgs) StdoutLine: {'line': b'-- Up-to-date: /home/maizaied03/ros2_ws/install/px4_msgs/include/px4_msgs/px4_msgs/msg/detail/pure_pursuit_status__functions.c\n'}
[0.706092] (px4_msgs) StdoutLine: {'line': b'-- Up-to-date: /home/maizaied03/ros2_ws/install/px4_msgs/include/px4_msgs/px4_msgs/msg/detail/actuator_servos__type_support.h\n'}
[0.706135] (px4_msgs) StdoutLine: {'line': b'-- Up-to-date: /home/maizaied03/ros2_ws/install/px4_msgs/include/px4_msgs/px4_msgs/msg/detail/vehicle_local_position_setpoint__struct.h\n'}
[0.706188] (px4_msgs) StdoutLine: {'line': b'-- Up-to-date: /home/maizaied03/ros2_ws/install/px4_msgs/include/px4_msgs/px4_msgs/msg/detail/failure_detector_status__struct.h\n'}
[0.706232] (px4_msgs) StdoutLine: {'line': b'-- Up-to-date: /home/maizaied03/ros2_ws/install/px4_msgs/include/px4_msgs/px4_msgs/msg/detail/sensor_temp__type_support.h\n'}
[0.706274] (px4_msgs) StdoutLine: {'line': b'-- Up-to-date: /home/maizaied03/ros2_ws/install/px4_msgs/include/px4_msgs/px4_msgs/msg/detail/heater_status__type_support.h\n'}
[0.706315] (px4_msgs) StdoutLine: {'line': b'-- Up-to-date: /home/maizaied03/ros2_ws/install/px4_msgs/include/px4_msgs/px4_msgs/msg/detail/failure_detector_status__type_support.h\n'}
[0.706354] (px4_msgs) StdoutLine: {'line': b'-- Up-to-date: /home/maizaied03/ros2_ws/install/px4_msgs/include/px4_msgs/px4_msgs/msg/detail/orb_test_medium__type_support.h\n'}
[0.706388] (px4_msgs) StdoutLine: {'line': b'-- Up-to-date: /home/maizaied03/ros2_ws/install/px4_msgs/include/px4_msgs/px4_msgs/msg/detail/sensor_gyro_fft__functions.h\n'}
[0.706422] (px4_msgs) StdoutLine: {'line': b'-- Up-to-date: /home/maizaied03/ros2_ws/install/px4_msgs/include/px4_msgs/px4_msgs/msg/detail/rate_ctrl_status__functions.c\n'}
[0.706487] (px4_msgs) StdoutLine: {'line': b'-- Up-to-date: /home/maizaied03/ros2_ws/install/px4_msgs/include/px4_msgs/px4_msgs/msg/detail/pwm_input__functions.c\n'}
[0.706557] (px4_msgs) StdoutLine: {'line': b'-- Up-to-date: /home/maizaied03/ros2_ws/install/px4_msgs/include/px4_msgs/px4_msgs/msg/detail/figure_eight_status__type_support.h\n'}
[0.706604] (px4_msgs) StdoutLine: {'line': b'-- Up-to-date: /home/maizaied03/ros2_ws/install/px4_msgs/include/px4_msgs/px4_msgs/msg/detail/uavcan_parameter_request__functions.h\n'}
[0.706654] (px4_msgs) StdoutLine: {'line': b'-- Up-to-date: /home/maizaied03/ros2_ws/install/px4_msgs/include/px4_msgs/px4_msgs/msg/detail/magnetometer_bias_estimate__functions.h\n'}
[0.706689] (px4_msgs) StdoutLine: {'line': b'-- Up-to-date: /home/maizaied03/ros2_ws/install/px4_msgs/include/px4_msgs/px4_msgs/msg/detail/gpio_request__functions.h\n'}
[0.706723] (px4_msgs) StdoutLine: {'line': b'-- Up-to-date: /home/maizaied03/ros2_ws/install/px4_msgs/include/px4_msgs/px4_msgs/msg/detail/esc_status__functions.h\n'}
[0.706820] (px4_msgs) StdoutLine: {'line': b'-- Up-to-date: /home/maizaied03/ros2_ws/install/px4_msgs/include/px4_msgs/px4_msgs/msg/detail/sensor_accel__functions.c\n'}
[0.706885] (px4_msgs) StdoutLine: {'line': b'-- Up-to-date: /home/maizaied03/ros2_ws/install/px4_msgs/include/px4_msgs/px4_msgs/msg/detail/vehicle_status__functions.h\n'}
[0.706942] (px4_msgs) StdoutLine: {'line': b'-- Up-to-date: /home/maizaied03/ros2_ws/install/px4_msgs/include/px4_msgs/px4_msgs/msg/detail/fixed_wing_lateral_setpoint__struct.h\n'}
[0.706978] (px4_msgs) StdoutLine: {'line': b'-- Up-to-date: /home/maizaied03/ros2_ws/install/px4_msgs/include/px4_msgs/px4_msgs/msg/detail/fixed_wing_runway_control__functions.h\n'}
[0.707013] (px4_msgs) StdoutLine: {'line': b'-- Up-to-date: /home/maizaied03/ros2_ws/install/px4_msgs/include/px4_msgs/px4_msgs/msg/detail/vehicle_command__functions.h\n'}
[0.707047] (px4_msgs) StdoutLine: {'line': b'-- Up-to-date: /home/maizaied03/ros2_ws/install/px4_msgs/include/px4_msgs/px4_msgs/msg/detail/battery_info__functions.c\n'}
[0.707080] (px4_msgs) StdoutLine: {'line': b'-- Up-to-date: /home/maizaied03/ros2_ws/install/px4_msgs/include/px4_msgs/px4_msgs/msg/detail/gimbal_manager_set_manual_control__functions.c\n'}
[0.707116] (px4_msgs) StdoutLine: {'line': b'-- Up-to-date: /home/maizaied03/ros2_ws/install/px4_msgs/include/px4_msgs/px4_msgs/msg/detail/vehicle_thrust_setpoint__functions.h\n'}
[0.707150] (px4_msgs) StdoutLine: {'line': b'-- Up-to-date: /home/maizaied03/ros2_ws/install/px4_msgs/include/px4_msgs/px4_msgs/msg/detail/vehicle_magnetometer__functions.h\n'}
[0.707184] (px4_msgs) StdoutLine: {'line': b'-- Up-to-date: /home/maizaied03/ros2_ws/install/px4_msgs/include/px4_msgs/px4_msgs/msg/detail/debug_value__functions.c\n'}
[0.707218] (px4_msgs) StdoutLine: {'line': b'-- Up-to-date: /home/maizaied03/ros2_ws/install/px4_msgs/include/px4_msgs/px4_msgs/msg/detail/follow_target_status__functions.c\n'}
[0.707252] (px4_msgs) StdoutLine: {'line': b'-- Up-to-date: /home/maizaied03/ros2_ws/install/px4_msgs/include/px4_msgs/px4_msgs/msg/detail/gimbal_device_information__functions.c\n'}
[0.707286] (px4_msgs) StdoutLine: {'line': b'-- Up-to-date: /home/maizaied03/ros2_ws/install/px4_msgs/include/px4_msgs/px4_msgs/msg/detail/qshell_req__type_support.h\n'}
[0.707321] (px4_msgs) StdoutLine: {'line': b'-- Up-to-date: /home/maizaied03/ros2_ws/install/px4_msgs/include/px4_msgs/px4_msgs/msg/detail/parameter_update__functions.h\n'}
[0.707356] (px4_msgs) StdoutLine: {'line': b'-- Up-to-date: /home/maizaied03/ros2_ws/install/px4_msgs/include/px4_msgs/px4_msgs/msg/detail/mode_completed__functions.c\n'}
[0.707481] (px4_msgs) StdoutLine: {'line': b'-- Up-to-date: /home/maizaied03/ros2_ws/install/px4_msgs/include/px4_msgs/px4_msgs/msg/detail/rover_speed_status__type_support.h\n'}
[0.707521] (px4_msgs) StdoutLine: {'line': b'-- Up-to-date: /home/maizaied03/ros2_ws/install/px4_msgs/include/px4_msgs/px4_msgs/msg/detail/dataman_response__functions.h\n'}
[0.707561] (px4_msgs) StdoutLine: {'line': b'-- Up-to-date: /home/maizaied03/ros2_ws/install/px4_msgs/include/px4_msgs/px4_msgs/msg/detail/vehicle_odometry__functions.h\n'}
[0.707625] (px4_msgs) StdoutLine: {'line': b'-- Up-to-date: /home/maizaied03/ros2_ws/install/px4_msgs/include/px4_msgs/px4_msgs/msg/detail/vtx__functions.h\n'}
[0.707666] (px4_msgs) StdoutLine: {'line': b'-- Up-to-date: /home/maizaied03/ros2_ws/install/px4_msgs/include/px4_msgs/px4_msgs/msg/detail/gps_dump__type_support.h\n'}
[0.707711] (px4_msgs) StdoutLine: {'line': b'-- Up-to-date: /home/maizaied03/ros2_ws/install/px4_msgs/include/px4_msgs/px4_msgs/msg/detail/dronecan_node_status__functions.c\n'}
[0.707750] (px4_msgs) StdoutLine: {'line': b'-- Up-to-date: /home/maizaied03/ros2_ws/install/px4_msgs/include/px4_msgs/px4_msgs/msg/detail/gimbal_device_attitude_status__struct.h\n'}
[0.707838] (px4_msgs) StdoutLine: {'line': b'-- Up-to-date: /home/maizaied03/ros2_ws/install/px4_msgs/include/px4_msgs/px4_msgs/msg/detail/button_event__functions.c\n'}
[0.707879] (px4_msgs) StdoutLine: {'line': b'-- Up-to-date: /home/maizaied03/ros2_ws/install/px4_msgs/include/px4_msgs/px4_msgs/msg/detail/actuator_servos_trim__struct.h\n'}
[0.707971] (px4_msgs) StdoutLine: {'line': b'-- Up-to-date: /home/maizaied03/ros2_ws/install/px4_msgs/include/px4_msgs/px4_msgs/msg/detail/arming_check_request__functions.h\n'}
[0.708010] (px4_msgs) StdoutLine: {'line': b'-- Up-to-date: /home/maizaied03/ros2_ws/install/px4_msgs/include/px4_msgs/px4_msgs/msg/detail/device_information__type_support.h\n'}
[0.708112] (px4_msgs) StdoutLine: {'line': b'-- Up-to-date: /home/maizaied03/ros2_ws/install/px4_msgs/include/px4_msgs/px4_msgs/msg/detail/manual_control_setpoint__struct.h\n'}
[0.708152] (px4_msgs) StdoutLine: {'line': b'-- Up-to-date: /home/maizaied03/ros2_ws/install/px4_msgs/include/px4_msgs/px4_msgs/msg/detail/vehicle_land_detected__functions.h\n'}
[0.708202] (px4_msgs) StdoutLine: {'line': b'-- Up-to-date: /home/maizaied03/ros2_ws/install/px4_msgs/include/px4_msgs/px4_msgs/msg/detail/fixed_wing_runway_control__struct.h\n'}
[0.708245] (px4_msgs) StdoutLine: {'line': b'-- Up-to-date: /home/maizaied03/ros2_ws/install/px4_msgs/include/px4_msgs/px4_msgs/msg/detail/mavlink_tunnel__functions.c\n'}
[0.708299] (px4_msgs) StdoutLine: {'line': b'-- Up-to-date: /home/maizaied03/ros2_ws/install/px4_msgs/include/px4_msgs/px4_msgs/msg/detail/open_drone_id_system__functions.h\n'}
[0.708350] (px4_msgs) StdoutLine: {'line': b'-- Up-to-date: /home/maizaied03/ros2_ws/install/px4_msgs/include/px4_msgs/px4_msgs/msg/detail/vehicle_local_position_setpoint__functions.c\n'}
[0.708739] (px4_msgs) StdoutLine: {'line': b'-- Up-to-date: /home/maizaied03/ros2_ws/install/px4_msgs/include/px4_msgs/px4_msgs/msg/detail/gimbal_device_information__type_support.h\n'}
[0.708857] (px4_msgs) StdoutLine: {'line': b'-- Up-to-date: /home/maizaied03/ros2_ws/install/px4_msgs/include/px4_msgs/px4_msgs/msg/detail/actuator_controls_status__struct.h\n'}
[0.708930] (px4_msgs) StdoutLine: {'line': b'-- Up-to-date: /home/maizaied03/ros2_ws/install/px4_msgs/include/px4_msgs/px4_msgs/msg/detail/adc_report__functions.h\n'}
[0.708974] (px4_msgs) StdoutLine: {'line': b'-- Up-to-date: /home/maizaied03/ros2_ws/install/px4_msgs/include/px4_msgs/px4_msgs/msg/detail/power_button_state__functions.h\n'}
[0.709018] (px4_msgs) StdoutLine: {'line': b'-- Up-to-date: /home/maizaied03/ros2_ws/install/px4_msgs/include/px4_msgs/px4_msgs/msg/detail/camera_trigger__type_support.h\n'}
[0.709060] (px4_msgs) StdoutLine: {'line': b'-- Up-to-date: /home/maizaied03/ros2_ws/install/px4_msgs/include/px4_msgs/px4_msgs/msg/detail/autotune_attitude_control_status__type_support.h\n'}
[0.709103] (px4_msgs) StdoutLine: {'line': b'-- Up-to-date: /home/maizaied03/ros2_ws/install/px4_msgs/include/px4_msgs/px4_msgs/msg/detail/vehicle_local_position_setpoint__functions.h\n'}
[0.709146] (px4_msgs) StdoutLine: {'line': b'-- Up-to-date: /home/maizaied03/ros2_ws/install/px4_msgs/include/px4_msgs/px4_msgs/msg/detail/raptor_status__struct.h\n'}
[0.709189] (px4_msgs) StdoutLine: {'line': b'-- Up-to-date: /home/maizaied03/ros2_ws/install/px4_msgs/include/px4_msgs/px4_msgs/msg/detail/gimbal_manager_status__struct.h\n'}
[0.709231] (px4_msgs) StdoutLine: {'line': b'-- Up-to-date: /home/maizaied03/ros2_ws/install/px4_msgs/include/px4_msgs/px4_msgs/msg/detail/parameter_reset_request__struct.h\n'}
[0.709273] (px4_msgs) StdoutLine: {'line': b'-- Up-to-date: /home/maizaied03/ros2_ws/install/px4_msgs/include/px4_msgs/px4_msgs/msg/detail/control_allocator_status__struct.h\n'}
[0.709316] (px4_msgs) StdoutLine: {'line': b'-- Up-to-date: /home/maizaied03/ros2_ws/install/px4_msgs/include/px4_msgs/px4_msgs/msg/detail/open_drone_id_self_id__type_support.h\n'}
[0.709359] (px4_msgs) StdoutLine: {'line': b'-- Up-to-date: /home/maizaied03/ros2_ws/install/px4_msgs/include/px4_msgs/px4_msgs/msg/detail/offboard_control_mode__functions.c\n'}
[0.709401] (px4_msgs) StdoutLine: {'line': b'-- Up-to-date: /home/maizaied03/ros2_ws/install/px4_msgs/include/px4_msgs/px4_msgs/msg/detail/orbit_status__type_support.h\n'}
[0.709444] (px4_msgs) StdoutLine: {'line': b'-- Up-to-date: /home/maizaied03/ros2_ws/install/px4_msgs/include/px4_msgs/px4_msgs/msg/detail/sensor_gyro__functions.c\n'}
[0.709486] (px4_msgs) StdoutLine: {'line': b'-- Up-to-date: /home/maizaied03/ros2_ws/install/px4_msgs/include/px4_msgs/px4_msgs/msg/detail/qshell_retval__functions.c\n'}
[0.709691] (px4_msgs) StdoutLine: {'line': b'-- Up-to-date: /home/maizaied03/ros2_ws/install/px4_msgs/include/px4_msgs/px4_msgs/msg/detail/sensor_baro__functions.h\n'}
[0.709762] (px4_msgs) StdoutLine: {'line': b'-- Up-to-date: /home/maizaied03/ros2_ws/install/px4_msgs/include/px4_msgs/px4_msgs/msg/detail/estimator_aid_source1d__struct.h\n'}
[0.710044] (px4_msgs) StdoutLine: {'line': b'-- Up-to-date: /home/maizaied03/ros2_ws/install/px4_msgs/include/px4_msgs/px4_msgs/msg/detail/px4io_status__functions.c\n'}
[0.710085] (px4_msgs) StdoutLine: {'line': b'-- Up-to-date: /home/maizaied03/ros2_ws/install/px4_msgs/include/px4_msgs/px4_msgs/msg/detail/rover_attitude_setpoint__functions.h\n'}
[0.710122] (px4_msgs) StdoutLine: {'line': b'-- Up-to-date: /home/maizaied03/ros2_ws/install/px4_msgs/include/px4_msgs/px4_msgs/msg/detail/airspeed_validated__type_support.h\n'}
[0.710157] (px4_msgs) StdoutLine: {'line': b'-- Up-to-date: /home/maizaied03/ros2_ws/install/px4_msgs/include/px4_msgs/px4_msgs/msg/detail/led_control__functions.c\n'}
[0.710203] (px4_msgs) StdoutLine: {'line': b'-- Up-to-date: /home/maizaied03/ros2_ws/install/px4_msgs/include/px4_msgs/px4_msgs/msg/detail/landing_gear__functions.c\n'}
[0.710240] (px4_msgs) StdoutLine: {'line': b'-- Up-to-date: /home/maizaied03/ros2_ws/install/px4_msgs/include/px4_msgs/px4_msgs/msg/detail/gripper__functions.c\n'}
[0.710276] (px4_msgs) StdoutLine: {'line': b'-- Up-to-date: /home/maizaied03/ros2_ws/install/px4_msgs/include/px4_msgs/px4_msgs/msg/detail/gpio_config__type_support.h\n'}
[0.710311] (px4_msgs) StdoutLine: {'line': b'-- Up-to-date: /home/maizaied03/ros2_ws/install/px4_msgs/include/px4_msgs/px4_msgs/msg/detail/radio_status__type_support.h\n'}
[0.710346] (px4_msgs) StdoutLine: {'line': b'-- Up-to-date: /home/maizaied03/ros2_ws/install/px4_msgs/include/px4_msgs/px4_msgs/msg/detail/actuator_test__struct.h\n'}
[0.710381] (px4_msgs) StdoutLine: {'line': b'-- Up-to-date: /home/maizaied03/ros2_ws/install/px4_msgs/include/px4_msgs/px4_msgs/msg/detail/geofence_status__functions.h\n'}
[0.710415] (px4_msgs) StdoutLine: {'line': b'-- Up-to-date: /home/maizaied03/ros2_ws/install/px4_msgs/include/px4_msgs/px4_msgs/msg/detail/power_monitor__functions.c\n'}
[0.710450] (px4_msgs) StdoutLine: {'line': b'-- Up-to-date: /home/maizaied03/ros2_ws/install/px4_msgs/include/px4_msgs/px4_msgs/msg/detail/fuel_tank_status__functions.h\n'}
[0.710484] (px4_msgs) StdoutLine: {'line': b'-- Up-to-date: /home/maizaied03/ros2_ws/install/px4_msgs/include/px4_msgs/px4_msgs/msg/detail/vehicle_torque_setpoint__type_support.h\n'}
[0.710519] (px4_msgs) StdoutLine: {'line': b'-- Up-to-date: /home/maizaied03/ros2_ws/install/px4_msgs/include/px4_msgs/px4_msgs/msg/detail/manual_control_switches__type_support.h\n'}
[0.710553] (px4_msgs) StdoutLine: {'line': b'-- Up-to-date: /home/maizaied03/ros2_ws/install/px4_msgs/include/px4_msgs/px4_msgs/msg/detail/open_drone_id_system__type_support.h\n'}
[0.710659] (px4_msgs) StdoutLine: {'line': b'-- Up-to-date: /home/maizaied03/ros2_ws/install/px4_msgs/include/px4_msgs/px4_msgs/msg/detail/estimator_status__functions.h\n'}
[0.710695] (px4_msgs) StdoutLine: {'line': b'-- Up-to-date: /home/maizaied03/ros2_ws/install/px4_msgs/include/px4_msgs/px4_msgs/msg/detail/ulog_stream_ack__struct.h\n'}
[0.710731] (px4_msgs) StdoutLine: {'line': b'-- Up-to-date: /home/maizaied03/ros2_ws/install/px4_msgs/include/px4_msgs/px4_msgs/msg/detail/mag_worker_data__functions.c\n'}
[0.710771] (px4_msgs) StdoutLine: {'line': b'-- Up-to-date: /home/maizaied03/ros2_ws/install/px4_msgs/include/px4_msgs/px4_msgs/msg/detail/rover_speed_status__struct.h\n'}
[0.710881] (px4_msgs) StdoutLine: {'line': b'-- Up-to-date: /home/maizaied03/ros2_ws/install/px4_msgs/include/px4_msgs/px4_msgs/msg/detail/cellular_status__struct.h\n'}
[0.710916] (px4_msgs) StdoutLine: {'line': b'-- Up-to-date: /home/maizaied03/ros2_ws/install/px4_msgs/include/px4_msgs/px4_msgs/msg/detail/open_drone_id_arm_status__functions.c\n'}
[0.710951] (px4_msgs) StdoutLine: {'line': b'-- Up-to-date: /home/maizaied03/ros2_ws/install/px4_msgs/include/px4_msgs/px4_msgs/msg/detail/rover_rate_status__struct.h\n'}
[0.711016] (px4_msgs) StdoutLine: {'line': b'-- Up-to-date: /home/maizaied03/ros2_ws/install/px4_msgs/include/px4_msgs/px4_msgs/msg/detail/rc_parameter_map__struct.h\n'}
[0.711052] (px4_msgs) StdoutLine: {'line': b'-- Up-to-date: /home/maizaied03/ros2_ws/install/px4_msgs/include/px4_msgs/px4_msgs/msg/detail/vehicle_land_detected__type_support.h\n'}
[0.711087] (px4_msgs) StdoutLine: {'line': b'-- Up-to-date: /home/maizaied03/ros2_ws/install/px4_msgs/include/px4_msgs/px4_msgs/msg/detail/distance_sensor_mode_change_request__type_support.h\n'}
[0.711122] (px4_msgs) StdoutLine: {'line': b'-- Up-to-date: /home/maizaied03/ros2_ws/install/px4_msgs/include/px4_msgs/px4_msgs/msg/detail/failsafe_flags__functions.c\n'}
[0.711158] (px4_msgs) StdoutLine: {'line': b'-- Up-to-date: /home/maizaied03/ros2_ws/install/px4_msgs/include/px4_msgs/px4_msgs/msg/detail/vehicle_angular_acceleration_setpoint__struct.h\n'}
[0.711193] (px4_msgs) StdoutLine: {'line': b'-- Up-to-date: /home/maizaied03/ros2_ws/install/px4_msgs/include/px4_msgs/px4_msgs/msg/detail/battery_info__functions.h\n'}
[0.711228] (px4_msgs) StdoutLine: {'line': b'-- Up-to-date: /home/maizaied03/ros2_ws/install/px4_msgs/include/px4_msgs/px4_msgs/msg/detail/gripper__functions.h\n'}
[0.711263] (px4_msgs) StdoutLine: {'line': b'-- Up-to-date: /home/maizaied03/ros2_ws/install/px4_msgs/include/px4_msgs/px4_msgs/msg/detail/vehicle_roi__struct.h\n'}
[0.711298] (px4_msgs) StdoutLine: {'line': b'-- Up-to-date: /home/maizaied03/ros2_ws/install/px4_msgs/include/px4_msgs/px4_msgs/msg/detail/internal_combustion_engine_status__functions.c\n'}
[0.711332] (px4_msgs) StdoutLine: {'line': b'-- Up-to-date: /home/maizaied03/ros2_ws/install/px4_msgs/include/px4_msgs/px4_msgs/msg/detail/vtol_vehicle_status__functions.c\n'}
[0.711366] (px4_msgs) StdoutLine: {'line': b'-- Up-to-date: /home/maizaied03/ros2_ws/install/px4_msgs/include/px4_msgs/px4_msgs/msg/detail/power_button_state__type_support.h\n'}
[0.711402] (px4_msgs) StdoutLine: {'line': b'-- Up-to-date: /home/maizaied03/ros2_ws/install/px4_msgs/include/px4_msgs/px4_msgs/msg/detail/vehicle_roi__functions.c\n'}
[0.711444] (px4_msgs) StdoutLine: {'line': b'-- Up-to-date: /home/maizaied03/ros2_ws/install/px4_msgs/include/px4_msgs/px4_msgs/msg/detail/actuator_servos_trim__functions.c\n'}
[0.711489] (px4_msgs) StdoutLine: {'line': b'-- Up-to-date: /home/maizaied03/ros2_ws/install/px4_msgs/include/px4_msgs/px4_msgs/msg/detail/ping__struct.h\n'}
[0.711525] (px4_msgs) StdoutLine: {'line': b'-- Up-to-date: /home/maizaied03/ros2_ws/install/px4_msgs/include/px4_msgs/px4_msgs/msg/detail/telemetry_status__type_support.h\n'}
[0.711560] (px4_msgs) StdoutLine: {'line': b'-- Up-to-date: /home/maizaied03/ros2_ws/install/px4_msgs/include/px4_msgs/px4_msgs/msg/detail/mag_worker_data__type_support.h\n'}
[0.711594] (px4_msgs) StdoutLine: {'line': b'-- Up-to-date: /home/maizaied03/ros2_ws/install/px4_msgs/include/px4_msgs/px4_msgs/msg/detail/ekf2_timestamps__struct.h\n'}
[0.711628] (px4_msgs) StdoutLine: {'line': b'-- Up-to-date: /home/maizaied03/ros2_ws/install/px4_msgs/include/px4_msgs/px4_msgs/msg/detail/vehicle_control_mode__functions.h\n'}
[0.711663] (px4_msgs) StdoutLine: {'line': b'-- Up-to-date: /home/maizaied03/ros2_ws/install/px4_msgs/include/px4_msgs/px4_msgs/msg/detail/internal_combustion_engine_status__type_support.h\n'}
[0.711698] (px4_msgs) StdoutLine: {'line': b'-- Up-to-date: /home/maizaied03/ros2_ws/install/px4_msgs/include/px4_msgs/px4_msgs/msg/detail/vehicle_constraints__type_support.h\n'}
[0.711732] (px4_msgs) StdoutLine: {'line': b'-- Up-to-date: /home/maizaied03/ros2_ws/install/px4_msgs/include/px4_msgs/px4_msgs/msg/detail/fixed_wing_longitudinal_setpoint__functions.c\n'}
[0.711773] (px4_msgs) StdoutLine: {'line': b'-- Up-to-date: /home/maizaied03/ros2_ws/install/px4_msgs/include/px4_msgs/px4_msgs/msg/detail/parameter_update__functions.c\n'}
[0.711875] (px4_msgs) StdoutLine: {'line': b'-- Up-to-date: /home/maizaied03/ros2_ws/install/px4_msgs/include/px4_msgs/px4_msgs/msg/detail/failure_detector_status__functions.h\n'}
[0.712003] (px4_msgs) StdoutLine: {'line': b'-- Up-to-date: /home/maizaied03/ros2_ws/install/px4_msgs/include/px4_msgs/px4_msgs/msg/detail/vehicle_magnetometer__struct.h\n'}
[0.712111] (px4_msgs) StdoutLine: {'line': b'-- Up-to-date: /home/maizaied03/ros2_ws/install/px4_msgs/include/px4_msgs/px4_msgs/msg/detail/mavlink_log__functions.c\n'}
[0.712221] (px4_msgs) StdoutLine: {'line': b'-- Up-to-date: /home/maizaied03/ros2_ws/install/px4_msgs/include/px4_msgs/px4_msgs/msg/detail/dataman_request__struct.h\n'}
[0.712297] (px4_msgs) StdoutLine: {'line': b'-- Up-to-date: /home/maizaied03/ros2_ws/install/px4_msgs/include/px4_msgs/px4_msgs/msg/detail/flight_phase_estimation__functions.h\n'}
[0.712375] (px4_msgs) StdoutLine: {'line': b'-- Up-to-date: /home/maizaied03/ros2_ws/install/px4_msgs/include/px4_msgs/px4_msgs/msg/detail/actuator_controls_status__functions.h\n'}
[0.712413] (px4_msgs) StdoutLine: {'line': b'-- Up-to-date: /home/maizaied03/ros2_ws/install/px4_msgs/include/px4_msgs/px4_msgs/msg/detail/vehicle_attitude__struct.h\n'}
[0.712449] (px4_msgs) StdoutLine: {'line': b'-- Up-to-date: /home/maizaied03/ros2_ws/install/px4_msgs/include/px4_msgs/px4_msgs/msg/detail/irlock_report__functions.c\n'}
[0.712484] (px4_msgs) StdoutLine: {'line': b'-- Up-to-date: /home/maizaied03/ros2_ws/install/px4_msgs/include/px4_msgs/px4_msgs/msg/detail/register_ext_component_request__functions.h\n'}
[0.712519] (px4_msgs) StdoutLine: {'line': b'-- Up-to-date: /home/maizaied03/ros2_ws/install/px4_msgs/include/px4_msgs/px4_msgs/msg/detail/camera_capture__type_support.h\n'}
[0.712553] (px4_msgs) StdoutLine: {'line': b'-- Up-to-date: /home/maizaied03/ros2_ws/install/px4_msgs/include/px4_msgs/px4_msgs/msg/detail/wheel_encoders__functions.h\n'}
[0.712587] (px4_msgs) StdoutLine: {'line': b'-- Up-to-date: /home/maizaied03/ros2_ws/install/px4_msgs/include/px4_msgs/px4_msgs/msg/detail/heater_status__functions.h\n'}
[0.712622] (px4_msgs) StdoutLine: {'line': b'-- Up-to-date: /home/maizaied03/ros2_ws/install/px4_msgs/include/px4_msgs/px4_msgs/msg/detail/vehicle_land_detected__functions.c\n'}
[0.712657] (px4_msgs) StdoutLine: {'line': b'-- Up-to-date: /home/maizaied03/ros2_ws/install/px4_msgs/include/px4_msgs/px4_msgs/msg/detail/rover_steering_setpoint__struct.h\n'}
[0.712690] (px4_msgs) StdoutLine: {'line': b'-- Up-to-date: /home/maizaied03/ros2_ws/install/px4_msgs/include/px4_msgs/px4_msgs/msg/detail/mission__functions.c\n'}
[0.712724] (px4_msgs) StdoutLine: {'line': b'-- Up-to-date: /home/maizaied03/ros2_ws/install/px4_msgs/include/px4_msgs/px4_msgs/msg/detail/debug_vect__struct.h\n'}
[0.712758] (px4_msgs) StdoutLine: {'line': b'-- Up-to-date: /home/maizaied03/ros2_ws/install/px4_msgs/include/px4_msgs/px4_msgs/msg/detail/gimbal_manager_status__functions.c\n'}
[0.712859] (px4_msgs) StdoutLine: {'line': b'-- Up-to-date: /home/maizaied03/ros2_ws/install/px4_msgs/include/px4_msgs/px4_msgs/msg/detail/rover_speed_setpoint__functions.h\n'}
[0.712927] (px4_msgs) StdoutLine: {'line': b'-- Up-to-date: /home/maizaied03/ros2_ws/install/px4_msgs/include/px4_msgs/px4_msgs/msg/detail/distance_sensor__struct.h\n'}
[0.712963] (px4_msgs) StdoutLine: {'line': b'-- Up-to-date: /home/maizaied03/ros2_ws/install/px4_msgs/include/px4_msgs/px4_msgs/msg/detail/manual_control_setpoint__functions.c\n'}
[0.712997] (px4_msgs) StdoutLine: {'line': b'-- Up-to-date: /home/maizaied03/ros2_ws/install/px4_msgs/include/px4_msgs/px4_msgs/msg/detail/gimbal_manager_information__struct.h\n'}
[0.713041] (px4_msgs) StdoutLine: {'line': b'-- Up-to-date: /home/maizaied03/ros2_ws/install/px4_msgs/include/px4_msgs/px4_msgs/msg/detail/parameter_set_used_request__type_support.h\n'}
[0.713076] (px4_msgs) StdoutLine: {'line': b'-- Up-to-date: /home/maizaied03/ros2_ws/install/px4_msgs/include/px4_msgs/px4_msgs/msg/detail/navigator_mission_item__type_support.h\n'}
[0.713109] (px4_msgs) StdoutLine: {'line': b'-- Up-to-date: /home/maizaied03/ros2_ws/install/px4_msgs/include/px4_msgs/px4_msgs/msg/detail/open_drone_id_self_id__functions.h\n'}
[0.713143] (px4_msgs) StdoutLine: {'line': b'-- Up-to-date: /home/maizaied03/ros2_ws/install/px4_msgs/include/px4_msgs/px4_msgs/msg/detail/rover_attitude_setpoint__struct.h\n'}
[0.713201] (px4_msgs) StdoutLine: {'line': b'-- Up-to-date: /home/maizaied03/ros2_ws/install/px4_msgs/include/px4_msgs/px4_msgs/msg/detail/mission_result__functions.h\n'}
[0.713243] (px4_msgs) StdoutLine: {'line': b'-- Up-to-date: /home/maizaied03/ros2_ws/install/px4_msgs/include/px4_msgs/px4_msgs/msg/detail/message_format_request__struct.h\n'}
[0.713279] (px4_msgs) StdoutLine: {'line': b'-- Up-to-date: /home/maizaied03/ros2_ws/install/px4_msgs/include/px4_msgs/px4_msgs/msg/detail/config_overrides__functions.c\n'}
[0.713313] (px4_msgs) StdoutLine: {'line': b'-- Up-to-date: /home/maizaied03/ros2_ws/install/px4_msgs/include/px4_msgs/px4_msgs/msg/detail/cellular_status__functions.h\n'}
[0.713347] (px4_msgs) StdoutLine: {'line': b'-- Up-to-date: /home/maizaied03/ros2_ws/install/px4_msgs/include/px4_msgs/px4_msgs/msg/detail/button_event__type_support.h\n'}
[0.713380] (px4_msgs) StdoutLine: {'line': b'-- Up-to-date: /home/maizaied03/ros2_ws/install/px4_msgs/include/px4_msgs/px4_msgs/msg/detail/normalized_unsigned_setpoint__type_support.h\n'}
[0.713414] (px4_msgs) StdoutLine: {'line': b'-- Up-to-date: /home/maizaied03/ros2_ws/install/px4_msgs/include/px4_msgs/px4_msgs/msg/detail/actuator_armed__struct.h\n'}
[0.713447] (px4_msgs) StdoutLine: {'line': b'-- Up-to-date: /home/maizaied03/ros2_ws/install/px4_msgs/include/px4_msgs/px4_msgs/msg/detail/actuator_outputs__struct.h\n'}
[0.713480] (px4_msgs) StdoutLine: {'line': b'-- Up-to-date: /home/maizaied03/ros2_ws/install/px4_msgs/include/px4_msgs/px4_msgs/msg/detail/camera_status__functions.c\n'}
[0.713515] (px4_msgs) StdoutLine: {'line': b'-- Up-to-date: /home/maizaied03/ros2_ws/install/px4_msgs/include/px4_msgs/px4_msgs/msg/detail/distance_sensor__functions.h\n'}
[0.713548] (px4_msgs) StdoutLine: {'line': b'-- Up-to-date: /home/maizaied03/ros2_ws/install/px4_msgs/include/px4_msgs/px4_msgs/msg/detail/sensor_accel_fifo__struct.h\n'}
[0.713673] (px4_msgs) StdoutLine: {'line': b'-- Up-to-date: /home/maizaied03/ros2_ws/install/px4_msgs/include/px4_msgs/px4_msgs/msg/detail/rover_rate_status__type_support.h\n'}
[0.713709] (px4_msgs) StdoutLine: {'line': b'-- Up-to-date: /home/maizaied03/ros2_ws/install/px4_msgs/include/px4_msgs/px4_msgs/msg/detail/cpuload__struct.h\n'}
[0.713744] (px4_msgs) StdoutLine: {'line': b'-- Up-to-date: /home/maizaied03/ros2_ws/install/px4_msgs/include/px4_msgs/px4_msgs/msg/detail/trajectory_setpoint__struct.h\n'}
[0.713793] (px4_msgs) StdoutLine: {'line': b'-- Up-to-date: /home/maizaied03/ros2_ws/install/px4_msgs/include/px4_msgs/px4_msgs/msg/detail/camera_capture__functions.h\n'}
[0.713830] (px4_msgs) StdoutLine: {'line': b'-- Up-to-date: /home/maizaied03/ros2_ws/install/px4_msgs/include/px4_msgs/px4_msgs/msg/detail/landing_gear_wheel__type_support.h\n'}
[0.713865] (px4_msgs) StdoutLine: {'line': b'-- Up-to-date: /home/maizaied03/ros2_ws/install/px4_msgs/include/px4_msgs/px4_msgs/msg/detail/estimator_aid_source3d__functions.h\n'}
[0.713899] (px4_msgs) StdoutLine: {'line': b'-- Up-to-date: /home/maizaied03/ros2_ws/install/px4_msgs/include/px4_msgs/px4_msgs/msg/detail/airspeed_wind__functions.h\n'}
[0.713933] (px4_msgs) StdoutLine: {'line': b'-- Up-to-date: /home/maizaied03/ros2_ws/install/px4_msgs/include/px4_msgs/px4_msgs/msg/detail/vehicle_optical_flow_vel__functions.c\n'}
[0.713968] (px4_msgs) StdoutLine: {'line': b'-- Up-to-date: /home/maizaied03/ros2_ws/install/px4_msgs/include/px4_msgs/px4_msgs/msg/detail/vehicle_imu_status__functions.c\n'}
[0.714004] (px4_msgs) StdoutLine: {'line': b'-- Up-to-date: /home/maizaied03/ros2_ws/install/px4_msgs/include/px4_msgs/px4_msgs/msg/detail/sensor_gnss_relative__type_support.h\n'}
[0.714040] (px4_msgs) StdoutLine: {'line': b'-- Up-to-date: /home/maizaied03/ros2_ws/install/px4_msgs/include/px4_msgs/px4_msgs/msg/detail/sensor_gnss_relative__functions.c\n'}
[0.714075] (px4_msgs) StdoutLine: {'line': b'-- Up-to-date: /home/maizaied03/ros2_ws/install/px4_msgs/include/px4_msgs/px4_msgs/msg/detail/sensor_correction__type_support.h\n'}
[0.714109] (px4_msgs) StdoutLine: {'line': b'-- Up-to-date: /home/maizaied03/ros2_ws/install/px4_msgs/include/px4_msgs/px4_msgs/msg/detail/open_drone_id_operator_id__functions.c\n'}
[0.714170] (px4_msgs) StdoutLine: {'line': b'-- Up-to-date: /home/maizaied03/ros2_ws/install/px4_msgs/include/px4_msgs/px4_msgs/msg/detail/geofence_result__functions.h\n'}
[0.714205] (px4_msgs) StdoutLine: {'line': b'-- Up-to-date: /home/maizaied03/ros2_ws/install/px4_msgs/include/px4_msgs/px4_msgs/msg/detail/mavlink_tunnel__type_support.h\n'}
[0.714284] (px4_msgs) StdoutLine: {'line': b'-- Up-to-date: /home/maizaied03/ros2_ws/install/px4_msgs/include/px4_msgs/px4_msgs/msg/detail/estimator_aid_source3d__struct.h\n'}
[0.714320] (px4_msgs) StdoutLine: {'line': b'-- Up-to-date: /home/maizaied03/ros2_ws/install/px4_msgs/include/px4_msgs/px4_msgs/msg/detail/radio_status__functions.h\n'}
[0.714355] (px4_msgs) StdoutLine: {'line': b'-- Up-to-date: /home/maizaied03/ros2_ws/install/px4_msgs/include/px4_msgs/px4_msgs/msg/detail/vehicle_global_position__functions.h\n'}
[0.714389] (px4_msgs) StdoutLine: {'line': b'-- Up-to-date: /home/maizaied03/ros2_ws/install/px4_msgs/include/px4_msgs/px4_msgs/msg/detail/follow_target_estimator__struct.h\n'}
[0.714423] (px4_msgs) StdoutLine: {'line': b'-- Up-to-date: /home/maizaied03/ros2_ws/install/px4_msgs/include/px4_msgs/px4_msgs/msg/detail/gimbal_device_information__functions.h\n'}
[0.714457] (px4_msgs) StdoutLine: {'line': b'-- Up-to-date: /home/maizaied03/ros2_ws/install/px4_msgs/include/px4_msgs/px4_msgs/msg/detail/vehicle_local_position_setpoint__type_support.h\n'}
[0.714491] (px4_msgs) StdoutLine: {'line': b'-- Up-to-date: /home/maizaied03/ros2_ws/install/px4_msgs/include/px4_msgs/px4_msgs/msg/detail/gimbal_device_set_attitude__functions.c\n'}
[0.714524] (px4_msgs) StdoutLine: {'line': b'-- Up-to-date: /home/maizaied03/ros2_ws/install/px4_msgs/include/px4_msgs/px4_msgs/msg/detail/raptor_input__type_support.h\n'}
[0.714557] (px4_msgs) StdoutLine: {'line': b'-- Up-to-date: /home/maizaied03/ros2_ws/install/px4_msgs/include/px4_msgs/px4_msgs/msg/detail/takeoff_status__type_support.h\n'}
[0.714592] (px4_msgs) StdoutLine: {'line': b'-- Up-to-date: /home/maizaied03/ros2_ws/install/px4_msgs/include/px4_msgs/px4_msgs/msg/detail/orbit_status__struct.h\n'}
[0.714625] (px4_msgs) StdoutLine: {'line': b'-- Up-to-date: /home/maizaied03/ros2_ws/install/px4_msgs/include/px4_msgs/px4_msgs/msg/detail/led_control__type_support.h\n'}
[0.714660] (px4_msgs) StdoutLine: {'line': b'-- Up-to-date: /home/maizaied03/ros2_ws/install/px4_msgs/include/px4_msgs/px4_msgs/msg/detail/logger_status__type_support.h\n'}
[0.714694] (px4_msgs) StdoutLine: {'line': b'-- Up-to-date: /home/maizaied03/ros2_ws/install/px4_msgs/include/px4_msgs/px4_msgs/msg/detail/vtol_vehicle_status__functions.h\n'}
[0.714728] (px4_msgs) StdoutLine: {'line': b'-- Up-to-date: /home/maizaied03/ros2_ws/install/px4_msgs/include/px4_msgs/px4_msgs/msg/detail/ulog_stream__type_support.h\n'}
[0.714762] (px4_msgs) StdoutLine: {'line': b'-- Up-to-date: /home/maizaied03/ros2_ws/install/px4_msgs/include/px4_msgs/px4_msgs/msg/detail/fixed_wing_lateral_guidance_status__struct.h\n'}
[0.714827] (px4_msgs) StdoutLine: {'line': b'-- Up-to-date: /home/maizaied03/ros2_ws/install/px4_msgs/include/px4_msgs/px4_msgs/msg/detail/vehicle_command__functions.c\n'}
[0.714869] (px4_msgs) StdoutLine: {'line': b'-- Up-to-date: /home/maizaied03/ros2_ws/install/px4_msgs/include/px4_msgs/px4_msgs/msg/detail/dataman_request__type_support.h\n'}
[0.715029] (px4_msgs) StdoutLine: {'line': b'-- Up-to-date: /home/maizaied03/ros2_ws/install/px4_msgs/include/px4_msgs/px4_msgs/msg/detail/gpio_config__struct.h\n'}
[0.715066] (px4_msgs) StdoutLine: {'line': b'-- Up-to-date: /home/maizaied03/ros2_ws/install/px4_msgs/include/px4_msgs/px4_msgs/msg/detail/estimator_selector_status__functions.c\n'}
[0.715101] (px4_msgs) StdoutLine: {'line': b'-- Up-to-date: /home/maizaied03/ros2_ws/install/px4_msgs/include/px4_msgs/px4_msgs/msg/detail/fixed_wing_lateral_status__struct.h\n'}
[0.715136] (px4_msgs) StdoutLine: {'line': b'-- Up-to-date: /home/maizaied03/ros2_ws/install/px4_msgs/include/px4_msgs/px4_msgs/msg/detail/raptor_input__struct.h\n'}
[0.715181] (px4_msgs) StdoutLine: {'line': b'-- Up-to-date: /home/maizaied03/ros2_ws/install/px4_msgs/include/px4_msgs/px4_msgs/msg/detail/trajectory_setpoint__type_support.h\n'}
[0.715217] (px4_msgs) StdoutLine: {'line': b'-- Up-to-date: /home/maizaied03/ros2_ws/install/px4_msgs/include/px4_msgs/px4_msgs/msg/detail/timesync_status__functions.h\n'}
[0.715252] (px4_msgs) StdoutLine: {'line': b'-- Up-to-date: /home/maizaied03/ros2_ws/install/px4_msgs/include/px4_msgs/px4_msgs/msg/detail/dataman_response__type_support.h\n'}
[0.715288] (px4_msgs) StdoutLine: {'line': b'-- Up-to-date: /home/maizaied03/ros2_ws/install/px4_msgs/include/px4_msgs/px4_msgs/msg/detail/gimbal_manager_information__functions.h\n'}
[0.715322] (px4_msgs) StdoutLine: {'line': b'-- Up-to-date: /home/maizaied03/ros2_ws/install/px4_msgs/include/px4_msgs/px4_msgs/msg/detail/fixed_wing_lateral_setpoint__functions.h\n'}
[0.715426] (px4_msgs) StdoutLine: {'line': b'-- Up-to-date: /home/maizaied03/ros2_ws/install/px4_msgs/include/px4_msgs/px4_msgs/msg/detail/ulog_stream__struct.h\n'}
[0.715463] (px4_msgs) StdoutLine: {'line': b'-- Up-to-date: /home/maizaied03/ros2_ws/install/px4_msgs/include/px4_msgs/px4_msgs/msg/detail/actuator_outputs__functions.h\n'}
[0.715513] (px4_msgs) StdoutLine: {'line': b'-- Up-to-date: /home/maizaied03/ros2_ws/install/px4_msgs/include/px4_msgs/px4_msgs/msg/detail/geofence_status__functions.c\n'}
[0.715563] (px4_msgs) StdoutLine: {'line': b'-- Up-to-date: /home/maizaied03/ros2_ws/install/px4_msgs/include/px4_msgs/px4_msgs/msg/detail/gpio_request__type_support.h\n'}
[0.715605] (px4_msgs) StdoutLine: {'line': b'-- Up-to-date: /home/maizaied03/ros2_ws/install/px4_msgs/include/px4_msgs/px4_msgs/msg/detail/collision_constraints__struct.h\n'}
[0.715737] (px4_msgs) StdoutLine: {'line': b'-- Up-to-date: /home/maizaied03/ros2_ws/install/px4_msgs/include/px4_msgs/px4_msgs/msg/detail/magnetometer_bias_estimate__type_support.h\n'}
[0.715806] (px4_msgs) StdoutLine: {'line': b'-- Up-to-date: /home/maizaied03/ros2_ws/install/px4_msgs/include/px4_msgs/px4_msgs/msg/detail/vehicle_rates_setpoint__type_support.h\n'}
[0.715860] (px4_msgs) StdoutLine: {'line': b'-- Up-to-date: /home/maizaied03/ros2_ws/install/px4_msgs/include/px4_msgs/px4_msgs/msg/detail/logger_status__functions.c\n'}
[0.715910] (px4_msgs) StdoutLine: {'line': b'-- Up-to-date: /home/maizaied03/ros2_ws/install/px4_msgs/include/px4_msgs/px4_msgs/msg/detail/message_format_response__struct.h\n'}
[0.715972] (px4_msgs) StdoutLine: {'line': b'-- Up-to-date: /home/maizaied03/ros2_ws/install/px4_msgs/include/px4_msgs/px4_msgs/msg/detail/sensor_airflow__functions.c\n'}
[0.716009] (px4_msgs) StdoutLine: {'line': b'-- Up-to-date: /home/maizaied03/ros2_ws/install/px4_msgs/include/px4_msgs/px4_msgs/msg/detail/adc_report__struct.h\n'}
[0.716075] (px4_msgs) StdoutLine: {'line': b'-- Up-to-date: /home/maizaied03/ros2_ws/install/px4_msgs/include/px4_msgs/px4_msgs/msg/detail/timesync_status__type_support.h\n'}
[0.716194] (px4_msgs) StdoutLine: {'line': b'-- Up-to-date: /home/maizaied03/ros2_ws/install/px4_msgs/include/px4_msgs/px4_msgs/msg/detail/obstacle_distance__type_support.h\n'}
[0.716232] (px4_msgs) StdoutLine: {'line': b'-- Up-to-date: /home/maizaied03/ros2_ws/install/px4_msgs/include/px4_msgs/px4_msgs/msg/detail/gripper__type_support.h\n'}
[0.716267] (px4_msgs) StdoutLine: {'line': b'-- Up-to-date: /home/maizaied03/ros2_ws/install/px4_msgs/include/px4_msgs/px4_msgs/msg/detail/fixed_wing_lateral_status__functions.c\n'}
[0.716302] (px4_msgs) StdoutLine: {'line': b'-- Up-to-date: /home/maizaied03/ros2_ws/install/px4_msgs/include/px4_msgs/px4_msgs/msg/detail/camera_capture__struct.h\n'}
[0.716336] (px4_msgs) StdoutLine: {'line': b'-- Up-to-date: /home/maizaied03/ros2_ws/install/px4_msgs/include/px4_msgs/px4_msgs/msg/detail/sensor_accel_fifo__functions.c\n'}
[0.716370] (px4_msgs) StdoutLine: {'line': b'-- Up-to-date: /home/maizaied03/ros2_ws/install/px4_msgs/include/px4_msgs/px4_msgs/msg/detail/sensor_gps__functions.c\n'}
[0.716415] (px4_msgs) StdoutLine: {'line': b'-- Up-to-date: /home/maizaied03/ros2_ws/install/px4_msgs/include/px4_msgs/px4_msgs/msg/detail/rc_channels__type_support.h\n'}
[0.716453] (px4_msgs) StdoutLine: {'line': b'-- Up-to-date: /home/maizaied03/ros2_ws/install/px4_msgs/include/px4_msgs/px4_msgs/msg/detail/power_monitor__functions.h\n'}
[0.716493] (px4_msgs) StdoutLine: {'line': b'-- Up-to-date: /home/maizaied03/ros2_ws/install/px4_msgs/include/px4_msgs/px4_msgs/msg/detail/gpio_in__type_support.h\n'}
[0.716528] (px4_msgs) StdoutLine: {'line': b'-- Up-to-date: /home/maizaied03/ros2_ws/install/px4_msgs/include/px4_msgs/px4_msgs/msg/detail/parameter_set_used_request__struct.h\n'}
[0.716562] (px4_msgs) StdoutLine: {'line': b'-- Up-to-date: /home/maizaied03/ros2_ws/install/px4_msgs/include/px4_msgs/px4_msgs/msg/detail/rover_speed_status__functions.h\n'}
[0.716597] (px4_msgs) StdoutLine: {'line': b'-- Up-to-date: /home/maizaied03/ros2_ws/install/px4_msgs/include/px4_msgs/px4_msgs/msg/detail/rtl_status__functions.c\n'}
[0.716711] (px4_msgs) StdoutLine: {'line': b'-- Up-to-date: /home/maizaied03/ros2_ws/install/px4_msgs/include/px4_msgs/px4_msgs/msg/detail/goto_setpoint__functions.h\n'}
[0.716748] (px4_msgs) StdoutLine: {'line': b'-- Up-to-date: /home/maizaied03/ros2_ws/install/px4_msgs/include/px4_msgs/px4_msgs/msg/detail/adc_report__functions.c\n'}
[0.716824] (px4_msgs) StdoutLine: {'line': b'-- Up-to-date: /home/maizaied03/ros2_ws/install/px4_msgs/include/px4_msgs/px4_msgs/msg/detail/distance_sensor_mode_change_request__functions.c\n'}
[0.716861] (px4_msgs) StdoutLine: {'line': b'-- Up-to-date: /home/maizaied03/ros2_ws/install/px4_msgs/include/px4_msgs/px4_msgs/msg/detail/lateral_control_configuration__type_support.h\n'}
[0.716896] (px4_msgs) StdoutLine: {'line': b'-- Up-to-date: /home/maizaied03/ros2_ws/install/px4_msgs/include/px4_msgs/px4_msgs/msg/detail/debug_key_value__type_support.h\n'}
[0.716931] (px4_msgs) StdoutLine: {'line': b'-- Up-to-date: /home/maizaied03/ros2_ws/install/px4_msgs/include/px4_msgs/px4_msgs/msg/detail/rtl_status__struct.h\n'}
[0.716967] (px4_msgs) StdoutLine: {'line': b'-- Up-to-date: /home/maizaied03/ros2_ws/install/px4_msgs/include/px4_msgs/px4_msgs/msg/detail/hover_thrust_estimate__functions.h\n'}
[0.717002] (px4_msgs) StdoutLine: {'line': b'-- Up-to-date: /home/maizaied03/ros2_ws/install/px4_msgs/include/px4_msgs/px4_msgs/msg/detail/satellite_info__functions.c\n'}
[0.717038] (px4_msgs) StdoutLine: {'line': b'-- Up-to-date: /home/maizaied03/ros2_ws/install/px4_msgs/include/px4_msgs/px4_msgs/msg/detail/normalized_unsigned_setpoint__struct.h\n'}
[0.717073] (px4_msgs) StdoutLine: {'line': b'-- Up-to-date: /home/maizaied03/ros2_ws/install/px4_msgs/include/px4_msgs/px4_msgs/msg/detail/gimbal_controls__functions.c\n'}
[0.717108] (px4_msgs) StdoutLine: {'line': b'-- Up-to-date: /home/maizaied03/ros2_ws/install/px4_msgs/include/px4_msgs/px4_msgs/msg/detail/unregister_ext_component__functions.h\n'}
[0.717153] (px4_msgs) StdoutLine: {'line': b'-- Up-to-date: /home/maizaied03/ros2_ws/install/px4_msgs/include/px4_msgs/px4_msgs/msg/detail/vehicle_command_ack__type_support.h\n'}
[0.717188] (px4_msgs) StdoutLine: {'line': b'-- Up-to-date: /home/maizaied03/ros2_ws/install/px4_msgs/include/px4_msgs/px4_msgs/msg/detail/vehicle_attitude_setpoint__functions.h\n'}
[0.717223] (px4_msgs) StdoutLine: {'line': b'-- Up-to-date: /home/maizaied03/ros2_ws/install/px4_msgs/include/px4_msgs/px4_msgs/msg/detail/neural_control__functions.h\n'}
[0.717258] (px4_msgs) StdoutLine: {'line': b'-- Up-to-date: /home/maizaied03/ros2_ws/install/px4_msgs/include/px4_msgs/px4_msgs/msg/detail/vehicle_optical_flow__functions.h\n'}
[0.717292] (px4_msgs) StdoutLine: {'line': b'-- Up-to-date: /home/maizaied03/ros2_ws/install/px4_msgs/include/px4_msgs/px4_msgs/msg/detail/sensor_combined__type_support.h\n'}
[0.717326] (px4_msgs) StdoutLine: {'line': b'-- Up-to-date: /home/maizaied03/ros2_ws/install/px4_msgs/include/px4_msgs/px4_msgs/msg/detail/estimator_aid_source2d__functions.c\n'}
[0.717361] (px4_msgs) StdoutLine: {'line': b'-- Up-to-date: /home/maizaied03/ros2_ws/install/px4_msgs/include/px4_msgs/px4_msgs/msg/detail/landing_gear_wheel__struct.h\n'}
[0.717438] (px4_msgs) StdoutLine: {'line': b'-- Up-to-date: /home/maizaied03/ros2_ws/install/px4_msgs/include/px4_msgs/px4_msgs/msg/detail/rover_throttle_setpoint__struct.h\n'}
[0.717474] (px4_msgs) StdoutLine: {'line': b'-- Up-to-date: /home/maizaied03/ros2_ws/install/px4_msgs/include/px4_msgs/px4_msgs/msg/detail/vehicle_air_data__struct.h\n'}
[0.717508] (px4_msgs) StdoutLine: {'line': b'-- Up-to-date: /home/maizaied03/ros2_ws/install/px4_msgs/include/px4_msgs/px4_msgs/msg/detail/vehicle_optical_flow__type_support.h\n'}
[0.717544] (px4_msgs) StdoutLine: {'line': b'-- Up-to-date: /home/maizaied03/ros2_ws/install/px4_msgs/include/px4_msgs/px4_msgs/msg/detail/irlock_report__functions.h\n'}
[0.717578] (px4_msgs) StdoutLine: {'line': b'-- Up-to-date: /home/maizaied03/ros2_ws/install/px4_msgs/include/px4_msgs/px4_msgs/msg/detail/ulog_stream__functions.c\n'}
[0.717612] (px4_msgs) StdoutLine: {'line': b'-- Up-to-date: /home/maizaied03/ros2_ws/install/px4_msgs/include/px4_msgs/px4_msgs/msg/detail/raptor_status__functions.c\n'}
[0.717645] (px4_msgs) StdoutLine: {'line': b'-- Up-to-date: /home/maizaied03/ros2_ws/install/px4_msgs/include/px4_msgs/px4_msgs/msg/detail/uavcan_parameter_value__functions.c\n'}
[0.717680] (px4_msgs) StdoutLine: {'line': b'-- Up-to-date: /home/maizaied03/ros2_ws/install/px4_msgs/include/px4_msgs/px4_msgs/msg/detail/vehicle_status__struct.h\n'}
[0.717714] (px4_msgs) StdoutLine: {'line': b'-- Up-to-date: /home/maizaied03/ros2_ws/install/px4_msgs/include/px4_msgs/px4_msgs/msg/detail/gps_inject_data__struct.h\n'}
[0.717748] (px4_msgs) StdoutLine: {'line': b'-- Up-to-date: /home/maizaied03/ros2_ws/install/px4_msgs/include/px4_msgs/px4_msgs/msg/detail/rover_speed_setpoint__functions.c\n'}
[0.717825] (px4_msgs) StdoutLine: {'line': b'-- Up-to-date: /home/maizaied03/ros2_ws/install/px4_msgs/include/px4_msgs/px4_msgs/msg/detail/rc_channels__struct.h\n'}
[0.717923] (px4_msgs) StdoutLine: {'line': b'-- Up-to-date: /home/maizaied03/ros2_ws/install/px4_msgs/include/px4_msgs/px4_msgs/msg/detail/estimator_gps_status__functions.c\n'}
[0.717958] (px4_msgs) StdoutLine: {'line': b'-- Up-to-date: /home/maizaied03/ros2_ws/install/px4_msgs/include/px4_msgs/px4_msgs/msg/detail/raptor_input__functions.h\n'}
[0.717992] (px4_msgs) StdoutLine: {'line': b'-- Up-to-date: /home/maizaied03/ros2_ws/install/px4_msgs/include/px4_msgs/px4_msgs/msg/detail/register_ext_component_reply__type_support.h\n'}
[0.718066] (px4_msgs) StdoutLine: {'line': b'-- Up-to-date: /home/maizaied03/ros2_ws/install/px4_msgs/include/px4_msgs/px4_msgs/msg/detail/manual_control_switches__struct.h\n'}
[0.718118] (px4_msgs) StdoutLine: {'line': b'-- Up-to-date: /home/maizaied03/ros2_ws/install/px4_msgs/include/px4_msgs/px4_msgs/msg/detail/vehicle_imu__functions.c\n'}
[0.718153] (px4_msgs) StdoutLine: {'line': b'-- Up-to-date: /home/maizaied03/ros2_ws/install/px4_msgs/include/px4_msgs/px4_msgs/msg/detail/estimator_states__functions.c\n'}
[0.718189] (px4_msgs) StdoutLine: {'line': b'-- Up-to-date: /home/maizaied03/ros2_ws/install/px4_msgs/include/px4_msgs/px4_msgs/msg/detail/parameter_set_value_request__struct.h\n'}
[0.718223] (px4_msgs) StdoutLine: {'line': b'-- Up-to-date: /home/maizaied03/ros2_ws/install/px4_msgs/include/px4_msgs/px4_msgs/msg/detail/gpio_config__functions.h\n'}
[0.718258] (px4_msgs) StdoutLine: {'line': b'-- Up-to-date: /home/maizaied03/ros2_ws/install/px4_msgs/include/px4_msgs/px4_msgs/msg/detail/fixed_wing_lateral_setpoint__functions.c\n'}
[0.718292] (px4_msgs) StdoutLine: {'line': b'-- Up-to-date: /home/maizaied03/ros2_ws/install/px4_msgs/include/px4_msgs/px4_msgs/msg/detail/uavcan_parameter_value__functions.h\n'}
[0.718328] (px4_msgs) StdoutLine: {'line': b'-- Up-to-date: /home/maizaied03/ros2_ws/install/px4_msgs/include/px4_msgs/px4_msgs/msg/detail/mavlink_log__type_support.h\n'}
[0.718362] (px4_msgs) StdoutLine: {'line': b'-- Up-to-date: /home/maizaied03/ros2_ws/install/px4_msgs/include/px4_msgs/px4_msgs/msg/detail/gain_compression__functions.c\n'}
[0.718426] (px4_msgs) StdoutLine: {'line': b'-- Up-to-date: /home/maizaied03/ros2_ws/install/px4_msgs/include/px4_msgs/px4_msgs/msg/detail/sensor_gnss_relative__functions.h\n'}
[0.718459] (px4_msgs) StdoutLine: {'line': b'-- Up-to-date: /home/maizaied03/ros2_ws/install/px4_msgs/include/px4_msgs/px4_msgs/msg/detail/navigator_status__functions.h\n'}
[0.718494] (px4_msgs) StdoutLine: {'line': b'-- Up-to-date: /home/maizaied03/ros2_ws/install/px4_msgs/include/px4_msgs/px4_msgs/msg/detail/vehicle_imu_status__struct.h\n'}
[0.718530] (px4_msgs) StdoutLine: {'line': b'-- Up-to-date: /home/maizaied03/ros2_ws/install/px4_msgs/include/px4_msgs/px4_msgs/msg/detail/sensor_optical_flow__functions.c\n'}
[0.718565] (px4_msgs) StdoutLine: {'line': b'-- Up-to-date: /home/maizaied03/ros2_ws/install/px4_msgs/include/px4_msgs/px4_msgs/msg/detail/vehicle_air_data__functions.h\n'}
[0.718599] (px4_msgs) StdoutLine: {'line': b'-- Up-to-date: /home/maizaied03/ros2_ws/install/px4_msgs/include/px4_msgs/px4_msgs/msg/detail/gimbal_manager_information__functions.c\n'}
[0.718634] (px4_msgs) StdoutLine: {'line': b'-- Up-to-date: /home/maizaied03/ros2_ws/install/px4_msgs/include/px4_msgs/px4_msgs/msg/detail/pwm_input__functions.h\n'}
[0.718670] (px4_msgs) StdoutLine: {'line': b'-- Up-to-date: /home/maizaied03/ros2_ws/install/px4_msgs/include/px4_msgs/px4_msgs/msg/detail/iridiumsbd_status__functions.h\n'}
[0.718705] (px4_msgs) StdoutLine: {'line': b'-- Up-to-date: /home/maizaied03/ros2_ws/install/px4_msgs/include/px4_msgs/px4_msgs/msg/detail/vehicle_status__functions.c\n'}
[0.718738] (px4_msgs) StdoutLine: {'line': b'-- Up-to-date: /home/maizaied03/ros2_ws/install/px4_msgs/include/px4_msgs/px4_msgs/msg/detail/arming_check_request__type_support.h\n'}
[0.718803] (px4_msgs) StdoutLine: {'line': b'-- Up-to-date: /home/maizaied03/ros2_ws/install/px4_msgs/include/px4_msgs/px4_msgs/msg/detail/position_setpoint_triplet__struct.h\n'}
[0.718840] (px4_msgs) StdoutLine: {'line': b'-- Up-to-date: /home/maizaied03/ros2_ws/install/px4_msgs/include/px4_msgs/px4_msgs/msg/detail/fixed_wing_lateral_status__functions.h\n'}
[0.718874] (px4_msgs) StdoutLine: {'line': b'-- Up-to-date: /home/maizaied03/ros2_ws/install/px4_msgs/include/px4_msgs/px4_msgs/msg/detail/mode_completed__type_support.h\n'}
[0.718909] (px4_msgs) StdoutLine: {'line': b'-- Up-to-date: /home/maizaied03/ros2_ws/install/px4_msgs/include/px4_msgs/px4_msgs/msg/detail/vehicle_torque_setpoint__functions.c\n'}
[0.718943] (px4_msgs) StdoutLine: {'line': b'-- Up-to-date: /home/maizaied03/ros2_ws/install/px4_msgs/include/px4_msgs/px4_msgs/msg/detail/gimbal_manager_status__functions.h\n'}
[0.718978] (px4_msgs) StdoutLine: {'line': b'-- Up-to-date: /home/maizaied03/ros2_ws/install/px4_msgs/include/px4_msgs/px4_msgs/msg/detail/mission__struct.h\n'}
[0.719013] (px4_msgs) StdoutLine: {'line': b'-- Up-to-date: /home/maizaied03/ros2_ws/install/px4_msgs/include/px4_msgs/px4_msgs/msg/detail/sensor_gyro_fifo__type_support.h\n'}
[0.719047] (px4_msgs) StdoutLine: {'line': b'-- Up-to-date: /home/maizaied03/ros2_ws/install/px4_msgs/include/px4_msgs/px4_msgs/msg/detail/tecs_status__struct.h\n'}
[0.719082] (px4_msgs) StdoutLine: {'line': b'-- Up-to-date: /home/maizaied03/ros2_ws/install/px4_msgs/include/px4_msgs/px4_msgs/msg/detail/offboard_control_mode__type_support.h\n'}
[0.719117] (px4_msgs) StdoutLine: {'line': b'-- Up-to-date: /home/maizaied03/ros2_ws/install/px4_msgs/include/px4_msgs/px4_msgs/msg/detail/collision_constraints__functions.h\n'}
[0.719151] (px4_msgs) StdoutLine: {'line': b'-- Up-to-date: /home/maizaied03/ros2_ws/install/px4_msgs/include/px4_msgs/px4_msgs/msg/detail/vehicle_odometry__type_support.h\n'}
[0.719187] (px4_msgs) StdoutLine: {'line': b'-- Up-to-date: /home/maizaied03/ros2_ws/install/px4_msgs/include/px4_msgs/px4_msgs/msg/detail/sensor_accel__struct.h\n'}
[0.719223] (px4_msgs) StdoutLine: {'line': b'-- Up-to-date: /home/maizaied03/ros2_ws/install/px4_msgs/include/px4_msgs/px4_msgs/msg/detail/sensor_preflight_mag__type_support.h\n'}
[0.719256] (px4_msgs) StdoutLine: {'line': b'-- Up-to-date: /home/maizaied03/ros2_ws/install/px4_msgs/include/px4_msgs/px4_msgs/msg/detail/vehicle_optical_flow_vel__functions.h\n'}
[0.719399] (px4_msgs) StdoutLine: {'line': b'-- Up-to-date: /home/maizaied03/ros2_ws/install/px4_msgs/include/px4_msgs/px4_msgs/msg/detail/lateral_control_configuration__struct.h\n'}
[0.719435] (px4_msgs) StdoutLine: {'line': b'-- Up-to-date: /home/maizaied03/ros2_ws/install/px4_msgs/include/px4_msgs/px4_msgs/msg/detail/parameter_update__type_support.h\n'}
[0.719472] (px4_msgs) StdoutLine: {'line': b'-- Up-to-date: /home/maizaied03/ros2_ws/install/px4_msgs/include/px4_msgs/px4_msgs/msg/detail/rate_ctrl_status__struct.h\n'}
[0.719507] (px4_msgs) StdoutLine: {'line': b'-- Up-to-date: /home/maizaied03/ros2_ws/install/px4_msgs/include/px4_msgs/px4_msgs/msg/detail/airspeed_validated__struct.h\n'}
[0.719543] (px4_msgs) StdoutLine: {'line': b'-- Up-to-date: /home/maizaied03/ros2_ws/install/px4_msgs/include/px4_msgs/px4_msgs/msg/detail/orb_test_medium__struct.h\n'}
[0.719578] (px4_msgs) StdoutLine: {'line': b'-- Up-to-date: /home/maizaied03/ros2_ws/install/px4_msgs/include/px4_msgs/px4_msgs/msg/detail/vehicle_command__type_support.h\n'}
[0.719614] (px4_msgs) StdoutLine: {'line': b'-- Up-to-date: /home/maizaied03/ros2_ws/install/px4_msgs/include/px4_msgs/px4_msgs/msg/detail/camera_trigger__functions.h\n'}
[0.719659] (px4_msgs) StdoutLine: {'line': b'-- Up-to-date: /home/maizaied03/ros2_ws/install/px4_msgs/include/px4_msgs/px4_msgs/msg/detail/rover_throttle_setpoint__type_support.h\n'}
[0.719753] (px4_msgs) StdoutLine: {'line': b'-- Up-to-date: /home/maizaied03/ros2_ws/install/px4_msgs/include/px4_msgs/px4_msgs/msg/detail/system_power__type_support.h\n'}
[0.719817] (px4_msgs) StdoutLine: {'line': b'-- Up-to-date: /home/maizaied03/ros2_ws/install/px4_msgs/include/px4_msgs/px4_msgs/msg/detail/mount_orientation__struct.h\n'}
[0.719853] (px4_msgs) StdoutLine: {'line': b'-- Up-to-date: /home/maizaied03/ros2_ws/install/px4_msgs/include/px4_msgs/px4_msgs/msg/detail/transponder_report__functions.c\n'}
[0.719887] (px4_msgs) StdoutLine: {'line': b'-- Up-to-date: /home/maizaied03/ros2_ws/install/px4_msgs/include/px4_msgs/px4_msgs/msg/detail/open_drone_id_self_id__functions.c\n'}
[0.719921] (px4_msgs) StdoutLine: {'line': b'-- Up-to-date: /home/maizaied03/ros2_ws/install/px4_msgs/include/px4_msgs/px4_msgs/msg/detail/position_controller_landing_status__struct.h\n'}
[0.719956] (px4_msgs) StdoutLine: {'line': b'-- Up-to-date: /home/maizaied03/ros2_ws/install/px4_msgs/include/px4_msgs/px4_msgs/msg/detail/battery_status__functions.c\n'}
[0.719992] (px4_msgs) StdoutLine: {'line': b'-- Up-to-date: /home/maizaied03/ros2_ws/install/px4_msgs/include/px4_msgs/px4_msgs/msg/detail/debug_vect__functions.h\n'}
[0.720028] (px4_msgs) StdoutLine: {'line': b'-- Up-to-date: /home/maizaied03/ros2_ws/install/px4_msgs/include/px4_msgs/px4_msgs/msg/detail/timesync_status__struct.h\n'}
[0.720062] (px4_msgs) StdoutLine: {'line': b'-- Up-to-date: /home/maizaied03/ros2_ws/install/px4_msgs/include/px4_msgs/px4_msgs/msg/detail/estimator_bias3d__type_support.h\n'}
[0.720097] (px4_msgs) StdoutLine: {'line': b'-- Up-to-date: /home/maizaied03/ros2_ws/install/px4_msgs/include/px4_msgs/px4_msgs/msg/detail/cpuload__type_support.h\n'}
[0.720132] (px4_msgs) StdoutLine: {'line': b'-- Up-to-date: /home/maizaied03/ros2_ws/install/px4_msgs/include/px4_msgs/px4_msgs/msg/detail/sensors_status_imu__functions.h\n'}
[0.720168] (px4_msgs) StdoutLine: {'line': b'-- Up-to-date: /home/maizaied03/ros2_ws/install/px4_msgs/include/px4_msgs/px4_msgs/msg/detail/sensor_gnss_status__functions.c\n'}
[0.720202] (px4_msgs) StdoutLine: {'line': b'-- Up-to-date: /home/maizaied03/ros2_ws/install/px4_msgs/include/px4_msgs/px4_msgs/msg/detail/gimbal_manager_status__type_support.h\n'}
[0.720236] (px4_msgs) StdoutLine: {'line': b'-- Up-to-date: /home/maizaied03/ros2_ws/install/px4_msgs/include/px4_msgs/px4_msgs/msg/detail/dronecan_node_status__functions.h\n'}
[0.720271] (px4_msgs) StdoutLine: {'line': b'-- Up-to-date: /home/maizaied03/ros2_ws/install/px4_msgs/include/px4_msgs/px4_msgs/msg/detail/position_setpoint_triplet__functions.c\n'}
[0.720318] (px4_msgs) StdoutLine: {'line': b'-- Up-to-date: /home/maizaied03/ros2_ws/install/px4_msgs/include/px4_msgs/px4_msgs/msg/detail/sensor_airflow__struct.h\n'}
[0.720353] (px4_msgs) StdoutLine: {'line': b'-- Up-to-date: /home/maizaied03/ros2_ws/install/px4_msgs/include/px4_msgs/px4_msgs/msg/detail/vehicle_command_ack__functions.c\n'}
[0.720388] (px4_msgs) StdoutLine: {'line': b'-- Up-to-date: /home/maizaied03/ros2_ws/install/px4_msgs/include/px4_msgs/px4_msgs/msg/detail/config_overrides__struct.h\n'}
[0.720422] (px4_msgs) StdoutLine: {'line': b'-- Up-to-date: /home/maizaied03/ros2_ws/install/px4_msgs/include/px4_msgs/px4_msgs/msg/detail/dronecan_node_status__struct.h\n'}
[0.720457] (px4_msgs) StdoutLine: {'line': b'-- Up-to-date: /home/maizaied03/ros2_ws/install/px4_msgs/include/px4_msgs/px4_msgs/msg/detail/rover_speed_status__functions.c\n'}
[0.720491] (px4_msgs) StdoutLine: {'line': b'-- Up-to-date: /home/maizaied03/ros2_ws/install/px4_msgs/include/px4_msgs/px4_msgs/msg/detail/rate_ctrl_status__type_support.h\n'}
[0.720526] (px4_msgs) StdoutLine: {'line': b'-- Up-to-date: /home/maizaied03/ros2_ws/install/px4_msgs/include/px4_msgs/px4_msgs/msg/detail/sensor_accel__type_support.h\n'}
[0.720560] (px4_msgs) StdoutLine: {'line': b'-- Up-to-date: /home/maizaied03/ros2_ws/install/px4_msgs/include/px4_msgs/px4_msgs/msg/detail/raptor_status__type_support.h\n'}
[0.720595] (px4_msgs) StdoutLine: {'line': b'-- Up-to-date: /home/maizaied03/ros2_ws/install/px4_msgs/include/px4_msgs/px4_msgs/msg/detail/event__functions.c\n'}
[0.720719] (px4_msgs) StdoutLine: {'line': b'-- Up-to-date: /home/maizaied03/ros2_ws/install/px4_msgs/include/px4_msgs/px4_msgs/msg/detail/vehicle_odometry__functions.c\n'}
[0.720756] (px4_msgs) StdoutLine: {'line': b'-- Up-to-date: /home/maizaied03/ros2_ws/install/px4_msgs/include/px4_msgs/px4_msgs/msg/detail/vehicle_thrust_setpoint__functions.c\n'}
[0.720866] (px4_msgs) StdoutLine: {'line': b'-- Up-to-date: /home/maizaied03/ros2_ws/install/px4_msgs/include/px4_msgs/px4_msgs/msg/detail/position_setpoint_triplet__functions.h\n'}
[0.720905] (px4_msgs) StdoutLine: {'line': b'-- Up-to-date: /home/maizaied03/ros2_ws/install/px4_msgs/include/px4_msgs/px4_msgs/msg/detail/yaw_estimator_status__functions.c\n'}
[0.720941] (px4_msgs) StdoutLine: {'line': b'-- Up-to-date: /home/maizaied03/ros2_ws/install/px4_msgs/include/px4_msgs/px4_msgs/msg/detail/open_drone_id_operator_id__functions.h\n'}
[0.720988] (px4_msgs) StdoutLine: {'line': b'-- Up-to-date: /home/maizaied03/ros2_ws/install/px4_msgs/include/px4_msgs/px4_msgs/msg/detail/uavcan_parameter_request__functions.c\n'}
[0.721025] (px4_msgs) StdoutLine: {'line': b'-- Up-to-date: /home/maizaied03/ros2_ws/install/px4_msgs/include/px4_msgs/px4_msgs/msg/detail/vehicle_roi__functions.h\n'}
[0.721064] (px4_msgs) StdoutLine: {'line': b'-- Up-to-date: /home/maizaied03/ros2_ws/install/px4_msgs/include/px4_msgs/px4_msgs/msg/detail/orb_test__functions.c\n'}
[0.721099] (px4_msgs) StdoutLine: {'line': b'-- Up-to-date: /home/maizaied03/ros2_ws/install/px4_msgs/include/px4_msgs/px4_msgs/msg/detail/uavcan_parameter_request__type_support.h\n'}
[0.721133] (px4_msgs) StdoutLine: {'line': b'-- Up-to-date: /home/maizaied03/ros2_ws/install/px4_msgs/include/px4_msgs/px4_msgs/msg/detail/dataman_request__functions.c\n'}
[0.721168] (px4_msgs) StdoutLine: {'line': b'-- Up-to-date: /home/maizaied03/ros2_ws/install/px4_msgs/include/px4_msgs/px4_msgs/msg/detail/gripper__struct.h\n'}
[0.721203] (px4_msgs) StdoutLine: {'line': b'-- Up-to-date: /home/maizaied03/ros2_ws/install/px4_msgs/include/px4_msgs/px4_msgs/msg/detail/vehicle_optical_flow__struct.h\n'}
[0.721237] (px4_msgs) StdoutLine: {'line': b'-- Up-to-date: /home/maizaied03/ros2_ws/install/px4_msgs/include/px4_msgs/px4_msgs/msg/detail/actuator_test__functions.h\n'}
[0.721272] (px4_msgs) StdoutLine: {'line': b'-- Up-to-date: /home/maizaied03/ros2_ws/install/px4_msgs/include/px4_msgs/px4_msgs/msg/detail/gimbal_device_attitude_status__functions.h\n'}
[0.721313] (px4_msgs) StdoutLine: {'line': b'-- Up-to-date: /home/maizaied03/ros2_ws/install/px4_msgs/include/px4_msgs/px4_msgs/msg/detail/longitudinal_control_configuration__functions.h\n'}
[0.721382] (px4_msgs) StdoutLine: {'line': b'-- Up-to-date: /home/maizaied03/ros2_ws/install/px4_msgs/include/px4_msgs/px4_msgs/msg/detail/gimbal_manager_set_attitude__functions.c\n'}
[0.721426] (px4_msgs) StdoutLine: {'line': b'-- Up-to-date: /home/maizaied03/ros2_ws/install/px4_msgs/include/px4_msgs/px4_msgs/msg/detail/sensor_optical_flow__type_support.h\n'}
[0.721469] (px4_msgs) StdoutLine: {'line': b'-- Up-to-date: /home/maizaied03/ros2_ws/install/px4_msgs/include/px4_msgs/px4_msgs/msg/detail/rover_speed_setpoint__type_support.h\n'}
[0.721511] (px4_msgs) StdoutLine: {'line': b'-- Up-to-date: /home/maizaied03/ros2_ws/install/px4_msgs/include/px4_msgs/px4_msgs/msg/detail/internal_combustion_engine_control__functions.c\n'}
[0.721551] (px4_msgs) StdoutLine: {'line': b'-- Up-to-date: /home/maizaied03/ros2_ws/install/px4_msgs/include/px4_msgs/px4_msgs/msg/detail/sensor_gnss_status__struct.h\n'}
[0.721593] (px4_msgs) StdoutLine: {'line': b'-- Up-to-date: /home/maizaied03/ros2_ws/install/px4_msgs/include/px4_msgs/px4_msgs/msg/detail/register_ext_component_reply__functions.c\n'}
[0.721634] (px4_msgs) StdoutLine: {'line': b'-- Up-to-date: /home/maizaied03/ros2_ws/install/px4_msgs/include/px4_msgs/px4_msgs/msg/detail/sensors_status_imu__type_support.h\n'}
[0.721803] (px4_msgs) StdoutLine: {'line': b'-- Up-to-date: /home/maizaied03/ros2_ws/install/px4_msgs/include/px4_msgs/px4_msgs/msg/detail/wheel_encoders__type_support.h\n'}
[0.721864] (px4_msgs) StdoutLine: {'line': b'-- Up-to-date: /home/maizaied03/ros2_ws/install/px4_msgs/include/px4_msgs/px4_msgs/msg/detail/trajectory_setpoint6dof__struct.h\n'}
[0.721901] (px4_msgs) StdoutLine: {'line': b'-- Up-to-date: /home/maizaied03/ros2_ws/install/px4_msgs/include/px4_msgs/px4_msgs/msg/detail/distance_sensor_mode_change_request__struct.h\n'}
[0.721935] (px4_msgs) StdoutLine: {'line': b'-- Up-to-date: /home/maizaied03/ros2_ws/install/px4_msgs/include/px4_msgs/px4_msgs/msg/detail/manual_control_switches__functions.h\n'}
[0.721967] (px4_msgs) StdoutLine: {'line': b'-- Up-to-date: /home/maizaied03/ros2_ws/install/px4_msgs/include/px4_msgs/px4_msgs/msg/detail/logger_status__struct.h\n'}
[0.722000] (px4_msgs) StdoutLine: {'line': b'-- Up-to-date: /home/maizaied03/ros2_ws/install/px4_msgs/include/px4_msgs/px4_msgs/msg/detail/sensor_mag__type_support.h\n'}
[0.722034] (px4_msgs) StdoutLine: {'line': b'-- Up-to-date: /home/maizaied03/ros2_ws/install/px4_msgs/include/px4_msgs/px4_msgs/msg/detail/estimator_aid_source3d__functions.c\n'}
[0.722070] (px4_msgs) StdoutLine: {'line': b'-- Up-to-date: /home/maizaied03/ros2_ws/install/px4_msgs/include/px4_msgs/px4_msgs/msg/detail/health_report__functions.h\n'}
[0.722103] (px4_msgs) StdoutLine: {'line': b'-- Up-to-date: /home/maizaied03/ros2_ws/install/px4_msgs/include/px4_msgs/px4_msgs/msg/detail/vehicle_acceleration__type_support.h\n'}
[0.722139] (px4_msgs) StdoutLine: {'line': b'-- Up-to-date: /home/maizaied03/ros2_ws/install/px4_msgs/include/px4_msgs/px4_msgs/msg/detail/estimator_status_flags__type_support.h\n'}
[0.722189] (px4_msgs) StdoutLine: {'line': b'-- Up-to-date: /home/maizaied03/ros2_ws/install/px4_msgs/include/px4_msgs/px4_msgs/msg/detail/rc_parameter_map__type_support.h\n'}
[0.722224] (px4_msgs) StdoutLine: {'line': b'-- Up-to-date: /home/maizaied03/ros2_ws/install/px4_msgs/include/px4_msgs/px4_msgs/msg/detail/gimbal_device_set_attitude__struct.h\n'}
[0.722257] (px4_msgs) StdoutLine: {'line': b'-- Up-to-date: /home/maizaied03/ros2_ws/install/px4_msgs/include/px4_msgs/px4_msgs/msg/detail/vehicle_imu_status__functions.h\n'}
[0.722293] (px4_msgs) StdoutLine: {'line': b'-- Up-to-date: /home/maizaied03/ros2_ws/install/px4_msgs/include/px4_msgs/px4_msgs/msg/detail/task_stack_info__type_support.h\n'}
[0.722326] (px4_msgs) StdoutLine: {'line': b'-- Up-to-date: /home/maizaied03/ros2_ws/install/px4_msgs/include/px4_msgs/px4_msgs/msg/detail/open_drone_id_system__functions.c\n'}
[0.722363] (px4_msgs) StdoutLine: {'line': b'-- Up-to-date: /home/maizaied03/ros2_ws/install/px4_msgs/include/px4_msgs/px4_msgs/msg/detail/autotune_attitude_control_status__functions.c\n'}
[0.722415] (px4_msgs) StdoutLine: {'line': b'-- Up-to-date: /home/maizaied03/ros2_ws/install/px4_msgs/include/px4_msgs/px4_msgs/msg/detail/trajectory_setpoint6dof__functions.h\n'}
[0.722450] (px4_msgs) StdoutLine: {'line': b'-- Up-to-date: /home/maizaied03/ros2_ws/install/px4_msgs/include/px4_msgs/px4_msgs/msg/detail/landing_target_pose__functions.c\n'}
[0.722487] (px4_msgs) StdoutLine: {'line': b'-- Up-to-date: /home/maizaied03/ros2_ws/install/px4_msgs/include/px4_msgs/px4_msgs/msg/detail/ulog_stream_ack__functions.h\n'}
[0.722523] (px4_msgs) StdoutLine: {'line': b'-- Up-to-date: /home/maizaied03/ros2_ws/install/px4_msgs/include/px4_msgs/px4_msgs/msg/detail/vehicle_optical_flow_vel__type_support.h\n'}
[0.722559] (px4_msgs) StdoutLine: {'line': b'-- Up-to-date: /home/maizaied03/ros2_ws/install/px4_msgs/include/px4_msgs/px4_msgs/msg/detail/figure_eight_status__functions.c\n'}
[0.722595] (px4_msgs) StdoutLine: {'line': b'-- Up-to-date: /home/maizaied03/ros2_ws/install/px4_msgs/include/px4_msgs/px4_msgs/msg/detail/camera_trigger__functions.c\n'}
[0.722630] (px4_msgs) StdoutLine: {'line': b'-- Up-to-date: /home/maizaied03/ros2_ws/install/px4_msgs/include/px4_msgs/px4_msgs/msg/detail/camera_trigger__struct.h\n'}
[0.722671] (px4_msgs) StdoutLine: {'line': b'-- Up-to-date: /home/maizaied03/ros2_ws/install/px4_msgs/include/px4_msgs/px4_msgs/msg/detail/telemetry_status__functions.c\n'}
[0.722736] (px4_msgs) StdoutLine: {'line': b'-- Up-to-date: /home/maizaied03/ros2_ws/install/px4_msgs/include/px4_msgs/px4_msgs/msg/detail/fixed_wing_lateral_guidance_status__functions.h\n'}
[0.722838] (px4_msgs) StdoutLine: {'line': b'-- Up-to-date: /home/maizaied03/ros2_ws/install/px4_msgs/include/px4_msgs/px4_msgs/msg/detail/orb_test__type_support.h\n'}
[0.722896] (px4_msgs) StdoutLine: {'line': b'-- Up-to-date: /home/maizaied03/ros2_ws/install/px4_msgs/include/px4_msgs/px4_msgs/msg/detail/sensor_preflight_mag__functions.c\n'}
[0.722940] (px4_msgs) StdoutLine: {'line': b'-- Up-to-date: /home/maizaied03/ros2_ws/install/px4_msgs/include/px4_msgs/px4_msgs/msg/detail/launch_detection_status__struct.h\n'}
[0.722982] (px4_msgs) StdoutLine: {'line': b'-- Up-to-date: /home/maizaied03/ros2_ws/install/px4_msgs/include/px4_msgs/px4_msgs/msg/detail/mavlink_log__struct.h\n'}
[0.723024] (px4_msgs) StdoutLine: {'line': b'-- Up-to-date: /home/maizaied03/ros2_ws/install/px4_msgs/include/px4_msgs/px4_msgs/msg/detail/ekf2_timestamps__functions.c\n'}
[0.723064] (px4_msgs) StdoutLine: {'line': b'-- Up-to-date: /home/maizaied03/ros2_ws/install/px4_msgs/include/px4_msgs/px4_msgs/msg/detail/velocity_limits__type_support.h\n'}
[0.723104] (px4_msgs) StdoutLine: {'line': b'-- Up-to-date: /home/maizaied03/ros2_ws/install/px4_msgs/include/px4_msgs/px4_msgs/msg/detail/sensor_combined__struct.h\n'}
[0.723143] (px4_msgs) StdoutLine: {'line': b'-- Up-to-date: /home/maizaied03/ros2_ws/install/px4_msgs/include/px4_msgs/px4_msgs/msg/detail/battery_status__functions.h\n'}
[0.723183] (px4_msgs) StdoutLine: {'line': b'-- Up-to-date: /home/maizaied03/ros2_ws/install/px4_msgs/include/px4_msgs/px4_msgs/msg/detail/vehicle_magnetometer__functions.c\n'}
[0.723223] (px4_msgs) StdoutLine: {'line': b'-- Up-to-date: /home/maizaied03/ros2_ws/install/px4_msgs/include/px4_msgs/px4_msgs/msg/detail/estimator_innovations__functions.h\n'}
[0.723262] (px4_msgs) StdoutLine: {'line': b'-- Up-to-date: /home/maizaied03/ros2_ws/install/px4_msgs/include/px4_msgs/px4_msgs/msg/detail/rover_rate_setpoint__functions.h\n'}
[0.723301] (px4_msgs) StdoutLine: {'line': b'-- Up-to-date: /home/maizaied03/ros2_ws/install/px4_msgs/include/px4_msgs/px4_msgs/msg/detail/home_position__type_support.h\n'}
[0.723342] (px4_msgs) StdoutLine: {'line': b'-- Up-to-date: /home/maizaied03/ros2_ws/install/px4_msgs/include/px4_msgs/px4_msgs/msg/detail/obstacle_distance__functions.c\n'}
[0.723382] (px4_msgs) StdoutLine: {'line': b'-- Up-to-date: /home/maizaied03/ros2_ws/install/px4_msgs/include/px4_msgs/px4_msgs/msg/detail/vehicle_angular_acceleration_setpoint__type_support.h\n'}
[0.723461] (px4_msgs) StdoutLine: {'line': b'-- Up-to-date: /home/maizaied03/ros2_ws/install/px4_msgs/include/px4_msgs/px4_msgs/msg/detail/vehicle_angular_velocity__functions.c\n'}
[0.723547] (px4_msgs) StdoutLine: {'line': b'-- Up-to-date: /home/maizaied03/ros2_ws/install/px4_msgs/include/px4_msgs/px4_msgs/msg/detail/debug_key_value__struct.h\n'}
[0.723597] (px4_msgs) StdoutLine: {'line': b'-- Up-to-date: /home/maizaied03/ros2_ws/install/px4_msgs/include/px4_msgs/px4_msgs/msg/detail/position_controller_status__functions.h\n'}
[0.723831] (px4_msgs) StdoutLine: {'line': b'-- Up-to-date: /home/maizaied03/ros2_ws/install/px4_msgs/include/px4_msgs/px4_msgs/msg/detail/yaw_estimator_status__type_support.h\n'}
[0.723912] (px4_msgs) StdoutLine: {'line': b'-- Up-to-date: /home/maizaied03/ros2_ws/install/px4_msgs/include/px4_msgs/px4_msgs/msg/detail/hover_thrust_estimate__type_support.h\n'}
[0.723970] (px4_msgs) StdoutLine: {'line': b'-- Up-to-date: /home/maizaied03/ros2_ws/install/px4_msgs/include/px4_msgs/px4_msgs/msg/detail/transponder_report__functions.h\n'}
[0.724026] (px4_msgs) StdoutLine: {'line': b'-- Up-to-date: /home/maizaied03/ros2_ws/install/px4_msgs/include/px4_msgs/px4_msgs/msg/detail/debug_key_value__functions.c\n'}
[0.724169] (px4_msgs) StdoutLine: {'line': b'-- Up-to-date: /home/maizaied03/ros2_ws/install/px4_msgs/include/px4_msgs/px4_msgs/msg/detail/position_controller_status__functions.c\n'}
[0.724216] (px4_msgs) StdoutLine: {'line': b'-- Up-to-date: /home/maizaied03/ros2_ws/install/px4_msgs/include/px4_msgs/px4_msgs/msg/detail/parameter_update__struct.h\n'}
[0.724259] (px4_msgs) StdoutLine: {'line': b'-- Up-to-date: /home/maizaied03/ros2_ws/install/px4_msgs/include/px4_msgs/px4_msgs/msg/detail/sensor_accel_fifo__type_support.h\n'}
[0.724301] (px4_msgs) StdoutLine: {'line': b'-- Up-to-date: /home/maizaied03/ros2_ws/install/px4_msgs/include/px4_msgs/px4_msgs/msg/detail/irlock_report__struct.h\n'}
[0.724342] (px4_msgs) StdoutLine: {'line': b'-- Up-to-date: /home/maizaied03/ros2_ws/install/px4_msgs/include/px4_msgs/px4_msgs/msg/detail/radio_status__struct.h\n'}
[0.724381] (px4_msgs) StdoutLine: {'line': b'-- Up-to-date: /home/maizaied03/ros2_ws/install/px4_msgs/include/px4_msgs/px4_msgs/msg/detail/landing_target_innovations__functions.h\n'}
[0.724420] (px4_msgs) StdoutLine: {'line': b'-- Up-to-date: /home/maizaied03/ros2_ws/install/px4_msgs/include/px4_msgs/px4_msgs/msg/detail/tiltrotor_extra_controls__struct.h\n'}
[0.724462] (px4_msgs) StdoutLine: {'line': b'-- Up-to-date: /home/maizaied03/ros2_ws/install/px4_msgs/include/px4_msgs/px4_msgs/msg/detail/longitudinal_control_configuration__type_support.h\n'}
[0.724502] (px4_msgs) StdoutLine: {'line': b'-- Up-to-date: /home/maizaied03/ros2_ws/install/px4_msgs/include/px4_msgs/px4_msgs/msg/detail/rover_attitude_status__type_support.h\n'}
[0.724543] (px4_msgs) StdoutLine: {'line': b'-- Up-to-date: /home/maizaied03/ros2_ws/install/px4_msgs/include/px4_msgs/px4_msgs/msg/detail/sensor_baro__type_support.h\n'}
[0.724582] (px4_msgs) StdoutLine: {'line': b'-- Up-to-date: /home/maizaied03/ros2_ws/install/px4_msgs/include/px4_msgs/px4_msgs/msg/detail/esc_report__struct.h\n'}
[0.724620] (px4_msgs) StdoutLine: {'line': b'-- Up-to-date: /home/maizaied03/ros2_ws/install/px4_msgs/include/px4_msgs/px4_msgs/msg/detail/px4io_status__type_support.h\n'}
[0.724660] (px4_msgs) StdoutLine: {'line': b'-- Up-to-date: /home/maizaied03/ros2_ws/install/px4_msgs/include/px4_msgs/px4_msgs/msg/detail/sensors_status__functions.h\n'}
[0.724700] (px4_msgs) StdoutLine: {'line': b'-- Up-to-date: /home/maizaied03/ros2_ws/install/px4_msgs/include/px4_msgs/px4_msgs/msg/detail/landing_target_pose__type_support.h\n'}
[0.724741] (px4_msgs) StdoutLine: {'line': b'-- Up-to-date: /home/maizaied03/ros2_ws/install/px4_msgs/include/px4_msgs/px4_msgs/msg/detail/qshell_req__functions.c\n'}
[0.724808] (px4_msgs) StdoutLine: {'line': b'-- Up-to-date: /home/maizaied03/ros2_ws/install/px4_msgs/include/px4_msgs/px4_msgs/msg/detail/message_format_response__functions.c\n'}
[0.724995] (px4_msgs) StdoutLine: {'line': b'-- Up-to-date: /home/maizaied03/ros2_ws/install/px4_msgs/include/px4_msgs/px4_msgs/msg/detail/estimator_aid_source2d__type_support.h\n'}
[0.725035] (px4_msgs) StdoutLine: {'line': b'-- Up-to-date: /home/maizaied03/ros2_ws/install/px4_msgs/include/px4_msgs/px4_msgs/msg/detail/estimator_bias3d__struct.h\n'}
[0.725075] (px4_msgs) StdoutLine: {'line': b'-- Up-to-date: /home/maizaied03/ros2_ws/install/px4_msgs/include/px4_msgs/px4_msgs/msg/detail/estimator_event_flags__struct.h\n'}
[0.725115] (px4_msgs) StdoutLine: {'line': b'-- Up-to-date: /home/maizaied03/ros2_ws/install/px4_msgs/include/px4_msgs/px4_msgs/msg/detail/battery_status__struct.h\n'}
[0.725154] (px4_msgs) StdoutLine: {'line': b'-- Up-to-date: /home/maizaied03/ros2_ws/install/px4_msgs/include/px4_msgs/px4_msgs/msg/detail/ulog_stream_ack__functions.c\n'}
[0.725193] (px4_msgs) StdoutLine: {'line': b'-- Up-to-date: /home/maizaied03/ros2_ws/install/px4_msgs/include/px4_msgs/px4_msgs/msg/detail/esc_status__struct.h\n'}
[0.725231] (px4_msgs) StdoutLine: {'line': b'-- Up-to-date: /home/maizaied03/ros2_ws/install/px4_msgs/include/px4_msgs/px4_msgs/msg/detail/vehicle_global_position__struct.h\n'}
[0.725269] (px4_msgs) StdoutLine: {'line': b'-- Up-to-date: /home/maizaied03/ros2_ws/install/px4_msgs/include/px4_msgs/px4_msgs/msg/detail/position_controller_status__type_support.h\n'}
[0.725308] (px4_msgs) StdoutLine: {'line': b'-- Up-to-date: /home/maizaied03/ros2_ws/install/px4_msgs/include/px4_msgs/px4_msgs/msg/detail/px4io_status__functions.h\n'}
[0.725347] (px4_msgs) StdoutLine: {'line': b'-- Up-to-date: /home/maizaied03/ros2_ws/install/px4_msgs/include/px4_msgs/px4_msgs/msg/detail/rover_attitude_setpoint__functions.c\n'}
[0.725386] (px4_msgs) StdoutLine: {'line': b'-- Up-to-date: /home/maizaied03/ros2_ws/install/px4_msgs/include/px4_msgs/px4_msgs/msg/detail/satellite_info__functions.h\n'}
[0.725448] (px4_msgs) StdoutLine: {'line': b'-- Up-to-date: /home/maizaied03/ros2_ws/install/px4_msgs/include/px4_msgs/px4_msgs/msg/detail/actuator_controls_status__functions.c\n'}
[0.725489] (px4_msgs) StdoutLine: {'line': b'-- Up-to-date: /home/maizaied03/ros2_ws/install/px4_msgs/include/px4_msgs/px4_msgs/msg/detail/system_power__functions.h\n'}
[0.725640] (px4_msgs) StdoutLine: {'line': b'-- Up-to-date: /home/maizaied03/ros2_ws/install/px4_msgs/include/px4_msgs/px4_msgs/msg/detail/gimbal_manager_set_attitude__struct.h\n'}
[0.725683] (px4_msgs) StdoutLine: {'line': b'-- Up-to-date: /home/maizaied03/ros2_ws/install/px4_msgs/include/px4_msgs/px4_msgs/msg/detail/vehicle_angular_velocity__functions.h\n'}
[0.725726] (px4_msgs) StdoutLine: {'line': b'-- Up-to-date: /home/maizaied03/ros2_ws/install/px4_msgs/include/px4_msgs/px4_msgs/msg/detail/rover_position_setpoint__struct.h\n'}
[0.725770] (px4_msgs) StdoutLine: {'line': b'-- Up-to-date: /home/maizaied03/ros2_ws/install/px4_msgs/include/px4_msgs/px4_msgs/msg/detail/actuator_armed__type_support.h\n'}
[0.725826] (px4_msgs) StdoutLine: {'line': b'-- Up-to-date: /home/maizaied03/ros2_ws/install/px4_msgs/include/px4_msgs/px4_msgs/msg/detail/position_controller_landing_status__type_support.h\n'}
[0.725865] (px4_msgs) StdoutLine: {'line': b'-- Up-to-date: /home/maizaied03/ros2_ws/install/px4_msgs/include/px4_msgs/px4_msgs/msg/detail/parameter_set_value_response__functions.c\n'}
[0.725905] (px4_msgs) StdoutLine: {'line': b'-- Up-to-date: /home/maizaied03/ros2_ws/install/px4_msgs/include/px4_msgs/px4_msgs/msg/detail/rover_rate_setpoint__functions.c\n'}
[0.725946] (px4_msgs) StdoutLine: {'line': b'-- Up-to-date: /home/maizaied03/ros2_ws/install/px4_msgs/include/px4_msgs/px4_msgs/msg/detail/vehicle_command_ack__struct.h\n'}
[0.725986] (px4_msgs) StdoutLine: {'line': b'-- Up-to-date: /home/maizaied03/ros2_ws/install/px4_msgs/include/px4_msgs/px4_msgs/msg/detail/open_drone_id_operator_id__type_support.h\n'}
[0.726028] (px4_msgs) StdoutLine: {'line': b'-- Up-to-date: /home/maizaied03/ros2_ws/install/px4_msgs/include/px4_msgs/px4_msgs/msg/detail/sensor_preflight_mag__struct.h\n'}
[0.726097] (px4_msgs) StdoutLine: {'line': b'-- Up-to-date: /home/maizaied03/ros2_ws/install/px4_msgs/include/px4_msgs/px4_msgs/msg/detail/follow_target__struct.h\n'}
[0.726140] (px4_msgs) StdoutLine: {'line': b'-- Up-to-date: /home/maizaied03/ros2_ws/install/px4_msgs/include/px4_msgs/px4_msgs/msg/detail/cpuload__functions.h\n'}
[0.726182] (px4_msgs) StdoutLine: {'line': b'-- Up-to-date: /home/maizaied03/ros2_ws/install/px4_msgs/include/px4_msgs/px4_msgs/msg/detail/estimator_selector_status__type_support.h\n'}
[0.726224] (px4_msgs) StdoutLine: {'line': b'-- Up-to-date: /home/maizaied03/ros2_ws/install/px4_msgs/include/px4_msgs/px4_msgs/msg/detail/sensor_airflow__type_support.h\n'}
[0.726305] (px4_msgs) StdoutLine: {'line': b'-- Up-to-date: /home/maizaied03/ros2_ws/install/px4_msgs/include/px4_msgs/px4_msgs/msg/detail/task_stack_info__functions.c\n'}
[0.726348] (px4_msgs) StdoutLine: {'line': b'-- Up-to-date: /home/maizaied03/ros2_ws/install/px4_msgs/include/px4_msgs/px4_msgs/msg/detail/gpio_request__struct.h\n'}
[0.726391] (px4_msgs) StdoutLine: {'line': b'-- Up-to-date: /home/maizaied03/ros2_ws/install/px4_msgs/include/px4_msgs/px4_msgs/msg/detail/vehicle_imu_status__type_support.h\n'}
[0.726499] (px4_msgs) StdoutLine: {'line': b'-- Up-to-date: /home/maizaied03/ros2_ws/install/px4_msgs/include/px4_msgs/px4_msgs/msg/detail/pwm_input__struct.h\n'}
[0.726539] (px4_msgs) StdoutLine: {'line': b'-- Up-to-date: /home/maizaied03/ros2_ws/install/px4_msgs/include/px4_msgs/px4_msgs/msg/detail/sensor_gyro_fft__struct.h\n'}
[0.726580] (px4_msgs) StdoutLine: {'line': b'-- Up-to-date: /home/maizaied03/ros2_ws/install/px4_msgs/include/px4_msgs/px4_msgs/msg/detail/register_ext_component_reply__struct.h\n'}
[0.726619] (px4_msgs) StdoutLine: {'line': b'-- Up-to-date: /home/maizaied03/ros2_ws/install/px4_msgs/include/px4_msgs/px4_msgs/msg/detail/can_interface_status__type_support.h\n'}
[0.726660] (px4_msgs) StdoutLine: {'line': b'-- Up-to-date: /home/maizaied03/ros2_ws/install/px4_msgs/include/px4_msgs/px4_msgs/msg/detail/rover_steering_setpoint__functions.c\n'}
[0.726698] (px4_msgs) StdoutLine: {'line': b'-- Up-to-date: /home/maizaied03/ros2_ws/install/px4_msgs/include/px4_msgs/px4_msgs/msg/detail/vehicle_local_position__type_support.h\n'}
[0.726737] (px4_msgs) StdoutLine: {'line': b'-- Up-to-date: /home/maizaied03/ros2_ws/install/px4_msgs/include/px4_msgs/px4_msgs/msg/detail/radio_status__functions.c\n'}
[0.726783] (px4_msgs) StdoutLine: {'line': b'-- Up-to-date: /home/maizaied03/ros2_ws/install/px4_msgs/include/px4_msgs/px4_msgs/msg/detail/tecs_status__functions.h\n'}
[0.726826] (px4_msgs) StdoutLine: {'line': b'-- Up-to-date: /home/maizaied03/ros2_ws/install/px4_msgs/include/px4_msgs/px4_msgs/msg/detail/message_format_response__functions.h\n'}
[0.726865] (px4_msgs) StdoutLine: {'line': b'-- Up-to-date: /home/maizaied03/ros2_ws/install/px4_msgs/include/px4_msgs/px4_msgs/msg/detail/takeoff_status__struct.h\n'}
[0.726905] (px4_msgs) StdoutLine: {'line': b'-- Up-to-date: /home/maizaied03/ros2_ws/install/px4_msgs/include/px4_msgs/px4_msgs/msg/detail/vehicle_attitude_setpoint__struct.h\n'}
[0.726944] (px4_msgs) StdoutLine: {'line': b'-- Up-to-date: /home/maizaied03/ros2_ws/install/px4_msgs/include/px4_msgs/px4_msgs/msg/detail/sensor_gyro__type_support.h\n'}
[0.727042] (px4_msgs) StdoutLine: {'line': b'-- Up-to-date: /home/maizaied03/ros2_ws/install/px4_msgs/include/px4_msgs/px4_msgs/msg/detail/gpio_out__struct.h\n'}
[0.727082] (px4_msgs) StdoutLine: {'line': b'-- Up-to-date: /home/maizaied03/ros2_ws/install/px4_msgs/include/px4_msgs/px4_msgs/msg/detail/sensor_mag__struct.h\n'}
[0.727122] (px4_msgs) StdoutLine: {'line': b'-- Up-to-date: /home/maizaied03/ros2_ws/install/px4_msgs/include/px4_msgs/px4_msgs/msg/detail/position_controller_landing_status__functions.c\n'}
[0.727323] (px4_msgs) StdoutLine: {'line': b'-- Up-to-date: /home/maizaied03/ros2_ws/install/px4_msgs/include/px4_msgs/px4_msgs/msg/detail/mission_result__functions.c\n'}
[0.727365] (px4_msgs) StdoutLine: {'line': b'-- Up-to-date: /home/maizaied03/ros2_ws/install/px4_msgs/include/px4_msgs/px4_msgs/msg/detail/battery_status__type_support.h\n'}
[0.727442] (px4_msgs) StdoutLine: {'line': b'-- Up-to-date: /home/maizaied03/ros2_ws/install/px4_msgs/include/px4_msgs/px4_msgs/msg/detail/health_report__type_support.h\n'}
[0.727484] (px4_msgs) StdoutLine: {'line': b'-- Up-to-date: /home/maizaied03/ros2_ws/install/px4_msgs/include/px4_msgs/px4_msgs/msg/detail/parameter_set_value_request__functions.c\n'}
[0.727525] (px4_msgs) StdoutLine: {'line': b'-- Up-to-date: /home/maizaied03/ros2_ws/install/px4_msgs/include/px4_msgs/px4_msgs/msg/detail/failsafe_flags__type_support.h\n'}
[0.727565] (px4_msgs) StdoutLine: {'line': b'-- Up-to-date: /home/maizaied03/ros2_ws/install/px4_msgs/include/px4_msgs/px4_msgs/msg/detail/rtl_time_estimate__type_support.h\n'}
[0.727604] (px4_msgs) StdoutLine: {'line': b'-- Up-to-date: /home/maizaied03/ros2_ws/install/px4_msgs/include/px4_msgs/px4_msgs/msg/detail/sensor_correction__struct.h\n'}
[0.727643] (px4_msgs) StdoutLine: {'line': b'-- Up-to-date: /home/maizaied03/ros2_ws/install/px4_msgs/include/px4_msgs/px4_msgs/msg/detail/rover_speed_setpoint__struct.h\n'}
[0.727683] (px4_msgs) StdoutLine: {'line': b'-- Up-to-date: /home/maizaied03/ros2_ws/install/px4_msgs/include/px4_msgs/px4_msgs/msg/detail/ekf2_timestamps__functions.h\n'}
[0.727722] (px4_msgs) StdoutLine: {'line': b'-- Up-to-date: /home/maizaied03/ros2_ws/install/px4_msgs/include/px4_msgs/px4_msgs/msg/detail/vtol_vehicle_status__struct.h\n'}
[0.727760] (px4_msgs) StdoutLine: {'line': b'-- Up-to-date: /home/maizaied03/ros2_ws/install/px4_msgs/include/px4_msgs/px4_msgs/msg/detail/airspeed__functions.c\n'}
[0.727819] (px4_msgs) StdoutLine: {'line': b'-- Up-to-date: /home/maizaied03/ros2_ws/install/px4_msgs/include/px4_msgs/px4_msgs/msg/detail/sensor_mag__functions.c\n'}
[0.727859] (px4_msgs) StdoutLine: {'line': b'-- Up-to-date: /home/maizaied03/ros2_ws/install/px4_msgs/include/px4_msgs/px4_msgs/msg/detail/rover_attitude_setpoint__type_support.h\n'}
[0.727899] (px4_msgs) StdoutLine: {'line': b'-- Up-to-date: /home/maizaied03/ros2_ws/install/px4_msgs/include/px4_msgs/px4_msgs/msg/detail/flight_phase_estimation__struct.h\n'}
[0.727938] (px4_msgs) StdoutLine: {'line': b'-- Up-to-date: /home/maizaied03/ros2_ws/install/px4_msgs/include/px4_msgs/px4_msgs/msg/detail/raptor_status__functions.h\n'}
[0.727977] (px4_msgs) StdoutLine: {'line': b'-- Up-to-date: /home/maizaied03/ros2_ws/install/px4_msgs/include/px4_msgs/px4_msgs/msg/detail/actuator_motors__type_support.h\n'}
[0.728016] (px4_msgs) StdoutLine: {'line': b'-- Up-to-date: /home/maizaied03/ros2_ws/install/px4_msgs/include/px4_msgs/px4_msgs/msg/detail/open_drone_id_operator_id__struct.h\n'}
[0.728057] (px4_msgs) StdoutLine: {'line': b'-- Up-to-date: /home/maizaied03/ros2_ws/install/px4_msgs/include/px4_msgs/px4_msgs/msg/detail/takeoff_status__functions.h\n'}
[0.728096] (px4_msgs) StdoutLine: {'line': b'-- Up-to-date: /home/maizaied03/ros2_ws/install/px4_msgs/include/px4_msgs/px4_msgs/msg/detail/mavlink_log__functions.h\n'}
[0.728135] (px4_msgs) StdoutLine: {'line': b'-- Up-to-date: /home/maizaied03/ros2_ws/install/px4_msgs/include/px4_msgs/px4_msgs/msg/detail/sensor_temp__functions.c\n'}
[0.728173] (px4_msgs) StdoutLine: {'line': b'-- Up-to-date: /home/maizaied03/ros2_ws/install/px4_msgs/include/px4_msgs/px4_msgs/msg/detail/sensor_gnss_relative__struct.h\n'}
[0.728211] (px4_msgs) StdoutLine: {'line': b'-- Up-to-date: /home/maizaied03/ros2_ws/install/px4_msgs/include/px4_msgs/px4_msgs/msg/detail/orbit_status__functions.h\n'}
[0.728250] (px4_msgs) StdoutLine: {'line': b'-- Up-to-date: /home/maizaied03/ros2_ws/install/px4_msgs/include/px4_msgs/px4_msgs/msg/detail/estimator_gps_status__functions.h\n'}
[0.728288] (px4_msgs) StdoutLine: {'line': b'-- Up-to-date: /home/maizaied03/ros2_ws/install/px4_msgs/include/px4_msgs/px4_msgs/msg/detail/tune_control__functions.c\n'}
[0.728327] (px4_msgs) StdoutLine: {'line': b'-- Up-to-date: /home/maizaied03/ros2_ws/install/px4_msgs/include/px4_msgs/px4_msgs/msg/detail/actuator_servos_trim__functions.h\n'}
[0.728366] (px4_msgs) StdoutLine: {'line': b'-- Up-to-date: /home/maizaied03/ros2_ws/install/px4_msgs/include/px4_msgs/px4_msgs/msg/detail/health_report__functions.c\n'}
[0.728593] (px4_msgs) StdoutLine: {'line': b'-- Up-to-date: /home/maizaied03/ros2_ws/install/px4_msgs/include/px4_msgs/px4_msgs/msg/detail/landing_gear__struct.h\n'}
[0.728717] (px4_msgs) StdoutLine: {'line': b'-- Up-to-date: /home/maizaied03/ros2_ws/install/px4_msgs/include/px4_msgs/px4_msgs/msg/detail/sensor_gyro_fft__type_support.h\n'}
[0.728755] (px4_msgs) StdoutLine: {'line': b'-- Up-to-date: /home/maizaied03/ros2_ws/install/px4_msgs/include/px4_msgs/px4_msgs/msg/detail/arming_check_reply__functions.c\n'}
[0.728798] (px4_msgs) StdoutLine: {'line': b'-- Up-to-date: /home/maizaied03/ros2_ws/install/px4_msgs/include/px4_msgs/px4_msgs/msg/detail/home_position__functions.h\n'}
[0.728833] (px4_msgs) StdoutLine: {'line': b'-- Up-to-date: /home/maizaied03/ros2_ws/install/px4_msgs/include/px4_msgs/px4_msgs/msg/detail/takeoff_status__functions.c\n'}
[0.728867] (px4_msgs) StdoutLine: {'line': b'-- Up-to-date: /home/maizaied03/ros2_ws/install/px4_msgs/include/px4_msgs/px4_msgs/msg/detail/landing_gear_wheel__functions.c\n'}
[0.728901] (px4_msgs) StdoutLine: {'line': b'-- Up-to-date: /home/maizaied03/ros2_ws/install/px4_msgs/include/px4_msgs/px4_msgs/msg/detail/sensor_hygrometer__type_support.h\n'}
[0.729033] (px4_msgs) StdoutLine: {'line': b'-- Up-to-date: /home/maizaied03/ros2_ws/install/px4_msgs/include/px4_msgs/px4_msgs/msg/detail/vehicle_acceleration__functions.c\n'}
[0.729071] (px4_msgs) StdoutLine: {'line': b'-- Up-to-date: /home/maizaied03/ros2_ws/install/px4_msgs/include/px4_msgs/px4_msgs/msg/detail/sensors_status__type_support.h\n'}
[0.729110] (px4_msgs) StdoutLine: {'line': b'-- Up-to-date: /home/maizaied03/ros2_ws/install/px4_msgs/include/px4_msgs/px4_msgs/msg/detail/estimator_innovations__functions.c\n'}
[0.729145] (px4_msgs) StdoutLine: {'line': b'-- Up-to-date: /home/maizaied03/ros2_ws/install/px4_msgs/include/px4_msgs/px4_msgs/msg/detail/estimator_selector_status__struct.h\n'}
[0.729182] (px4_msgs) StdoutLine: {'line': b'-- Up-to-date: /home/maizaied03/ros2_ws/install/px4_msgs/include/px4_msgs/px4_msgs/msg/detail/estimator_sensor_bias__struct.h\n'}
[0.729217] (px4_msgs) StdoutLine: {'line': b'-- Up-to-date: /home/maizaied03/ros2_ws/install/px4_msgs/include/px4_msgs/px4_msgs/msg/detail/fuel_tank_status__functions.c\n'}
[0.729252] (px4_msgs) StdoutLine: {'line': b'-- Up-to-date: /home/maizaied03/ros2_ws/install/px4_msgs/include/px4_msgs/px4_msgs/msg/detail/differential_pressure__functions.h\n'}
[0.729291] (px4_msgs) StdoutLine: {'line': b'-- Up-to-date: /home/maizaied03/ros2_ws/install/px4_msgs/include/px4_msgs/px4_msgs/msg/detail/vehicle_thrust_setpoint__type_support.h\n'}
[0.729332] (px4_msgs) StdoutLine: {'line': b'-- Up-to-date: /home/maizaied03/ros2_ws/install/px4_msgs/include/px4_msgs/px4_msgs/msg/detail/mount_orientation__functions.c\n'}
[0.729373] (px4_msgs) StdoutLine: {'line': b'-- Up-to-date: /home/maizaied03/ros2_ws/install/px4_msgs/include/px4_msgs/px4_msgs/msg/detail/distance_sensor_mode_change_request__functions.h\n'}
[0.729411] (px4_msgs) StdoutLine: {'line': b'-- Up-to-date: /home/maizaied03/ros2_ws/install/px4_msgs/include/px4_msgs/px4_msgs/msg/detail/camera_status__functions.h\n'}
[0.729452] (px4_msgs) StdoutLine: {'line': b'-- Up-to-date: /home/maizaied03/ros2_ws/install/px4_msgs/include/px4_msgs/px4_msgs/msg/detail/fixed_wing_lateral_guidance_status__functions.c\n'}
[0.729494] (px4_msgs) StdoutLine: {'line': b'-- Up-to-date: /home/maizaied03/ros2_ws/install/px4_msgs/include/px4_msgs/px4_msgs/msg/detail/position_setpoint__functions.c\n'}
[0.729529] (px4_msgs) StdoutLine: {'line': b'-- Up-to-date: /home/maizaied03/ros2_ws/install/px4_msgs/include/px4_msgs/px4_msgs/msg/detail/collision_constraints__type_support.h\n'}
[0.729568] (px4_msgs) StdoutLine: {'line': b'-- Up-to-date: /home/maizaied03/ros2_ws/install/px4_msgs/include/px4_msgs/px4_msgs/msg/detail/estimator_gps_status__type_support.h\n'}
[0.729608] (px4_msgs) StdoutLine: {'line': b'-- Up-to-date: /home/maizaied03/ros2_ws/install/px4_msgs/include/px4_msgs/px4_msgs/msg/detail/launch_detection_status__functions.h\n'}
[0.729682] (px4_msgs) StdoutLine: {'line': b'-- Up-to-date: /home/maizaied03/ros2_ws/install/px4_msgs/include/px4_msgs/px4_msgs/msg/detail/sensor_temp__struct.h\n'}
[0.729720] (px4_msgs) StdoutLine: {'line': b'-- Up-to-date: /home/maizaied03/ros2_ws/install/px4_msgs/include/px4_msgs/px4_msgs/msg/detail/manual_control_setpoint__functions.h\n'}
[0.729762] (px4_msgs) StdoutLine: {'line': b'-- Up-to-date: /home/maizaied03/ros2_ws/install/px4_msgs/include/px4_msgs/px4_msgs/msg/detail/internal_combustion_engine_control__functions.h\n'}
[0.729809] (px4_msgs) StdoutLine: {'line': b'-- Up-to-date: /home/maizaied03/ros2_ws/install/px4_msgs/include/px4_msgs/px4_msgs/msg/detail/qshell_retval__struct.h\n'}
[0.729854] (px4_msgs) StdoutLine: {'line': b'-- Up-to-date: /home/maizaied03/ros2_ws/install/px4_msgs/include/px4_msgs/px4_msgs/msg/detail/sensor_gyro__functions.h\n'}
[0.729894] (px4_msgs) StdoutLine: {'line': b'-- Up-to-date: /home/maizaied03/ros2_ws/install/px4_msgs/include/px4_msgs/px4_msgs/msg/detail/gpio_request__functions.c\n'}
[0.729936] (px4_msgs) StdoutLine: {'line': b'-- Up-to-date: /home/maizaied03/ros2_ws/install/px4_msgs/include/px4_msgs/px4_msgs/msg/detail/iridiumsbd_status__type_support.h\n'}
[0.729973] (px4_msgs) StdoutLine: {'line': b'-- Up-to-date: /home/maizaied03/ros2_ws/install/px4_msgs/include/px4_msgs/px4_msgs/msg/detail/fixed_wing_lateral_setpoint__type_support.h\n'}
[0.730037] (px4_msgs) StdoutLine: {'line': b'-- Up-to-date: /home/maizaied03/ros2_ws/install/px4_msgs/include/px4_msgs/px4_msgs/msg/detail/wheel_encoders__struct.h\n'}
[0.730075] (px4_msgs) StdoutLine: {'line': b'-- Up-to-date: /home/maizaied03/ros2_ws/install/px4_msgs/include/px4_msgs/px4_msgs/msg/detail/follow_target__type_support.h\n'}
[0.730113] (px4_msgs) StdoutLine: {'line': b'-- Up-to-date: /home/maizaied03/ros2_ws/install/px4_msgs/include/px4_msgs/px4_msgs/msg/detail/action_request__struct.h\n'}
[0.730154] (px4_msgs) StdoutLine: {'line': b'-- Up-to-date: /home/maizaied03/ros2_ws/install/px4_msgs/include/px4_msgs/px4_msgs/msg/detail/gpio_out__type_support.h\n'}
[0.730195] (px4_msgs) StdoutLine: {'line': b'-- Up-to-date: /home/maizaied03/ros2_ws/install/px4_msgs/include/px4_msgs/px4_msgs/msg/detail/actuator_servos__functions.h\n'}
[0.730233] (px4_msgs) StdoutLine: {'line': b'-- Up-to-date: /home/maizaied03/ros2_ws/install/px4_msgs/include/px4_msgs/px4_msgs/msg/detail/vehicle_thrust_setpoint__struct.h\n'}
[0.730273] (px4_msgs) StdoutLine: {'line': b'-- Up-to-date: /home/maizaied03/ros2_ws/install/px4_msgs/include/px4_msgs/px4_msgs/msg/detail/landing_gear__functions.h\n'}
[0.730312] (px4_msgs) StdoutLine: {'line': b'-- Up-to-date: /home/maizaied03/ros2_ws/install/px4_msgs/include/px4_msgs/px4_msgs/msg/detail/lateral_control_configuration__functions.h\n'}
[0.730351] (px4_msgs) StdoutLine: {'line': b'-- Up-to-date: /home/maizaied03/ros2_ws/install/px4_msgs/include/px4_msgs/px4_msgs/msg/detail/parameter_reset_request__type_support.h\n'}
[0.730467] (px4_msgs) StdoutLine: {'line': b'-- Up-to-date: /home/maizaied03/ros2_ws/install/px4_msgs/include/px4_msgs/px4_msgs/msg/detail/gimbal_manager_set_attitude__type_support.h\n'}
[0.730503] (px4_msgs) StdoutLine: {'line': b'-- Up-to-date: /home/maizaied03/ros2_ws/install/px4_msgs/include/px4_msgs/px4_msgs/msg/detail/sensor_gyro__struct.h\n'}
[0.730539] (px4_msgs) StdoutLine: {'line': b'-- Up-to-date: /home/maizaied03/ros2_ws/install/px4_msgs/include/px4_msgs/px4_msgs/msg/detail/estimator_innovations__type_support.h\n'}
[0.730574] (px4_msgs) StdoutLine: {'line': b'-- Up-to-date: /home/maizaied03/ros2_ws/install/px4_msgs/include/px4_msgs/px4_msgs/msg/detail/obstacle_distance__struct.h\n'}
[0.730609] (px4_msgs) StdoutLine: {'line': b'-- Up-to-date: /home/maizaied03/ros2_ws/install/px4_msgs/include/px4_msgs/px4_msgs/msg/detail/sensor_uwb__type_support.h\n'}
[0.730643] (px4_msgs) StdoutLine: {'line': b'-- Up-to-date: /home/maizaied03/ros2_ws/install/px4_msgs/include/px4_msgs/px4_msgs/msg/detail/vtx__struct.h\n'}
[0.730691] (px4_msgs) StdoutLine: {'line': b'-- Up-to-date: /home/maizaied03/ros2_ws/install/px4_msgs/include/px4_msgs/px4_msgs/msg/detail/debug_array__functions.c\n'}
[0.730726] (px4_msgs) StdoutLine: {'line': b'-- Up-to-date: /home/maizaied03/ros2_ws/install/px4_msgs/include/px4_msgs/px4_msgs/msg/detail/vehicle_control_mode__functions.c\n'}
[0.730761] (px4_msgs) StdoutLine: {'line': b'-- Up-to-date: /home/maizaied03/ros2_ws/install/px4_msgs/include/px4_msgs/px4_msgs/msg/detail/sensors_status__functions.c\n'}
[0.730803] (px4_msgs) StdoutLine: {'line': b'-- Up-to-date: /home/maizaied03/ros2_ws/install/px4_msgs/include/px4_msgs/px4_msgs/msg/detail/mavlink_tunnel__struct.h\n'}
[0.730837] (px4_msgs) StdoutLine: {'line': b'-- Up-to-date: /home/maizaied03/ros2_ws/install/px4_msgs/include/px4_msgs/px4_msgs/msg/detail/actuator_test__functions.c\n'}
[0.730871] (px4_msgs) StdoutLine: {'line': b'-- Up-to-date: /home/maizaied03/ros2_ws/install/px4_msgs/include/px4_msgs/px4_msgs/msg/detail/navigator_mission_item__struct.h\n'}
[0.730904] (px4_msgs) StdoutLine: {'line': b'-- Up-to-date: /home/maizaied03/ros2_ws/install/px4_msgs/include/px4_msgs/px4_msgs/msg/detail/trajectory_setpoint__functions.c\n'}
[0.730938] (px4_msgs) StdoutLine: {'line': b'-- Up-to-date: /home/maizaied03/ros2_ws/install/px4_msgs/include/px4_msgs/px4_msgs/msg/detail/vehicle_acceleration__functions.h\n'}
[0.730972] (px4_msgs) StdoutLine: {'line': b'-- Up-to-date: /home/maizaied03/ros2_ws/install/px4_msgs/include/px4_msgs/px4_msgs/msg/detail/message_format_request__functions.c\n'}
[0.731007] (px4_msgs) StdoutLine: {'line': b'-- Up-to-date: /home/maizaied03/ros2_ws/install/px4_msgs/include/px4_msgs/px4_msgs/msg/detail/landing_gear_wheel__functions.h\n'}
[0.731041] (px4_msgs) StdoutLine: {'line': b'-- Up-to-date: /home/maizaied03/ros2_ws/install/px4_msgs/include/px4_msgs/px4_msgs/msg/detail/hover_thrust_estimate__struct.h\n'}
[0.731076] (px4_msgs) StdoutLine: {'line': b'-- Up-to-date: /home/maizaied03/ros2_ws/install/px4_msgs/include/px4_msgs/px4_msgs/msg/detail/sensor_gps__functions.h\n'}
[0.731110] (px4_msgs) StdoutLine: {'line': b'-- Up-to-date: /home/maizaied03/ros2_ws/install/px4_msgs/include/px4_msgs/px4_msgs/msg/detail/pps_capture__type_support.h\n'}
[0.731144] (px4_msgs) StdoutLine: {'line': b'-- Up-to-date: /home/maizaied03/ros2_ws/install/px4_msgs/include/px4_msgs/px4_msgs/msg/detail/gimbal_controls__functions.h\n'}
[0.731178] (px4_msgs) StdoutLine: {'line': b'-- Up-to-date: /home/maizaied03/ros2_ws/install/px4_msgs/include/px4_msgs/px4_msgs/msg/detail/normalized_unsigned_setpoint__functions.c\n'}
[0.731212] (px4_msgs) StdoutLine: {'line': b'-- Up-to-date: /home/maizaied03/ros2_ws/install/px4_msgs/include/px4_msgs/px4_msgs/msg/detail/sensor_optical_flow__functions.h\n'}
[0.731292] (px4_msgs) StdoutLine: {'line': b'-- Up-to-date: /home/maizaied03/ros2_ws/install/px4_msgs/include/px4_msgs/px4_msgs/msg/detail/input_rc__type_support.h\n'}
[0.731326] (px4_msgs) StdoutLine: {'line': b'-- Up-to-date: /home/maizaied03/ros2_ws/install/px4_msgs/include/px4_msgs/px4_msgs/msg/detail/event__type_support.h\n'}
[0.731360] (px4_msgs) StdoutLine: {'line': b'-- Up-to-date: /home/maizaied03/ros2_ws/install/px4_msgs/include/px4_msgs/px4_msgs/msg/detail/ulog_stream__functions.h\n'}
[0.731394] (px4_msgs) StdoutLine: {'line': b'-- Up-to-date: /home/maizaied03/ros2_ws/install/px4_msgs/include/px4_msgs/px4_msgs/msg/detail/vehicle_constraints__struct.h\n'}
[0.731428] (px4_msgs) StdoutLine: {'line': b'-- Up-to-date: /home/maizaied03/ros2_ws/install/px4_msgs/include/px4_msgs/px4_msgs/msg/detail/rpm__functions.c\n'}
[0.731464] (px4_msgs) StdoutLine: {'line': b'-- Up-to-date: /home/maizaied03/ros2_ws/install/px4_msgs/include/px4_msgs/px4_msgs/msg/detail/sensor_temp__functions.h\n'}
[0.731529] (px4_msgs) StdoutLine: {'line': b'-- Up-to-date: /home/maizaied03/ros2_ws/install/px4_msgs/include/px4_msgs/px4_msgs/msg/detail/satellite_info__struct.h\n'}
[0.731568] (px4_msgs) StdoutLine: {'line': b'-- Up-to-date: /home/maizaied03/ros2_ws/install/px4_msgs/include/px4_msgs/px4_msgs/msg/detail/rover_position_setpoint__type_support.h\n'}
[0.731738] (px4_msgs) StdoutLine: {'line': b'-- Up-to-date: /home/maizaied03/ros2_ws/install/px4_msgs/include/px4_msgs/px4_msgs/msg/detail/position_setpoint__struct.h\n'}
[0.731862] (px4_msgs) StdoutLine: {'line': b'-- Up-to-date: /home/maizaied03/ros2_ws/install/px4_msgs/include/px4_msgs/px4_msgs/msg/detail/vehicle_roi__type_support.h\n'}
[0.731905] (px4_msgs) StdoutLine: {'line': b'-- Up-to-date: /home/maizaied03/ros2_ws/install/px4_msgs/include/px4_msgs/px4_msgs/msg/detail/debug_value__functions.h\n'}
[0.732020] (px4_msgs) StdoutLine: {'line': b'-- Up-to-date: /home/maizaied03/ros2_ws/install/px4_msgs/include/px4_msgs/px4_msgs/msg/detail/longitudinal_control_configuration__struct.h\n'}
[0.732068] (px4_msgs) StdoutLine: {'line': b'-- Up-to-date: /home/maizaied03/ros2_ws/install/px4_msgs/include/px4_msgs/px4_msgs/msg/detail/register_ext_component_request__type_support.h\n'}
[0.732121] (px4_msgs) StdoutLine: {'line': b'-- Up-to-date: /home/maizaied03/ros2_ws/install/px4_msgs/include/px4_msgs/px4_msgs/msg/detail/follow_target__functions.h\n'}
[0.732161] (px4_msgs) StdoutLine: {'line': b'-- Up-to-date: /home/maizaied03/ros2_ws/install/px4_msgs/include/px4_msgs/px4_msgs/msg/detail/actuator_outputs__type_support.h\n'}
[0.732202] (px4_msgs) StdoutLine: {'line': b'-- Up-to-date: /home/maizaied03/ros2_ws/install/px4_msgs/include/px4_msgs/px4_msgs/msg/detail/control_allocator_status__functions.c\n'}
[0.732243] (px4_msgs) StdoutLine: {'line': b'-- Up-to-date: /home/maizaied03/ros2_ws/install/px4_msgs/include/px4_msgs/px4_msgs/msg/detail/open_drone_id_arm_status__struct.h\n'}
[0.732283] (px4_msgs) StdoutLine: {'line': b'-- Up-to-date: /home/maizaied03/ros2_ws/install/px4_msgs/include/px4_msgs/px4_msgs/msg/detail/vehicle_global_position__type_support.h\n'}
[0.732322] (px4_msgs) StdoutLine: {'line': b'-- Up-to-date: /home/maizaied03/ros2_ws/install/px4_msgs/include/px4_msgs/px4_msgs/msg/detail/mavlink_tunnel__functions.h\n'}
[0.732361] (px4_msgs) StdoutLine: {'line': b'-- Up-to-date: /home/maizaied03/ros2_ws/install/px4_msgs/include/px4_msgs/px4_msgs/msg/detail/follow_target_estimator__type_support.h\n'}
[0.732400] (px4_msgs) StdoutLine: {'line': b'-- Up-to-date: /home/maizaied03/ros2_ws/install/px4_msgs/include/px4_msgs/px4_msgs/msg/detail/flight_phase_estimation__functions.c\n'}
[0.732439] (px4_msgs) StdoutLine: {'line': b'-- Up-to-date: /home/maizaied03/ros2_ws/install/px4_msgs/include/px4_msgs/px4_msgs/msg/detail/tiltrotor_extra_controls__functions.h\n'}
[0.732479] (px4_msgs) StdoutLine: {'line': b'-- Up-to-date: /home/maizaied03/ros2_ws/install/px4_msgs/include/px4_msgs/px4_msgs/msg/detail/action_request__type_support.h\n'}
[0.732518] (px4_msgs) StdoutLine: {'line': b'-- Up-to-date: /home/maizaied03/ros2_ws/install/px4_msgs/include/px4_msgs/px4_msgs/msg/detail/rover_throttle_setpoint__functions.c\n'}
[0.732558] (px4_msgs) StdoutLine: {'line': b'-- Up-to-date: /home/maizaied03/ros2_ws/install/px4_msgs/include/px4_msgs/px4_msgs/msg/detail/distance_sensor__functions.c\n'}
[0.732597] (px4_msgs) StdoutLine: {'line': b'-- Up-to-date: /home/maizaied03/ros2_ws/install/px4_msgs/include/px4_msgs/px4_msgs/msg/detail/power_button_state__functions.c\n'}
[0.732634] (px4_msgs) StdoutLine: {'line': b'-- Up-to-date: /home/maizaied03/ros2_ws/install/px4_msgs/include/px4_msgs/px4_msgs/msg/detail/rc_parameter_map__functions.c\n'}
[0.732669] (px4_msgs) StdoutLine: {'line': b'-- Up-to-date: /home/maizaied03/ros2_ws/install/px4_msgs/include/px4_msgs/px4_msgs/msg/detail/onboard_computer_status__type_support.h\n'}
[0.732705] (px4_msgs) StdoutLine: {'line': b'-- Up-to-date: /home/maizaied03/ros2_ws/install/px4_msgs/include/px4_msgs/px4_msgs/msg/detail/system_power__functions.c\n'}
[0.732739] (px4_msgs) StdoutLine: {'line': b'-- Up-to-date: /home/maizaied03/ros2_ws/install/px4_msgs/include/px4_msgs/px4_msgs/msg/detail/open_drone_id_arm_status__type_support.h\n'}
[0.732783] (px4_msgs) StdoutLine: {'line': b'-- Up-to-date: /home/maizaied03/ros2_ws/install/px4_msgs/include/px4_msgs/px4_msgs/msg/detail/sensor_correction__functions.c\n'}
[0.732824] (px4_msgs) StdoutLine: {'line': b'-- Up-to-date: /home/maizaied03/ros2_ws/install/px4_msgs/include/px4_msgs/px4_msgs/msg/detail/vehicle_angular_velocity__struct.h\n'}
[0.732863] (px4_msgs) StdoutLine: {'line': b'-- Up-to-date: /home/maizaied03/ros2_ws/install/px4_msgs/include/px4_msgs/px4_msgs/msg/detail/vehicle_imu__functions.h\n'}
[0.732909] (px4_msgs) StdoutLine: {'line': b'-- Up-to-date: /home/maizaied03/ros2_ws/install/px4_msgs/include/px4_msgs/px4_msgs/msg/detail/rtl_time_estimate__functions.c\n'}
[0.732950] (px4_msgs) StdoutLine: {'line': b'-- Up-to-date: /home/maizaied03/ros2_ws/install/px4_msgs/include/px4_msgs/px4_msgs/msg/detail/vehicle_angular_acceleration_setpoint__functions.c\n'}
[0.732989] (px4_msgs) StdoutLine: {'line': b'-- Up-to-date: /home/maizaied03/ros2_ws/install/px4_msgs/include/px4_msgs/px4_msgs/msg/detail/camera_status__struct.h\n'}
[0.733029] (px4_msgs) StdoutLine: {'line': b'-- Up-to-date: /home/maizaied03/ros2_ws/install/px4_msgs/include/px4_msgs/px4_msgs/msg/detail/navigator_status__functions.c\n'}
[0.733070] (px4_msgs) StdoutLine: {'line': b'-- Up-to-date: /home/maizaied03/ros2_ws/install/px4_msgs/include/px4_msgs/px4_msgs/msg/detail/pps_capture__struct.h\n'}
[0.733111] (px4_msgs) StdoutLine: {'line': b'-- Up-to-date: /home/maizaied03/ros2_ws/install/px4_msgs/include/px4_msgs/px4_msgs/msg/detail/arming_check_reply__functions.h\n'}
[0.733153] (px4_msgs) StdoutLine: {'line': b'-- Up-to-date: /home/maizaied03/ros2_ws/install/px4_msgs/include/px4_msgs/px4_msgs/msg/detail/orb_test_large__functions.c\n'}
[0.733199] (px4_msgs) StdoutLine: {'line': b'-- Up-to-date: /home/maizaied03/ros2_ws/install/px4_msgs/include/px4_msgs/px4_msgs/msg/detail/tiltrotor_extra_controls__type_support.h\n'}
[0.733235] (px4_msgs) StdoutLine: {'line': b'-- Up-to-date: /home/maizaied03/ros2_ws/install/px4_msgs/include/px4_msgs/px4_msgs/msg/detail/estimator_selector_status__functions.h\n'}
[0.733268] (px4_msgs) StdoutLine: {'line': b'-- Up-to-date: /home/maizaied03/ros2_ws/install/px4_msgs/include/px4_msgs/px4_msgs/msg/detail/actuator_armed__functions.h\n'}
[0.733458] (px4_msgs) StdoutLine: {'line': b'-- Up-to-date: /home/maizaied03/ros2_ws/install/px4_msgs/include/px4_msgs/px4_msgs/msg/detail/vtol_vehicle_status__type_support.h\n'}
[0.733496] (px4_msgs) StdoutLine: {'line': b'-- Up-to-date: /home/maizaied03/ros2_ws/install/px4_msgs/include/px4_msgs/px4_msgs/msg/detail/arming_check_reply__type_support.h\n'}
[0.733531] (px4_msgs) StdoutLine: {'line': b'-- Up-to-date: /home/maizaied03/ros2_ws/install/px4_msgs/include/px4_msgs/px4_msgs/msg/detail/qshell_retval__functions.h\n'}
[0.733565] (px4_msgs) StdoutLine: {'line': b'-- Up-to-date: /home/maizaied03/ros2_ws/install/px4_msgs/include/px4_msgs/px4_msgs/msg/detail/pps_capture__functions.c\n'}
[0.733600] (px4_msgs) StdoutLine: {'line': b'-- Up-to-date: /home/maizaied03/ros2_ws/install/px4_msgs/include/px4_msgs/px4_msgs/msg/detail/sensor_hygrometer__functions.h\n'}
[0.733634] (px4_msgs) StdoutLine: {'line': b'-- Up-to-date: /home/maizaied03/ros2_ws/install/px4_msgs/include/px4_msgs/px4_msgs/msg/detail/device_information__functions.h\n'}
[0.733669] (px4_msgs) StdoutLine: {'line': b'-- Up-to-date: /home/maizaied03/ros2_ws/install/px4_msgs/include/px4_msgs/px4_msgs/msg/detail/autotune_attitude_control_status__functions.h\n'}
[0.733704] (px4_msgs) StdoutLine: {'line': b'-- Up-to-date: /home/maizaied03/ros2_ws/install/px4_msgs/include/px4_msgs/px4_msgs/msg/detail/generator_status__functions.c\n'}
[0.733739] (px4_msgs) StdoutLine: {'line': b'-- Up-to-date: /home/maizaied03/ros2_ws/install/px4_msgs/include/px4_msgs/px4_msgs/msg/detail/rover_rate_status__functions.h\n'}
[0.733812] (px4_msgs) StdoutLine: {'line': b'-- Up-to-date: /home/maizaied03/ros2_ws/install/px4_msgs/include/px4_msgs/px4_msgs/msg/detail/rover_position_setpoint__functions.h\n'}
[0.733851] (px4_msgs) StdoutLine: {'line': b'-- Up-to-date: /home/maizaied03/ros2_ws/install/px4_msgs/include/px4_msgs/px4_msgs/msg/detail/parameter_set_used_request__functions.c\n'}
[0.733939] (px4_msgs) StdoutLine: {'line': b'-- Up-to-date: /home/maizaied03/ros2_ws/install/px4_msgs/include/px4_msgs/px4_msgs/msg/detail/unregister_ext_component__struct.h\n'}
[0.733977] (px4_msgs) StdoutLine: {'line': b'-- Up-to-date: /home/maizaied03/ros2_ws/install/px4_msgs/include/px4_msgs/px4_msgs/msg/detail/iridiumsbd_status__struct.h\n'}
[0.734013] (px4_msgs) StdoutLine: {'line': b'-- Up-to-date: /home/maizaied03/ros2_ws/install/px4_msgs/include/px4_msgs/px4_msgs/msg/detail/internal_combustion_engine_control__struct.h\n'}
[0.734048] (px4_msgs) StdoutLine: {'line': b'-- Up-to-date: /home/maizaied03/ros2_ws/install/px4_msgs/include/px4_msgs/px4_msgs/msg/detail/actuator_controls_status__type_support.h\n'}
[0.734083] (px4_msgs) StdoutLine: {'line': b'-- Up-to-date: /home/maizaied03/ros2_ws/install/px4_msgs/include/px4_msgs/px4_msgs/msg/detail/generator_status__functions.h\n'}
[0.734118] (px4_msgs) StdoutLine: {'line': b'-- Up-to-date: /home/maizaied03/ros2_ws/install/px4_msgs/include/px4_msgs/px4_msgs/msg/detail/actuator_armed__functions.c\n'}
[0.734174] (px4_msgs) StdoutLine: {'line': b'-- Up-to-date: /home/maizaied03/ros2_ws/install/px4_msgs/include/px4_msgs/px4_msgs/msg/detail/onboard_computer_status__functions.c\n'}
[0.734211] (px4_msgs) StdoutLine: {'line': b'-- Up-to-date: /home/maizaied03/ros2_ws/install/px4_msgs/include/px4_msgs/px4_msgs/msg/detail/action_request__functions.h\n'}
[0.734245] (px4_msgs) StdoutLine: {'line': b'-- Up-to-date: /home/maizaied03/ros2_ws/install/px4_msgs/include/px4_msgs/px4_msgs/msg/detail/generator_status__struct.h\n'}
[0.734279] (px4_msgs) StdoutLine: {'line': b'-- Up-to-date: /home/maizaied03/ros2_ws/install/px4_msgs/include/px4_msgs/px4_msgs/msg/detail/differential_pressure__struct.h\n'}
[0.734316] (px4_msgs) StdoutLine: {'line': b'-- Up-to-date: /home/maizaied03/ros2_ws/install/px4_msgs/include/px4_msgs/px4_msgs/msg/detail/geofence_result__functions.c\n'}
[0.734360] (px4_msgs) StdoutLine: {'line': b'-- Up-to-date: /home/maizaied03/ros2_ws/install/px4_msgs/include/px4_msgs/px4_msgs/msg/detail/arming_check_request__struct.h\n'}
[0.734400] (px4_msgs) StdoutLine: {'line': b'-- Up-to-date: /home/maizaied03/ros2_ws/install/px4_msgs/include/px4_msgs/px4_msgs/msg/detail/rc_channels__functions.h\n'}
[0.734443] (px4_msgs) StdoutLine: {'line': b'-- Up-to-date: /home/maizaied03/ros2_ws/install/px4_msgs/include/px4_msgs/px4_msgs/msg/detail/orb_test__functions.h\n'}
[0.734479] (px4_msgs) StdoutLine: {'line': b'-- Up-to-date: /home/maizaied03/ros2_ws/install/px4_msgs/include/px4_msgs/px4_msgs/msg/detail/battery_info__type_support.h\n'}
[0.734514] (px4_msgs) StdoutLine: {'line': b'-- Up-to-date: /home/maizaied03/ros2_ws/install/px4_msgs/include/px4_msgs/px4_msgs/msg/detail/gpio_in__struct.h\n'}
[0.734549] (px4_msgs) StdoutLine: {'line': b'-- Up-to-date: /home/maizaied03/ros2_ws/install/px4_msgs/include/px4_msgs/px4_msgs/msg/detail/orbit_status__functions.c\n'}
[0.734584] (px4_msgs) StdoutLine: {'line': b'-- Up-to-date: /home/maizaied03/ros2_ws/install/px4_msgs/include/px4_msgs/px4_msgs/msg/detail/navigator_status__struct.h\n'}
[0.734619] (px4_msgs) StdoutLine: {'line': b'-- Up-to-date: /home/maizaied03/ros2_ws/install/px4_msgs/include/px4_msgs/px4_msgs/msg/detail/px4io_status__struct.h\n'}
[0.734653] (px4_msgs) StdoutLine: {'line': b'-- Up-to-date: /home/maizaied03/ros2_ws/install/px4_msgs/include/px4_msgs/px4_msgs/msg/detail/vehicle_acceleration__struct.h\n'}
[0.734687] (px4_msgs) StdoutLine: {'line': b'-- Up-to-date: /home/maizaied03/ros2_ws/install/px4_msgs/include/px4_msgs/px4_msgs/msg/detail/mode_completed__struct.h\n'}
[0.734722] (px4_msgs) StdoutLine: {'line': b'-- Up-to-date: /home/maizaied03/ros2_ws/install/px4_msgs/include/px4_msgs/px4_msgs/msg/detail/landing_target_innovations__functions.c\n'}
[0.734898] (px4_msgs) StdoutLine: {'line': b'-- Up-to-date: /home/maizaied03/ros2_ws/install/px4_msgs/include/px4_msgs/px4_msgs/msg/detail/vehicle_global_position__functions.c\n'}
[0.734966] (px4_msgs) StdoutLine: {'line': b'-- Up-to-date: /home/maizaied03/ros2_ws/install/px4_msgs/include/px4_msgs/px4_msgs/msg/detail/mode_completed__functions.h\n'}
[0.735022] (px4_msgs) StdoutLine: {'line': b'-- Up-to-date: /home/maizaied03/ros2_ws/install/px4_msgs/include/px4_msgs/px4_msgs/msg/detail/landing_target_pose__struct.h\n'}
[0.735058] (px4_msgs) StdoutLine: {'line': b'-- Up-to-date: /home/maizaied03/ros2_ws/install/px4_msgs/include/px4_msgs/px4_msgs/msg/detail/yaw_estimator_status__functions.h\n'}
[0.735094] (px4_msgs) StdoutLine: {'line': b'-- Up-to-date: /home/maizaied03/ros2_ws/install/px4_msgs/include/px4_msgs/px4_msgs/msg/detail/velocity_limits__struct.h\n'}
[0.735129] (px4_msgs) StdoutLine: {'line': b'-- Up-to-date: /home/maizaied03/ros2_ws/install/px4_msgs/include/px4_msgs/px4_msgs/msg/detail/debug_array__functions.h\n'}
[0.735163] (px4_msgs) StdoutLine: {'line': b'-- Up-to-date: /home/maizaied03/ros2_ws/install/px4_msgs/include/px4_msgs/px4_msgs/msg/detail/action_request__functions.c\n'}
[0.735197] (px4_msgs) StdoutLine: {'line': b'-- Up-to-date: /home/maizaied03/ros2_ws/install/px4_msgs/include/px4_msgs/px4_msgs/msg/detail/orb_test_large__functions.h\n'}
[0.735231] (px4_msgs) StdoutLine: {'line': b'-- Up-to-date: /home/maizaied03/ros2_ws/install/px4_msgs/include/px4_msgs/px4_msgs/msg/detail/log_message__type_support.h\n'}
[0.735264] (px4_msgs) StdoutLine: {'line': b'-- Up-to-date: /home/maizaied03/ros2_ws/install/px4_msgs/include/px4_msgs/px4_msgs/msg/detail/wind__struct.h\n'}
[0.735306] (px4_msgs) StdoutLine: {'line': b'-- Up-to-date: /home/maizaied03/ros2_ws/install/px4_msgs/include/px4_msgs/px4_msgs/msg/detail/actuator_servos__struct.h\n'}
[0.735342] (px4_msgs) StdoutLine: {'line': b'-- Up-to-date: /home/maizaied03/ros2_ws/install/px4_msgs/include/px4_msgs/px4_msgs/msg/detail/gain_compression__type_support.h\n'}
[0.735377] (px4_msgs) StdoutLine: {'line': b'-- Up-to-date: /home/maizaied03/ros2_ws/install/px4_msgs/include/px4_msgs/px4_msgs/msg/detail/rover_rate_status__functions.c\n'}
[0.735411] (px4_msgs) StdoutLine: {'line': b'-- Up-to-date: /home/maizaied03/ros2_ws/install/px4_msgs/include/px4_msgs/px4_msgs/msg/detail/geofence_result__type_support.h\n'}
[0.735445] (px4_msgs) StdoutLine: {'line': b'-- Up-to-date: /home/maizaied03/ros2_ws/install/px4_msgs/include/px4_msgs/px4_msgs/msg/detail/vehicle_optical_flow_vel__struct.h\n'}
[0.735479] (px4_msgs) StdoutLine: {'line': b'-- Up-to-date: /home/maizaied03/ros2_ws/install/px4_msgs/include/px4_msgs/px4_msgs/msg/detail/vehicle_attitude_setpoint__type_support.h\n'}
[0.735522] (px4_msgs) StdoutLine: {'line': b'-- Up-to-date: /home/maizaied03/ros2_ws/install/px4_msgs/include/px4_msgs/px4_msgs/msg/detail/internal_combustion_engine_status__struct.h\n'}
[0.735557] (px4_msgs) StdoutLine: {'line': b'-- Up-to-date: /home/maizaied03/ros2_ws/install/px4_msgs/include/px4_msgs/px4_msgs/msg/detail/sensor_baro__functions.c\n'}
[0.735590] (px4_msgs) StdoutLine: {'line': b'-- Up-to-date: /home/maizaied03/ros2_ws/install/px4_msgs/include/px4_msgs/px4_msgs/msg/detail/orb_test_large__type_support.h\n'}
[0.735624] (px4_msgs) StdoutLine: {'line': b'-- Up-to-date: /home/maizaied03/ros2_ws/install/px4_msgs/include/px4_msgs/px4_msgs/msg/detail/orb_test__struct.h\n'}
[0.735658] (px4_msgs) StdoutLine: {'line': b'-- Up-to-date: /home/maizaied03/ros2_ws/install/px4_msgs/include/px4_msgs/px4_msgs/msg/detail/gpio_in__functions.h\n'}
[0.735691] (px4_msgs) StdoutLine: {'line': b'-- Up-to-date: /home/maizaied03/ros2_ws/install/px4_msgs/include/px4_msgs/px4_msgs/msg/detail/sensor_uwb__struct.h\n'}
[0.735725] (px4_msgs) StdoutLine: {'line': b'-- Up-to-date: /home/maizaied03/ros2_ws/install/px4_msgs/include/px4_msgs/px4_msgs/msg/detail/register_ext_component_reply__functions.h\n'}
[0.735758] (px4_msgs) StdoutLine: {'line': b'-- Up-to-date: /home/maizaied03/ros2_ws/install/px4_msgs/include/px4_msgs/px4_msgs/msg/detail/open_drone_id_system__struct.h\n'}
[0.735847] (px4_msgs) StdoutLine: {'line': b'-- Up-to-date: /home/maizaied03/ros2_ws/install/px4_msgs/include/px4_msgs/px4_msgs/msg/detail/vehicle_local_position__functions.h\n'}
[0.735974] (px4_msgs) StdoutLine: {'line': b'-- Up-to-date: /home/maizaied03/ros2_ws/install/px4_msgs/include/px4_msgs/px4_msgs/msg/detail/mission__functions.h\n'}
[0.736038] (px4_msgs) StdoutLine: {'line': b'-- Up-to-date: /home/maizaied03/ros2_ws/install/px4_msgs/include/px4_msgs/px4_msgs/msg/detail/ulog_stream_ack__type_support.h\n'}
[0.736074] (px4_msgs) StdoutLine: {'line': b'-- Up-to-date: /home/maizaied03/ros2_ws/install/px4_msgs/include/px4_msgs/px4_msgs/msg/detail/orb_test_large__struct.h\n'}
[0.736108] (px4_msgs) StdoutLine: {'line': b'-- Up-to-date: /home/maizaied03/ros2_ws/install/px4_msgs/include/px4_msgs/px4_msgs/msg/detail/camera_capture__functions.c\n'}
[0.736142] (px4_msgs) StdoutLine: {'line': b'-- Up-to-date: /home/maizaied03/ros2_ws/install/px4_msgs/include/px4_msgs/px4_msgs/msg/detail/orb_test_medium__functions.h\n'}
[0.736176] (px4_msgs) StdoutLine: {'line': b'-- Up-to-date: /home/maizaied03/ros2_ws/install/px4_msgs/include/px4_msgs/px4_msgs/msg/detail/parameter_set_value_response__type_support.h\n'}
[0.736210] (px4_msgs) StdoutLine: {'line': b'-- Up-to-date: /home/maizaied03/ros2_ws/install/px4_msgs/include/px4_msgs/px4_msgs/msg/detail/estimator_bias__functions.h\n'}
[0.736244] (px4_msgs) StdoutLine: {'line': b'-- Up-to-date: /home/maizaied03/ros2_ws/install/px4_msgs/include/px4_msgs/px4_msgs/msg/detail/actuator_motors__struct.h\n'}
[0.736329] (px4_msgs) StdoutLine: {'line': b'-- Up-to-date: /home/maizaied03/ros2_ws/install/px4_msgs/include/px4_msgs/px4_msgs/msg/detail/sensor_optical_flow__struct.h\n'}
[0.736365] (px4_msgs) StdoutLine: {'line': b'-- Up-to-date: /home/maizaied03/ros2_ws/install/px4_msgs/include/px4_msgs/px4_msgs/msg/detail/device_information__struct.h\n'}
[0.736400] (px4_msgs) StdoutLine: {'line': b'-- Up-to-date: /home/maizaied03/ros2_ws/install/px4_msgs/include/px4_msgs/px4_msgs/msg/detail/lateral_control_configuration__functions.c\n'}
[0.736434] (px4_msgs) StdoutLine: {'line': b'-- Up-to-date: /home/maizaied03/ros2_ws/install/px4_msgs/include/px4_msgs/px4_msgs/msg/detail/sensor_combined__functions.h\n'}
[0.736467] (px4_msgs) StdoutLine: {'line': b'-- Up-to-date: /home/maizaied03/ros2_ws/install/px4_msgs/include/px4_msgs/px4_msgs/msg/detail/airspeed_wind__functions.c\n'}
[0.736499] (px4_msgs) StdoutLine: {'line': b'-- Up-to-date: /home/maizaied03/ros2_ws/install/px4_msgs/include/px4_msgs/px4_msgs/msg/detail/sensor_preflight_mag__functions.h\n'}
[0.736534] (px4_msgs) StdoutLine: {'line': b'-- Up-to-date: /home/maizaied03/ros2_ws/install/px4_msgs/include/px4_msgs/px4_msgs/msg/detail/estimator_sensor_bias__functions.h\n'}
[0.736568] (px4_msgs) StdoutLine: {'line': b'-- Up-to-date: /home/maizaied03/ros2_ws/install/px4_msgs/include/px4_msgs/px4_msgs/msg/detail/register_ext_component_request__struct.h\n'}
[0.736602] (px4_msgs) StdoutLine: {'line': b'-- Up-to-date: /home/maizaied03/ros2_ws/install/px4_msgs/include/px4_msgs/px4_msgs/msg/detail/tune_control__functions.h\n'}
[0.736635] (px4_msgs) StdoutLine: {'line': b'-- Up-to-date: /home/maizaied03/ros2_ws/install/px4_msgs/include/px4_msgs/px4_msgs/msg/detail/mission__type_support.h\n'}
[0.736668] (px4_msgs) StdoutLine: {'line': b'-- Up-to-date: /home/maizaied03/ros2_ws/install/px4_msgs/include/px4_msgs/px4_msgs/msg/detail/telemetry_status__struct.h\n'}
[0.736709] (px4_msgs) StdoutLine: {'line': b'-- Up-to-date: /home/maizaied03/ros2_ws/install/px4_msgs/include/px4_msgs/px4_msgs/msg/detail/input_rc__functions.h\n'}
[0.736770] (px4_msgs) StdoutLine: {'line': b'-- Up-to-date: /home/maizaied03/ros2_ws/install/px4_msgs/include/px4_msgs/px4_msgs/msg/detail/airspeed_validated__functions.c\n'}
[0.736827] (px4_msgs) StdoutLine: {'line': b'-- Up-to-date: /home/maizaied03/ros2_ws/install/px4_msgs/include/px4_msgs/px4_msgs/msg/detail/uavcan_parameter_value__type_support.h\n'}
[0.736864] (px4_msgs) StdoutLine: {'line': b'-- Up-to-date: /home/maizaied03/ros2_ws/install/px4_msgs/include/px4_msgs/px4_msgs/msg/detail/telemetry_status__functions.h\n'}
[0.736900] (px4_msgs) StdoutLine: {'line': b'-- Up-to-date: /home/maizaied03/ros2_ws/install/px4_msgs/include/px4_msgs/px4_msgs/msg/detail/rover_attitude_status__struct.h\n'}
[0.736940] (px4_msgs) StdoutLine: {'line': b'-- Up-to-date: /home/maizaied03/ros2_ws/install/px4_msgs/include/px4_msgs/px4_msgs/msg/detail/estimator_aid_source2d__struct.h\n'}
[0.736977] (px4_msgs) StdoutLine: {'line': b'-- Up-to-date: /home/maizaied03/ros2_ws/install/px4_msgs/include/px4_msgs/px4_msgs/msg/detail/airspeed__struct.h\n'}
[0.737016] (px4_msgs) StdoutLine: {'line': b'-- Up-to-date: /home/maizaied03/ros2_ws/install/px4_msgs/include/px4_msgs/px4_msgs/msg/detail/sensor_gps__struct.h\n'}
[0.737053] (px4_msgs) StdoutLine: {'line': b'-- Up-to-date: /home/maizaied03/ros2_ws/install/px4_msgs/include/px4_msgs/px4_msgs/msg/detail/vtx__type_support.h\n'}
[0.737091] (px4_msgs) StdoutLine: {'line': b'-- Up-to-date: /home/maizaied03/ros2_ws/install/px4_msgs/include/px4_msgs/px4_msgs/msg/detail/airspeed_wind__struct.h\n'}
[0.737130] (px4_msgs) StdoutLine: {'line': b'-- Up-to-date: /home/maizaied03/ros2_ws/install/px4_msgs/include/px4_msgs/px4_msgs/msg/detail/gimbal_controls__type_support.h\n'}
[0.737170] (px4_msgs) StdoutLine: {'line': b'-- Up-to-date: /home/maizaied03/ros2_ws/install/px4_msgs/include/px4_msgs/px4_msgs/msg/detail/wind__functions.c\n'}
[0.737210] (px4_msgs) StdoutLine: {'line': b'-- Up-to-date: /home/maizaied03/ros2_ws/install/px4_msgs/include/px4_msgs/px4_msgs/msg/detail/debug_value__struct.h\n'}
[0.737250] (px4_msgs) StdoutLine: {'line': b'-- Up-to-date: /home/maizaied03/ros2_ws/install/px4_msgs/include/px4_msgs/px4_msgs/msg/detail/esc_status__type_support.h\n'}
[0.737289] (px4_msgs) StdoutLine: {'line': b'-- Up-to-date: /home/maizaied03/ros2_ws/install/px4_msgs/include/px4_msgs/px4_msgs/msg/detail/magnetometer_bias_estimate__functions.c\n'}
[0.737328] (px4_msgs) StdoutLine: {'line': b'-- Up-to-date: /home/maizaied03/ros2_ws/install/px4_msgs/include/px4_msgs/px4_msgs/msg/detail/trajectory_setpoint__functions.h\n'}
[0.737379] (px4_msgs) StdoutLine: {'line': b'-- Up-to-date: /home/maizaied03/ros2_ws/install/px4_msgs/include/px4_msgs/px4_msgs/msg/detail/estimator_aid_source1d__type_support.h\n'}
[0.737430] (px4_msgs) StdoutLine: {'line': b'-- Up-to-date: /home/maizaied03/ros2_ws/install/px4_msgs/include/px4_msgs/px4_msgs/msg/detail/gps_inject_data__type_support.h\n'}
[0.737463] (px4_msgs) StdoutLine: {'line': b'-- Up-to-date: /home/maizaied03/ros2_ws/install/px4_msgs/include/px4_msgs/px4_msgs/msg/detail/transponder_report__struct.h\n'}
[0.737496] (px4_msgs) StdoutLine: {'line': b'-- Up-to-date: /home/maizaied03/ros2_ws/install/px4_msgs/include/px4_msgs/px4_msgs/msg/detail/rtl_status__functions.h\n'}
[0.737528] (px4_msgs) StdoutLine: {'line': b'-- Up-to-date: /home/maizaied03/ros2_ws/install/px4_msgs/include/px4_msgs/px4_msgs/msg/detail/estimator_states__functions.h\n'}
[0.737563] (px4_msgs) StdoutLine: {'line': b'-- Up-to-date: /home/maizaied03/ros2_ws/install/px4_msgs/include/px4_msgs/px4_msgs/msg/detail/rate_ctrl_status__functions.h\n'}
[0.737610] (px4_msgs) StdoutLine: {'line': b'-- Up-to-date: /home/maizaied03/ros2_ws/install/px4_msgs/include/px4_msgs/px4_msgs/msg/detail/arming_check_request__functions.c\n'}
[0.737643] (px4_msgs) StdoutLine: {'line': b'-- Up-to-date: /home/maizaied03/ros2_ws/install/px4_msgs/include/px4_msgs/px4_msgs/msg/detail/estimator_status__type_support.h\n'}
[0.737675] (px4_msgs) StdoutLine: {'line': b'-- Up-to-date: /home/maizaied03/ros2_ws/install/px4_msgs/include/px4_msgs/px4_msgs/msg/detail/internal_combustion_engine_control__type_support.h\n'}
[0.737707] (px4_msgs) StdoutLine: {'line': b'-- Up-to-date: /home/maizaied03/ros2_ws/install/px4_msgs/include/px4_msgs/px4_msgs/msg/detail/tune_control__type_support.h\n'}
[0.737741] (px4_msgs) StdoutLine: {'line': b'-- Up-to-date: /home/maizaied03/ros2_ws/install/px4_msgs/include/px4_msgs/px4_msgs/msg/detail/follow_target__functions.c\n'}
[0.737793] (px4_msgs) StdoutLine: {'line': b'-- Up-to-date: /home/maizaied03/ros2_ws/install/px4_msgs/include/px4_msgs/px4_msgs/msg/detail/vehicle_torque_setpoint__functions.h\n'}
[0.737827] (px4_msgs) StdoutLine: {'line': b'-- Up-to-date: /home/maizaied03/ros2_ws/install/px4_msgs/include/px4_msgs/px4_msgs/msg/detail/vehicle_constraints__functions.h\n'}
[0.737861] (px4_msgs) StdoutLine: {'line': b'-- Up-to-date: /home/maizaied03/ros2_ws/install/px4_msgs/include/px4_msgs/px4_msgs/msg/detail/gimbal_device_attitude_status__type_support.h\n'}
[0.737893] (px4_msgs) StdoutLine: {'line': b'-- Up-to-date: /home/maizaied03/ros2_ws/install/px4_msgs/include/px4_msgs/px4_msgs/msg/detail/parameter_reset_request__functions.c\n'}
[0.737927] (px4_msgs) StdoutLine: {'line': b'-- Up-to-date: /home/maizaied03/ros2_ws/install/px4_msgs/include/px4_msgs/px4_msgs/msg/detail/pure_pursuit_status__functions.h\n'}
[0.737961] (px4_msgs) StdoutLine: {'line': b'-- Up-to-date: /home/maizaied03/ros2_ws/install/px4_msgs/include/px4_msgs/px4_msgs/msg/detail/cellular_status__type_support.h\n'}
[0.738007] (px4_msgs) StdoutLine: {'line': b'-- Up-to-date: /home/maizaied03/ros2_ws/install/px4_msgs/include/px4_msgs/px4_msgs/msg/detail/ekf2_timestamps__type_support.h\n'}
[0.738041] (px4_msgs) StdoutLine: {'line': b'-- Up-to-date: /home/maizaied03/ros2_ws/install/px4_msgs/include/px4_msgs/px4_msgs/msg/detail/system_power__struct.h\n'}
[0.738075] (px4_msgs) StdoutLine: {'line': b'-- Up-to-date: /home/maizaied03/ros2_ws/install/px4_msgs/include/px4_msgs/px4_msgs/msg/detail/actuator_servos_trim__type_support.h\n'}
[0.738109] (px4_msgs) StdoutLine: {'line': b'-- Up-to-date: /home/maizaied03/ros2_ws/install/px4_msgs/include/px4_msgs/px4_msgs/msg/detail/follow_target_estimator__functions.h\n'}
[0.738142] (px4_msgs) StdoutLine: {'line': b'-- Up-to-date: /home/maizaied03/ros2_ws/install/px4_msgs/include/px4_msgs/px4_msgs/msg/detail/onboard_computer_status__functions.h\n'}
[0.738176] (px4_msgs) StdoutLine: {'line': b'-- Up-to-date: /home/maizaied03/ros2_ws/install/px4_msgs/include/px4_msgs/px4_msgs/msg/detail/unregister_ext_component__functions.c\n'}
[0.738211] (px4_msgs) StdoutLine: {'line': b'-- Up-to-date: /home/maizaied03/ros2_ws/install/px4_msgs/include/px4_msgs/px4_msgs/msg/detail/navigator_status__type_support.h\n'}
[0.738245] (px4_msgs) StdoutLine: {'line': b'-- Up-to-date: /home/maizaied03/ros2_ws/install/px4_msgs/include/px4_msgs/px4_msgs/msg/detail/vehicle_angular_velocity__type_support.h\n'}
[0.738280] (px4_msgs) StdoutLine: {'line': b'-- Up-to-date: /home/maizaied03/ros2_ws/install/px4_msgs/include/px4_msgs/px4_msgs/msg/detail/sensors_status_imu__functions.c\n'}
[0.738313] (px4_msgs) StdoutLine: {'line': b'-- Up-to-date: /home/maizaied03/ros2_ws/install/px4_msgs/include/px4_msgs/px4_msgs/msg/detail/airspeed_wind__type_support.h\n'}
[0.738348] (px4_msgs) StdoutLine: {'line': b'-- Up-to-date: /home/maizaied03/ros2_ws/install/px4_msgs/include/px4_msgs/px4_msgs/msg/detail/airspeed__functions.h\n'}
[0.738382] (px4_msgs) StdoutLine: {'line': b'-- Up-to-date: /home/maizaied03/ros2_ws/install/px4_msgs/include/px4_msgs/px4_msgs/msg/detail/wheel_encoders__functions.c\n'}
[0.738416] (px4_msgs) StdoutLine: {'line': b'-- Up-to-date: /home/maizaied03/ros2_ws/install/px4_msgs/include/px4_msgs/px4_msgs/msg/detail/sensor_selection__type_support.h\n'}
[0.738450] (px4_msgs) StdoutLine: {'line': b'-- Up-to-date: /home/maizaied03/ros2_ws/install/px4_msgs/include/px4_msgs/px4_msgs/msg/detail/fuel_tank_status__struct.h\n'}
[0.738484] (px4_msgs) StdoutLine: {'line': b'-- Up-to-date: /home/maizaied03/ros2_ws/install/px4_msgs/include/px4_msgs/px4_msgs/msg/detail/gimbal_controls__struct.h\n'}
[0.738517] (px4_msgs) StdoutLine: {'line': b'-- Up-to-date: /home/maizaied03/ros2_ws/install/px4_msgs/include/px4_msgs/px4_msgs/msg/detail/position_setpoint__type_support.h\n'}
[0.738551] (px4_msgs) StdoutLine: {'line': b'-- Up-to-date: /home/maizaied03/ros2_ws/install/px4_msgs/include/px4_msgs/px4_msgs/msg/detail/ping__functions.h\n'}
[0.738584] (px4_msgs) StdoutLine: {'line': b'-- Up-to-date: /home/maizaied03/ros2_ws/install/px4_msgs/include/px4_msgs/px4_msgs/msg/detail/vehicle_air_data__type_support.h\n'}
[0.738618] (px4_msgs) StdoutLine: {'line': b'-- Up-to-date: /home/maizaied03/ros2_ws/install/px4_msgs/include/px4_msgs/px4_msgs/msg/detail/velocity_limits__functions.c\n'}
[0.738652] (px4_msgs) StdoutLine: {'line': b'-- Up-to-date: /home/maizaied03/ros2_ws/install/px4_msgs/include/px4_msgs/px4_msgs/msg/detail/pwm_input__type_support.h\n'}
[0.738696] (px4_msgs) StdoutLine: {'line': b'-- Up-to-date: /home/maizaied03/ros2_ws/install/px4_msgs/include/px4_msgs/px4_msgs/msg/detail/dataman_request__functions.h\n'}
[0.738785] (px4_msgs) StdoutLine: {'line': b'-- Up-to-date: /home/maizaied03/ros2_ws/install/px4_msgs/include/px4_msgs/px4_msgs/msg/detail/vehicle_constraints__functions.c\n'}
[0.738822] (px4_msgs) StdoutLine: {'line': b'-- Up-to-date: /home/maizaied03/ros2_ws/install/px4_msgs/include/px4_msgs/px4_msgs/msg/detail/sensor_gyro_fifo__struct.h\n'}
[0.738856] (px4_msgs) StdoutLine: {'line': b'-- Up-to-date: /home/maizaied03/ros2_ws/install/px4_msgs/include/px4_msgs/px4_msgs/msg/detail/geofence_result__struct.h\n'}
[0.738890] (px4_msgs) StdoutLine: {'line': b'-- Up-to-date: /home/maizaied03/ros2_ws/install/px4_msgs/include/px4_msgs/px4_msgs/msg/detail/parameter_set_value_request__type_support.h\n'}
[0.738924] (px4_msgs) StdoutLine: {'line': b'-- Up-to-date: /home/maizaied03/ros2_ws/install/px4_msgs/include/px4_msgs/px4_msgs/msg/detail/estimator_gps_status__struct.h\n'}
[0.738959] (px4_msgs) StdoutLine: {'line': b'-- Up-to-date: /home/maizaied03/ros2_ws/install/px4_msgs/include/px4_msgs/px4_msgs/msg/detail/position_controller_status__struct.h\n'}
[0.738994] (px4_msgs) StdoutLine: {'line': b'-- Up-to-date: /home/maizaied03/ros2_ws/install/px4_msgs/include/px4_msgs/px4_msgs/msg/detail/position_controller_landing_status__functions.h\n'}
[0.739027] (px4_msgs) StdoutLine: {'line': b'-- Up-to-date: /home/maizaied03/ros2_ws/install/px4_msgs/include/px4_msgs/px4_msgs/msg/detail/trajectory_setpoint6dof__functions.c\n'}
[0.739061] (px4_msgs) StdoutLine: {'line': b'-- Up-to-date: /home/maizaied03/ros2_ws/install/px4_msgs/include/px4_msgs/px4_msgs/msg/detail/landing_target_innovations__struct.h\n'}
[0.739104] (px4_msgs) StdoutLine: {'line': b'-- Up-to-date: /home/maizaied03/ros2_ws/install/px4_msgs/include/px4_msgs/px4_msgs/msg/detail/power_button_state__struct.h\n'}
[0.739138] (px4_msgs) StdoutLine: {'line': b'-- Up-to-date: /home/maizaied03/ros2_ws/install/px4_msgs/include/px4_msgs/px4_msgs/msg/detail/estimator_status_flags__functions.c\n'}
[0.739172] (px4_msgs) StdoutLine: {'line': b'-- Up-to-date: /home/maizaied03/ros2_ws/install/px4_msgs/include/px4_msgs/px4_msgs/msg/detail/parameter_reset_request__functions.h\n'}
[0.739204] (px4_msgs) StdoutLine: {'line': b'-- Up-to-date: /home/maizaied03/ros2_ws/install/px4_msgs/include/px4_msgs/px4_msgs/msg/detail/led_control__struct.h\n'}
[0.739237] (px4_msgs) StdoutLine: {'line': b'-- Up-to-date: /home/maizaied03/ros2_ws/install/px4_msgs/include/px4_msgs/px4_msgs/msg/detail/health_report__struct.h\n'}
[0.739270] (px4_msgs) StdoutLine: {'line': b'-- Up-to-date: /home/maizaied03/ros2_ws/install/px4_msgs/include/px4_msgs/px4_msgs/msg/detail/pps_capture__functions.h\n'}
[0.739303] (px4_msgs) StdoutLine: {'line': b'-- Up-to-date: /home/maizaied03/ros2_ws/install/px4_msgs/include/px4_msgs/px4_msgs/msg/detail/input_rc__struct.h\n'}
[0.739370] (px4_msgs) StdoutLine: {'line': b'-- Up-to-date: /home/maizaied03/ros2_ws/install/px4_msgs/include/px4_msgs/px4_msgs/msg/detail/camera_status__type_support.h\n'}
[0.739405] (px4_msgs) StdoutLine: {'line': b'-- Up-to-date: /home/maizaied03/ros2_ws/install/px4_msgs/include/px4_msgs/px4_msgs/msg/detail/vehicle_odometry__struct.h\n'}
[0.739439] (px4_msgs) StdoutLine: {'line': b'-- Up-to-date: /home/maizaied03/ros2_ws/install/px4_msgs/include/px4_msgs/px4_msgs/msg/detail/offboard_control_mode__struct.h\n'}
[0.739483] (px4_msgs) StdoutLine: {'line': b'-- Up-to-date: /home/maizaied03/ros2_ws/install/px4_msgs/include/px4_msgs/px4_msgs/msg/detail/normalized_unsigned_setpoint__functions.h\n'}
[0.739566] (px4_msgs) StdoutLine: {'line': b'-- Up-to-date: /home/maizaied03/ros2_ws/install/px4_msgs/include/px4_msgs/px4_msgs/msg/detail/power_monitor__type_support.h\n'}
[0.739652] (px4_msgs) StdoutLine: {'line': b'-- Up-to-date: /home/maizaied03/ros2_ws/install/px4_msgs/include/px4_msgs/px4_msgs/msg/detail/vehicle_rates_setpoint__functions.c\n'}
[0.739743] (px4_msgs) StdoutLine: {'line': b'-- Up-to-date: /home/maizaied03/ros2_ws/install/px4_msgs/include/px4_msgs/px4_msgs/msg/detail/home_position__struct.h\n'}
[0.739807] (px4_msgs) StdoutLine: {'line': b'-- Up-to-date: /home/maizaied03/ros2_ws/install/px4_msgs/include/px4_msgs/px4_msgs/msg/detail/rtl_status__type_support.h\n'}
[0.739869] (px4_msgs) StdoutLine: {'line': b'-- Up-to-date: /home/maizaied03/ros2_ws/install/px4_msgs/include/px4_msgs/px4_msgs/msg/detail/tune_control__struct.h\n'}
[0.739927] (px4_msgs) StdoutLine: {'line': b'-- Up-to-date: /home/maizaied03/ros2_ws/install/px4_msgs/include/px4_msgs/px4_msgs/msg/detail/qshell_retval__type_support.h\n'}
[0.739972] (px4_msgs) StdoutLine: {'line': b'-- Up-to-date: /home/maizaied03/ros2_ws/install/px4_msgs/include/px4_msgs/px4_msgs/msg/detail/fixed_wing_runway_control__functions.c\n'}
[0.740022] (px4_msgs) StdoutLine: {'line': b'-- Up-to-date: /home/maizaied03/ros2_ws/install/px4_msgs/include/px4_msgs/px4_msgs/msg/detail/vehicle_rates_setpoint__struct.h\n'}
[0.740067] (px4_msgs) StdoutLine: {'line': b'-- Up-to-date: /home/maizaied03/ros2_ws/install/px4_msgs/include/px4_msgs/px4_msgs/msg/detail/follow_target_status__type_support.h\n'}
[0.740109] (px4_msgs) StdoutLine: {'line': b'-- Up-to-date: /home/maizaied03/ros2_ws/install/px4_msgs/include/px4_msgs/px4_msgs/msg/detail/home_position__functions.c\n'}
[0.740150] (px4_msgs) StdoutLine: {'line': b'-- Up-to-date: /home/maizaied03/ros2_ws/install/px4_msgs/include/px4_msgs/px4_msgs/msg/detail/rover_rate_setpoint__type_support.h\n'}
[0.740186] (px4_msgs) StdoutLine: {'line': b'-- Up-to-date: /home/maizaied03/ros2_ws/install/px4_msgs/include/px4_msgs/px4_msgs/msg/detail/irlock_report__type_support.h\n'}
[0.740245] (px4_msgs) StdoutLine: {'line': b'-- Up-to-date: /home/maizaied03/ros2_ws/install/px4_msgs/include/px4_msgs/px4_msgs/msg/detail/gimbal_device_set_attitude__type_support.h\n'}
[0.740390] (px4_msgs) StdoutLine: {'line': b'-- Up-to-date: /home/maizaied03/ros2_ws/install/px4_msgs/include/px4_msgs/px4_msgs/msg/detail/vehicle_attitude__functions.c\n'}
[0.740426] (px4_msgs) StdoutLine: {'line': b'-- Up-to-date: /home/maizaied03/ros2_ws/install/px4_msgs/include/px4_msgs/px4_msgs/msg/detail/esc_report__functions.c\n'}
[0.740459] (px4_msgs) StdoutLine: {'line': b'-- Up-to-date: /home/maizaied03/ros2_ws/install/px4_msgs/include/px4_msgs/px4_msgs/msg/detail/sensor_accel__functions.h\n'}
[0.740493] (px4_msgs) StdoutLine: {'line': b'-- Up-to-date: /home/maizaied03/ros2_ws/install/px4_msgs/include/px4_msgs/px4_msgs/msg/detail/rover_steering_setpoint__functions.h\n'}
[0.740538] (px4_msgs) StdoutLine: {'line': b'-- Up-to-date: /home/maizaied03/ros2_ws/install/px4_msgs/include/px4_msgs/px4_msgs/msg/detail/gimbal_manager_set_manual_control__struct.h\n'}
[0.740574] (px4_msgs) StdoutLine: {'line': b'-- Up-to-date: /home/maizaied03/ros2_ws/install/px4_msgs/include/px4_msgs/px4_msgs/msg/detail/debug_vect__type_support.h\n'}
[0.740608] (px4_msgs) StdoutLine: {'line': b'-- Up-to-date: /home/maizaied03/ros2_ws/install/px4_msgs/include/px4_msgs/px4_msgs/msg/detail/follow_target_status__functions.h\n'}
[0.740654] (px4_msgs) StdoutLine: {'line': b'-- Up-to-date: /home/maizaied03/ros2_ws/install/px4_msgs/include/px4_msgs/px4_msgs/msg/detail/gpio_config__functions.c\n'}
[0.740691] (px4_msgs) StdoutLine: {'line': b'-- Up-to-date: /home/maizaied03/ros2_ws/install/px4_msgs/include/px4_msgs/px4_msgs/msg/detail/sensor_gnss_status__functions.h\n'}
[0.740734] (px4_msgs) StdoutLine: {'line': b'-- Up-to-date: /home/maizaied03/ros2_ws/install/px4_msgs/include/px4_msgs/px4_msgs/msg/detail/mag_worker_data__struct.h\n'}
[0.740773] (px4_msgs) StdoutLine: {'line': b'-- Up-to-date: /home/maizaied03/ros2_ws/install/px4_msgs/include/px4_msgs/px4_msgs/msg/detail/rover_steering_setpoint__type_support.h\n'}
[0.740864] (px4_msgs) StdoutLine: {'line': b'-- Up-to-date: /home/maizaied03/ros2_ws/install/px4_msgs/include/px4_msgs/px4_msgs/msg/detail/rover_attitude_status__functions.h\n'}
[0.741021] (px4_msgs) StdoutLine: {'line': b'-- Up-to-date: /home/maizaied03/ros2_ws/install/px4_msgs/include/px4_msgs/px4_msgs/msg/detail/fixed_wing_lateral_status__type_support.h\n'}
[0.741056] (px4_msgs) StdoutLine: {'line': b'-- Up-to-date: /home/maizaied03/ros2_ws/install/px4_msgs/include/px4_msgs/px4_msgs/msg/detail/sensor_uwb__functions.c\n'}
[0.741091] (px4_msgs) StdoutLine: {'line': b'-- Up-to-date: /home/maizaied03/ros2_ws/install/px4_msgs/include/px4_msgs/px4_msgs/msg/message_format_response.h\n'}
[0.741125] (px4_msgs) StdoutLine: {'line': b'-- Up-to-date: /home/maizaied03/ros2_ws/install/px4_msgs/include/px4_msgs/px4_msgs/msg/airspeed.h\n'}
[0.741160] (px4_msgs) StdoutLine: {'line': b'-- Up-to-date: /home/maizaied03/ros2_ws/install/px4_msgs/include/px4_msgs/px4_msgs/msg/sensor_selection.h\n'}
[0.741193] (px4_msgs) StdoutLine: {'line': b'-- Up-to-date: /home/maizaied03/ros2_ws/install/px4_msgs/include/px4_msgs/px4_msgs/msg/wheel_encoders.h\n'}
[0.741226] (px4_msgs) StdoutLine: {'line': b'-- Up-to-date: /home/maizaied03/ros2_ws/install/px4_msgs/include/px4_msgs/px4_msgs/msg/estimator_gps_status.h\n'}
[0.741259] (px4_msgs) StdoutLine: {'line': b'-- Up-to-date: /home/maizaied03/ros2_ws/install/px4_msgs/include/px4_msgs/px4_msgs/msg/sensor_hygrometer.h\n'}
[0.741292] (px4_msgs) StdoutLine: {'line': b'-- Up-to-date: /home/maizaied03/ros2_ws/install/px4_msgs/include/px4_msgs/px4_msgs/msg/goto_setpoint.h\n'}
[0.741324] (px4_msgs) StdoutLine: {'line': b'-- Up-to-date: /home/maizaied03/ros2_ws/install/px4_msgs/include/px4_msgs/px4_msgs/msg/actuator_servos_trim.h\n'}
[0.741357] (px4_msgs) StdoutLine: {'line': b'-- Up-to-date: /home/maizaied03/ros2_ws/install/px4_msgs/include/px4_msgs/px4_msgs/msg/open_drone_id_arm_status.h\n'}
[0.741390] (px4_msgs) StdoutLine: {'line': b'-- Up-to-date: /home/maizaied03/ros2_ws/install/px4_msgs/include/px4_msgs/px4_msgs/msg/gimbal_device_information.h\n'}
[0.741422] (px4_msgs) StdoutLine: {'line': b'-- Up-to-date: /home/maizaied03/ros2_ws/install/px4_msgs/include/px4_msgs/px4_msgs/msg/flight_phase_estimation.h\n'}
[0.741455] (px4_msgs) StdoutLine: {'line': b'-- Up-to-date: /home/maizaied03/ros2_ws/install/px4_msgs/include/px4_msgs/px4_msgs/msg/iridiumsbd_status.h\n'}
[0.741488] (px4_msgs) StdoutLine: {'line': b'-- Up-to-date: /home/maizaied03/ros2_ws/install/px4_msgs/include/px4_msgs/px4_msgs/msg/debug_vect.h\n'}
[0.741521] (px4_msgs) StdoutLine: {'line': b'-- Up-to-date: /home/maizaied03/ros2_ws/install/px4_msgs/include/px4_msgs/px4_msgs/msg/actuator_servos.h\n'}
[0.741554] (px4_msgs) StdoutLine: {'line': b'-- Up-to-date: /home/maizaied03/ros2_ws/install/px4_msgs/include/px4_msgs/px4_msgs/msg/vehicle_magnetometer.h\n'}
[0.741587] (px4_msgs) StdoutLine: {'line': b'-- Up-to-date: /home/maizaied03/ros2_ws/install/px4_msgs/include/px4_msgs/px4_msgs/msg/sensor_preflight_mag.h\n'}
[0.741621] (px4_msgs) StdoutLine: {'line': b'-- Up-to-date: /home/maizaied03/ros2_ws/install/px4_msgs/include/px4_msgs/px4_msgs/msg/vehicle_optical_flow.h\n'}
[0.741654] (px4_msgs) StdoutLine: {'line': b'-- Up-to-date: /home/maizaied03/ros2_ws/install/px4_msgs/include/px4_msgs/px4_msgs/msg/gripper.h\n'}
[0.741687] (px4_msgs) StdoutLine: {'line': b'-- Up-to-date: /home/maizaied03/ros2_ws/install/px4_msgs/include/px4_msgs/px4_msgs/msg/transponder_report.h\n'}
[0.741719] (px4_msgs) StdoutLine: {'line': b'-- Up-to-date: /home/maizaied03/ros2_ws/install/px4_msgs/include/px4_msgs/px4_msgs/msg/log_message.h\n'}
[0.741759] (px4_msgs) StdoutLine: {'line': b'-- Up-to-date: /home/maizaied03/ros2_ws/install/px4_msgs/include/px4_msgs/px4_msgs/msg/estimator_aid_source2d.h\n'}
[0.742040] (px4_msgs) StdoutLine: {'line': b'-- Up-to-date: /home/maizaied03/ros2_ws/install/px4_msgs/include/px4_msgs/px4_msgs/msg/fixed_wing_lateral_setpoint.h\n'}
[0.742079] (px4_msgs) StdoutLine: {'line': b'-- Up-to-date: /home/maizaied03/ros2_ws/install/px4_msgs/include/px4_msgs/px4_msgs/msg/ulog_stream_ack.h\n'}
[0.742114] (px4_msgs) StdoutLine: {'line': b'-- Up-to-date: /home/maizaied03/ros2_ws/install/px4_msgs/include/px4_msgs/px4_msgs/msg/rpm.h\n'}
[0.742161] (px4_msgs) StdoutLine: {'line': b'-- Up-to-date: /home/maizaied03/ros2_ws/install/px4_msgs/include/px4_msgs/px4_msgs/msg/vehicle_local_position.h\n'}
[0.742195] (px4_msgs) StdoutLine: {'line': b'-- Up-to-date: /home/maizaied03/ros2_ws/install/px4_msgs/include/px4_msgs/px4_msgs/msg/failsafe_flags.h\n'}
[0.742228] (px4_msgs) StdoutLine: {'line': b'-- Up-to-date: /home/maizaied03/ros2_ws/install/px4_msgs/include/px4_msgs/px4_msgs/msg/sensors_status_imu.h\n'}
[0.742294] (px4_msgs) StdoutLine: {'line': b'-- Up-to-date: /home/maizaied03/ros2_ws/install/px4_msgs/include/px4_msgs/px4_msgs/msg/estimator_aid_source3d.h\n'}
[0.742344] (px4_msgs) StdoutLine: {'line': b'-- Up-to-date: /home/maizaied03/ros2_ws/install/px4_msgs/include/px4_msgs/px4_msgs/msg/estimator_event_flags.h\n'}
[0.742384] (px4_msgs) StdoutLine: {'line': b'-- Up-to-date: /home/maizaied03/ros2_ws/install/px4_msgs/include/px4_msgs/px4_msgs/msg/register_ext_component_reply.h\n'}
[0.742425] (px4_msgs) StdoutLine: {'line': b'-- Up-to-date: /home/maizaied03/ros2_ws/install/px4_msgs/include/px4_msgs/px4_msgs/msg/gimbal_device_attitude_status.h\n'}
[0.742465] (px4_msgs) StdoutLine: {'line': b'-- Up-to-date: /home/maizaied03/ros2_ws/install/px4_msgs/include/px4_msgs/px4_msgs/msg/vehicle_odometry.h\n'}
[0.742506] (px4_msgs) StdoutLine: {'line': b'-- Up-to-date: /home/maizaied03/ros2_ws/install/px4_msgs/include/px4_msgs/px4_msgs/msg/geofence_status.h\n'}
[0.742547] (px4_msgs) StdoutLine: {'line': b'-- Up-to-date: /home/maizaied03/ros2_ws/install/px4_msgs/include/px4_msgs/px4_msgs/msg/differential_pressure.h\n'}
[0.742588] (px4_msgs) StdoutLine: {'line': b'-- Up-to-date: /home/maizaied03/ros2_ws/install/px4_msgs/include/px4_msgs/px4_msgs/msg/ekf2_timestamps.h\n'}
[0.742628] (px4_msgs) StdoutLine: {'line': b'-- Up-to-date: /home/maizaied03/ros2_ws/install/px4_msgs/include/px4_msgs/px4_msgs/msg/irlock_report.h\n'}
[0.742668] (px4_msgs) StdoutLine: {'line': b'-- Up-to-date: /home/maizaied03/ros2_ws/install/px4_msgs/include/px4_msgs/px4_msgs/msg/airspeed_validated.h\n'}
[0.742707] (px4_msgs) StdoutLine: {'line': b'-- Up-to-date: /home/maizaied03/ros2_ws/install/px4_msgs/include/px4_msgs/px4_msgs/msg/obstacle_distance.h\n'}
[0.742747] (px4_msgs) StdoutLine: {'line': b'-- Up-to-date: /home/maizaied03/ros2_ws/install/px4_msgs/include/px4_msgs/px4_msgs/msg/vehicle_land_detected.h\n'}
[0.742917] (px4_msgs) StdoutLine: {'line': b'-- Up-to-date: /home/maizaied03/ros2_ws/install/px4_msgs/include/px4_msgs/px4_msgs/msg/system_power.h\n'}
[0.742985] (px4_msgs) StdoutLine: {'line': b'-- Up-to-date: /home/maizaied03/ros2_ws/install/px4_msgs/include/px4_msgs/px4_msgs/msg/longitudinal_control_configuration.h\n'}
[0.743027] (px4_msgs) StdoutLine: {'line': b'-- Up-to-date: /home/maizaied03/ros2_ws/install/px4_msgs/include/px4_msgs/px4_msgs/msg/rc_parameter_map.h\n'}
[0.743068] (px4_msgs) StdoutLine: {'line': b'-- Up-to-date: /home/maizaied03/ros2_ws/install/px4_msgs/include/px4_msgs/px4_msgs/msg/mode_completed.h\n'}
[0.743107] (px4_msgs) StdoutLine: {'line': b'-- Up-to-date: /home/maizaied03/ros2_ws/install/px4_msgs/include/px4_msgs/px4_msgs/msg/orb_test_large.h\n'}
[0.743146] (px4_msgs) StdoutLine: {'line': b'-- Up-to-date: /home/maizaied03/ros2_ws/install/px4_msgs/include/px4_msgs/px4_msgs/msg/sensor_baro.h\n'}
[0.743186] (px4_msgs) StdoutLine: {'line': b'-- Up-to-date: /home/maizaied03/ros2_ws/install/px4_msgs/include/px4_msgs/px4_msgs/msg/vehicle_air_data.h\n'}
[0.743226] (px4_msgs) StdoutLine: {'line': b'-- Up-to-date: /home/maizaied03/ros2_ws/install/px4_msgs/include/px4_msgs/px4_msgs/msg/airspeed_wind.h\n'}
[0.743266] (px4_msgs) StdoutLine: {'line': b'-- Up-to-date: /home/maizaied03/ros2_ws/install/px4_msgs/include/px4_msgs/px4_msgs/msg/vehicle_angular_velocity.h\n'}
[0.743306] (px4_msgs) StdoutLine: {'line': b'-- Up-to-date: /home/maizaied03/ros2_ws/install/px4_msgs/include/px4_msgs/px4_msgs/msg/rover_steering_setpoint.h\n'}
[0.743346] (px4_msgs) StdoutLine: {'line': b'-- Up-to-date: /home/maizaied03/ros2_ws/install/px4_msgs/include/px4_msgs/px4_msgs/msg/sensor_gps.h\n'}
[0.743397] (px4_msgs) StdoutLine: {'line': b'-- Up-to-date: /home/maizaied03/ros2_ws/install/px4_msgs/include/px4_msgs/px4_msgs/msg/power_button_state.h\n'}
[0.743485] (px4_msgs) StdoutLine: {'line': b'-- Up-to-date: /home/maizaied03/ros2_ws/install/px4_msgs/include/px4_msgs/px4_msgs/msg/parameter_reset_request.h\n'}
[0.743527] (px4_msgs) StdoutLine: {'line': b'-- Up-to-date: /home/maizaied03/ros2_ws/install/px4_msgs/include/px4_msgs/px4_msgs/msg/distance_sensor.h\n'}
[0.743568] (px4_msgs) StdoutLine: {'line': b'-- Up-to-date: /home/maizaied03/ros2_ws/install/px4_msgs/include/px4_msgs/px4_msgs/msg/generator_status.h\n'}
[0.743608] (px4_msgs) StdoutLine: {'line': b'-- Up-to-date: /home/maizaied03/ros2_ws/install/px4_msgs/include/px4_msgs/px4_msgs/msg/fuel_tank_status.h\n'}
[0.743647] (px4_msgs) StdoutLine: {'line': b'-- Up-to-date: /home/maizaied03/ros2_ws/install/px4_msgs/include/px4_msgs/px4_msgs/msg/cellular_status.h\n'}
[0.743687] (px4_msgs) StdoutLine: {'line': b'-- Up-to-date: /home/maizaied03/ros2_ws/install/px4_msgs/include/px4_msgs/px4_msgs/msg/parameter_set_value_request.h\n'}
[0.743727] (px4_msgs) StdoutLine: {'line': b'-- Up-to-date: /home/maizaied03/ros2_ws/install/px4_msgs/include/px4_msgs/px4_msgs/msg/vehicle_imu.h\n'}
[0.743770] (px4_msgs) StdoutLine: {'line': b'-- Up-to-date: /home/maizaied03/ros2_ws/install/px4_msgs/include/px4_msgs/px4_msgs/msg/pwm_input.h\n'}
[0.743931] (px4_msgs) StdoutLine: {'line': b'-- Up-to-date: /home/maizaied03/ros2_ws/install/px4_msgs/include/px4_msgs/px4_msgs/msg/estimator_sensor_bias.h\n'}
[0.743975] (px4_msgs) StdoutLine: {'line': b'-- Up-to-date: /home/maizaied03/ros2_ws/install/px4_msgs/include/px4_msgs/px4_msgs/msg/position_setpoint.h\n'}
[0.744017] (px4_msgs) StdoutLine: {'line': b'-- Up-to-date: /home/maizaied03/ros2_ws/install/px4_msgs/include/px4_msgs/px4_msgs/msg/pure_pursuit_status.h\n'}
[0.744068] (px4_msgs) StdoutLine: {'line': b'-- Up-to-date: /home/maizaied03/ros2_ws/install/px4_msgs/include/px4_msgs/px4_msgs/msg/vehicle_attitude.h\n'}
[0.744111] (px4_msgs) StdoutLine: {'line': b'-- Up-to-date: /home/maizaied03/ros2_ws/install/px4_msgs/include/px4_msgs/px4_msgs/msg/estimator_status.h\n'}
[0.744152] (px4_msgs) StdoutLine: {'line': b'-- Up-to-date: /home/maizaied03/ros2_ws/install/px4_msgs/include/px4_msgs/px4_msgs/msg/camera_status.h\n'}
[0.744251] (px4_msgs) StdoutLine: {'line': b'-- Up-to-date: /home/maizaied03/ros2_ws/install/px4_msgs/include/px4_msgs/px4_msgs/msg/register_ext_component_request.h\n'}
[0.744291] (px4_msgs) StdoutLine: {'line': b'-- Up-to-date: /home/maizaied03/ros2_ws/install/px4_msgs/include/px4_msgs/px4_msgs/msg/vehicle_status.h\n'}
[0.744328] (px4_msgs) StdoutLine: {'line': b'-- Up-to-date: /home/maizaied03/ros2_ws/install/px4_msgs/include/px4_msgs/px4_msgs/msg/estimator_states.h\n'}
[0.744368] (px4_msgs) StdoutLine: {'line': b'-- Up-to-date: /home/maizaied03/ros2_ws/install/px4_msgs/include/px4_msgs/px4_msgs/msg/input_rc.h\n'}
[0.744402] (px4_msgs) StdoutLine: {'line': b'-- Up-to-date: /home/maizaied03/ros2_ws/install/px4_msgs/include/px4_msgs/px4_msgs/msg/rover_speed_setpoint.h\n'}
[0.744438] (px4_msgs) StdoutLine: {'line': b'-- Up-to-date: /home/maizaied03/ros2_ws/install/px4_msgs/include/px4_msgs/px4_msgs/msg/esc_report.h\n'}
[0.744472] (px4_msgs) StdoutLine: {'line': b'-- Up-to-date: /home/maizaied03/ros2_ws/install/px4_msgs/include/px4_msgs/px4_msgs/msg/actuator_controls_status.h\n'}
[0.744506] (px4_msgs) StdoutLine: {'line': b'-- Up-to-date: /home/maizaied03/ros2_ws/install/px4_msgs/include/px4_msgs/px4_msgs/srv\n'}
[0.744540] (px4_msgs) StdoutLine: {'line': b'-- Up-to-date: /home/maizaied03/ros2_ws/install/px4_msgs/include/px4_msgs/px4_msgs/srv/vehicle_command.h\n'}
[0.744574] (px4_msgs) StdoutLine: {'line': b'-- Up-to-date: /home/maizaied03/ros2_ws/install/px4_msgs/include/px4_msgs/px4_msgs/srv/detail\n'}
[0.744608] (px4_msgs) StdoutLine: {'line': b'-- Up-to-date: /home/maizaied03/ros2_ws/install/px4_msgs/include/px4_msgs/px4_msgs/srv/detail/vehicle_command__struct.h\n'}
[0.744643] (px4_msgs) StdoutLine: {'line': b'-- Up-to-date: /home/maizaied03/ros2_ws/install/px4_msgs/include/px4_msgs/px4_msgs/srv/detail/vehicle_command__functions.h\n'}
[0.744708] (px4_msgs) StdoutLine: {'line': b'-- Up-to-date: /home/maizaied03/ros2_ws/install/px4_msgs/include/px4_msgs/px4_msgs/srv/detail/vehicle_command__functions.c\n'}
[0.744743] (px4_msgs) StdoutLine: {'line': b'-- Up-to-date: /home/maizaied03/ros2_ws/install/px4_msgs/include/px4_msgs/px4_msgs/srv/detail/vehicle_command__type_support.h\n'}
[0.744806] (px4_msgs) StdoutLine: {'line': b'-- Up-to-date: /home/maizaied03/ros2_ws/install/px4_msgs/share/px4_msgs/environment/library_path.sh\n'}
[0.744841] (px4_msgs) StdoutLine: {'line': b'-- Up-to-date: /home/maizaied03/ros2_ws/install/px4_msgs/share/px4_msgs/environment/library_path.dsv\n'}
[0.744873] (px4_msgs) StdoutLine: {'line': b'-- Up-to-date: /home/maizaied03/ros2_ws/install/px4_msgs/lib/libpx4_msgs__rosidl_generator_c.so\n'}
[0.744905] (px4_msgs) StdoutLine: {'line': b'-- Up-to-date: /home/maizaied03/ros2_ws/install/px4_msgs/include/px4_msgs/px4_msgs\n'}
[0.744938] (px4_msgs) StdoutLine: {'line': b'-- Up-to-date: /home/maizaied03/ros2_ws/install/px4_msgs/include/px4_msgs/px4_msgs/msg\n'}
[0.744971] (px4_msgs) StdoutLine: {'line': b'-- Up-to-date: /home/maizaied03/ros2_ws/install/px4_msgs/include/px4_msgs/px4_msgs/msg/rosidl_typesupport_fastrtps_c__visibility_control.h\n'}
[0.745004] (px4_msgs) StdoutLine: {'line': b'-- Up-to-date: /home/maizaied03/ros2_ws/install/px4_msgs/include/px4_msgs/px4_msgs/msg/detail\n'}
[0.745036] (px4_msgs) StdoutLine: {'line': b'-- Up-to-date: /home/maizaied03/ros2_ws/install/px4_msgs/include/px4_msgs/px4_msgs/msg/detail/estimator_status_flags__rosidl_typesupport_fastrtps_c.h\n'}
[0.745069] (px4_msgs) StdoutLine: {'line': b'-- Up-to-date: /home/maizaied03/ros2_ws/install/px4_msgs/include/px4_msgs/px4_msgs/msg/detail/fixed_wing_lateral_setpoint__rosidl_typesupport_fastrtps_c.h\n'}
[0.745101] (px4_msgs) StdoutLine: {'line': b'-- Up-to-date: /home/maizaied03/ros2_ws/install/px4_msgs/include/px4_msgs/px4_msgs/msg/detail/system_power__rosidl_typesupport_fastrtps_c.h\n'}
[0.745134] (px4_msgs) StdoutLine: {'line': b'-- Up-to-date: /home/maizaied03/ros2_ws/install/px4_msgs/include/px4_msgs/px4_msgs/msg/detail/vehicle_torque_setpoint__rosidl_typesupport_fastrtps_c.h\n'}
[0.745167] (px4_msgs) StdoutLine: {'line': b'-- Up-to-date: /home/maizaied03/ros2_ws/install/px4_msgs/include/px4_msgs/px4_msgs/msg/detail/esc_report__rosidl_typesupport_fastrtps_c.h\n'}
[0.745200] (px4_msgs) StdoutLine: {'line': b'-- Up-to-date: /home/maizaied03/ros2_ws/install/px4_msgs/include/px4_msgs/px4_msgs/msg/detail/vehicle_angular_velocity__rosidl_typesupport_fastrtps_c.h\n'}
[0.745232] (px4_msgs) StdoutLine: {'line': b'-- Up-to-date: /home/maizaied03/ros2_ws/install/px4_msgs/include/px4_msgs/px4_msgs/msg/detail/parameter_update__rosidl_typesupport_fastrtps_c.h\n'}
[0.745264] (px4_msgs) StdoutLine: {'line': b'-- Up-to-date: /home/maizaied03/ros2_ws/install/px4_msgs/include/px4_msgs/px4_msgs/msg/detail/parameter_set_value_request__rosidl_typesupport_fastrtps_c.h\n'}
[0.745299] (px4_msgs) StdoutLine: {'line': b'-- Up-to-date: /home/maizaied03/ros2_ws/install/px4_msgs/include/px4_msgs/px4_msgs/msg/detail/qshell_req__rosidl_typesupport_fastrtps_c.h\n'}
[0.745337] (px4_msgs) StdoutLine: {'line': b'-- Up-to-date: /home/maizaied03/ros2_ws/install/px4_msgs/include/px4_msgs/px4_msgs/msg/detail/actuator_servos_trim__rosidl_typesupport_fastrtps_c.h\n'}
[0.745370] (px4_msgs) StdoutLine: {'line': b'-- Up-to-date: /home/maizaied03/ros2_ws/install/px4_msgs/include/px4_msgs/px4_msgs/msg/detail/vehicle_global_position__rosidl_typesupport_fastrtps_c.h\n'}
[0.745403] (px4_msgs) StdoutLine: {'line': b'-- Up-to-date: /home/maizaied03/ros2_ws/install/px4_msgs/include/px4_msgs/px4_msgs/msg/detail/orb_test_large__rosidl_typesupport_fastrtps_c.h\n'}
[0.745435] (px4_msgs) StdoutLine: {'line': b'-- Up-to-date: /home/maizaied03/ros2_ws/install/px4_msgs/include/px4_msgs/px4_msgs/msg/detail/gimbal_device_attitude_status__rosidl_typesupport_fastrtps_c.h\n'}
[0.745467] (px4_msgs) StdoutLine: {'line': b'-- Up-to-date: /home/maizaied03/ros2_ws/install/px4_msgs/include/px4_msgs/px4_msgs/msg/detail/tune_control__rosidl_typesupport_fastrtps_c.h\n'}
[0.745503] (px4_msgs) StdoutLine: {'line': b'-- Up-to-date: /home/maizaied03/ros2_ws/install/px4_msgs/include/px4_msgs/px4_msgs/msg/detail/open_drone_id_self_id__rosidl_typesupport_fastrtps_c.h\n'}
[0.745539] (px4_msgs) StdoutLine: {'line': b'-- Up-to-date: /home/maizaied03/ros2_ws/install/px4_msgs/include/px4_msgs/px4_msgs/msg/detail/manual_control_setpoint__rosidl_typesupport_fastrtps_c.h\n'}
[0.745572] (px4_msgs) StdoutLine: {'line': b'-- Up-to-date: /home/maizaied03/ros2_ws/install/px4_msgs/include/px4_msgs/px4_msgs/msg/detail/mode_completed__rosidl_typesupport_fastrtps_c.h\n'}
[0.745604] (px4_msgs) StdoutLine: {'line': b'-- Up-to-date: /home/maizaied03/ros2_ws/install/px4_msgs/include/px4_msgs/px4_msgs/msg/detail/sensor_accel_fifo__rosidl_typesupport_fastrtps_c.h\n'}
[0.745636] (px4_msgs) StdoutLine: {'line': b'-- Up-to-date: /home/maizaied03/ros2_ws/install/px4_msgs/include/px4_msgs/px4_msgs/msg/detail/action_request__rosidl_typesupport_fastrtps_c.h\n'}
[0.745669] (px4_msgs) StdoutLine: {'line': b'-- Up-to-date: /home/maizaied03/ros2_ws/install/px4_msgs/include/px4_msgs/px4_msgs/msg/detail/rover_throttle_setpoint__rosidl_typesupport_fastrtps_c.h\n'}
[0.745701] (px4_msgs) StdoutLine: {'line': b'-- Up-to-date: /home/maizaied03/ros2_ws/install/px4_msgs/include/px4_msgs/px4_msgs/msg/detail/vehicle_air_data__rosidl_typesupport_fastrtps_c.h\n'}
[0.745733] (px4_msgs) StdoutLine: {'line': b'-- Up-to-date: /home/maizaied03/ros2_ws/install/px4_msgs/include/px4_msgs/px4_msgs/msg/detail/sensor_gnss_relative__rosidl_typesupport_fastrtps_c.h\n'}
[0.745770] (px4_msgs) StdoutLine: {'line': b'-- Up-to-date: /home/maizaied03/ros2_ws/install/px4_msgs/include/px4_msgs/px4_msgs/msg/detail/vehicle_constraints__rosidl_typesupport_fastrtps_c.h\n'}
[0.745807] (px4_msgs) StdoutLine: {'line': b'-- Up-to-date: /home/maizaied03/ros2_ws/install/px4_msgs/include/px4_msgs/px4_msgs/msg/detail/dataman_response__rosidl_typesupport_fastrtps_c.h\n'}
[0.745839] (px4_msgs) StdoutLine: {'line': b'-- Up-to-date: /home/maizaied03/ros2_ws/install/px4_msgs/include/px4_msgs/px4_msgs/msg/detail/manual_control_switches__rosidl_typesupport_fastrtps_c.h\n'}
[0.745871] (px4_msgs) StdoutLine: {'line': b'-- Up-to-date: /home/maizaied03/ros2_ws/install/px4_msgs/include/px4_msgs/px4_msgs/msg/detail/airspeed_wind__rosidl_typesupport_fastrtps_c.h\n'}
[0.745904] (px4_msgs) StdoutLine: {'line': b'-- Up-to-date: /home/maizaied03/ros2_ws/install/px4_msgs/include/px4_msgs/px4_msgs/msg/detail/sensor_mag__rosidl_typesupport_fastrtps_c.h\n'}
[0.745936] (px4_msgs) StdoutLine: {'line': b'-- Up-to-date: /home/maizaied03/ros2_ws/install/px4_msgs/include/px4_msgs/px4_msgs/msg/detail/gimbal_manager_set_attitude__rosidl_typesupport_fastrtps_c.h\n'}
[0.745968] (px4_msgs) StdoutLine: {'line': b'-- Up-to-date: /home/maizaied03/ros2_ws/install/px4_msgs/include/px4_msgs/px4_msgs/msg/detail/rc_channels__rosidl_typesupport_fastrtps_c.h\n'}
[0.745999] (px4_msgs) StdoutLine: {'line': b'-- Up-to-date: /home/maizaied03/ros2_ws/install/px4_msgs/include/px4_msgs/px4_msgs/msg/detail/vehicle_local_position_setpoint__rosidl_typesupport_fastrtps_c.h\n'}
[0.746031] (px4_msgs) StdoutLine: {'line': b'-- Up-to-date: /home/maizaied03/ros2_ws/install/px4_msgs/include/px4_msgs/px4_msgs/msg/detail/vehicle_local_position__rosidl_typesupport_fastrtps_c.h\n'}
[0.746063] (px4_msgs) StdoutLine: {'line': b'-- Up-to-date: /home/maizaied03/ros2_ws/install/px4_msgs/include/px4_msgs/px4_msgs/msg/detail/gain_compression__rosidl_typesupport_fastrtps_c.h\n'}
[0.746095] (px4_msgs) StdoutLine: {'line': b'-- Up-to-date: /home/maizaied03/ros2_ws/install/px4_msgs/include/px4_msgs/px4_msgs/msg/detail/wheel_encoders__rosidl_typesupport_fastrtps_c.h\n'}
[0.746127] (px4_msgs) StdoutLine: {'line': b'-- Up-to-date: /home/maizaied03/ros2_ws/install/px4_msgs/include/px4_msgs/px4_msgs/msg/detail/mission_result__rosidl_typesupport_fastrtps_c.h\n'}
[0.746159] (px4_msgs) StdoutLine: {'line': b'-- Up-to-date: /home/maizaied03/ros2_ws/install/px4_msgs/include/px4_msgs/px4_msgs/msg/detail/estimator_selector_status__rosidl_typesupport_fastrtps_c.h\n'}
[0.746201] (px4_msgs) StdoutLine: {'line': b'-- Up-to-date: /home/maizaied03/ros2_ws/install/px4_msgs/include/px4_msgs/px4_msgs/msg/detail/sensor_temp__rosidl_typesupport_fastrtps_c.h\n'}
[0.746233] (px4_msgs) StdoutLine: {'line': b'-- Up-to-date: /home/maizaied03/ros2_ws/install/px4_msgs/include/px4_msgs/px4_msgs/msg/detail/task_stack_info__rosidl_typesupport_fastrtps_c.h\n'}
[0.746268] (px4_msgs) StdoutLine: {'line': b'-- Up-to-date: /home/maizaied03/ros2_ws/install/px4_msgs/include/px4_msgs/px4_msgs/msg/detail/navigator_status__rosidl_typesupport_fastrtps_c.h\n'}
[0.746300] (px4_msgs) StdoutLine: {'line': b'-- Up-to-date: /home/maizaied03/ros2_ws/install/px4_msgs/include/px4_msgs/px4_msgs/msg/detail/generator_status__rosidl_typesupport_fastrtps_c.h\n'}
[0.746332] (px4_msgs) StdoutLine: {'line': b'-- Up-to-date: /home/maizaied03/ros2_ws/install/px4_msgs/include/px4_msgs/px4_msgs/msg/detail/neural_control__rosidl_typesupport_fastrtps_c.h\n'}
[0.746364] (px4_msgs) StdoutLine: {'line': b'-- Up-to-date: /home/maizaied03/ros2_ws/install/px4_msgs/include/px4_msgs/px4_msgs/msg/detail/button_event__rosidl_typesupport_fastrtps_c.h\n'}
[0.746396] (px4_msgs) StdoutLine: {'line': b'-- Up-to-date: /home/maizaied03/ros2_ws/install/px4_msgs/include/px4_msgs/px4_msgs/msg/detail/mag_worker_data__rosidl_typesupport_fastrtps_c.h\n'}
[0.746428] (px4_msgs) StdoutLine: {'line': b'-- Up-to-date: /home/maizaied03/ros2_ws/install/px4_msgs/include/px4_msgs/px4_msgs/msg/detail/pps_capture__rosidl_typesupport_fastrtps_c.h\n'}
[0.746459] (px4_msgs) StdoutLine: {'line': b'-- Up-to-date: /home/maizaied03/ros2_ws/install/px4_msgs/include/px4_msgs/px4_msgs/msg/detail/uavcan_parameter_request__rosidl_typesupport_fastrtps_c.h\n'}
[0.746490] (px4_msgs) StdoutLine: {'line': b'-- Up-to-date: /home/maizaied03/ros2_ws/install/px4_msgs/include/px4_msgs/px4_msgs/msg/detail/sensor_optical_flow__rosidl_typesupport_fastrtps_c.h\n'}
[0.746522] (px4_msgs) StdoutLine: {'line': b'-- Up-to-date: /home/maizaied03/ros2_ws/install/px4_msgs/include/px4_msgs/px4_msgs/msg/detail/landing_gear_wheel__rosidl_typesupport_fastrtps_c.h\n'}
[0.746555] (px4_msgs) StdoutLine: {'line': b'-- Up-to-date: /home/maizaied03/ros2_ws/install/px4_msgs/include/px4_msgs/px4_msgs/msg/detail/unregister_ext_component__rosidl_typesupport_fastrtps_c.h\n'}
[0.746593] (px4_msgs) StdoutLine: {'line': b'-- Up-to-date: /home/maizaied03/ros2_ws/install/px4_msgs/include/px4_msgs/px4_msgs/msg/detail/iridiumsbd_status__rosidl_typesupport_fastrtps_c.h\n'}
[0.746632] (px4_msgs) StdoutLine: {'line': b'-- Up-to-date: /home/maizaied03/ros2_ws/install/px4_msgs/include/px4_msgs/px4_msgs/msg/detail/collision_constraints__rosidl_typesupport_fastrtps_c.h\n'}
[0.746670] (px4_msgs) StdoutLine: {'line': b'-- Up-to-date: /home/maizaied03/ros2_ws/install/px4_msgs/include/px4_msgs/px4_msgs/msg/detail/estimator_event_flags__rosidl_typesupport_fastrtps_c.h\n'}
[0.746703] (px4_msgs) StdoutLine: {'line': b'-- Up-to-date: /home/maizaied03/ros2_ws/install/px4_msgs/include/px4_msgs/px4_msgs/msg/detail/vehicle_acceleration__rosidl_typesupport_fastrtps_c.h\n'}
[0.746776] (px4_msgs) StdoutLine: {'line': b'-- Up-to-date: /home/maizaied03/ros2_ws/install/px4_msgs/include/px4_msgs/px4_msgs/msg/detail/rover_speed_setpoint__rosidl_typesupport_fastrtps_c.h\n'}
[0.746825] (px4_msgs) StdoutLine: {'line': b'-- Up-to-date: /home/maizaied03/ros2_ws/install/px4_msgs/include/px4_msgs/px4_msgs/msg/detail/rover_attitude_status__rosidl_typesupport_fastrtps_c.h\n'}
[0.746863] (px4_msgs) StdoutLine: {'line': b'-- Up-to-date: /home/maizaied03/ros2_ws/install/px4_msgs/include/px4_msgs/px4_msgs/msg/detail/parameter_reset_request__rosidl_typesupport_fastrtps_c.h\n'}
[0.746911] (px4_msgs) StdoutLine: {'line': b'-- Up-to-date: /home/maizaied03/ros2_ws/install/px4_msgs/include/px4_msgs/px4_msgs/msg/detail/rpm__rosidl_typesupport_fastrtps_c.h\n'}
[0.746961] (px4_msgs) StdoutLine: {'line': b'-- Up-to-date: /home/maizaied03/ros2_ws/install/px4_msgs/include/px4_msgs/px4_msgs/msg/detail/rover_rate_status__rosidl_typesupport_fastrtps_c.h\n'}
[0.747009] (px4_msgs) StdoutLine: {'line': b'-- Up-to-date: /home/maizaied03/ros2_ws/install/px4_msgs/include/px4_msgs/px4_msgs/msg/detail/ekf2_timestamps__rosidl_typesupport_fastrtps_c.h\n'}
[0.747046] (px4_msgs) StdoutLine: {'line': b'-- Up-to-date: /home/maizaied03/ros2_ws/install/px4_msgs/include/px4_msgs/px4_msgs/msg/detail/position_controller_landing_status__rosidl_typesupport_fastrtps_c.h\n'}
[0.747092] (px4_msgs) StdoutLine: {'line': b'-- Up-to-date: /home/maizaied03/ros2_ws/install/px4_msgs/include/px4_msgs/px4_msgs/msg/detail/message_format_response__rosidl_typesupport_fastrtps_c.h\n'}
[0.747141] (px4_msgs) StdoutLine: {'line': b'-- Up-to-date: /home/maizaied03/ros2_ws/install/px4_msgs/include/px4_msgs/px4_msgs/msg/detail/satellite_info__rosidl_typesupport_fastrtps_c.h\n'}
[0.747191] (px4_msgs) StdoutLine: {'line': b'-- Up-to-date: /home/maizaied03/ros2_ws/install/px4_msgs/include/px4_msgs/px4_msgs/msg/detail/sensor_uwb__rosidl_typesupport_fastrtps_c.h\n'}
[0.747235] (px4_msgs) StdoutLine: {'line': b'-- Up-to-date: /home/maizaied03/ros2_ws/install/px4_msgs/include/px4_msgs/px4_msgs/msg/detail/trajectory_setpoint6dof__rosidl_typesupport_fastrtps_c.h\n'}
[0.747275] (px4_msgs) StdoutLine: {'line': b'-- Up-to-date: /home/maizaied03/ros2_ws/install/px4_msgs/include/px4_msgs/px4_msgs/msg/detail/geofence_result__rosidl_typesupport_fastrtps_c.h\n'}
[0.747323] (px4_msgs) StdoutLine: {'line': b'-- Up-to-date: /home/maizaied03/ros2_ws/install/px4_msgs/include/px4_msgs/px4_msgs/msg/detail/estimator_bias__rosidl_typesupport_fastrtps_c.h\n'}
[0.747375] (px4_msgs) StdoutLine: {'line': b'-- Up-to-date: /home/maizaied03/ros2_ws/install/px4_msgs/include/px4_msgs/px4_msgs/msg/detail/actuator_test__rosidl_typesupport_fastrtps_c.h\n'}
[0.747417] (px4_msgs) StdoutLine: {'line': b'-- Up-to-date: /home/maizaied03/ros2_ws/install/px4_msgs/include/px4_msgs/px4_msgs/msg/detail/orb_test__rosidl_typesupport_fastrtps_c.h\n'}
[0.747454] (px4_msgs) StdoutLine: {'line': b'-- Up-to-date: /home/maizaied03/ros2_ws/install/px4_msgs/include/px4_msgs/px4_msgs/msg/detail/autotune_attitude_control_status__rosidl_typesupport_fastrtps_c.h\n'}
[0.747488] (px4_msgs) StdoutLine: {'line': b'-- Up-to-date: /home/maizaied03/ros2_ws/install/px4_msgs/include/px4_msgs/px4_msgs/msg/detail/offboard_control_mode__rosidl_typesupport_fastrtps_c.h\n'}
[0.747523] (px4_msgs) StdoutLine: {'line': b'-- Up-to-date: /home/maizaied03/ros2_ws/install/px4_msgs/include/px4_msgs/px4_msgs/msg/detail/rtl_time_estimate__rosidl_typesupport_fastrtps_c.h\n'}
[0.747559] (px4_msgs) StdoutLine: {'line': b'-- Up-to-date: /home/maizaied03/ros2_ws/install/px4_msgs/include/px4_msgs/px4_msgs/msg/detail/sensor_gnss_status__rosidl_typesupport_fastrtps_c.h\n'}
[0.747598] (px4_msgs) StdoutLine: {'line': b'-- Up-to-date: /home/maizaied03/ros2_ws/install/px4_msgs/include/px4_msgs/px4_msgs/msg/detail/actuator_motors__rosidl_typesupport_fastrtps_c.h\n'}
[0.747634] (px4_msgs) StdoutLine: {'line': b'-- Up-to-date: /home/maizaied03/ros2_ws/install/px4_msgs/include/px4_msgs/px4_msgs/msg/detail/log_message__rosidl_typesupport_fastrtps_c.h\n'}
[0.747672] (px4_msgs) StdoutLine: {'line': b'-- Up-to-date: /home/maizaied03/ros2_ws/install/px4_msgs/include/px4_msgs/px4_msgs/msg/detail/timesync_status__rosidl_typesupport_fastrtps_c.h\n'}
[0.747709] (px4_msgs) StdoutLine: {'line': b'-- Up-to-date: /home/maizaied03/ros2_ws/install/px4_msgs/include/px4_msgs/px4_msgs/msg/detail/gimbal_controls__rosidl_typesupport_fastrtps_c.h\n'}
[0.747746] (px4_msgs) StdoutLine: {'line': b'-- Up-to-date: /home/maizaied03/ros2_ws/install/px4_msgs/include/px4_msgs/px4_msgs/msg/detail/input_rc__rosidl_typesupport_fastrtps_c.h\n'}
[0.747792] (px4_msgs) StdoutLine: {'line': b'-- Up-to-date: /home/maizaied03/ros2_ws/install/px4_msgs/include/px4_msgs/px4_msgs/msg/detail/heater_status__rosidl_typesupport_fastrtps_c.h\n'}
[0.747829] (px4_msgs) StdoutLine: {'line': b'-- Up-to-date: /home/maizaied03/ros2_ws/install/px4_msgs/include/px4_msgs/px4_msgs/msg/detail/mavlink_log__rosidl_typesupport_fastrtps_c.h\n'}
[0.747870] (px4_msgs) StdoutLine: {'line': b'-- Up-to-date: /home/maizaied03/ros2_ws/install/px4_msgs/include/px4_msgs/px4_msgs/msg/detail/sensor_correction__rosidl_typesupport_fastrtps_c.h\n'}
[0.747908] (px4_msgs) StdoutLine: {'line': b'-- Up-to-date: /home/maizaied03/ros2_ws/install/px4_msgs/include/px4_msgs/px4_msgs/msg/detail/estimator_states__rosidl_typesupport_fastrtps_c.h\n'}
[0.747945] (px4_msgs) StdoutLine: {'line': b'-- Up-to-date: /home/maizaied03/ros2_ws/install/px4_msgs/include/px4_msgs/px4_msgs/msg/detail/vehicle_thrust_setpoint__rosidl_typesupport_fastrtps_c.h\n'}
[0.747982] (px4_msgs) StdoutLine: {'line': b'-- Up-to-date: /home/maizaied03/ros2_ws/install/px4_msgs/include/px4_msgs/px4_msgs/msg/detail/camera_trigger__rosidl_typesupport_fastrtps_c.h\n'}
[0.748019] (px4_msgs) StdoutLine: {'line': b'-- Up-to-date: /home/maizaied03/ros2_ws/install/px4_msgs/include/px4_msgs/px4_msgs/msg/detail/radio_status__rosidl_typesupport_fastrtps_c.h\n'}
[0.748057] (px4_msgs) StdoutLine: {'line': b'-- Up-to-date: /home/maizaied03/ros2_ws/install/px4_msgs/include/px4_msgs/px4_msgs/msg/detail/gimbal_manager_set_manual_control__rosidl_typesupport_fastrtps_c.h\n'}
[0.748094] (px4_msgs) StdoutLine: {'line': b'-- Up-to-date: /home/maizaied03/ros2_ws/install/px4_msgs/include/px4_msgs/px4_msgs/msg/detail/sensor_baro__rosidl_typesupport_fastrtps_c.h\n'}
[0.748131] (px4_msgs) StdoutLine: {'line': b'-- Up-to-date: /home/maizaied03/ros2_ws/install/px4_msgs/include/px4_msgs/px4_msgs/msg/detail/open_drone_id_system__rosidl_typesupport_fastrtps_c.h\n'}
[0.748168] (px4_msgs) StdoutLine: {'line': b'-- Up-to-date: /home/maizaied03/ros2_ws/install/px4_msgs/include/px4_msgs/px4_msgs/msg/detail/sensor_accel__rosidl_typesupport_fastrtps_c.h\n'}
[0.748205] (px4_msgs) StdoutLine: {'line': b'-- Up-to-date: /home/maizaied03/ros2_ws/install/px4_msgs/include/px4_msgs/px4_msgs/msg/detail/gpio_in__rosidl_typesupport_fastrtps_c.h\n'}
[0.748242] (px4_msgs) StdoutLine: {'line': b'-- Up-to-date: /home/maizaied03/ros2_ws/install/px4_msgs/include/px4_msgs/px4_msgs/msg/detail/arming_check_reply__rosidl_typesupport_fastrtps_c.h\n'}
[0.748282] (px4_msgs) StdoutLine: {'line': b'-- Up-to-date: /home/maizaied03/ros2_ws/install/px4_msgs/include/px4_msgs/px4_msgs/msg/detail/uavcan_parameter_value__rosidl_typesupport_fastrtps_c.h\n'}
[0.748318] (px4_msgs) StdoutLine: {'line': b'-- Up-to-date: /home/maizaied03/ros2_ws/install/px4_msgs/include/px4_msgs/px4_msgs/msg/detail/raptor_input__rosidl_typesupport_fastrtps_c.h\n'}
[0.748355] (px4_msgs) StdoutLine: {'line': b'-- Up-to-date: /home/maizaied03/ros2_ws/install/px4_msgs/include/px4_msgs/px4_msgs/msg/detail/tiltrotor_extra_controls__rosidl_typesupport_fastrtps_c.h\n'}
[0.748393] (px4_msgs) StdoutLine: {'line': b'-- Up-to-date: /home/maizaied03/ros2_ws/install/px4_msgs/include/px4_msgs/px4_msgs/msg/detail/failsafe_flags__rosidl_typesupport_fastrtps_c.h\n'}
[0.748430] (px4_msgs) StdoutLine: {'line': b'-- Up-to-date: /home/maizaied03/ros2_ws/install/px4_msgs/include/px4_msgs/px4_msgs/msg/detail/position_controller_status__rosidl_typesupport_fastrtps_c.h\n'}
[0.748473] (px4_msgs) StdoutLine: {'line': b'-- Up-to-date: /home/maizaied03/ros2_ws/install/px4_msgs/include/px4_msgs/px4_msgs/msg/detail/battery_status__rosidl_typesupport_fastrtps_c.h\n'}
[0.748509] (px4_msgs) StdoutLine: {'line': b'-- Up-to-date: /home/maizaied03/ros2_ws/install/px4_msgs/include/px4_msgs/px4_msgs/msg/detail/vehicle_optical_flow_vel__rosidl_typesupport_fastrtps_c.h\n'}
[0.748546] (px4_msgs) StdoutLine: {'line': b'-- Up-to-date: /home/maizaied03/ros2_ws/install/px4_msgs/include/px4_msgs/px4_msgs/msg/detail/sensor_gyro_fifo__rosidl_typesupport_fastrtps_c.h\n'}
[0.748583] (px4_msgs) StdoutLine: {'line': b'-- Up-to-date: /home/maizaied03/ros2_ws/install/px4_msgs/include/px4_msgs/px4_msgs/msg/detail/airspeed_validated__rosidl_typesupport_fastrtps_c.h\n'}
[0.748619] (px4_msgs) StdoutLine: {'line': b'-- Up-to-date: /home/maizaied03/ros2_ws/install/px4_msgs/include/px4_msgs/px4_msgs/msg/detail/goto_setpoint__rosidl_typesupport_fastrtps_c.h\n'}
[0.748661] (px4_msgs) StdoutLine: {'line': b'-- Up-to-date: /home/maizaied03/ros2_ws/install/px4_msgs/include/px4_msgs/px4_msgs/msg/detail/vtx__rosidl_typesupport_fastrtps_c.h\n'}
[0.748698] (px4_msgs) StdoutLine: {'line': b'-- Up-to-date: /home/maizaied03/ros2_ws/install/px4_msgs/include/px4_msgs/px4_msgs/msg/detail/rover_rate_setpoint__rosidl_typesupport_fastrtps_c.h\n'}
[0.748735] (px4_msgs) StdoutLine: {'line': b'-- Up-to-date: /home/maizaied03/ros2_ws/install/px4_msgs/include/px4_msgs/px4_msgs/msg/detail/mount_orientation__rosidl_typesupport_fastrtps_c.h\n'}
[0.748793] (px4_msgs) StdoutLine: {'line': b'-- Up-to-date: /home/maizaied03/ros2_ws/install/px4_msgs/include/px4_msgs/px4_msgs/msg/detail/mavlink_tunnel__rosidl_typesupport_fastrtps_c.h\n'}
[0.748831] (px4_msgs) StdoutLine: {'line': b'-- Up-to-date: /home/maizaied03/ros2_ws/install/px4_msgs/include/px4_msgs/px4_msgs/msg/detail/lateral_control_configuration__rosidl_typesupport_fastrtps_c.h\n'}
[0.748868] (px4_msgs) StdoutLine: {'line': b'-- Up-to-date: /home/maizaied03/ros2_ws/install/px4_msgs/include/px4_msgs/px4_msgs/msg/detail/debug_value__rosidl_typesupport_fastrtps_c.h\n'}
[0.748905] (px4_msgs) StdoutLine: {'line': b'-- Up-to-date: /home/maizaied03/ros2_ws/install/px4_msgs/include/px4_msgs/px4_msgs/msg/detail/gps_inject_data__rosidl_typesupport_fastrtps_c.h\n'}
[0.748942] (px4_msgs) StdoutLine: {'line': b'-- Up-to-date: /home/maizaied03/ros2_ws/install/px4_msgs/include/px4_msgs/px4_msgs/msg/detail/transponder_report__rosidl_typesupport_fastrtps_c.h\n'}
[0.748978] (px4_msgs) StdoutLine: {'line': b'-- Up-to-date: /home/maizaied03/ros2_ws/install/px4_msgs/include/px4_msgs/px4_msgs/msg/detail/estimator_sensor_bias__rosidl_typesupport_fastrtps_c.h\n'}
[0.749015] (px4_msgs) StdoutLine: {'line': b'-- Up-to-date: /home/maizaied03/ros2_ws/install/px4_msgs/include/px4_msgs/px4_msgs/msg/detail/actuator_controls_status__rosidl_typesupport_fastrtps_c.h\n'}
[0.749052] (px4_msgs) StdoutLine: {'line': b'-- Up-to-date: /home/maizaied03/ros2_ws/install/px4_msgs/include/px4_msgs/px4_msgs/msg/detail/battery_info__rosidl_typesupport_fastrtps_c.h\n'}
[0.749089] (px4_msgs) StdoutLine: {'line': b'-- Up-to-date: /home/maizaied03/ros2_ws/install/px4_msgs/include/px4_msgs/px4_msgs/msg/detail/parameter_set_value_response__rosidl_typesupport_fastrtps_c.h\n'}
[0.749126] (px4_msgs) StdoutLine: {'line': b'-- Up-to-date: /home/maizaied03/ros2_ws/install/px4_msgs/include/px4_msgs/px4_msgs/msg/detail/vehicle_odometry__rosidl_typesupport_fastrtps_c.h\n'}
[0.749163] (px4_msgs) StdoutLine: {'line': b'-- Up-to-date: /home/maizaied03/ros2_ws/install/px4_msgs/include/px4_msgs/px4_msgs/msg/detail/estimator_aid_source3d__rosidl_typesupport_fastrtps_c.h\n'}
[0.749201] (px4_msgs) StdoutLine: {'line': b'-- Up-to-date: /home/maizaied03/ros2_ws/install/px4_msgs/include/px4_msgs/px4_msgs/msg/detail/config_overrides__rosidl_typesupport_fastrtps_c.h\n'}
[0.749237] (px4_msgs) StdoutLine: {'line': b'-- Up-to-date: /home/maizaied03/ros2_ws/install/px4_msgs/include/px4_msgs/px4_msgs/msg/detail/cellular_status__rosidl_typesupport_fastrtps_c.h\n'}
[0.749274] (px4_msgs) StdoutLine: {'line': b'-- Up-to-date: /home/maizaied03/ros2_ws/install/px4_msgs/include/px4_msgs/px4_msgs/msg/detail/velocity_limits__rosidl_typesupport_fastrtps_c.h\n'}
[0.749318] (px4_msgs) StdoutLine: {'line': b'-- Up-to-date: /home/maizaied03/ros2_ws/install/px4_msgs/include/px4_msgs/px4_msgs/msg/detail/esc_status__rosidl_typesupport_fastrtps_c.h\n'}
[0.749355] (px4_msgs) StdoutLine: {'line': b'-- Up-to-date: /home/maizaied03/ros2_ws/install/px4_msgs/include/px4_msgs/px4_msgs/msg/detail/failure_detector_status__rosidl_typesupport_fastrtps_c.h\n'}
[0.749391] (px4_msgs) StdoutLine: {'line': b'-- Up-to-date: /home/maizaied03/ros2_ws/install/px4_msgs/include/px4_msgs/px4_msgs/msg/detail/sensor_gps__rosidl_typesupport_fastrtps_c.h\n'}
[0.749429] (px4_msgs) StdoutLine: {'line': b'-- Up-to-date: /home/maizaied03/ros2_ws/install/px4_msgs/include/px4_msgs/px4_msgs/msg/detail/tecs_status__rosidl_typesupport_fastrtps_c.h\n'}
[0.749468] (px4_msgs) StdoutLine: {'line': b'-- Up-to-date: /home/maizaied03/ros2_ws/install/px4_msgs/include/px4_msgs/px4_msgs/msg/detail/magnetometer_bias_estimate__rosidl_typesupport_fastrtps_c.h\n'}
[0.749505] (px4_msgs) StdoutLine: {'line': b'-- Up-to-date: /home/maizaied03/ros2_ws/install/px4_msgs/include/px4_msgs/px4_msgs/msg/detail/sensor_combined__rosidl_typesupport_fastrtps_c.h\n'}
[0.749546] (px4_msgs) StdoutLine: {'line': b'-- Up-to-date: /home/maizaied03/ros2_ws/install/px4_msgs/include/px4_msgs/px4_msgs/msg/detail/debug_key_value__rosidl_typesupport_fastrtps_c.h\n'}
[0.749582] (px4_msgs) StdoutLine: {'line': b'-- Up-to-date: /home/maizaied03/ros2_ws/install/px4_msgs/include/px4_msgs/px4_msgs/msg/detail/navigator_mission_item__rosidl_typesupport_fastrtps_c.h\n'}
[0.749618] (px4_msgs) StdoutLine: {'line': b'-- Up-to-date: /home/maizaied03/ros2_ws/install/px4_msgs/include/px4_msgs/px4_msgs/msg/detail/takeoff_status__rosidl_typesupport_fastrtps_c.h\n'}
[0.749655] (px4_msgs) StdoutLine: {'line': b'-- Up-to-date: /home/maizaied03/ros2_ws/install/px4_msgs/include/px4_msgs/px4_msgs/msg/detail/sensor_gyro_fft__rosidl_typesupport_fastrtps_c.h\n'}
[0.749693] (px4_msgs) StdoutLine: {'line': b'-- Up-to-date: /home/maizaied03/ros2_ws/install/px4_msgs/include/px4_msgs/px4_msgs/msg/detail/logger_status__rosidl_typesupport_fastrtps_c.h\n'}
[0.749729] (px4_msgs) StdoutLine: {'line': b'-- Up-to-date: /home/maizaied03/ros2_ws/install/px4_msgs/include/px4_msgs/px4_msgs/msg/detail/vehicle_angular_acceleration_setpoint__rosidl_typesupport_fastrtps_c.h\n'}
[0.749769] (px4_msgs) StdoutLine: {'line': b'-- Up-to-date: /home/maizaied03/ros2_ws/install/px4_msgs/include/px4_msgs/px4_msgs/msg/detail/distance_sensor__rosidl_typesupport_fastrtps_c.h\n'}
[0.749810] (px4_msgs) StdoutLine: {'line': b'-- Up-to-date: /home/maizaied03/ros2_ws/install/px4_msgs/include/px4_msgs/px4_msgs/msg/detail/fixed_wing_longitudinal_setpoint__rosidl_typesupport_fastrtps_c.h\n'}
[0.749847] (px4_msgs) StdoutLine: {'line': b'-- Up-to-date: /home/maizaied03/ros2_ws/install/px4_msgs/include/px4_msgs/px4_msgs/msg/detail/fixed_wing_runway_control__rosidl_typesupport_fastrtps_c.h\n'}
[0.749884] (px4_msgs) StdoutLine: {'line': b'-- Up-to-date: /home/maizaied03/ros2_ws/install/px4_msgs/include/px4_msgs/px4_msgs/msg/detail/position_setpoint_triplet__rosidl_typesupport_fastrtps_c.h\n'}
[0.749921] (px4_msgs) StdoutLine: {'line': b'-- Up-to-date: /home/maizaied03/ros2_ws/install/px4_msgs/include/px4_msgs/px4_msgs/msg/detail/estimator_gps_status__rosidl_typesupport_fastrtps_c.h\n'}
[0.749958] (px4_msgs) StdoutLine: {'line': b'-- Up-to-date: /home/maizaied03/ros2_ws/install/px4_msgs/include/px4_msgs/px4_msgs/msg/detail/estimator_bias3d__rosidl_typesupport_fastrtps_c.h\n'}
[0.749995] (px4_msgs) StdoutLine: {'line': b'-- Up-to-date: /home/maizaied03/ros2_ws/install/px4_msgs/include/px4_msgs/px4_msgs/msg/detail/vehicle_status__rosidl_typesupport_fastrtps_c.h\n'}
[0.750032] (px4_msgs) StdoutLine: {'line': b'-- Up-to-date: /home/maizaied03/ros2_ws/install/px4_msgs/include/px4_msgs/px4_msgs/msg/detail/longitudinal_control_configuration__rosidl_typesupport_fastrtps_c.h\n'}
[0.750068] (px4_msgs) StdoutLine: {'line': b'-- Up-to-date: /home/maizaied03/ros2_ws/install/px4_msgs/include/px4_msgs/px4_msgs/msg/detail/orb_test_medium__rosidl_typesupport_fastrtps_c.h\n'}
[0.750103] (px4_msgs) StdoutLine: {'line': b'-- Up-to-date: /home/maizaied03/ros2_ws/install/px4_msgs/include/px4_msgs/px4_msgs/msg/detail/sensor_hygrometer__rosidl_typesupport_fastrtps_c.h\n'}
[0.750138] (px4_msgs) StdoutLine: {'line': b'-- Up-to-date: /home/maizaied03/ros2_ws/install/px4_msgs/include/px4_msgs/px4_msgs/msg/detail/estimator_innovations__rosidl_typesupport_fastrtps_c.h\n'}
[0.750175] (px4_msgs) StdoutLine: {'line': b'-- Up-to-date: /home/maizaied03/ros2_ws/install/px4_msgs/include/px4_msgs/px4_msgs/msg/detail/event__rosidl_typesupport_fastrtps_c.h\n'}
[0.750212] (px4_msgs) StdoutLine: {'line': b'-- Up-to-date: /home/maizaied03/ros2_ws/install/px4_msgs/include/px4_msgs/px4_msgs/msg/detail/dronecan_node_status__rosidl_typesupport_fastrtps_c.h\n'}
[0.750252] (px4_msgs) StdoutLine: {'line': b'-- Up-to-date: /home/maizaied03/ros2_ws/install/px4_msgs/include/px4_msgs/px4_msgs/msg/detail/follow_target_status__rosidl_typesupport_fastrtps_c.h\n'}
[0.750291] (px4_msgs) StdoutLine: {'line': b'-- Up-to-date: /home/maizaied03/ros2_ws/install/px4_msgs/include/px4_msgs/px4_msgs/msg/detail/vehicle_command_ack__rosidl_typesupport_fastrtps_c.h\n'}
[0.750329] (px4_msgs) StdoutLine: {'line': b'-- Up-to-date: /home/maizaied03/ros2_ws/install/px4_msgs/include/px4_msgs/px4_msgs/msg/detail/register_ext_component_request__rosidl_typesupport_fastrtps_c.h\n'}
[0.750370] (px4_msgs) StdoutLine: {'line': b'-- Up-to-date: /home/maizaied03/ros2_ws/install/px4_msgs/include/px4_msgs/px4_msgs/msg/detail/differential_pressure__rosidl_typesupport_fastrtps_c.h\n'}
[0.750406] (px4_msgs) StdoutLine: {'line': b'-- Up-to-date: /home/maizaied03/ros2_ws/install/px4_msgs/include/px4_msgs/px4_msgs/msg/detail/camera_status__rosidl_typesupport_fastrtps_c.h\n'}
[0.750442] (px4_msgs) StdoutLine: {'line': b'-- Up-to-date: /home/maizaied03/ros2_ws/install/px4_msgs/include/px4_msgs/px4_msgs/msg/detail/vehicle_roi__rosidl_typesupport_fastrtps_c.h\n'}
[0.750479] (px4_msgs) StdoutLine: {'line': b'-- Up-to-date: /home/maizaied03/ros2_ws/install/px4_msgs/include/px4_msgs/px4_msgs/msg/detail/follow_target_estimator__rosidl_typesupport_fastrtps_c.h\n'}
[0.750516] (px4_msgs) StdoutLine: {'line': b'-- Up-to-date: /home/maizaied03/ros2_ws/install/px4_msgs/include/px4_msgs/px4_msgs/msg/detail/sensors_status__rosidl_typesupport_fastrtps_c.h\n'}
[0.750553] (px4_msgs) StdoutLine: {'line': b'-- Up-to-date: /home/maizaied03/ros2_ws/install/px4_msgs/include/px4_msgs/px4_msgs/msg/detail/vehicle_control_mode__rosidl_typesupport_fastrtps_c.h\n'}
[0.750596] (px4_msgs) StdoutLine: {'line': b'-- Up-to-date: /home/maizaied03/ros2_ws/install/px4_msgs/include/px4_msgs/px4_msgs/msg/detail/vtol_vehicle_status__rosidl_typesupport_fastrtps_c.h\n'}
[0.750632] (px4_msgs) StdoutLine: {'line': b'-- Up-to-date: /home/maizaied03/ros2_ws/install/px4_msgs/include/px4_msgs/px4_msgs/msg/detail/actuator_outputs__rosidl_typesupport_fastrtps_c.h\n'}
[0.750670] (px4_msgs) StdoutLine: {'line': b'-- Up-to-date: /home/maizaied03/ros2_ws/install/px4_msgs/include/px4_msgs/px4_msgs/msg/detail/gpio_config__rosidl_typesupport_fastrtps_c.h\n'}
[0.750720] (px4_msgs) StdoutLine: {'line': b'-- Up-to-date: /home/maizaied03/ros2_ws/install/px4_msgs/include/px4_msgs/px4_msgs/msg/detail/trajectory_setpoint__rosidl_typesupport_fastrtps_c.h\n'}
[0.750769] (px4_msgs) StdoutLine: {'line': b'-- Up-to-date: /home/maizaied03/ros2_ws/install/px4_msgs/include/px4_msgs/px4_msgs/msg/detail/vehicle_attitude_setpoint__rosidl_typesupport_fastrtps_c.h\n'}
[0.750823] (px4_msgs) StdoutLine: {'line': b'-- Up-to-date: /home/maizaied03/ros2_ws/install/px4_msgs/include/px4_msgs/px4_msgs/msg/detail/internal_combustion_engine_control__rosidl_typesupport_fastrtps_c.h\n'}
[0.750869] (px4_msgs) StdoutLine: {'line': b'-- Up-to-date: /home/maizaied03/ros2_ws/install/px4_msgs/include/px4_msgs/px4_msgs/msg/detail/dataman_request__rosidl_typesupport_fastrtps_c.h\n'}
[0.750917] (px4_msgs) StdoutLine: {'line': b'-- Up-to-date: /home/maizaied03/ros2_ws/install/px4_msgs/include/px4_msgs/px4_msgs/msg/detail/register_ext_component_reply__rosidl_typesupport_fastrtps_c.h\n'}
[0.750962] (px4_msgs) StdoutLine: {'line': b'-- Up-to-date: /home/maizaied03/ros2_ws/install/px4_msgs/include/px4_msgs/px4_msgs/msg/detail/device_information__rosidl_typesupport_fastrtps_c.h\n'}
[0.751008] (px4_msgs) StdoutLine: {'line': b'-- Up-to-date: /home/maizaied03/ros2_ws/install/px4_msgs/include/px4_msgs/px4_msgs/msg/detail/geofence_status__rosidl_typesupport_fastrtps_c.h\n'}
[0.751053] (px4_msgs) StdoutLine: {'line': b'-- Up-to-date: /home/maizaied03/ros2_ws/install/px4_msgs/include/px4_msgs/px4_msgs/msg/detail/mission__rosidl_typesupport_fastrtps_c.h\n'}
[0.751099] (px4_msgs) StdoutLine: {'line': b'-- Up-to-date: /home/maizaied03/ros2_ws/install/px4_msgs/include/px4_msgs/px4_msgs/msg/detail/ping__rosidl_typesupport_fastrtps_c.h\n'}
[0.751151] (px4_msgs) StdoutLine: {'line': b'-- Up-to-date: /home/maizaied03/ros2_ws/install/px4_msgs/include/px4_msgs/px4_msgs/msg/detail/actuator_servos__rosidl_typesupport_fastrtps_c.h\n'}
[0.751196] (px4_msgs) StdoutLine: {'line': b'-- Up-to-date: /home/maizaied03/ros2_ws/install/px4_msgs/include/px4_msgs/px4_msgs/msg/detail/gpio_out__rosidl_typesupport_fastrtps_c.h\n'}
[0.751240] (px4_msgs) StdoutLine: {'line': b'-- Up-to-date: /home/maizaied03/ros2_ws/install/px4_msgs/include/px4_msgs/px4_msgs/msg/detail/rover_position_setpoint__rosidl_typesupport_fastrtps_c.h\n'}
[0.751288] (px4_msgs) StdoutLine: {'line': b'-- Up-to-date: /home/maizaied03/ros2_ws/install/px4_msgs/include/px4_msgs/px4_msgs/msg/detail/power_monitor__rosidl_typesupport_fastrtps_c.h\n'}
[0.751333] (px4_msgs) StdoutLine: {'line': b'-- Up-to-date: /home/maizaied03/ros2_ws/install/px4_msgs/include/px4_msgs/px4_msgs/msg/detail/raptor_status__rosidl_typesupport_fastrtps_c.h\n'}
[0.751378] (px4_msgs) StdoutLine: {'line': b'-- Up-to-date: /home/maizaied03/ros2_ws/install/px4_msgs/include/px4_msgs/px4_msgs/msg/detail/vehicle_magnetometer__rosidl_typesupport_fastrtps_c.h\n'}
[0.751427] (px4_msgs) StdoutLine: {'line': b'-- Up-to-date: /home/maizaied03/ros2_ws/install/px4_msgs/include/px4_msgs/px4_msgs/msg/detail/launch_detection_status__rosidl_typesupport_fastrtps_c.h\n'}
[0.751475] (px4_msgs) StdoutLine: {'line': b'-- Up-to-date: /home/maizaied03/ros2_ws/install/px4_msgs/include/px4_msgs/px4_msgs/msg/detail/figure_eight_status__rosidl_typesupport_fastrtps_c.h\n'}
[0.751522] (px4_msgs) StdoutLine: {'line': b'-- Up-to-date: /home/maizaied03/ros2_ws/install/px4_msgs/include/px4_msgs/px4_msgs/msg/detail/vehicle_land_detected__rosidl_typesupport_fastrtps_c.h\n'}
[0.751567] (px4_msgs) StdoutLine: {'line': b'-- Up-to-date: /home/maizaied03/ros2_ws/install/px4_msgs/include/px4_msgs/px4_msgs/msg/detail/ulog_stream__rosidl_typesupport_fastrtps_c.h\n'}
[0.751614] (px4_msgs) StdoutLine: {'line': b'-- Up-to-date: /home/maizaied03/ros2_ws/install/px4_msgs/include/px4_msgs/px4_msgs/msg/detail/internal_combustion_engine_status__rosidl_typesupport_fastrtps_c.h\n'}
[0.751659] (px4_msgs) StdoutLine: {'line': b'-- Up-to-date: /home/maizaied03/ros2_ws/install/px4_msgs/include/px4_msgs/px4_msgs/msg/detail/open_drone_id_arm_status__rosidl_typesupport_fastrtps_c.h\n'}
[0.751704] (px4_msgs) StdoutLine: {'line': b'-- Up-to-date: /home/maizaied03/ros2_ws/install/px4_msgs/include/px4_msgs/px4_msgs/msg/detail/gimbal_device_information__rosidl_typesupport_fastrtps_c.h\n'}
[0.751751] (px4_msgs) StdoutLine: {'line': b'-- Up-to-date: /home/maizaied03/ros2_ws/install/px4_msgs/include/px4_msgs/px4_msgs/msg/detail/sensor_selection__rosidl_typesupport_fastrtps_c.h\n'}
[0.751809] (px4_msgs) StdoutLine: {'line': b'-- Up-to-date: /home/maizaied03/ros2_ws/install/px4_msgs/include/px4_msgs/px4_msgs/msg/detail/gpio_request__rosidl_typesupport_fastrtps_c.h\n'}
[0.751859] (px4_msgs) StdoutLine: {'line': b'-- Up-to-date: /home/maizaied03/ros2_ws/install/px4_msgs/include/px4_msgs/px4_msgs/msg/detail/onboard_computer_status__rosidl_typesupport_fastrtps_c.h\n'}
[0.751912] (px4_msgs) StdoutLine: {'line': b'-- Up-to-date: /home/maizaied03/ros2_ws/install/px4_msgs/include/px4_msgs/px4_msgs/msg/detail/gimbal_manager_status__rosidl_typesupport_fastrtps_c.h\n'}
[0.751961] (px4_msgs) StdoutLine: {'line': b'-- Up-to-date: /home/maizaied03/ros2_ws/install/px4_msgs/include/px4_msgs/px4_msgs/msg/detail/px4io_status__rosidl_typesupport_fastrtps_c.h\n'}
[0.752009] (px4_msgs) StdoutLine: {'line': b'-- Up-to-date: /home/maizaied03/ros2_ws/install/px4_msgs/include/px4_msgs/px4_msgs/msg/detail/camera_capture__rosidl_typesupport_fastrtps_c.h\n'}
[0.752053] (px4_msgs) StdoutLine: {'line': b'-- Up-to-date: /home/maizaied03/ros2_ws/install/px4_msgs/include/px4_msgs/px4_msgs/msg/detail/distance_sensor_mode_change_request__rosidl_typesupport_fastrtps_c.h\n'}
[0.752106] (px4_msgs) StdoutLine: {'line': b'-- Up-to-date: /home/maizaied03/ros2_ws/install/px4_msgs/include/px4_msgs/px4_msgs/msg/detail/sensor_airflow__rosidl_typesupport_fastrtps_c.h\n'}
[0.752156] (px4_msgs) StdoutLine: {'line': b'-- Up-to-date: /home/maizaied03/ros2_ws/install/px4_msgs/include/px4_msgs/px4_msgs/msg/detail/control_allocator_status__rosidl_typesupport_fastrtps_c.h\n'}
[0.752200] (px4_msgs) StdoutLine: {'line': b'-- Up-to-date: /home/maizaied03/ros2_ws/install/px4_msgs/include/px4_msgs/px4_msgs/msg/detail/pwm_input__rosidl_typesupport_fastrtps_c.h\n'}
[0.752243] (px4_msgs) StdoutLine: {'line': b'-- Up-to-date: /home/maizaied03/ros2_ws/install/px4_msgs/include/px4_msgs/px4_msgs/msg/detail/fixed_wing_lateral_guidance_status__rosidl_typesupport_fastrtps_c.h\n'}
[0.752287] (px4_msgs) StdoutLine: {'line': b'-- Up-to-date: /home/maizaied03/ros2_ws/install/px4_msgs/include/px4_msgs/px4_msgs/msg/detail/rate_ctrl_status__rosidl_typesupport_fastrtps_c.h\n'}
[0.752330] (px4_msgs) StdoutLine: {'line': b'-- Up-to-date: /home/maizaied03/ros2_ws/install/px4_msgs/include/px4_msgs/px4_msgs/msg/detail/pure_pursuit_status__rosidl_typesupport_fastrtps_c.h\n'}
[0.752374] (px4_msgs) StdoutLine: {'line': b'-- Up-to-date: /home/maizaied03/ros2_ws/install/px4_msgs/include/px4_msgs/px4_msgs/msg/detail/message_format_request__rosidl_typesupport_fastrtps_c.h\n'}
[0.752418] (px4_msgs) StdoutLine: {'line': b'-- Up-to-date: /home/maizaied03/ros2_ws/install/px4_msgs/include/px4_msgs/px4_msgs/msg/detail/vehicle_rates_setpoint__rosidl_typesupport_fastrtps_c.h\n'}
[0.752463] (px4_msgs) StdoutLine: {'line': b'-- Up-to-date: /home/maizaied03/ros2_ws/install/px4_msgs/include/px4_msgs/px4_msgs/msg/detail/fuel_tank_status__rosidl_typesupport_fastrtps_c.h\n'}
[0.752507] (px4_msgs) StdoutLine: {'line': b'-- Up-to-date: /home/maizaied03/ros2_ws/install/px4_msgs/include/px4_msgs/px4_msgs/msg/detail/gimbal_manager_information__rosidl_typesupport_fastrtps_c.h\n'}
[0.752551] (px4_msgs) StdoutLine: {'line': b'-- Up-to-date: /home/maizaied03/ros2_ws/install/px4_msgs/include/px4_msgs/px4_msgs/msg/detail/open_drone_id_operator_id__rosidl_typesupport_fastrtps_c.h\n'}
[0.752596] (px4_msgs) StdoutLine: {'line': b'-- Up-to-date: /home/maizaied03/ros2_ws/install/px4_msgs/include/px4_msgs/px4_msgs/msg/detail/follow_target__rosidl_typesupport_fastrtps_c.h\n'}
[0.752644] (px4_msgs) StdoutLine: {'line': b'-- Up-to-date: /home/maizaied03/ros2_ws/install/px4_msgs/include/px4_msgs/px4_msgs/msg/detail/yaw_estimator_status__rosidl_typesupport_fastrtps_c.h\n'}
[0.752690] (px4_msgs) StdoutLine: {'line': b'-- Up-to-date: /home/maizaied03/ros2_ws/install/px4_msgs/include/px4_msgs/px4_msgs/msg/detail/arming_check_request__rosidl_typesupport_fastrtps_c.h\n'}
[0.752737] (px4_msgs) StdoutLine: {'line': b'-- Up-to-date: /home/maizaied03/ros2_ws/install/px4_msgs/include/px4_msgs/px4_msgs/msg/detail/health_report__rosidl_typesupport_fastrtps_c.h\n'}
[0.752788] (px4_msgs) StdoutLine: {'line': b'-- Up-to-date: /home/maizaied03/ros2_ws/install/px4_msgs/include/px4_msgs/px4_msgs/msg/detail/irlock_report__rosidl_typesupport_fastrtps_c.h\n'}
[0.752837] (px4_msgs) StdoutLine: {'line': b'-- Up-to-date: /home/maizaied03/ros2_ws/install/px4_msgs/include/px4_msgs/px4_msgs/msg/detail/vehicle_attitude__rosidl_typesupport_fastrtps_c.h\n'}
[0.752884] (px4_msgs) StdoutLine: {'line': b'-- Up-to-date: /home/maizaied03/ros2_ws/install/px4_msgs/include/px4_msgs/px4_msgs/msg/detail/debug_vect__rosidl_typesupport_fastrtps_c.h\n'}
[0.752930] (px4_msgs) StdoutLine: {'line': b'-- Up-to-date: /home/maizaied03/ros2_ws/install/px4_msgs/include/px4_msgs/px4_msgs/msg/detail/telemetry_status__rosidl_typesupport_fastrtps_c.h\n'}
[0.752974] (px4_msgs) StdoutLine: {'line': b'-- Up-to-date: /home/maizaied03/ros2_ws/install/px4_msgs/include/px4_msgs/px4_msgs/msg/detail/home_position__rosidl_typesupport_fastrtps_c.h\n'}
[0.753020] (px4_msgs) StdoutLine: {'line': b'-- Up-to-date: /home/maizaied03/ros2_ws/install/px4_msgs/include/px4_msgs/px4_msgs/msg/detail/estimator_aid_source1d__rosidl_typesupport_fastrtps_c.h\n'}
[0.753066] (px4_msgs) StdoutLine: {'line': b'-- Up-to-date: /home/maizaied03/ros2_ws/install/px4_msgs/include/px4_msgs/px4_msgs/msg/detail/vehicle_imu__rosidl_typesupport_fastrtps_c.h\n'}
[0.753122] (px4_msgs) StdoutLine: {'line': b'-- Up-to-date: /home/maizaied03/ros2_ws/install/px4_msgs/include/px4_msgs/px4_msgs/msg/detail/sensors_status_imu__rosidl_typesupport_fastrtps_c.h\n'}
[0.753170] (px4_msgs) StdoutLine: {'line': b'-- Up-to-date: /home/maizaied03/ros2_ws/install/px4_msgs/include/px4_msgs/px4_msgs/msg/detail/landing_gear__rosidl_typesupport_fastrtps_c.h\n'}
[0.753225] (px4_msgs) StdoutLine: {'line': b'-- Up-to-date: /home/maizaied03/ros2_ws/install/px4_msgs/include/px4_msgs/px4_msgs/msg/detail/ulog_stream_ack__rosidl_typesupport_fastrtps_c.h\n'}
[0.753273] (px4_msgs) StdoutLine: {'line': b'-- Up-to-date: /home/maizaied03/ros2_ws/install/px4_msgs/include/px4_msgs/px4_msgs/msg/detail/parameter_set_used_request__rosidl_typesupport_fastrtps_c.h\n'}
[0.753320] (px4_msgs) StdoutLine: {'line': b'-- Up-to-date: /home/maizaied03/ros2_ws/install/px4_msgs/include/px4_msgs/px4_msgs/msg/detail/sensor_gyro__rosidl_typesupport_fastrtps_c.h\n'}
[0.753368] (px4_msgs) StdoutLine: {'line': b'-- Up-to-date: /home/maizaied03/ros2_ws/install/px4_msgs/include/px4_msgs/px4_msgs/msg/detail/hover_thrust_estimate__rosidl_typesupport_fastrtps_c.h\n'}
[0.753414] (px4_msgs) StdoutLine: {'line': b'-- Up-to-date: /home/maizaied03/ros2_ws/install/px4_msgs/include/px4_msgs/px4_msgs/msg/detail/power_button_state__rosidl_typesupport_fastrtps_c.h\n'}
[0.753461] (px4_msgs) StdoutLine: {'line': b'-- Up-to-date: /home/maizaied03/ros2_ws/install/px4_msgs/include/px4_msgs/px4_msgs/msg/detail/normalized_unsigned_setpoint__rosidl_typesupport_fastrtps_c.h\n'}
[0.753508] (px4_msgs) StdoutLine: {'line': b'-- Up-to-date: /home/maizaied03/ros2_ws/install/px4_msgs/include/px4_msgs/px4_msgs/msg/detail/landing_target_pose__rosidl_typesupport_fastrtps_c.h\n'}
[0.753556] (px4_msgs) StdoutLine: {'line': b'-- Up-to-date: /home/maizaied03/ros2_ws/install/px4_msgs/include/px4_msgs/px4_msgs/msg/detail/flight_phase_estimation__rosidl_typesupport_fastrtps_c.h\n'}
[0.753604] (px4_msgs) StdoutLine: {'line': b'-- Up-to-date: /home/maizaied03/ros2_ws/install/px4_msgs/include/px4_msgs/px4_msgs/msg/detail/gimbal_device_set_attitude__rosidl_typesupport_fastrtps_c.h\n'}
[0.753654] (px4_msgs) StdoutLine: {'line': b'-- Up-to-date: /home/maizaied03/ros2_ws/install/px4_msgs/include/px4_msgs/px4_msgs/msg/detail/vehicle_imu_status__rosidl_typesupport_fastrtps_c.h\n'}
[0.753704] (px4_msgs) StdoutLine: {'line': b'-- Up-to-date: /home/maizaied03/ros2_ws/install/px4_msgs/include/px4_msgs/px4_msgs/msg/detail/actuator_armed__rosidl_typesupport_fastrtps_c.h\n'}
[0.753753] (px4_msgs) StdoutLine: {'line': b'-- Up-to-date: /home/maizaied03/ros2_ws/install/px4_msgs/include/px4_msgs/px4_msgs/msg/detail/can_interface_status__rosidl_typesupport_fastrtps_c.h\n'}
[0.753809] (px4_msgs) StdoutLine: {'line': b'-- Up-to-date: /home/maizaied03/ros2_ws/install/px4_msgs/include/px4_msgs/px4_msgs/msg/detail/fixed_wing_lateral_status__rosidl_typesupport_fastrtps_c.h\n'}
[0.753862] (px4_msgs) StdoutLine: {'line': b'-- Up-to-date: /home/maizaied03/ros2_ws/install/px4_msgs/include/px4_msgs/px4_msgs/msg/detail/landing_target_innovations__rosidl_typesupport_fastrtps_c.h\n'}
[0.753920] (px4_msgs) StdoutLine: {'line': b'-- Up-to-date: /home/maizaied03/ros2_ws/install/px4_msgs/include/px4_msgs/px4_msgs/msg/detail/rover_steering_setpoint__rosidl_typesupport_fastrtps_c.h\n'}
[0.753978] (px4_msgs) StdoutLine: {'line': b'-- Up-to-date: /home/maizaied03/ros2_ws/install/px4_msgs/include/px4_msgs/px4_msgs/msg/detail/rover_attitude_setpoint__rosidl_typesupport_fastrtps_c.h\n'}
[0.754031] (px4_msgs) StdoutLine: {'line': b'-- Up-to-date: /home/maizaied03/ros2_ws/install/px4_msgs/include/px4_msgs/px4_msgs/msg/detail/obstacle_distance__rosidl_typesupport_fastrtps_c.h\n'}
[0.754083] (px4_msgs) StdoutLine: {'line': b'-- Up-to-date: /home/maizaied03/ros2_ws/install/px4_msgs/include/px4_msgs/px4_msgs/msg/detail/sensor_preflight_mag__rosidl_typesupport_fastrtps_c.h\n'}
[0.754134] (px4_msgs) StdoutLine: {'line': b'-- Up-to-date: /home/maizaied03/ros2_ws/install/px4_msgs/include/px4_msgs/px4_msgs/msg/detail/rc_parameter_map__rosidl_typesupport_fastrtps_c.h\n'}
[0.754189] (px4_msgs) StdoutLine: {'line': b'-- Up-to-date: /home/maizaied03/ros2_ws/install/px4_msgs/include/px4_msgs/px4_msgs/msg/detail/estimator_status__rosidl_typesupport_fastrtps_c.h\n'}
[0.754240] (px4_msgs) StdoutLine: {'line': b'-- Up-to-date: /home/maizaied03/ros2_ws/install/px4_msgs/include/px4_msgs/px4_msgs/msg/detail/gps_dump__rosidl_typesupport_fastrtps_c.h\n'}
[0.754288] (px4_msgs) StdoutLine: {'line': b'-- Up-to-date: /home/maizaied03/ros2_ws/install/px4_msgs/include/px4_msgs/px4_msgs/msg/detail/estimator_aid_source2d__rosidl_typesupport_fastrtps_c.h\n'}
[0.754337] (px4_msgs) StdoutLine: {'line': b'-- Up-to-date: /home/maizaied03/ros2_ws/install/px4_msgs/include/px4_msgs/px4_msgs/msg/detail/led_control__rosidl_typesupport_fastrtps_c.h\n'}
[0.754386] (px4_msgs) StdoutLine: {'line': b'-- Up-to-date: /home/maizaied03/ros2_ws/install/px4_msgs/include/px4_msgs/px4_msgs/msg/detail/debug_array__rosidl_typesupport_fastrtps_c.h\n'}
[0.754434] (px4_msgs) StdoutLine: {'line': b'-- Up-to-date: /home/maizaied03/ros2_ws/install/px4_msgs/include/px4_msgs/px4_msgs/msg/detail/rover_speed_status__rosidl_typesupport_fastrtps_c.h\n'}
[0.754483] (px4_msgs) StdoutLine: {'line': b'-- Up-to-date: /home/maizaied03/ros2_ws/install/px4_msgs/include/px4_msgs/px4_msgs/msg/detail/position_setpoint__rosidl_typesupport_fastrtps_c.h\n'}
[0.754531] (px4_msgs) StdoutLine: {'line': b'-- Up-to-date: /home/maizaied03/ros2_ws/install/px4_msgs/include/px4_msgs/px4_msgs/msg/detail/vehicle_command__rosidl_typesupport_fastrtps_c.h\n'}
[0.754579] (px4_msgs) StdoutLine: {'line': b'-- Up-to-date: /home/maizaied03/ros2_ws/install/px4_msgs/include/px4_msgs/px4_msgs/msg/detail/orbit_status__rosidl_typesupport_fastrtps_c.h\n'}
[0.754635] (px4_msgs) StdoutLine: {'line': b'-- Up-to-date: /home/maizaied03/ros2_ws/install/px4_msgs/include/px4_msgs/px4_msgs/msg/detail/vehicle_optical_flow__rosidl_typesupport_fastrtps_c.h\n'}
[0.754703] (px4_msgs) StdoutLine: {'line': b'-- Up-to-date: /home/maizaied03/ros2_ws/install/px4_msgs/include/px4_msgs/px4_msgs/msg/detail/wind__rosidl_typesupport_fastrtps_c.h\n'}
[0.754754] (px4_msgs) StdoutLine: {'line': b'-- Up-to-date: /home/maizaied03/ros2_ws/install/px4_msgs/include/px4_msgs/px4_msgs/msg/detail/airspeed__rosidl_typesupport_fastrtps_c.h\n'}
[0.754809] (px4_msgs) StdoutLine: {'line': b'-- Up-to-date: /home/maizaied03/ros2_ws/install/px4_msgs/include/px4_msgs/px4_msgs/msg/detail/adc_report__rosidl_typesupport_fastrtps_c.h\n'}
[0.754862] (px4_msgs) StdoutLine: {'line': b'-- Up-to-date: /home/maizaied03/ros2_ws/install/px4_msgs/include/px4_msgs/px4_msgs/msg/detail/rtl_status__rosidl_typesupport_fastrtps_c.h\n'}
[0.754914] (px4_msgs) StdoutLine: {'line': b'-- Up-to-date: /home/maizaied03/ros2_ws/install/px4_msgs/include/px4_msgs/px4_msgs/msg/detail/gripper__rosidl_typesupport_fastrtps_c.h\n'}
[0.754965] (px4_msgs) StdoutLine: {'line': b'-- Up-to-date: /home/maizaied03/ros2_ws/install/px4_msgs/include/px4_msgs/px4_msgs/msg/detail/cpuload__rosidl_typesupport_fastrtps_c.h\n'}
[0.755014] (px4_msgs) StdoutLine: {'line': b'-- Up-to-date: /home/maizaied03/ros2_ws/install/px4_msgs/include/px4_msgs/px4_msgs/msg/detail/qshell_retval__rosidl_typesupport_fastrtps_c.h\n'}
[0.755051] (px4_msgs) StdoutLine: {'line': b'-- Up-to-date: /home/maizaied03/ros2_ws/install/px4_msgs/include/px4_msgs/px4_msgs/srv\n'}
[0.755090] (px4_msgs) StdoutLine: {'line': b'-- Up-to-date: /home/maizaied03/ros2_ws/install/px4_msgs/include/px4_msgs/px4_msgs/srv/detail\n'}
[0.755128] (px4_msgs) StdoutLine: {'line': b'-- Up-to-date: /home/maizaied03/ros2_ws/install/px4_msgs/include/px4_msgs/px4_msgs/srv/detail/vehicle_command__rosidl_typesupport_fastrtps_c.h\n'}
[0.755164] (px4_msgs) StdoutLine: {'line': b'-- Up-to-date: /home/maizaied03/ros2_ws/install/px4_msgs/lib/libpx4_msgs__rosidl_typesupport_fastrtps_c.so\n'}
[0.755202] (px4_msgs) StdoutLine: {'line': b'-- Up-to-date: /home/maizaied03/ros2_ws/install/px4_msgs/include/px4_msgs/px4_msgs\n'}
[0.755246] (px4_msgs) StdoutLine: {'line': b'-- Up-to-date: /home/maizaied03/ros2_ws/install/px4_msgs/include/px4_msgs/px4_msgs/msg\n'}
[0.755294] (px4_msgs) StdoutLine: {'line': b'-- Up-to-date: /home/maizaied03/ros2_ws/install/px4_msgs/include/px4_msgs/px4_msgs/msg/failure_detector_status.hpp\n'}
[0.755327] (px4_msgs) StdoutLine: {'line': b'-- Up-to-date: /home/maizaied03/ros2_ws/install/px4_msgs/include/px4_msgs/px4_msgs/msg/radio_status.hpp\n'}
[0.755364] (px4_msgs) StdoutLine: {'line': b'-- Up-to-date: /home/maizaied03/ros2_ws/install/px4_msgs/include/px4_msgs/px4_msgs/msg/rate_ctrl_status.hpp\n'}
[0.755411] (px4_msgs) StdoutLine: {'line': b'-- Up-to-date: /home/maizaied03/ros2_ws/install/px4_msgs/include/px4_msgs/px4_msgs/msg/debug_value.hpp\n'}
[0.755456] (px4_msgs) StdoutLine: {'line': b'-- Up-to-date: /home/maizaied03/ros2_ws/install/px4_msgs/include/px4_msgs/px4_msgs/msg/ekf2_timestamps.hpp\n'}
[0.755523] (px4_msgs) StdoutLine: {'line': b'-- Up-to-date: /home/maizaied03/ros2_ws/install/px4_msgs/include/px4_msgs/px4_msgs/msg/estimator_sensor_bias.hpp\n'}
[0.755562] (px4_msgs) StdoutLine: {'line': b'-- Up-to-date: /home/maizaied03/ros2_ws/install/px4_msgs/include/px4_msgs/px4_msgs/msg/home_position.hpp\n'}
[0.755595] (px4_msgs) StdoutLine: {'line': b'-- Up-to-date: /home/maizaied03/ros2_ws/install/px4_msgs/include/px4_msgs/px4_msgs/msg/distance_sensor_mode_change_request.hpp\n'}
[0.755628] (px4_msgs) StdoutLine: {'line': b'-- Up-to-date: /home/maizaied03/ros2_ws/install/px4_msgs/include/px4_msgs/px4_msgs/msg/flight_phase_estimation.hpp\n'}
[0.755673] (px4_msgs) StdoutLine: {'line': b'-- Up-to-date: /home/maizaied03/ros2_ws/install/px4_msgs/include/px4_msgs/px4_msgs/msg/message_format_request.hpp\n'}
[0.755723] (px4_msgs) StdoutLine: {'line': b'-- Up-to-date: /home/maizaied03/ros2_ws/install/px4_msgs/include/px4_msgs/px4_msgs/msg/task_stack_info.hpp\n'}
[0.755774] (px4_msgs) StdoutLine: {'line': b'-- Up-to-date: /home/maizaied03/ros2_ws/install/px4_msgs/include/px4_msgs/px4_msgs/msg/sensor_gyro_fifo.hpp\n'}
[0.755811] (px4_msgs) StdoutLine: {'line': b'-- Up-to-date: /home/maizaied03/ros2_ws/install/px4_msgs/include/px4_msgs/px4_msgs/msg/landing_gear_wheel.hpp\n'}
[0.755844] (px4_msgs) StdoutLine: {'line': b'-- Up-to-date: /home/maizaied03/ros2_ws/install/px4_msgs/include/px4_msgs/px4_msgs/msg/wind.hpp\n'}
[0.755876] (px4_msgs) StdoutLine: {'line': b'-- Up-to-date: /home/maizaied03/ros2_ws/install/px4_msgs/include/px4_msgs/px4_msgs/msg/distance_sensor.hpp\n'}
[0.755908] (px4_msgs) StdoutLine: {'line': b'-- Up-to-date: /home/maizaied03/ros2_ws/install/px4_msgs/include/px4_msgs/px4_msgs/msg/rc_channels.hpp\n'}
[0.755940] (px4_msgs) StdoutLine: {'line': b'-- Up-to-date: /home/maizaied03/ros2_ws/install/px4_msgs/include/px4_msgs/px4_msgs/msg/mount_orientation.hpp\n'}
[0.755981] (px4_msgs) StdoutLine: {'line': b'-- Up-to-date: /home/maizaied03/ros2_ws/install/px4_msgs/include/px4_msgs/px4_msgs/msg/longitudinal_control_configuration.hpp\n'}
[0.756014] (px4_msgs) StdoutLine: {'line': b'-- Up-to-date: /home/maizaied03/ros2_ws/install/px4_msgs/include/px4_msgs/px4_msgs/msg/launch_detection_status.hpp\n'}
[0.756055] (px4_msgs) StdoutLine: {'line': b'-- Up-to-date: /home/maizaied03/ros2_ws/install/px4_msgs/include/px4_msgs/px4_msgs/msg/rover_steering_setpoint.hpp\n'}
[0.756095] (px4_msgs) StdoutLine: {'line': b'-- Up-to-date: /home/maizaied03/ros2_ws/install/px4_msgs/include/px4_msgs/px4_msgs/msg/log_message.hpp\n'}
[0.756133] (px4_msgs) StdoutLine: {'line': b'-- Up-to-date: /home/maizaied03/ros2_ws/install/px4_msgs/include/px4_msgs/px4_msgs/msg/fixed_wing_runway_control.hpp\n'}
[0.756181] (px4_msgs) StdoutLine: {'line': b'-- Up-to-date: /home/maizaied03/ros2_ws/install/px4_msgs/include/px4_msgs/px4_msgs/msg/register_ext_component_reply.hpp\n'}
[0.756219] (px4_msgs) StdoutLine: {'line': b'-- Up-to-date: /home/maizaied03/ros2_ws/install/px4_msgs/include/px4_msgs/px4_msgs/msg/follow_target_status.hpp\n'}
[0.756257] (px4_msgs) StdoutLine: {'line': b'-- Up-to-date: /home/maizaied03/ros2_ws/install/px4_msgs/include/px4_msgs/px4_msgs/msg/estimator_status.hpp\n'}
[0.756297] (px4_msgs) StdoutLine: {'line': b'-- Up-to-date: /home/maizaied03/ros2_ws/install/px4_msgs/include/px4_msgs/px4_msgs/msg/velocity_limits.hpp\n'}
[0.756334] (px4_msgs) StdoutLine: {'line': b'-- Up-to-date: /home/maizaied03/ros2_ws/install/px4_msgs/include/px4_msgs/px4_msgs/msg/vehicle_attitude_setpoint.hpp\n'}
[0.756373] (px4_msgs) StdoutLine: {'line': b'-- Up-to-date: /home/maizaied03/ros2_ws/install/px4_msgs/include/px4_msgs/px4_msgs/msg/sensor_uwb.hpp\n'}
[0.756409] (px4_msgs) StdoutLine: {'line': b'-- Up-to-date: /home/maizaied03/ros2_ws/install/px4_msgs/include/px4_msgs/px4_msgs/msg/battery_info.hpp\n'}
[0.756446] (px4_msgs) StdoutLine: {'line': b'-- Up-to-date: /home/maizaied03/ros2_ws/install/px4_msgs/include/px4_msgs/px4_msgs/msg/position_controller_status.hpp\n'}
[0.756484] (px4_msgs) StdoutLine: {'line': b'-- Up-to-date: /home/maizaied03/ros2_ws/install/px4_msgs/include/px4_msgs/px4_msgs/msg/sensor_gyro.hpp\n'}
[0.756521] (px4_msgs) StdoutLine: {'line': b'-- Up-to-date: /home/maizaied03/ros2_ws/install/px4_msgs/include/px4_msgs/px4_msgs/msg/lateral_control_configuration.hpp\n'}
[0.756557] (px4_msgs) StdoutLine: {'line': b'-- Up-to-date: /home/maizaied03/ros2_ws/install/px4_msgs/include/px4_msgs/px4_msgs/msg/internal_combustion_engine_status.hpp\n'}
[0.756596] (px4_msgs) StdoutLine: {'line': b'-- Up-to-date: /home/maizaied03/ros2_ws/install/px4_msgs/include/px4_msgs/px4_msgs/msg/arming_check_reply.hpp\n'}
[0.756633] (px4_msgs) StdoutLine: {'line': b'-- Up-to-date: /home/maizaied03/ros2_ws/install/px4_msgs/include/px4_msgs/px4_msgs/msg/message_format_response.hpp\n'}
[0.756669] (px4_msgs) StdoutLine: {'line': b'-- Up-to-date: /home/maizaied03/ros2_ws/install/px4_msgs/include/px4_msgs/px4_msgs/msg/actuator_outputs.hpp\n'}
[0.756712] (px4_msgs) StdoutLine: {'line': b'-- Up-to-date: /home/maizaied03/ros2_ws/install/px4_msgs/include/px4_msgs/px4_msgs/msg/sensor_preflight_mag.hpp\n'}
[0.756748] (px4_msgs) StdoutLine: {'line': b'-- Up-to-date: /home/maizaied03/ros2_ws/install/px4_msgs/include/px4_msgs/px4_msgs/msg/gpio_config.hpp\n'}
[0.756797] (px4_msgs) StdoutLine: {'line': b'-- Up-to-date: /home/maizaied03/ros2_ws/install/px4_msgs/include/px4_msgs/px4_msgs/msg/uavcan_parameter_request.hpp\n'}
[0.756837] (px4_msgs) StdoutLine: {'line': b'-- Up-to-date: /home/maizaied03/ros2_ws/install/px4_msgs/include/px4_msgs/px4_msgs/msg/estimator_aid_source2d.hpp\n'}
[0.756875] (px4_msgs) StdoutLine: {'line': b'-- Up-to-date: /home/maizaied03/ros2_ws/install/px4_msgs/include/px4_msgs/px4_msgs/msg/dataman_request.hpp\n'}
[0.756912] (px4_msgs) StdoutLine: {'line': b'-- Up-to-date: /home/maizaied03/ros2_ws/install/px4_msgs/include/px4_msgs/px4_msgs/msg/position_setpoint.hpp\n'}
[0.756950] (px4_msgs) StdoutLine: {'line': b'-- Up-to-date: /home/maizaied03/ros2_ws/install/px4_msgs/include/px4_msgs/px4_msgs/msg/fixed_wing_longitudinal_setpoint.hpp\n'}
[0.756989] (px4_msgs) StdoutLine: {'line': b'-- Up-to-date: /home/maizaied03/ros2_ws/install/px4_msgs/include/px4_msgs/px4_msgs/msg/iridiumsbd_status.hpp\n'}
[0.757027] (px4_msgs) StdoutLine: {'line': b'-- Up-to-date: /home/maizaied03/ros2_ws/install/px4_msgs/include/px4_msgs/px4_msgs/msg/manual_control_switches.hpp\n'}
[0.757065] (px4_msgs) StdoutLine: {'line': b'-- Up-to-date: /home/maizaied03/ros2_ws/install/px4_msgs/include/px4_msgs/px4_msgs/msg/estimator_innovations.hpp\n'}
[0.757104] (px4_msgs) StdoutLine: {'line': b'-- Up-to-date: /home/maizaied03/ros2_ws/install/px4_msgs/include/px4_msgs/px4_msgs/msg/pure_pursuit_status.hpp\n'}
[0.757143] (px4_msgs) StdoutLine: {'line': b'-- Up-to-date: /home/maizaied03/ros2_ws/install/px4_msgs/include/px4_msgs/px4_msgs/msg/estimator_event_flags.hpp\n'}
[0.757187] (px4_msgs) StdoutLine: {'line': b'-- Up-to-date: /home/maizaied03/ros2_ws/install/px4_msgs/include/px4_msgs/px4_msgs/msg/camera_capture.hpp\n'}
[0.757223] (px4_msgs) StdoutLine: {'line': b'-- Up-to-date: /home/maizaied03/ros2_ws/install/px4_msgs/include/px4_msgs/px4_msgs/msg/goto_setpoint.hpp\n'}
[0.757263] (px4_msgs) StdoutLine: {'line': b'-- Up-to-date: /home/maizaied03/ros2_ws/install/px4_msgs/include/px4_msgs/px4_msgs/msg/dronecan_node_status.hpp\n'}
[0.757299] (px4_msgs) StdoutLine: {'line': b'-- Up-to-date: /home/maizaied03/ros2_ws/install/px4_msgs/include/px4_msgs/px4_msgs/msg/sensor_accel.hpp\n'}
[0.757336] (px4_msgs) StdoutLine: {'line': b'-- Up-to-date: /home/maizaied03/ros2_ws/install/px4_msgs/include/px4_msgs/px4_msgs/msg/airspeed.hpp\n'}
[0.757372] (px4_msgs) StdoutLine: {'line': b'-- Up-to-date: /home/maizaied03/ros2_ws/install/px4_msgs/include/px4_msgs/px4_msgs/msg/mavlink_tunnel.hpp\n'}
[0.757409] (px4_msgs) StdoutLine: {'line': b'-- Up-to-date: /home/maizaied03/ros2_ws/install/px4_msgs/include/px4_msgs/px4_msgs/msg/sensor_gnss_relative.hpp\n'}
[0.757446] (px4_msgs) StdoutLine: {'line': b'-- Up-to-date: /home/maizaied03/ros2_ws/install/px4_msgs/include/px4_msgs/px4_msgs/msg/orb_test_large.hpp\n'}
[0.757483] (px4_msgs) StdoutLine: {'line': b'-- Up-to-date: /home/maizaied03/ros2_ws/install/px4_msgs/include/px4_msgs/px4_msgs/msg/unregister_ext_component.hpp\n'}
[0.757519] (px4_msgs) StdoutLine: {'line': b'-- Up-to-date: /home/maizaied03/ros2_ws/install/px4_msgs/include/px4_msgs/px4_msgs/msg/px4io_status.hpp\n'}
[0.757555] (px4_msgs) StdoutLine: {'line': b'-- Up-to-date: /home/maizaied03/ros2_ws/install/px4_msgs/include/px4_msgs/px4_msgs/msg/vehicle_control_mode.hpp\n'}
[0.757604] (px4_msgs) StdoutLine: {'line': b'-- Up-to-date: /home/maizaied03/ros2_ws/install/px4_msgs/include/px4_msgs/px4_msgs/msg/actuator_servos_trim.hpp\n'}
[0.757641] (px4_msgs) StdoutLine: {'line': b'-- Up-to-date: /home/maizaied03/ros2_ws/install/px4_msgs/include/px4_msgs/px4_msgs/msg/sensor_gps.hpp\n'}
[0.757678] (px4_msgs) StdoutLine: {'line': b'-- Up-to-date: /home/maizaied03/ros2_ws/install/px4_msgs/include/px4_msgs/px4_msgs/msg/parameter_update.hpp\n'}
[0.757715] (px4_msgs) StdoutLine: {'line': b'-- Up-to-date: /home/maizaied03/ros2_ws/install/px4_msgs/include/px4_msgs/px4_msgs/msg/navigator_status.hpp\n'}
[0.757753] (px4_msgs) StdoutLine: {'line': b'-- Up-to-date: /home/maizaied03/ros2_ws/install/px4_msgs/include/px4_msgs/px4_msgs/msg/estimator_gps_status.hpp\n'}
[0.757798] (px4_msgs) StdoutLine: {'line': b'-- Up-to-date: /home/maizaied03/ros2_ws/install/px4_msgs/include/px4_msgs/px4_msgs/msg/rosidl_generator_cpp__visibility_control.hpp\n'}
[0.757835] (px4_msgs) StdoutLine: {'line': b'-- Up-to-date: /home/maizaied03/ros2_ws/install/px4_msgs/include/px4_msgs/px4_msgs/msg/dataman_response.hpp\n'}
[0.757872] (px4_msgs) StdoutLine: {'line': b'-- Up-to-date: /home/maizaied03/ros2_ws/install/px4_msgs/include/px4_msgs/px4_msgs/msg/rtl_time_estimate.hpp\n'}
[0.757909] (px4_msgs) StdoutLine: {'line': b'-- Up-to-date: /home/maizaied03/ros2_ws/install/px4_msgs/include/px4_msgs/px4_msgs/msg/parameter_set_value_response.hpp\n'}
[0.757947] (px4_msgs) StdoutLine: {'line': b'-- Up-to-date: /home/maizaied03/ros2_ws/install/px4_msgs/include/px4_msgs/px4_msgs/msg/cpuload.hpp\n'}
[0.757984] (px4_msgs) StdoutLine: {'line': b'-- Up-to-date: /home/maizaied03/ros2_ws/install/px4_msgs/include/px4_msgs/px4_msgs/msg/sensor_mag.hpp\n'}
[0.758026] (px4_msgs) StdoutLine: {'line': b'-- Up-to-date: /home/maizaied03/ros2_ws/install/px4_msgs/include/px4_msgs/px4_msgs/msg/sensor_baro.hpp\n'}
[0.758062] (px4_msgs) StdoutLine: {'line': b'-- Up-to-date: /home/maizaied03/ros2_ws/install/px4_msgs/include/px4_msgs/px4_msgs/msg/rover_rate_setpoint.hpp\n'}
[0.758099] (px4_msgs) StdoutLine: {'line': b'-- Up-to-date: /home/maizaied03/ros2_ws/install/px4_msgs/include/px4_msgs/px4_msgs/msg/cellular_status.hpp\n'}
[0.758135] (px4_msgs) StdoutLine: {'line': b'-- Up-to-date: /home/maizaied03/ros2_ws/install/px4_msgs/include/px4_msgs/px4_msgs/msg/vehicle_command.hpp\n'}
[0.758172] (px4_msgs) StdoutLine: {'line': b'-- Up-to-date: /home/maizaied03/ros2_ws/install/px4_msgs/include/px4_msgs/px4_msgs/msg/open_drone_id_system.hpp\n'}
[0.758209] (px4_msgs) StdoutLine: {'line': b'-- Up-to-date: /home/maizaied03/ros2_ws/install/px4_msgs/include/px4_msgs/px4_msgs/msg/gimbal_manager_status.hpp\n'}
[0.758248] (px4_msgs) StdoutLine: {'line': b'-- Up-to-date: /home/maizaied03/ros2_ws/install/px4_msgs/include/px4_msgs/px4_msgs/msg/normalized_unsigned_setpoint.hpp\n'}
[0.758285] (px4_msgs) StdoutLine: {'line': b'-- Up-to-date: /home/maizaied03/ros2_ws/install/px4_msgs/include/px4_msgs/px4_msgs/msg/parameter_reset_request.hpp\n'}
[0.758322] (px4_msgs) StdoutLine: {'line': b'-- Up-to-date: /home/maizaied03/ros2_ws/install/px4_msgs/include/px4_msgs/px4_msgs/msg/vehicle_constraints.hpp\n'}
[0.758358] (px4_msgs) StdoutLine: {'line': b'-- Up-to-date: /home/maizaied03/ros2_ws/install/px4_msgs/include/px4_msgs/px4_msgs/msg/esc_report.hpp\n'}
[0.758396] (px4_msgs) StdoutLine: {'line': b'-- Up-to-date: /home/maizaied03/ros2_ws/install/px4_msgs/include/px4_msgs/px4_msgs/msg/sensor_correction.hpp\n'}
[0.758431] (px4_msgs) StdoutLine: {'line': b'-- Up-to-date: /home/maizaied03/ros2_ws/install/px4_msgs/include/px4_msgs/px4_msgs/msg/trajectory_setpoint.hpp\n'}
[0.758467] (px4_msgs) StdoutLine: {'line': b'-- Up-to-date: /home/maizaied03/ros2_ws/install/px4_msgs/include/px4_msgs/px4_msgs/msg/obstacle_distance.hpp\n'}
[0.758505] (px4_msgs) StdoutLine: {'line': b'-- Up-to-date: /home/maizaied03/ros2_ws/install/px4_msgs/include/px4_msgs/px4_msgs/msg/actuator_motors.hpp\n'}
[0.758540] (px4_msgs) StdoutLine: {'line': b'-- Up-to-date: /home/maizaied03/ros2_ws/install/px4_msgs/include/px4_msgs/px4_msgs/msg/figure_eight_status.hpp\n'}
[0.758578] (px4_msgs) StdoutLine: {'line': b'-- Up-to-date: /home/maizaied03/ros2_ws/install/px4_msgs/include/px4_msgs/px4_msgs/msg/sensor_airflow.hpp\n'}
[0.758614] (px4_msgs) StdoutLine: {'line': b'-- Up-to-date: /home/maizaied03/ros2_ws/install/px4_msgs/include/px4_msgs/px4_msgs/msg/gimbal_device_set_attitude.hpp\n'}
[0.758652] (px4_msgs) StdoutLine: {'line': b'-- Up-to-date: /home/maizaied03/ros2_ws/install/px4_msgs/include/px4_msgs/px4_msgs/msg/takeoff_status.hpp\n'}
[0.758689] (px4_msgs) StdoutLine: {'line': b'-- Up-to-date: /home/maizaied03/ros2_ws/install/px4_msgs/include/px4_msgs/px4_msgs/msg/gpio_in.hpp\n'}
[0.758726] (px4_msgs) StdoutLine: {'line': b'-- Up-to-date: /home/maizaied03/ros2_ws/install/px4_msgs/include/px4_msgs/px4_msgs/msg/uavcan_parameter_value.hpp\n'}
[0.758765] (px4_msgs) StdoutLine: {'line': b'-- Up-to-date: /home/maizaied03/ros2_ws/install/px4_msgs/include/px4_msgs/px4_msgs/msg/autotune_attitude_control_status.hpp\n'}
[0.758810] (px4_msgs) StdoutLine: {'line': b'-- Up-to-date: /home/maizaied03/ros2_ws/install/px4_msgs/include/px4_msgs/px4_msgs/msg/sensor_temp.hpp\n'}
[0.758847] (px4_msgs) StdoutLine: {'line': b'-- Up-to-date: /home/maizaied03/ros2_ws/install/px4_msgs/include/px4_msgs/px4_msgs/msg/event.hpp\n'}
[0.758884] (px4_msgs) StdoutLine: {'line': b'-- Up-to-date: /home/maizaied03/ros2_ws/install/px4_msgs/include/px4_msgs/px4_msgs/msg/vehicle_optical_flow_vel.hpp\n'}
[0.758922] (px4_msgs) StdoutLine: {'line': b'-- Up-to-date: /home/maizaied03/ros2_ws/install/px4_msgs/include/px4_msgs/px4_msgs/msg/arming_check_request.hpp\n'}
[0.758959] (px4_msgs) StdoutLine: {'line': b'-- Up-to-date: /home/maizaied03/ros2_ws/install/px4_msgs/include/px4_msgs/px4_msgs/msg/vehicle_local_position.hpp\n'}
[0.759001] (px4_msgs) StdoutLine: {'line': b'-- Up-to-date: /home/maizaied03/ros2_ws/install/px4_msgs/include/px4_msgs/px4_msgs/msg/geofence_status.hpp\n'}
[0.759038] (px4_msgs) StdoutLine: {'line': b'-- Up-to-date: /home/maizaied03/ros2_ws/install/px4_msgs/include/px4_msgs/px4_msgs/msg/internal_combustion_engine_control.hpp\n'}
[0.759076] (px4_msgs) StdoutLine: {'line': b'-- Up-to-date: /home/maizaied03/ros2_ws/install/px4_msgs/include/px4_msgs/px4_msgs/msg/wheel_encoders.hpp\n'}
[0.759110] (px4_msgs) StdoutLine: {'line': b'-- Up-to-date: /home/maizaied03/ros2_ws/install/px4_msgs/include/px4_msgs/px4_msgs/msg/gimbal_manager_information.hpp\n'}
[0.759145] (px4_msgs) StdoutLine: {'line': b'-- Up-to-date: /home/maizaied03/ros2_ws/install/px4_msgs/include/px4_msgs/px4_msgs/msg/airspeed_wind.hpp\n'}
[0.759176] (px4_msgs) StdoutLine: {'line': b'-- Up-to-date: /home/maizaied03/ros2_ws/install/px4_msgs/include/px4_msgs/px4_msgs/msg/vehicle_angular_acceleration_setpoint.hpp\n'}
[0.759214] (px4_msgs) StdoutLine: {'line': b'-- Up-to-date: /home/maizaied03/ros2_ws/install/px4_msgs/include/px4_msgs/px4_msgs/msg/gps_dump.hpp\n'}
[0.759250] (px4_msgs) StdoutLine: {'line': b'-- Up-to-date: /home/maizaied03/ros2_ws/install/px4_msgs/include/px4_msgs/px4_msgs/msg/satellite_info.hpp\n'}
[0.759282] (px4_msgs) StdoutLine: {'line': b'-- Up-to-date: /home/maizaied03/ros2_ws/install/px4_msgs/include/px4_msgs/px4_msgs/msg/rover_speed_status.hpp\n'}
[0.759317] (px4_msgs) StdoutLine: {'line': b'-- Up-to-date: /home/maizaied03/ros2_ws/install/px4_msgs/include/px4_msgs/px4_msgs/msg/fixed_wing_lateral_status.hpp\n'}
[0.759355] (px4_msgs) StdoutLine: {'line': b'-- Up-to-date: /home/maizaied03/ros2_ws/install/px4_msgs/include/px4_msgs/px4_msgs/msg/action_request.hpp\n'}
[0.759390] (px4_msgs) StdoutLine: {'line': b'-- Up-to-date: /home/maizaied03/ros2_ws/install/px4_msgs/include/px4_msgs/px4_msgs/msg/vehicle_attitude.hpp\n'}
[0.759427] (px4_msgs) StdoutLine: {'line': b'-- Up-to-date: /home/maizaied03/ros2_ws/install/px4_msgs/include/px4_msgs/px4_msgs/msg/vehicle_thrust_setpoint.hpp\n'}
[0.759464] (px4_msgs) StdoutLine: {'line': b'-- Up-to-date: /home/maizaied03/ros2_ws/install/px4_msgs/include/px4_msgs/px4_msgs/msg/neural_control.hpp\n'}
[0.759500] (px4_msgs) StdoutLine: {'line': b'-- Up-to-date: /home/maizaied03/ros2_ws/install/px4_msgs/include/px4_msgs/px4_msgs/msg/tecs_status.hpp\n'}
[0.759537] (px4_msgs) StdoutLine: {'line': b'-- Up-to-date: /home/maizaied03/ros2_ws/install/px4_msgs/include/px4_msgs/px4_msgs/msg/gimbal_manager_set_manual_control.hpp\n'}
[0.759573] (px4_msgs) StdoutLine: {'line': b'-- Up-to-date: /home/maizaied03/ros2_ws/install/px4_msgs/include/px4_msgs/px4_msgs/msg/sensor_selection.hpp\n'}
[0.759609] (px4_msgs) StdoutLine: {'line': b'-- Up-to-date: /home/maizaied03/ros2_ws/install/px4_msgs/include/px4_msgs/px4_msgs/msg/camera_trigger.hpp\n'}
[0.759646] (px4_msgs) StdoutLine: {'line': b'-- Up-to-date: /home/maizaied03/ros2_ws/install/px4_msgs/include/px4_msgs/px4_msgs/msg/actuator_armed.hpp\n'}
[0.759683] (px4_msgs) StdoutLine: {'line': b'-- Up-to-date: /home/maizaied03/ros2_ws/install/px4_msgs/include/px4_msgs/px4_msgs/msg/differential_pressure.hpp\n'}
[0.759720] (px4_msgs) StdoutLine: {'line': b'-- Up-to-date: /home/maizaied03/ros2_ws/install/px4_msgs/include/px4_msgs/px4_msgs/msg/position_setpoint_triplet.hpp\n'}
[0.759756] (px4_msgs) StdoutLine: {'line': b'-- Up-to-date: /home/maizaied03/ros2_ws/install/px4_msgs/include/px4_msgs/px4_msgs/msg/raptor_status.hpp\n'}
[0.759800] (px4_msgs) StdoutLine: {'line': b'-- Up-to-date: /home/maizaied03/ros2_ws/install/px4_msgs/include/px4_msgs/px4_msgs/msg/can_interface_status.hpp\n'}
[0.759837] (px4_msgs) StdoutLine: {'line': b'-- Up-to-date: /home/maizaied03/ros2_ws/install/px4_msgs/include/px4_msgs/px4_msgs/msg/orbit_status.hpp\n'}
[0.759874] (px4_msgs) StdoutLine: {'line': b'-- Up-to-date: /home/maizaied03/ros2_ws/install/px4_msgs/include/px4_msgs/px4_msgs/msg/gimbal_device_information.hpp\n'}
[0.759911] (px4_msgs) StdoutLine: {'line': b'-- Up-to-date: /home/maizaied03/ros2_ws/install/px4_msgs/include/px4_msgs/px4_msgs/msg/parameter_set_value_request.hpp\n'}
[0.759948] (px4_msgs) StdoutLine: {'line': b'-- Up-to-date: /home/maizaied03/ros2_ws/install/px4_msgs/include/px4_msgs/px4_msgs/msg/sensor_accel_fifo.hpp\n'}
[0.759985] (px4_msgs) StdoutLine: {'line': b'-- Up-to-date: /home/maizaied03/ros2_ws/install/px4_msgs/include/px4_msgs/px4_msgs/msg/timesync_status.hpp\n'}
[0.760021] (px4_msgs) StdoutLine: {'line': b'-- Up-to-date: /home/maizaied03/ros2_ws/install/px4_msgs/include/px4_msgs/px4_msgs/msg/camera_status.hpp\n'}
[0.760058] (px4_msgs) StdoutLine: {'line': b'-- Up-to-date: /home/maizaied03/ros2_ws/install/px4_msgs/include/px4_msgs/px4_msgs/msg/hover_thrust_estimate.hpp\n'}
[0.760095] (px4_msgs) StdoutLine: {'line': b'-- Up-to-date: /home/maizaied03/ros2_ws/install/px4_msgs/include/px4_msgs/px4_msgs/msg/heater_status.hpp\n'}
[0.760132] (px4_msgs) StdoutLine: {'line': b'-- Up-to-date: /home/maizaied03/ros2_ws/install/px4_msgs/include/px4_msgs/px4_msgs/msg/follow_target_estimator.hpp\n'}
[0.760172] (px4_msgs) StdoutLine: {'line': b'-- Up-to-date: /home/maizaied03/ros2_ws/install/px4_msgs/include/px4_msgs/px4_msgs/msg/estimator_selector_status.hpp\n'}
[0.760209] (px4_msgs) StdoutLine: {'line': b'-- Up-to-date: /home/maizaied03/ros2_ws/install/px4_msgs/include/px4_msgs/px4_msgs/msg/gpio_out.hpp\n'}
[0.760246] (px4_msgs) StdoutLine: {'line': b'-- Up-to-date: /home/maizaied03/ros2_ws/install/px4_msgs/include/px4_msgs/px4_msgs/msg/tiltrotor_extra_controls.hpp\n'}
[0.760284] (px4_msgs) StdoutLine: {'line': b'-- Up-to-date: /home/maizaied03/ros2_ws/install/px4_msgs/include/px4_msgs/px4_msgs/msg/gimbal_controls.hpp\n'}
[0.760320] (px4_msgs) StdoutLine: {'line': b'-- Up-to-date: /home/maizaied03/ros2_ws/install/px4_msgs/include/px4_msgs/px4_msgs/msg/vehicle_odometry.hpp\n'}
[0.760363] (px4_msgs) StdoutLine: {'line': b'-- Up-to-date: /home/maizaied03/ros2_ws/install/px4_msgs/include/px4_msgs/px4_msgs/msg/rover_rate_status.hpp\n'}
[0.760400] (px4_msgs) StdoutLine: {'line': b'-- Up-to-date: /home/maizaied03/ros2_ws/install/px4_msgs/include/px4_msgs/px4_msgs/msg/sensor_optical_flow.hpp\n'}
[0.760437] (px4_msgs) StdoutLine: {'line': b'-- Up-to-date: /home/maizaied03/ros2_ws/install/px4_msgs/include/px4_msgs/px4_msgs/msg/orb_test.hpp\n'}
[0.760473] (px4_msgs) StdoutLine: {'line': b'-- Up-to-date: /home/maizaied03/ros2_ws/install/px4_msgs/include/px4_msgs/px4_msgs/msg/position_controller_landing_status.hpp\n'}
[0.760513] (px4_msgs) StdoutLine: {'line': b'-- Up-to-date: /home/maizaied03/ros2_ws/install/px4_msgs/include/px4_msgs/px4_msgs/msg/generator_status.hpp\n'}
[0.760551] (px4_msgs) StdoutLine: {'line': b'-- Up-to-date: /home/maizaied03/ros2_ws/install/px4_msgs/include/px4_msgs/px4_msgs/msg/parameter_set_used_request.hpp\n'}
[0.760591] (px4_msgs) StdoutLine: {'line': b'-- Up-to-date: /home/maizaied03/ros2_ws/install/px4_msgs/include/px4_msgs/px4_msgs/msg/rover_throttle_setpoint.hpp\n'}
[0.760627] (px4_msgs) StdoutLine: {'line': b'-- Up-to-date: /home/maizaied03/ros2_ws/install/px4_msgs/include/px4_msgs/px4_msgs/msg/sensors_status_imu.hpp\n'}
[0.760664] (px4_msgs) StdoutLine: {'line': b'-- Up-to-date: /home/maizaied03/ros2_ws/install/px4_msgs/include/px4_msgs/px4_msgs/msg/ulog_stream_ack.hpp\n'}
[0.760701] (px4_msgs) StdoutLine: {'line': b'-- Up-to-date: /home/maizaied03/ros2_ws/install/px4_msgs/include/px4_msgs/px4_msgs/msg/logger_status.hpp\n'}
[0.760736] (px4_msgs) StdoutLine: {'line': b'-- Up-to-date: /home/maizaied03/ros2_ws/install/px4_msgs/include/px4_msgs/px4_msgs/msg/gpio_request.hpp\n'}
[0.760787] (px4_msgs) StdoutLine: {'line': b'-- Up-to-date: /home/maizaied03/ros2_ws/install/px4_msgs/include/px4_msgs/px4_msgs/msg/mavlink_log.hpp\n'}
[0.760826] (px4_msgs) StdoutLine: {'line': b'-- Up-to-date: /home/maizaied03/ros2_ws/install/px4_msgs/include/px4_msgs/px4_msgs/msg/open_drone_id_operator_id.hpp\n'}
[0.760862] (px4_msgs) StdoutLine: {'line': b'-- Up-to-date: /home/maizaied03/ros2_ws/install/px4_msgs/include/px4_msgs/px4_msgs/msg/adc_report.hpp\n'}
[0.760911] (px4_msgs) StdoutLine: {'line': b'-- Up-to-date: /home/maizaied03/ros2_ws/install/px4_msgs/include/px4_msgs/px4_msgs/msg/sensor_combined.hpp\n'}
[0.760964] (px4_msgs) StdoutLine: {'line': b'-- Up-to-date: /home/maizaied03/ros2_ws/install/px4_msgs/include/px4_msgs/px4_msgs/msg/rover_position_setpoint.hpp\n'}
[0.761011] (px4_msgs) StdoutLine: {'line': b'-- Up-to-date: /home/maizaied03/ros2_ws/install/px4_msgs/include/px4_msgs/px4_msgs/msg/input_rc.hpp\n'}
[0.761061] (px4_msgs) StdoutLine: {'line': b'-- Up-to-date: /home/maizaied03/ros2_ws/install/px4_msgs/include/px4_msgs/px4_msgs/msg/vehicle_magnetometer.hpp\n'}
[0.761109] (px4_msgs) StdoutLine: {'line': b'-- Up-to-date: /home/maizaied03/ros2_ws/install/px4_msgs/include/px4_msgs/px4_msgs/msg/onboard_computer_status.hpp\n'}
[0.761159] (px4_msgs) StdoutLine: {'line': b'-- Up-to-date: /home/maizaied03/ros2_ws/install/px4_msgs/include/px4_msgs/px4_msgs/msg/actuator_test.hpp\n'}
[0.761210] (px4_msgs) StdoutLine: {'line': b'-- Up-to-date: /home/maizaied03/ros2_ws/install/px4_msgs/include/px4_msgs/px4_msgs/msg/rover_attitude_setpoint.hpp\n'}
[0.761251] (px4_msgs) StdoutLine: {'line': b'-- Up-to-date: /home/maizaied03/ros2_ws/install/px4_msgs/include/px4_msgs/px4_msgs/msg/tune_control.hpp\n'}
[0.761283] (px4_msgs) StdoutLine: {'line': b'-- Up-to-date: /home/maizaied03/ros2_ws/install/px4_msgs/include/px4_msgs/px4_msgs/msg/gimbal_manager_set_attitude.hpp\n'}
[0.761315] (px4_msgs) StdoutLine: {'line': b'-- Up-to-date: /home/maizaied03/ros2_ws/install/px4_msgs/include/px4_msgs/px4_msgs/msg/collision_constraints.hpp\n'}
[0.761347] (px4_msgs) StdoutLine: {'line': b'-- Up-to-date: /home/maizaied03/ros2_ws/install/px4_msgs/include/px4_msgs/px4_msgs/msg/navigator_mission_item.hpp\n'}
[0.761379] (px4_msgs) StdoutLine: {'line': b'-- Up-to-date: /home/maizaied03/ros2_ws/install/px4_msgs/include/px4_msgs/px4_msgs/msg/debug_array.hpp\n'}
[0.761411] (px4_msgs) StdoutLine: {'line': b'-- Up-to-date: /home/maizaied03/ros2_ws/install/px4_msgs/include/px4_msgs/px4_msgs/msg/rover_attitude_status.hpp\n'}
[0.761442] (px4_msgs) StdoutLine: {'line': b'-- Up-to-date: /home/maizaied03/ros2_ws/install/px4_msgs/include/px4_msgs/px4_msgs/msg/ulog_stream.hpp\n'}
[0.761474] (px4_msgs) StdoutLine: {'line': b'-- Up-to-date: /home/maizaied03/ros2_ws/install/px4_msgs/include/px4_msgs/px4_msgs/msg/estimator_aid_source3d.hpp\n'}
[0.761505] (px4_msgs) StdoutLine: {'line': b'-- Up-to-date: /home/maizaied03/ros2_ws/install/px4_msgs/include/px4_msgs/px4_msgs/msg/vehicle_imu_status.hpp\n'}
[0.761536] (px4_msgs) StdoutLine: {'line': b'-- Up-to-date: /home/maizaied03/ros2_ws/install/px4_msgs/include/px4_msgs/px4_msgs/msg/open_drone_id_self_id.hpp\n'}
[0.761568] (px4_msgs) StdoutLine: {'line': b'-- Up-to-date: /home/maizaied03/ros2_ws/install/px4_msgs/include/px4_msgs/px4_msgs/msg/transponder_report.hpp\n'}
[0.761599] (px4_msgs) StdoutLine: {'line': b'-- Up-to-date: /home/maizaied03/ros2_ws/install/px4_msgs/include/px4_msgs/px4_msgs/msg/vehicle_air_data.hpp\n'}
[0.761629] (px4_msgs) StdoutLine: {'line': b'-- Up-to-date: /home/maizaied03/ros2_ws/install/px4_msgs/include/px4_msgs/px4_msgs/msg/estimator_status_flags.hpp\n'}
[0.761661] (px4_msgs) StdoutLine: {'line': b'-- Up-to-date: /home/maizaied03/ros2_ws/install/px4_msgs/include/px4_msgs/px4_msgs/msg/estimator_states.hpp\n'}
[0.761693] (px4_msgs) StdoutLine: {'line': b'-- Up-to-date: /home/maizaied03/ros2_ws/install/px4_msgs/include/px4_msgs/px4_msgs/msg/estimator_aid_source1d.hpp\n'}
[0.761725] (px4_msgs) StdoutLine: {'line': b'-- Up-to-date: /home/maizaied03/ros2_ws/install/px4_msgs/include/px4_msgs/px4_msgs/msg/vehicle_global_position.hpp\n'}
[0.761761] (px4_msgs) StdoutLine: {'line': b'-- Up-to-date: /home/maizaied03/ros2_ws/install/px4_msgs/include/px4_msgs/px4_msgs/msg/landing_target_pose.hpp\n'}
[0.761803] (px4_msgs) StdoutLine: {'line': b'-- Up-to-date: /home/maizaied03/ros2_ws/install/px4_msgs/include/px4_msgs/px4_msgs/msg/health_report.hpp\n'}
[0.761835] (px4_msgs) StdoutLine: {'line': b'-- Up-to-date: /home/maizaied03/ros2_ws/install/px4_msgs/include/px4_msgs/px4_msgs/msg/qshell_retval.hpp\n'}
[0.761869] (px4_msgs) StdoutLine: {'line': b'-- Up-to-date: /home/maizaied03/ros2_ws/install/px4_msgs/include/px4_msgs/px4_msgs/msg/config_overrides.hpp\n'}
[0.761902] (px4_msgs) StdoutLine: {'line': b'-- Up-to-date: /home/maizaied03/ros2_ws/install/px4_msgs/include/px4_msgs/px4_msgs/msg/fuel_tank_status.hpp\n'}
[0.761933] (px4_msgs) StdoutLine: {'line': b'-- Up-to-date: /home/maizaied03/ros2_ws/install/px4_msgs/include/px4_msgs/px4_msgs/msg/detail\n'}
[0.761965] (px4_msgs) StdoutLine: {'line': b'-- Up-to-date: /home/maizaied03/ros2_ws/install/px4_msgs/include/px4_msgs/px4_msgs/msg/detail/estimator_aid_source3d__type_support.hpp\n'}
[0.761996] (px4_msgs) StdoutLine: {'line': b'-- Up-to-date: /home/maizaied03/ros2_ws/install/px4_msgs/include/px4_msgs/px4_msgs/msg/detail/debug_value__type_support.hpp\n'}
[0.762028] (px4_msgs) StdoutLine: {'line': b'-- Up-to-date: /home/maizaied03/ros2_ws/install/px4_msgs/include/px4_msgs/px4_msgs/msg/detail/register_ext_component_request__traits.hpp\n'}
[0.762063] (px4_msgs) StdoutLine: {'line': b'-- Up-to-date: /home/maizaied03/ros2_ws/install/px4_msgs/include/px4_msgs/px4_msgs/msg/detail/vehicle_command__type_support.hpp\n'}
[0.762095] (px4_msgs) StdoutLine: {'line': b'-- Up-to-date: /home/maizaied03/ros2_ws/install/px4_msgs/include/px4_msgs/px4_msgs/msg/detail/button_event__struct.hpp\n'}
[0.762126] (px4_msgs) StdoutLine: {'line': b'-- Up-to-date: /home/maizaied03/ros2_ws/install/px4_msgs/include/px4_msgs/px4_msgs/msg/detail/follow_target_estimator__traits.hpp\n'}
[0.762158] (px4_msgs) StdoutLine: {'line': b'-- Up-to-date: /home/maizaied03/ros2_ws/install/px4_msgs/include/px4_msgs/px4_msgs/msg/detail/collision_constraints__type_support.hpp\n'}
[0.762189] (px4_msgs) StdoutLine: {'line': b'-- Up-to-date: /home/maizaied03/ros2_ws/install/px4_msgs/include/px4_msgs/px4_msgs/msg/detail/vehicle_imu__type_support.hpp\n'}
[0.762221] (px4_msgs) StdoutLine: {'line': b'-- Up-to-date: /home/maizaied03/ros2_ws/install/px4_msgs/include/px4_msgs/px4_msgs/msg/detail/gimbal_device_information__builder.hpp\n'}
[0.762253] (px4_msgs) StdoutLine: {'line': b'-- Up-to-date: /home/maizaied03/ros2_ws/install/px4_msgs/include/px4_msgs/px4_msgs/msg/detail/sensor_gnss_relative__traits.hpp\n'}
[0.762285] (px4_msgs) StdoutLine: {'line': b'-- Up-to-date: /home/maizaied03/ros2_ws/install/px4_msgs/include/px4_msgs/px4_msgs/msg/detail/config_overrides__struct.hpp\n'}
[0.762322] (px4_msgs) StdoutLine: {'line': b'-- Up-to-date: /home/maizaied03/ros2_ws/install/px4_msgs/include/px4_msgs/px4_msgs/msg/detail/rover_speed_setpoint__type_support.hpp\n'}
[0.762355] (px4_msgs) StdoutLine: {'line': b'-- Up-to-date: /home/maizaied03/ros2_ws/install/px4_msgs/include/px4_msgs/px4_msgs/msg/detail/vehicle_command_ack__struct.hpp\n'}
[0.762398] (px4_msgs) StdoutLine: {'line': b'-- Up-to-date: /home/maizaied03/ros2_ws/install/px4_msgs/include/px4_msgs/px4_msgs/msg/detail/debug_value__struct.hpp\n'}
[0.762435] (px4_msgs) StdoutLine: {'line': b'-- Up-to-date: /home/maizaied03/ros2_ws/install/px4_msgs/include/px4_msgs/px4_msgs/msg/detail/orb_test_large__struct.hpp\n'}
[0.762473] (px4_msgs) StdoutLine: {'line': b'-- Up-to-date: /home/maizaied03/ros2_ws/install/px4_msgs/include/px4_msgs/px4_msgs/msg/detail/vtol_vehicle_status__builder.hpp\n'}
[0.762529] (px4_msgs) StdoutLine: {'line': b'-- Up-to-date: /home/maizaied03/ros2_ws/install/px4_msgs/include/px4_msgs/px4_msgs/msg/detail/control_allocator_status__type_support.hpp\n'}
[0.762579] (px4_msgs) StdoutLine: {'line': b'-- Up-to-date: /home/maizaied03/ros2_ws/install/px4_msgs/include/px4_msgs/px4_msgs/msg/detail/vehicle_constraints__struct.hpp\n'}
[0.762621] (px4_msgs) StdoutLine: {'line': b'-- Up-to-date: /home/maizaied03/ros2_ws/install/px4_msgs/include/px4_msgs/px4_msgs/msg/detail/vehicle_command__traits.hpp\n'}
[0.762667] (px4_msgs) StdoutLine: {'line': b'-- Up-to-date: /home/maizaied03/ros2_ws/install/px4_msgs/include/px4_msgs/px4_msgs/msg/detail/parameter_set_value_response__type_support.hpp\n'}
[0.762709] (px4_msgs) StdoutLine: {'line': b'-- Up-to-date: /home/maizaied03/ros2_ws/install/px4_msgs/include/px4_msgs/px4_msgs/msg/detail/gimbal_controls__struct.hpp\n'}
[0.762746] (px4_msgs) StdoutLine: {'line': b'-- Up-to-date: /home/maizaied03/ros2_ws/install/px4_msgs/include/px4_msgs/px4_msgs/msg/detail/vehicle_control_mode__traits.hpp\n'}
[0.762799] (px4_msgs) StdoutLine: {'line': b'-- Up-to-date: /home/maizaied03/ros2_ws/install/px4_msgs/include/px4_msgs/px4_msgs/msg/detail/vehicle_angular_velocity__struct.hpp\n'}
[0.762845] (px4_msgs) StdoutLine: {'line': b'-- Up-to-date: /home/maizaied03/ros2_ws/install/px4_msgs/include/px4_msgs/px4_msgs/msg/detail/estimator_aid_source2d__traits.hpp\n'}
[0.762888] (px4_msgs) StdoutLine: {'line': b'-- Up-to-date: /home/maizaied03/ros2_ws/install/px4_msgs/include/px4_msgs/px4_msgs/msg/detail/vehicle_magnetometer__type_support.hpp\n'}
[0.762921] (px4_msgs) StdoutLine: {'line': b'-- Up-to-date: /home/maizaied03/ros2_ws/install/px4_msgs/include/px4_msgs/px4_msgs/msg/detail/sensor_gps__builder.hpp\n'}
[0.762970] (px4_msgs) StdoutLine: {'line': b'-- Up-to-date: /home/maizaied03/ros2_ws/install/px4_msgs/include/px4_msgs/px4_msgs/msg/detail/pure_pursuit_status__builder.hpp\n'}
[0.763020] (px4_msgs) StdoutLine: {'line': b'-- Up-to-date: /home/maizaied03/ros2_ws/install/px4_msgs/include/px4_msgs/px4_msgs/msg/detail/sensor_baro__struct.hpp\n'}
[0.763064] (px4_msgs) StdoutLine: {'line': b'-- Up-to-date: /home/maizaied03/ros2_ws/install/px4_msgs/include/px4_msgs/px4_msgs/msg/detail/sensor_hygrometer__struct.hpp\n'}
[0.763118] (px4_msgs) StdoutLine: {'line': b'-- Up-to-date: /home/maizaied03/ros2_ws/install/px4_msgs/include/px4_msgs/px4_msgs/msg/detail/navigator_mission_item__traits.hpp\n'}
[0.763157] (px4_msgs) StdoutLine: {'line': b'-- Up-to-date: /home/maizaied03/ros2_ws/install/px4_msgs/include/px4_msgs/px4_msgs/msg/detail/control_allocator_status__struct.hpp\n'}
[0.763209] (px4_msgs) StdoutLine: {'line': b'-- Up-to-date: /home/maizaied03/ros2_ws/install/px4_msgs/include/px4_msgs/px4_msgs/msg/detail/estimator_event_flags__type_support.hpp\n'}
[0.763264] (px4_msgs) StdoutLine: {'line': b'-- Up-to-date: /home/maizaied03/ros2_ws/install/px4_msgs/include/px4_msgs/px4_msgs/msg/detail/sensor_gyro_fifo__traits.hpp\n'}
[0.763321] (px4_msgs) StdoutLine: {'line': b'-- Up-to-date: /home/maizaied03/ros2_ws/install/px4_msgs/include/px4_msgs/px4_msgs/msg/detail/gpio_in__struct.hpp\n'}
[0.763377] (px4_msgs) StdoutLine: {'line': b'-- Up-to-date: /home/maizaied03/ros2_ws/install/px4_msgs/include/px4_msgs/px4_msgs/msg/detail/vtol_vehicle_status__type_support.hpp\n'}
[0.763434] (px4_msgs) StdoutLine: {'line': b'-- Up-to-date: /home/maizaied03/ros2_ws/install/px4_msgs/include/px4_msgs/px4_msgs/msg/detail/estimator_states__type_support.hpp\n'}
[0.763488] (px4_msgs) StdoutLine: {'line': b'-- Up-to-date: /home/maizaied03/ros2_ws/install/px4_msgs/include/px4_msgs/px4_msgs/msg/detail/estimator_bias3d__type_support.hpp\n'}
[0.763546] (px4_msgs) StdoutLine: {'line': b'-- Up-to-date: /home/maizaied03/ros2_ws/install/px4_msgs/include/px4_msgs/px4_msgs/msg/detail/airspeed__traits.hpp\n'}
[0.763601] (px4_msgs) StdoutLine: {'line': b'-- Up-to-date: /home/maizaied03/ros2_ws/install/px4_msgs/include/px4_msgs/px4_msgs/msg/detail/gps_dump__traits.hpp\n'}
[0.763654] (px4_msgs) StdoutLine: {'line': b'-- Up-to-date: /home/maizaied03/ros2_ws/install/px4_msgs/include/px4_msgs/px4_msgs/msg/detail/rpm__struct.hpp\n'}
[0.763706] (px4_msgs) StdoutLine: {'line': b'-- Up-to-date: /home/maizaied03/ros2_ws/install/px4_msgs/include/px4_msgs/px4_msgs/msg/detail/vehicle_land_detected__struct.hpp\n'}
[0.763757] (px4_msgs) StdoutLine: {'line': b'-- Up-to-date: /home/maizaied03/ros2_ws/install/px4_msgs/include/px4_msgs/px4_msgs/msg/detail/wheel_encoders__traits.hpp\n'}
[0.763823] (px4_msgs) StdoutLine: {'line': b'-- Up-to-date: /home/maizaied03/ros2_ws/install/px4_msgs/include/px4_msgs/px4_msgs/msg/detail/action_request__struct.hpp\n'}
[0.763876] (px4_msgs) StdoutLine: {'line': b'-- Up-to-date: /home/maizaied03/ros2_ws/install/px4_msgs/include/px4_msgs/px4_msgs/msg/detail/pure_pursuit_status__type_support.hpp\n'}
[0.763930] (px4_msgs) StdoutLine: {'line': b'-- Up-to-date: /home/maizaied03/ros2_ws/install/px4_msgs/include/px4_msgs/px4_msgs/msg/detail/geofence_status__struct.hpp\n'}
[0.763980] (px4_msgs) StdoutLine: {'line': b'-- Up-to-date: /home/maizaied03/ros2_ws/install/px4_msgs/include/px4_msgs/px4_msgs/msg/detail/fuel_tank_status__traits.hpp\n'}
[0.764032] (px4_msgs) StdoutLine: {'line': b'-- Up-to-date: /home/maizaied03/ros2_ws/install/px4_msgs/include/px4_msgs/px4_msgs/msg/detail/distance_sensor__traits.hpp\n'}
[0.764074] (px4_msgs) StdoutLine: {'line': b'-- Up-to-date: /home/maizaied03/ros2_ws/install/px4_msgs/include/px4_msgs/px4_msgs/msg/detail/vehicle_attitude__traits.hpp\n'}
[0.764107] (px4_msgs) StdoutLine: {'line': b'-- Up-to-date: /home/maizaied03/ros2_ws/install/px4_msgs/include/px4_msgs/px4_msgs/msg/detail/fixed_wing_lateral_setpoint__type_support.hpp\n'}
[0.764140] (px4_msgs) StdoutLine: {'line': b'-- Up-to-date: /home/maizaied03/ros2_ws/install/px4_msgs/include/px4_msgs/px4_msgs/msg/detail/actuator_test__builder.hpp\n'}
[0.764177] (px4_msgs) StdoutLine: {'line': b'-- Up-to-date: /home/maizaied03/ros2_ws/install/px4_msgs/include/px4_msgs/px4_msgs/msg/detail/goto_setpoint__struct.hpp\n'}
[0.764210] (px4_msgs) StdoutLine: {'line': b'-- Up-to-date: /home/maizaied03/ros2_ws/install/px4_msgs/include/px4_msgs/px4_msgs/msg/detail/vehicle_angular_acceleration_setpoint__struct.hpp\n'}
[0.764243] (px4_msgs) StdoutLine: {'line': b'-- Up-to-date: /home/maizaied03/ros2_ws/install/px4_msgs/include/px4_msgs/px4_msgs/msg/detail/takeoff_status__type_support.hpp\n'}
[0.764275] (px4_msgs) StdoutLine: {'line': b'-- Up-to-date: /home/maizaied03/ros2_ws/install/px4_msgs/include/px4_msgs/px4_msgs/msg/detail/gps_inject_data__traits.hpp\n'}
[0.764306] (px4_msgs) StdoutLine: {'line': b'-- Up-to-date: /home/maizaied03/ros2_ws/install/px4_msgs/include/px4_msgs/px4_msgs/msg/detail/sensor_gnss_status__struct.hpp\n'}
[0.764349] (px4_msgs) StdoutLine: {'line': b'-- Up-to-date: /home/maizaied03/ros2_ws/install/px4_msgs/include/px4_msgs/px4_msgs/msg/detail/estimator_selector_status__struct.hpp\n'}
[0.764403] (px4_msgs) StdoutLine: {'line': b'-- Up-to-date: /home/maizaied03/ros2_ws/install/px4_msgs/include/px4_msgs/px4_msgs/msg/detail/velocity_limits__builder.hpp\n'}
[0.764459] (px4_msgs) StdoutLine: {'line': b'-- Up-to-date: /home/maizaied03/ros2_ws/install/px4_msgs/include/px4_msgs/px4_msgs/msg/detail/launch_detection_status__struct.hpp\n'}
[0.764518] (px4_msgs) StdoutLine: {'line': b'-- Up-to-date: /home/maizaied03/ros2_ws/install/px4_msgs/include/px4_msgs/px4_msgs/msg/detail/gps_dump__struct.hpp\n'}
[0.764572] (px4_msgs) StdoutLine: {'line': b'-- Up-to-date: /home/maizaied03/ros2_ws/install/px4_msgs/include/px4_msgs/px4_msgs/msg/detail/camera_capture__type_support.hpp\n'}
[0.764632] (px4_msgs) StdoutLine: {'line': b'-- Up-to-date: /home/maizaied03/ros2_ws/install/px4_msgs/include/px4_msgs/px4_msgs/msg/detail/vehicle_imu__struct.hpp\n'}
[0.764686] (px4_msgs) StdoutLine: {'line': b'-- Up-to-date: /home/maizaied03/ros2_ws/install/px4_msgs/include/px4_msgs/px4_msgs/msg/detail/orbit_status__builder.hpp\n'}
[0.764743] (px4_msgs) StdoutLine: {'line': b'-- Up-to-date: /home/maizaied03/ros2_ws/install/px4_msgs/include/px4_msgs/px4_msgs/msg/detail/sensor_hygrometer__builder.hpp\n'}
[0.764811] (px4_msgs) StdoutLine: {'line': b'-- Up-to-date: /home/maizaied03/ros2_ws/install/px4_msgs/include/px4_msgs/px4_msgs/msg/detail/orbit_status__traits.hpp\n'}
[0.764866] (px4_msgs) StdoutLine: {'line': b'-- Up-to-date: /home/maizaied03/ros2_ws/install/px4_msgs/include/px4_msgs/px4_msgs/msg/detail/takeoff_status__traits.hpp\n'}
[0.764921] (px4_msgs) StdoutLine: {'line': b'-- Up-to-date: /home/maizaied03/ros2_ws/install/px4_msgs/include/px4_msgs/px4_msgs/msg/detail/vehicle_constraints__traits.hpp\n'}
[0.764977] (px4_msgs) StdoutLine: {'line': b'-- Up-to-date: /home/maizaied03/ros2_ws/install/px4_msgs/include/px4_msgs/px4_msgs/msg/detail/arming_check_request__type_support.hpp\n'}
[0.765033] (px4_msgs) StdoutLine: {'line': b'-- Up-to-date: /home/maizaied03/ros2_ws/install/px4_msgs/include/px4_msgs/px4_msgs/msg/detail/vtx__builder.hpp\n'}
[0.765091] (px4_msgs) StdoutLine: {'line': b'-- Up-to-date: /home/maizaied03/ros2_ws/install/px4_msgs/include/px4_msgs/px4_msgs/msg/detail/orbit_status__struct.hpp\n'}
[0.765144] (px4_msgs) StdoutLine: {'line': b'-- Up-to-date: /home/maizaied03/ros2_ws/install/px4_msgs/include/px4_msgs/px4_msgs/msg/detail/battery_info__builder.hpp\n'}
[0.765194] (px4_msgs) StdoutLine: {'line': b'-- Up-to-date: /home/maizaied03/ros2_ws/install/px4_msgs/include/px4_msgs/px4_msgs/msg/detail/vehicle_magnetometer__traits.hpp\n'}
[0.765248] (px4_msgs) StdoutLine: {'line': b'-- Up-to-date: /home/maizaied03/ros2_ws/install/px4_msgs/include/px4_msgs/px4_msgs/msg/detail/tiltrotor_extra_controls__traits.hpp\n'}
[0.765305] (px4_msgs) StdoutLine: {'line': b'-- Up-to-date: /home/maizaied03/ros2_ws/install/px4_msgs/include/px4_msgs/px4_msgs/msg/detail/mag_worker_data__builder.hpp\n'}
[0.765360] (px4_msgs) StdoutLine: {'line': b'-- Up-to-date: /home/maizaied03/ros2_ws/install/px4_msgs/include/px4_msgs/px4_msgs/msg/detail/sensor_preflight_mag__builder.hpp\n'}
[0.765422] (px4_msgs) StdoutLine: {'line': b'-- Up-to-date: /home/maizaied03/ros2_ws/install/px4_msgs/include/px4_msgs/px4_msgs/msg/detail/sensor_gps__traits.hpp\n'}
[0.765480] (px4_msgs) StdoutLine: {'line': b'-- Up-to-date: /home/maizaied03/ros2_ws/install/px4_msgs/include/px4_msgs/px4_msgs/msg/detail/actuator_armed__builder.hpp\n'}
[0.765544] (px4_msgs) StdoutLine: {'line': b'-- Up-to-date: /home/maizaied03/ros2_ws/install/px4_msgs/include/px4_msgs/px4_msgs/msg/detail/launch_detection_status__builder.hpp\n'}
[0.765602] (px4_msgs) StdoutLine: {'line': b'-- Up-to-date: /home/maizaied03/ros2_ws/install/px4_msgs/include/px4_msgs/px4_msgs/msg/detail/sensor_airflow__struct.hpp\n'}
[0.765656] (px4_msgs) StdoutLine: {'line': b'-- Up-to-date: /home/maizaied03/ros2_ws/install/px4_msgs/include/px4_msgs/px4_msgs/msg/detail/wheel_encoders__struct.hpp\n'}
[0.765708] (px4_msgs) StdoutLine: {'line': b'-- Up-to-date: /home/maizaied03/ros2_ws/install/px4_msgs/include/px4_msgs/px4_msgs/msg/detail/flight_phase_estimation__traits.hpp\n'}
[0.765770] (px4_msgs) StdoutLine: {'line': b'-- Up-to-date: /home/maizaied03/ros2_ws/install/px4_msgs/include/px4_msgs/px4_msgs/msg/detail/vehicle_roi__type_support.hpp\n'}
[0.765834] (px4_msgs) StdoutLine: {'line': b'-- Up-to-date: /home/maizaied03/ros2_ws/install/px4_msgs/include/px4_msgs/px4_msgs/msg/detail/actuator_servos__type_support.hpp\n'}
[0.765891] (px4_msgs) StdoutLine: {'line': b'-- Up-to-date: /home/maizaied03/ros2_ws/install/px4_msgs/include/px4_msgs/px4_msgs/msg/detail/sensor_airflow__type_support.hpp\n'}
[0.765946] (px4_msgs) StdoutLine: {'line': b'-- Up-to-date: /home/maizaied03/ros2_ws/install/px4_msgs/include/px4_msgs/px4_msgs/msg/detail/estimator_selector_status__traits.hpp\n'}
[0.766003] (px4_msgs) StdoutLine: {'line': b'-- Up-to-date: /home/maizaied03/ros2_ws/install/px4_msgs/include/px4_msgs/px4_msgs/msg/detail/normalized_unsigned_setpoint__traits.hpp\n'}
[0.766059] (px4_msgs) StdoutLine: {'line': b'-- Up-to-date: /home/maizaied03/ros2_ws/install/px4_msgs/include/px4_msgs/px4_msgs/msg/detail/yaw_estimator_status__type_support.hpp\n'}
[0.766116] (px4_msgs) StdoutLine: {'line': b'-- Up-to-date: /home/maizaied03/ros2_ws/install/px4_msgs/include/px4_msgs/px4_msgs/msg/detail/tiltrotor_extra_controls__builder.hpp\n'}
[0.766168] (px4_msgs) StdoutLine: {'line': b'-- Up-to-date: /home/maizaied03/ros2_ws/install/px4_msgs/include/px4_msgs/px4_msgs/msg/detail/arming_check_request__struct.hpp\n'}
[0.766222] (px4_msgs) StdoutLine: {'line': b'-- Up-to-date: /home/maizaied03/ros2_ws/install/px4_msgs/include/px4_msgs/px4_msgs/msg/detail/landing_gear__struct.hpp\n'}
[0.766283] (px4_msgs) StdoutLine: {'line': b'-- Up-to-date: /home/maizaied03/ros2_ws/install/px4_msgs/include/px4_msgs/px4_msgs/msg/detail/log_message__traits.hpp\n'}
[0.766340] (px4_msgs) StdoutLine: {'line': b'-- Up-to-date: /home/maizaied03/ros2_ws/install/px4_msgs/include/px4_msgs/px4_msgs/msg/detail/vehicle_angular_acceleration_setpoint__traits.hpp\n'}
[0.766399] (px4_msgs) StdoutLine: {'line': b'-- Up-to-date: /home/maizaied03/ros2_ws/install/px4_msgs/include/px4_msgs/px4_msgs/msg/detail/vehicle_imu_status__struct.hpp\n'}
[0.766457] (px4_msgs) StdoutLine: {'line': b'-- Up-to-date: /home/maizaied03/ros2_ws/install/px4_msgs/include/px4_msgs/px4_msgs/msg/detail/goto_setpoint__type_support.hpp\n'}
[0.766523] (px4_msgs) StdoutLine: {'line': b'-- Up-to-date: /home/maizaied03/ros2_ws/install/px4_msgs/include/px4_msgs/px4_msgs/msg/detail/uavcan_parameter_value__struct.hpp\n'}
[0.766580] (px4_msgs) StdoutLine: {'line': b'-- Up-to-date: /home/maizaied03/ros2_ws/install/px4_msgs/include/px4_msgs/px4_msgs/msg/detail/vehicle_angular_velocity__builder.hpp\n'}
[0.766631] (px4_msgs) StdoutLine: {'line': b'-- Up-to-date: /home/maizaied03/ros2_ws/install/px4_msgs/include/px4_msgs/px4_msgs/msg/detail/sensor_gyro_fifo__builder.hpp\n'}
[0.766680] (px4_msgs) StdoutLine: {'line': b'-- Up-to-date: /home/maizaied03/ros2_ws/install/px4_msgs/include/px4_msgs/px4_msgs/msg/detail/gimbal_controls__traits.hpp\n'}
[0.766734] (px4_msgs) StdoutLine: {'line': b'-- Up-to-date: /home/maizaied03/ros2_ws/install/px4_msgs/include/px4_msgs/px4_msgs/msg/detail/logger_status__type_support.hpp\n'}
[0.766798] (px4_msgs) StdoutLine: {'line': b'-- Up-to-date: /home/maizaied03/ros2_ws/install/px4_msgs/include/px4_msgs/px4_msgs/msg/detail/vehicle_attitude_setpoint__traits.hpp\n'}
[0.766857] (px4_msgs) StdoutLine: {'line': b'-- Up-to-date: /home/maizaied03/ros2_ws/install/px4_msgs/include/px4_msgs/px4_msgs/msg/detail/geofence_result__builder.hpp\n'}
[0.766912] (px4_msgs) StdoutLine: {'line': b'-- Up-to-date: /home/maizaied03/ros2_ws/install/px4_msgs/include/px4_msgs/px4_msgs/msg/detail/neural_control__type_support.hpp\n'}
[0.766965] (px4_msgs) StdoutLine: {'line': b'-- Up-to-date: /home/maizaied03/ros2_ws/install/px4_msgs/include/px4_msgs/px4_msgs/msg/detail/led_control__traits.hpp\n'}
[0.767019] (px4_msgs) StdoutLine: {'line': b'-- Up-to-date: /home/maizaied03/ros2_ws/install/px4_msgs/include/px4_msgs/px4_msgs/msg/detail/distance_sensor_mode_change_request__traits.hpp\n'}
[0.767075] (px4_msgs) StdoutLine: {'line': b'-- Up-to-date: /home/maizaied03/ros2_ws/install/px4_msgs/include/px4_msgs/px4_msgs/msg/detail/parameter_reset_request__traits.hpp\n'}
[0.767130] (px4_msgs) StdoutLine: {'line': b'-- Up-to-date: /home/maizaied03/ros2_ws/install/px4_msgs/include/px4_msgs/px4_msgs/msg/detail/position_setpoint__type_support.hpp\n'}
[0.767190] (px4_msgs) StdoutLine: {'line': b'-- Up-to-date: /home/maizaied03/ros2_ws/install/px4_msgs/include/px4_msgs/px4_msgs/msg/detail/parameter_reset_request__struct.hpp\n'}
[0.767245] (px4_msgs) StdoutLine: {'line': b'-- Up-to-date: /home/maizaied03/ros2_ws/install/px4_msgs/include/px4_msgs/px4_msgs/msg/detail/lateral_control_configuration__builder.hpp\n'}
[0.767300] (px4_msgs) StdoutLine: {'line': b'-- Up-to-date: /home/maizaied03/ros2_ws/install/px4_msgs/include/px4_msgs/px4_msgs/msg/detail/iridiumsbd_status__struct.hpp\n'}
[0.767359] (px4_msgs) StdoutLine: {'line': b'-- Up-to-date: /home/maizaied03/ros2_ws/install/px4_msgs/include/px4_msgs/px4_msgs/msg/detail/neural_control__traits.hpp\n'}
[0.767416] (px4_msgs) StdoutLine: {'line': b'-- Up-to-date: /home/maizaied03/ros2_ws/install/px4_msgs/include/px4_msgs/px4_msgs/msg/detail/battery_info__traits.hpp\n'}
[0.767470] (px4_msgs) StdoutLine: {'line': b'-- Up-to-date: /home/maizaied03/ros2_ws/install/px4_msgs/include/px4_msgs/px4_msgs/msg/detail/sensor_combined__struct.hpp\n'}
[0.767522] (px4_msgs) StdoutLine: {'line': b'-- Up-to-date: /home/maizaied03/ros2_ws/install/px4_msgs/include/px4_msgs/px4_msgs/msg/detail/distance_sensor__builder.hpp\n'}
[0.767576] (px4_msgs) StdoutLine: {'line': b'-- Up-to-date: /home/maizaied03/ros2_ws/install/px4_msgs/include/px4_msgs/px4_msgs/msg/detail/fuel_tank_status__type_support.hpp\n'}
[0.767630] (px4_msgs) StdoutLine: {'line': b'-- Up-to-date: /home/maizaied03/ros2_ws/install/px4_msgs/include/px4_msgs/px4_msgs/msg/detail/vehicle_global_position__traits.hpp\n'}
[0.767689] (px4_msgs) StdoutLine: {'line': b'-- Up-to-date: /home/maizaied03/ros2_ws/install/px4_msgs/include/px4_msgs/px4_msgs/msg/detail/mavlink_tunnel__struct.hpp\n'}
[0.767745] (px4_msgs) StdoutLine: {'line': b'-- Up-to-date: /home/maizaied03/ros2_ws/install/px4_msgs/include/px4_msgs/px4_msgs/msg/detail/camera_capture__builder.hpp\n'}
[0.767813] (px4_msgs) StdoutLine: {'line': b'-- Up-to-date: /home/maizaied03/ros2_ws/install/px4_msgs/include/px4_msgs/px4_msgs/msg/detail/airspeed_validated__type_support.hpp\n'}
[0.767867] (px4_msgs) StdoutLine: {'line': b'-- Up-to-date: /home/maizaied03/ros2_ws/install/px4_msgs/include/px4_msgs/px4_msgs/msg/detail/event__type_support.hpp\n'}
[0.767905] (px4_msgs) StdoutLine: {'line': b'-- Up-to-date: /home/maizaied03/ros2_ws/install/px4_msgs/include/px4_msgs/px4_msgs/msg/detail/vehicle_optical_flow__builder.hpp\n'}
[0.767942] (px4_msgs) StdoutLine: {'line': b'-- Up-to-date: /home/maizaied03/ros2_ws/install/px4_msgs/include/px4_msgs/px4_msgs/msg/detail/gps_inject_data__type_support.hpp\n'}
[0.767978] (px4_msgs) StdoutLine: {'line': b'-- Up-to-date: /home/maizaied03/ros2_ws/install/px4_msgs/include/px4_msgs/px4_msgs/msg/detail/figure_eight_status__type_support.hpp\n'}
[0.768012] (px4_msgs) StdoutLine: {'line': b'-- Up-to-date: /home/maizaied03/ros2_ws/install/px4_msgs/include/px4_msgs/px4_msgs/msg/detail/position_controller_status__type_support.hpp\n'}
[0.768044] (px4_msgs) StdoutLine: {'line': b'-- Up-to-date: /home/maizaied03/ros2_ws/install/px4_msgs/include/px4_msgs/px4_msgs/msg/detail/actuator_armed__type_support.hpp\n'}
[0.768076] (px4_msgs) StdoutLine: {'line': b'-- Up-to-date: /home/maizaied03/ros2_ws/install/px4_msgs/include/px4_msgs/px4_msgs/msg/detail/sensor_temp__traits.hpp\n'}
[0.768109] (px4_msgs) StdoutLine: {'line': b'-- Up-to-date: /home/maizaied03/ros2_ws/install/px4_msgs/include/px4_msgs/px4_msgs/msg/detail/uavcan_parameter_request__struct.hpp\n'}
[0.768145] (px4_msgs) StdoutLine: {'line': b'-- Up-to-date: /home/maizaied03/ros2_ws/install/px4_msgs/include/px4_msgs/px4_msgs/msg/detail/airspeed__builder.hpp\n'}
[0.768178] (px4_msgs) StdoutLine: {'line': b'-- Up-to-date: /home/maizaied03/ros2_ws/install/px4_msgs/include/px4_msgs/px4_msgs/msg/detail/rover_attitude_setpoint__builder.hpp\n'}
[0.768209] (px4_msgs) StdoutLine: {'line': b'-- Up-to-date: /home/maizaied03/ros2_ws/install/px4_msgs/include/px4_msgs/px4_msgs/msg/detail/actuator_servos__builder.hpp\n'}
[0.768241] (px4_msgs) StdoutLine: {'line': b'-- Up-to-date: /home/maizaied03/ros2_ws/install/px4_msgs/include/px4_msgs/px4_msgs/msg/detail/fixed_wing_lateral_guidance_status__builder.hpp\n'}
[0.768273] (px4_msgs) StdoutLine: {'line': b'-- Up-to-date: /home/maizaied03/ros2_ws/install/px4_msgs/include/px4_msgs/px4_msgs/msg/detail/arming_check_reply__traits.hpp\n'}
[0.768305] (px4_msgs) StdoutLine: {'line': b'-- Up-to-date: /home/maizaied03/ros2_ws/install/px4_msgs/include/px4_msgs/px4_msgs/msg/detail/rover_attitude_status__traits.hpp\n'}
[0.768337] (px4_msgs) StdoutLine: {'line': b'-- Up-to-date: /home/maizaied03/ros2_ws/install/px4_msgs/include/px4_msgs/px4_msgs/msg/detail/camera_capture__struct.hpp\n'}
[0.768369] (px4_msgs) StdoutLine: {'line': b'-- Up-to-date: /home/maizaied03/ros2_ws/install/px4_msgs/include/px4_msgs/px4_msgs/msg/detail/parameter_update__struct.hpp\n'}
[0.768401] (px4_msgs) StdoutLine: {'line': b'-- Up-to-date: /home/maizaied03/ros2_ws/install/px4_msgs/include/px4_msgs/px4_msgs/msg/detail/longitudinal_control_configuration__struct.hpp\n'}
[0.768433] (px4_msgs) StdoutLine: {'line': b'-- Up-to-date: /home/maizaied03/ros2_ws/install/px4_msgs/include/px4_msgs/px4_msgs/msg/detail/debug_vect__type_support.hpp\n'}
[0.768465] (px4_msgs) StdoutLine: {'line': b'-- Up-to-date: /home/maizaied03/ros2_ws/install/px4_msgs/include/px4_msgs/px4_msgs/msg/detail/sensor_baro__traits.hpp\n'}
[0.768497] (px4_msgs) StdoutLine: {'line': b'-- Up-to-date: /home/maizaied03/ros2_ws/install/px4_msgs/include/px4_msgs/px4_msgs/msg/detail/airspeed_wind__builder.hpp\n'}
[0.768529] (px4_msgs) StdoutLine: {'line': b'-- Up-to-date: /home/maizaied03/ros2_ws/install/px4_msgs/include/px4_msgs/px4_msgs/msg/detail/trajectory_setpoint6dof__builder.hpp\n'}
[0.768559] (px4_msgs) StdoutLine: {'line': b'-- Up-to-date: /home/maizaied03/ros2_ws/install/px4_msgs/include/px4_msgs/px4_msgs/msg/detail/input_rc__traits.hpp\n'}
[0.768591] (px4_msgs) StdoutLine: {'line': b'-- Up-to-date: /home/maizaied03/ros2_ws/install/px4_msgs/include/px4_msgs/px4_msgs/msg/detail/estimator_status_flags__struct.hpp\n'}
[0.768622] (px4_msgs) StdoutLine: {'line': b'-- Up-to-date: /home/maizaied03/ros2_ws/install/px4_msgs/include/px4_msgs/px4_msgs/msg/detail/radio_status__struct.hpp\n'}
[0.768654] (px4_msgs) StdoutLine: {'line': b'-- Up-to-date: /home/maizaied03/ros2_ws/install/px4_msgs/include/px4_msgs/px4_msgs/msg/detail/input_rc__struct.hpp\n'}
[0.768685] (px4_msgs) StdoutLine: {'line': b'-- Up-to-date: /home/maizaied03/ros2_ws/install/px4_msgs/include/px4_msgs/px4_msgs/msg/detail/gimbal_manager_set_attitude__traits.hpp\n'}
[0.768717] (px4_msgs) StdoutLine: {'line': b'-- Up-to-date: /home/maizaied03/ros2_ws/install/px4_msgs/include/px4_msgs/px4_msgs/msg/detail/health_report__traits.hpp\n'}
[0.768750] (px4_msgs) StdoutLine: {'line': b'-- Up-to-date: /home/maizaied03/ros2_ws/install/px4_msgs/include/px4_msgs/px4_msgs/msg/detail/flight_phase_estimation__builder.hpp\n'}
[0.768797] (px4_msgs) StdoutLine: {'line': b'-- Up-to-date: /home/maizaied03/ros2_ws/install/px4_msgs/include/px4_msgs/px4_msgs/msg/detail/sensors_status_imu__builder.hpp\n'}
[0.768830] (px4_msgs) StdoutLine: {'line': b'-- Up-to-date: /home/maizaied03/ros2_ws/install/px4_msgs/include/px4_msgs/px4_msgs/msg/detail/airspeed__type_support.hpp\n'}
[0.768861] (px4_msgs) StdoutLine: {'line': b'-- Up-to-date: /home/maizaied03/ros2_ws/install/px4_msgs/include/px4_msgs/px4_msgs/msg/detail/follow_target_status__struct.hpp\n'}
[0.768893] (px4_msgs) StdoutLine: {'line': b'-- Up-to-date: /home/maizaied03/ros2_ws/install/px4_msgs/include/px4_msgs/px4_msgs/msg/detail/differential_pressure__builder.hpp\n'}
[0.768925] (px4_msgs) StdoutLine: {'line': b'-- Up-to-date: /home/maizaied03/ros2_ws/install/px4_msgs/include/px4_msgs/px4_msgs/msg/detail/transponder_report__traits.hpp\n'}
[0.768960] (px4_msgs) StdoutLine: {'line': b'-- Up-to-date: /home/maizaied03/ros2_ws/install/px4_msgs/include/px4_msgs/px4_msgs/msg/detail/satellite_info__struct.hpp\n'}
[0.768992] (px4_msgs) StdoutLine: {'line': b'-- Up-to-date: /home/maizaied03/ros2_ws/install/px4_msgs/include/px4_msgs/px4_msgs/msg/detail/rover_throttle_setpoint__builder.hpp\n'}
[0.769023] (px4_msgs) StdoutLine: {'line': b'-- Up-to-date: /home/maizaied03/ros2_ws/install/px4_msgs/include/px4_msgs/px4_msgs/msg/detail/battery_info__struct.hpp\n'}
[0.769056] (px4_msgs) StdoutLine: {'line': b'-- Up-to-date: /home/maizaied03/ros2_ws/install/px4_msgs/include/px4_msgs/px4_msgs/msg/detail/rtl_time_estimate__type_support.hpp\n'}
[0.769089] (px4_msgs) StdoutLine: {'line': b'-- Up-to-date: /home/maizaied03/ros2_ws/install/px4_msgs/include/px4_msgs/px4_msgs/msg/detail/estimator_bias__builder.hpp\n'}
[0.769122] (px4_msgs) StdoutLine: {'line': b'-- Up-to-date: /home/maizaied03/ros2_ws/install/px4_msgs/include/px4_msgs/px4_msgs/msg/detail/vehicle_command_ack__type_support.hpp\n'}
[0.769153] (px4_msgs) StdoutLine: {'line': b'-- Up-to-date: /home/maizaied03/ros2_ws/install/px4_msgs/include/px4_msgs/px4_msgs/msg/detail/open_drone_id_system__struct.hpp\n'}
[0.769186] (px4_msgs) StdoutLine: {'line': b'-- Up-to-date: /home/maizaied03/ros2_ws/install/px4_msgs/include/px4_msgs/px4_msgs/msg/detail/actuator_servos_trim__builder.hpp\n'}
[0.769226] (px4_msgs) StdoutLine: {'line': b'-- Up-to-date: /home/maizaied03/ros2_ws/install/px4_msgs/include/px4_msgs/px4_msgs/msg/detail/timesync_status__traits.hpp\n'}
[0.769258] (px4_msgs) StdoutLine: {'line': b'-- Up-to-date: /home/maizaied03/ros2_ws/install/px4_msgs/include/px4_msgs/px4_msgs/msg/detail/rover_position_setpoint__builder.hpp\n'}
[0.769290] (px4_msgs) StdoutLine: {'line': b'-- Up-to-date: /home/maizaied03/ros2_ws/install/px4_msgs/include/px4_msgs/px4_msgs/msg/detail/rpm__traits.hpp\n'}
[0.769322] (px4_msgs) StdoutLine: {'line': b'-- Up-to-date: /home/maizaied03/ros2_ws/install/px4_msgs/include/px4_msgs/px4_msgs/msg/detail/longitudinal_control_configuration__traits.hpp\n'}
[0.769354] (px4_msgs) StdoutLine: {'line': b'-- Up-to-date: /home/maizaied03/ros2_ws/install/px4_msgs/include/px4_msgs/px4_msgs/msg/detail/sensor_mag__traits.hpp\n'}
[0.769386] (px4_msgs) StdoutLine: {'line': b'-- Up-to-date: /home/maizaied03/ros2_ws/install/px4_msgs/include/px4_msgs/px4_msgs/msg/detail/landing_gear_wheel__type_support.hpp\n'}
[0.769418] (px4_msgs) StdoutLine: {'line': b'-- Up-to-date: /home/maizaied03/ros2_ws/install/px4_msgs/include/px4_msgs/px4_msgs/msg/detail/config_overrides__builder.hpp\n'}
[0.769450] (px4_msgs) StdoutLine: {'line': b'-- Up-to-date: /home/maizaied03/ros2_ws/install/px4_msgs/include/px4_msgs/px4_msgs/msg/detail/gpio_out__type_support.hpp\n'}
[0.769482] (px4_msgs) StdoutLine: {'line': b'-- Up-to-date: /home/maizaied03/ros2_ws/install/px4_msgs/include/px4_msgs/px4_msgs/msg/detail/rc_parameter_map__builder.hpp\n'}
[0.769515] (px4_msgs) StdoutLine: {'line': b'-- Up-to-date: /home/maizaied03/ros2_ws/install/px4_msgs/include/px4_msgs/px4_msgs/msg/detail/actuator_outputs__builder.hpp\n'}
[0.769546] (px4_msgs) StdoutLine: {'line': b'-- Up-to-date: /home/maizaied03/ros2_ws/install/px4_msgs/include/px4_msgs/px4_msgs/msg/detail/debug_array__type_support.hpp\n'}
[0.769578] (px4_msgs) StdoutLine: {'line': b'-- Up-to-date: /home/maizaied03/ros2_ws/install/px4_msgs/include/px4_msgs/px4_msgs/msg/detail/trajectory_setpoint6dof__type_support.hpp\n'}
[0.769610] (px4_msgs) StdoutLine: {'line': b'-- Up-to-date: /home/maizaied03/ros2_ws/install/px4_msgs/include/px4_msgs/px4_msgs/msg/detail/vehicle_optical_flow__type_support.hpp\n'}
[0.769641] (px4_msgs) StdoutLine: {'line': b'-- Up-to-date: /home/maizaied03/ros2_ws/install/px4_msgs/include/px4_msgs/px4_msgs/msg/detail/velocity_limits__traits.hpp\n'}
[0.769675] (px4_msgs) StdoutLine: {'line': b'-- Up-to-date: /home/maizaied03/ros2_ws/install/px4_msgs/include/px4_msgs/px4_msgs/msg/detail/mission_result__builder.hpp\n'}
[0.769708] (px4_msgs) StdoutLine: {'line': b'-- Up-to-date: /home/maizaied03/ros2_ws/install/px4_msgs/include/px4_msgs/px4_msgs/msg/detail/wind__struct.hpp\n'}
[0.769741] (px4_msgs) StdoutLine: {'line': b'-- Up-to-date: /home/maizaied03/ros2_ws/install/px4_msgs/include/px4_msgs/px4_msgs/msg/detail/px4io_status__type_support.hpp\n'}
[0.769778] (px4_msgs) StdoutLine: {'line': b'-- Up-to-date: /home/maizaied03/ros2_ws/install/px4_msgs/include/px4_msgs/px4_msgs/msg/detail/vehicle_local_position_setpoint__builder.hpp\n'}
[0.769812] (px4_msgs) StdoutLine: {'line': b'-- Up-to-date: /home/maizaied03/ros2_ws/install/px4_msgs/include/px4_msgs/px4_msgs/msg/detail/vehicle_acceleration__builder.hpp\n'}
[0.769844] (px4_msgs) StdoutLine: {'line': b'-- Up-to-date: /home/maizaied03/ros2_ws/install/px4_msgs/include/px4_msgs/px4_msgs/msg/detail/estimator_gps_status__struct.hpp\n'}
[0.769877] (px4_msgs) StdoutLine: {'line': b'-- Up-to-date: /home/maizaied03/ros2_ws/install/px4_msgs/include/px4_msgs/px4_msgs/msg/detail/tune_control__builder.hpp\n'}
[0.769923] (px4_msgs) StdoutLine: {'line': b'-- Up-to-date: /home/maizaied03/ros2_ws/install/px4_msgs/include/px4_msgs/px4_msgs/msg/detail/vehicle_roi__builder.hpp\n'}
[0.769978] (px4_msgs) StdoutLine: {'line': b'-- Up-to-date: /home/maizaied03/ros2_ws/install/px4_msgs/include/px4_msgs/px4_msgs/msg/detail/event__struct.hpp\n'}
[0.770010] (px4_msgs) StdoutLine: {'line': b'-- Up-to-date: /home/maizaied03/ros2_ws/install/px4_msgs/include/px4_msgs/px4_msgs/msg/detail/radio_status__traits.hpp\n'}
[0.770041] (px4_msgs) StdoutLine: {'line': b'-- Up-to-date: /home/maizaied03/ros2_ws/install/px4_msgs/include/px4_msgs/px4_msgs/msg/detail/message_format_request__struct.hpp\n'}
[0.770083] (px4_msgs) StdoutLine: {'line': b'-- Up-to-date: /home/maizaied03/ros2_ws/install/px4_msgs/include/px4_msgs/px4_msgs/msg/detail/ping__builder.hpp\n'}
[0.770121] (px4_msgs) StdoutLine: {'line': b'-- Up-to-date: /home/maizaied03/ros2_ws/install/px4_msgs/include/px4_msgs/px4_msgs/msg/detail/gripper__builder.hpp\n'}
[0.770158] (px4_msgs) StdoutLine: {'line': b'-- Up-to-date: /home/maizaied03/ros2_ws/install/px4_msgs/include/px4_msgs/px4_msgs/msg/detail/open_drone_id_operator_id__struct.hpp\n'}
[0.770198] (px4_msgs) StdoutLine: {'line': b'-- Up-to-date: /home/maizaied03/ros2_ws/install/px4_msgs/include/px4_msgs/px4_msgs/msg/detail/offboard_control_mode__builder.hpp\n'}
[0.770235] (px4_msgs) StdoutLine: {'line': b'-- Up-to-date: /home/maizaied03/ros2_ws/install/px4_msgs/include/px4_msgs/px4_msgs/msg/detail/estimator_sensor_bias__builder.hpp\n'}
[0.770275] (px4_msgs) StdoutLine: {'line': b'-- Up-to-date: /home/maizaied03/ros2_ws/install/px4_msgs/include/px4_msgs/px4_msgs/msg/detail/sensor_optical_flow__type_support.hpp\n'}
[0.770307] (px4_msgs) StdoutLine: {'line': b'-- Up-to-date: /home/maizaied03/ros2_ws/install/px4_msgs/include/px4_msgs/px4_msgs/msg/detail/esc_report__struct.hpp\n'}
[0.770350] (px4_msgs) StdoutLine: {'line': b'-- Up-to-date: /home/maizaied03/ros2_ws/install/px4_msgs/include/px4_msgs/px4_msgs/msg/detail/open_drone_id_operator_id__builder.hpp\n'}
[0.770398] (px4_msgs) StdoutLine: {'line': b'-- Up-to-date: /home/maizaied03/ros2_ws/install/px4_msgs/include/px4_msgs/px4_msgs/msg/detail/sensor_mag__builder.hpp\n'}
[0.770437] (px4_msgs) StdoutLine: {'line': b'-- Up-to-date: /home/maizaied03/ros2_ws/install/px4_msgs/include/px4_msgs/px4_msgs/msg/detail/failure_detector_status__traits.hpp\n'}
[0.770474] (px4_msgs) StdoutLine: {'line': b'-- Up-to-date: /home/maizaied03/ros2_ws/install/px4_msgs/include/px4_msgs/px4_msgs/msg/detail/vehicle_command__struct.hpp\n'}
[0.770525] (px4_msgs) StdoutLine: {'line': b'-- Up-to-date: /home/maizaied03/ros2_ws/install/px4_msgs/include/px4_msgs/px4_msgs/msg/detail/ulog_stream_ack__type_support.hpp\n'}
[0.770559] (px4_msgs) StdoutLine: {'line': b'-- Up-to-date: /home/maizaied03/ros2_ws/install/px4_msgs/include/px4_msgs/px4_msgs/msg/detail/ekf2_timestamps__traits.hpp\n'}
[0.770592] (px4_msgs) StdoutLine: {'line': b'-- Up-to-date: /home/maizaied03/ros2_ws/install/px4_msgs/include/px4_msgs/px4_msgs/msg/detail/vehicle_thrust_setpoint__traits.hpp\n'}
[0.770635] (px4_msgs) StdoutLine: {'line': b'-- Up-to-date: /home/maizaied03/ros2_ws/install/px4_msgs/include/px4_msgs/px4_msgs/msg/detail/position_controller_landing_status__struct.hpp\n'}
[0.770683] (px4_msgs) StdoutLine: {'line': b'-- Up-to-date: /home/maizaied03/ros2_ws/install/px4_msgs/include/px4_msgs/px4_msgs/msg/detail/tiltrotor_extra_controls__struct.hpp\n'}
[0.770734] (px4_msgs) StdoutLine: {'line': b'-- Up-to-date: /home/maizaied03/ros2_ws/install/px4_msgs/include/px4_msgs/px4_msgs/msg/detail/follow_target_status__builder.hpp\n'}
[0.770793] (px4_msgs) StdoutLine: {'line': b'-- Up-to-date: /home/maizaied03/ros2_ws/install/px4_msgs/include/px4_msgs/px4_msgs/msg/detail/position_setpoint_triplet__builder.hpp\n'}
[0.770833] (px4_msgs) StdoutLine: {'line': b'-- Up-to-date: /home/maizaied03/ros2_ws/install/px4_msgs/include/px4_msgs/px4_msgs/msg/detail/estimator_bias3d__builder.hpp\n'}
[0.770867] (px4_msgs) StdoutLine: {'line': b'-- Up-to-date: /home/maizaied03/ros2_ws/install/px4_msgs/include/px4_msgs/px4_msgs/msg/detail/can_interface_status__struct.hpp\n'}
[0.770899] (px4_msgs) StdoutLine: {'line': b'-- Up-to-date: /home/maizaied03/ros2_ws/install/px4_msgs/include/px4_msgs/px4_msgs/msg/detail/follow_target_status__traits.hpp\n'}
[0.770932] (px4_msgs) StdoutLine: {'line': b'-- Up-to-date: /home/maizaied03/ros2_ws/install/px4_msgs/include/px4_msgs/px4_msgs/msg/detail/px4io_status__builder.hpp\n'}
[0.770964] (px4_msgs) StdoutLine: {'line': b'-- Up-to-date: /home/maizaied03/ros2_ws/install/px4_msgs/include/px4_msgs/px4_msgs/msg/detail/arming_check_reply__builder.hpp\n'}
[0.770996] (px4_msgs) StdoutLine: {'line': b'-- Up-to-date: /home/maizaied03/ros2_ws/install/px4_msgs/include/px4_msgs/px4_msgs/msg/detail/pps_capture__builder.hpp\n'}
[0.771028] (px4_msgs) StdoutLine: {'line': b'-- Up-to-date: /home/maizaied03/ros2_ws/install/px4_msgs/include/px4_msgs/px4_msgs/msg/detail/actuator_controls_status__type_support.hpp\n'}
[0.771061] (px4_msgs) StdoutLine: {'line': b'-- Up-to-date: /home/maizaied03/ros2_ws/install/px4_msgs/include/px4_msgs/px4_msgs/msg/detail/manual_control_switches__builder.hpp\n'}
[0.771093] (px4_msgs) StdoutLine: {'line': b'-- Up-to-date: /home/maizaied03/ros2_ws/install/px4_msgs/include/px4_msgs/px4_msgs/msg/detail/vehicle_angular_acceleration_setpoint__builder.hpp\n'}
[0.771129] (px4_msgs) StdoutLine: {'line': b'-- Up-to-date: /home/maizaied03/ros2_ws/install/px4_msgs/include/px4_msgs/px4_msgs/msg/detail/rover_throttle_setpoint__traits.hpp\n'}
[0.771161] (px4_msgs) StdoutLine: {'line': b'-- Up-to-date: /home/maizaied03/ros2_ws/install/px4_msgs/include/px4_msgs/px4_msgs/msg/detail/open_drone_id_self_id__traits.hpp\n'}
[0.771192] (px4_msgs) StdoutLine: {'line': b'-- Up-to-date: /home/maizaied03/ros2_ws/install/px4_msgs/include/px4_msgs/px4_msgs/msg/detail/gpio_out__builder.hpp\n'}
[0.771224] (px4_msgs) StdoutLine: {'line': b'-- Up-to-date: /home/maizaied03/ros2_ws/install/px4_msgs/include/px4_msgs/px4_msgs/msg/detail/unregister_ext_component__traits.hpp\n'}
[0.771258] (px4_msgs) StdoutLine: {'line': b'-- Up-to-date: /home/maizaied03/ros2_ws/install/px4_msgs/include/px4_msgs/px4_msgs/msg/detail/gpio_config__builder.hpp\n'}
[0.771291] (px4_msgs) StdoutLine: {'line': b'-- Up-to-date: /home/maizaied03/ros2_ws/install/px4_msgs/include/px4_msgs/px4_msgs/msg/detail/autotune_attitude_control_status__traits.hpp\n'}
[0.771322] (px4_msgs) StdoutLine: {'line': b'-- Up-to-date: /home/maizaied03/ros2_ws/install/px4_msgs/include/px4_msgs/px4_msgs/msg/detail/mavlink_tunnel__type_support.hpp\n'}
[0.771354] (px4_msgs) StdoutLine: {'line': b'-- Up-to-date: /home/maizaied03/ros2_ws/install/px4_msgs/include/px4_msgs/px4_msgs/msg/detail/rover_steering_setpoint__builder.hpp\n'}
[0.771385] (px4_msgs) StdoutLine: {'line': b'-- Up-to-date: /home/maizaied03/ros2_ws/install/px4_msgs/include/px4_msgs/px4_msgs/msg/detail/message_format_request__type_support.hpp\n'}
[0.771417] (px4_msgs) StdoutLine: {'line': b'-- Up-to-date: /home/maizaied03/ros2_ws/install/px4_msgs/include/px4_msgs/px4_msgs/msg/detail/debug_value__traits.hpp\n'}
[0.771449] (px4_msgs) StdoutLine: {'line': b'-- Up-to-date: /home/maizaied03/ros2_ws/install/px4_msgs/include/px4_msgs/px4_msgs/msg/detail/heater_status__builder.hpp\n'}
[0.771481] (px4_msgs) StdoutLine: {'line': b'-- Up-to-date: /home/maizaied03/ros2_ws/install/px4_msgs/include/px4_msgs/px4_msgs/msg/detail/autotune_attitude_control_status__type_support.hpp\n'}
[0.771519] (px4_msgs) StdoutLine: {'line': b'-- Up-to-date: /home/maizaied03/ros2_ws/install/px4_msgs/include/px4_msgs/px4_msgs/msg/detail/position_setpoint_triplet__traits.hpp\n'}
[0.771550] (px4_msgs) StdoutLine: {'line': b'-- Up-to-date: /home/maizaied03/ros2_ws/install/px4_msgs/include/px4_msgs/px4_msgs/msg/detail/sensor_hygrometer__type_support.hpp\n'}
[0.771581] (px4_msgs) StdoutLine: {'line': b'-- Up-to-date: /home/maizaied03/ros2_ws/install/px4_msgs/include/px4_msgs/px4_msgs/msg/detail/hover_thrust_estimate__traits.hpp\n'}
[0.771613] (px4_msgs) StdoutLine: {'line': b'-- Up-to-date: /home/maizaied03/ros2_ws/install/px4_msgs/include/px4_msgs/px4_msgs/msg/detail/pwm_input__builder.hpp\n'}
[0.771644] (px4_msgs) StdoutLine: {'line': b'-- Up-to-date: /home/maizaied03/ros2_ws/install/px4_msgs/include/px4_msgs/px4_msgs/msg/detail/sensors_status_imu__type_support.hpp\n'}
[0.771675] (px4_msgs) StdoutLine: {'line': b'-- Up-to-date: /home/maizaied03/ros2_ws/install/px4_msgs/include/px4_msgs/px4_msgs/msg/detail/vtx__traits.hpp\n'}
[0.771707] (px4_msgs) StdoutLine: {'line': b'-- Up-to-date: /home/maizaied03/ros2_ws/install/px4_msgs/include/px4_msgs/px4_msgs/msg/detail/position_setpoint_triplet__struct.hpp\n'}
[0.771738] (px4_msgs) StdoutLine: {'line': b'-- Up-to-date: /home/maizaied03/ros2_ws/install/px4_msgs/include/px4_msgs/px4_msgs/msg/detail/unregister_ext_component__struct.hpp\n'}
[0.771775] (px4_msgs) StdoutLine: {'line': b'-- Up-to-date: /home/maizaied03/ros2_ws/install/px4_msgs/include/px4_msgs/px4_msgs/msg/detail/estimator_bias__traits.hpp\n'}
[0.771809] (px4_msgs) StdoutLine: {'line': b'-- Up-to-date: /home/maizaied03/ros2_ws/install/px4_msgs/include/px4_msgs/px4_msgs/msg/detail/sensor_uwb__struct.hpp\n'}
[0.771842] (px4_msgs) StdoutLine: {'line': b'-- Up-to-date: /home/maizaied03/ros2_ws/install/px4_msgs/include/px4_msgs/px4_msgs/msg/detail/estimator_aid_source1d__traits.hpp\n'}
[0.771874] (px4_msgs) StdoutLine: {'line': b'-- Up-to-date: /home/maizaied03/ros2_ws/install/px4_msgs/include/px4_msgs/px4_msgs/msg/detail/normalized_unsigned_setpoint__builder.hpp\n'}
[0.771907] (px4_msgs) StdoutLine: {'line': b'-- Up-to-date: /home/maizaied03/ros2_ws/install/px4_msgs/include/px4_msgs/px4_msgs/msg/detail/health_report__type_support.hpp\n'}
[0.771938] (px4_msgs) StdoutLine: {'line': b'-- Up-to-date: /home/maizaied03/ros2_ws/install/px4_msgs/include/px4_msgs/px4_msgs/msg/detail/vehicle_roi__struct.hpp\n'}
[0.771969] (px4_msgs) StdoutLine: {'line': b'-- Up-to-date: /home/maizaied03/ros2_ws/install/px4_msgs/include/px4_msgs/px4_msgs/msg/detail/fixed_wing_runway_control__builder.hpp\n'}
[0.772008] (px4_msgs) StdoutLine: {'line': b'-- Up-to-date: /home/maizaied03/ros2_ws/install/px4_msgs/include/px4_msgs/px4_msgs/msg/detail/device_information__struct.hpp\n'}
[0.772040] (px4_msgs) StdoutLine: {'line': b'-- Up-to-date: /home/maizaied03/ros2_ws/install/px4_msgs/include/px4_msgs/px4_msgs/msg/detail/battery_status__builder.hpp\n'}
[0.772072] (px4_msgs) StdoutLine: {'line': b'-- Up-to-date: /home/maizaied03/ros2_ws/install/px4_msgs/include/px4_msgs/px4_msgs/msg/detail/sensor_gyro_fft__traits.hpp\n'}
[0.772106] (px4_msgs) StdoutLine: {'line': b'-- Up-to-date: /home/maizaied03/ros2_ws/install/px4_msgs/include/px4_msgs/px4_msgs/msg/detail/vehicle_torque_setpoint__builder.hpp\n'}
[0.772138] (px4_msgs) StdoutLine: {'line': b'-- Up-to-date: /home/maizaied03/ros2_ws/install/px4_msgs/include/px4_msgs/px4_msgs/msg/detail/position_setpoint__traits.hpp\n'}
[0.772170] (px4_msgs) StdoutLine: {'line': b'-- Up-to-date: /home/maizaied03/ros2_ws/install/px4_msgs/include/px4_msgs/px4_msgs/msg/detail/sensor_accel_fifo__builder.hpp\n'}
[0.772202] (px4_msgs) StdoutLine: {'line': b'-- Up-to-date: /home/maizaied03/ros2_ws/install/px4_msgs/include/px4_msgs/px4_msgs/msg/detail/estimator_states__builder.hpp\n'}
[0.772233] (px4_msgs) StdoutLine: {'line': b'-- Up-to-date: /home/maizaied03/ros2_ws/install/px4_msgs/include/px4_msgs/px4_msgs/msg/detail/sensor_uwb__type_support.hpp\n'}
[0.772265] (px4_msgs) StdoutLine: {'line': b'-- Up-to-date: /home/maizaied03/ros2_ws/install/px4_msgs/include/px4_msgs/px4_msgs/msg/detail/landing_target_innovations__type_support.hpp\n'}
[0.772296] (px4_msgs) StdoutLine: {'line': b'-- Up-to-date: /home/maizaied03/ros2_ws/install/px4_msgs/include/px4_msgs/px4_msgs/msg/detail/unregister_ext_component__type_support.hpp\n'}
[0.772328] (px4_msgs) StdoutLine: {'line': b'-- Up-to-date: /home/maizaied03/ros2_ws/install/px4_msgs/include/px4_msgs/px4_msgs/msg/detail/vehicle_imu__traits.hpp\n'}
[0.772360] (px4_msgs) StdoutLine: {'line': b'-- Up-to-date: /home/maizaied03/ros2_ws/install/px4_msgs/include/px4_msgs/px4_msgs/msg/detail/gpio_config__type_support.hpp\n'}
[0.772391] (px4_msgs) StdoutLine: {'line': b'-- Up-to-date: /home/maizaied03/ros2_ws/install/px4_msgs/include/px4_msgs/px4_msgs/msg/detail/lateral_control_configuration__struct.hpp\n'}
[0.772422] (px4_msgs) StdoutLine: {'line': b'-- Up-to-date: /home/maizaied03/ros2_ws/install/px4_msgs/include/px4_msgs/px4_msgs/msg/detail/goto_setpoint__traits.hpp\n'}
[0.772454] (px4_msgs) StdoutLine: {'line': b'-- Up-to-date: /home/maizaied03/ros2_ws/install/px4_msgs/include/px4_msgs/px4_msgs/msg/detail/battery_status__struct.hpp\n'}
[0.772486] (px4_msgs) StdoutLine: {'line': b'-- Up-to-date: /home/maizaied03/ros2_ws/install/px4_msgs/include/px4_msgs/px4_msgs/msg/detail/rover_speed_setpoint__builder.hpp\n'}
[0.772518] (px4_msgs) StdoutLine: {'line': b'-- Up-to-date: /home/maizaied03/ros2_ws/install/px4_msgs/include/px4_msgs/px4_msgs/msg/detail/airspeed_validated__traits.hpp\n'}
[0.772550] (px4_msgs) StdoutLine: {'line': b'-- Up-to-date: /home/maizaied03/ros2_ws/install/px4_msgs/include/px4_msgs/px4_msgs/msg/detail/button_event__traits.hpp\n'}
[0.772585] (px4_msgs) StdoutLine: {'line': b'-- Up-to-date: /home/maizaied03/ros2_ws/install/px4_msgs/include/px4_msgs/px4_msgs/msg/detail/yaw_estimator_status__traits.hpp\n'}
[0.772617] (px4_msgs) StdoutLine: {'line': b'-- Up-to-date: /home/maizaied03/ros2_ws/install/px4_msgs/include/px4_msgs/px4_msgs/msg/detail/mavlink_log__type_support.hpp\n'}
[0.772649] (px4_msgs) StdoutLine: {'line': b'-- Up-to-date: /home/maizaied03/ros2_ws/install/px4_msgs/include/px4_msgs/px4_msgs/msg/detail/parameter_set_value_request__builder.hpp\n'}
[0.772681] (px4_msgs) StdoutLine: {'line': b'-- Up-to-date: /home/maizaied03/ros2_ws/install/px4_msgs/include/px4_msgs/px4_msgs/msg/detail/longitudinal_control_configuration__builder.hpp\n'}
[0.772713] (px4_msgs) StdoutLine: {'line': b'-- Up-to-date: /home/maizaied03/ros2_ws/install/px4_msgs/include/px4_msgs/px4_msgs/msg/detail/mag_worker_data__type_support.hpp\n'}
[0.772746] (px4_msgs) StdoutLine: {'line': b'-- Up-to-date: /home/maizaied03/ros2_ws/install/px4_msgs/include/px4_msgs/px4_msgs/msg/detail/gimbal_device_information__traits.hpp\n'}
[0.772789] (px4_msgs) StdoutLine: {'line': b'-- Up-to-date: /home/maizaied03/ros2_ws/install/px4_msgs/include/px4_msgs/px4_msgs/msg/detail/device_information__builder.hpp\n'}
[0.772822] (px4_msgs) StdoutLine: {'line': b'-- Up-to-date: /home/maizaied03/ros2_ws/install/px4_msgs/include/px4_msgs/px4_msgs/msg/detail/failure_detector_status__type_support.hpp\n'}
[0.772854] (px4_msgs) StdoutLine: {'line': b'-- Up-to-date: /home/maizaied03/ros2_ws/install/px4_msgs/include/px4_msgs/px4_msgs/msg/detail/rover_attitude_status__type_support.hpp\n'}
[0.772886] (px4_msgs) StdoutLine: {'line': b'-- Up-to-date: /home/maizaied03/ros2_ws/install/px4_msgs/include/px4_msgs/px4_msgs/msg/detail/orb_test__type_support.hpp\n'}
[0.772918] (px4_msgs) StdoutLine: {'line': b'-- Up-to-date: /home/maizaied03/ros2_ws/install/px4_msgs/include/px4_msgs/px4_msgs/msg/detail/mission__builder.hpp\n'}
[0.772949] (px4_msgs) StdoutLine: {'line': b'-- Up-to-date: /home/maizaied03/ros2_ws/install/px4_msgs/include/px4_msgs/px4_msgs/msg/detail/position_controller_landing_status__type_support.hpp\n'}
[0.772981] (px4_msgs) StdoutLine: {'line': b'-- Up-to-date: /home/maizaied03/ros2_ws/install/px4_msgs/include/px4_msgs/px4_msgs/msg/detail/action_request__builder.hpp\n'}
[0.773012] (px4_msgs) StdoutLine: {'line': b'-- Up-to-date: /home/maizaied03/ros2_ws/install/px4_msgs/include/px4_msgs/px4_msgs/msg/detail/esc_report__type_support.hpp\n'}
[0.773043] (px4_msgs) StdoutLine: {'line': b'-- Up-to-date: /home/maizaied03/ros2_ws/install/px4_msgs/include/px4_msgs/px4_msgs/msg/detail/fixed_wing_lateral_setpoint__struct.hpp\n'}
[0.773078] (px4_msgs) StdoutLine: {'line': b'-- Up-to-date: /home/maizaied03/ros2_ws/install/px4_msgs/include/px4_msgs/px4_msgs/msg/detail/ekf2_timestamps__builder.hpp\n'}
[0.773110] (px4_msgs) StdoutLine: {'line': b'-- Up-to-date: /home/maizaied03/ros2_ws/install/px4_msgs/include/px4_msgs/px4_msgs/msg/detail/parameter_update__builder.hpp\n'}
[0.773142] (px4_msgs) StdoutLine: {'line': b'-- Up-to-date: /home/maizaied03/ros2_ws/install/px4_msgs/include/px4_msgs/px4_msgs/msg/detail/failsafe_flags__type_support.hpp\n'}
[0.773174] (px4_msgs) StdoutLine: {'line': b'-- Up-to-date: /home/maizaied03/ros2_ws/install/px4_msgs/include/px4_msgs/px4_msgs/msg/detail/gimbal_manager_status__struct.hpp\n'}
[0.773206] (px4_msgs) StdoutLine: {'line': b'-- Up-to-date: /home/maizaied03/ros2_ws/install/px4_msgs/include/px4_msgs/px4_msgs/msg/detail/estimator_bias3d__traits.hpp\n'}
[0.773237] (px4_msgs) StdoutLine: {'line': b'-- Up-to-date: /home/maizaied03/ros2_ws/install/px4_msgs/include/px4_msgs/px4_msgs/msg/detail/position_controller_status__struct.hpp\n'}
[0.773268] (px4_msgs) StdoutLine: {'line': b'-- Up-to-date: /home/maizaied03/ros2_ws/install/px4_msgs/include/px4_msgs/px4_msgs/msg/detail/follow_target__traits.hpp\n'}
[0.773300] (px4_msgs) StdoutLine: {'line': b'-- Up-to-date: /home/maizaied03/ros2_ws/install/px4_msgs/include/px4_msgs/px4_msgs/msg/detail/mag_worker_data__traits.hpp\n'}
[0.773331] (px4_msgs) StdoutLine: {'line': b'-- Up-to-date: /home/maizaied03/ros2_ws/install/px4_msgs/include/px4_msgs/px4_msgs/msg/detail/cpuload__builder.hpp\n'}
[0.773363] (px4_msgs) StdoutLine: {'line': b'-- Up-to-date: /home/maizaied03/ros2_ws/install/px4_msgs/include/px4_msgs/px4_msgs/msg/detail/airspeed_wind__type_support.hpp\n'}
[0.773394] (px4_msgs) StdoutLine: {'line': b'-- Up-to-date: /home/maizaied03/ros2_ws/install/px4_msgs/include/px4_msgs/px4_msgs/msg/detail/actuator_outputs__traits.hpp\n'}
[0.773426] (px4_msgs) StdoutLine: {'line': b'-- Up-to-date: /home/maizaied03/ros2_ws/install/px4_msgs/include/px4_msgs/px4_msgs/msg/detail/fixed_wing_runway_control__struct.hpp\n'}
[0.773458] (px4_msgs) StdoutLine: {'line': b'-- Up-to-date: /home/maizaied03/ros2_ws/install/px4_msgs/include/px4_msgs/px4_msgs/msg/detail/orb_test__traits.hpp\n'}
[0.773490] (px4_msgs) StdoutLine: {'line': b'-- Up-to-date: /home/maizaied03/ros2_ws/install/px4_msgs/include/px4_msgs/px4_msgs/msg/detail/vehicle_attitude_setpoint__struct.hpp\n'}
[0.773525] (px4_msgs) StdoutLine: {'line': b'-- Up-to-date: /home/maizaied03/ros2_ws/install/px4_msgs/include/px4_msgs/px4_msgs/msg/detail/sensors_status_imu__struct.hpp\n'}
[0.773558] (px4_msgs) StdoutLine: {'line': b'-- Up-to-date: /home/maizaied03/ros2_ws/install/px4_msgs/include/px4_msgs/px4_msgs/msg/detail/event__traits.hpp\n'}
[0.773589] (px4_msgs) StdoutLine: {'line': b'-- Up-to-date: /home/maizaied03/ros2_ws/install/px4_msgs/include/px4_msgs/px4_msgs/msg/detail/actuator_armed__traits.hpp\n'}
[0.773641] (px4_msgs) StdoutLine: {'line': b'-- Up-to-date: /home/maizaied03/ros2_ws/install/px4_msgs/include/px4_msgs/px4_msgs/msg/detail/esc_status__struct.hpp\n'}
[0.773680] (px4_msgs) StdoutLine: {'line': b'-- Up-to-date: /home/maizaied03/ros2_ws/install/px4_msgs/include/px4_msgs/px4_msgs/msg/detail/landing_gear_wheel__struct.hpp\n'}
[0.773716] (px4_msgs) StdoutLine: {'line': b'-- Up-to-date: /home/maizaied03/ros2_ws/install/px4_msgs/include/px4_msgs/px4_msgs/msg/detail/navigator_mission_item__type_support.hpp\n'}
[0.773751] (px4_msgs) StdoutLine: {'line': b'-- Up-to-date: /home/maizaied03/ros2_ws/install/px4_msgs/include/px4_msgs/px4_msgs/msg/detail/sensor_accel__builder.hpp\n'}
[0.773834] (px4_msgs) StdoutLine: {'line': b'-- Up-to-date: /home/maizaied03/ros2_ws/install/px4_msgs/include/px4_msgs/px4_msgs/msg/detail/offboard_control_mode__struct.hpp\n'}
[0.773868] (px4_msgs) StdoutLine: {'line': b'-- Up-to-date: /home/maizaied03/ros2_ws/install/px4_msgs/include/px4_msgs/px4_msgs/msg/detail/sensor_combined__builder.hpp\n'}
[0.773901] (px4_msgs) StdoutLine: {'line': b'-- Up-to-date: /home/maizaied03/ros2_ws/install/px4_msgs/include/px4_msgs/px4_msgs/msg/detail/estimator_innovations__traits.hpp\n'}
[0.773933] (px4_msgs) StdoutLine: {'line': b'-- Up-to-date: /home/maizaied03/ros2_ws/install/px4_msgs/include/px4_msgs/px4_msgs/msg/detail/rover_rate_status__traits.hpp\n'}
[0.773965] (px4_msgs) StdoutLine: {'line': b'-- Up-to-date: /home/maizaied03/ros2_ws/install/px4_msgs/include/px4_msgs/px4_msgs/msg/detail/tune_control__type_support.hpp\n'}
[0.773998] (px4_msgs) StdoutLine: {'line': b'-- Up-to-date: /home/maizaied03/ros2_ws/install/px4_msgs/include/px4_msgs/px4_msgs/msg/detail/tiltrotor_extra_controls__type_support.hpp\n'}
[0.774030] (px4_msgs) StdoutLine: {'line': b'-- Up-to-date: /home/maizaied03/ros2_ws/install/px4_msgs/include/px4_msgs/px4_msgs/msg/detail/actuator_controls_status__struct.hpp\n'}
[0.774062] (px4_msgs) StdoutLine: {'line': b'-- Up-to-date: /home/maizaied03/ros2_ws/install/px4_msgs/include/px4_msgs/px4_msgs/msg/detail/gimbal_device_set_attitude__builder.hpp\n'}
[0.774094] (px4_msgs) StdoutLine: {'line': b'-- Up-to-date: /home/maizaied03/ros2_ws/install/px4_msgs/include/px4_msgs/px4_msgs/msg/detail/gpio_in__builder.hpp\n'}
[0.774127] (px4_msgs) StdoutLine: {'line': b'-- Up-to-date: /home/maizaied03/ros2_ws/install/px4_msgs/include/px4_msgs/px4_msgs/msg/detail/rover_attitude_setpoint__type_support.hpp\n'}
[0.774163] (px4_msgs) StdoutLine: {'line': b'-- Up-to-date: /home/maizaied03/ros2_ws/install/px4_msgs/include/px4_msgs/px4_msgs/msg/detail/velocity_limits__struct.hpp\n'}
[0.774196] (px4_msgs) StdoutLine: {'line': b'-- Up-to-date: /home/maizaied03/ros2_ws/install/px4_msgs/include/px4_msgs/px4_msgs/msg/detail/vehicle_angular_acceleration_setpoint__type_support.hpp\n'}
[0.774227] (px4_msgs) StdoutLine: {'line': b'-- Up-to-date: /home/maizaied03/ros2_ws/install/px4_msgs/include/px4_msgs/px4_msgs/msg/detail/gpio_out__traits.hpp\n'}
[0.774260] (px4_msgs) StdoutLine: {'line': b'-- Up-to-date: /home/maizaied03/ros2_ws/install/px4_msgs/include/px4_msgs/px4_msgs/msg/detail/gimbal_device_attitude_status__builder.hpp\n'}
[0.774292] (px4_msgs) StdoutLine: {'line': b'-- Up-to-date: /home/maizaied03/ros2_ws/install/px4_msgs/include/px4_msgs/px4_msgs/msg/detail/collision_constraints__traits.hpp\n'}
[0.774324] (px4_msgs) StdoutLine: {'line': b'-- Up-to-date: /home/maizaied03/ros2_ws/install/px4_msgs/include/px4_msgs/px4_msgs/msg/detail/message_format_request__builder.hpp\n'}
[0.774359] (px4_msgs) StdoutLine: {'line': b'-- Up-to-date: /home/maizaied03/ros2_ws/install/px4_msgs/include/px4_msgs/px4_msgs/msg/detail/message_format_response__type_support.hpp\n'}
[0.774391] (px4_msgs) StdoutLine: {'line': b'-- Up-to-date: /home/maizaied03/ros2_ws/install/px4_msgs/include/px4_msgs/px4_msgs/msg/detail/action_request__type_support.hpp\n'}
[0.774423] (px4_msgs) StdoutLine: {'line': b'-- Up-to-date: /home/maizaied03/ros2_ws/install/px4_msgs/include/px4_msgs/px4_msgs/msg/detail/raptor_input__traits.hpp\n'}
[0.774455] (px4_msgs) StdoutLine: {'line': b'-- Up-to-date: /home/maizaied03/ros2_ws/install/px4_msgs/include/px4_msgs/px4_msgs/msg/detail/input_rc__builder.hpp\n'}
[0.774487] (px4_msgs) StdoutLine: {'line': b'-- Up-to-date: /home/maizaied03/ros2_ws/install/px4_msgs/include/px4_msgs/px4_msgs/msg/detail/obstacle_distance__builder.hpp\n'}
[0.774519] (px4_msgs) StdoutLine: {'line': b'-- Up-to-date: /home/maizaied03/ros2_ws/install/px4_msgs/include/px4_msgs/px4_msgs/msg/detail/sensor_airflow__builder.hpp\n'}
[0.774550] (px4_msgs) StdoutLine: {'line': b'-- Up-to-date: /home/maizaied03/ros2_ws/install/px4_msgs/include/px4_msgs/px4_msgs/msg/detail/fixed_wing_lateral_guidance_status__struct.hpp\n'}
[0.774582] (px4_msgs) StdoutLine: {'line': b'-- Up-to-date: /home/maizaied03/ros2_ws/install/px4_msgs/include/px4_msgs/px4_msgs/msg/detail/battery_info__type_support.hpp\n'}
[0.774613] (px4_msgs) StdoutLine: {'line': b'-- Up-to-date: /home/maizaied03/ros2_ws/install/px4_msgs/include/px4_msgs/px4_msgs/msg/detail/vehicle_imu_status__builder.hpp\n'}
[0.774645] (px4_msgs) StdoutLine: {'line': b'-- Up-to-date: /home/maizaied03/ros2_ws/install/px4_msgs/include/px4_msgs/px4_msgs/msg/detail/uavcan_parameter_request__type_support.hpp\n'}
[0.774676] (px4_msgs) StdoutLine: {'line': b'-- Up-to-date: /home/maizaied03/ros2_ws/install/px4_msgs/include/px4_msgs/px4_msgs/msg/detail/transponder_report__type_support.hpp\n'}
[0.774708] (px4_msgs) StdoutLine: {'line': b'-- Up-to-date: /home/maizaied03/ros2_ws/install/px4_msgs/include/px4_msgs/px4_msgs/msg/detail/figure_eight_status__struct.hpp\n'}
[0.774744] (px4_msgs) StdoutLine: {'line': b'-- Up-to-date: /home/maizaied03/ros2_ws/install/px4_msgs/include/px4_msgs/px4_msgs/msg/detail/failsafe_flags__struct.hpp\n'}
[0.774783] (px4_msgs) StdoutLine: {'line': b'-- Up-to-date: /home/maizaied03/ros2_ws/install/px4_msgs/include/px4_msgs/px4_msgs/msg/detail/sensor_gyro_fifo__struct.hpp\n'}
[0.774817] (px4_msgs) StdoutLine: {'line': b'-- Up-to-date: /home/maizaied03/ros2_ws/install/px4_msgs/include/px4_msgs/px4_msgs/msg/detail/debug_array__builder.hpp\n'}
[0.774849] (px4_msgs) StdoutLine: {'line': b'-- Up-to-date: /home/maizaied03/ros2_ws/install/px4_msgs/include/px4_msgs/px4_msgs/msg/detail/estimator_gps_status__builder.hpp\n'}
[0.774880] (px4_msgs) StdoutLine: {'line': b'-- Up-to-date: /home/maizaied03/ros2_ws/install/px4_msgs/include/px4_msgs/px4_msgs/msg/detail/debug_key_value__struct.hpp\n'}
[0.774912] (px4_msgs) StdoutLine: {'line': b'-- Up-to-date: /home/maizaied03/ros2_ws/install/px4_msgs/include/px4_msgs/px4_msgs/msg/detail/qshell_req__traits.hpp\n'}
[0.774943] (px4_msgs) StdoutLine: {'line': b'-- Up-to-date: /home/maizaied03/ros2_ws/install/px4_msgs/include/px4_msgs/px4_msgs/msg/detail/register_ext_component_reply__builder.hpp\n'}
[0.774975] (px4_msgs) StdoutLine: {'line': b'-- Up-to-date: /home/maizaied03/ros2_ws/install/px4_msgs/include/px4_msgs/px4_msgs/msg/detail/sensor_gyro__type_support.hpp\n'}
[0.775020] (px4_msgs) StdoutLine: {'line': b'-- Up-to-date: /home/maizaied03/ros2_ws/install/px4_msgs/include/px4_msgs/px4_msgs/msg/detail/mission__struct.hpp\n'}
[0.775054] (px4_msgs) StdoutLine: {'line': b'-- Up-to-date: /home/maizaied03/ros2_ws/install/px4_msgs/include/px4_msgs/px4_msgs/msg/detail/gimbal_manager_status__traits.hpp\n'}
[0.775088] (px4_msgs) StdoutLine: {'line': b'-- Up-to-date: /home/maizaied03/ros2_ws/install/px4_msgs/include/px4_msgs/px4_msgs/msg/detail/rate_ctrl_status__builder.hpp\n'}
[0.775125] (px4_msgs) StdoutLine: {'line': b'-- Up-to-date: /home/maizaied03/ros2_ws/install/px4_msgs/include/px4_msgs/px4_msgs/msg/detail/open_drone_id_arm_status__struct.hpp\n'}
[0.775161] (px4_msgs) StdoutLine: {'line': b'-- Up-to-date: /home/maizaied03/ros2_ws/install/px4_msgs/include/px4_msgs/px4_msgs/msg/detail/rover_position_setpoint__traits.hpp\n'}
[0.775193] (px4_msgs) StdoutLine: {'line': b'-- Up-to-date: /home/maizaied03/ros2_ws/install/px4_msgs/include/px4_msgs/px4_msgs/msg/detail/fixed_wing_longitudinal_setpoint__type_support.hpp\n'}
[0.775226] (px4_msgs) StdoutLine: {'line': b'-- Up-to-date: /home/maizaied03/ros2_ws/install/px4_msgs/include/px4_msgs/px4_msgs/msg/detail/actuator_servos_trim__traits.hpp\n'}
[0.775266] (px4_msgs) StdoutLine: {'line': b'-- Up-to-date: /home/maizaied03/ros2_ws/install/px4_msgs/include/px4_msgs/px4_msgs/msg/detail/fixed_wing_runway_control__traits.hpp\n'}
[0.775305] (px4_msgs) StdoutLine: {'line': b'-- Up-to-date: /home/maizaied03/ros2_ws/install/px4_msgs/include/px4_msgs/px4_msgs/msg/detail/estimator_aid_source3d__builder.hpp\n'}
[0.775353] (px4_msgs) StdoutLine: {'line': b'-- Up-to-date: /home/maizaied03/ros2_ws/install/px4_msgs/include/px4_msgs/px4_msgs/msg/detail/differential_pressure__type_support.hpp\n'}
[0.775387] (px4_msgs) StdoutLine: {'line': b'-- Up-to-date: /home/maizaied03/ros2_ws/install/px4_msgs/include/px4_msgs/px4_msgs/msg/detail/dataman_request__type_support.hpp\n'}
[0.775420] (px4_msgs) StdoutLine: {'line': b'-- Up-to-date: /home/maizaied03/ros2_ws/install/px4_msgs/include/px4_msgs/px4_msgs/msg/detail/landing_target_pose__traits.hpp\n'}
[0.775453] (px4_msgs) StdoutLine: {'line': b'-- Up-to-date: /home/maizaied03/ros2_ws/install/px4_msgs/include/px4_msgs/px4_msgs/msg/detail/mission__type_support.hpp\n'}
[0.775485] (px4_msgs) StdoutLine: {'line': b'-- Up-to-date: /home/maizaied03/ros2_ws/install/px4_msgs/include/px4_msgs/px4_msgs/msg/detail/distance_sensor_mode_change_request__struct.hpp\n'}
[0.775518] (px4_msgs) StdoutLine: {'line': b'-- Up-to-date: /home/maizaied03/ros2_ws/install/px4_msgs/include/px4_msgs/px4_msgs/msg/detail/fixed_wing_lateral_status__type_support.hpp\n'}
[0.775551] (px4_msgs) StdoutLine: {'line': b'-- Up-to-date: /home/maizaied03/ros2_ws/install/px4_msgs/include/px4_msgs/px4_msgs/msg/detail/mavlink_log__traits.hpp\n'}
[0.775583] (px4_msgs) StdoutLine: {'line': b'-- Up-to-date: /home/maizaied03/ros2_ws/install/px4_msgs/include/px4_msgs/px4_msgs/msg/detail/vehicle_angular_velocity__traits.hpp\n'}
[0.775615] (px4_msgs) StdoutLine: {'line': b'-- Up-to-date: /home/maizaied03/ros2_ws/install/px4_msgs/include/px4_msgs/px4_msgs/msg/detail/distance_sensor_mode_change_request__type_support.hpp\n'}
[0.775647] (px4_msgs) StdoutLine: {'line': b'-- Up-to-date: /home/maizaied03/ros2_ws/install/px4_msgs/include/px4_msgs/px4_msgs/msg/detail/power_monitor__struct.hpp\n'}
[0.775680] (px4_msgs) StdoutLine: {'line': b'-- Up-to-date: /home/maizaied03/ros2_ws/install/px4_msgs/include/px4_msgs/px4_msgs/msg/detail/ping__struct.hpp\n'}
[0.775713] (px4_msgs) StdoutLine: {'line': b'-- Up-to-date: /home/maizaied03/ros2_ws/install/px4_msgs/include/px4_msgs/px4_msgs/msg/detail/landing_gear__traits.hpp\n'}
[0.775746] (px4_msgs) StdoutLine: {'line': b'-- Up-to-date: /home/maizaied03/ros2_ws/install/px4_msgs/include/px4_msgs/px4_msgs/msg/detail/collision_constraints__builder.hpp\n'}
[0.775784] (px4_msgs) StdoutLine: {'line': b'-- Up-to-date: /home/maizaied03/ros2_ws/install/px4_msgs/include/px4_msgs/px4_msgs/msg/detail/gimbal_device_set_attitude__struct.hpp\n'}
[0.775818] (px4_msgs) StdoutLine: {'line': b'-- Up-to-date: /home/maizaied03/ros2_ws/install/px4_msgs/include/px4_msgs/px4_msgs/msg/detail/gripper__traits.hpp\n'}
[0.775851] (px4_msgs) StdoutLine: {'line': b'-- Up-to-date: /home/maizaied03/ros2_ws/install/px4_msgs/include/px4_msgs/px4_msgs/msg/detail/vehicle_command_ack__builder.hpp\n'}
[0.775889] (px4_msgs) StdoutLine: {'line': b'-- Up-to-date: /home/maizaied03/ros2_ws/install/px4_msgs/include/px4_msgs/px4_msgs/msg/detail/ulog_stream_ack__struct.hpp\n'}
[0.775924] (px4_msgs) StdoutLine: {'line': b'-- Up-to-date: /home/maizaied03/ros2_ws/install/px4_msgs/include/px4_msgs/px4_msgs/msg/detail/vehicle_rates_setpoint__traits.hpp\n'}
[0.775955] (px4_msgs) StdoutLine: {'line': b'-- Up-to-date: /home/maizaied03/ros2_ws/install/px4_msgs/include/px4_msgs/px4_msgs/msg/detail/battery_status__type_support.hpp\n'}
[0.775987] (px4_msgs) StdoutLine: {'line': b'-- Up-to-date: /home/maizaied03/ros2_ws/install/px4_msgs/include/px4_msgs/px4_msgs/msg/detail/sensor_gyro__struct.hpp\n'}
[0.776019] (px4_msgs) StdoutLine: {'line': b'-- Up-to-date: /home/maizaied03/ros2_ws/install/px4_msgs/include/px4_msgs/px4_msgs/msg/detail/parameter_set_value_request__struct.hpp\n'}
[0.776051] (px4_msgs) StdoutLine: {'line': b'-- Up-to-date: /home/maizaied03/ros2_ws/install/px4_msgs/include/px4_msgs/px4_msgs/msg/detail/home_position__builder.hpp\n'}
[0.776083] (px4_msgs) StdoutLine: {'line': b'-- Up-to-date: /home/maizaied03/ros2_ws/install/px4_msgs/include/px4_msgs/px4_msgs/msg/detail/register_ext_component_reply__struct.hpp\n'}
[0.776115] (px4_msgs) StdoutLine: {'line': b'-- Up-to-date: /home/maizaied03/ros2_ws/install/px4_msgs/include/px4_msgs/px4_msgs/msg/detail/gimbal_manager_status__type_support.hpp\n'}
[0.776147] (px4_msgs) StdoutLine: {'line': b'-- Up-to-date: /home/maizaied03/ros2_ws/install/px4_msgs/include/px4_msgs/px4_msgs/msg/detail/landing_gear__type_support.hpp\n'}
[0.776180] (px4_msgs) StdoutLine: {'line': b'-- Up-to-date: /home/maizaied03/ros2_ws/install/px4_msgs/include/px4_msgs/px4_msgs/msg/detail/adc_report__struct.hpp\n'}
[0.776212] (px4_msgs) StdoutLine: {'line': b'-- Up-to-date: /home/maizaied03/ros2_ws/install/px4_msgs/include/px4_msgs/px4_msgs/msg/detail/follow_target_estimator__type_support.hpp\n'}
[0.776244] (px4_msgs) StdoutLine: {'line': b'-- Up-to-date: /home/maizaied03/ros2_ws/install/px4_msgs/include/px4_msgs/px4_msgs/msg/detail/mount_orientation__type_support.hpp\n'}
[0.776275] (px4_msgs) StdoutLine: {'line': b'-- Up-to-date: /home/maizaied03/ros2_ws/install/px4_msgs/include/px4_msgs/px4_msgs/msg/detail/power_monitor__traits.hpp\n'}
[0.776307] (px4_msgs) StdoutLine: {'line': b'-- Up-to-date: /home/maizaied03/ros2_ws/install/px4_msgs/include/px4_msgs/px4_msgs/msg/detail/raptor_status__struct.hpp\n'}
[0.776338] (px4_msgs) StdoutLine: {'line': b'-- Up-to-date: /home/maizaied03/ros2_ws/install/px4_msgs/include/px4_msgs/px4_msgs/msg/detail/rover_speed_setpoint__struct.hpp\n'}
[0.776370] (px4_msgs) StdoutLine: {'line': b'-- Up-to-date: /home/maizaied03/ros2_ws/install/px4_msgs/include/px4_msgs/px4_msgs/msg/detail/parameter_set_used_request__type_support.hpp\n'}
[0.776402] (px4_msgs) StdoutLine: {'line': b'-- Up-to-date: /home/maizaied03/ros2_ws/install/px4_msgs/include/px4_msgs/px4_msgs/msg/detail/led_control__struct.hpp\n'}
[0.776434] (px4_msgs) StdoutLine: {'line': b'-- Up-to-date: /home/maizaied03/ros2_ws/install/px4_msgs/include/px4_msgs/px4_msgs/msg/detail/vehicle_rates_setpoint__type_support.hpp\n'}
[0.776466] (px4_msgs) StdoutLine: {'line': b'-- Up-to-date: /home/maizaied03/ros2_ws/install/px4_msgs/include/px4_msgs/px4_msgs/msg/detail/fixed_wing_longitudinal_setpoint__builder.hpp\n'}
[0.776513] (px4_msgs) StdoutLine: {'line': b'-- Up-to-date: /home/maizaied03/ros2_ws/install/px4_msgs/include/px4_msgs/px4_msgs/msg/detail/register_ext_component_request__struct.hpp\n'}
[0.776548] (px4_msgs) StdoutLine: {'line': b'-- Up-to-date: /home/maizaied03/ros2_ws/install/px4_msgs/include/px4_msgs/px4_msgs/msg/detail/hover_thrust_estimate__builder.hpp\n'}
[0.776581] (px4_msgs) StdoutLine: {'line': b'-- Up-to-date: /home/maizaied03/ros2_ws/install/px4_msgs/include/px4_msgs/px4_msgs/msg/detail/launch_detection_status__traits.hpp\n'}
[0.776615] (px4_msgs) StdoutLine: {'line': b'-- Up-to-date: /home/maizaied03/ros2_ws/install/px4_msgs/include/px4_msgs/px4_msgs/msg/detail/geofence_status__type_support.hpp\n'}
[0.776647] (px4_msgs) StdoutLine: {'line': b'-- Up-to-date: /home/maizaied03/ros2_ws/install/px4_msgs/include/px4_msgs/px4_msgs/msg/detail/sensors_status_imu__traits.hpp\n'}
[0.776680] (px4_msgs) StdoutLine: {'line': b'-- Up-to-date: /home/maizaied03/ros2_ws/install/px4_msgs/include/px4_msgs/px4_msgs/msg/detail/sensor_gnss_status__traits.hpp\n'}
[0.776715] (px4_msgs) StdoutLine: {'line': b'-- Up-to-date: /home/maizaied03/ros2_ws/install/px4_msgs/include/px4_msgs/px4_msgs/msg/detail/ping__traits.hpp\n'}
[0.776747] (px4_msgs) StdoutLine: {'line': b'-- Up-to-date: /home/maizaied03/ros2_ws/install/px4_msgs/include/px4_msgs/px4_msgs/msg/detail/px4io_status__struct.hpp\n'}
[0.776790] (px4_msgs) StdoutLine: {'line': b'-- Up-to-date: /home/maizaied03/ros2_ws/install/px4_msgs/include/px4_msgs/px4_msgs/msg/detail/yaw_estimator_status__struct.hpp\n'}
[0.776824] (px4_msgs) StdoutLine: {'line': b'-- Up-to-date: /home/maizaied03/ros2_ws/install/px4_msgs/include/px4_msgs/px4_msgs/msg/detail/debug_value__builder.hpp\n'}
[0.776862] (px4_msgs) StdoutLine: {'line': b'-- Up-to-date: /home/maizaied03/ros2_ws/install/px4_msgs/include/px4_msgs/px4_msgs/msg/detail/gpio_config__traits.hpp\n'}
[0.776894] (px4_msgs) StdoutLine: {'line': b'-- Up-to-date: /home/maizaied03/ros2_ws/install/px4_msgs/include/px4_msgs/px4_msgs/msg/detail/rover_position_setpoint__type_support.hpp\n'}
[0.776926] (px4_msgs) StdoutLine: {'line': b'-- Up-to-date: /home/maizaied03/ros2_ws/install/px4_msgs/include/px4_msgs/px4_msgs/msg/detail/open_drone_id_system__traits.hpp\n'}
[0.776963] (px4_msgs) StdoutLine: {'line': b'-- Up-to-date: /home/maizaied03/ros2_ws/install/px4_msgs/include/px4_msgs/px4_msgs/msg/detail/parameter_set_used_request__struct.hpp\n'}
[0.776995] (px4_msgs) StdoutLine: {'line': b'-- Up-to-date: /home/maizaied03/ros2_ws/install/px4_msgs/include/px4_msgs/px4_msgs/msg/detail/vehicle_acceleration__type_support.hpp\n'}
[0.777029] (px4_msgs) StdoutLine: {'line': b'-- Up-to-date: /home/maizaied03/ros2_ws/install/px4_msgs/include/px4_msgs/px4_msgs/msg/detail/mavlink_tunnel__builder.hpp\n'}
[0.777063] (px4_msgs) StdoutLine: {'line': b'-- Up-to-date: /home/maizaied03/ros2_ws/install/px4_msgs/include/px4_msgs/px4_msgs/msg/detail/geofence_result__struct.hpp\n'}
[0.777095] (px4_msgs) StdoutLine: {'line': b'-- Up-to-date: /home/maizaied03/ros2_ws/install/px4_msgs/include/px4_msgs/px4_msgs/msg/detail/failure_detector_status__builder.hpp\n'}
[0.777128] (px4_msgs) StdoutLine: {'line': b'-- Up-to-date: /home/maizaied03/ros2_ws/install/px4_msgs/include/px4_msgs/px4_msgs/msg/detail/dronecan_node_status__builder.hpp\n'}
[0.777161] (px4_msgs) StdoutLine: {'line': b'-- Up-to-date: /home/maizaied03/ros2_ws/install/px4_msgs/include/px4_msgs/px4_msgs/msg/detail/ulog_stream_ack__traits.hpp\n'}
[0.777243] (px4_msgs) StdoutLine: {'line': b'-- Up-to-date: /home/maizaied03/ros2_ws/install/px4_msgs/include/px4_msgs/px4_msgs/msg/detail/logger_status__traits.hpp\n'}
[0.777283] (px4_msgs) StdoutLine: {'line': b'-- Up-to-date: /home/maizaied03/ros2_ws/install/px4_msgs/include/px4_msgs/px4_msgs/msg/detail/estimator_gps_status__type_support.hpp\n'}
[0.777318] (px4_msgs) StdoutLine: {'line': b'-- Up-to-date: /home/maizaied03/ros2_ws/install/px4_msgs/include/px4_msgs/px4_msgs/msg/detail/position_controller_status__builder.hpp\n'}
[0.777359] (px4_msgs) StdoutLine: {'line': b'-- Up-to-date: /home/maizaied03/ros2_ws/install/px4_msgs/include/px4_msgs/px4_msgs/msg/detail/estimator_event_flags__traits.hpp\n'}
[0.777392] (px4_msgs) StdoutLine: {'line': b'-- Up-to-date: /home/maizaied03/ros2_ws/install/px4_msgs/include/px4_msgs/px4_msgs/msg/detail/power_monitor__type_support.hpp\n'}
[0.777433] (px4_msgs) StdoutLine: {'line': b'-- Up-to-date: /home/maizaied03/ros2_ws/install/px4_msgs/include/px4_msgs/px4_msgs/msg/detail/sensor_correction__struct.hpp\n'}
[0.777470] (px4_msgs) StdoutLine: {'line': b'-- Up-to-date: /home/maizaied03/ros2_ws/install/px4_msgs/include/px4_msgs/px4_msgs/msg/detail/gimbal_device_information__type_support.hpp\n'}
[0.777511] (px4_msgs) StdoutLine: {'line': b'-- Up-to-date: /home/maizaied03/ros2_ws/install/px4_msgs/include/px4_msgs/px4_msgs/msg/detail/gpio_request__type_support.hpp\n'}
[0.777547] (px4_msgs) StdoutLine: {'line': b'-- Up-to-date: /home/maizaied03/ros2_ws/install/px4_msgs/include/px4_msgs/px4_msgs/msg/detail/orbit_status__type_support.hpp\n'}
[0.777583] (px4_msgs) StdoutLine: {'line': b'-- Up-to-date: /home/maizaied03/ros2_ws/install/px4_msgs/include/px4_msgs/px4_msgs/msg/detail/rtl_status__builder.hpp\n'}
[0.777624] (px4_msgs) StdoutLine: {'line': b'-- Up-to-date: /home/maizaied03/ros2_ws/install/px4_msgs/include/px4_msgs/px4_msgs/msg/detail/gimbal_manager_information__struct.hpp\n'}
[0.777661] (px4_msgs) StdoutLine: {'line': b'-- Up-to-date: /home/maizaied03/ros2_ws/install/px4_msgs/include/px4_msgs/px4_msgs/msg/detail/system_power__traits.hpp\n'}
[0.777702] (px4_msgs) StdoutLine: {'line': b'-- Up-to-date: /home/maizaied03/ros2_ws/install/px4_msgs/include/px4_msgs/px4_msgs/msg/detail/irlock_report__builder.hpp\n'}
[0.777748] (px4_msgs) StdoutLine: {'line': b'-- Up-to-date: /home/maizaied03/ros2_ws/install/px4_msgs/include/px4_msgs/px4_msgs/msg/detail/estimator_innovations__type_support.hpp\n'}
[0.777815] (px4_msgs) StdoutLine: {'line': b'-- Up-to-date: /home/maizaied03/ros2_ws/install/px4_msgs/include/px4_msgs/px4_msgs/msg/detail/rover_throttle_setpoint__struct.hpp\n'}
[0.777850] (px4_msgs) StdoutLine: {'line': b'-- Up-to-date: /home/maizaied03/ros2_ws/install/px4_msgs/include/px4_msgs/px4_msgs/msg/detail/pps_capture__traits.hpp\n'}
[0.777882] (px4_msgs) StdoutLine: {'line': b'-- Up-to-date: /home/maizaied03/ros2_ws/install/px4_msgs/include/px4_msgs/px4_msgs/msg/detail/heater_status__type_support.hpp\n'}
[0.777937] (px4_msgs) StdoutLine: {'line': b'-- Up-to-date: /home/maizaied03/ros2_ws/install/px4_msgs/include/px4_msgs/px4_msgs/msg/detail/vehicle_local_position__type_support.hpp\n'}
[0.777986] (px4_msgs) StdoutLine: {'line': b'-- Up-to-date: /home/maizaied03/ros2_ws/install/px4_msgs/include/px4_msgs/px4_msgs/msg/detail/gpio_in__traits.hpp\n'}
[0.778038] (px4_msgs) StdoutLine: {'line': b'-- Up-to-date: /home/maizaied03/ros2_ws/install/px4_msgs/include/px4_msgs/px4_msgs/msg/detail/actuator_test__struct.hpp\n'}
[0.778086] (px4_msgs) StdoutLine: {'line': b'-- Up-to-date: /home/maizaied03/ros2_ws/install/px4_msgs/include/px4_msgs/px4_msgs/msg/detail/vehicle_land_detected__traits.hpp\n'}
[0.778120] (px4_msgs) StdoutLine: {'line': b'-- Up-to-date: /home/maizaied03/ros2_ws/install/px4_msgs/include/px4_msgs/px4_msgs/msg/detail/control_allocator_status__traits.hpp\n'}
[0.778152] (px4_msgs) StdoutLine: {'line': b'-- Up-to-date: /home/maizaied03/ros2_ws/install/px4_msgs/include/px4_msgs/px4_msgs/msg/detail/internal_combustion_engine_status__builder.hpp\n'}
[0.778185] (px4_msgs) StdoutLine: {'line': b'-- Up-to-date: /home/maizaied03/ros2_ws/install/px4_msgs/include/px4_msgs/px4_msgs/msg/detail/vehicle_optical_flow_vel__type_support.hpp\n'}
[0.778216] (px4_msgs) StdoutLine: {'line': b'-- Up-to-date: /home/maizaied03/ros2_ws/install/px4_msgs/include/px4_msgs/px4_msgs/msg/detail/generator_status__builder.hpp\n'}
[0.778257] (px4_msgs) StdoutLine: {'line': b'-- Up-to-date: /home/maizaied03/ros2_ws/install/px4_msgs/include/px4_msgs/px4_msgs/msg/detail/geofence_status__traits.hpp\n'}
[0.778296] (px4_msgs) StdoutLine: {'line': b'-- Up-to-date: /home/maizaied03/ros2_ws/install/px4_msgs/include/px4_msgs/px4_msgs/msg/detail/rover_speed_status__builder.hpp\n'}
[0.778330] (px4_msgs) StdoutLine: {'line': b'-- Up-to-date: /home/maizaied03/ros2_ws/install/px4_msgs/include/px4_msgs/px4_msgs/msg/detail/rover_rate_status__builder.hpp\n'}
[0.778365] (px4_msgs) StdoutLine: {'line': b'-- Up-to-date: /home/maizaied03/ros2_ws/install/px4_msgs/include/px4_msgs/px4_msgs/msg/detail/failsafe_flags__traits.hpp\n'}
[0.778399] (px4_msgs) StdoutLine: {'line': b'-- Up-to-date: /home/maizaied03/ros2_ws/install/px4_msgs/include/px4_msgs/px4_msgs/msg/detail/sensor_airflow__traits.hpp\n'}
[0.778447] (px4_msgs) StdoutLine: {'line': b'-- Up-to-date: /home/maizaied03/ros2_ws/install/px4_msgs/include/px4_msgs/px4_msgs/msg/detail/dronecan_node_status__type_support.hpp\n'}
[0.778487] (px4_msgs) StdoutLine: {'line': b'-- Up-to-date: /home/maizaied03/ros2_ws/install/px4_msgs/include/px4_msgs/px4_msgs/msg/detail/navigator_mission_item__struct.hpp\n'}
[0.778522] (px4_msgs) StdoutLine: {'line': b'-- Up-to-date: /home/maizaied03/ros2_ws/install/px4_msgs/include/px4_msgs/px4_msgs/msg/detail/manual_control_setpoint__struct.hpp\n'}
[0.778554] (px4_msgs) StdoutLine: {'line': b'-- Up-to-date: /home/maizaied03/ros2_ws/install/px4_msgs/include/px4_msgs/px4_msgs/msg/detail/camera_status__struct.hpp\n'}
[0.778586] (px4_msgs) StdoutLine: {'line': b'-- Up-to-date: /home/maizaied03/ros2_ws/install/px4_msgs/include/px4_msgs/px4_msgs/msg/detail/rtl_time_estimate__struct.hpp\n'}
[0.778618] (px4_msgs) StdoutLine: {'line': b'-- Up-to-date: /home/maizaied03/ros2_ws/install/px4_msgs/include/px4_msgs/px4_msgs/msg/detail/generator_status__type_support.hpp\n'}
[0.778650] (px4_msgs) StdoutLine: {'line': b'-- Up-to-date: /home/maizaied03/ros2_ws/install/px4_msgs/include/px4_msgs/px4_msgs/msg/detail/sensor_temp__builder.hpp\n'}
[0.778686] (px4_msgs) StdoutLine: {'line': b'-- Up-to-date: /home/maizaied03/ros2_ws/install/px4_msgs/include/px4_msgs/px4_msgs/msg/detail/position_setpoint_triplet__type_support.hpp\n'}
[0.778720] (px4_msgs) StdoutLine: {'line': b'-- Up-to-date: /home/maizaied03/ros2_ws/install/px4_msgs/include/px4_msgs/px4_msgs/msg/detail/task_stack_info__type_support.hpp\n'}
[0.778753] (px4_msgs) StdoutLine: {'line': b'-- Up-to-date: /home/maizaied03/ros2_ws/install/px4_msgs/include/px4_msgs/px4_msgs/msg/detail/vtol_vehicle_status__struct.hpp\n'}
[0.778806] (px4_msgs) StdoutLine: {'line': b'-- Up-to-date: /home/maizaied03/ros2_ws/install/px4_msgs/include/px4_msgs/px4_msgs/msg/detail/failure_detector_status__struct.hpp\n'}
[0.778839] (px4_msgs) StdoutLine: {'line': b'-- Up-to-date: /home/maizaied03/ros2_ws/install/px4_msgs/include/px4_msgs/px4_msgs/msg/detail/rover_steering_setpoint__struct.hpp\n'}
[0.778871] (px4_msgs) StdoutLine: {'line': b'-- Up-to-date: /home/maizaied03/ros2_ws/install/px4_msgs/include/px4_msgs/px4_msgs/msg/detail/sensors_status__traits.hpp\n'}
[0.778903] (px4_msgs) StdoutLine: {'line': b'-- Up-to-date: /home/maizaied03/ros2_ws/install/px4_msgs/include/px4_msgs/px4_msgs/msg/detail/arming_check_request__builder.hpp\n'}
[0.778935] (px4_msgs) StdoutLine: {'line': b'-- Up-to-date: /home/maizaied03/ros2_ws/install/px4_msgs/include/px4_msgs/px4_msgs/msg/detail/manual_control_switches__type_support.hpp\n'}
[0.778966] (px4_msgs) StdoutLine: {'line': b'-- Up-to-date: /home/maizaied03/ros2_ws/install/px4_msgs/include/px4_msgs/px4_msgs/msg/detail/onboard_computer_status__struct.hpp\n'}
[0.778998] (px4_msgs) StdoutLine: {'line': b'-- Up-to-date: /home/maizaied03/ros2_ws/install/px4_msgs/include/px4_msgs/px4_msgs/msg/detail/gimbal_device_attitude_status__type_support.hpp\n'}
[0.779029] (px4_msgs) StdoutLine: {'line': b'-- Up-to-date: /home/maizaied03/ros2_ws/install/px4_msgs/include/px4_msgs/px4_msgs/msg/detail/message_format_response__builder.hpp\n'}
[0.779060] (px4_msgs) StdoutLine: {'line': b'-- Up-to-date: /home/maizaied03/ros2_ws/install/px4_msgs/include/px4_msgs/px4_msgs/msg/detail/position_controller_status__traits.hpp\n'}
[0.779094] (px4_msgs) StdoutLine: {'line': b'-- Up-to-date: /home/maizaied03/ros2_ws/install/px4_msgs/include/px4_msgs/px4_msgs/msg/detail/irlock_report__type_support.hpp\n'}
[0.779131] (px4_msgs) StdoutLine: {'line': b'-- Up-to-date: /home/maizaied03/ros2_ws/install/px4_msgs/include/px4_msgs/px4_msgs/msg/detail/fixed_wing_lateral_status__builder.hpp\n'}
[0.779164] (px4_msgs) StdoutLine: {'line': b'-- Up-to-date: /home/maizaied03/ros2_ws/install/px4_msgs/include/px4_msgs/px4_msgs/msg/detail/ping__type_support.hpp\n'}
[0.779198] (px4_msgs) StdoutLine: {'line': b'-- Up-to-date: /home/maizaied03/ros2_ws/install/px4_msgs/include/px4_msgs/px4_msgs/msg/detail/can_interface_status__builder.hpp\n'}
[0.779232] (px4_msgs) StdoutLine: {'line': b'-- Up-to-date: /home/maizaied03/ros2_ws/install/px4_msgs/include/px4_msgs/px4_msgs/msg/detail/orb_test_medium__type_support.hpp\n'}
[0.779266] (px4_msgs) StdoutLine: {'line': b'-- Up-to-date: /home/maizaied03/ros2_ws/install/px4_msgs/include/px4_msgs/px4_msgs/msg/detail/power_monitor__builder.hpp\n'}
[0.779313] (px4_msgs) StdoutLine: {'line': b'-- Up-to-date: /home/maizaied03/ros2_ws/install/px4_msgs/include/px4_msgs/px4_msgs/msg/detail/open_drone_id_arm_status__type_support.hpp\n'}
[0.779348] (px4_msgs) StdoutLine: {'line': b'-- Up-to-date: /home/maizaied03/ros2_ws/install/px4_msgs/include/px4_msgs/px4_msgs/msg/detail/gpio_config__struct.hpp\n'}
[0.779396] (px4_msgs) StdoutLine: {'line': b'-- Up-to-date: /home/maizaied03/ros2_ws/install/px4_msgs/include/px4_msgs/px4_msgs/msg/detail/airspeed_validated__builder.hpp\n'}
[0.779430] (px4_msgs) StdoutLine: {'line': b'-- Up-to-date: /home/maizaied03/ros2_ws/install/px4_msgs/include/px4_msgs/px4_msgs/msg/detail/vehicle_attitude__type_support.hpp\n'}
[0.779462] (px4_msgs) StdoutLine: {'line': b'-- Up-to-date: /home/maizaied03/ros2_ws/install/px4_msgs/include/px4_msgs/px4_msgs/msg/detail/logger_status__builder.hpp\n'}
[0.779496] (px4_msgs) StdoutLine: {'line': b'-- Up-to-date: /home/maizaied03/ros2_ws/install/px4_msgs/include/px4_msgs/px4_msgs/msg/detail/uavcan_parameter_value__type_support.hpp\n'}
[0.779528] (px4_msgs) StdoutLine: {'line': b'-- Up-to-date: /home/maizaied03/ros2_ws/install/px4_msgs/include/px4_msgs/px4_msgs/msg/detail/vehicle_constraints__type_support.hpp\n'}
[0.779560] (px4_msgs) StdoutLine: {'line': b'-- Up-to-date: /home/maizaied03/ros2_ws/install/px4_msgs/include/px4_msgs/px4_msgs/msg/detail/onboard_computer_status__type_support.hpp\n'}
[0.779591] (px4_msgs) StdoutLine: {'line': b'-- Up-to-date: /home/maizaied03/ros2_ws/install/px4_msgs/include/px4_msgs/px4_msgs/msg/detail/log_message__struct.hpp\n'}
[0.779624] (px4_msgs) StdoutLine: {'line': b'-- Up-to-date: /home/maizaied03/ros2_ws/install/px4_msgs/include/px4_msgs/px4_msgs/msg/detail/rc_channels__struct.hpp\n'}
[0.779660] (px4_msgs) StdoutLine: {'line': b'-- Up-to-date: /home/maizaied03/ros2_ws/install/px4_msgs/include/px4_msgs/px4_msgs/msg/detail/gain_compression__traits.hpp\n'}
[0.779697] (px4_msgs) StdoutLine: {'line': b'-- Up-to-date: /home/maizaied03/ros2_ws/install/px4_msgs/include/px4_msgs/px4_msgs/msg/detail/fixed_wing_longitudinal_setpoint__traits.hpp\n'}
[0.779731] (px4_msgs) StdoutLine: {'line': b'-- Up-to-date: /home/maizaied03/ros2_ws/install/px4_msgs/include/px4_msgs/px4_msgs/msg/detail/dronecan_node_status__struct.hpp\n'}
[0.779770] (px4_msgs) StdoutLine: {'line': b'-- Up-to-date: /home/maizaied03/ros2_ws/install/px4_msgs/include/px4_msgs/px4_msgs/msg/detail/camera_status__traits.hpp\n'}
[0.779815] (px4_msgs) StdoutLine: {'line': b'-- Up-to-date: /home/maizaied03/ros2_ws/install/px4_msgs/include/px4_msgs/px4_msgs/msg/detail/pps_capture__struct.hpp\n'}
[0.779847] (px4_msgs) StdoutLine: {'line': b'-- Up-to-date: /home/maizaied03/ros2_ws/install/px4_msgs/include/px4_msgs/px4_msgs/msg/detail/failsafe_flags__builder.hpp\n'}
[0.779878] (px4_msgs) StdoutLine: {'line': b'-- Up-to-date: /home/maizaied03/ros2_ws/install/px4_msgs/include/px4_msgs/px4_msgs/msg/detail/obstacle_distance__traits.hpp\n'}
[0.779909] (px4_msgs) StdoutLine: {'line': b'-- Up-to-date: /home/maizaied03/ros2_ws/install/px4_msgs/include/px4_msgs/px4_msgs/msg/detail/internal_combustion_engine_control__builder.hpp\n'}
[0.779940] (px4_msgs) StdoutLine: {'line': b'-- Up-to-date: /home/maizaied03/ros2_ws/install/px4_msgs/include/px4_msgs/px4_msgs/msg/detail/vtx__struct.hpp\n'}
[0.779984] (px4_msgs) StdoutLine: {'line': b'-- Up-to-date: /home/maizaied03/ros2_ws/install/px4_msgs/include/px4_msgs/px4_msgs/msg/detail/vehicle_optical_flow_vel__struct.hpp\n'}
[0.780016] (px4_msgs) StdoutLine: {'line': b'-- Up-to-date: /home/maizaied03/ros2_ws/install/px4_msgs/include/px4_msgs/px4_msgs/msg/detail/sensor_selection__builder.hpp\n'}
[0.780047] (px4_msgs) StdoutLine: {'line': b'-- Up-to-date: /home/maizaied03/ros2_ws/install/px4_msgs/include/px4_msgs/px4_msgs/msg/detail/actuator_servos__traits.hpp\n'}
[0.780078] (px4_msgs) StdoutLine: {'line': b'-- Up-to-date: /home/maizaied03/ros2_ws/install/px4_msgs/include/px4_msgs/px4_msgs/msg/detail/ulog_stream__traits.hpp\n'}
[0.780109] (px4_msgs) StdoutLine: {'line': b'-- Up-to-date: /home/maizaied03/ros2_ws/install/px4_msgs/include/px4_msgs/px4_msgs/msg/detail/velocity_limits__type_support.hpp\n'}
[0.780147] (px4_msgs) StdoutLine: {'line': b'-- Up-to-date: /home/maizaied03/ros2_ws/install/px4_msgs/include/px4_msgs/px4_msgs/msg/detail/fixed_wing_lateral_setpoint__traits.hpp\n'}
[0.780181] (px4_msgs) StdoutLine: {'line': b'-- Up-to-date: /home/maizaied03/ros2_ws/install/px4_msgs/include/px4_msgs/px4_msgs/msg/detail/rover_rate_setpoint__traits.hpp\n'}
[0.780212] (px4_msgs) StdoutLine: {'line': b'-- Up-to-date: /home/maizaied03/ros2_ws/install/px4_msgs/include/px4_msgs/px4_msgs/msg/detail/pwm_input__type_support.hpp\n'}
[0.780243] (px4_msgs) StdoutLine: {'line': b'-- Up-to-date: /home/maizaied03/ros2_ws/install/px4_msgs/include/px4_msgs/px4_msgs/msg/detail/airspeed__struct.hpp\n'}
[0.780275] (px4_msgs) StdoutLine: {'line': b'-- Up-to-date: /home/maizaied03/ros2_ws/install/px4_msgs/include/px4_msgs/px4_msgs/msg/detail/rtl_status__traits.hpp\n'}
[0.780309] (px4_msgs) StdoutLine: {'line': b'-- Up-to-date: /home/maizaied03/ros2_ws/install/px4_msgs/include/px4_msgs/px4_msgs/msg/detail/vehicle_control_mode__type_support.hpp\n'}
[0.780344] (px4_msgs) StdoutLine: {'line': b'-- Up-to-date: /home/maizaied03/ros2_ws/install/px4_msgs/include/px4_msgs/px4_msgs/msg/detail/estimator_states__traits.hpp\n'}
[0.780378] (px4_msgs) StdoutLine: {'line': b'-- Up-to-date: /home/maizaied03/ros2_ws/install/px4_msgs/include/px4_msgs/px4_msgs/msg/detail/esc_status__builder.hpp\n'}
[0.780414] (px4_msgs) StdoutLine: {'line': b'-- Up-to-date: /home/maizaied03/ros2_ws/install/px4_msgs/include/px4_msgs/px4_msgs/msg/detail/estimator_aid_source1d__type_support.hpp\n'}
[0.780448] (px4_msgs) StdoutLine: {'line': b'-- Up-to-date: /home/maizaied03/ros2_ws/install/px4_msgs/include/px4_msgs/px4_msgs/msg/detail/neural_control__struct.hpp\n'}
[0.780482] (px4_msgs) StdoutLine: {'line': b'-- Up-to-date: /home/maizaied03/ros2_ws/install/px4_msgs/include/px4_msgs/px4_msgs/msg/detail/orb_test_medium__traits.hpp\n'}
[0.780530] (px4_msgs) StdoutLine: {'line': b'-- Up-to-date: /home/maizaied03/ros2_ws/install/px4_msgs/include/px4_msgs/px4_msgs/msg/detail/debug_key_value__builder.hpp\n'}
[0.780564] (px4_msgs) StdoutLine: {'line': b'-- Up-to-date: /home/maizaied03/ros2_ws/install/px4_msgs/include/px4_msgs/px4_msgs/msg/detail/sensor_optical_flow__builder.hpp\n'}
[0.780596] (px4_msgs) StdoutLine: {'line': b'-- Up-to-date: /home/maizaied03/ros2_ws/install/px4_msgs/include/px4_msgs/px4_msgs/msg/detail/rover_steering_setpoint__type_support.hpp\n'}
[0.780628] (px4_msgs) StdoutLine: {'line': b'-- Up-to-date: /home/maizaied03/ros2_ws/install/px4_msgs/include/px4_msgs/px4_msgs/msg/detail/estimator_gps_status__traits.hpp\n'}
[0.780659] (px4_msgs) StdoutLine: {'line': b'-- Up-to-date: /home/maizaied03/ros2_ws/install/px4_msgs/include/px4_msgs/px4_msgs/msg/detail/gripper__struct.hpp\n'}
[0.780691] (px4_msgs) StdoutLine: {'line': b'-- Up-to-date: /home/maizaied03/ros2_ws/install/px4_msgs/include/px4_msgs/px4_msgs/msg/detail/landing_target_pose__type_support.hpp\n'}
[0.780723] (px4_msgs) StdoutLine: {'line': b'-- Up-to-date: /home/maizaied03/ros2_ws/install/px4_msgs/include/px4_msgs/px4_msgs/msg/detail/gps_dump__builder.hpp\n'}
[0.780754] (px4_msgs) StdoutLine: {'line': b'-- Up-to-date: /home/maizaied03/ros2_ws/install/px4_msgs/include/px4_msgs/px4_msgs/msg/detail/estimator_status__struct.hpp\n'}
[0.780806] (px4_msgs) StdoutLine: {'line': b'-- Up-to-date: /home/maizaied03/ros2_ws/install/px4_msgs/include/px4_msgs/px4_msgs/msg/detail/sensor_gnss_relative__builder.hpp\n'}
[0.780838] (px4_msgs) StdoutLine: {'line': b'-- Up-to-date: /home/maizaied03/ros2_ws/install/px4_msgs/include/px4_msgs/px4_msgs/msg/detail/transponder_report__builder.hpp\n'}
[0.780869] (px4_msgs) StdoutLine: {'line': b'-- Up-to-date: /home/maizaied03/ros2_ws/install/px4_msgs/include/px4_msgs/px4_msgs/msg/detail/actuator_outputs__struct.hpp\n'}
[0.780901] (px4_msgs) StdoutLine: {'line': b'-- Up-to-date: /home/maizaied03/ros2_ws/install/px4_msgs/include/px4_msgs/px4_msgs/msg/detail/satellite_info__type_support.hpp\n'}
[0.780936] (px4_msgs) StdoutLine: {'line': b'-- Up-to-date: /home/maizaied03/ros2_ws/install/px4_msgs/include/px4_msgs/px4_msgs/msg/detail/parameter_set_value_request__type_support.hpp\n'}
[0.780969] (px4_msgs) StdoutLine: {'line': b'-- Up-to-date: /home/maizaied03/ros2_ws/install/px4_msgs/include/px4_msgs/px4_msgs/msg/detail/vehicle_global_position__struct.hpp\n'}
[0.781000] (px4_msgs) StdoutLine: {'line': b'-- Up-to-date: /home/maizaied03/ros2_ws/install/px4_msgs/include/px4_msgs/px4_msgs/msg/detail/ulog_stream__type_support.hpp\n'}
[0.781032] (px4_msgs) StdoutLine: {'line': b'-- Up-to-date: /home/maizaied03/ros2_ws/install/px4_msgs/include/px4_msgs/px4_msgs/msg/detail/sensor_correction__type_support.hpp\n'}
[0.781064] (px4_msgs) StdoutLine: {'line': b'-- Up-to-date: /home/maizaied03/ros2_ws/install/px4_msgs/include/px4_msgs/px4_msgs/msg/detail/gimbal_manager_status__builder.hpp\n'}
[0.781095] (px4_msgs) StdoutLine: {'line': b'-- Up-to-date: /home/maizaied03/ros2_ws/install/px4_msgs/include/px4_msgs/px4_msgs/msg/detail/longitudinal_control_configuration__type_support.hpp\n'}
[0.781130] (px4_msgs) StdoutLine: {'line': b'-- Up-to-date: /home/maizaied03/ros2_ws/install/px4_msgs/include/px4_msgs/px4_msgs/msg/detail/obstacle_distance__type_support.hpp\n'}
[0.781164] (px4_msgs) StdoutLine: {'line': b'-- Up-to-date: /home/maizaied03/ros2_ws/install/px4_msgs/include/px4_msgs/px4_msgs/msg/detail/irlock_report__traits.hpp\n'}
[0.781198] (px4_msgs) StdoutLine: {'line': b'-- Up-to-date: /home/maizaied03/ros2_ws/install/px4_msgs/include/px4_msgs/px4_msgs/msg/detail/sensor_gyro_fft__struct.hpp\n'}
[0.781232] (px4_msgs) StdoutLine: {'line': b'-- Up-to-date: /home/maizaied03/ros2_ws/install/px4_msgs/include/px4_msgs/px4_msgs/msg/detail/power_button_state__type_support.hpp\n'}
[0.781266] (px4_msgs) StdoutLine: {'line': b'-- Up-to-date: /home/maizaied03/ros2_ws/install/px4_msgs/include/px4_msgs/px4_msgs/msg/detail/mode_completed__traits.hpp\n'}
[0.781300] (px4_msgs) StdoutLine: {'line': b'-- Up-to-date: /home/maizaied03/ros2_ws/install/px4_msgs/include/px4_msgs/px4_msgs/msg/detail/can_interface_status__type_support.hpp\n'}
[0.781348] (px4_msgs) StdoutLine: {'line': b'-- Up-to-date: /home/maizaied03/ros2_ws/install/px4_msgs/include/px4_msgs/px4_msgs/msg/detail/vehicle_command__builder.hpp\n'}
[0.781380] (px4_msgs) StdoutLine: {'line': b'-- Up-to-date: /home/maizaied03/ros2_ws/install/px4_msgs/include/px4_msgs/px4_msgs/msg/detail/esc_report__traits.hpp\n'}
[0.781412] (px4_msgs) StdoutLine: {'line': b'-- Up-to-date: /home/maizaied03/ros2_ws/install/px4_msgs/include/px4_msgs/px4_msgs/msg/detail/estimator_sensor_bias__struct.hpp\n'}
[0.781444] (px4_msgs) StdoutLine: {'line': b'-- Up-to-date: /home/maizaied03/ros2_ws/install/px4_msgs/include/px4_msgs/px4_msgs/msg/detail/estimator_selector_status__type_support.hpp\n'}
[0.781476] (px4_msgs) StdoutLine: {'line': b'-- Up-to-date: /home/maizaied03/ros2_ws/install/px4_msgs/include/px4_msgs/px4_msgs/msg/detail/mission_result__traits.hpp\n'}
[0.781510] (px4_msgs) StdoutLine: {'line': b'-- Up-to-date: /home/maizaied03/ros2_ws/install/px4_msgs/include/px4_msgs/px4_msgs/msg/detail/adc_report__builder.hpp\n'}
[0.781546] (px4_msgs) StdoutLine: {'line': b'-- Up-to-date: /home/maizaied03/ros2_ws/install/px4_msgs/include/px4_msgs/px4_msgs/msg/detail/uavcan_parameter_value__builder.hpp\n'}
[0.781596] (px4_msgs) StdoutLine: {'line': b'-- Up-to-date: /home/maizaied03/ros2_ws/install/px4_msgs/include/px4_msgs/px4_msgs/msg/detail/arming_check_reply__type_support.hpp\n'}
[0.781634] (px4_msgs) StdoutLine: {'line': b'-- Up-to-date: /home/maizaied03/ros2_ws/install/px4_msgs/include/px4_msgs/px4_msgs/msg/detail/rover_rate_setpoint__struct.hpp\n'}
[0.781666] (px4_msgs) StdoutLine: {'line': b'-- Up-to-date: /home/maizaied03/ros2_ws/install/px4_msgs/include/px4_msgs/px4_msgs/msg/detail/gimbal_device_information__struct.hpp\n'}
[0.781698] (px4_msgs) StdoutLine: {'line': b'-- Up-to-date: /home/maizaied03/ros2_ws/install/px4_msgs/include/px4_msgs/px4_msgs/msg/detail/led_control__builder.hpp\n'}
[0.781731] (px4_msgs) StdoutLine: {'line': b'-- Up-to-date: /home/maizaied03/ros2_ws/install/px4_msgs/include/px4_msgs/px4_msgs/msg/detail/qshell_retval__type_support.hpp\n'}
[0.781803] (px4_msgs) StdoutLine: {'line': b'-- Up-to-date: /home/maizaied03/ros2_ws/install/px4_msgs/include/px4_msgs/px4_msgs/msg/detail/rover_rate_setpoint__builder.hpp\n'}
[0.781838] (px4_msgs) StdoutLine: {'line': b'-- Up-to-date: /home/maizaied03/ros2_ws/install/px4_msgs/include/px4_msgs/px4_msgs/msg/detail/vehicle_status__struct.hpp\n'}
[0.781870] (px4_msgs) StdoutLine: {'line': b'-- Up-to-date: /home/maizaied03/ros2_ws/install/px4_msgs/include/px4_msgs/px4_msgs/msg/detail/ulog_stream__struct.hpp\n'}
[0.781902] (px4_msgs) StdoutLine: {'line': b'-- Up-to-date: /home/maizaied03/ros2_ws/install/px4_msgs/include/px4_msgs/px4_msgs/msg/detail/normalized_unsigned_setpoint__type_support.hpp\n'}
[0.781937] (px4_msgs) StdoutLine: {'line': b'-- Up-to-date: /home/maizaied03/ros2_ws/install/px4_msgs/include/px4_msgs/px4_msgs/msg/detail/vehicle_torque_setpoint__traits.hpp\n'}
[0.781976] (px4_msgs) StdoutLine: {'line': b'-- Up-to-date: /home/maizaied03/ros2_ws/install/px4_msgs/include/px4_msgs/px4_msgs/msg/detail/unregister_ext_component__builder.hpp\n'}
[0.782008] (px4_msgs) StdoutLine: {'line': b'-- Up-to-date: /home/maizaied03/ros2_ws/install/px4_msgs/include/px4_msgs/px4_msgs/msg/detail/vehicle_local_position__struct.hpp\n'}
[0.782041] (px4_msgs) StdoutLine: {'line': b'-- Up-to-date: /home/maizaied03/ros2_ws/install/px4_msgs/include/px4_msgs/px4_msgs/msg/detail/follow_target__builder.hpp\n'}
[0.782072] (px4_msgs) StdoutLine: {'line': b'-- Up-to-date: /home/maizaied03/ros2_ws/install/px4_msgs/include/px4_msgs/px4_msgs/msg/detail/fixed_wing_lateral_setpoint__builder.hpp\n'}
[0.782104] (px4_msgs) StdoutLine: {'line': b'-- Up-to-date: /home/maizaied03/ros2_ws/install/px4_msgs/include/px4_msgs/px4_msgs/msg/detail/open_drone_id_self_id__type_support.hpp\n'}
[0.782140] (px4_msgs) StdoutLine: {'line': b'-- Up-to-date: /home/maizaied03/ros2_ws/install/px4_msgs/include/px4_msgs/px4_msgs/msg/detail/raptor_status__traits.hpp\n'}
[0.782175] (px4_msgs) StdoutLine: {'line': b'-- Up-to-date: /home/maizaied03/ros2_ws/install/px4_msgs/include/px4_msgs/px4_msgs/msg/detail/estimator_aid_source1d__struct.hpp\n'}
[0.782210] (px4_msgs) StdoutLine: {'line': b'-- Up-to-date: /home/maizaied03/ros2_ws/install/px4_msgs/include/px4_msgs/px4_msgs/msg/detail/config_overrides__type_support.hpp\n'}
[0.782245] (px4_msgs) StdoutLine: {'line': b'-- Up-to-date: /home/maizaied03/ros2_ws/install/px4_msgs/include/px4_msgs/px4_msgs/msg/detail/system_power__struct.hpp\n'}
[0.782279] (px4_msgs) StdoutLine: {'line': b'-- Up-to-date: /home/maizaied03/ros2_ws/install/px4_msgs/include/px4_msgs/px4_msgs/msg/detail/estimator_status_flags__builder.hpp\n'}
[0.782314] (px4_msgs) StdoutLine: {'line': b'-- Up-to-date: /home/maizaied03/ros2_ws/install/px4_msgs/include/px4_msgs/px4_msgs/msg/detail/satellite_info__traits.hpp\n'}
[0.782352] (px4_msgs) StdoutLine: {'line': b'-- Up-to-date: /home/maizaied03/ros2_ws/install/px4_msgs/include/px4_msgs/px4_msgs/msg/detail/register_ext_component_request__builder.hpp\n'}
[0.782386] (px4_msgs) StdoutLine: {'line': b'-- Up-to-date: /home/maizaied03/ros2_ws/install/px4_msgs/include/px4_msgs/px4_msgs/msg/detail/debug_vect__traits.hpp\n'}
[0.782421] (px4_msgs) StdoutLine: {'line': b'-- Up-to-date: /home/maizaied03/ros2_ws/install/px4_msgs/include/px4_msgs/px4_msgs/msg/detail/vehicle_global_position__builder.hpp\n'}
[0.782455] (px4_msgs) StdoutLine: {'line': b'-- Up-to-date: /home/maizaied03/ros2_ws/install/px4_msgs/include/px4_msgs/px4_msgs/msg/detail/sensor_correction__traits.hpp\n'}
[0.782489] (px4_msgs) StdoutLine: {'line': b'-- Up-to-date: /home/maizaied03/ros2_ws/install/px4_msgs/include/px4_msgs/px4_msgs/msg/detail/estimator_aid_source2d__type_support.hpp\n'}
[0.782523] (px4_msgs) StdoutLine: {'line': b'-- Up-to-date: /home/maizaied03/ros2_ws/install/px4_msgs/include/px4_msgs/px4_msgs/msg/detail/landing_target_pose__builder.hpp\n'}
[0.782577] (px4_msgs) StdoutLine: {'line': b'-- Up-to-date: /home/maizaied03/ros2_ws/install/px4_msgs/include/px4_msgs/px4_msgs/msg/detail/task_stack_info__traits.hpp\n'}
[0.782613] (px4_msgs) StdoutLine: {'line': b'-- Up-to-date: /home/maizaied03/ros2_ws/install/px4_msgs/include/px4_msgs/px4_msgs/msg/detail/satellite_info__builder.hpp\n'}
[0.782644] (px4_msgs) StdoutLine: {'line': b'-- Up-to-date: /home/maizaied03/ros2_ws/install/px4_msgs/include/px4_msgs/px4_msgs/msg/detail/sensor_accel_fifo__traits.hpp\n'}
[0.782678] (px4_msgs) StdoutLine: {'line': b'-- Up-to-date: /home/maizaied03/ros2_ws/install/px4_msgs/include/px4_msgs/px4_msgs/msg/detail/tune_control__struct.hpp\n'}
[0.782710] (px4_msgs) StdoutLine: {'line': b'-- Up-to-date: /home/maizaied03/ros2_ws/install/px4_msgs/include/px4_msgs/px4_msgs/msg/detail/orb_test_medium__struct.hpp\n'}
[0.782742] (px4_msgs) StdoutLine: {'line': b'-- Up-to-date: /home/maizaied03/ros2_ws/install/px4_msgs/include/px4_msgs/px4_msgs/msg/detail/dronecan_node_status__traits.hpp\n'}
[0.782778] (px4_msgs) StdoutLine: {'line': b'-- Up-to-date: /home/maizaied03/ros2_ws/install/px4_msgs/include/px4_msgs/px4_msgs/msg/detail/timesync_status__builder.hpp\n'}
[0.782828] (px4_msgs) StdoutLine: {'line': b'-- Up-to-date: /home/maizaied03/ros2_ws/install/px4_msgs/include/px4_msgs/px4_msgs/msg/detail/internal_combustion_engine_control__traits.hpp\n'}
[0.782861] (px4_msgs) StdoutLine: {'line': b'-- Up-to-date: /home/maizaied03/ros2_ws/install/px4_msgs/include/px4_msgs/px4_msgs/msg/detail/debug_key_value__traits.hpp\n'}
[0.782892] (px4_msgs) StdoutLine: {'line': b'-- Up-to-date: /home/maizaied03/ros2_ws/install/px4_msgs/include/px4_msgs/px4_msgs/msg/detail/mount_orientation__traits.hpp\n'}
[0.782924] (px4_msgs) StdoutLine: {'line': b'-- Up-to-date: /home/maizaied03/ros2_ws/install/px4_msgs/include/px4_msgs/px4_msgs/msg/detail/estimator_aid_source2d__builder.hpp\n'}
[0.782955] (px4_msgs) StdoutLine: {'line': b'-- Up-to-date: /home/maizaied03/ros2_ws/install/px4_msgs/include/px4_msgs/px4_msgs/msg/detail/vehicle_thrust_setpoint__builder.hpp\n'}
[0.782987] (px4_msgs) StdoutLine: {'line': b'-- Up-to-date: /home/maizaied03/ros2_ws/install/px4_msgs/include/px4_msgs/px4_msgs/msg/detail/iridiumsbd_status__traits.hpp\n'}
[0.783018] (px4_msgs) StdoutLine: {'line': b'-- Up-to-date: /home/maizaied03/ros2_ws/install/px4_msgs/include/px4_msgs/px4_msgs/msg/detail/dataman_request__struct.hpp\n'}
[0.783049] (px4_msgs) StdoutLine: {'line': b'-- Up-to-date: /home/maizaied03/ros2_ws/install/px4_msgs/include/px4_msgs/px4_msgs/msg/detail/estimator_innovations__struct.hpp\n'}
[0.783080] (px4_msgs) StdoutLine: {'line': b'-- Up-to-date: /home/maizaied03/ros2_ws/install/px4_msgs/include/px4_msgs/px4_msgs/msg/detail/manual_control_switches__traits.hpp\n'}
[0.783114] (px4_msgs) StdoutLine: {'line': b'-- Up-to-date: /home/maizaied03/ros2_ws/install/px4_msgs/include/px4_msgs/px4_msgs/msg/detail/raptor_status__type_support.hpp\n'}
[0.783163] (px4_msgs) StdoutLine: {'line': b'-- Up-to-date: /home/maizaied03/ros2_ws/install/px4_msgs/include/px4_msgs/px4_msgs/msg/detail/gpio_request__builder.hpp\n'}
[0.783195] (px4_msgs) StdoutLine: {'line': b'-- Up-to-date: /home/maizaied03/ros2_ws/install/px4_msgs/include/px4_msgs/px4_msgs/msg/detail/log_message__type_support.hpp\n'}
[0.783226] (px4_msgs) StdoutLine: {'line': b'-- Up-to-date: /home/maizaied03/ros2_ws/install/px4_msgs/include/px4_msgs/px4_msgs/msg/detail/sensor_temp__type_support.hpp\n'}
[0.783257] (px4_msgs) StdoutLine: {'line': b'-- Up-to-date: /home/maizaied03/ros2_ws/install/px4_msgs/include/px4_msgs/px4_msgs/msg/detail/parameter_reset_request__builder.hpp\n'}
[0.783290] (px4_msgs) StdoutLine: {'line': b'-- Up-to-date: /home/maizaied03/ros2_ws/install/px4_msgs/include/px4_msgs/px4_msgs/msg/detail/sensor_preflight_mag__struct.hpp\n'}
[0.783323] (px4_msgs) StdoutLine: {'line': b'-- Up-to-date: /home/maizaied03/ros2_ws/install/px4_msgs/include/px4_msgs/px4_msgs/msg/detail/rtl_time_estimate__builder.hpp\n'}
[0.783357] (px4_msgs) StdoutLine: {'line': b'-- Up-to-date: /home/maizaied03/ros2_ws/install/px4_msgs/include/px4_msgs/px4_msgs/msg/detail/actuator_servos__struct.hpp\n'}
[0.783400] (px4_msgs) StdoutLine: {'line': b'-- Up-to-date: /home/maizaied03/ros2_ws/install/px4_msgs/include/px4_msgs/px4_msgs/msg/detail/flight_phase_estimation__struct.hpp\n'}
[0.783441] (px4_msgs) StdoutLine: {'line': b'-- Up-to-date: /home/maizaied03/ros2_ws/install/px4_msgs/include/px4_msgs/px4_msgs/msg/detail/follow_target__struct.hpp\n'}
[0.783474] (px4_msgs) StdoutLine: {'line': b'-- Up-to-date: /home/maizaied03/ros2_ws/install/px4_msgs/include/px4_msgs/px4_msgs/msg/detail/differential_pressure__struct.hpp\n'}
[0.783509] (px4_msgs) StdoutLine: {'line': b'-- Up-to-date: /home/maizaied03/ros2_ws/install/px4_msgs/include/px4_msgs/px4_msgs/msg/detail/actuator_servos_trim__struct.hpp\n'}
[0.783545] (px4_msgs) StdoutLine: {'line': b'-- Up-to-date: /home/maizaied03/ros2_ws/install/px4_msgs/include/px4_msgs/px4_msgs/msg/detail/dataman_request__builder.hpp\n'}
[0.783580] (px4_msgs) StdoutLine: {'line': b'-- Up-to-date: /home/maizaied03/ros2_ws/install/px4_msgs/include/px4_msgs/px4_msgs/msg/detail/transponder_report__struct.hpp\n'}
[0.783614] (px4_msgs) StdoutLine: {'line': b'-- Up-to-date: /home/maizaied03/ros2_ws/install/px4_msgs/include/px4_msgs/px4_msgs/msg/detail/camera_status__type_support.hpp\n'}
[0.783648] (px4_msgs) StdoutLine: {'line': b'-- Up-to-date: /home/maizaied03/ros2_ws/install/px4_msgs/include/px4_msgs/px4_msgs/msg/detail/debug_array__struct.hpp\n'}
[0.783682] (px4_msgs) StdoutLine: {'line': b'-- Up-to-date: /home/maizaied03/ros2_ws/install/px4_msgs/include/px4_msgs/px4_msgs/msg/detail/follow_target__type_support.hpp\n'}
[0.783726] (px4_msgs) StdoutLine: {'line': b'-- Up-to-date: /home/maizaied03/ros2_ws/install/px4_msgs/include/px4_msgs/px4_msgs/msg/detail/rc_parameter_map__traits.hpp\n'}
[0.783761] (px4_msgs) StdoutLine: {'line': b'-- Up-to-date: /home/maizaied03/ros2_ws/install/px4_msgs/include/px4_msgs/px4_msgs/msg/detail/manual_control_switches__struct.hpp\n'}
[0.783813] (px4_msgs) StdoutLine: {'line': b'-- Up-to-date: /home/maizaied03/ros2_ws/install/px4_msgs/include/px4_msgs/px4_msgs/msg/detail/mode_completed__builder.hpp\n'}
[0.783846] (px4_msgs) StdoutLine: {'line': b'-- Up-to-date: /home/maizaied03/ros2_ws/install/px4_msgs/include/px4_msgs/px4_msgs/msg/detail/vehicle_air_data__traits.hpp\n'}
[0.783878] (px4_msgs) StdoutLine: {'line': b'-- Up-to-date: /home/maizaied03/ros2_ws/install/px4_msgs/include/px4_msgs/px4_msgs/msg/detail/vehicle_attitude_setpoint__builder.hpp\n'}
[0.783911] (px4_msgs) StdoutLine: {'line': b'-- Up-to-date: /home/maizaied03/ros2_ws/install/px4_msgs/include/px4_msgs/px4_msgs/msg/detail/position_setpoint__struct.hpp\n'}
[0.783948] (px4_msgs) StdoutLine: {'line': b'-- Up-to-date: /home/maizaied03/ros2_ws/install/px4_msgs/include/px4_msgs/px4_msgs/msg/detail/vehicle_local_position__traits.hpp\n'}
[0.783979] (px4_msgs) StdoutLine: {'line': b'-- Up-to-date: /home/maizaied03/ros2_ws/install/px4_msgs/include/px4_msgs/px4_msgs/msg/detail/vehicle_imu_status__traits.hpp\n'}
[0.784010] (px4_msgs) StdoutLine: {'line': b'-- Up-to-date: /home/maizaied03/ros2_ws/install/px4_msgs/include/px4_msgs/px4_msgs/msg/detail/position_setpoint__builder.hpp\n'}
[0.784042] (px4_msgs) StdoutLine: {'line': b'-- Up-to-date: /home/maizaied03/ros2_ws/install/px4_msgs/include/px4_msgs/px4_msgs/msg/detail/uavcan_parameter_value__traits.hpp\n'}
[0.784074] (px4_msgs) StdoutLine: {'line': b'-- Up-to-date: /home/maizaied03/ros2_ws/install/px4_msgs/include/px4_msgs/px4_msgs/msg/detail/follow_target_status__type_support.hpp\n'}
[0.784106] (px4_msgs) StdoutLine: {'line': b'-- Up-to-date: /home/maizaied03/ros2_ws/install/px4_msgs/include/px4_msgs/px4_msgs/msg/detail/dataman_request__traits.hpp\n'}
[0.784141] (px4_msgs) StdoutLine: {'line': b'-- Up-to-date: /home/maizaied03/ros2_ws/install/px4_msgs/include/px4_msgs/px4_msgs/msg/detail/gimbal_manager_set_attitude__builder.hpp\n'}
[0.784176] (px4_msgs) StdoutLine: {'line': b'-- Up-to-date: /home/maizaied03/ros2_ws/install/px4_msgs/include/px4_msgs/px4_msgs/msg/detail/internal_combustion_engine_status__struct.hpp\n'}
[0.784210] (px4_msgs) StdoutLine: {'line': b'-- Up-to-date: /home/maizaied03/ros2_ws/install/px4_msgs/include/px4_msgs/px4_msgs/msg/detail/wheel_encoders__builder.hpp\n'}
[0.784253] (px4_msgs) StdoutLine: {'line': b'-- Up-to-date: /home/maizaied03/ros2_ws/install/px4_msgs/include/px4_msgs/px4_msgs/msg/detail/fixed_wing_lateral_guidance_status__traits.hpp\n'}
[0.784285] (px4_msgs) StdoutLine: {'line': b'-- Up-to-date: /home/maizaied03/ros2_ws/install/px4_msgs/include/px4_msgs/px4_msgs/msg/detail/sensor_hygrometer__traits.hpp\n'}
[0.784319] (px4_msgs) StdoutLine: {'line': b'-- Up-to-date: /home/maizaied03/ros2_ws/install/px4_msgs/include/px4_msgs/px4_msgs/msg/detail/parameter_set_value_response__builder.hpp\n'}
[0.784354] (px4_msgs) StdoutLine: {'line': b'-- Up-to-date: /home/maizaied03/ros2_ws/install/px4_msgs/include/px4_msgs/px4_msgs/msg/detail/fixed_wing_lateral_status__struct.hpp\n'}
[0.784387] (px4_msgs) StdoutLine: {'line': b'-- Up-to-date: /home/maizaied03/ros2_ws/install/px4_msgs/include/px4_msgs/px4_msgs/msg/detail/input_rc__type_support.hpp\n'}
[0.784420] (px4_msgs) StdoutLine: {'line': b'-- Up-to-date: /home/maizaied03/ros2_ws/install/px4_msgs/include/px4_msgs/px4_msgs/msg/detail/estimator_aid_source3d__struct.hpp\n'}
[0.784454] (px4_msgs) StdoutLine: {'line': b'-- Up-to-date: /home/maizaied03/ros2_ws/install/px4_msgs/include/px4_msgs/px4_msgs/msg/detail/estimator_sensor_bias__type_support.hpp\n'}
[0.784488] (px4_msgs) StdoutLine: {'line': b'-- Up-to-date: /home/maizaied03/ros2_ws/install/px4_msgs/include/px4_msgs/px4_msgs/msg/detail/vehicle_control_mode__builder.hpp\n'}
[0.784525] (px4_msgs) StdoutLine: {'line': b'-- Up-to-date: /home/maizaied03/ros2_ws/install/px4_msgs/include/px4_msgs/px4_msgs/msg/detail/magnetometer_bias_estimate__builder.hpp\n'}
[0.784558] (px4_msgs) StdoutLine: {'line': b'-- Up-to-date: /home/maizaied03/ros2_ws/install/px4_msgs/include/px4_msgs/px4_msgs/msg/detail/estimator_event_flags__struct.hpp\n'}
[0.784592] (px4_msgs) StdoutLine: {'line': b'-- Up-to-date: /home/maizaied03/ros2_ws/install/px4_msgs/include/px4_msgs/px4_msgs/msg/detail/gimbal_controls__builder.hpp\n'}
[0.784627] (px4_msgs) StdoutLine: {'line': b'-- Up-to-date: /home/maizaied03/ros2_ws/install/px4_msgs/include/px4_msgs/px4_msgs/msg/detail/vehicle_control_mode__struct.hpp\n'}
[0.784661] (px4_msgs) StdoutLine: {'line': b'-- Up-to-date: /home/maizaied03/ros2_ws/install/px4_msgs/include/px4_msgs/px4_msgs/msg/detail/can_interface_status__traits.hpp\n'}
[0.784694] (px4_msgs) StdoutLine: {'line': b'-- Up-to-date: /home/maizaied03/ros2_ws/install/px4_msgs/include/px4_msgs/px4_msgs/msg/detail/telemetry_status__struct.hpp\n'}
[0.784729] (px4_msgs) StdoutLine: {'line': b'-- Up-to-date: /home/maizaied03/ros2_ws/install/px4_msgs/include/px4_msgs/px4_msgs/msg/detail/vehicle_attitude__struct.hpp\n'}
[0.784784] (px4_msgs) StdoutLine: {'line': b'-- Up-to-date: /home/maizaied03/ros2_ws/install/px4_msgs/include/px4_msgs/px4_msgs/msg/detail/register_ext_component_reply__type_support.hpp\n'}
[0.784821] (px4_msgs) StdoutLine: {'line': b'-- Up-to-date: /home/maizaied03/ros2_ws/install/px4_msgs/include/px4_msgs/px4_msgs/msg/detail/offboard_control_mode__traits.hpp\n'}
[0.784853] (px4_msgs) StdoutLine: {'line': b'-- Up-to-date: /home/maizaied03/ros2_ws/install/px4_msgs/include/px4_msgs/px4_msgs/msg/detail/distance_sensor__type_support.hpp\n'}
[0.784884] (px4_msgs) StdoutLine: {'line': b'-- Up-to-date: /home/maizaied03/ros2_ws/install/px4_msgs/include/px4_msgs/px4_msgs/msg/detail/vehicle_local_position_setpoint__type_support.hpp\n'}
[0.784916] (px4_msgs) StdoutLine: {'line': b'-- Up-to-date: /home/maizaied03/ros2_ws/install/px4_msgs/include/px4_msgs/px4_msgs/msg/detail/sensors_status__builder.hpp\n'}
[0.784947] (px4_msgs) StdoutLine: {'line': b'-- Up-to-date: /home/maizaied03/ros2_ws/install/px4_msgs/include/px4_msgs/px4_msgs/msg/detail/open_drone_id_self_id__builder.hpp\n'}
[0.784979] (px4_msgs) StdoutLine: {'line': b'-- Up-to-date: /home/maizaied03/ros2_ws/install/px4_msgs/include/px4_msgs/px4_msgs/msg/detail/manual_control_setpoint__type_support.hpp\n'}
[0.785011] (px4_msgs) StdoutLine: {'line': b'-- Up-to-date: /home/maizaied03/ros2_ws/install/px4_msgs/include/px4_msgs/px4_msgs/msg/detail/estimator_status_flags__traits.hpp\n'}
[0.785080] (px4_msgs) StdoutLine: {'line': b'-- Up-to-date: /home/maizaied03/ros2_ws/install/px4_msgs/include/px4_msgs/px4_msgs/msg/detail/vehicle_acceleration__struct.hpp\n'}
[0.785125] (px4_msgs) StdoutLine: {'line': b'-- Up-to-date: /home/maizaied03/ros2_ws/install/px4_msgs/include/px4_msgs/px4_msgs/msg/detail/orb_test__builder.hpp\n'}
[0.785157] (px4_msgs) StdoutLine: {'line': b'-- Up-to-date: /home/maizaied03/ros2_ws/install/px4_msgs/include/px4_msgs/px4_msgs/msg/detail/vehicle_odometry__builder.hpp\n'}
[0.785200] (px4_msgs) StdoutLine: {'line': b'-- Up-to-date: /home/maizaied03/ros2_ws/install/px4_msgs/include/px4_msgs/px4_msgs/msg/detail/qshell_req__struct.hpp\n'}
[0.785234] (px4_msgs) StdoutLine: {'line': b'-- Up-to-date: /home/maizaied03/ros2_ws/install/px4_msgs/include/px4_msgs/px4_msgs/msg/detail/vehicle_local_position__builder.hpp\n'}
[0.785271] (px4_msgs) StdoutLine: {'line': b'-- Up-to-date: /home/maizaied03/ros2_ws/install/px4_msgs/include/px4_msgs/px4_msgs/msg/detail/mount_orientation__builder.hpp\n'}
[0.785314] (px4_msgs) StdoutLine: {'line': b'-- Up-to-date: /home/maizaied03/ros2_ws/install/px4_msgs/include/px4_msgs/px4_msgs/msg/detail/pps_capture__type_support.hpp\n'}
[0.785351] (px4_msgs) StdoutLine: {'line': b'-- Up-to-date: /home/maizaied03/ros2_ws/install/px4_msgs/include/px4_msgs/px4_msgs/msg/detail/sensor_temp__struct.hpp\n'}
[0.785395] (px4_msgs) StdoutLine: {'line': b'-- Up-to-date: /home/maizaied03/ros2_ws/install/px4_msgs/include/px4_msgs/px4_msgs/msg/detail/flight_phase_estimation__type_support.hpp\n'}
[0.785436] (px4_msgs) StdoutLine: {'line': b'-- Up-to-date: /home/maizaied03/ros2_ws/install/px4_msgs/include/px4_msgs/px4_msgs/msg/detail/esc_status__traits.hpp\n'}
[0.785473] (px4_msgs) StdoutLine: {'line': b'-- Up-to-date: /home/maizaied03/ros2_ws/install/px4_msgs/include/px4_msgs/px4_msgs/msg/detail/sensor_selection__traits.hpp\n'}
[0.785527] (px4_msgs) StdoutLine: {'line': b'-- Up-to-date: /home/maizaied03/ros2_ws/install/px4_msgs/include/px4_msgs/px4_msgs/msg/detail/debug_vect__builder.hpp\n'}
[0.785566] (px4_msgs) StdoutLine: {'line': b'-- Up-to-date: /home/maizaied03/ros2_ws/install/px4_msgs/include/px4_msgs/px4_msgs/msg/detail/gain_compression__type_support.hpp\n'}
[0.785601] (px4_msgs) StdoutLine: {'line': b'-- Up-to-date: /home/maizaied03/ros2_ws/install/px4_msgs/include/px4_msgs/px4_msgs/msg/detail/uavcan_parameter_request__traits.hpp\n'}
[0.785652] (px4_msgs) StdoutLine: {'line': b'-- Up-to-date: /home/maizaied03/ros2_ws/install/px4_msgs/include/px4_msgs/px4_msgs/msg/detail/adc_report__traits.hpp\n'}
[0.785684] (px4_msgs) StdoutLine: {'line': b'-- Up-to-date: /home/maizaied03/ros2_ws/install/px4_msgs/include/px4_msgs/px4_msgs/msg/detail/gain_compression__builder.hpp\n'}
[0.785727] (px4_msgs) StdoutLine: {'line': b'-- Up-to-date: /home/maizaied03/ros2_ws/install/px4_msgs/include/px4_msgs/px4_msgs/msg/detail/vehicle_roi__traits.hpp\n'}
[0.785783] (px4_msgs) StdoutLine: {'line': b'-- Up-to-date: /home/maizaied03/ros2_ws/install/px4_msgs/include/px4_msgs/px4_msgs/msg/detail/timesync_status__type_support.hpp\n'}
[0.785866] (px4_msgs) StdoutLine: {'line': b'-- Up-to-date: /home/maizaied03/ros2_ws/install/px4_msgs/include/px4_msgs/px4_msgs/msg/detail/airspeed_wind__struct.hpp\n'}
[0.785901] (px4_msgs) StdoutLine: {'line': b'-- Up-to-date: /home/maizaied03/ros2_ws/install/px4_msgs/include/px4_msgs/px4_msgs/msg/detail/navigator_status__builder.hpp\n'}
[0.785933] (px4_msgs) StdoutLine: {'line': b'-- Up-to-date: /home/maizaied03/ros2_ws/install/px4_msgs/include/px4_msgs/px4_msgs/msg/detail/vehicle_optical_flow__traits.hpp\n'}
[0.785964] (px4_msgs) StdoutLine: {'line': b'-- Up-to-date: /home/maizaied03/ros2_ws/install/px4_msgs/include/px4_msgs/px4_msgs/msg/detail/debug_array__traits.hpp\n'}
[0.785995] (px4_msgs) StdoutLine: {'line': b'-- Up-to-date: /home/maizaied03/ros2_ws/install/px4_msgs/include/px4_msgs/px4_msgs/msg/detail/ulog_stream__builder.hpp\n'}
[0.786033] (px4_msgs) StdoutLine: {'line': b'-- Up-to-date: /home/maizaied03/ros2_ws/install/px4_msgs/include/px4_msgs/px4_msgs/msg/detail/parameter_set_value_response__struct.hpp\n'}
[0.786065] (px4_msgs) StdoutLine: {'line': b'-- Up-to-date: /home/maizaied03/ros2_ws/install/px4_msgs/include/px4_msgs/px4_msgs/msg/detail/cpuload__type_support.hpp\n'}
[0.786110] (px4_msgs) StdoutLine: {'line': b'-- Up-to-date: /home/maizaied03/ros2_ws/install/px4_msgs/include/px4_msgs/px4_msgs/msg/detail/camera_trigger__traits.hpp\n'}
[0.786153] (px4_msgs) StdoutLine: {'line': b'-- Up-to-date: /home/maizaied03/ros2_ws/install/px4_msgs/include/px4_msgs/px4_msgs/msg/detail/open_drone_id_operator_id__type_support.hpp\n'}
[0.786195] (px4_msgs) StdoutLine: {'line': b'-- Up-to-date: /home/maizaied03/ros2_ws/install/px4_msgs/include/px4_msgs/px4_msgs/msg/detail/rover_rate_status__struct.hpp\n'}
[0.786256] (px4_msgs) StdoutLine: {'line': b'-- Up-to-date: /home/maizaied03/ros2_ws/install/px4_msgs/include/px4_msgs/px4_msgs/msg/detail/rc_channels__traits.hpp\n'}
[0.786289] (px4_msgs) StdoutLine: {'line': b'-- Up-to-date: /home/maizaied03/ros2_ws/install/px4_msgs/include/px4_msgs/px4_msgs/msg/detail/actuator_motors__type_support.hpp\n'}
[0.786332] (px4_msgs) StdoutLine: {'line': b'-- Up-to-date: /home/maizaied03/ros2_ws/install/px4_msgs/include/px4_msgs/px4_msgs/msg/detail/irlock_report__struct.hpp\n'}
[0.786374] (px4_msgs) StdoutLine: {'line': b'-- Up-to-date: /home/maizaied03/ros2_ws/install/px4_msgs/include/px4_msgs/px4_msgs/msg/detail/estimator_status_flags__type_support.hpp\n'}
[0.786416] (px4_msgs) StdoutLine: {'line': b'-- Up-to-date: /home/maizaied03/ros2_ws/install/px4_msgs/include/px4_msgs/px4_msgs/msg/detail/camera_status__builder.hpp\n'}
[0.786469] (px4_msgs) StdoutLine: {'line': b'-- Up-to-date: /home/maizaied03/ros2_ws/install/px4_msgs/include/px4_msgs/px4_msgs/msg/detail/radio_status__type_support.hpp\n'}
[0.786508] (px4_msgs) StdoutLine: {'line': b'-- Up-to-date: /home/maizaied03/ros2_ws/install/px4_msgs/include/px4_msgs/px4_msgs/msg/detail/vehicle_odometry__type_support.hpp\n'}
[0.786550] (px4_msgs) StdoutLine: {'line': b'-- Up-to-date: /home/maizaied03/ros2_ws/install/px4_msgs/include/px4_msgs/px4_msgs/msg/detail/rc_parameter_map__struct.hpp\n'}
[0.786598] (px4_msgs) StdoutLine: {'line': b'-- Up-to-date: /home/maizaied03/ros2_ws/install/px4_msgs/include/px4_msgs/px4_msgs/msg/detail/airspeed_wind__traits.hpp\n'}
[0.786641] (px4_msgs) StdoutLine: {'line': b'-- Up-to-date: /home/maizaied03/ros2_ws/install/px4_msgs/include/px4_msgs/px4_msgs/msg/detail/register_ext_component_reply__traits.hpp\n'}
[0.786684] (px4_msgs) StdoutLine: {'line': b'-- Up-to-date: /home/maizaied03/ros2_ws/install/px4_msgs/include/px4_msgs/px4_msgs/msg/detail/open_drone_id_arm_status__traits.hpp\n'}
[0.786726] (px4_msgs) StdoutLine: {'line': b'-- Up-to-date: /home/maizaied03/ros2_ws/install/px4_msgs/include/px4_msgs/px4_msgs/msg/detail/sensor_uwb__builder.hpp\n'}
[0.786773] (px4_msgs) StdoutLine: {'line': b'-- Up-to-date: /home/maizaied03/ros2_ws/install/px4_msgs/include/px4_msgs/px4_msgs/msg/detail/button_event__builder.hpp\n'}
[0.786829] (px4_msgs) StdoutLine: {'line': b'-- Up-to-date: /home/maizaied03/ros2_ws/install/px4_msgs/include/px4_msgs/px4_msgs/msg/detail/home_position__traits.hpp\n'}
[0.786862] (px4_msgs) StdoutLine: {'line': b'-- Up-to-date: /home/maizaied03/ros2_ws/install/px4_msgs/include/px4_msgs/px4_msgs/msg/detail/open_drone_id_arm_status__builder.hpp\n'}
[0.786894] (px4_msgs) StdoutLine: {'line': b'-- Up-to-date: /home/maizaied03/ros2_ws/install/px4_msgs/include/px4_msgs/px4_msgs/msg/detail/radio_status__builder.hpp\n'}
[0.786925] (px4_msgs) StdoutLine: {'line': b'-- Up-to-date: /home/maizaied03/ros2_ws/install/px4_msgs/include/px4_msgs/px4_msgs/msg/detail/internal_combustion_engine_control__struct.hpp\n'}
[0.786957] (px4_msgs) StdoutLine: {'line': b'-- Up-to-date: /home/maizaied03/ros2_ws/install/px4_msgs/include/px4_msgs/px4_msgs/msg/detail/fixed_wing_longitudinal_setpoint__struct.hpp\n'}
[0.786989] (px4_msgs) StdoutLine: {'line': b'-- Up-to-date: /home/maizaied03/ros2_ws/install/px4_msgs/include/px4_msgs/px4_msgs/msg/detail/heater_status__traits.hpp\n'}
[0.787024] (px4_msgs) StdoutLine: {'line': b'-- Up-to-date: /home/maizaied03/ros2_ws/install/px4_msgs/include/px4_msgs/px4_msgs/msg/detail/actuator_servos_trim__type_support.hpp\n'}
[0.787056] (px4_msgs) StdoutLine: {'line': b'-- Up-to-date: /home/maizaied03/ros2_ws/install/px4_msgs/include/px4_msgs/px4_msgs/msg/detail/gimbal_manager_set_attitude__type_support.hpp\n'}
[0.787088] (px4_msgs) StdoutLine: {'line': b'-- Up-to-date: /home/maizaied03/ros2_ws/install/px4_msgs/include/px4_msgs/px4_msgs/msg/detail/raptor_input__builder.hpp\n'}
[0.787130] (px4_msgs) StdoutLine: {'line': b'-- Up-to-date: /home/maizaied03/ros2_ws/install/px4_msgs/include/px4_msgs/px4_msgs/msg/detail/sensor_combined__traits.hpp\n'}
[0.787172] (px4_msgs) StdoutLine: {'line': b'-- Up-to-date: /home/maizaied03/ros2_ws/install/px4_msgs/include/px4_msgs/px4_msgs/msg/detail/raptor_input__struct.hpp\n'}
[0.787214] (px4_msgs) StdoutLine: {'line': b'-- Up-to-date: /home/maizaied03/ros2_ws/install/px4_msgs/include/px4_msgs/px4_msgs/msg/detail/estimator_bias__type_support.hpp\n'}
[0.787266] (px4_msgs) StdoutLine: {'line': b'-- Up-to-date: /home/maizaied03/ros2_ws/install/px4_msgs/include/px4_msgs/px4_msgs/msg/detail/rover_steering_setpoint__traits.hpp\n'}
[0.787300] (px4_msgs) StdoutLine: {'line': b'-- Up-to-date: /home/maizaied03/ros2_ws/install/px4_msgs/include/px4_msgs/px4_msgs/msg/detail/rover_rate_status__type_support.hpp\n'}
[0.787332] (px4_msgs) StdoutLine: {'line': b'-- Up-to-date: /home/maizaied03/ros2_ws/install/px4_msgs/include/px4_msgs/px4_msgs/msg/detail/qshell_retval__builder.hpp\n'}
[0.787364] (px4_msgs) StdoutLine: {'line': b'-- Up-to-date: /home/maizaied03/ros2_ws/install/px4_msgs/include/px4_msgs/px4_msgs/msg/detail/tune_control__traits.hpp\n'}
[0.787396] (px4_msgs) StdoutLine: {'line': b'-- Up-to-date: /home/maizaied03/ros2_ws/install/px4_msgs/include/px4_msgs/px4_msgs/msg/detail/action_request__traits.hpp\n'}
[0.787427] (px4_msgs) StdoutLine: {'line': b'-- Up-to-date: /home/maizaied03/ros2_ws/install/px4_msgs/include/px4_msgs/px4_msgs/msg/detail/tecs_status__traits.hpp\n'}
[0.787465] (px4_msgs) StdoutLine: {'line': b'-- Up-to-date: /home/maizaied03/ros2_ws/install/px4_msgs/include/px4_msgs/px4_msgs/msg/detail/gripper__type_support.hpp\n'}
[0.787507] (px4_msgs) StdoutLine: {'line': b'-- Up-to-date: /home/maizaied03/ros2_ws/install/px4_msgs/include/px4_msgs/px4_msgs/msg/detail/estimator_innovations__builder.hpp\n'}
[0.787548] (px4_msgs) StdoutLine: {'line': b'-- Up-to-date: /home/maizaied03/ros2_ws/install/px4_msgs/include/px4_msgs/px4_msgs/msg/detail/actuator_test__traits.hpp\n'}
[0.787590] (px4_msgs) StdoutLine: {'line': b'-- Up-to-date: /home/maizaied03/ros2_ws/install/px4_msgs/include/px4_msgs/px4_msgs/msg/detail/rtl_time_estimate__traits.hpp\n'}
[0.787633] (px4_msgs) StdoutLine: {'line': b'-- Up-to-date: /home/maizaied03/ros2_ws/install/px4_msgs/include/px4_msgs/px4_msgs/msg/detail/sensor_correction__builder.hpp\n'}
[0.787674] (px4_msgs) StdoutLine: {'line': b'-- Up-to-date: /home/maizaied03/ros2_ws/install/px4_msgs/include/px4_msgs/px4_msgs/msg/detail/sensor_uwb__traits.hpp\n'}
[0.787716] (px4_msgs) StdoutLine: {'line': b'-- Up-to-date: /home/maizaied03/ros2_ws/install/px4_msgs/include/px4_msgs/px4_msgs/msg/detail/task_stack_info__struct.hpp\n'}
[0.787778] (px4_msgs) StdoutLine: {'line': b'-- Up-to-date: /home/maizaied03/ros2_ws/install/px4_msgs/include/px4_msgs/px4_msgs/msg/detail/vehicle_imu_status__type_support.hpp\n'}
[0.787815] (px4_msgs) StdoutLine: {'line': b'-- Up-to-date: /home/maizaied03/ros2_ws/install/px4_msgs/include/px4_msgs/px4_msgs/msg/detail/sensor_preflight_mag__traits.hpp\n'}
[0.787848] (px4_msgs) StdoutLine: {'line': b'-- Up-to-date: /home/maizaied03/ros2_ws/install/px4_msgs/include/px4_msgs/px4_msgs/msg/detail/rover_speed_status__struct.hpp\n'}
[0.787880] (px4_msgs) StdoutLine: {'line': b'-- Up-to-date: /home/maizaied03/ros2_ws/install/px4_msgs/include/px4_msgs/px4_msgs/msg/detail/pwm_input__traits.hpp\n'}
[0.787926] (px4_msgs) StdoutLine: {'line': b'-- Up-to-date: /home/maizaied03/ros2_ws/install/px4_msgs/include/px4_msgs/px4_msgs/msg/detail/cellular_status__type_support.hpp\n'}
[0.787968] (px4_msgs) StdoutLine: {'line': b'-- Up-to-date: /home/maizaied03/ros2_ws/install/px4_msgs/include/px4_msgs/px4_msgs/msg/detail/magnetometer_bias_estimate__traits.hpp\n'}
[0.788011] (px4_msgs) StdoutLine: {'line': b'-- Up-to-date: /home/maizaied03/ros2_ws/install/px4_msgs/include/px4_msgs/px4_msgs/msg/detail/mission__traits.hpp\n'}
[0.788054] (px4_msgs) StdoutLine: {'line': b'-- Up-to-date: /home/maizaied03/ros2_ws/install/px4_msgs/include/px4_msgs/px4_msgs/msg/detail/telemetry_status__builder.hpp\n'}
[0.788098] (px4_msgs) StdoutLine: {'line': b'-- Up-to-date: /home/maizaied03/ros2_ws/install/px4_msgs/include/px4_msgs/px4_msgs/msg/detail/onboard_computer_status__traits.hpp\n'}
[0.788141] (px4_msgs) StdoutLine: {'line': b'-- Up-to-date: /home/maizaied03/ros2_ws/install/px4_msgs/include/px4_msgs/px4_msgs/msg/detail/landing_target_pose__struct.hpp\n'}
[0.788188] (px4_msgs) StdoutLine: {'line': b'-- Up-to-date: /home/maizaied03/ros2_ws/install/px4_msgs/include/px4_msgs/px4_msgs/msg/detail/vehicle_rates_setpoint__builder.hpp\n'}
[0.788231] (px4_msgs) StdoutLine: {'line': b'-- Up-to-date: /home/maizaied03/ros2_ws/install/px4_msgs/include/px4_msgs/px4_msgs/msg/detail/sensor_gnss_relative__type_support.hpp\n'}
[0.788273] (px4_msgs) StdoutLine: {'line': b'-- Up-to-date: /home/maizaied03/ros2_ws/install/px4_msgs/include/px4_msgs/px4_msgs/msg/detail/gimbal_manager_information__traits.hpp\n'}
[0.788315] (px4_msgs) StdoutLine: {'line': b'-- Up-to-date: /home/maizaied03/ros2_ws/install/px4_msgs/include/px4_msgs/px4_msgs/msg/detail/rover_rate_setpoint__type_support.hpp\n'}
[0.788357] (px4_msgs) StdoutLine: {'line': b'-- Up-to-date: /home/maizaied03/ros2_ws/install/px4_msgs/include/px4_msgs/px4_msgs/msg/detail/orb_test_large__traits.hpp\n'}
[0.788399] (px4_msgs) StdoutLine: {'line': b'-- Up-to-date: /home/maizaied03/ros2_ws/install/px4_msgs/include/px4_msgs/px4_msgs/msg/detail/qshell_req__builder.hpp\n'}
[0.788442] (px4_msgs) StdoutLine: {'line': b'-- Up-to-date: /home/maizaied03/ros2_ws/install/px4_msgs/include/px4_msgs/px4_msgs/msg/detail/sensor_accel__struct.hpp\n'}
[0.788484] (px4_msgs) StdoutLine: {'line': b'-- Up-to-date: /home/maizaied03/ros2_ws/install/px4_msgs/include/px4_msgs/px4_msgs/msg/detail/trajectory_setpoint__struct.hpp\n'}
[0.788545] (px4_msgs) StdoutLine: {'line': b'-- Up-to-date: /home/maizaied03/ros2_ws/install/px4_msgs/include/px4_msgs/px4_msgs/msg/detail/rtl_status__struct.hpp\n'}
[0.788582] (px4_msgs) StdoutLine: {'line': b'-- Up-to-date: /home/maizaied03/ros2_ws/install/px4_msgs/include/px4_msgs/px4_msgs/msg/detail/navigator_status__type_support.hpp\n'}
[0.788614] (px4_msgs) StdoutLine: {'line': b'-- Up-to-date: /home/maizaied03/ros2_ws/install/px4_msgs/include/px4_msgs/px4_msgs/msg/detail/orb_test_large__type_support.hpp\n'}
[0.788649] (px4_msgs) StdoutLine: {'line': b'-- Up-to-date: /home/maizaied03/ros2_ws/install/px4_msgs/include/px4_msgs/px4_msgs/msg/detail/mode_completed__type_support.hpp\n'}
[0.788693] (px4_msgs) StdoutLine: {'line': b'-- Up-to-date: /home/maizaied03/ros2_ws/install/px4_msgs/include/px4_msgs/px4_msgs/msg/detail/vehicle_local_position_setpoint__struct.hpp\n'}
[0.788735] (px4_msgs) StdoutLine: {'line': b'-- Up-to-date: /home/maizaied03/ros2_ws/install/px4_msgs/include/px4_msgs/px4_msgs/msg/detail/vehicle_status__type_support.hpp\n'}
[0.788791] (px4_msgs) StdoutLine: {'line': b'-- Up-to-date: /home/maizaied03/ros2_ws/install/px4_msgs/include/px4_msgs/px4_msgs/msg/detail/ulog_stream_ack__builder.hpp\n'}
[0.788829] (px4_msgs) StdoutLine: {'line': b'-- Up-to-date: /home/maizaied03/ros2_ws/install/px4_msgs/include/px4_msgs/px4_msgs/msg/detail/rover_attitude_status__builder.hpp\n'}
[0.788868] (px4_msgs) StdoutLine: {'line': b'-- Up-to-date: /home/maizaied03/ros2_ws/install/px4_msgs/include/px4_msgs/px4_msgs/msg/detail/gimbal_manager_set_manual_control__builder.hpp\n'}
[0.788904] (px4_msgs) StdoutLine: {'line': b'-- Up-to-date: /home/maizaied03/ros2_ws/install/px4_msgs/include/px4_msgs/px4_msgs/msg/detail/device_information__type_support.hpp\n'}
[0.788953] (px4_msgs) StdoutLine: {'line': b'-- Up-to-date: /home/maizaied03/ros2_ws/install/px4_msgs/include/px4_msgs/px4_msgs/msg/detail/parameter_set_used_request__builder.hpp\n'}
[0.788986] (px4_msgs) StdoutLine: {'line': b'-- Up-to-date: /home/maizaied03/ros2_ws/install/px4_msgs/include/px4_msgs/px4_msgs/msg/detail/vehicle_constraints__builder.hpp\n'}
[0.789019] (px4_msgs) StdoutLine: {'line': b'-- Up-to-date: /home/maizaied03/ros2_ws/install/px4_msgs/include/px4_msgs/px4_msgs/msg/detail/trajectory_setpoint__builder.hpp\n'}
[0.789051] (px4_msgs) StdoutLine: {'line': b'-- Up-to-date: /home/maizaied03/ros2_ws/install/px4_msgs/include/px4_msgs/px4_msgs/msg/detail/manual_control_setpoint__traits.hpp\n'}
[0.789096] (px4_msgs) StdoutLine: {'line': b'-- Up-to-date: /home/maizaied03/ros2_ws/install/px4_msgs/include/px4_msgs/px4_msgs/msg/detail/trajectory_setpoint6dof__struct.hpp\n'}
[0.789135] (px4_msgs) StdoutLine: {'line': b'-- Up-to-date: /home/maizaied03/ros2_ws/install/px4_msgs/include/px4_msgs/px4_msgs/msg/detail/rover_speed_status__traits.hpp\n'}
[0.789167] (px4_msgs) StdoutLine: {'line': b'-- Up-to-date: /home/maizaied03/ros2_ws/install/px4_msgs/include/px4_msgs/px4_msgs/msg/detail/rover_position_setpoint__struct.hpp\n'}
[0.789200] (px4_msgs) StdoutLine: {'line': b'-- Up-to-date: /home/maizaied03/ros2_ws/install/px4_msgs/include/px4_msgs/px4_msgs/msg/detail/wheel_encoders__type_support.hpp\n'}
[0.789241] (px4_msgs) StdoutLine: {'line': b'-- Up-to-date: /home/maizaied03/ros2_ws/install/px4_msgs/include/px4_msgs/px4_msgs/msg/detail/vehicle_rates_setpoint__struct.hpp\n'}
[0.789286] (px4_msgs) StdoutLine: {'line': b'-- Up-to-date: /home/maizaied03/ros2_ws/install/px4_msgs/include/px4_msgs/px4_msgs/msg/detail/mavlink_log__builder.hpp\n'}
[0.789329] (px4_msgs) StdoutLine: {'line': b'-- Up-to-date: /home/maizaied03/ros2_ws/install/px4_msgs/include/px4_msgs/px4_msgs/msg/detail/vehicle_torque_setpoint__struct.hpp\n'}
[0.789372] (px4_msgs) StdoutLine: {'line': b'-- Up-to-date: /home/maizaied03/ros2_ws/install/px4_msgs/include/px4_msgs/px4_msgs/msg/detail/neural_control__builder.hpp\n'}
[0.789414] (px4_msgs) StdoutLine: {'line': b'-- Up-to-date: /home/maizaied03/ros2_ws/install/px4_msgs/include/px4_msgs/px4_msgs/msg/detail/sensor_gyro__traits.hpp\n'}
[0.789456] (px4_msgs) StdoutLine: {'line': b'-- Up-to-date: /home/maizaied03/ros2_ws/install/px4_msgs/include/px4_msgs/px4_msgs/msg/detail/dataman_response__struct.hpp\n'}
[0.789497] (px4_msgs) StdoutLine: {'line': b'-- Up-to-date: /home/maizaied03/ros2_ws/install/px4_msgs/include/px4_msgs/px4_msgs/msg/detail/vehicle_optical_flow__struct.hpp\n'}
[0.789537] (px4_msgs) StdoutLine: {'line': b'-- Up-to-date: /home/maizaied03/ros2_ws/install/px4_msgs/include/px4_msgs/px4_msgs/msg/detail/iridiumsbd_status__builder.hpp\n'}
[0.789578] (px4_msgs) StdoutLine: {'line': b'-- Up-to-date: /home/maizaied03/ros2_ws/install/px4_msgs/include/px4_msgs/px4_msgs/msg/detail/fuel_tank_status__struct.hpp\n'}
[0.789621] (px4_msgs) StdoutLine: {'line': b'-- Up-to-date: /home/maizaied03/ros2_ws/install/px4_msgs/include/px4_msgs/px4_msgs/msg/detail/system_power__builder.hpp\n'}
[0.789663] (px4_msgs) StdoutLine: {'line': b'-- Up-to-date: /home/maizaied03/ros2_ws/install/px4_msgs/include/px4_msgs/px4_msgs/msg/detail/home_position__struct.hpp\n'}
[0.789705] (px4_msgs) StdoutLine: {'line': b'-- Up-to-date: /home/maizaied03/ros2_ws/install/px4_msgs/include/px4_msgs/px4_msgs/msg/detail/sensor_accel_fifo__type_support.hpp\n'}
[0.789771] (px4_msgs) StdoutLine: {'line': b'-- Up-to-date: /home/maizaied03/ros2_ws/install/px4_msgs/include/px4_msgs/px4_msgs/msg/detail/estimator_status__traits.hpp\n'}
[0.789810] (px4_msgs) StdoutLine: {'line': b'-- Up-to-date: /home/maizaied03/ros2_ws/install/px4_msgs/include/px4_msgs/px4_msgs/msg/detail/raptor_input__type_support.hpp\n'}
[0.789842] (px4_msgs) StdoutLine: {'line': b'-- Up-to-date: /home/maizaied03/ros2_ws/install/px4_msgs/include/px4_msgs/px4_msgs/msg/detail/actuator_test__type_support.hpp\n'}
[0.789878] (px4_msgs) StdoutLine: {'line': b'-- Up-to-date: /home/maizaied03/ros2_ws/install/px4_msgs/include/px4_msgs/px4_msgs/msg/detail/rover_attitude_setpoint__struct.hpp\n'}
[0.789920] (px4_msgs) StdoutLine: {'line': b'-- Up-to-date: /home/maizaied03/ros2_ws/install/px4_msgs/include/px4_msgs/px4_msgs/msg/detail/landing_target_innovations__struct.hpp\n'}
[0.789963] (px4_msgs) StdoutLine: {'line': b'-- Up-to-date: /home/maizaied03/ros2_ws/install/px4_msgs/include/px4_msgs/px4_msgs/msg/detail/sensor_selection__type_support.hpp\n'}
[0.790006] (px4_msgs) StdoutLine: {'line': b'-- Up-to-date: /home/maizaied03/ros2_ws/install/px4_msgs/include/px4_msgs/px4_msgs/msg/detail/launch_detection_status__type_support.hpp\n'}
[0.790049] (px4_msgs) StdoutLine: {'line': b'-- Up-to-date: /home/maizaied03/ros2_ws/install/px4_msgs/include/px4_msgs/px4_msgs/msg/detail/gpio_request__struct.hpp\n'}
[0.790091] (px4_msgs) StdoutLine: {'line': b'-- Up-to-date: /home/maizaied03/ros2_ws/install/px4_msgs/include/px4_msgs/px4_msgs/msg/detail/fixed_wing_lateral_guidance_status__type_support.hpp\n'}
[0.790134] (px4_msgs) StdoutLine: {'line': b'-- Up-to-date: /home/maizaied03/ros2_ws/install/px4_msgs/include/px4_msgs/px4_msgs/msg/detail/follow_target_estimator__struct.hpp\n'}
[0.790187] (px4_msgs) StdoutLine: {'line': b'-- Up-to-date: /home/maizaied03/ros2_ws/install/px4_msgs/include/px4_msgs/px4_msgs/msg/detail/sensor_gps__type_support.hpp\n'}
[0.790222] (px4_msgs) StdoutLine: {'line': b'-- Up-to-date: /home/maizaied03/ros2_ws/install/px4_msgs/include/px4_msgs/px4_msgs/msg/detail/actuator_controls_status__traits.hpp\n'}
[0.790257] (px4_msgs) StdoutLine: {'line': b'-- Up-to-date: /home/maizaied03/ros2_ws/install/px4_msgs/include/px4_msgs/px4_msgs/msg/detail/sensor_optical_flow__struct.hpp\n'}
[0.790301] (px4_msgs) StdoutLine: {'line': b'-- Up-to-date: /home/maizaied03/ros2_ws/install/px4_msgs/include/px4_msgs/px4_msgs/msg/detail/config_overrides__traits.hpp\n'}
[0.790343] (px4_msgs) StdoutLine: {'line': b'-- Up-to-date: /home/maizaied03/ros2_ws/install/px4_msgs/include/px4_msgs/px4_msgs/msg/detail/rate_ctrl_status__traits.hpp\n'}
[0.790387] (px4_msgs) StdoutLine: {'line': b'-- Up-to-date: /home/maizaied03/ros2_ws/install/px4_msgs/include/px4_msgs/px4_msgs/msg/detail/mission_result__struct.hpp\n'}
[0.790445] (px4_msgs) StdoutLine: {'line': b'-- Up-to-date: /home/maizaied03/ros2_ws/install/px4_msgs/include/px4_msgs/px4_msgs/msg/detail/sensor_gyro_fifo__type_support.hpp\n'}
[0.790489] (px4_msgs) StdoutLine: {'line': b'-- Up-to-date: /home/maizaied03/ros2_ws/install/px4_msgs/include/px4_msgs/px4_msgs/msg/detail/sensor_gnss_status__type_support.hpp\n'}
[0.790531] (px4_msgs) StdoutLine: {'line': b'-- Up-to-date: /home/maizaied03/ros2_ws/install/px4_msgs/include/px4_msgs/px4_msgs/msg/detail/ekf2_timestamps__type_support.hpp\n'}
[0.790574] (px4_msgs) StdoutLine: {'line': b'-- Up-to-date: /home/maizaied03/ros2_ws/install/px4_msgs/include/px4_msgs/px4_msgs/msg/detail/actuator_controls_status__builder.hpp\n'}
[0.790616] (px4_msgs) StdoutLine: {'line': b'-- Up-to-date: /home/maizaied03/ros2_ws/install/px4_msgs/include/px4_msgs/px4_msgs/msg/detail/rover_throttle_setpoint__type_support.hpp\n'}
[0.790658] (px4_msgs) StdoutLine: {'line': b'-- Up-to-date: /home/maizaied03/ros2_ws/install/px4_msgs/include/px4_msgs/px4_msgs/msg/detail/normalized_unsigned_setpoint__struct.hpp\n'}
[0.790701] (px4_msgs) StdoutLine: {'line': b'-- Up-to-date: /home/maizaied03/ros2_ws/install/px4_msgs/include/px4_msgs/px4_msgs/msg/detail/gps_inject_data__builder.hpp\n'}
[0.790742] (px4_msgs) StdoutLine: {'line': b'-- Up-to-date: /home/maizaied03/ros2_ws/install/px4_msgs/include/px4_msgs/px4_msgs/msg/detail/vehicle_odometry__traits.hpp\n'}
[0.790807] (px4_msgs) StdoutLine: {'line': b'-- Up-to-date: /home/maizaied03/ros2_ws/install/px4_msgs/include/px4_msgs/px4_msgs/msg/detail/figure_eight_status__traits.hpp\n'}
[0.790842] (px4_msgs) StdoutLine: {'line': b'-- Up-to-date: /home/maizaied03/ros2_ws/install/px4_msgs/include/px4_msgs/px4_msgs/msg/detail/rc_channels__builder.hpp\n'}
[0.790878] (px4_msgs) StdoutLine: {'line': b'-- Up-to-date: /home/maizaied03/ros2_ws/install/px4_msgs/include/px4_msgs/px4_msgs/msg/detail/cellular_status__builder.hpp\n'}
[0.790913] (px4_msgs) StdoutLine: {'line': b'-- Up-to-date: /home/maizaied03/ros2_ws/install/px4_msgs/include/px4_msgs/px4_msgs/msg/detail/sensor_gyro_fft__type_support.hpp\n'}
[0.790956] (px4_msgs) StdoutLine: {'line': b'-- Up-to-date: /home/maizaied03/ros2_ws/install/px4_msgs/include/px4_msgs/px4_msgs/msg/detail/pure_pursuit_status__struct.hpp\n'}
[0.790998] (px4_msgs) StdoutLine: {'line': b'-- Up-to-date: /home/maizaied03/ros2_ws/install/px4_msgs/include/px4_msgs/px4_msgs/msg/detail/open_drone_id_operator_id__traits.hpp\n'}
[0.791051] (px4_msgs) StdoutLine: {'line': b'-- Up-to-date: /home/maizaied03/ros2_ws/install/px4_msgs/include/px4_msgs/px4_msgs/msg/detail/gimbal_manager_information__builder.hpp\n'}
[0.791086] (px4_msgs) StdoutLine: {'line': b'-- Up-to-date: /home/maizaied03/ros2_ws/install/px4_msgs/include/px4_msgs/px4_msgs/msg/detail/estimator_states__struct.hpp\n'}
[0.791119] (px4_msgs) StdoutLine: {'line': b'-- Up-to-date: /home/maizaied03/ros2_ws/install/px4_msgs/include/px4_msgs/px4_msgs/msg/detail/task_stack_info__builder.hpp\n'}
[0.791151] (px4_msgs) StdoutLine: {'line': b'-- Up-to-date: /home/maizaied03/ros2_ws/install/px4_msgs/include/px4_msgs/px4_msgs/msg/detail/sensor_optical_flow__traits.hpp\n'}
[0.791184] (px4_msgs) StdoutLine: {'line': b'-- Up-to-date: /home/maizaied03/ros2_ws/install/px4_msgs/include/px4_msgs/px4_msgs/msg/detail/gps_inject_data__struct.hpp\n'}
[0.791216] (px4_msgs) StdoutLine: {'line': b'-- Up-to-date: /home/maizaied03/ros2_ws/install/px4_msgs/include/px4_msgs/px4_msgs/msg/detail/rpm__builder.hpp\n'}
[0.791248] (px4_msgs) StdoutLine: {'line': b'-- Up-to-date: /home/maizaied03/ros2_ws/install/px4_msgs/include/px4_msgs/px4_msgs/msg/detail/power_button_state__builder.hpp\n'}
[0.791291] (px4_msgs) StdoutLine: {'line': b'-- Up-to-date: /home/maizaied03/ros2_ws/install/px4_msgs/include/px4_msgs/px4_msgs/msg/detail/estimator_status__type_support.hpp\n'}
[0.791334] (px4_msgs) StdoutLine: {'line': b'-- Up-to-date: /home/maizaied03/ros2_ws/install/px4_msgs/include/px4_msgs/px4_msgs/msg/detail/gpio_request__traits.hpp\n'}
[0.791376] (px4_msgs) StdoutLine: {'line': b'-- Up-to-date: /home/maizaied03/ros2_ws/install/px4_msgs/include/px4_msgs/px4_msgs/msg/detail/parameter_update__traits.hpp\n'}
[0.791418] (px4_msgs) StdoutLine: {'line': b'-- Up-to-date: /home/maizaied03/ros2_ws/install/px4_msgs/include/px4_msgs/px4_msgs/msg/detail/actuator_motors__builder.hpp\n'}
[0.791460] (px4_msgs) StdoutLine: {'line': b'-- Up-to-date: /home/maizaied03/ros2_ws/install/px4_msgs/include/px4_msgs/px4_msgs/msg/detail/gimbal_device_set_attitude__type_support.hpp\n'}
[0.791505] (px4_msgs) StdoutLine: {'line': b'-- Up-to-date: /home/maizaied03/ros2_ws/install/px4_msgs/include/px4_msgs/px4_msgs/msg/detail/geofence_result__traits.hpp\n'}
[0.791548] (px4_msgs) StdoutLine: {'line': b'-- Up-to-date: /home/maizaied03/ros2_ws/install/px4_msgs/include/px4_msgs/px4_msgs/msg/detail/actuator_motors__struct.hpp\n'}
[0.791591] (px4_msgs) StdoutLine: {'line': b'-- Up-to-date: /home/maizaied03/ros2_ws/install/px4_msgs/include/px4_msgs/px4_msgs/msg/detail/open_drone_id_self_id__struct.hpp\n'}
[0.791633] (px4_msgs) StdoutLine: {'line': b'-- Up-to-date: /home/maizaied03/ros2_ws/install/px4_msgs/include/px4_msgs/px4_msgs/msg/detail/vehicle_air_data__struct.hpp\n'}
[0.791675] (px4_msgs) StdoutLine: {'line': b'-- Up-to-date: /home/maizaied03/ros2_ws/install/px4_msgs/include/px4_msgs/px4_msgs/msg/detail/iridiumsbd_status__type_support.hpp\n'}
[0.791717] (px4_msgs) StdoutLine: {'line': b'-- Up-to-date: /home/maizaied03/ros2_ws/install/px4_msgs/include/px4_msgs/px4_msgs/msg/detail/yaw_estimator_status__builder.hpp\n'}
[0.791759] (px4_msgs) StdoutLine: {'line': b'-- Up-to-date: /home/maizaied03/ros2_ws/install/px4_msgs/include/px4_msgs/px4_msgs/msg/detail/offboard_control_mode__type_support.hpp\n'}
[0.791825] (px4_msgs) StdoutLine: {'line': b'-- Up-to-date: /home/maizaied03/ros2_ws/install/px4_msgs/include/px4_msgs/px4_msgs/msg/detail/lateral_control_configuration__traits.hpp\n'}
[0.791861] (px4_msgs) StdoutLine: {'line': b'-- Up-to-date: /home/maizaied03/ros2_ws/install/px4_msgs/include/px4_msgs/px4_msgs/msg/detail/gimbal_device_set_attitude__traits.hpp\n'}
[0.791894] (px4_msgs) StdoutLine: {'line': b'-- Up-to-date: /home/maizaied03/ros2_ws/install/px4_msgs/include/px4_msgs/px4_msgs/msg/detail/rtl_status__type_support.hpp\n'}
[0.791937] (px4_msgs) StdoutLine: {'line': b'-- Up-to-date: /home/maizaied03/ros2_ws/install/px4_msgs/include/px4_msgs/px4_msgs/msg/detail/telemetry_status__type_support.hpp\n'}
[0.791979] (px4_msgs) StdoutLine: {'line': b'-- Up-to-date: /home/maizaied03/ros2_ws/install/px4_msgs/include/px4_msgs/px4_msgs/msg/detail/rpm__type_support.hpp\n'}
[0.792022] (px4_msgs) StdoutLine: {'line': b'-- Up-to-date: /home/maizaied03/ros2_ws/install/px4_msgs/include/px4_msgs/px4_msgs/msg/detail/sensor_accel_fifo__struct.hpp\n'}
[0.792064] (px4_msgs) StdoutLine: {'line': b'-- Up-to-date: /home/maizaied03/ros2_ws/install/px4_msgs/include/px4_msgs/px4_msgs/msg/detail/px4io_status__traits.hpp\n'}
[0.792107] (px4_msgs) StdoutLine: {'line': b'-- Up-to-date: /home/maizaied03/ros2_ws/install/px4_msgs/include/px4_msgs/px4_msgs/msg/detail/takeoff_status__struct.hpp\n'}
[0.792149] (px4_msgs) StdoutLine: {'line': b'-- Up-to-date: /home/maizaied03/ros2_ws/install/px4_msgs/include/px4_msgs/px4_msgs/msg/detail/follow_target_estimator__builder.hpp\n'}
[0.792191] (px4_msgs) StdoutLine: {'line': b'-- Up-to-date: /home/maizaied03/ros2_ws/install/px4_msgs/include/px4_msgs/px4_msgs/msg/detail/landing_gear_wheel__traits.hpp\n'}
[0.792234] (px4_msgs) StdoutLine: {'line': b'-- Up-to-date: /home/maizaied03/ros2_ws/install/px4_msgs/include/px4_msgs/px4_msgs/msg/detail/vehicle_local_position_setpoint__traits.hpp\n'}
[0.792293] (px4_msgs) StdoutLine: {'line': b'-- Up-to-date: /home/maizaied03/ros2_ws/install/px4_msgs/include/px4_msgs/px4_msgs/msg/detail/sensor_mag__type_support.hpp\n'}
[0.792329] (px4_msgs) StdoutLine: {'line': b'-- Up-to-date: /home/maizaied03/ros2_ws/install/px4_msgs/include/px4_msgs/px4_msgs/msg/detail/sensor_gps__struct.hpp\n'}
[0.792362] (px4_msgs) StdoutLine: {'line': b'-- Up-to-date: /home/maizaied03/ros2_ws/install/px4_msgs/include/px4_msgs/px4_msgs/msg/detail/vehicle_land_detected__builder.hpp\n'}
[0.792394] (px4_msgs) StdoutLine: {'line': b'-- Up-to-date: /home/maizaied03/ros2_ws/install/px4_msgs/include/px4_msgs/px4_msgs/msg/detail/rover_speed_status__type_support.hpp\n'}
[0.792484] (px4_msgs) StdoutLine: {'line': b'-- Up-to-date: /home/maizaied03/ros2_ws/install/px4_msgs/include/px4_msgs/px4_msgs/msg/detail/vehicle_magnetometer__builder.hpp\n'}
[0.792518] (px4_msgs) StdoutLine: {'line': b'-- Up-to-date: /home/maizaied03/ros2_ws/install/px4_msgs/include/px4_msgs/px4_msgs/msg/detail/sensor_preflight_mag__type_support.hpp\n'}
[0.792553] (px4_msgs) StdoutLine: {'line': b'-- Up-to-date: /home/maizaied03/ros2_ws/install/px4_msgs/include/px4_msgs/px4_msgs/msg/detail/rover_attitude_status__struct.hpp\n'}
[0.792592] (px4_msgs) StdoutLine: {'line': b'-- Up-to-date: /home/maizaied03/ros2_ws/install/px4_msgs/include/px4_msgs/px4_msgs/msg/detail/raptor_status__builder.hpp\n'}
[0.792633] (px4_msgs) StdoutLine: {'line': b'-- Up-to-date: /home/maizaied03/ros2_ws/install/px4_msgs/include/px4_msgs/px4_msgs/msg/detail/distance_sensor__struct.hpp\n'}
[0.792669] (px4_msgs) StdoutLine: {'line': b'-- Up-to-date: /home/maizaied03/ros2_ws/install/px4_msgs/include/px4_msgs/px4_msgs/msg/detail/navigator_status__traits.hpp\n'}
[0.792720] (px4_msgs) StdoutLine: {'line': b'-- Up-to-date: /home/maizaied03/ros2_ws/install/px4_msgs/include/px4_msgs/px4_msgs/msg/detail/qshell_retval__struct.hpp\n'}
[0.792766] (px4_msgs) StdoutLine: {'line': b'-- Up-to-date: /home/maizaied03/ros2_ws/install/px4_msgs/include/px4_msgs/px4_msgs/msg/detail/vehicle_torque_setpoint__type_support.hpp\n'}
[0.792808] (px4_msgs) StdoutLine: {'line': b'-- Up-to-date: /home/maizaied03/ros2_ws/install/px4_msgs/include/px4_msgs/px4_msgs/msg/detail/sensor_selection__struct.hpp\n'}
[0.792845] (px4_msgs) StdoutLine: {'line': b'-- Up-to-date: /home/maizaied03/ros2_ws/install/px4_msgs/include/px4_msgs/px4_msgs/msg/detail/obstacle_distance__struct.hpp\n'}
[0.792884] (px4_msgs) StdoutLine: {'line': b'-- Up-to-date: /home/maizaied03/ros2_ws/install/px4_msgs/include/px4_msgs/px4_msgs/msg/detail/estimator_event_flags__builder.hpp\n'}
[0.792922] (px4_msgs) StdoutLine: {'line': b'-- Up-to-date: /home/maizaied03/ros2_ws/install/px4_msgs/include/px4_msgs/px4_msgs/msg/detail/vehicle_thrust_setpoint__struct.hpp\n'}
[0.792962] (px4_msgs) StdoutLine: {'line': b'-- Up-to-date: /home/maizaied03/ros2_ws/install/px4_msgs/include/px4_msgs/px4_msgs/msg/detail/tecs_status__type_support.hpp\n'}
[0.793005] (px4_msgs) StdoutLine: {'line': b'-- Up-to-date: /home/maizaied03/ros2_ws/install/px4_msgs/include/px4_msgs/px4_msgs/msg/detail/system_power__type_support.hpp\n'}
[0.793057] (px4_msgs) StdoutLine: {'line': b'-- Up-to-date: /home/maizaied03/ros2_ws/install/px4_msgs/include/px4_msgs/px4_msgs/msg/detail/arming_check_request__traits.hpp\n'}
[0.793099] (px4_msgs) StdoutLine: {'line': b'-- Up-to-date: /home/maizaied03/ros2_ws/install/px4_msgs/include/px4_msgs/px4_msgs/msg/detail/vehicle_imu__builder.hpp\n'}
[0.793169] (px4_msgs) StdoutLine: {'line': b'-- Up-to-date: /home/maizaied03/ros2_ws/install/px4_msgs/include/px4_msgs/px4_msgs/msg/detail/control_allocator_status__builder.hpp\n'}
[0.793227] (px4_msgs) StdoutLine: {'line': b'-- Up-to-date: /home/maizaied03/ros2_ws/install/px4_msgs/include/px4_msgs/px4_msgs/msg/detail/vehicle_command_ack__traits.hpp\n'}
[0.793262] (px4_msgs) StdoutLine: {'line': b'-- Up-to-date: /home/maizaied03/ros2_ws/install/px4_msgs/include/px4_msgs/px4_msgs/msg/detail/qshell_retval__traits.hpp\n'}
[0.793297] (px4_msgs) StdoutLine: {'line': b'-- Up-to-date: /home/maizaied03/ros2_ws/install/px4_msgs/include/px4_msgs/px4_msgs/msg/detail/cpuload__traits.hpp\n'}
[0.793331] (px4_msgs) StdoutLine: {'line': b'-- Up-to-date: /home/maizaied03/ros2_ws/install/px4_msgs/include/px4_msgs/px4_msgs/msg/detail/estimator_aid_source3d__traits.hpp\n'}
[0.793365] (px4_msgs) StdoutLine: {'line': b'-- Up-to-date: /home/maizaied03/ros2_ws/install/px4_msgs/include/px4_msgs/px4_msgs/msg/detail/estimator_bias__struct.hpp\n'}
[0.793400] (px4_msgs) StdoutLine: {'line': b'-- Up-to-date: /home/maizaied03/ros2_ws/install/px4_msgs/include/px4_msgs/px4_msgs/msg/detail/debug_vect__struct.hpp\n'}
[0.793434] (px4_msgs) StdoutLine: {'line': b'-- Up-to-date: /home/maizaied03/ros2_ws/install/px4_msgs/include/px4_msgs/px4_msgs/msg/detail/autotune_attitude_control_status__struct.hpp\n'}
[0.793468] (px4_msgs) StdoutLine: {'line': b'-- Up-to-date: /home/maizaied03/ros2_ws/install/px4_msgs/include/px4_msgs/px4_msgs/msg/detail/esc_status__type_support.hpp\n'}
[0.793503] (px4_msgs) StdoutLine: {'line': b'-- Up-to-date: /home/maizaied03/ros2_ws/install/px4_msgs/include/px4_msgs/px4_msgs/msg/detail/vehicle_global_position__type_support.hpp\n'}
[0.793537] (px4_msgs) StdoutLine: {'line': b'-- Up-to-date: /home/maizaied03/ros2_ws/install/px4_msgs/include/px4_msgs/px4_msgs/msg/detail/estimator_bias3d__struct.hpp\n'}
[0.793585] (px4_msgs) StdoutLine: {'line': b'-- Up-to-date: /home/maizaied03/ros2_ws/install/px4_msgs/include/px4_msgs/px4_msgs/msg/detail/qshell_req__type_support.hpp\n'}
[0.793619] (px4_msgs) StdoutLine: {'line': b'-- Up-to-date: /home/maizaied03/ros2_ws/install/px4_msgs/include/px4_msgs/px4_msgs/msg/detail/orb_test_medium__builder.hpp\n'}
[0.793653] (px4_msgs) StdoutLine: {'line': b'-- Up-to-date: /home/maizaied03/ros2_ws/install/px4_msgs/include/px4_msgs/px4_msgs/msg/detail/vehicle_land_detected__type_support.hpp\n'}
[0.793687] (px4_msgs) StdoutLine: {'line': b'-- Up-to-date: /home/maizaied03/ros2_ws/install/px4_msgs/include/px4_msgs/px4_msgs/msg/detail/gimbal_manager_information__type_support.hpp\n'}
[0.793721] (px4_msgs) StdoutLine: {'line': b'-- Up-to-date: /home/maizaied03/ros2_ws/install/px4_msgs/include/px4_msgs/px4_msgs/msg/detail/orb_test__struct.hpp\n'}
[0.793768] (px4_msgs) StdoutLine: {'line': b'-- Up-to-date: /home/maizaied03/ros2_ws/install/px4_msgs/include/px4_msgs/px4_msgs/msg/detail/hover_thrust_estimate__type_support.hpp\n'}
[0.793805] (px4_msgs) StdoutLine: {'line': b'-- Up-to-date: /home/maizaied03/ros2_ws/install/px4_msgs/include/px4_msgs/px4_msgs/msg/detail/vehicle_attitude_setpoint__type_support.hpp\n'}
[0.793838] (px4_msgs) StdoutLine: {'line': b'-- Up-to-date: /home/maizaied03/ros2_ws/install/px4_msgs/include/px4_msgs/px4_msgs/msg/detail/collision_constraints__struct.hpp\n'}
[0.793870] (px4_msgs) StdoutLine: {'line': b'-- Up-to-date: /home/maizaied03/ros2_ws/install/px4_msgs/include/px4_msgs/px4_msgs/msg/detail/autotune_attitude_control_status__builder.hpp\n'}
[0.793902] (px4_msgs) StdoutLine: {'line': b'-- Up-to-date: /home/maizaied03/ros2_ws/install/px4_msgs/include/px4_msgs/px4_msgs/msg/detail/vtol_vehicle_status__traits.hpp\n'}
[0.793933] (px4_msgs) StdoutLine: {'line': b'-- Up-to-date: /home/maizaied03/ros2_ws/install/px4_msgs/include/px4_msgs/px4_msgs/msg/detail/hover_thrust_estimate__struct.hpp\n'}
[0.793968] (px4_msgs) StdoutLine: {'line': b'-- Up-to-date: /home/maizaied03/ros2_ws/install/px4_msgs/include/px4_msgs/px4_msgs/msg/detail/actuator_motors__traits.hpp\n'}
[0.794002] (px4_msgs) StdoutLine: {'line': b'-- Up-to-date: /home/maizaied03/ros2_ws/install/px4_msgs/include/px4_msgs/px4_msgs/msg/detail/vehicle_angular_velocity__type_support.hpp\n'}
[0.794036] (px4_msgs) StdoutLine: {'line': b'-- Up-to-date: /home/maizaied03/ros2_ws/install/px4_msgs/include/px4_msgs/px4_msgs/msg/detail/uavcan_parameter_request__builder.hpp\n'}
[0.794071] (px4_msgs) StdoutLine: {'line': b'-- Up-to-date: /home/maizaied03/ros2_ws/install/px4_msgs/include/px4_msgs/px4_msgs/msg/detail/register_ext_component_request__type_support.hpp\n'}
[0.794105] (px4_msgs) StdoutLine: {'line': b'-- Up-to-date: /home/maizaied03/ros2_ws/install/px4_msgs/include/px4_msgs/px4_msgs/msg/detail/device_information__traits.hpp\n'}
[0.794138] (px4_msgs) StdoutLine: {'line': b'-- Up-to-date: /home/maizaied03/ros2_ws/install/px4_msgs/include/px4_msgs/px4_msgs/msg/detail/vehicle_air_data__builder.hpp\n'}
[0.794172] (px4_msgs) StdoutLine: {'line': b'-- Up-to-date: /home/maizaied03/ros2_ws/install/px4_msgs/include/px4_msgs/px4_msgs/msg/detail/position_controller_landing_status__builder.hpp\n'}
[0.794207] (px4_msgs) StdoutLine: {'line': b'-- Up-to-date: /home/maizaied03/ros2_ws/install/px4_msgs/include/px4_msgs/px4_msgs/msg/detail/heater_status__struct.hpp\n'}
[0.794240] (px4_msgs) StdoutLine: {'line': b'-- Up-to-date: /home/maizaied03/ros2_ws/install/px4_msgs/include/px4_msgs/px4_msgs/msg/detail/health_report__struct.hpp\n'}
[0.794274] (px4_msgs) StdoutLine: {'line': b'-- Up-to-date: /home/maizaied03/ros2_ws/install/px4_msgs/include/px4_msgs/px4_msgs/msg/detail/position_controller_landing_status__traits.hpp\n'}
[0.794308] (px4_msgs) StdoutLine: {'line': b'-- Up-to-date: /home/maizaied03/ros2_ws/install/px4_msgs/include/px4_msgs/px4_msgs/msg/detail/open_drone_id_system__builder.hpp\n'}
[0.794356] (px4_msgs) StdoutLine: {'line': b'-- Up-to-date: /home/maizaied03/ros2_ws/install/px4_msgs/include/px4_msgs/px4_msgs/msg/detail/message_format_request__traits.hpp\n'}
[0.794388] (px4_msgs) StdoutLine: {'line': b'-- Up-to-date: /home/maizaied03/ros2_ws/install/px4_msgs/include/px4_msgs/px4_msgs/msg/detail/sensor_accel__type_support.hpp\n'}
[0.794419] (px4_msgs) StdoutLine: {'line': b'-- Up-to-date: /home/maizaied03/ros2_ws/install/px4_msgs/include/px4_msgs/px4_msgs/msg/detail/gain_compression__struct.hpp\n'}
[0.794451] (px4_msgs) StdoutLine: {'line': b'-- Up-to-date: /home/maizaied03/ros2_ws/install/px4_msgs/include/px4_msgs/px4_msgs/msg/detail/orb_test_large__builder.hpp\n'}
[0.794483] (px4_msgs) StdoutLine: {'line': b'-- Up-to-date: /home/maizaied03/ros2_ws/install/px4_msgs/include/px4_msgs/px4_msgs/msg/detail/gps_dump__type_support.hpp\n'}
[0.794517] (px4_msgs) StdoutLine: {'line': b'-- Up-to-date: /home/maizaied03/ros2_ws/install/px4_msgs/include/px4_msgs/px4_msgs/msg/detail/esc_report__builder.hpp\n'}
[0.794559] (px4_msgs) StdoutLine: {'line': b'-- Up-to-date: /home/maizaied03/ros2_ws/install/px4_msgs/include/px4_msgs/px4_msgs/msg/detail/trajectory_setpoint__type_support.hpp\n'}
[0.794594] (px4_msgs) StdoutLine: {'line': b'-- Up-to-date: /home/maizaied03/ros2_ws/install/px4_msgs/include/px4_msgs/px4_msgs/msg/detail/geofence_status__builder.hpp\n'}
[0.794626] (px4_msgs) StdoutLine: {'line': b'-- Up-to-date: /home/maizaied03/ros2_ws/install/px4_msgs/include/px4_msgs/px4_msgs/msg/detail/vehicle_odometry__struct.hpp\n'}
[0.794658] (px4_msgs) StdoutLine: {'line': b'-- Up-to-date: /home/maizaied03/ros2_ws/install/px4_msgs/include/px4_msgs/px4_msgs/msg/detail/distance_sensor_mode_change_request__builder.hpp\n'}
[0.794690] (px4_msgs) StdoutLine: {'line': b'-- Up-to-date: /home/maizaied03/ros2_ws/install/px4_msgs/include/px4_msgs/px4_msgs/msg/detail/mission_result__type_support.hpp\n'}
[0.794724] (px4_msgs) StdoutLine: {'line': b'-- Up-to-date: /home/maizaied03/ros2_ws/install/px4_msgs/include/px4_msgs/px4_msgs/msg/detail/generator_status__traits.hpp\n'}
[0.794757] (px4_msgs) StdoutLine: {'line': b'-- Up-to-date: /home/maizaied03/ros2_ws/install/px4_msgs/include/px4_msgs/px4_msgs/msg/detail/fixed_wing_runway_control__type_support.hpp\n'}
[0.794806] (px4_msgs) StdoutLine: {'line': b'-- Up-to-date: /home/maizaied03/ros2_ws/install/px4_msgs/include/px4_msgs/px4_msgs/msg/detail/actuator_armed__struct.hpp\n'}
[0.794838] (px4_msgs) StdoutLine: {'line': b'-- Up-to-date: /home/maizaied03/ros2_ws/install/px4_msgs/include/px4_msgs/px4_msgs/msg/detail/pwm_input__struct.hpp\n'}
[0.794870] (px4_msgs) StdoutLine: {'line': b'-- Up-to-date: /home/maizaied03/ros2_ws/install/px4_msgs/include/px4_msgs/px4_msgs/msg/detail/sensor_baro__type_support.hpp\n'}
[0.794902] (px4_msgs) StdoutLine: {'line': b'-- Up-to-date: /home/maizaied03/ros2_ws/install/px4_msgs/include/px4_msgs/px4_msgs/msg/detail/dataman_response__type_support.hpp\n'}
[0.794935] (px4_msgs) StdoutLine: {'line': b'-- Up-to-date: /home/maizaied03/ros2_ws/install/px4_msgs/include/px4_msgs/px4_msgs/msg/detail/rover_speed_setpoint__traits.hpp\n'}
[0.794969] (px4_msgs) StdoutLine: {'line': b'-- Up-to-date: /home/maizaied03/ros2_ws/install/px4_msgs/include/px4_msgs/px4_msgs/msg/detail/estimator_aid_source2d__struct.hpp\n'}
[0.795002] (px4_msgs) StdoutLine: {'line': b'-- Up-to-date: /home/maizaied03/ros2_ws/install/px4_msgs/include/px4_msgs/px4_msgs/msg/detail/cellular_status__struct.hpp\n'}
[0.795036] (px4_msgs) StdoutLine: {'line': b'-- Up-to-date: /home/maizaied03/ros2_ws/install/px4_msgs/include/px4_msgs/px4_msgs/msg/detail/tecs_status__struct.hpp\n'}
[0.795070] (px4_msgs) StdoutLine: {'line': b'-- Up-to-date: /home/maizaied03/ros2_ws/install/px4_msgs/include/px4_msgs/px4_msgs/msg/detail/camera_trigger__type_support.hpp\n'}
[0.795104] (px4_msgs) StdoutLine: {'line': b'-- Up-to-date: /home/maizaied03/ros2_ws/install/px4_msgs/include/px4_msgs/px4_msgs/msg/detail/sensor_gyro__builder.hpp\n'}
[0.795139] (px4_msgs) StdoutLine: {'line': b'-- Up-to-date: /home/maizaied03/ros2_ws/install/px4_msgs/include/px4_msgs/px4_msgs/msg/detail/goto_setpoint__builder.hpp\n'}
[0.795173] (px4_msgs) StdoutLine: {'line': b'-- Up-to-date: /home/maizaied03/ros2_ws/install/px4_msgs/include/px4_msgs/px4_msgs/msg/detail/mount_orientation__struct.hpp\n'}
[0.795207] (px4_msgs) StdoutLine: {'line': b'-- Up-to-date: /home/maizaied03/ros2_ws/install/px4_msgs/include/px4_msgs/px4_msgs/msg/detail/dataman_response__builder.hpp\n'}
[0.795242] (px4_msgs) StdoutLine: {'line': b'-- Up-to-date: /home/maizaied03/ros2_ws/install/px4_msgs/include/px4_msgs/px4_msgs/msg/detail/message_format_response__struct.hpp\n'}
[0.795276] (px4_msgs) StdoutLine: {'line': b'-- Up-to-date: /home/maizaied03/ros2_ws/install/px4_msgs/include/px4_msgs/px4_msgs/msg/detail/cellular_status__traits.hpp\n'}
[0.795320] (px4_msgs) StdoutLine: {'line': b'-- Up-to-date: /home/maizaied03/ros2_ws/install/px4_msgs/include/px4_msgs/px4_msgs/msg/detail/vehicle_acceleration__traits.hpp\n'}
[0.795356] (px4_msgs) StdoutLine: {'line': b'-- Up-to-date: /home/maizaied03/ros2_ws/install/px4_msgs/include/px4_msgs/px4_msgs/msg/detail/gimbal_manager_set_manual_control__type_support.hpp\n'}
[0.795418] (px4_msgs) StdoutLine: {'line': b'-- Up-to-date: /home/maizaied03/ros2_ws/install/px4_msgs/include/px4_msgs/px4_msgs/msg/detail/parameter_set_value_request__traits.hpp\n'}
[0.795455] (px4_msgs) StdoutLine: {'line': b'-- Up-to-date: /home/maizaied03/ros2_ws/install/px4_msgs/include/px4_msgs/px4_msgs/msg/detail/mavlink_tunnel__traits.hpp\n'}
[0.795507] (px4_msgs) StdoutLine: {'line': b'-- Up-to-date: /home/maizaied03/ros2_ws/install/px4_msgs/include/px4_msgs/px4_msgs/msg/detail/home_position__type_support.hpp\n'}
[0.795540] (px4_msgs) StdoutLine: {'line': b'-- Up-to-date: /home/maizaied03/ros2_ws/install/px4_msgs/include/px4_msgs/px4_msgs/msg/detail/power_button_state__struct.hpp\n'}
[0.795573] (px4_msgs) StdoutLine: {'line': b'-- Up-to-date: /home/maizaied03/ros2_ws/install/px4_msgs/include/px4_msgs/px4_msgs/msg/detail/message_format_response__traits.hpp\n'}
[0.795605] (px4_msgs) StdoutLine: {'line': b'-- Up-to-date: /home/maizaied03/ros2_ws/install/px4_msgs/include/px4_msgs/px4_msgs/msg/detail/button_event__type_support.hpp\n'}
[0.795638] (px4_msgs) StdoutLine: {'line': b'-- Up-to-date: /home/maizaied03/ros2_ws/install/px4_msgs/include/px4_msgs/px4_msgs/msg/detail/gpio_out__struct.hpp\n'}
[0.795672] (px4_msgs) StdoutLine: {'line': b'-- Up-to-date: /home/maizaied03/ros2_ws/install/px4_msgs/include/px4_msgs/px4_msgs/msg/detail/actuator_outputs__type_support.hpp\n'}
[0.795717] (px4_msgs) StdoutLine: {'line': b'-- Up-to-date: /home/maizaied03/ros2_ws/install/px4_msgs/include/px4_msgs/px4_msgs/msg/detail/rate_ctrl_status__struct.hpp\n'}
[0.795750] (px4_msgs) StdoutLine: {'line': b'-- Up-to-date: /home/maizaied03/ros2_ws/install/px4_msgs/include/px4_msgs/px4_msgs/msg/detail/rate_ctrl_status__type_support.hpp\n'}
[0.795798] (px4_msgs) StdoutLine: {'line': b'-- Up-to-date: /home/maizaied03/ros2_ws/install/px4_msgs/include/px4_msgs/px4_msgs/msg/detail/vehicle_air_data__type_support.hpp\n'}
[0.795831] (px4_msgs) StdoutLine: {'line': b'-- Up-to-date: /home/maizaied03/ros2_ws/install/px4_msgs/include/px4_msgs/px4_msgs/msg/detail/vehicle_magnetometer__struct.hpp\n'}
[0.795863] (px4_msgs) StdoutLine: {'line': b'-- Up-to-date: /home/maizaied03/ros2_ws/install/px4_msgs/include/px4_msgs/px4_msgs/msg/detail/ekf2_timestamps__struct.hpp\n'}
[0.795895] (px4_msgs) StdoutLine: {'line': b'-- Up-to-date: /home/maizaied03/ros2_ws/install/px4_msgs/include/px4_msgs/px4_msgs/msg/detail/parameter_set_value_response__traits.hpp\n'}
[0.795929] (px4_msgs) StdoutLine: {'line': b'-- Up-to-date: /home/maizaied03/ros2_ws/install/px4_msgs/include/px4_msgs/px4_msgs/msg/detail/geofence_result__type_support.hpp\n'}
[0.795962] (px4_msgs) StdoutLine: {'line': b'-- Up-to-date: /home/maizaied03/ros2_ws/install/px4_msgs/include/px4_msgs/px4_msgs/msg/detail/vehicle_status__builder.hpp\n'}
[0.795995] (px4_msgs) StdoutLine: {'line': b'-- Up-to-date: /home/maizaied03/ros2_ws/install/px4_msgs/include/px4_msgs/px4_msgs/msg/detail/landing_gear_wheel__builder.hpp\n'}
[0.796030] (px4_msgs) StdoutLine: {'line': b'-- Up-to-date: /home/maizaied03/ros2_ws/install/px4_msgs/include/px4_msgs/px4_msgs/msg/detail/wind__builder.hpp\n'}
[0.796064] (px4_msgs) StdoutLine: {'line': b'-- Up-to-date: /home/maizaied03/ros2_ws/install/px4_msgs/include/px4_msgs/px4_msgs/msg/detail/landing_gear__builder.hpp\n'}
[0.796098] (px4_msgs) StdoutLine: {'line': b'-- Up-to-date: /home/maizaied03/ros2_ws/install/px4_msgs/include/px4_msgs/px4_msgs/msg/detail/estimator_sensor_bias__traits.hpp\n'}
[0.796131] (px4_msgs) StdoutLine: {'line': b'-- Up-to-date: /home/maizaied03/ros2_ws/install/px4_msgs/include/px4_msgs/px4_msgs/msg/detail/timesync_status__struct.hpp\n'}
[0.796164] (px4_msgs) StdoutLine: {'line': b'-- Up-to-date: /home/maizaied03/ros2_ws/install/px4_msgs/include/px4_msgs/px4_msgs/msg/detail/sensor_mag__struct.hpp\n'}
[0.796198] (px4_msgs) StdoutLine: {'line': b'-- Up-to-date: /home/maizaied03/ros2_ws/install/px4_msgs/include/px4_msgs/px4_msgs/msg/detail/estimator_selector_status__builder.hpp\n'}
[0.796244] (px4_msgs) StdoutLine: {'line': b'-- Up-to-date: /home/maizaied03/ros2_ws/install/px4_msgs/include/px4_msgs/px4_msgs/msg/detail/gimbal_device_attitude_status__traits.hpp\n'}
[0.796278] (px4_msgs) StdoutLine: {'line': b'-- Up-to-date: /home/maizaied03/ros2_ws/install/px4_msgs/include/px4_msgs/px4_msgs/msg/detail/figure_eight_status__builder.hpp\n'}
[0.796312] (px4_msgs) StdoutLine: {'line': b'-- Up-to-date: /home/maizaied03/ros2_ws/install/px4_msgs/include/px4_msgs/px4_msgs/msg/detail/parameter_update__type_support.hpp\n'}
[0.796347] (px4_msgs) StdoutLine: {'line': b'-- Up-to-date: /home/maizaied03/ros2_ws/install/px4_msgs/include/px4_msgs/px4_msgs/msg/detail/internal_combustion_engine_control__type_support.hpp\n'}
[0.796381] (px4_msgs) StdoutLine: {'line': b'-- Up-to-date: /home/maizaied03/ros2_ws/install/px4_msgs/include/px4_msgs/px4_msgs/msg/detail/lateral_control_configuration__type_support.hpp\n'}
[0.796415] (px4_msgs) StdoutLine: {'line': b'-- Up-to-date: /home/maizaied03/ros2_ws/install/px4_msgs/include/px4_msgs/px4_msgs/msg/detail/sensor_baro__builder.hpp\n'}
[0.796449] (px4_msgs) StdoutLine: {'line': b'-- Up-to-date: /home/maizaied03/ros2_ws/install/px4_msgs/include/px4_msgs/px4_msgs/msg/detail/logger_status__struct.hpp\n'}
[0.796482] (px4_msgs) StdoutLine: {'line': b'-- Up-to-date: /home/maizaied03/ros2_ws/install/px4_msgs/include/px4_msgs/px4_msgs/msg/detail/adc_report__type_support.hpp\n'}
[0.796515] (px4_msgs) StdoutLine: {'line': b'-- Up-to-date: /home/maizaied03/ros2_ws/install/px4_msgs/include/px4_msgs/px4_msgs/msg/detail/estimator_status__builder.hpp\n'}
[0.796548] (px4_msgs) StdoutLine: {'line': b'-- Up-to-date: /home/maizaied03/ros2_ws/install/px4_msgs/include/px4_msgs/px4_msgs/msg/detail/rc_channels__type_support.hpp\n'}
[0.796582] (px4_msgs) StdoutLine: {'line': b'-- Up-to-date: /home/maizaied03/ros2_ws/install/px4_msgs/include/px4_msgs/px4_msgs/msg/detail/led_control__type_support.hpp\n'}
[0.796615] (px4_msgs) StdoutLine: {'line': b'-- Up-to-date: /home/maizaied03/ros2_ws/install/px4_msgs/include/px4_msgs/px4_msgs/msg/detail/open_drone_id_system__type_support.hpp\n'}
[0.796670] (px4_msgs) StdoutLine: {'line': b'-- Up-to-date: /home/maizaied03/ros2_ws/install/px4_msgs/include/px4_msgs/px4_msgs/msg/detail/magnetometer_bias_estimate__struct.hpp\n'}
[0.796701] (px4_msgs) StdoutLine: {'line': b'-- Up-to-date: /home/maizaied03/ros2_ws/install/px4_msgs/include/px4_msgs/px4_msgs/msg/detail/vehicle_optical_flow_vel__builder.hpp\n'}
[0.796732] (px4_msgs) StdoutLine: {'line': b'-- Up-to-date: /home/maizaied03/ros2_ws/install/px4_msgs/include/px4_msgs/px4_msgs/msg/detail/magnetometer_bias_estimate__type_support.hpp\n'}
[0.796770] (px4_msgs) StdoutLine: {'line': b'-- Up-to-date: /home/maizaied03/ros2_ws/install/px4_msgs/include/px4_msgs/px4_msgs/msg/detail/sensors_status__type_support.hpp\n'}
[0.796806] (px4_msgs) StdoutLine: {'line': b'-- Up-to-date: /home/maizaied03/ros2_ws/install/px4_msgs/include/px4_msgs/px4_msgs/msg/detail/sensor_combined__type_support.hpp\n'}
[0.796837] (px4_msgs) StdoutLine: {'line': b'-- Up-to-date: /home/maizaied03/ros2_ws/install/px4_msgs/include/px4_msgs/px4_msgs/msg/detail/wind__traits.hpp\n'}
[0.796870] (px4_msgs) StdoutLine: {'line': b'-- Up-to-date: /home/maizaied03/ros2_ws/install/px4_msgs/include/px4_msgs/px4_msgs/msg/detail/camera_trigger__struct.hpp\n'}
[0.796902] (px4_msgs) StdoutLine: {'line': b'-- Up-to-date: /home/maizaied03/ros2_ws/install/px4_msgs/include/px4_msgs/px4_msgs/msg/detail/power_button_state__traits.hpp\n'}
[0.796935] (px4_msgs) StdoutLine: {'line': b'-- Up-to-date: /home/maizaied03/ros2_ws/install/px4_msgs/include/px4_msgs/px4_msgs/msg/detail/event__builder.hpp\n'}
[0.796970] (px4_msgs) StdoutLine: {'line': b'-- Up-to-date: /home/maizaied03/ros2_ws/install/px4_msgs/include/px4_msgs/px4_msgs/msg/detail/internal_combustion_engine_status__type_support.hpp\n'}
[0.797005] (px4_msgs) StdoutLine: {'line': b'-- Up-to-date: /home/maizaied03/ros2_ws/install/px4_msgs/include/px4_msgs/px4_msgs/msg/detail/sensor_gyro_fft__builder.hpp\n'}
[0.797049] (px4_msgs) StdoutLine: {'line': b'-- Up-to-date: /home/maizaied03/ros2_ws/install/px4_msgs/include/px4_msgs/px4_msgs/msg/detail/pure_pursuit_status__traits.hpp\n'}
[0.797081] (px4_msgs) StdoutLine: {'line': b'-- Up-to-date: /home/maizaied03/ros2_ws/install/px4_msgs/include/px4_msgs/px4_msgs/msg/detail/mag_worker_data__struct.hpp\n'}
[0.797112] (px4_msgs) StdoutLine: {'line': b'-- Up-to-date: /home/maizaied03/ros2_ws/install/px4_msgs/include/px4_msgs/px4_msgs/msg/detail/vehicle_optical_flow_vel__traits.hpp\n'}
[0.797143] (px4_msgs) StdoutLine: {'line': b'-- Up-to-date: /home/maizaied03/ros2_ws/install/px4_msgs/include/px4_msgs/px4_msgs/msg/detail/landing_target_innovations__builder.hpp\n'}
[0.797176] (px4_msgs) StdoutLine: {'line': b'-- Up-to-date: /home/maizaied03/ros2_ws/install/px4_msgs/include/px4_msgs/px4_msgs/msg/detail/gimbal_device_attitude_status__struct.hpp\n'}
[0.797209] (px4_msgs) StdoutLine: {'line': b'-- Up-to-date: /home/maizaied03/ros2_ws/install/px4_msgs/include/px4_msgs/px4_msgs/msg/detail/vehicle_attitude__builder.hpp\n'}
[0.797244] (px4_msgs) StdoutLine: {'line': b'-- Up-to-date: /home/maizaied03/ros2_ws/install/px4_msgs/include/px4_msgs/px4_msgs/msg/detail/rc_parameter_map__type_support.hpp\n'}
[0.797278] (px4_msgs) StdoutLine: {'line': b'-- Up-to-date: /home/maizaied03/ros2_ws/install/px4_msgs/include/px4_msgs/px4_msgs/msg/detail/parameter_reset_request__type_support.hpp\n'}
[0.797313] (px4_msgs) StdoutLine: {'line': b'-- Up-to-date: /home/maizaied03/ros2_ws/install/px4_msgs/include/px4_msgs/px4_msgs/msg/detail/trajectory_setpoint6dof__traits.hpp\n'}
[0.797353] (px4_msgs) StdoutLine: {'line': b'-- Up-to-date: /home/maizaied03/ros2_ws/install/px4_msgs/include/px4_msgs/px4_msgs/msg/detail/camera_trigger__builder.hpp\n'}
[0.797388] (px4_msgs) StdoutLine: {'line': b'-- Up-to-date: /home/maizaied03/ros2_ws/install/px4_msgs/include/px4_msgs/px4_msgs/msg/detail/differential_pressure__traits.hpp\n'}
[0.797449] (px4_msgs) StdoutLine: {'line': b'-- Up-to-date: /home/maizaied03/ros2_ws/install/px4_msgs/include/px4_msgs/px4_msgs/msg/detail/rover_attitude_setpoint__traits.hpp\n'}
[0.797484] (px4_msgs) StdoutLine: {'line': b'-- Up-to-date: /home/maizaied03/ros2_ws/install/px4_msgs/include/px4_msgs/px4_msgs/msg/detail/takeoff_status__builder.hpp\n'}
[0.797519] (px4_msgs) StdoutLine: {'line': b'-- Up-to-date: /home/maizaied03/ros2_ws/install/px4_msgs/include/px4_msgs/px4_msgs/msg/detail/vtx__type_support.hpp\n'}
[0.797553] (px4_msgs) StdoutLine: {'line': b'-- Up-to-date: /home/maizaied03/ros2_ws/install/px4_msgs/include/px4_msgs/px4_msgs/msg/detail/estimator_aid_source1d__builder.hpp\n'}
[0.797587] (px4_msgs) StdoutLine: {'line': b'-- Up-to-date: /home/maizaied03/ros2_ws/install/px4_msgs/include/px4_msgs/px4_msgs/msg/detail/mavlink_log__struct.hpp\n'}
[0.797621] (px4_msgs) StdoutLine: {'line': b'-- Up-to-date: /home/maizaied03/ros2_ws/install/px4_msgs/include/px4_msgs/px4_msgs/msg/detail/sensor_accel__traits.hpp\n'}
[0.797654] (px4_msgs) StdoutLine: {'line': b'-- Up-to-date: /home/maizaied03/ros2_ws/install/px4_msgs/include/px4_msgs/px4_msgs/msg/detail/debug_key_value__type_support.hpp\n'}
[0.797691] (px4_msgs) StdoutLine: {'line': b'-- Up-to-date: /home/maizaied03/ros2_ws/install/px4_msgs/include/px4_msgs/px4_msgs/msg/detail/generator_status__struct.hpp\n'}
[0.797725] (px4_msgs) StdoutLine: {'line': b'-- Up-to-date: /home/maizaied03/ros2_ws/install/px4_msgs/include/px4_msgs/px4_msgs/msg/detail/sensor_gnss_relative__struct.hpp\n'}
[0.797759] (px4_msgs) StdoutLine: {'line': b'-- Up-to-date: /home/maizaied03/ros2_ws/install/px4_msgs/include/px4_msgs/px4_msgs/msg/detail/navigator_status__struct.hpp\n'}
[0.797823] (px4_msgs) StdoutLine: {'line': b'-- Up-to-date: /home/maizaied03/ros2_ws/install/px4_msgs/include/px4_msgs/px4_msgs/msg/detail/onboard_computer_status__builder.hpp\n'}
[0.797858] (px4_msgs) StdoutLine: {'line': b'-- Up-to-date: /home/maizaied03/ros2_ws/install/px4_msgs/include/px4_msgs/px4_msgs/msg/detail/manual_control_setpoint__builder.hpp\n'}
[0.797891] (px4_msgs) StdoutLine: {'line': b'-- Up-to-date: /home/maizaied03/ros2_ws/install/px4_msgs/include/px4_msgs/px4_msgs/msg/detail/navigator_mission_item__builder.hpp\n'}
[0.797927] (px4_msgs) StdoutLine: {'line': b'-- Up-to-date: /home/maizaied03/ros2_ws/install/px4_msgs/include/px4_msgs/px4_msgs/msg/detail/gimbal_controls__type_support.hpp\n'}
[0.797961] (px4_msgs) StdoutLine: {'line': b'-- Up-to-date: /home/maizaied03/ros2_ws/install/px4_msgs/include/px4_msgs/px4_msgs/msg/detail/battery_status__traits.hpp\n'}
[0.797995] (px4_msgs) StdoutLine: {'line': b'-- Up-to-date: /home/maizaied03/ros2_ws/install/px4_msgs/include/px4_msgs/px4_msgs/msg/detail/gimbal_manager_set_manual_control__traits.hpp\n'}
[0.798029] (px4_msgs) StdoutLine: {'line': b'-- Up-to-date: /home/maizaied03/ros2_ws/install/px4_msgs/include/px4_msgs/px4_msgs/msg/detail/gpio_in__type_support.hpp\n'}
[0.798063] (px4_msgs) StdoutLine: {'line': b'-- Up-to-date: /home/maizaied03/ros2_ws/install/px4_msgs/include/px4_msgs/px4_msgs/msg/detail/trajectory_setpoint__traits.hpp\n'}
[0.798096] (px4_msgs) StdoutLine: {'line': b'-- Up-to-date: /home/maizaied03/ros2_ws/install/px4_msgs/include/px4_msgs/px4_msgs/msg/detail/fixed_wing_lateral_status__traits.hpp\n'}
[0.798130] (px4_msgs) StdoutLine: {'line': b'-- Up-to-date: /home/maizaied03/ros2_ws/install/px4_msgs/include/px4_msgs/px4_msgs/msg/detail/tecs_status__builder.hpp\n'}
[0.798164] (px4_msgs) StdoutLine: {'line': b'-- Up-to-date: /home/maizaied03/ros2_ws/install/px4_msgs/include/px4_msgs/px4_msgs/msg/detail/cpuload__struct.hpp\n'}
[0.798198] (px4_msgs) StdoutLine: {'line': b'-- Up-to-date: /home/maizaied03/ros2_ws/install/px4_msgs/include/px4_msgs/px4_msgs/msg/detail/arming_check_reply__struct.hpp\n'}
[0.798233] (px4_msgs) StdoutLine: {'line': b'-- Up-to-date: /home/maizaied03/ros2_ws/install/px4_msgs/include/px4_msgs/px4_msgs/msg/detail/parameter_set_used_request__traits.hpp\n'}
[0.798269] (px4_msgs) StdoutLine: {'line': b'-- Up-to-date: /home/maizaied03/ros2_ws/install/px4_msgs/include/px4_msgs/px4_msgs/msg/detail/sensor_gnss_status__builder.hpp\n'}
[0.798303] (px4_msgs) StdoutLine: {'line': b'-- Up-to-date: /home/maizaied03/ros2_ws/install/px4_msgs/include/px4_msgs/px4_msgs/msg/detail/camera_capture__traits.hpp\n'}
[0.798337] (px4_msgs) StdoutLine: {'line': b'-- Up-to-date: /home/maizaied03/ros2_ws/install/px4_msgs/include/px4_msgs/px4_msgs/msg/detail/dataman_response__traits.hpp\n'}
[0.798371] (px4_msgs) StdoutLine: {'line': b'-- Up-to-date: /home/maizaied03/ros2_ws/install/px4_msgs/include/px4_msgs/px4_msgs/msg/detail/landing_target_innovations__traits.hpp\n'}
[0.798405] (px4_msgs) StdoutLine: {'line': b'-- Up-to-date: /home/maizaied03/ros2_ws/install/px4_msgs/include/px4_msgs/px4_msgs/msg/detail/log_message__builder.hpp\n'}
[0.798439] (px4_msgs) StdoutLine: {'line': b'-- Up-to-date: /home/maizaied03/ros2_ws/install/px4_msgs/include/px4_msgs/px4_msgs/msg/detail/mode_completed__struct.hpp\n'}
[0.798475] (px4_msgs) StdoutLine: {'line': b'-- Up-to-date: /home/maizaied03/ros2_ws/install/px4_msgs/include/px4_msgs/px4_msgs/msg/detail/wind__type_support.hpp\n'}
[0.798510] (px4_msgs) StdoutLine: {'line': b'-- Up-to-date: /home/maizaied03/ros2_ws/install/px4_msgs/include/px4_msgs/px4_msgs/msg/detail/airspeed_validated__struct.hpp\n'}
[0.798544] (px4_msgs) StdoutLine: {'line': b'-- Up-to-date: /home/maizaied03/ros2_ws/install/px4_msgs/include/px4_msgs/px4_msgs/msg/detail/vehicle_thrust_setpoint__type_support.hpp\n'}
[0.798577] (px4_msgs) StdoutLine: {'line': b'-- Up-to-date: /home/maizaied03/ros2_ws/install/px4_msgs/include/px4_msgs/px4_msgs/msg/detail/sensors_status__struct.hpp\n'}
[0.798610] (px4_msgs) StdoutLine: {'line': b'-- Up-to-date: /home/maizaied03/ros2_ws/install/px4_msgs/include/px4_msgs/px4_msgs/msg/detail/internal_combustion_engine_status__traits.hpp\n'}
[0.798664] (px4_msgs) StdoutLine: {'line': b'-- Up-to-date: /home/maizaied03/ros2_ws/install/px4_msgs/include/px4_msgs/px4_msgs/msg/detail/fuel_tank_status__builder.hpp\n'}
[0.798697] (px4_msgs) StdoutLine: {'line': b'-- Up-to-date: /home/maizaied03/ros2_ws/install/px4_msgs/include/px4_msgs/px4_msgs/msg/detail/health_report__builder.hpp\n'}
[0.798731] (px4_msgs) StdoutLine: {'line': b'-- Up-to-date: /home/maizaied03/ros2_ws/install/px4_msgs/include/px4_msgs/px4_msgs/msg/detail/gimbal_manager_set_manual_control__struct.hpp\n'}
[0.798766] (px4_msgs) StdoutLine: {'line': b'-- Up-to-date: /home/maizaied03/ros2_ws/install/px4_msgs/include/px4_msgs/px4_msgs/msg/detail/telemetry_status__traits.hpp\n'}
[0.798803] (px4_msgs) StdoutLine: {'line': b'-- Up-to-date: /home/maizaied03/ros2_ws/install/px4_msgs/include/px4_msgs/px4_msgs/msg/detail/gimbal_manager_set_attitude__struct.hpp\n'}
[0.798835] (px4_msgs) StdoutLine: {'line': b'-- Up-to-date: /home/maizaied03/ros2_ws/install/px4_msgs/include/px4_msgs/px4_msgs/msg/detail/vehicle_status__traits.hpp\n'}
[0.798871] (px4_msgs) StdoutLine: {'line': b'-- Up-to-date: /home/maizaied03/ros2_ws/install/px4_msgs/include/px4_msgs/px4_msgs/msg/irlock_report.hpp\n'}
[0.798916] (px4_msgs) StdoutLine: {'line': b'-- Up-to-date: /home/maizaied03/ros2_ws/install/px4_msgs/include/px4_msgs/px4_msgs/msg/vtx.hpp\n'}
[0.798949] (px4_msgs) StdoutLine: {'line': b'-- Up-to-date: /home/maizaied03/ros2_ws/install/px4_msgs/include/px4_msgs/px4_msgs/msg/vehicle_optical_flow.hpp\n'}
[0.798986] (px4_msgs) StdoutLine: {'line': b'-- Up-to-date: /home/maizaied03/ros2_ws/install/px4_msgs/include/px4_msgs/px4_msgs/msg/system_power.hpp\n'}
[0.799017] (px4_msgs) StdoutLine: {'line': b'-- Up-to-date: /home/maizaied03/ros2_ws/install/px4_msgs/include/px4_msgs/px4_msgs/msg/button_event.hpp\n'}
[0.799049] (px4_msgs) StdoutLine: {'line': b'-- Up-to-date: /home/maizaied03/ros2_ws/install/px4_msgs/include/px4_msgs/px4_msgs/msg/vehicle_status.hpp\n'}
[0.799081] (px4_msgs) StdoutLine: {'line': b'-- Up-to-date: /home/maizaied03/ros2_ws/install/px4_msgs/include/px4_msgs/px4_msgs/msg/vehicle_imu.hpp\n'}
[0.799112] (px4_msgs) StdoutLine: {'line': b'-- Up-to-date: /home/maizaied03/ros2_ws/install/px4_msgs/include/px4_msgs/px4_msgs/msg/vehicle_roi.hpp\n'}
[0.799144] (px4_msgs) StdoutLine: {'line': b'-- Up-to-date: /home/maizaied03/ros2_ws/install/px4_msgs/include/px4_msgs/px4_msgs/msg/esc_status.hpp\n'}
[0.799180] (px4_msgs) StdoutLine: {'line': b'-- Up-to-date: /home/maizaied03/ros2_ws/install/px4_msgs/include/px4_msgs/px4_msgs/msg/gimbal_device_attitude_status.hpp\n'}
[0.799215] (px4_msgs) StdoutLine: {'line': b'-- Up-to-date: /home/maizaied03/ros2_ws/install/px4_msgs/include/px4_msgs/px4_msgs/msg/airspeed_validated.hpp\n'}
[0.799249] (px4_msgs) StdoutLine: {'line': b'-- Up-to-date: /home/maizaied03/ros2_ws/install/px4_msgs/include/px4_msgs/px4_msgs/msg/pps_capture.hpp\n'}
[0.799283] (px4_msgs) StdoutLine: {'line': b'-- Up-to-date: /home/maizaied03/ros2_ws/install/px4_msgs/include/px4_msgs/px4_msgs/msg/led_control.hpp\n'}
[0.799317] (px4_msgs) StdoutLine: {'line': b'-- Up-to-date: /home/maizaied03/ros2_ws/install/px4_msgs/include/px4_msgs/px4_msgs/msg/battery_status.hpp\n'}
[0.799351] (px4_msgs) StdoutLine: {'line': b'-- Up-to-date: /home/maizaied03/ros2_ws/install/px4_msgs/include/px4_msgs/px4_msgs/msg/vehicle_torque_setpoint.hpp\n'}
[0.799384] (px4_msgs) StdoutLine: {'line': b'-- Up-to-date: /home/maizaied03/ros2_ws/install/px4_msgs/include/px4_msgs/px4_msgs/msg/vehicle_land_detected.hpp\n'}
[0.799418] (px4_msgs) StdoutLine: {'line': b'-- Up-to-date: /home/maizaied03/ros2_ws/install/px4_msgs/include/px4_msgs/px4_msgs/msg/vehicle_angular_velocity.hpp\n'}
[0.799467] (px4_msgs) StdoutLine: {'line': b'-- Up-to-date: /home/maizaied03/ros2_ws/install/px4_msgs/include/px4_msgs/px4_msgs/msg/raptor_input.hpp\n'}
[0.799499] (px4_msgs) StdoutLine: {'line': b'-- Up-to-date: /home/maizaied03/ros2_ws/install/px4_msgs/include/px4_msgs/px4_msgs/msg/gripper.hpp\n'}
[0.799540] (px4_msgs) StdoutLine: {'line': b'-- Up-to-date: /home/maizaied03/ros2_ws/install/px4_msgs/include/px4_msgs/px4_msgs/msg/vehicle_local_position_setpoint.hpp\n'}
[0.799572] (px4_msgs) StdoutLine: {'line': b'-- Up-to-date: /home/maizaied03/ros2_ws/install/px4_msgs/include/px4_msgs/px4_msgs/msg/telemetry_status.hpp\n'}
[0.799603] (px4_msgs) StdoutLine: {'line': b'-- Up-to-date: /home/maizaied03/ros2_ws/install/px4_msgs/include/px4_msgs/px4_msgs/msg/vehicle_rates_setpoint.hpp\n'}
[0.799637] (px4_msgs) StdoutLine: {'line': b'-- Up-to-date: /home/maizaied03/ros2_ws/install/px4_msgs/include/px4_msgs/px4_msgs/msg/landing_gear.hpp\n'}
[0.799668] (px4_msgs) StdoutLine: {'line': b'-- Up-to-date: /home/maizaied03/ros2_ws/install/px4_msgs/include/px4_msgs/px4_msgs/msg/vtol_vehicle_status.hpp\n'}
[0.799699] (px4_msgs) StdoutLine: {'line': b'-- Up-to-date: /home/maizaied03/ros2_ws/install/px4_msgs/include/px4_msgs/px4_msgs/msg/mag_worker_data.hpp\n'}
[0.799731] (px4_msgs) StdoutLine: {'line': b'-- Up-to-date: /home/maizaied03/ros2_ws/install/px4_msgs/include/px4_msgs/px4_msgs/msg/manual_control_setpoint.hpp\n'}
[0.799762] (px4_msgs) StdoutLine: {'line': b'-- Up-to-date: /home/maizaied03/ros2_ws/install/px4_msgs/include/px4_msgs/px4_msgs/msg/rpm.hpp\n'}
[0.799800] (px4_msgs) StdoutLine: {'line': b'-- Up-to-date: /home/maizaied03/ros2_ws/install/px4_msgs/include/px4_msgs/px4_msgs/msg/mission_result.hpp\n'}
[0.799831] (px4_msgs) StdoutLine: {'line': b'-- Up-to-date: /home/maizaied03/ros2_ws/install/px4_msgs/include/px4_msgs/px4_msgs/msg/rtl_status.hpp\n'}
[0.799867] (px4_msgs) StdoutLine: {'line': b'-- Up-to-date: /home/maizaied03/ros2_ws/install/px4_msgs/include/px4_msgs/px4_msgs/msg/pwm_input.hpp\n'}
[0.799901] (px4_msgs) StdoutLine: {'line': b'-- Up-to-date: /home/maizaied03/ros2_ws/install/px4_msgs/include/px4_msgs/px4_msgs/msg/gps_inject_data.hpp\n'}
[0.799935] (px4_msgs) StdoutLine: {'line': b'-- Up-to-date: /home/maizaied03/ros2_ws/install/px4_msgs/include/px4_msgs/px4_msgs/msg/debug_vect.hpp\n'}
[0.799968] (px4_msgs) StdoutLine: {'line': b'-- Up-to-date: /home/maizaied03/ros2_ws/install/px4_msgs/include/px4_msgs/px4_msgs/msg/register_ext_component_request.hpp\n'}
[0.800001] (px4_msgs) StdoutLine: {'line': b'-- Up-to-date: /home/maizaied03/ros2_ws/install/px4_msgs/include/px4_msgs/px4_msgs/msg/debug_key_value.hpp\n'}
[0.800035] (px4_msgs) StdoutLine: {'line': b'-- Up-to-date: /home/maizaied03/ros2_ws/install/px4_msgs/include/px4_msgs/px4_msgs/msg/sensor_gyro_fft.hpp\n'}
[0.800068] (px4_msgs) StdoutLine: {'line': b'-- Up-to-date: /home/maizaied03/ros2_ws/install/px4_msgs/include/px4_msgs/px4_msgs/msg/rover_speed_setpoint.hpp\n'}
[0.800102] (px4_msgs) StdoutLine: {'line': b'-- Up-to-date: /home/maizaied03/ros2_ws/install/px4_msgs/include/px4_msgs/px4_msgs/msg/qshell_req.hpp\n'}
[0.800175] (px4_msgs) StdoutLine: {'line': b'-- Up-to-date: /home/maizaied03/ros2_ws/install/px4_msgs/include/px4_msgs/px4_msgs/msg/mode_completed.hpp\n'}
[0.800223] (px4_msgs) StdoutLine: {'line': b'-- Up-to-date: /home/maizaied03/ros2_ws/install/px4_msgs/include/px4_msgs/px4_msgs/msg/fixed_wing_lateral_guidance_status.hpp\n'}
[0.800255] (px4_msgs) StdoutLine: {'line': b'-- Up-to-date: /home/maizaied03/ros2_ws/install/px4_msgs/include/px4_msgs/px4_msgs/msg/actuator_servos.hpp\n'}
[0.800293] (px4_msgs) StdoutLine: {'line': b'-- Up-to-date: /home/maizaied03/ros2_ws/install/px4_msgs/include/px4_msgs/px4_msgs/msg/failsafe_flags.hpp\n'}
[0.800337] (px4_msgs) StdoutLine: {'line': b'-- Up-to-date: /home/maizaied03/ros2_ws/install/px4_msgs/include/px4_msgs/px4_msgs/msg/power_button_state.hpp\n'}
[0.800386] (px4_msgs) StdoutLine: {'line': b'-- Up-to-date: /home/maizaied03/ros2_ws/install/px4_msgs/include/px4_msgs/px4_msgs/msg/landing_target_innovations.hpp\n'}
[0.800428] (px4_msgs) StdoutLine: {'line': b'-- Up-to-date: /home/maizaied03/ros2_ws/install/px4_msgs/include/px4_msgs/px4_msgs/msg/estimator_bias.hpp\n'}
[0.800463] (px4_msgs) StdoutLine: {'line': b'-- Up-to-date: /home/maizaied03/ros2_ws/install/px4_msgs/include/px4_msgs/px4_msgs/msg/mission.hpp\n'}
[0.800497] (px4_msgs) StdoutLine: {'line': b'-- Up-to-date: /home/maizaied03/ros2_ws/install/px4_msgs/include/px4_msgs/px4_msgs/msg/vehicle_command_ack.hpp\n'}
[0.800548] (px4_msgs) StdoutLine: {'line': b'-- Up-to-date: /home/maizaied03/ros2_ws/install/px4_msgs/include/px4_msgs/px4_msgs/msg/follow_target.hpp\n'}
[0.800589] (px4_msgs) StdoutLine: {'line': b'-- Up-to-date: /home/maizaied03/ros2_ws/install/px4_msgs/include/px4_msgs/px4_msgs/msg/open_drone_id_arm_status.hpp\n'}
[0.800628] (px4_msgs) StdoutLine: {'line': b'-- Up-to-date: /home/maizaied03/ros2_ws/install/px4_msgs/include/px4_msgs/px4_msgs/msg/geofence_result.hpp\n'}
[0.800668] (px4_msgs) StdoutLine: {'line': b'-- Up-to-date: /home/maizaied03/ros2_ws/install/px4_msgs/include/px4_msgs/px4_msgs/msg/fixed_wing_lateral_setpoint.hpp\n'}
[0.800705] (px4_msgs) StdoutLine: {'line': b'-- Up-to-date: /home/maizaied03/ros2_ws/install/px4_msgs/include/px4_msgs/px4_msgs/msg/rc_parameter_map.hpp\n'}
[0.800757] (px4_msgs) StdoutLine: {'line': b'-- Up-to-date: /home/maizaied03/ros2_ws/install/px4_msgs/include/px4_msgs/px4_msgs/msg/ping.hpp\n'}
[0.800810] (px4_msgs) StdoutLine: {'line': b'-- Up-to-date: /home/maizaied03/ros2_ws/install/px4_msgs/include/px4_msgs/px4_msgs/msg/device_information.hpp\n'}
[0.800863] (px4_msgs) StdoutLine: {'line': b'-- Up-to-date: /home/maizaied03/ros2_ws/install/px4_msgs/include/px4_msgs/px4_msgs/msg/sensor_hygrometer.hpp\n'}
[0.800915] (px4_msgs) StdoutLine: {'line': b'-- Up-to-date: /home/maizaied03/ros2_ws/install/px4_msgs/include/px4_msgs/px4_msgs/msg/trajectory_setpoint6dof.hpp\n'}
[0.800952] (px4_msgs) StdoutLine: {'line': b'-- Up-to-date: /home/maizaied03/ros2_ws/install/px4_msgs/include/px4_msgs/px4_msgs/msg/yaw_estimator_status.hpp\n'}
[0.800983] (-) TimerEvent: {}
[0.801069] (px4_msgs) StdoutLine: {'line': b'-- Up-to-date: /home/maizaied03/ros2_ws/install/px4_msgs/include/px4_msgs/px4_msgs/msg/control_allocator_status.hpp\n'}
[0.801108] (px4_msgs) StdoutLine: {'line': b'-- Up-to-date: /home/maizaied03/ros2_ws/install/px4_msgs/include/px4_msgs/px4_msgs/msg/power_monitor.hpp\n'}
[0.801142] (px4_msgs) StdoutLine: {'line': b'-- Up-to-date: /home/maizaied03/ros2_ws/install/px4_msgs/include/px4_msgs/px4_msgs/msg/estimator_bias3d.hpp\n'}
[0.801174] (px4_msgs) StdoutLine: {'line': b'-- Up-to-date: /home/maizaied03/ros2_ws/install/px4_msgs/include/px4_msgs/px4_msgs/msg/sensors_status.hpp\n'}
[0.801208] (px4_msgs) StdoutLine: {'line': b'-- Up-to-date: /home/maizaied03/ros2_ws/install/px4_msgs/include/px4_msgs/px4_msgs/msg/magnetometer_bias_estimate.hpp\n'}
[0.801244] (px4_msgs) StdoutLine: {'line': b'-- Up-to-date: /home/maizaied03/ros2_ws/install/px4_msgs/include/px4_msgs/px4_msgs/msg/offboard_control_mode.hpp\n'}
[0.801278] (px4_msgs) StdoutLine: {'line': b'-- Up-to-date: /home/maizaied03/ros2_ws/install/px4_msgs/include/px4_msgs/px4_msgs/msg/orb_test_medium.hpp\n'}
[0.801312] (px4_msgs) StdoutLine: {'line': b'-- Up-to-date: /home/maizaied03/ros2_ws/install/px4_msgs/include/px4_msgs/px4_msgs/msg/sensor_gnss_status.hpp\n'}
[0.801346] (px4_msgs) StdoutLine: {'line': b'-- Up-to-date: /home/maizaied03/ros2_ws/install/px4_msgs/include/px4_msgs/px4_msgs/msg/vehicle_acceleration.hpp\n'}
[0.801380] (px4_msgs) StdoutLine: {'line': b'-- Up-to-date: /home/maizaied03/ros2_ws/install/px4_msgs/include/px4_msgs/px4_msgs/msg/actuator_controls_status.hpp\n'}
[0.801415] (px4_msgs) StdoutLine: {'line': b'-- Up-to-date: /home/maizaied03/ros2_ws/install/px4_msgs/include/px4_msgs/px4_msgs/msg/gain_compression.hpp\n'}
[0.801449] (px4_msgs) StdoutLine: {'line': b'-- Up-to-date: /home/maizaied03/ros2_ws/install/px4_msgs/include/px4_msgs/px4_msgs/srv\n'}
[0.801482] (px4_msgs) StdoutLine: {'line': b'-- Up-to-date: /home/maizaied03/ros2_ws/install/px4_msgs/include/px4_msgs/px4_msgs/srv/vehicle_command.hpp\n'}
[0.801516] (px4_msgs) StdoutLine: {'line': b'-- Up-to-date: /home/maizaied03/ros2_ws/install/px4_msgs/include/px4_msgs/px4_msgs/srv/detail\n'}
[0.801550] (px4_msgs) StdoutLine: {'line': b'-- Up-to-date: /home/maizaied03/ros2_ws/install/px4_msgs/include/px4_msgs/px4_msgs/srv/detail/vehicle_command__type_support.hpp\n'}
[0.801598] (px4_msgs) StdoutLine: {'line': b'-- Up-to-date: /home/maizaied03/ros2_ws/install/px4_msgs/include/px4_msgs/px4_msgs/srv/detail/vehicle_command__traits.hpp\n'}
[0.801635] (px4_msgs) StdoutLine: {'line': b'-- Up-to-date: /home/maizaied03/ros2_ws/install/px4_msgs/include/px4_msgs/px4_msgs/srv/detail/vehicle_command__struct.hpp\n'}
[0.801676] (px4_msgs) StdoutLine: {'line': b'-- Up-to-date: /home/maizaied03/ros2_ws/install/px4_msgs/include/px4_msgs/px4_msgs/srv/detail/vehicle_command__builder.hpp\n'}
[0.801709] (px4_msgs) StdoutLine: {'line': b'-- Up-to-date: /home/maizaied03/ros2_ws/install/px4_msgs/include/px4_msgs/px4_msgs\n'}
[0.801741] (px4_msgs) StdoutLine: {'line': b'-- Up-to-date: /home/maizaied03/ros2_ws/install/px4_msgs/include/px4_msgs/px4_msgs/msg\n'}
[0.801780] (px4_msgs) StdoutLine: {'line': b'-- Up-to-date: /home/maizaied03/ros2_ws/install/px4_msgs/include/px4_msgs/px4_msgs/msg/rosidl_typesupport_fastrtps_cpp__visibility_control.h\n'}
[0.801814] (px4_msgs) StdoutLine: {'line': b'-- Up-to-date: /home/maizaied03/ros2_ws/install/px4_msgs/include/px4_msgs/px4_msgs/msg/detail\n'}
[0.801850] (px4_msgs) StdoutLine: {'line': b'-- Up-to-date: /home/maizaied03/ros2_ws/install/px4_msgs/include/px4_msgs/px4_msgs/msg/detail/landing_gear__rosidl_typesupport_fastrtps_cpp.hpp\n'}
[0.801882] (px4_msgs) StdoutLine: {'line': b'-- Up-to-date: /home/maizaied03/ros2_ws/install/px4_msgs/include/px4_msgs/px4_msgs/msg/detail/landing_target_pose__rosidl_typesupport_fastrtps_cpp.hpp\n'}
[0.801913] (px4_msgs) StdoutLine: {'line': b'-- Up-to-date: /home/maizaied03/ros2_ws/install/px4_msgs/include/px4_msgs/px4_msgs/msg/detail/follow_target__rosidl_typesupport_fastrtps_cpp.hpp\n'}
[0.801949] (px4_msgs) StdoutLine: {'line': b'-- Up-to-date: /home/maizaied03/ros2_ws/install/px4_msgs/include/px4_msgs/px4_msgs/msg/detail/goto_setpoint__rosidl_typesupport_fastrtps_cpp.hpp\n'}
[0.801983] (px4_msgs) StdoutLine: {'line': b'-- Up-to-date: /home/maizaied03/ros2_ws/install/px4_msgs/include/px4_msgs/px4_msgs/msg/detail/figure_eight_status__rosidl_typesupport_fastrtps_cpp.hpp\n'}
[0.802017] (px4_msgs) StdoutLine: {'line': b'-- Up-to-date: /home/maizaied03/ros2_ws/install/px4_msgs/include/px4_msgs/px4_msgs/msg/detail/cellular_status__rosidl_typesupport_fastrtps_cpp.hpp\n'}
[0.802051] (px4_msgs) StdoutLine: {'line': b'-- Up-to-date: /home/maizaied03/ros2_ws/install/px4_msgs/include/px4_msgs/px4_msgs/msg/detail/mavlink_tunnel__rosidl_typesupport_fastrtps_cpp.hpp\n'}
[0.802086] (px4_msgs) StdoutLine: {'line': b'-- Up-to-date: /home/maizaied03/ros2_ws/install/px4_msgs/include/px4_msgs/px4_msgs/msg/detail/gimbal_manager_information__rosidl_typesupport_fastrtps_cpp.hpp\n'}
[0.802123] (px4_msgs) StdoutLine: {'line': b'-- Up-to-date: /home/maizaied03/ros2_ws/install/px4_msgs/include/px4_msgs/px4_msgs/msg/detail/task_stack_info__rosidl_typesupport_fastrtps_cpp.hpp\n'}
[0.802157] (px4_msgs) StdoutLine: {'line': b'-- Up-to-date: /home/maizaied03/ros2_ws/install/px4_msgs/include/px4_msgs/px4_msgs/msg/detail/parameter_reset_request__rosidl_typesupport_fastrtps_cpp.hpp\n'}
[0.802191] (px4_msgs) StdoutLine: {'line': b'-- Up-to-date: /home/maizaied03/ros2_ws/install/px4_msgs/include/px4_msgs/px4_msgs/msg/detail/magnetometer_bias_estimate__rosidl_typesupport_fastrtps_cpp.hpp\n'}
[0.802224] (px4_msgs) StdoutLine: {'line': b'-- Up-to-date: /home/maizaied03/ros2_ws/install/px4_msgs/include/px4_msgs/px4_msgs/msg/detail/uavcan_parameter_request__rosidl_typesupport_fastrtps_cpp.hpp\n'}
[0.802259] (px4_msgs) StdoutLine: {'line': b'-- Up-to-date: /home/maizaied03/ros2_ws/install/px4_msgs/include/px4_msgs/px4_msgs/msg/detail/onboard_computer_status__rosidl_typesupport_fastrtps_cpp.hpp\n'}
[0.802295] (px4_msgs) StdoutLine: {'line': b'-- Up-to-date: /home/maizaied03/ros2_ws/install/px4_msgs/include/px4_msgs/px4_msgs/msg/detail/landing_gear_wheel__rosidl_typesupport_fastrtps_cpp.hpp\n'}
[0.802328] (px4_msgs) StdoutLine: {'line': b'-- Up-to-date: /home/maizaied03/ros2_ws/install/px4_msgs/include/px4_msgs/px4_msgs/msg/detail/qshell_retval__rosidl_typesupport_fastrtps_cpp.hpp\n'}
[0.802362] (px4_msgs) StdoutLine: {'line': b'-- Up-to-date: /home/maizaied03/ros2_ws/install/px4_msgs/include/px4_msgs/px4_msgs/msg/detail/control_allocator_status__rosidl_typesupport_fastrtps_cpp.hpp\n'}
[0.802396] (px4_msgs) StdoutLine: {'line': b'-- Up-to-date: /home/maizaied03/ros2_ws/install/px4_msgs/include/px4_msgs/px4_msgs/msg/detail/qshell_req__rosidl_typesupport_fastrtps_cpp.hpp\n'}
[0.802445] (px4_msgs) StdoutLine: {'line': b'-- Up-to-date: /home/maizaied03/ros2_ws/install/px4_msgs/include/px4_msgs/px4_msgs/msg/detail/lateral_control_configuration__rosidl_typesupport_fastrtps_cpp.hpp\n'}
[0.802493] (px4_msgs) StdoutLine: {'line': b'-- Up-to-date: /home/maizaied03/ros2_ws/install/px4_msgs/include/px4_msgs/px4_msgs/msg/detail/raptor_status__rosidl_typesupport_fastrtps_cpp.hpp\n'}
[0.802554] (px4_msgs) StdoutLine: {'line': b'-- Up-to-date: /home/maizaied03/ros2_ws/install/px4_msgs/include/px4_msgs/px4_msgs/msg/detail/vehicle_magnetometer__rosidl_typesupport_fastrtps_cpp.hpp\n'}
[0.802591] (px4_msgs) StdoutLine: {'line': b'-- Up-to-date: /home/maizaied03/ros2_ws/install/px4_msgs/include/px4_msgs/px4_msgs/msg/detail/sensor_gnss_relative__rosidl_typesupport_fastrtps_cpp.hpp\n'}
[0.802632] (px4_msgs) StdoutLine: {'line': b'-- Up-to-date: /home/maizaied03/ros2_ws/install/px4_msgs/include/px4_msgs/px4_msgs/msg/detail/airspeed_wind__rosidl_typesupport_fastrtps_cpp.hpp\n'}
[0.802665] (px4_msgs) StdoutLine: {'line': b'-- Up-to-date: /home/maizaied03/ros2_ws/install/px4_msgs/include/px4_msgs/px4_msgs/msg/detail/normalized_unsigned_setpoint__rosidl_typesupport_fastrtps_cpp.hpp\n'}
[0.802701] (px4_msgs) StdoutLine: {'line': b'-- Up-to-date: /home/maizaied03/ros2_ws/install/px4_msgs/include/px4_msgs/px4_msgs/msg/detail/mag_worker_data__rosidl_typesupport_fastrtps_cpp.hpp\n'}
[0.802741] (px4_msgs) StdoutLine: {'line': b'-- Up-to-date: /home/maizaied03/ros2_ws/install/px4_msgs/include/px4_msgs/px4_msgs/msg/detail/rover_speed_setpoint__rosidl_typesupport_fastrtps_cpp.hpp\n'}
[0.802786] (px4_msgs) StdoutLine: {'line': b'-- Up-to-date: /home/maizaied03/ros2_ws/install/px4_msgs/include/px4_msgs/px4_msgs/msg/detail/debug_vect__rosidl_typesupport_fastrtps_cpp.hpp\n'}
[0.802824] (px4_msgs) StdoutLine: {'line': b'-- Up-to-date: /home/maizaied03/ros2_ws/install/px4_msgs/include/px4_msgs/px4_msgs/msg/detail/rc_parameter_map__rosidl_typesupport_fastrtps_cpp.hpp\n'}
[0.802859] (px4_msgs) StdoutLine: {'line': b'-- Up-to-date: /home/maizaied03/ros2_ws/install/px4_msgs/include/px4_msgs/px4_msgs/msg/detail/vehicle_imu_status__rosidl_typesupport_fastrtps_cpp.hpp\n'}
[0.802910] (px4_msgs) StdoutLine: {'line': b'-- Up-to-date: /home/maizaied03/ros2_ws/install/px4_msgs/include/px4_msgs/px4_msgs/msg/detail/home_position__rosidl_typesupport_fastrtps_cpp.hpp\n'}
[0.802942] (px4_msgs) StdoutLine: {'line': b'-- Up-to-date: /home/maizaied03/ros2_ws/install/px4_msgs/include/px4_msgs/px4_msgs/msg/detail/rover_rate_setpoint__rosidl_typesupport_fastrtps_cpp.hpp\n'}
[0.802975] (px4_msgs) StdoutLine: {'line': b'-- Up-to-date: /home/maizaied03/ros2_ws/install/px4_msgs/include/px4_msgs/px4_msgs/msg/detail/parameter_update__rosidl_typesupport_fastrtps_cpp.hpp\n'}
[0.803007] (px4_msgs) StdoutLine: {'line': b'-- Up-to-date: /home/maizaied03/ros2_ws/install/px4_msgs/include/px4_msgs/px4_msgs/msg/detail/trajectory_setpoint__rosidl_typesupport_fastrtps_cpp.hpp\n'}
[0.803043] (px4_msgs) StdoutLine: {'line': b'-- Up-to-date: /home/maizaied03/ros2_ws/install/px4_msgs/include/px4_msgs/px4_msgs/msg/detail/open_drone_id_system__rosidl_typesupport_fastrtps_cpp.hpp\n'}
[0.803077] (px4_msgs) StdoutLine: {'line': b'-- Up-to-date: /home/maizaied03/ros2_ws/install/px4_msgs/include/px4_msgs/px4_msgs/msg/detail/sensor_gyro__rosidl_typesupport_fastrtps_cpp.hpp\n'}
[0.803111] (px4_msgs) StdoutLine: {'line': b'-- Up-to-date: /home/maizaied03/ros2_ws/install/px4_msgs/include/px4_msgs/px4_msgs/msg/detail/landing_target_innovations__rosidl_typesupport_fastrtps_cpp.hpp\n'}
[0.803146] (px4_msgs) StdoutLine: {'line': b'-- Up-to-date: /home/maizaied03/ros2_ws/install/px4_msgs/include/px4_msgs/px4_msgs/msg/detail/navigator_status__rosidl_typesupport_fastrtps_cpp.hpp\n'}
[0.803180] (px4_msgs) StdoutLine: {'line': b'-- Up-to-date: /home/maizaied03/ros2_ws/install/px4_msgs/include/px4_msgs/px4_msgs/msg/detail/orbit_status__rosidl_typesupport_fastrtps_cpp.hpp\n'}
[0.803217] (px4_msgs) StdoutLine: {'line': b'-- Up-to-date: /home/maizaied03/ros2_ws/install/px4_msgs/include/px4_msgs/px4_msgs/msg/detail/wind__rosidl_typesupport_fastrtps_cpp.hpp\n'}
[0.803266] (px4_msgs) StdoutLine: {'line': b'-- Up-to-date: /home/maizaied03/ros2_ws/install/px4_msgs/include/px4_msgs/px4_msgs/msg/detail/estimator_bias3d__rosidl_typesupport_fastrtps_cpp.hpp\n'}
[0.803297] (px4_msgs) StdoutLine: {'line': b'-- Up-to-date: /home/maizaied03/ros2_ws/install/px4_msgs/include/px4_msgs/px4_msgs/msg/detail/input_rc__rosidl_typesupport_fastrtps_cpp.hpp\n'}
[0.803329] (px4_msgs) StdoutLine: {'line': b'-- Up-to-date: /home/maizaied03/ros2_ws/install/px4_msgs/include/px4_msgs/px4_msgs/msg/detail/iridiumsbd_status__rosidl_typesupport_fastrtps_cpp.hpp\n'}
[0.803360] (px4_msgs) StdoutLine: {'line': b'-- Up-to-date: /home/maizaied03/ros2_ws/install/px4_msgs/include/px4_msgs/px4_msgs/msg/detail/gimbal_controls__rosidl_typesupport_fastrtps_cpp.hpp\n'}
[0.803392] (px4_msgs) StdoutLine: {'line': b'-- Up-to-date: /home/maizaied03/ros2_ws/install/px4_msgs/include/px4_msgs/px4_msgs/msg/detail/open_drone_id_arm_status__rosidl_typesupport_fastrtps_cpp.hpp\n'}
[0.803425] (px4_msgs) StdoutLine: {'line': b'-- Up-to-date: /home/maizaied03/ros2_ws/install/px4_msgs/include/px4_msgs/px4_msgs/msg/detail/can_interface_status__rosidl_typesupport_fastrtps_cpp.hpp\n'}
[0.803460] (px4_msgs) StdoutLine: {'line': b'-- Up-to-date: /home/maizaied03/ros2_ws/install/px4_msgs/include/px4_msgs/px4_msgs/msg/detail/rover_attitude_setpoint__rosidl_typesupport_fastrtps_cpp.hpp\n'}
[0.803494] (px4_msgs) StdoutLine: {'line': b'-- Up-to-date: /home/maizaied03/ros2_ws/install/px4_msgs/include/px4_msgs/px4_msgs/msg/detail/rc_channels__rosidl_typesupport_fastrtps_cpp.hpp\n'}
[0.803528] (px4_msgs) StdoutLine: {'line': b'-- Up-to-date: /home/maizaied03/ros2_ws/install/px4_msgs/include/px4_msgs/px4_msgs/msg/detail/sensor_gnss_status__rosidl_typesupport_fastrtps_cpp.hpp\n'}
[0.803572] (px4_msgs) StdoutLine: {'line': b'-- Up-to-date: /home/maizaied03/ros2_ws/install/px4_msgs/include/px4_msgs/px4_msgs/msg/detail/actuator_controls_status__rosidl_typesupport_fastrtps_cpp.hpp\n'}
[0.803606] (px4_msgs) StdoutLine: {'line': b'-- Up-to-date: /home/maizaied03/ros2_ws/install/px4_msgs/include/px4_msgs/px4_msgs/msg/detail/internal_combustion_engine_status__rosidl_typesupport_fastrtps_cpp.hpp\n'}
[0.803638] (px4_msgs) StdoutLine: {'line': b'-- Up-to-date: /home/maizaied03/ros2_ws/install/px4_msgs/include/px4_msgs/px4_msgs/msg/detail/tecs_status__rosidl_typesupport_fastrtps_cpp.hpp\n'}
[0.803670] (px4_msgs) StdoutLine: {'line': b'-- Up-to-date: /home/maizaied03/ros2_ws/install/px4_msgs/include/px4_msgs/px4_msgs/msg/detail/telemetry_status__rosidl_typesupport_fastrtps_cpp.hpp\n'}
[0.803702] (px4_msgs) StdoutLine: {'line': b'-- Up-to-date: /home/maizaied03/ros2_ws/install/px4_msgs/include/px4_msgs/px4_msgs/msg/detail/vehicle_imu__rosidl_typesupport_fastrtps_cpp.hpp\n'}
[0.803737] (px4_msgs) StdoutLine: {'line': b'-- Up-to-date: /home/maizaied03/ros2_ws/install/px4_msgs/include/px4_msgs/px4_msgs/msg/detail/system_power__rosidl_typesupport_fastrtps_cpp.hpp\n'}
[0.803775] (px4_msgs) StdoutLine: {'line': b'-- Up-to-date: /home/maizaied03/ros2_ws/install/px4_msgs/include/px4_msgs/px4_msgs/msg/detail/power_button_state__rosidl_typesupport_fastrtps_cpp.hpp\n'}
[0.803820] (px4_msgs) StdoutLine: {'line': b'-- Up-to-date: /home/maizaied03/ros2_ws/install/px4_msgs/include/px4_msgs/px4_msgs/msg/detail/autotune_attitude_control_status__rosidl_typesupport_fastrtps_cpp.hpp\n'}
[0.803859] (px4_msgs) StdoutLine: {'line': b'-- Up-to-date: /home/maizaied03/ros2_ws/install/px4_msgs/include/px4_msgs/px4_msgs/msg/detail/raptor_input__rosidl_typesupport_fastrtps_cpp.hpp\n'}
[0.803891] (px4_msgs) StdoutLine: {'line': b'-- Up-to-date: /home/maizaied03/ros2_ws/install/px4_msgs/include/px4_msgs/px4_msgs/msg/detail/distance_sensor__rosidl_typesupport_fastrtps_cpp.hpp\n'}
[0.803924] (px4_msgs) StdoutLine: {'line': b'-- Up-to-date: /home/maizaied03/ros2_ws/install/px4_msgs/include/px4_msgs/px4_msgs/msg/detail/hover_thrust_estimate__rosidl_typesupport_fastrtps_cpp.hpp\n'}
[0.803963] (px4_msgs) StdoutLine: {'line': b'-- Up-to-date: /home/maizaied03/ros2_ws/install/px4_msgs/include/px4_msgs/px4_msgs/msg/detail/rover_attitude_status__rosidl_typesupport_fastrtps_cpp.hpp\n'}
[0.803997] (px4_msgs) StdoutLine: {'line': b'-- Up-to-date: /home/maizaied03/ros2_ws/install/px4_msgs/include/px4_msgs/px4_msgs/msg/detail/actuator_servos__rosidl_typesupport_fastrtps_cpp.hpp\n'}
[0.804031] (px4_msgs) StdoutLine: {'line': b'-- Up-to-date: /home/maizaied03/ros2_ws/install/px4_msgs/include/px4_msgs/px4_msgs/msg/detail/navigator_mission_item__rosidl_typesupport_fastrtps_cpp.hpp\n'}
[0.804064] (px4_msgs) StdoutLine: {'line': b'-- Up-to-date: /home/maizaied03/ros2_ws/install/px4_msgs/include/px4_msgs/px4_msgs/msg/detail/estimator_sensor_bias__rosidl_typesupport_fastrtps_cpp.hpp\n'}
[0.804098] (px4_msgs) StdoutLine: {'line': b'-- Up-to-date: /home/maizaied03/ros2_ws/install/px4_msgs/include/px4_msgs/px4_msgs/msg/detail/open_drone_id_operator_id__rosidl_typesupport_fastrtps_cpp.hpp\n'}
[0.804133] (px4_msgs) StdoutLine: {'line': b'-- Up-to-date: /home/maizaied03/ros2_ws/install/px4_msgs/include/px4_msgs/px4_msgs/msg/detail/sensor_correction__rosidl_typesupport_fastrtps_cpp.hpp\n'}
[0.804168] (px4_msgs) StdoutLine: {'line': b'-- Up-to-date: /home/maizaied03/ros2_ws/install/px4_msgs/include/px4_msgs/px4_msgs/msg/detail/rpm__rosidl_typesupport_fastrtps_cpp.hpp\n'}
[0.804201] (px4_msgs) StdoutLine: {'line': b'-- Up-to-date: /home/maizaied03/ros2_ws/install/px4_msgs/include/px4_msgs/px4_msgs/msg/detail/rover_throttle_setpoint__rosidl_typesupport_fastrtps_cpp.hpp\n'}
[0.804235] (px4_msgs) StdoutLine: {'line': b'-- Up-to-date: /home/maizaied03/ros2_ws/install/px4_msgs/include/px4_msgs/px4_msgs/msg/detail/transponder_report__rosidl_typesupport_fastrtps_cpp.hpp\n'}
[0.804275] (px4_msgs) StdoutLine: {'line': b'-- Up-to-date: /home/maizaied03/ros2_ws/install/px4_msgs/include/px4_msgs/px4_msgs/msg/detail/actuator_test__rosidl_typesupport_fastrtps_cpp.hpp\n'}
[0.804313] (px4_msgs) StdoutLine: {'line': b'-- Up-to-date: /home/maizaied03/ros2_ws/install/px4_msgs/include/px4_msgs/px4_msgs/msg/detail/dataman_request__rosidl_typesupport_fastrtps_cpp.hpp\n'}
[0.804347] (px4_msgs) StdoutLine: {'line': b'-- Up-to-date: /home/maizaied03/ros2_ws/install/px4_msgs/include/px4_msgs/px4_msgs/msg/detail/fixed_wing_longitudinal_setpoint__rosidl_typesupport_fastrtps_cpp.hpp\n'}
[0.804382] (px4_msgs) StdoutLine: {'line': b'-- Up-to-date: /home/maizaied03/ros2_ws/install/px4_msgs/include/px4_msgs/px4_msgs/msg/detail/battery_info__rosidl_typesupport_fastrtps_cpp.hpp\n'}
[0.804417] (px4_msgs) StdoutLine: {'line': b'-- Up-to-date: /home/maizaied03/ros2_ws/install/px4_msgs/include/px4_msgs/px4_msgs/msg/detail/differential_pressure__rosidl_typesupport_fastrtps_cpp.hpp\n'}
[0.804466] (px4_msgs) StdoutLine: {'line': b'-- Up-to-date: /home/maizaied03/ros2_ws/install/px4_msgs/include/px4_msgs/px4_msgs/msg/detail/gain_compression__rosidl_typesupport_fastrtps_cpp.hpp\n'}
[0.804499] (px4_msgs) StdoutLine: {'line': b'-- Up-to-date: /home/maizaied03/ros2_ws/install/px4_msgs/include/px4_msgs/px4_msgs/msg/detail/longitudinal_control_configuration__rosidl_typesupport_fastrtps_cpp.hpp\n'}
[0.804532] (px4_msgs) StdoutLine: {'line': b'-- Up-to-date: /home/maizaied03/ros2_ws/install/px4_msgs/include/px4_msgs/px4_msgs/msg/detail/gpio_request__rosidl_typesupport_fastrtps_cpp.hpp\n'}
[0.804563] (px4_msgs) StdoutLine: {'line': b'-- Up-to-date: /home/maizaied03/ros2_ws/install/px4_msgs/include/px4_msgs/px4_msgs/msg/detail/vehicle_global_position__rosidl_typesupport_fastrtps_cpp.hpp\n'}
[0.804595] (px4_msgs) StdoutLine: {'line': b'-- Up-to-date: /home/maizaied03/ros2_ws/install/px4_msgs/include/px4_msgs/px4_msgs/msg/detail/launch_detection_status__rosidl_typesupport_fastrtps_cpp.hpp\n'}
[0.804626] (px4_msgs) StdoutLine: {'line': b'-- Up-to-date: /home/maizaied03/ros2_ws/install/px4_msgs/include/px4_msgs/px4_msgs/msg/detail/sensor_accel__rosidl_typesupport_fastrtps_cpp.hpp\n'}
[0.804658] (px4_msgs) StdoutLine: {'line': b'-- Up-to-date: /home/maizaied03/ros2_ws/install/px4_msgs/include/px4_msgs/px4_msgs/msg/detail/estimator_aid_source2d__rosidl_typesupport_fastrtps_cpp.hpp\n'}
[0.804692] (px4_msgs) StdoutLine: {'line': b'-- Up-to-date: /home/maizaied03/ros2_ws/install/px4_msgs/include/px4_msgs/px4_msgs/msg/detail/gripper__rosidl_typesupport_fastrtps_cpp.hpp\n'}
[0.804738] (px4_msgs) StdoutLine: {'line': b'-- Up-to-date: /home/maizaied03/ros2_ws/install/px4_msgs/include/px4_msgs/px4_msgs/msg/detail/config_overrides__rosidl_typesupport_fastrtps_cpp.hpp\n'}
[0.804775] (px4_msgs) StdoutLine: {'line': b'-- Up-to-date: /home/maizaied03/ros2_ws/install/px4_msgs/include/px4_msgs/px4_msgs/msg/detail/actuator_motors__rosidl_typesupport_fastrtps_cpp.hpp\n'}
[0.804816] (px4_msgs) StdoutLine: {'line': b'-- Up-to-date: /home/maizaied03/ros2_ws/install/px4_msgs/include/px4_msgs/px4_msgs/msg/detail/orb_test_medium__rosidl_typesupport_fastrtps_cpp.hpp\n'}
[0.804847] (px4_msgs) StdoutLine: {'line': b'-- Up-to-date: /home/maizaied03/ros2_ws/install/px4_msgs/include/px4_msgs/px4_msgs/msg/detail/event__rosidl_typesupport_fastrtps_cpp.hpp\n'}
[0.804880] (px4_msgs) StdoutLine: {'line': b'-- Up-to-date: /home/maizaied03/ros2_ws/install/px4_msgs/include/px4_msgs/px4_msgs/msg/detail/rover_speed_status__rosidl_typesupport_fastrtps_cpp.hpp\n'}
[0.804911] (px4_msgs) StdoutLine: {'line': b'-- Up-to-date: /home/maizaied03/ros2_ws/install/px4_msgs/include/px4_msgs/px4_msgs/msg/detail/camera_status__rosidl_typesupport_fastrtps_cpp.hpp\n'}
[0.804943] (px4_msgs) StdoutLine: {'line': b'-- Up-to-date: /home/maizaied03/ros2_ws/install/px4_msgs/include/px4_msgs/px4_msgs/msg/detail/vehicle_local_position_setpoint__rosidl_typesupport_fastrtps_cpp.hpp\n'}
[0.804974] (px4_msgs) StdoutLine: {'line': b'-- Up-to-date: /home/maizaied03/ros2_ws/install/px4_msgs/include/px4_msgs/px4_msgs/msg/detail/estimator_selector_status__rosidl_typesupport_fastrtps_cpp.hpp\n'}
[0.805006] (px4_msgs) StdoutLine: {'line': b'-- Up-to-date: /home/maizaied03/ros2_ws/install/px4_msgs/include/px4_msgs/px4_msgs/msg/detail/timesync_status__rosidl_typesupport_fastrtps_cpp.hpp\n'}
[0.805038] (px4_msgs) StdoutLine: {'line': b'-- Up-to-date: /home/maizaied03/ros2_ws/install/px4_msgs/include/px4_msgs/px4_msgs/msg/detail/actuator_armed__rosidl_typesupport_fastrtps_cpp.hpp\n'}
[0.805074] (px4_msgs) StdoutLine: {'line': b'-- Up-to-date: /home/maizaied03/ros2_ws/install/px4_msgs/include/px4_msgs/px4_msgs/msg/detail/internal_combustion_engine_control__rosidl_typesupport_fastrtps_cpp.hpp\n'}
[0.805107] (px4_msgs) StdoutLine: {'line': b'-- Up-to-date: /home/maizaied03/ros2_ws/install/px4_msgs/include/px4_msgs/px4_msgs/msg/detail/battery_status__rosidl_typesupport_fastrtps_cpp.hpp\n'}
[0.805143] (px4_msgs) StdoutLine: {'line': b'-- Up-to-date: /home/maizaied03/ros2_ws/install/px4_msgs/include/px4_msgs/px4_msgs/msg/detail/geofence_status__rosidl_typesupport_fastrtps_cpp.hpp\n'}
[0.805178] (px4_msgs) StdoutLine: {'line': b'-- Up-to-date: /home/maizaied03/ros2_ws/install/px4_msgs/include/px4_msgs/px4_msgs/msg/detail/cpuload__rosidl_typesupport_fastrtps_cpp.hpp\n'}
[0.805212] (px4_msgs) StdoutLine: {'line': b'-- Up-to-date: /home/maizaied03/ros2_ws/install/px4_msgs/include/px4_msgs/px4_msgs/msg/detail/sensor_gyro_fifo__rosidl_typesupport_fastrtps_cpp.hpp\n'}
[0.805246] (px4_msgs) StdoutLine: {'line': b'-- Up-to-date: /home/maizaied03/ros2_ws/install/px4_msgs/include/px4_msgs/px4_msgs/msg/detail/ulog_stream_ack__rosidl_typesupport_fastrtps_cpp.hpp\n'}
[0.805280] (px4_msgs) StdoutLine: {'line': b'-- Up-to-date: /home/maizaied03/ros2_ws/install/px4_msgs/include/px4_msgs/px4_msgs/msg/detail/dds_fastrtps\n'}
[0.805313] (px4_msgs) StdoutLine: {'line': b'-- Up-to-date: /home/maizaied03/ros2_ws/install/px4_msgs/include/px4_msgs/px4_msgs/msg/detail/vehicle_air_data__rosidl_typesupport_fastrtps_cpp.hpp\n'}
[0.805347] (px4_msgs) StdoutLine: {'line': b'-- Up-to-date: /home/maizaied03/ros2_ws/install/px4_msgs/include/px4_msgs/px4_msgs/msg/detail/vehicle_odometry__rosidl_typesupport_fastrtps_cpp.hpp\n'}
[0.805394] (px4_msgs) StdoutLine: {'line': b'-- Up-to-date: /home/maizaied03/ros2_ws/install/px4_msgs/include/px4_msgs/px4_msgs/msg/detail/fuel_tank_status__rosidl_typesupport_fastrtps_cpp.hpp\n'}
[0.805430] (px4_msgs) StdoutLine: {'line': b'-- Up-to-date: /home/maizaied03/ros2_ws/install/px4_msgs/include/px4_msgs/px4_msgs/msg/detail/led_control__rosidl_typesupport_fastrtps_cpp.hpp\n'}
[0.805463] (px4_msgs) StdoutLine: {'line': b'-- Up-to-date: /home/maizaied03/ros2_ws/install/px4_msgs/include/px4_msgs/px4_msgs/msg/detail/follow_target_status__rosidl_typesupport_fastrtps_cpp.hpp\n'}
[0.805496] (px4_msgs) StdoutLine: {'line': b'-- Up-to-date: /home/maizaied03/ros2_ws/install/px4_msgs/include/px4_msgs/px4_msgs/msg/detail/register_ext_component_reply__rosidl_typesupport_fastrtps_cpp.hpp\n'}
[0.805532] (px4_msgs) StdoutLine: {'line': b'-- Up-to-date: /home/maizaied03/ros2_ws/install/px4_msgs/include/px4_msgs/px4_msgs/msg/detail/obstacle_distance__rosidl_typesupport_fastrtps_cpp.hpp\n'}
[0.805566] (px4_msgs) StdoutLine: {'line': b'-- Up-to-date: /home/maizaied03/ros2_ws/install/px4_msgs/include/px4_msgs/px4_msgs/msg/detail/vehicle_attitude_setpoint__rosidl_typesupport_fastrtps_cpp.hpp\n'}
[0.805600] (px4_msgs) StdoutLine: {'line': b'-- Up-to-date: /home/maizaied03/ros2_ws/install/px4_msgs/include/px4_msgs/px4_msgs/msg/detail/position_setpoint__rosidl_typesupport_fastrtps_cpp.hpp\n'}
[0.805634] (px4_msgs) StdoutLine: {'line': b'-- Up-to-date: /home/maizaied03/ros2_ws/install/px4_msgs/include/px4_msgs/px4_msgs/msg/detail/vtol_vehicle_status__rosidl_typesupport_fastrtps_cpp.hpp\n'}
[0.805667] (px4_msgs) StdoutLine: {'line': b'-- Up-to-date: /home/maizaied03/ros2_ws/install/px4_msgs/include/px4_msgs/px4_msgs/msg/detail/px4io_status__rosidl_typesupport_fastrtps_cpp.hpp\n'}
[0.805701] (px4_msgs) StdoutLine: {'line': b'-- Up-to-date: /home/maizaied03/ros2_ws/install/px4_msgs/include/px4_msgs/px4_msgs/msg/detail/gimbal_manager_set_manual_control__rosidl_typesupport_fastrtps_cpp.hpp\n'}
[0.805734] (px4_msgs) StdoutLine: {'line': b'-- Up-to-date: /home/maizaied03/ros2_ws/install/px4_msgs/include/px4_msgs/px4_msgs/msg/detail/debug_value__rosidl_typesupport_fastrtps_cpp.hpp\n'}
[0.805784] (px4_msgs) StdoutLine: {'line': b'-- Up-to-date: /home/maizaied03/ros2_ws/install/px4_msgs/include/px4_msgs/px4_msgs/msg/detail/rover_steering_setpoint__rosidl_typesupport_fastrtps_cpp.hpp\n'}
[0.805819] (px4_msgs) StdoutLine: {'line': b'-- Up-to-date: /home/maizaied03/ros2_ws/install/px4_msgs/include/px4_msgs/px4_msgs/msg/detail/ping__rosidl_typesupport_fastrtps_cpp.hpp\n'}
[0.805855] (px4_msgs) StdoutLine: {'line': b'-- Up-to-date: /home/maizaied03/ros2_ws/install/px4_msgs/include/px4_msgs/px4_msgs/msg/detail/sensor_accel_fifo__rosidl_typesupport_fastrtps_cpp.hpp\n'}
[0.805890] (px4_msgs) StdoutLine: {'line': b'-- Up-to-date: /home/maizaied03/ros2_ws/install/px4_msgs/include/px4_msgs/px4_msgs/msg/detail/rover_position_setpoint__rosidl_typesupport_fastrtps_cpp.hpp\n'}
[0.805923] (px4_msgs) StdoutLine: {'line': b'-- Up-to-date: /home/maizaied03/ros2_ws/install/px4_msgs/include/px4_msgs/px4_msgs/msg/detail/vehicle_angular_velocity__rosidl_typesupport_fastrtps_cpp.hpp\n'}
[0.805957] (px4_msgs) StdoutLine: {'line': b'-- Up-to-date: /home/maizaied03/ros2_ws/install/px4_msgs/include/px4_msgs/px4_msgs/msg/detail/vtx__rosidl_typesupport_fastrtps_cpp.hpp\n'}
[0.805989] (px4_msgs) StdoutLine: {'line': b'-- Up-to-date: /home/maizaied03/ros2_ws/install/px4_msgs/include/px4_msgs/px4_msgs/msg/detail/velocity_limits__rosidl_typesupport_fastrtps_cpp.hpp\n'}
[0.806023] (px4_msgs) StdoutLine: {'line': b'-- Up-to-date: /home/maizaied03/ros2_ws/install/px4_msgs/include/px4_msgs/px4_msgs/msg/detail/camera_trigger__rosidl_typesupport_fastrtps_cpp.hpp\n'}
[0.806059] (px4_msgs) StdoutLine: {'line': b'-- Up-to-date: /home/maizaied03/ros2_ws/install/px4_msgs/include/px4_msgs/px4_msgs/msg/detail/sensor_gps__rosidl_typesupport_fastrtps_cpp.hpp\n'}
[0.806093] (px4_msgs) StdoutLine: {'line': b'-- Up-to-date: /home/maizaied03/ros2_ws/install/px4_msgs/include/px4_msgs/px4_msgs/msg/detail/ulog_stream__rosidl_typesupport_fastrtps_cpp.hpp\n'}
[0.806139] (px4_msgs) StdoutLine: {'line': b'-- Up-to-date: /home/maizaied03/ros2_ws/install/px4_msgs/include/px4_msgs/px4_msgs/msg/detail/vehicle_rates_setpoint__rosidl_typesupport_fastrtps_cpp.hpp\n'}
[0.806171] (px4_msgs) StdoutLine: {'line': b'-- Up-to-date: /home/maizaied03/ros2_ws/install/px4_msgs/include/px4_msgs/px4_msgs/msg/detail/estimator_gps_status__rosidl_typesupport_fastrtps_cpp.hpp\n'}
[0.806204] (px4_msgs) StdoutLine: {'line': b'-- Up-to-date: /home/maizaied03/ros2_ws/install/px4_msgs/include/px4_msgs/px4_msgs/msg/detail/mavlink_log__rosidl_typesupport_fastrtps_cpp.hpp\n'}
[0.806240] (px4_msgs) StdoutLine: {'line': b'-- Up-to-date: /home/maizaied03/ros2_ws/install/px4_msgs/include/px4_msgs/px4_msgs/msg/detail/estimator_aid_source3d__rosidl_typesupport_fastrtps_cpp.hpp\n'}
[0.806297] (px4_msgs) StdoutLine: {'line': b'-- Up-to-date: /home/maizaied03/ros2_ws/install/px4_msgs/include/px4_msgs/px4_msgs/msg/detail/sensor_uwb__rosidl_typesupport_fastrtps_cpp.hpp\n'}
[0.806330] (px4_msgs) StdoutLine: {'line': b'-- Up-to-date: /home/maizaied03/ros2_ws/install/px4_msgs/include/px4_msgs/px4_msgs/msg/detail/vehicle_acceleration__rosidl_typesupport_fastrtps_cpp.hpp\n'}
[0.806362] (px4_msgs) StdoutLine: {'line': b'-- Up-to-date: /home/maizaied03/ros2_ws/install/px4_msgs/include/px4_msgs/px4_msgs/msg/detail/generator_status__rosidl_typesupport_fastrtps_cpp.hpp\n'}
[0.806394] (px4_msgs) StdoutLine: {'line': b'-- Up-to-date: /home/maizaied03/ros2_ws/install/px4_msgs/include/px4_msgs/px4_msgs/msg/detail/manual_control_switches__rosidl_typesupport_fastrtps_cpp.hpp\n'}
[0.806426] (px4_msgs) StdoutLine: {'line': b'-- Up-to-date: /home/maizaied03/ros2_ws/install/px4_msgs/include/px4_msgs/px4_msgs/msg/detail/vehicle_attitude__rosidl_typesupport_fastrtps_cpp.hpp\n'}
[0.806458] (px4_msgs) StdoutLine: {'line': b'-- Up-to-date: /home/maizaied03/ros2_ws/install/px4_msgs/include/px4_msgs/px4_msgs/msg/detail/vehicle_command_ack__rosidl_typesupport_fastrtps_cpp.hpp\n'}
[0.806493] (px4_msgs) StdoutLine: {'line': b'-- Up-to-date: /home/maizaied03/ros2_ws/install/px4_msgs/include/px4_msgs/px4_msgs/msg/detail/gimbal_device_information__rosidl_typesupport_fastrtps_cpp.hpp\n'}
[0.806526] (px4_msgs) StdoutLine: {'line': b'-- Up-to-date: /home/maizaied03/ros2_ws/install/px4_msgs/include/px4_msgs/px4_msgs/msg/detail/satellite_info__rosidl_typesupport_fastrtps_cpp.hpp\n'}
[0.806560] (px4_msgs) StdoutLine: {'line': b'-- Up-to-date: /home/maizaied03/ros2_ws/install/px4_msgs/include/px4_msgs/px4_msgs/msg/detail/manual_control_setpoint__rosidl_typesupport_fastrtps_cpp.hpp\n'}
[0.806594] (px4_msgs) StdoutLine: {'line': b'-- Up-to-date: /home/maizaied03/ros2_ws/install/px4_msgs/include/px4_msgs/px4_msgs/msg/detail/gpio_out__rosidl_typesupport_fastrtps_cpp.hpp\n'}
[0.806627] (px4_msgs) StdoutLine: {'line': b'-- Up-to-date: /home/maizaied03/ros2_ws/install/px4_msgs/include/px4_msgs/px4_msgs/msg/detail/yaw_estimator_status__rosidl_typesupport_fastrtps_cpp.hpp\n'}
[0.806661] (px4_msgs) StdoutLine: {'line': b'-- Up-to-date: /home/maizaied03/ros2_ws/install/px4_msgs/include/px4_msgs/px4_msgs/msg/detail/radio_status__rosidl_typesupport_fastrtps_cpp.hpp\n'}
[0.806695] (px4_msgs) StdoutLine: {'line': b'-- Up-to-date: /home/maizaied03/ros2_ws/install/px4_msgs/include/px4_msgs/px4_msgs/msg/detail/tiltrotor_extra_controls__rosidl_typesupport_fastrtps_cpp.hpp\n'}
[0.806728] (px4_msgs) StdoutLine: {'line': b'-- Up-to-date: /home/maizaied03/ros2_ws/install/px4_msgs/include/px4_msgs/px4_msgs/msg/detail/sensor_combined__rosidl_typesupport_fastrtps_cpp.hpp\n'}
[0.806781] (px4_msgs) StdoutLine: {'line': b'-- Up-to-date: /home/maizaied03/ros2_ws/install/px4_msgs/include/px4_msgs/px4_msgs/msg/detail/fixed_wing_lateral_status__rosidl_typesupport_fastrtps_cpp.hpp\n'}
[0.806829] (px4_msgs) StdoutLine: {'line': b'-- Up-to-date: /home/maizaied03/ros2_ws/install/px4_msgs/include/px4_msgs/px4_msgs/msg/detail/parameter_set_value_response__rosidl_typesupport_fastrtps_cpp.hpp\n'}
[0.806862] (px4_msgs) StdoutLine: {'line': b'-- Up-to-date: /home/maizaied03/ros2_ws/install/px4_msgs/include/px4_msgs/px4_msgs/msg/detail/gpio_in__rosidl_typesupport_fastrtps_cpp.hpp\n'}
[0.806895] (px4_msgs) StdoutLine: {'line': b'-- Up-to-date: /home/maizaied03/ros2_ws/install/px4_msgs/include/px4_msgs/px4_msgs/msg/detail/esc_report__rosidl_typesupport_fastrtps_cpp.hpp\n'}
[0.806926] (px4_msgs) StdoutLine: {'line': b'-- Up-to-date: /home/maizaied03/ros2_ws/install/px4_msgs/include/px4_msgs/px4_msgs/msg/detail/fixed_wing_runway_control__rosidl_typesupport_fastrtps_cpp.hpp\n'}
[0.806958] (px4_msgs) StdoutLine: {'line': b'-- Up-to-date: /home/maizaied03/ros2_ws/install/px4_msgs/include/px4_msgs/px4_msgs/msg/detail/estimator_aid_source1d__rosidl_typesupport_fastrtps_cpp.hpp\n'}
[0.806990] (px4_msgs) StdoutLine: {'line': b'-- Up-to-date: /home/maizaied03/ros2_ws/install/px4_msgs/include/px4_msgs/px4_msgs/msg/detail/gimbal_manager_set_attitude__rosidl_typesupport_fastrtps_cpp.hpp\n'}
[0.807026] (px4_msgs) StdoutLine: {'line': b'-- Up-to-date: /home/maizaied03/ros2_ws/install/px4_msgs/include/px4_msgs/px4_msgs/msg/detail/mode_completed__rosidl_typesupport_fastrtps_cpp.hpp\n'}
[0.807059] (px4_msgs) StdoutLine: {'line': b'-- Up-to-date: /home/maizaied03/ros2_ws/install/px4_msgs/include/px4_msgs/px4_msgs/msg/detail/gimbal_manager_status__rosidl_typesupport_fastrtps_cpp.hpp\n'}
[0.807093] (px4_msgs) StdoutLine: {'line': b'-- Up-to-date: /home/maizaied03/ros2_ws/install/px4_msgs/include/px4_msgs/px4_msgs/msg/detail/gps_dump__rosidl_typesupport_fastrtps_cpp.hpp\n'}
[0.807126] (px4_msgs) StdoutLine: {'line': b'-- Up-to-date: /home/maizaied03/ros2_ws/install/px4_msgs/include/px4_msgs/px4_msgs/msg/detail/camera_capture__rosidl_typesupport_fastrtps_cpp.hpp\n'}
[0.807159] (px4_msgs) StdoutLine: {'line': b'-- Up-to-date: /home/maizaied03/ros2_ws/install/px4_msgs/include/px4_msgs/px4_msgs/msg/detail/dronecan_node_status__rosidl_typesupport_fastrtps_cpp.hpp\n'}
[0.807211] (px4_msgs) StdoutLine: {'line': b'-- Up-to-date: /home/maizaied03/ros2_ws/install/px4_msgs/include/px4_msgs/px4_msgs/msg/detail/rtl_status__rosidl_typesupport_fastrtps_cpp.hpp\n'}
[0.807244] (px4_msgs) StdoutLine: {'line': b'-- Up-to-date: /home/maizaied03/ros2_ws/install/px4_msgs/include/px4_msgs/px4_msgs/msg/detail/mission__rosidl_typesupport_fastrtps_cpp.hpp\n'}
[0.807275] (px4_msgs) StdoutLine: {'line': b'-- Up-to-date: /home/maizaied03/ros2_ws/install/px4_msgs/include/px4_msgs/px4_msgs/msg/detail/failsafe_flags__rosidl_typesupport_fastrtps_cpp.hpp\n'}
[0.807307] (px4_msgs) StdoutLine: {'line': b'-- Up-to-date: /home/maizaied03/ros2_ws/install/px4_msgs/include/px4_msgs/px4_msgs/msg/detail/parameter_set_value_request__rosidl_typesupport_fastrtps_cpp.hpp\n'}
[0.807338] (px4_msgs) StdoutLine: {'line': b'-- Up-to-date: /home/maizaied03/ros2_ws/install/px4_msgs/include/px4_msgs/px4_msgs/msg/detail/actuator_outputs__rosidl_typesupport_fastrtps_cpp.hpp\n'}
[0.807369] (px4_msgs) StdoutLine: {'line': b'-- Up-to-date: /home/maizaied03/ros2_ws/install/px4_msgs/include/px4_msgs/px4_msgs/msg/detail/distance_sensor_mode_change_request__rosidl_typesupport_fastrtps_cpp.hpp\n'}
[0.807400] (px4_msgs) StdoutLine: {'line': b'-- Up-to-date: /home/maizaied03/ros2_ws/install/px4_msgs/include/px4_msgs/px4_msgs/msg/detail/mount_orientation__rosidl_typesupport_fastrtps_cpp.hpp\n'}
[0.807434] (px4_msgs) StdoutLine: {'line': b'-- Up-to-date: /home/maizaied03/ros2_ws/install/px4_msgs/include/px4_msgs/px4_msgs/msg/detail/orb_test__rosidl_typesupport_fastrtps_cpp.hpp\n'}
[0.807468] (px4_msgs) StdoutLine: {'line': b'-- Up-to-date: /home/maizaied03/ros2_ws/install/px4_msgs/include/px4_msgs/px4_msgs/msg/detail/parameter_set_used_request__rosidl_typesupport_fastrtps_cpp.hpp\n'}
[0.807502] (px4_msgs) StdoutLine: {'line': b'-- Up-to-date: /home/maizaied03/ros2_ws/install/px4_msgs/include/px4_msgs/px4_msgs/msg/detail/mission_result__rosidl_typesupport_fastrtps_cpp.hpp\n'}
[0.807535] (px4_msgs) StdoutLine: {'line': b'-- Up-to-date: /home/maizaied03/ros2_ws/install/px4_msgs/include/px4_msgs/px4_msgs/msg/detail/failure_detector_status__rosidl_typesupport_fastrtps_cpp.hpp\n'}
[0.807569] (px4_msgs) StdoutLine: {'line': b'-- Up-to-date: /home/maizaied03/ros2_ws/install/px4_msgs/include/px4_msgs/px4_msgs/msg/detail/sensor_preflight_mag__rosidl_typesupport_fastrtps_cpp.hpp\n'}
[0.807614] (px4_msgs) StdoutLine: {'line': b'-- Up-to-date: /home/maizaied03/ros2_ws/install/px4_msgs/include/px4_msgs/px4_msgs/msg/detail/pps_capture__rosidl_typesupport_fastrtps_cpp.hpp\n'}
[0.807645] (px4_msgs) StdoutLine: {'line': b'-- Up-to-date: /home/maizaied03/ros2_ws/install/px4_msgs/include/px4_msgs/px4_msgs/msg/detail/vehicle_control_mode__rosidl_typesupport_fastrtps_cpp.hpp\n'}
[0.807677] (px4_msgs) StdoutLine: {'line': b'-- Up-to-date: /home/maizaied03/ros2_ws/install/px4_msgs/include/px4_msgs/px4_msgs/msg/detail/estimator_event_flags__rosidl_typesupport_fastrtps_cpp.hpp\n'}
[0.807713] (px4_msgs) StdoutLine: {'line': b'-- Up-to-date: /home/maizaied03/ros2_ws/install/px4_msgs/include/px4_msgs/px4_msgs/msg/detail/geofence_result__rosidl_typesupport_fastrtps_cpp.hpp\n'}
[0.807745] (px4_msgs) StdoutLine: {'line': b'-- Up-to-date: /home/maizaied03/ros2_ws/install/px4_msgs/include/px4_msgs/px4_msgs/msg/detail/vehicle_optical_flow_vel__rosidl_typesupport_fastrtps_cpp.hpp\n'}
[0.807789] (px4_msgs) StdoutLine: {'line': b'-- Up-to-date: /home/maizaied03/ros2_ws/install/px4_msgs/include/px4_msgs/px4_msgs/msg/detail/message_format_request__rosidl_typesupport_fastrtps_cpp.hpp\n'}
[0.807825] (px4_msgs) StdoutLine: {'line': b'-- Up-to-date: /home/maizaied03/ros2_ws/install/px4_msgs/include/px4_msgs/px4_msgs/msg/detail/sensors_status__rosidl_typesupport_fastrtps_cpp.hpp\n'}
[0.807862] (px4_msgs) StdoutLine: {'line': b'-- Up-to-date: /home/maizaied03/ros2_ws/install/px4_msgs/include/px4_msgs/px4_msgs/msg/detail/offboard_control_mode__rosidl_typesupport_fastrtps_cpp.hpp\n'}
[0.807896] (px4_msgs) StdoutLine: {'line': b'-- Up-to-date: /home/maizaied03/ros2_ws/install/px4_msgs/include/px4_msgs/px4_msgs/msg/detail/action_request__rosidl_typesupport_fastrtps_cpp.hpp\n'}
[0.807930] (px4_msgs) StdoutLine: {'line': b'-- Up-to-date: /home/maizaied03/ros2_ws/install/px4_msgs/include/px4_msgs/px4_msgs/msg/detail/dataman_response__rosidl_typesupport_fastrtps_cpp.hpp\n'}
[0.807965] (px4_msgs) StdoutLine: {'line': b'-- Up-to-date: /home/maizaied03/ros2_ws/install/px4_msgs/include/px4_msgs/px4_msgs/msg/detail/log_message__rosidl_typesupport_fastrtps_cpp.hpp\n'}
[0.807998] (px4_msgs) StdoutLine: {'line': b'-- Up-to-date: /home/maizaied03/ros2_ws/install/px4_msgs/include/px4_msgs/px4_msgs/msg/detail/vehicle_optical_flow__rosidl_typesupport_fastrtps_cpp.hpp\n'}
[0.808032] (px4_msgs) StdoutLine: {'line': b'-- Up-to-date: /home/maizaied03/ros2_ws/install/px4_msgs/include/px4_msgs/px4_msgs/msg/detail/arming_check_reply__rosidl_typesupport_fastrtps_cpp.hpp\n'}
[0.808065] (px4_msgs) StdoutLine: {'line': b'-- Up-to-date: /home/maizaied03/ros2_ws/install/px4_msgs/include/px4_msgs/px4_msgs/msg/detail/neural_control__rosidl_typesupport_fastrtps_cpp.hpp\n'}
[0.808117] (px4_msgs) StdoutLine: {'line': b'-- Up-to-date: /home/maizaied03/ros2_ws/install/px4_msgs/include/px4_msgs/px4_msgs/msg/detail/airspeed__rosidl_typesupport_fastrtps_cpp.hpp\n'}
[0.808152] (px4_msgs) StdoutLine: {'line': b'-- Up-to-date: /home/maizaied03/ros2_ws/install/px4_msgs/include/px4_msgs/px4_msgs/msg/detail/sensor_optical_flow__rosidl_typesupport_fastrtps_cpp.hpp\n'}
[0.808187] (px4_msgs) StdoutLine: {'line': b'-- Up-to-date: /home/maizaied03/ros2_ws/install/px4_msgs/include/px4_msgs/px4_msgs/msg/detail/vehicle_thrust_setpoint__rosidl_typesupport_fastrtps_cpp.hpp\n'}
[0.808247] (px4_msgs) StdoutLine: {'line': b'-- Up-to-date: /home/maizaied03/ros2_ws/install/px4_msgs/include/px4_msgs/px4_msgs/msg/detail/vehicle_constraints__rosidl_typesupport_fastrtps_cpp.hpp\n'}
[0.808301] (px4_msgs) StdoutLine: {'line': b'-- Up-to-date: /home/maizaied03/ros2_ws/install/px4_msgs/include/px4_msgs/px4_msgs/msg/detail/vehicle_roi__rosidl_typesupport_fastrtps_cpp.hpp\n'}
[0.808333] (px4_msgs) StdoutLine: {'line': b'-- Up-to-date: /home/maizaied03/ros2_ws/install/px4_msgs/include/px4_msgs/px4_msgs/msg/detail/open_drone_id_self_id__rosidl_typesupport_fastrtps_cpp.hpp\n'}
[0.808375] (px4_msgs) StdoutLine: {'line': b'-- Up-to-date: /home/maizaied03/ros2_ws/install/px4_msgs/include/px4_msgs/px4_msgs/msg/detail/sensor_hygrometer__rosidl_typesupport_fastrtps_cpp.hpp\n'}
[0.808414] (px4_msgs) StdoutLine: {'line': b'-- Up-to-date: /home/maizaied03/ros2_ws/install/px4_msgs/include/px4_msgs/px4_msgs/msg/detail/vehicle_local_position__rosidl_typesupport_fastrtps_cpp.hpp\n'}
[0.808466] (px4_msgs) StdoutLine: {'line': b'-- Up-to-date: /home/maizaied03/ros2_ws/install/px4_msgs/include/px4_msgs/px4_msgs/msg/detail/sensors_status_imu__rosidl_typesupport_fastrtps_cpp.hpp\n'}
[0.808507] (px4_msgs) StdoutLine: {'line': b'-- Up-to-date: /home/maizaied03/ros2_ws/install/px4_msgs/include/px4_msgs/px4_msgs/msg/detail/airspeed_validated__rosidl_typesupport_fastrtps_cpp.hpp\n'}
[0.808543] (px4_msgs) StdoutLine: {'line': b'-- Up-to-date: /home/maizaied03/ros2_ws/install/px4_msgs/include/px4_msgs/px4_msgs/msg/detail/gimbal_device_set_attitude__rosidl_typesupport_fastrtps_cpp.hpp\n'}
[0.808576] (px4_msgs) StdoutLine: {'line': b'-- Up-to-date: /home/maizaied03/ros2_ws/install/px4_msgs/include/px4_msgs/px4_msgs/msg/detail/adc_report__rosidl_typesupport_fastrtps_cpp.hpp\n'}
[0.808617] (px4_msgs) StdoutLine: {'line': b'-- Up-to-date: /home/maizaied03/ros2_ws/install/px4_msgs/include/px4_msgs/px4_msgs/msg/detail/follow_target_estimator__rosidl_typesupport_fastrtps_cpp.hpp\n'}
[0.808650] (px4_msgs) StdoutLine: {'line': b'-- Up-to-date: /home/maizaied03/ros2_ws/install/px4_msgs/include/px4_msgs/px4_msgs/msg/detail/position_setpoint_triplet__rosidl_typesupport_fastrtps_cpp.hpp\n'}
[0.808691] (px4_msgs) StdoutLine: {'line': b'-- Up-to-date: /home/maizaied03/ros2_ws/install/px4_msgs/include/px4_msgs/px4_msgs/msg/detail/gpio_config__rosidl_typesupport_fastrtps_cpp.hpp\n'}
[0.808732] (px4_msgs) StdoutLine: {'line': b'-- Up-to-date: /home/maizaied03/ros2_ws/install/px4_msgs/include/px4_msgs/px4_msgs/msg/detail/position_controller_landing_status__rosidl_typesupport_fastrtps_cpp.hpp\n'}
[0.808790] (px4_msgs) StdoutLine: {'line': b'-- Up-to-date: /home/maizaied03/ros2_ws/install/px4_msgs/include/px4_msgs/px4_msgs/msg/detail/power_monitor__rosidl_typesupport_fastrtps_cpp.hpp\n'}
[0.808841] (px4_msgs) StdoutLine: {'line': b'-- Up-to-date: /home/maizaied03/ros2_ws/install/px4_msgs/include/px4_msgs/px4_msgs/msg/detail/estimator_status_flags__rosidl_typesupport_fastrtps_cpp.hpp\n'}
[0.808882] (px4_msgs) StdoutLine: {'line': b'-- Up-to-date: /home/maizaied03/ros2_ws/install/px4_msgs/include/px4_msgs/px4_msgs/msg/detail/estimator_states__rosidl_typesupport_fastrtps_cpp.hpp\n'}
[0.808933] (px4_msgs) StdoutLine: {'line': b'-- Up-to-date: /home/maizaied03/ros2_ws/install/px4_msgs/include/px4_msgs/px4_msgs/msg/detail/irlock_report__rosidl_typesupport_fastrtps_cpp.hpp\n'}
[0.808995] (px4_msgs) StdoutLine: {'line': b'-- Up-to-date: /home/maizaied03/ros2_ws/install/px4_msgs/include/px4_msgs/px4_msgs/msg/detail/pwm_input__rosidl_typesupport_fastrtps_cpp.hpp\n'}
[0.809030] (px4_msgs) StdoutLine: {'line': b'-- Up-to-date: /home/maizaied03/ros2_ws/install/px4_msgs/include/px4_msgs/px4_msgs/msg/detail/estimator_status__rosidl_typesupport_fastrtps_cpp.hpp\n'}
[0.809062] (px4_msgs) StdoutLine: {'line': b'-- Up-to-date: /home/maizaied03/ros2_ws/install/px4_msgs/include/px4_msgs/px4_msgs/msg/detail/flight_phase_estimation__rosidl_typesupport_fastrtps_cpp.hpp\n'}
[0.809095] (px4_msgs) StdoutLine: {'line': b'-- Up-to-date: /home/maizaied03/ros2_ws/install/px4_msgs/include/px4_msgs/px4_msgs/msg/detail/debug_array__rosidl_typesupport_fastrtps_cpp.hpp\n'}
[0.809127] (px4_msgs) StdoutLine: {'line': b'-- Up-to-date: /home/maizaied03/ros2_ws/install/px4_msgs/include/px4_msgs/px4_msgs/msg/detail/rover_rate_status__rosidl_typesupport_fastrtps_cpp.hpp\n'}
[0.809162] (px4_msgs) StdoutLine: {'line': b'-- Up-to-date: /home/maizaied03/ros2_ws/install/px4_msgs/include/px4_msgs/px4_msgs/msg/detail/trajectory_setpoint6dof__rosidl_typesupport_fastrtps_cpp.hpp\n'}
[0.809206] (px4_msgs) StdoutLine: {'line': b'-- Up-to-date: /home/maizaied03/ros2_ws/install/px4_msgs/include/px4_msgs/px4_msgs/msg/detail/sensor_gyro_fft__rosidl_typesupport_fastrtps_cpp.hpp\n'}
[0.809242] (px4_msgs) StdoutLine: {'line': b'-- Up-to-date: /home/maizaied03/ros2_ws/install/px4_msgs/include/px4_msgs/px4_msgs/msg/detail/button_event__rosidl_typesupport_fastrtps_cpp.hpp\n'}
[0.809274] (px4_msgs) StdoutLine: {'line': b'-- Up-to-date: /home/maizaied03/ros2_ws/install/px4_msgs/include/px4_msgs/px4_msgs/msg/detail/fixed_wing_lateral_guidance_status__rosidl_typesupport_fastrtps_cpp.hpp\n'}
[0.809306] (px4_msgs) StdoutLine: {'line': b'-- Up-to-date: /home/maizaied03/ros2_ws/install/px4_msgs/include/px4_msgs/px4_msgs/msg/detail/sensor_mag__rosidl_typesupport_fastrtps_cpp.hpp\n'}
[0.809338] (px4_msgs) StdoutLine: {'line': b'-- Up-to-date: /home/maizaied03/ros2_ws/install/px4_msgs/include/px4_msgs/px4_msgs/msg/detail/logger_status__rosidl_typesupport_fastrtps_cpp.hpp\n'}
[0.809370] (px4_msgs) StdoutLine: {'line': b'-- Up-to-date: /home/maizaied03/ros2_ws/install/px4_msgs/include/px4_msgs/px4_msgs/msg/detail/tune_control__rosidl_typesupport_fastrtps_cpp.hpp\n'}
[0.809404] (px4_msgs) StdoutLine: {'line': b'-- Up-to-date: /home/maizaied03/ros2_ws/install/px4_msgs/include/px4_msgs/px4_msgs/msg/detail/estimator_innovations__rosidl_typesupport_fastrtps_cpp.hpp\n'}
[0.809437] (px4_msgs) StdoutLine: {'line': b'-- Up-to-date: /home/maizaied03/ros2_ws/install/px4_msgs/include/px4_msgs/px4_msgs/msg/detail/fixed_wing_lateral_setpoint__rosidl_typesupport_fastrtps_cpp.hpp\n'}
[0.809475] (px4_msgs) StdoutLine: {'line': b'-- Up-to-date: /home/maizaied03/ros2_ws/install/px4_msgs/include/px4_msgs/px4_msgs/msg/detail/device_information__rosidl_typesupport_fastrtps_cpp.hpp\n'}
[0.809508] (px4_msgs) StdoutLine: {'line': b'-- Up-to-date: /home/maizaied03/ros2_ws/install/px4_msgs/include/px4_msgs/px4_msgs/msg/detail/vehicle_angular_acceleration_setpoint__rosidl_typesupport_fastrtps_cpp.hpp\n'}
[0.809541] (px4_msgs) StdoutLine: {'line': b'-- Up-to-date: /home/maizaied03/ros2_ws/install/px4_msgs/include/px4_msgs/px4_msgs/msg/detail/sensor_airflow__rosidl_typesupport_fastrtps_cpp.hpp\n'}
[0.809575] (px4_msgs) StdoutLine: {'line': b'-- Up-to-date: /home/maizaied03/ros2_ws/install/px4_msgs/include/px4_msgs/px4_msgs/msg/detail/arming_check_request__rosidl_typesupport_fastrtps_cpp.hpp\n'}
[0.809608] (px4_msgs) StdoutLine: {'line': b'-- Up-to-date: /home/maizaied03/ros2_ws/install/px4_msgs/include/px4_msgs/px4_msgs/msg/detail/sensor_selection__rosidl_typesupport_fastrtps_cpp.hpp\n'}
[0.809642] (px4_msgs) StdoutLine: {'line': b'-- Up-to-date: /home/maizaied03/ros2_ws/install/px4_msgs/include/px4_msgs/px4_msgs/msg/detail/message_format_response__rosidl_typesupport_fastrtps_cpp.hpp\n'}
[0.809683] (px4_msgs) StdoutLine: {'line': b'-- Up-to-date: /home/maizaied03/ros2_ws/install/px4_msgs/include/px4_msgs/px4_msgs/msg/detail/heater_status__rosidl_typesupport_fastrtps_cpp.hpp\n'}
[0.809719] (px4_msgs) StdoutLine: {'line': b'-- Up-to-date: /home/maizaied03/ros2_ws/install/px4_msgs/include/px4_msgs/px4_msgs/msg/detail/sensor_temp__rosidl_typesupport_fastrtps_cpp.hpp\n'}
[0.809753] (px4_msgs) StdoutLine: {'line': b'-- Up-to-date: /home/maizaied03/ros2_ws/install/px4_msgs/include/px4_msgs/px4_msgs/msg/detail/health_report__rosidl_typesupport_fastrtps_cpp.hpp\n'}
[0.809825] (px4_msgs) StdoutLine: {'line': b'-- Up-to-date: /home/maizaied03/ros2_ws/install/px4_msgs/include/px4_msgs/px4_msgs/msg/detail/pure_pursuit_status__rosidl_typesupport_fastrtps_cpp.hpp\n'}
[0.809868] (px4_msgs) StdoutLine: {'line': b'-- Up-to-date: /home/maizaied03/ros2_ws/install/px4_msgs/include/px4_msgs/px4_msgs/msg/detail/orb_test_large__rosidl_typesupport_fastrtps_cpp.hpp\n'}
[0.809907] (px4_msgs) StdoutLine: {'line': b'-- Up-to-date: /home/maizaied03/ros2_ws/install/px4_msgs/include/px4_msgs/px4_msgs/msg/detail/uavcan_parameter_value__rosidl_typesupport_fastrtps_cpp.hpp\n'}
[0.809942] (px4_msgs) StdoutLine: {'line': b'-- Up-to-date: /home/maizaied03/ros2_ws/install/px4_msgs/include/px4_msgs/px4_msgs/msg/detail/estimator_bias__rosidl_typesupport_fastrtps_cpp.hpp\n'}
[0.809989] (px4_msgs) StdoutLine: {'line': b'-- Up-to-date: /home/maizaied03/ros2_ws/install/px4_msgs/include/px4_msgs/px4_msgs/msg/detail/vehicle_land_detected__rosidl_typesupport_fastrtps_cpp.hpp\n'}
[0.810022] (px4_msgs) StdoutLine: {'line': b'-- Up-to-date: /home/maizaied03/ros2_ws/install/px4_msgs/include/px4_msgs/px4_msgs/msg/detail/takeoff_status__rosidl_typesupport_fastrtps_cpp.hpp\n'}
[0.810054] (px4_msgs) StdoutLine: {'line': b'-- Up-to-date: /home/maizaied03/ros2_ws/install/px4_msgs/include/px4_msgs/px4_msgs/msg/detail/vehicle_torque_setpoint__rosidl_typesupport_fastrtps_cpp.hpp\n'}
[0.810086] (px4_msgs) StdoutLine: {'line': b'-- Up-to-date: /home/maizaied03/ros2_ws/install/px4_msgs/include/px4_msgs/px4_msgs/msg/detail/rate_ctrl_status__rosidl_typesupport_fastrtps_cpp.hpp\n'}
[0.810118] (px4_msgs) StdoutLine: {'line': b'-- Up-to-date: /home/maizaied03/ros2_ws/install/px4_msgs/include/px4_msgs/px4_msgs/msg/detail/vehicle_status__rosidl_typesupport_fastrtps_cpp.hpp\n'}
[0.810167] (px4_msgs) StdoutLine: {'line': b'-- Up-to-date: /home/maizaied03/ros2_ws/install/px4_msgs/include/px4_msgs/px4_msgs/msg/detail/vehicle_command__rosidl_typesupport_fastrtps_cpp.hpp\n'}
[0.810200] (px4_msgs) StdoutLine: {'line': b'-- Up-to-date: /home/maizaied03/ros2_ws/install/px4_msgs/include/px4_msgs/px4_msgs/msg/detail/position_controller_status__rosidl_typesupport_fastrtps_cpp.hpp\n'}
[0.810232] (px4_msgs) StdoutLine: {'line': b'-- Up-to-date: /home/maizaied03/ros2_ws/install/px4_msgs/include/px4_msgs/px4_msgs/msg/detail/actuator_servos_trim__rosidl_typesupport_fastrtps_cpp.hpp\n'}
[0.810264] (px4_msgs) StdoutLine: {'line': b'-- Up-to-date: /home/maizaied03/ros2_ws/install/px4_msgs/include/px4_msgs/px4_msgs/msg/detail/ekf2_timestamps__rosidl_typesupport_fastrtps_cpp.hpp\n'}
[0.810295] (px4_msgs) StdoutLine: {'line': b'-- Up-to-date: /home/maizaied03/ros2_ws/install/px4_msgs/include/px4_msgs/px4_msgs/msg/detail/gps_inject_data__rosidl_typesupport_fastrtps_cpp.hpp\n'}
[0.810327] (px4_msgs) StdoutLine: {'line': b'-- Up-to-date: /home/maizaied03/ros2_ws/install/px4_msgs/include/px4_msgs/px4_msgs/msg/detail/collision_constraints__rosidl_typesupport_fastrtps_cpp.hpp\n'}
[0.810358] (px4_msgs) StdoutLine: {'line': b'-- Up-to-date: /home/maizaied03/ros2_ws/install/px4_msgs/include/px4_msgs/px4_msgs/msg/detail/esc_status__rosidl_typesupport_fastrtps_cpp.hpp\n'}
[0.810391] (px4_msgs) StdoutLine: {'line': b'-- Up-to-date: /home/maizaied03/ros2_ws/install/px4_msgs/include/px4_msgs/px4_msgs/msg/detail/sensor_baro__rosidl_typesupport_fastrtps_cpp.hpp\n'}
[0.810425] (px4_msgs) StdoutLine: {'line': b'-- Up-to-date: /home/maizaied03/ros2_ws/install/px4_msgs/include/px4_msgs/px4_msgs/msg/detail/unregister_ext_component__rosidl_typesupport_fastrtps_cpp.hpp\n'}
[0.810459] (px4_msgs) StdoutLine: {'line': b'-- Up-to-date: /home/maizaied03/ros2_ws/install/px4_msgs/include/px4_msgs/px4_msgs/msg/detail/register_ext_component_request__rosidl_typesupport_fastrtps_cpp.hpp\n'}
[0.810493] (px4_msgs) StdoutLine: {'line': b'-- Up-to-date: /home/maizaied03/ros2_ws/install/px4_msgs/include/px4_msgs/px4_msgs/msg/detail/gimbal_device_attitude_status__rosidl_typesupport_fastrtps_cpp.hpp\n'}
[0.810527] (px4_msgs) StdoutLine: {'line': b'-- Up-to-date: /home/maizaied03/ros2_ws/install/px4_msgs/include/px4_msgs/px4_msgs/msg/detail/debug_key_value__rosidl_typesupport_fastrtps_cpp.hpp\n'}
[0.810562] (px4_msgs) StdoutLine: {'line': b'-- Up-to-date: /home/maizaied03/ros2_ws/install/px4_msgs/include/px4_msgs/px4_msgs/msg/detail/wheel_encoders__rosidl_typesupport_fastrtps_cpp.hpp\n'}
[0.810596] (px4_msgs) StdoutLine: {'line': b'-- Up-to-date: /home/maizaied03/ros2_ws/install/px4_msgs/include/px4_msgs/px4_msgs/msg/detail/rtl_time_estimate__rosidl_typesupport_fastrtps_cpp.hpp\n'}
[0.810630] (px4_msgs) StdoutLine: {'line': b'-- Up-to-date: /home/maizaied03/ros2_ws/install/px4_msgs/include/px4_msgs/px4_msgs/srv\n'}
[0.810663] (px4_msgs) StdoutLine: {'line': b'-- Up-to-date: /home/maizaied03/ros2_ws/install/px4_msgs/include/px4_msgs/px4_msgs/srv/detail\n'}
[0.810697] (px4_msgs) StdoutLine: {'line': b'-- Up-to-date: /home/maizaied03/ros2_ws/install/px4_msgs/include/px4_msgs/px4_msgs/srv/detail/dds_fastrtps\n'}
[0.810745] (px4_msgs) StdoutLine: {'line': b'-- Up-to-date: /home/maizaied03/ros2_ws/install/px4_msgs/include/px4_msgs/px4_msgs/srv/detail/vehicle_command__rosidl_typesupport_fastrtps_cpp.hpp\n'}
[0.810786] (px4_msgs) StdoutLine: {'line': b'-- Up-to-date: /home/maizaied03/ros2_ws/install/px4_msgs/lib/libpx4_msgs__rosidl_typesupport_fastrtps_cpp.so\n'}
[0.810820] (px4_msgs) StdoutLine: {'line': b'-- Up-to-date: /home/maizaied03/ros2_ws/install/px4_msgs/include/px4_msgs/px4_msgs\n'}
[0.810852] (px4_msgs) StdoutLine: {'line': b'-- Up-to-date: /home/maizaied03/ros2_ws/install/px4_msgs/include/px4_msgs/px4_msgs/msg\n'}
[0.810890] (px4_msgs) StdoutLine: {'line': b'-- Up-to-date: /home/maizaied03/ros2_ws/install/px4_msgs/include/px4_msgs/px4_msgs/msg/rosidl_typesupport_introspection_c__visibility_control.h\n'}
[0.810922] (px4_msgs) StdoutLine: {'line': b'-- Up-to-date: /home/maizaied03/ros2_ws/install/px4_msgs/include/px4_msgs/px4_msgs/msg/detail\n'}
[0.810954] (px4_msgs) StdoutLine: {'line': b'-- Up-to-date: /home/maizaied03/ros2_ws/install/px4_msgs/include/px4_msgs/px4_msgs/msg/detail/radio_status__type_support.c\n'}
[0.810986] (px4_msgs) StdoutLine: {'line': b'-- Up-to-date: /home/maizaied03/ros2_ws/install/px4_msgs/include/px4_msgs/px4_msgs/msg/detail/satellite_info__type_support.c\n'}
[0.811017] (px4_msgs) StdoutLine: {'line': b'-- Up-to-date: /home/maizaied03/ros2_ws/install/px4_msgs/include/px4_msgs/px4_msgs/msg/detail/vehicle_rates_setpoint__rosidl_typesupport_introspection_c.h\n'}
[0.811050] (px4_msgs) StdoutLine: {'line': b'-- Up-to-date: /home/maizaied03/ros2_ws/install/px4_msgs/include/px4_msgs/px4_msgs/msg/detail/device_information__type_support.c\n'}
[0.811104] (px4_msgs) StdoutLine: {'line': b'-- Up-to-date: /home/maizaied03/ros2_ws/install/px4_msgs/include/px4_msgs/px4_msgs/msg/detail/rover_steering_setpoint__rosidl_typesupport_introspection_c.h\n'}
[0.811146] (px4_msgs) StdoutLine: {'line': b'-- Up-to-date: /home/maizaied03/ros2_ws/install/px4_msgs/include/px4_msgs/px4_msgs/msg/detail/airspeed_validated__type_support.c\n'}
[0.811181] (px4_msgs) StdoutLine: {'line': b'-- Up-to-date: /home/maizaied03/ros2_ws/install/px4_msgs/include/px4_msgs/px4_msgs/msg/detail/arming_check_request__rosidl_typesupport_introspection_c.h\n'}
[0.811220] (px4_msgs) StdoutLine: {'line': b'-- Up-to-date: /home/maizaied03/ros2_ws/install/px4_msgs/include/px4_msgs/px4_msgs/msg/detail/esc_report__type_support.c\n'}
[0.811256] (px4_msgs) StdoutLine: {'line': b'-- Up-to-date: /home/maizaied03/ros2_ws/install/px4_msgs/include/px4_msgs/px4_msgs/msg/detail/manual_control_setpoint__type_support.c\n'}
[0.811289] (px4_msgs) StdoutLine: {'line': b'-- Up-to-date: /home/maizaied03/ros2_ws/install/px4_msgs/include/px4_msgs/px4_msgs/msg/detail/arming_check_request__type_support.c\n'}
[0.811322] (px4_msgs) StdoutLine: {'line': b'-- Up-to-date: /home/maizaied03/ros2_ws/install/px4_msgs/include/px4_msgs/px4_msgs/msg/detail/home_position__type_support.c\n'}
[0.811354] (px4_msgs) StdoutLine: {'line': b'-- Up-to-date: /home/maizaied03/ros2_ws/install/px4_msgs/include/px4_msgs/px4_msgs/msg/detail/magnetometer_bias_estimate__type_support.c\n'}
[0.811386] (px4_msgs) StdoutLine: {'line': b'-- Up-to-date: /home/maizaied03/ros2_ws/install/px4_msgs/include/px4_msgs/px4_msgs/msg/detail/failure_detector_status__rosidl_typesupport_introspection_c.h\n'}
[0.811418] (px4_msgs) StdoutLine: {'line': b'-- Up-to-date: /home/maizaied03/ros2_ws/install/px4_msgs/include/px4_msgs/px4_msgs/msg/detail/vtol_vehicle_status__type_support.c\n'}
[0.811450] (px4_msgs) StdoutLine: {'line': b'-- Up-to-date: /home/maizaied03/ros2_ws/install/px4_msgs/include/px4_msgs/px4_msgs/msg/detail/vehicle_magnetometer__type_support.c\n'}
[0.811481] (px4_msgs) StdoutLine: {'line': b'-- Up-to-date: /home/maizaied03/ros2_ws/install/px4_msgs/include/px4_msgs/px4_msgs/msg/detail/actuator_controls_status__rosidl_typesupport_introspection_c.h\n'}
[0.811521] (px4_msgs) StdoutLine: {'line': b'-- Up-to-date: /home/maizaied03/ros2_ws/install/px4_msgs/include/px4_msgs/px4_msgs/msg/detail/timesync_status__rosidl_typesupport_introspection_c.h\n'}
[0.811565] (px4_msgs) StdoutLine: {'line': b'-- Up-to-date: /home/maizaied03/ros2_ws/install/px4_msgs/include/px4_msgs/px4_msgs/msg/detail/telemetry_status__type_support.c\n'}
[0.811598] (px4_msgs) StdoutLine: {'line': b'-- Up-to-date: /home/maizaied03/ros2_ws/install/px4_msgs/include/px4_msgs/px4_msgs/msg/detail/vehicle_thrust_setpoint__rosidl_typesupport_introspection_c.h\n'}
[0.811629] (px4_msgs) StdoutLine: {'line': b'-- Up-to-date: /home/maizaied03/ros2_ws/install/px4_msgs/include/px4_msgs/px4_msgs/msg/detail/landing_target_innovations__rosidl_typesupport_introspection_c.h\n'}
[0.811660] (px4_msgs) StdoutLine: {'line': b'-- Up-to-date: /home/maizaied03/ros2_ws/install/px4_msgs/include/px4_msgs/px4_msgs/msg/detail/estimator_states__type_support.c\n'}
[0.811692] (px4_msgs) StdoutLine: {'line': b'-- Up-to-date: /home/maizaied03/ros2_ws/install/px4_msgs/include/px4_msgs/px4_msgs/msg/detail/vehicle_command_ack__type_support.c\n'}
[0.811723] (px4_msgs) StdoutLine: {'line': b'-- Up-to-date: /home/maizaied03/ros2_ws/install/px4_msgs/include/px4_msgs/px4_msgs/msg/detail/actuator_servos__type_support.c\n'}
[0.811755] (px4_msgs) StdoutLine: {'line': b'-- Up-to-date: /home/maizaied03/ros2_ws/install/px4_msgs/include/px4_msgs/px4_msgs/msg/detail/parameter_set_used_request__type_support.c\n'}
[0.811795] (px4_msgs) StdoutLine: {'line': b'-- Up-to-date: /home/maizaied03/ros2_ws/install/px4_msgs/include/px4_msgs/px4_msgs/msg/detail/open_drone_id_system__type_support.c\n'}
[0.811828] (px4_msgs) StdoutLine: {'line': b'-- Up-to-date: /home/maizaied03/ros2_ws/install/px4_msgs/include/px4_msgs/px4_msgs/msg/detail/gimbal_device_attitude_status__type_support.c\n'}
[0.811869] (px4_msgs) StdoutLine: {'line': b'-- Up-to-date: /home/maizaied03/ros2_ws/install/px4_msgs/include/px4_msgs/px4_msgs/msg/detail/vehicle_air_data__rosidl_typesupport_introspection_c.h\n'}
[0.811901] (px4_msgs) StdoutLine: {'line': b'-- Up-to-date: /home/maizaied03/ros2_ws/install/px4_msgs/include/px4_msgs/px4_msgs/msg/detail/camera_trigger__type_support.c\n'}
[0.811938] (px4_msgs) StdoutLine: {'line': b'-- Up-to-date: /home/maizaied03/ros2_ws/install/px4_msgs/include/px4_msgs/px4_msgs/msg/detail/register_ext_component_reply__type_support.c\n'}
[0.811970] (px4_msgs) StdoutLine: {'line': b'-- Up-to-date: /home/maizaied03/ros2_ws/install/px4_msgs/include/px4_msgs/px4_msgs/msg/detail/sensors_status__rosidl_typesupport_introspection_c.h\n'}
[0.812003] (px4_msgs) StdoutLine: {'line': b'-- Up-to-date: /home/maizaied03/ros2_ws/install/px4_msgs/include/px4_msgs/px4_msgs/msg/detail/vehicle_magnetometer__rosidl_typesupport_introspection_c.h\n'}
[0.812036] (px4_msgs) StdoutLine: {'line': b'-- Up-to-date: /home/maizaied03/ros2_ws/install/px4_msgs/include/px4_msgs/px4_msgs/msg/detail/gpio_request__rosidl_typesupport_introspection_c.h\n'}
[0.812070] (px4_msgs) StdoutLine: {'line': b'-- Up-to-date: /home/maizaied03/ros2_ws/install/px4_msgs/include/px4_msgs/px4_msgs/msg/detail/parameter_set_value_request__rosidl_typesupport_introspection_c.h\n'}
[0.812114] (px4_msgs) StdoutLine: {'line': b'-- Up-to-date: /home/maizaied03/ros2_ws/install/px4_msgs/include/px4_msgs/px4_msgs/msg/detail/px4io_status__rosidl_typesupport_introspection_c.h\n'}
[0.812146] (px4_msgs) StdoutLine: {'line': b'-- Up-to-date: /home/maizaied03/ros2_ws/install/px4_msgs/include/px4_msgs/px4_msgs/msg/detail/estimator_sensor_bias__rosidl_typesupport_introspection_c.h\n'}
[0.812178] (px4_msgs) StdoutLine: {'line': b'-- Up-to-date: /home/maizaied03/ros2_ws/install/px4_msgs/include/px4_msgs/px4_msgs/msg/detail/sensor_correction__type_support.c\n'}
[0.812209] (px4_msgs) StdoutLine: {'line': b'-- Up-to-date: /home/maizaied03/ros2_ws/install/px4_msgs/include/px4_msgs/px4_msgs/msg/detail/failure_detector_status__type_support.c\n'}
[0.812241] (px4_msgs) StdoutLine: {'line': b'-- Up-to-date: /home/maizaied03/ros2_ws/install/px4_msgs/include/px4_msgs/px4_msgs/msg/detail/vehicle_air_data__type_support.c\n'}
[0.812284] (px4_msgs) StdoutLine: {'line': b'-- Up-to-date: /home/maizaied03/ros2_ws/install/px4_msgs/include/px4_msgs/px4_msgs/msg/detail/cpuload__rosidl_typesupport_introspection_c.h\n'}
[0.812316] (px4_msgs) StdoutLine: {'line': b'-- Up-to-date: /home/maizaied03/ros2_ws/install/px4_msgs/include/px4_msgs/px4_msgs/msg/detail/debug_key_value__type_support.c\n'}
[0.812347] (px4_msgs) StdoutLine: {'line': b'-- Up-to-date: /home/maizaied03/ros2_ws/install/px4_msgs/include/px4_msgs/px4_msgs/msg/detail/logger_status__rosidl_typesupport_introspection_c.h\n'}
[0.812378] (px4_msgs) StdoutLine: {'line': b'-- Up-to-date: /home/maizaied03/ros2_ws/install/px4_msgs/include/px4_msgs/px4_msgs/msg/detail/orb_test__type_support.c\n'}
[0.812409] (px4_msgs) StdoutLine: {'line': b'-- Up-to-date: /home/maizaied03/ros2_ws/install/px4_msgs/include/px4_msgs/px4_msgs/msg/detail/rover_attitude_status__type_support.c\n'}
[0.812442] (px4_msgs) StdoutLine: {'line': b'-- Up-to-date: /home/maizaied03/ros2_ws/install/px4_msgs/include/px4_msgs/px4_msgs/msg/detail/landing_gear__rosidl_typesupport_introspection_c.h\n'}
[0.812477] (px4_msgs) StdoutLine: {'line': b'-- Up-to-date: /home/maizaied03/ros2_ws/install/px4_msgs/include/px4_msgs/px4_msgs/msg/detail/mavlink_tunnel__rosidl_typesupport_introspection_c.h\n'}
[0.812511] (px4_msgs) StdoutLine: {'line': b'-- Up-to-date: /home/maizaied03/ros2_ws/install/px4_msgs/include/px4_msgs/px4_msgs/msg/detail/rover_rate_setpoint__rosidl_typesupport_introspection_c.h\n'}
[0.812545] (px4_msgs) StdoutLine: {'line': b'-- Up-to-date: /home/maizaied03/ros2_ws/install/px4_msgs/include/px4_msgs/px4_msgs/msg/detail/irlock_report__rosidl_typesupport_introspection_c.h\n'}
[0.812578] (px4_msgs) StdoutLine: {'line': b'-- Up-to-date: /home/maizaied03/ros2_ws/install/px4_msgs/include/px4_msgs/px4_msgs/msg/detail/qshell_retval__rosidl_typesupport_introspection_c.h\n'}
[0.812611] (px4_msgs) StdoutLine: {'line': b'-- Up-to-date: /home/maizaied03/ros2_ws/install/px4_msgs/include/px4_msgs/px4_msgs/msg/detail/rover_attitude_status__rosidl_typesupport_introspection_c.h\n'}
[0.812644] (px4_msgs) StdoutLine: {'line': b'-- Up-to-date: /home/maizaied03/ros2_ws/install/px4_msgs/include/px4_msgs/px4_msgs/msg/detail/vehicle_attitude__rosidl_typesupport_introspection_c.h\n'}
[0.812693] (px4_msgs) StdoutLine: {'line': b'-- Up-to-date: /home/maizaied03/ros2_ws/install/px4_msgs/include/px4_msgs/px4_msgs/msg/detail/parameter_set_value_response__type_support.c\n'}
[0.812726] (px4_msgs) StdoutLine: {'line': b'-- Up-to-date: /home/maizaied03/ros2_ws/install/px4_msgs/include/px4_msgs/px4_msgs/msg/detail/config_overrides__rosidl_typesupport_introspection_c.h\n'}
[0.812758] (px4_msgs) StdoutLine: {'line': b'-- Up-to-date: /home/maizaied03/ros2_ws/install/px4_msgs/include/px4_msgs/px4_msgs/msg/detail/vehicle_local_position_setpoint__rosidl_typesupport_introspection_c.h\n'}
[0.812812] (px4_msgs) StdoutLine: {'line': b'-- Up-to-date: /home/maizaied03/ros2_ws/install/px4_msgs/include/px4_msgs/px4_msgs/msg/detail/actuator_outputs__rosidl_typesupport_introspection_c.h\n'}
[0.812845] (px4_msgs) StdoutLine: {'line': b'-- Up-to-date: /home/maizaied03/ros2_ws/install/px4_msgs/include/px4_msgs/px4_msgs/msg/detail/gpio_request__type_support.c\n'}
[0.812876] (px4_msgs) StdoutLine: {'line': b'-- Up-to-date: /home/maizaied03/ros2_ws/install/px4_msgs/include/px4_msgs/px4_msgs/msg/detail/vehicle_imu_status__rosidl_typesupport_introspection_c.h\n'}
[0.812908] (px4_msgs) StdoutLine: {'line': b'-- Up-to-date: /home/maizaied03/ros2_ws/install/px4_msgs/include/px4_msgs/px4_msgs/msg/detail/sensor_accel__type_support.c\n'}
[0.812944] (px4_msgs) StdoutLine: {'line': b'-- Up-to-date: /home/maizaied03/ros2_ws/install/px4_msgs/include/px4_msgs/px4_msgs/msg/detail/neural_control__rosidl_typesupport_introspection_c.h\n'}
[0.812977] (px4_msgs) StdoutLine: {'line': b'-- Up-to-date: /home/maizaied03/ros2_ws/install/px4_msgs/include/px4_msgs/px4_msgs/msg/detail/qshell_req__rosidl_typesupport_introspection_c.h\n'}
[0.813013] (px4_msgs) StdoutLine: {'line': b'-- Up-to-date: /home/maizaied03/ros2_ws/install/px4_msgs/include/px4_msgs/px4_msgs/msg/detail/actuator_motors__type_support.c\n'}
[0.813057] (px4_msgs) StdoutLine: {'line': b'-- Up-to-date: /home/maizaied03/ros2_ws/install/px4_msgs/include/px4_msgs/px4_msgs/msg/detail/estimator_bias__type_support.c\n'}
[0.813089] (px4_msgs) StdoutLine: {'line': b'-- Up-to-date: /home/maizaied03/ros2_ws/install/px4_msgs/include/px4_msgs/px4_msgs/msg/detail/obstacle_distance__type_support.c\n'}
[0.813121] (px4_msgs) StdoutLine: {'line': b'-- Up-to-date: /home/maizaied03/ros2_ws/install/px4_msgs/include/px4_msgs/px4_msgs/msg/detail/cpuload__type_support.c\n'}
[0.813152] (px4_msgs) StdoutLine: {'line': b'-- Up-to-date: /home/maizaied03/ros2_ws/install/px4_msgs/include/px4_msgs/px4_msgs/msg/detail/manual_control_setpoint__rosidl_typesupport_introspection_c.h\n'}
[0.813185] (px4_msgs) StdoutLine: {'line': b'-- Up-to-date: /home/maizaied03/ros2_ws/install/px4_msgs/include/px4_msgs/px4_msgs/msg/detail/estimator_aid_source2d__type_support.c\n'}
[0.813220] (px4_msgs) StdoutLine: {'line': b'-- Up-to-date: /home/maizaied03/ros2_ws/install/px4_msgs/include/px4_msgs/px4_msgs/msg/detail/geofence_result__rosidl_typesupport_introspection_c.h\n'}
[0.813253] (px4_msgs) StdoutLine: {'line': b'-- Up-to-date: /home/maizaied03/ros2_ws/install/px4_msgs/include/px4_msgs/px4_msgs/msg/detail/power_button_state__rosidl_typesupport_introspection_c.h\n'}
[0.813287] (px4_msgs) StdoutLine: {'line': b'-- Up-to-date: /home/maizaied03/ros2_ws/install/px4_msgs/include/px4_msgs/px4_msgs/msg/detail/open_drone_id_operator_id__type_support.c\n'}
[0.813321] (px4_msgs) StdoutLine: {'line': b'-- Up-to-date: /home/maizaied03/ros2_ws/install/px4_msgs/include/px4_msgs/px4_msgs/msg/detail/tiltrotor_extra_controls__rosidl_typesupport_introspection_c.h\n'}
[0.813355] (px4_msgs) StdoutLine: {'line': b'-- Up-to-date: /home/maizaied03/ros2_ws/install/px4_msgs/include/px4_msgs/px4_msgs/msg/detail/airspeed__rosidl_typesupport_introspection_c.h\n'}
[0.813390] (px4_msgs) StdoutLine: {'line': b'-- Up-to-date: /home/maizaied03/ros2_ws/install/px4_msgs/include/px4_msgs/px4_msgs/msg/detail/gpio_config__rosidl_typesupport_introspection_c.h\n'}
[0.813425] (px4_msgs) StdoutLine: {'line': b'-- Up-to-date: /home/maizaied03/ros2_ws/install/px4_msgs/include/px4_msgs/px4_msgs/msg/detail/autotune_attitude_control_status__type_support.c\n'}
[0.813460] (px4_msgs) StdoutLine: {'line': b'-- Up-to-date: /home/maizaied03/ros2_ws/install/px4_msgs/include/px4_msgs/px4_msgs/msg/detail/position_controller_status__type_support.c\n'}
[0.813494] (px4_msgs) StdoutLine: {'line': b'-- Up-to-date: /home/maizaied03/ros2_ws/install/px4_msgs/include/px4_msgs/px4_msgs/msg/detail/tune_control__rosidl_typesupport_introspection_c.h\n'}
[0.813528] (px4_msgs) StdoutLine: {'line': b'-- Up-to-date: /home/maizaied03/ros2_ws/install/px4_msgs/include/px4_msgs/px4_msgs/msg/detail/distance_sensor_mode_change_request__rosidl_typesupport_introspection_c.h\n'}
[0.813562] (px4_msgs) StdoutLine: {'line': b'-- Up-to-date: /home/maizaied03/ros2_ws/install/px4_msgs/include/px4_msgs/px4_msgs/msg/detail/vehicle_constraints__type_support.c\n'}
[0.813596] (px4_msgs) StdoutLine: {'line': b'-- Up-to-date: /home/maizaied03/ros2_ws/install/px4_msgs/include/px4_msgs/px4_msgs/msg/detail/open_drone_id_self_id__rosidl_typesupport_introspection_c.h\n'}
[0.813630] (px4_msgs) StdoutLine: {'line': b'-- Up-to-date: /home/maizaied03/ros2_ws/install/px4_msgs/include/px4_msgs/px4_msgs/msg/detail/gimbal_manager_set_manual_control__rosidl_typesupport_introspection_c.h\n'}
[0.813664] (px4_msgs) StdoutLine: {'line': b'-- Up-to-date: /home/maizaied03/ros2_ws/install/px4_msgs/include/px4_msgs/px4_msgs/msg/detail/gps_dump__rosidl_typesupport_introspection_c.h\n'}
[0.813698] (px4_msgs) StdoutLine: {'line': b'-- Up-to-date: /home/maizaied03/ros2_ws/install/px4_msgs/include/px4_msgs/px4_msgs/msg/detail/raptor_input__type_support.c\n'}
[0.813732] (px4_msgs) StdoutLine: {'line': b'-- Up-to-date: /home/maizaied03/ros2_ws/install/px4_msgs/include/px4_msgs/px4_msgs/msg/detail/sensors_status_imu__type_support.c\n'}
[0.813794] (px4_msgs) StdoutLine: {'line': b'-- Up-to-date: /home/maizaied03/ros2_ws/install/px4_msgs/include/px4_msgs/px4_msgs/msg/detail/dronecan_node_status__rosidl_typesupport_introspection_c.h\n'}
[0.813827] (px4_msgs) StdoutLine: {'line': b'-- Up-to-date: /home/maizaied03/ros2_ws/install/px4_msgs/include/px4_msgs/px4_msgs/msg/detail/follow_target__rosidl_typesupport_introspection_c.h\n'}
[0.813860] (px4_msgs) StdoutLine: {'line': b'-- Up-to-date: /home/maizaied03/ros2_ws/install/px4_msgs/include/px4_msgs/px4_msgs/msg/detail/gpio_config__type_support.c\n'}
[0.813892] (px4_msgs) StdoutLine: {'line': b'-- Up-to-date: /home/maizaied03/ros2_ws/install/px4_msgs/include/px4_msgs/px4_msgs/msg/detail/sensor_optical_flow__rosidl_typesupport_introspection_c.h\n'}
[0.813924] (px4_msgs) StdoutLine: {'line': b'-- Up-to-date: /home/maizaied03/ros2_ws/install/px4_msgs/include/px4_msgs/px4_msgs/msg/detail/vehicle_acceleration__type_support.c\n'}
[0.813961] (px4_msgs) StdoutLine: {'line': b'-- Up-to-date: /home/maizaied03/ros2_ws/install/px4_msgs/include/px4_msgs/px4_msgs/msg/detail/sensor_gyro_fifo__type_support.c\n'}
[0.814006] (px4_msgs) StdoutLine: {'line': b'-- Up-to-date: /home/maizaied03/ros2_ws/install/px4_msgs/include/px4_msgs/px4_msgs/msg/detail/gimbal_manager_set_manual_control__type_support.c\n'}
[0.814039] (px4_msgs) StdoutLine: {'line': b'-- Up-to-date: /home/maizaied03/ros2_ws/install/px4_msgs/include/px4_msgs/px4_msgs/msg/detail/estimator_innovations__type_support.c\n'}
[0.814071] (px4_msgs) StdoutLine: {'line': b'-- Up-to-date: /home/maizaied03/ros2_ws/install/px4_msgs/include/px4_msgs/px4_msgs/msg/detail/sensor_gps__type_support.c\n'}
[0.814104] (px4_msgs) StdoutLine: {'line': b'-- Up-to-date: /home/maizaied03/ros2_ws/install/px4_msgs/include/px4_msgs/px4_msgs/msg/detail/figure_eight_status__type_support.c\n'}
[0.814136] (px4_msgs) StdoutLine: {'line': b'-- Up-to-date: /home/maizaied03/ros2_ws/install/px4_msgs/include/px4_msgs/px4_msgs/msg/detail/pwm_input__rosidl_typesupport_introspection_c.h\n'}
[0.814170] (px4_msgs) StdoutLine: {'line': b'-- Up-to-date: /home/maizaied03/ros2_ws/install/px4_msgs/include/px4_msgs/px4_msgs/msg/detail/vehicle_optical_flow_vel__rosidl_typesupport_introspection_c.h\n'}
[0.814205] (px4_msgs) StdoutLine: {'line': b'-- Up-to-date: /home/maizaied03/ros2_ws/install/px4_msgs/include/px4_msgs/px4_msgs/msg/detail/rover_speed_setpoint__rosidl_typesupport_introspection_c.h\n'}
[0.814239] (px4_msgs) StdoutLine: {'line': b'-- Up-to-date: /home/maizaied03/ros2_ws/install/px4_msgs/include/px4_msgs/px4_msgs/msg/detail/gps_dump__type_support.c\n'}
[0.814273] (px4_msgs) StdoutLine: {'line': b'-- Up-to-date: /home/maizaied03/ros2_ws/install/px4_msgs/include/px4_msgs/px4_msgs/msg/detail/pure_pursuit_status__type_support.c\n'}
[0.814307] (px4_msgs) StdoutLine: {'line': b'-- Up-to-date: /home/maizaied03/ros2_ws/install/px4_msgs/include/px4_msgs/px4_msgs/msg/detail/system_power__type_support.c\n'}
[0.814340] (px4_msgs) StdoutLine: {'line': b'-- Up-to-date: /home/maizaied03/ros2_ws/install/px4_msgs/include/px4_msgs/px4_msgs/msg/detail/rover_attitude_setpoint__rosidl_typesupport_introspection_c.h\n'}
[0.814379] (px4_msgs) StdoutLine: {'line': b'-- Up-to-date: /home/maizaied03/ros2_ws/install/px4_msgs/include/px4_msgs/px4_msgs/msg/detail/autotune_attitude_control_status__rosidl_typesupport_introspection_c.h\n'}
[0.814447] (px4_msgs) StdoutLine: {'line': b'-- Up-to-date: /home/maizaied03/ros2_ws/install/px4_msgs/include/px4_msgs/px4_msgs/msg/detail/actuator_armed__type_support.c\n'}
[0.814484] (px4_msgs) StdoutLine: {'line': b'-- Up-to-date: /home/maizaied03/ros2_ws/install/px4_msgs/include/px4_msgs/px4_msgs/msg/detail/log_message__type_support.c\n'}
[0.814516] (px4_msgs) StdoutLine: {'line': b'-- Up-to-date: /home/maizaied03/ros2_ws/install/px4_msgs/include/px4_msgs/px4_msgs/msg/detail/internal_combustion_engine_status__type_support.c\n'}
[0.814557] (px4_msgs) StdoutLine: {'line': b'-- Up-to-date: /home/maizaied03/ros2_ws/install/px4_msgs/include/px4_msgs/px4_msgs/msg/detail/estimator_status_flags__rosidl_typesupport_introspection_c.h\n'}
[0.814597] (px4_msgs) StdoutLine: {'line': b'-- Up-to-date: /home/maizaied03/ros2_ws/install/px4_msgs/include/px4_msgs/px4_msgs/msg/detail/camera_status__type_support.c\n'}
[0.814635] (px4_msgs) StdoutLine: {'line': b'-- Up-to-date: /home/maizaied03/ros2_ws/install/px4_msgs/include/px4_msgs/px4_msgs/msg/detail/geofence_status__type_support.c\n'}
[0.814676] (px4_msgs) StdoutLine: {'line': b'-- Up-to-date: /home/maizaied03/ros2_ws/install/px4_msgs/include/px4_msgs/px4_msgs/msg/detail/trajectory_setpoint6dof__rosidl_typesupport_introspection_c.h\n'}
[0.814710] (px4_msgs) StdoutLine: {'line': b'-- Up-to-date: /home/maizaied03/ros2_ws/install/px4_msgs/include/px4_msgs/px4_msgs/msg/detail/sensor_baro__rosidl_typesupport_introspection_c.h\n'}
[0.814751] (px4_msgs) StdoutLine: {'line': b'-- Up-to-date: /home/maizaied03/ros2_ws/install/px4_msgs/include/px4_msgs/px4_msgs/msg/detail/ekf2_timestamps__type_support.c\n'}
[0.814803] (px4_msgs) StdoutLine: {'line': b'-- Up-to-date: /home/maizaied03/ros2_ws/install/px4_msgs/include/px4_msgs/px4_msgs/msg/detail/vehicle_command__type_support.c\n'}
[0.814844] (px4_msgs) StdoutLine: {'line': b'-- Up-to-date: /home/maizaied03/ros2_ws/install/px4_msgs/include/px4_msgs/px4_msgs/msg/detail/open_drone_id_system__rosidl_typesupport_introspection_c.h\n'}
[0.814878] (px4_msgs) StdoutLine: {'line': b'-- Up-to-date: /home/maizaied03/ros2_ws/install/px4_msgs/include/px4_msgs/px4_msgs/msg/detail/sensor_combined__rosidl_typesupport_introspection_c.h\n'}
[0.814919] (px4_msgs) StdoutLine: {'line': b'-- Up-to-date: /home/maizaied03/ros2_ws/install/px4_msgs/include/px4_msgs/px4_msgs/msg/detail/gimbal_controls__type_support.c\n'}
[0.814958] (px4_msgs) StdoutLine: {'line': b'-- Up-to-date: /home/maizaied03/ros2_ws/install/px4_msgs/include/px4_msgs/px4_msgs/msg/detail/vehicle_odometry__type_support.c\n'}
[0.815019] (px4_msgs) StdoutLine: {'line': b'-- Up-to-date: /home/maizaied03/ros2_ws/install/px4_msgs/include/px4_msgs/px4_msgs/msg/detail/battery_status__rosidl_typesupport_introspection_c.h\n'}
[0.815053] (px4_msgs) StdoutLine: {'line': b'-- Up-to-date: /home/maizaied03/ros2_ws/install/px4_msgs/include/px4_msgs/px4_msgs/msg/detail/message_format_response__type_support.c\n'}
[0.815108] (px4_msgs) StdoutLine: {'line': b'-- Up-to-date: /home/maizaied03/ros2_ws/install/px4_msgs/include/px4_msgs/px4_msgs/msg/detail/mount_orientation__type_support.c\n'}
[0.815168] (px4_msgs) StdoutLine: {'line': b'-- Up-to-date: /home/maizaied03/ros2_ws/install/px4_msgs/include/px4_msgs/px4_msgs/msg/detail/estimator_event_flags__type_support.c\n'}
[0.815204] (px4_msgs) StdoutLine: {'line': b'-- Up-to-date: /home/maizaied03/ros2_ws/install/px4_msgs/include/px4_msgs/px4_msgs/msg/detail/estimator_status__rosidl_typesupport_introspection_c.h\n'}
[0.815239] (px4_msgs) StdoutLine: {'line': b'-- Up-to-date: /home/maizaied03/ros2_ws/install/px4_msgs/include/px4_msgs/px4_msgs/msg/detail/position_setpoint__rosidl_typesupport_introspection_c.h\n'}
[0.815274] (px4_msgs) StdoutLine: {'line': b'-- Up-to-date: /home/maizaied03/ros2_ws/install/px4_msgs/include/px4_msgs/px4_msgs/msg/detail/landing_target_pose__rosidl_typesupport_introspection_c.h\n'}
[0.815309] (px4_msgs) StdoutLine: {'line': b'-- Up-to-date: /home/maizaied03/ros2_ws/install/px4_msgs/include/px4_msgs/px4_msgs/msg/detail/orb_test_large__type_support.c\n'}
[0.815344] (px4_msgs) StdoutLine: {'line': b'-- Up-to-date: /home/maizaied03/ros2_ws/install/px4_msgs/include/px4_msgs/px4_msgs/msg/detail/pure_pursuit_status__rosidl_typesupport_introspection_c.h\n'}
[0.815381] (px4_msgs) StdoutLine: {'line': b'-- Up-to-date: /home/maizaied03/ros2_ws/install/px4_msgs/include/px4_msgs/px4_msgs/msg/detail/sensor_hygrometer__rosidl_typesupport_introspection_c.h\n'}
[0.815416] (px4_msgs) StdoutLine: {'line': b'-- Up-to-date: /home/maizaied03/ros2_ws/install/px4_msgs/include/px4_msgs/px4_msgs/msg/detail/launch_detection_status__rosidl_typesupport_introspection_c.h\n'}
[0.815450] (px4_msgs) StdoutLine: {'line': b'-- Up-to-date: /home/maizaied03/ros2_ws/install/px4_msgs/include/px4_msgs/px4_msgs/msg/detail/esc_status__rosidl_typesupport_introspection_c.h\n'}
[0.815500] (px4_msgs) StdoutLine: {'line': b'-- Up-to-date: /home/maizaied03/ros2_ws/install/px4_msgs/include/px4_msgs/px4_msgs/msg/detail/vehicle_thrust_setpoint__type_support.c\n'}
[0.815534] (px4_msgs) StdoutLine: {'line': b'-- Up-to-date: /home/maizaied03/ros2_ws/install/px4_msgs/include/px4_msgs/px4_msgs/msg/detail/vehicle_constraints__rosidl_typesupport_introspection_c.h\n'}
[0.815566] (px4_msgs) StdoutLine: {'line': b'-- Up-to-date: /home/maizaied03/ros2_ws/install/px4_msgs/include/px4_msgs/px4_msgs/msg/detail/longitudinal_control_configuration__rosidl_typesupport_introspection_c.h\n'}
[0.815599] (px4_msgs) StdoutLine: {'line': b'-- Up-to-date: /home/maizaied03/ros2_ws/install/px4_msgs/include/px4_msgs/px4_msgs/msg/detail/rover_rate_setpoint__type_support.c\n'}
[0.815631] (px4_msgs) StdoutLine: {'line': b'-- Up-to-date: /home/maizaied03/ros2_ws/install/px4_msgs/include/px4_msgs/px4_msgs/msg/detail/parameter_update__type_support.c\n'}
[0.815665] (px4_msgs) StdoutLine: {'line': b'-- Up-to-date: /home/maizaied03/ros2_ws/install/px4_msgs/include/px4_msgs/px4_msgs/msg/detail/gain_compression__type_support.c\n'}
[0.815706] (px4_msgs) StdoutLine: {'line': b'-- Up-to-date: /home/maizaied03/ros2_ws/install/px4_msgs/include/px4_msgs/px4_msgs/msg/detail/device_information__rosidl_typesupport_introspection_c.h\n'}
[0.815739] (px4_msgs) StdoutLine: {'line': b'-- Up-to-date: /home/maizaied03/ros2_ws/install/px4_msgs/include/px4_msgs/px4_msgs/msg/detail/mode_completed__type_support.c\n'}
[0.815777] (px4_msgs) StdoutLine: {'line': b'-- Up-to-date: /home/maizaied03/ros2_ws/install/px4_msgs/include/px4_msgs/px4_msgs/msg/detail/vehicle_angular_acceleration_setpoint__type_support.c\n'}
[0.815812] (px4_msgs) StdoutLine: {'line': b'-- Up-to-date: /home/maizaied03/ros2_ws/install/px4_msgs/include/px4_msgs/px4_msgs/msg/detail/vehicle_angular_acceleration_setpoint__rosidl_typesupport_introspection_c.h\n'}
[0.815845] (px4_msgs) StdoutLine: {'line': b'-- Up-to-date: /home/maizaied03/ros2_ws/install/px4_msgs/include/px4_msgs/px4_msgs/msg/detail/flight_phase_estimation__type_support.c\n'}
[0.815882] (px4_msgs) StdoutLine: {'line': b'-- Up-to-date: /home/maizaied03/ros2_ws/install/px4_msgs/include/px4_msgs/px4_msgs/msg/detail/estimator_sensor_bias__type_support.c\n'}
[0.815915] (px4_msgs) StdoutLine: {'line': b'-- Up-to-date: /home/maizaied03/ros2_ws/install/px4_msgs/include/px4_msgs/px4_msgs/msg/detail/estimator_selector_status__type_support.c\n'}
[0.815949] (px4_msgs) StdoutLine: {'line': b'-- Up-to-date: /home/maizaied03/ros2_ws/install/px4_msgs/include/px4_msgs/px4_msgs/msg/detail/generator_status__rosidl_typesupport_introspection_c.h\n'}
[0.815983] (px4_msgs) StdoutLine: {'line': b'-- Up-to-date: /home/maizaied03/ros2_ws/install/px4_msgs/include/px4_msgs/px4_msgs/msg/detail/onboard_computer_status__rosidl_typesupport_introspection_c.h\n'}
[0.816024] (px4_msgs) StdoutLine: {'line': b'-- Up-to-date: /home/maizaied03/ros2_ws/install/px4_msgs/include/px4_msgs/px4_msgs/msg/detail/rc_parameter_map__type_support.c\n'}
[0.816087] (px4_msgs) StdoutLine: {'line': b'-- Up-to-date: /home/maizaied03/ros2_ws/install/px4_msgs/include/px4_msgs/px4_msgs/msg/detail/distance_sensor__type_support.c\n'}
[0.816125] (px4_msgs) StdoutLine: {'line': b'-- Up-to-date: /home/maizaied03/ros2_ws/install/px4_msgs/include/px4_msgs/px4_msgs/msg/detail/sensor_gnss_status__type_support.c\n'}
[0.816166] (px4_msgs) StdoutLine: {'line': b'-- Up-to-date: /home/maizaied03/ros2_ws/install/px4_msgs/include/px4_msgs/px4_msgs/msg/detail/internal_combustion_engine_control__type_support.c\n'}
[0.816211] (px4_msgs) StdoutLine: {'line': b'-- Up-to-date: /home/maizaied03/ros2_ws/install/px4_msgs/include/px4_msgs/px4_msgs/msg/detail/vehicle_torque_setpoint__rosidl_typesupport_introspection_c.h\n'}
[0.816262] (px4_msgs) StdoutLine: {'line': b'-- Up-to-date: /home/maizaied03/ros2_ws/install/px4_msgs/include/px4_msgs/px4_msgs/msg/detail/camera_capture__type_support.c\n'}
[0.816314] (px4_msgs) StdoutLine: {'line': b'-- Up-to-date: /home/maizaied03/ros2_ws/install/px4_msgs/include/px4_msgs/px4_msgs/msg/detail/vehicle_torque_setpoint__type_support.c\n'}
[0.816347] (px4_msgs) StdoutLine: {'line': b'-- Up-to-date: /home/maizaied03/ros2_ws/install/px4_msgs/include/px4_msgs/px4_msgs/msg/detail/sensor_optical_flow__type_support.c\n'}
[0.816380] (px4_msgs) StdoutLine: {'line': b'-- Up-to-date: /home/maizaied03/ros2_ws/install/px4_msgs/include/px4_msgs/px4_msgs/msg/detail/iridiumsbd_status__rosidl_typesupport_introspection_c.h\n'}
[0.816412] (px4_msgs) StdoutLine: {'line': b'-- Up-to-date: /home/maizaied03/ros2_ws/install/px4_msgs/include/px4_msgs/px4_msgs/msg/detail/rover_rate_status__type_support.c\n'}
[0.816444] (px4_msgs) StdoutLine: {'line': b'-- Up-to-date: /home/maizaied03/ros2_ws/install/px4_msgs/include/px4_msgs/px4_msgs/msg/detail/failsafe_flags__type_support.c\n'}
[0.816476] (px4_msgs) StdoutLine: {'line': b'-- Up-to-date: /home/maizaied03/ros2_ws/install/px4_msgs/include/px4_msgs/px4_msgs/msg/detail/vehicle_roi__rosidl_typesupport_introspection_c.h\n'}
[0.816509] (px4_msgs) StdoutLine: {'line': b'-- Up-to-date: /home/maizaied03/ros2_ws/install/px4_msgs/include/px4_msgs/px4_msgs/msg/detail/gain_compression__rosidl_typesupport_introspection_c.h\n'}
[0.816542] (px4_msgs) StdoutLine: {'line': b'-- Up-to-date: /home/maizaied03/ros2_ws/install/px4_msgs/include/px4_msgs/px4_msgs/msg/detail/esc_report__rosidl_typesupport_introspection_c.h\n'}
[0.816574] (px4_msgs) StdoutLine: {'line': b'-- Up-to-date: /home/maizaied03/ros2_ws/install/px4_msgs/include/px4_msgs/px4_msgs/msg/detail/follow_target__type_support.c\n'}
[0.816613] (px4_msgs) StdoutLine: {'line': b'-- Up-to-date: /home/maizaied03/ros2_ws/install/px4_msgs/include/px4_msgs/px4_msgs/msg/detail/vehicle_angular_velocity__rosidl_typesupport_introspection_c.h\n'}
[0.816650] (px4_msgs) StdoutLine: {'line': b'-- Up-to-date: /home/maizaied03/ros2_ws/install/px4_msgs/include/px4_msgs/px4_msgs/msg/detail/cellular_status__type_support.c\n'}
[0.816685] (px4_msgs) StdoutLine: {'line': b'-- Up-to-date: /home/maizaied03/ros2_ws/install/px4_msgs/include/px4_msgs/px4_msgs/msg/detail/camera_capture__rosidl_typesupport_introspection_c.h\n'}
[0.816720] (px4_msgs) StdoutLine: {'line': b'-- Up-to-date: /home/maizaied03/ros2_ws/install/px4_msgs/include/px4_msgs/px4_msgs/msg/detail/gimbal_manager_set_attitude__type_support.c\n'}
[0.816755] (px4_msgs) StdoutLine: {'line': b'-- Up-to-date: /home/maizaied03/ros2_ws/install/px4_msgs/include/px4_msgs/px4_msgs/msg/detail/gpio_in__rosidl_typesupport_introspection_c.h\n'}
[0.816823] (px4_msgs) StdoutLine: {'line': b'-- Up-to-date: /home/maizaied03/ros2_ws/install/px4_msgs/include/px4_msgs/px4_msgs/msg/detail/fixed_wing_lateral_guidance_status__rosidl_typesupport_introspection_c.h\n'}
[0.816857] (px4_msgs) StdoutLine: {'line': b'-- Up-to-date: /home/maizaied03/ros2_ws/install/px4_msgs/include/px4_msgs/px4_msgs/msg/detail/uavcan_parameter_value__rosidl_typesupport_introspection_c.h\n'}
[0.816889] (px4_msgs) StdoutLine: {'line': b'-- Up-to-date: /home/maizaied03/ros2_ws/install/px4_msgs/include/px4_msgs/px4_msgs/msg/detail/parameter_set_value_request__type_support.c\n'}
[0.816921] (px4_msgs) StdoutLine: {'line': b'-- Up-to-date: /home/maizaied03/ros2_ws/install/px4_msgs/include/px4_msgs/px4_msgs/msg/detail/vehicle_land_detected__rosidl_typesupport_introspection_c.h\n'}
[0.816953] (px4_msgs) StdoutLine: {'line': b'-- Up-to-date: /home/maizaied03/ros2_ws/install/px4_msgs/include/px4_msgs/px4_msgs/msg/detail/sensor_accel_fifo__rosidl_typesupport_introspection_c.h\n'}
[0.816987] (px4_msgs) StdoutLine: {'line': b'-- Up-to-date: /home/maizaied03/ros2_ws/install/px4_msgs/include/px4_msgs/px4_msgs/msg/detail/sensor_mag__rosidl_typesupport_introspection_c.h\n'}
[0.817020] (px4_msgs) StdoutLine: {'line': b'-- Up-to-date: /home/maizaied03/ros2_ws/install/px4_msgs/include/px4_msgs/px4_msgs/msg/detail/health_report__type_support.c\n'}
[0.817054] (px4_msgs) StdoutLine: {'line': b'-- Up-to-date: /home/maizaied03/ros2_ws/install/px4_msgs/include/px4_msgs/px4_msgs/msg/detail/ulog_stream_ack__type_support.c\n'}
[0.817100] (px4_msgs) StdoutLine: {'line': b'-- Up-to-date: /home/maizaied03/ros2_ws/install/px4_msgs/include/px4_msgs/px4_msgs/msg/detail/dataman_request__rosidl_typesupport_introspection_c.h\n'}
[0.817133] (px4_msgs) StdoutLine: {'line': b'-- Up-to-date: /home/maizaied03/ros2_ws/install/px4_msgs/include/px4_msgs/px4_msgs/msg/detail/geofence_result__type_support.c\n'}
[0.817167] (px4_msgs) StdoutLine: {'line': b'-- Up-to-date: /home/maizaied03/ros2_ws/install/px4_msgs/include/px4_msgs/px4_msgs/msg/detail/irlock_report__type_support.c\n'}
[0.817199] (px4_msgs) StdoutLine: {'line': b'-- Up-to-date: /home/maizaied03/ros2_ws/install/px4_msgs/include/px4_msgs/px4_msgs/msg/detail/pwm_input__type_support.c\n'}
[0.817233] (px4_msgs) StdoutLine: {'line': b'-- Up-to-date: /home/maizaied03/ros2_ws/install/px4_msgs/include/px4_msgs/px4_msgs/msg/detail/fixed_wing_longitudinal_setpoint__type_support.c\n'}
[0.817268] (px4_msgs) StdoutLine: {'line': b'-- Up-to-date: /home/maizaied03/ros2_ws/install/px4_msgs/include/px4_msgs/px4_msgs/msg/detail/hover_thrust_estimate__rosidl_typesupport_introspection_c.h\n'}
[0.817315] (px4_msgs) StdoutLine: {'line': b'-- Up-to-date: /home/maizaied03/ros2_ws/install/px4_msgs/include/px4_msgs/px4_msgs/msg/detail/sensor_preflight_mag__rosidl_typesupport_introspection_c.h\n'}
[0.817348] (px4_msgs) StdoutLine: {'line': b'-- Up-to-date: /home/maizaied03/ros2_ws/install/px4_msgs/include/px4_msgs/px4_msgs/msg/detail/wind__rosidl_typesupport_introspection_c.h\n'}
[0.817380] (px4_msgs) StdoutLine: {'line': b'-- Up-to-date: /home/maizaied03/ros2_ws/install/px4_msgs/include/px4_msgs/px4_msgs/msg/detail/estimator_bias__rosidl_typesupport_introspection_c.h\n'}
[0.817411] (px4_msgs) StdoutLine: {'line': b'-- Up-to-date: /home/maizaied03/ros2_ws/install/px4_msgs/include/px4_msgs/px4_msgs/msg/detail/sensor_gyro__rosidl_typesupport_introspection_c.h\n'}
[0.817444] (px4_msgs) StdoutLine: {'line': b'-- Up-to-date: /home/maizaied03/ros2_ws/install/px4_msgs/include/px4_msgs/px4_msgs/msg/detail/sensor_gyro_fft__rosidl_typesupport_introspection_c.h\n'}
[0.817475] (px4_msgs) StdoutLine: {'line': b'-- Up-to-date: /home/maizaied03/ros2_ws/install/px4_msgs/include/px4_msgs/px4_msgs/msg/detail/fixed_wing_runway_control__type_support.c\n'}
[0.817507] (px4_msgs) StdoutLine: {'line': b'-- Up-to-date: /home/maizaied03/ros2_ws/install/px4_msgs/include/px4_msgs/px4_msgs/msg/detail/unregister_ext_component__type_support.c\n'}
[0.817540] (px4_msgs) StdoutLine: {'line': b'-- Up-to-date: /home/maizaied03/ros2_ws/install/px4_msgs/include/px4_msgs/px4_msgs/msg/detail/gimbal_device_information__rosidl_typesupport_introspection_c.h\n'}
[0.817574] (px4_msgs) StdoutLine: {'line': b'-- Up-to-date: /home/maizaied03/ros2_ws/install/px4_msgs/include/px4_msgs/px4_msgs/msg/detail/fuel_tank_status__rosidl_typesupport_introspection_c.h\n'}
[0.817608] (px4_msgs) StdoutLine: {'line': b'-- Up-to-date: /home/maizaied03/ros2_ws/install/px4_msgs/include/px4_msgs/px4_msgs/msg/detail/mavlink_log__rosidl_typesupport_introspection_c.h\n'}
[0.817642] (px4_msgs) StdoutLine: {'line': b'-- Up-to-date: /home/maizaied03/ros2_ws/install/px4_msgs/include/px4_msgs/px4_msgs/msg/detail/manual_control_switches__rosidl_typesupport_introspection_c.h\n'}
[0.817676] (px4_msgs) StdoutLine: {'line': b'-- Up-to-date: /home/maizaied03/ros2_ws/install/px4_msgs/include/px4_msgs/px4_msgs/msg/detail/sensor_uwb__rosidl_typesupport_introspection_c.h\n'}
[0.817710] (px4_msgs) StdoutLine: {'line': b'-- Up-to-date: /home/maizaied03/ros2_ws/install/px4_msgs/include/px4_msgs/px4_msgs/msg/detail/action_request__type_support.c\n'}
[0.817744] (px4_msgs) StdoutLine: {'line': b'-- Up-to-date: /home/maizaied03/ros2_ws/install/px4_msgs/include/px4_msgs/px4_msgs/msg/detail/estimator_selector_status__rosidl_typesupport_introspection_c.h\n'}
[0.817804] (px4_msgs) StdoutLine: {'line': b'-- Up-to-date: /home/maizaied03/ros2_ws/install/px4_msgs/include/px4_msgs/px4_msgs/msg/detail/tiltrotor_extra_controls__type_support.c\n'}
[0.817852] (px4_msgs) StdoutLine: {'line': b'-- Up-to-date: /home/maizaied03/ros2_ws/install/px4_msgs/include/px4_msgs/px4_msgs/msg/detail/vehicle_global_position__type_support.c\n'}
[0.817888] (px4_msgs) StdoutLine: {'line': b'-- Up-to-date: /home/maizaied03/ros2_ws/install/px4_msgs/include/px4_msgs/px4_msgs/msg/detail/lateral_control_configuration__rosidl_typesupport_introspection_c.h\n'}
[0.817923] (px4_msgs) StdoutLine: {'line': b'-- Up-to-date: /home/maizaied03/ros2_ws/install/px4_msgs/include/px4_msgs/px4_msgs/msg/detail/rover_attitude_setpoint__type_support.c\n'}
[0.817957] (px4_msgs) StdoutLine: {'line': b'-- Up-to-date: /home/maizaied03/ros2_ws/install/px4_msgs/include/px4_msgs/px4_msgs/msg/detail/hover_thrust_estimate__type_support.c\n'}
[0.817991] (px4_msgs) StdoutLine: {'line': b'-- Up-to-date: /home/maizaied03/ros2_ws/install/px4_msgs/include/px4_msgs/px4_msgs/msg/detail/vehicle_status__type_support.c\n'}
[0.818024] (px4_msgs) StdoutLine: {'line': b'-- Up-to-date: /home/maizaied03/ros2_ws/install/px4_msgs/include/px4_msgs/px4_msgs/msg/detail/vehicle_optical_flow__type_support.c\n'}
[0.818059] (px4_msgs) StdoutLine: {'line': b'-- Up-to-date: /home/maizaied03/ros2_ws/install/px4_msgs/include/px4_msgs/px4_msgs/msg/detail/debug_array__type_support.c\n'}
[0.818093] (px4_msgs) StdoutLine: {'line': b'-- Up-to-date: /home/maizaied03/ros2_ws/install/px4_msgs/include/px4_msgs/px4_msgs/msg/detail/gimbal_device_information__type_support.c\n'}
[0.818140] (px4_msgs) StdoutLine: {'line': b'-- Up-to-date: /home/maizaied03/ros2_ws/install/px4_msgs/include/px4_msgs/px4_msgs/msg/detail/rover_position_setpoint__rosidl_typesupport_introspection_c.h\n'}
[0.818180] (px4_msgs) StdoutLine: {'line': b'-- Up-to-date: /home/maizaied03/ros2_ws/install/px4_msgs/include/px4_msgs/px4_msgs/msg/detail/offboard_control_mode__type_support.c\n'}
[0.818219] (px4_msgs) StdoutLine: {'line': b'-- Up-to-date: /home/maizaied03/ros2_ws/install/px4_msgs/include/px4_msgs/px4_msgs/msg/detail/sensor_preflight_mag__type_support.c\n'}
[0.818254] (px4_msgs) StdoutLine: {'line': b'-- Up-to-date: /home/maizaied03/ros2_ws/install/px4_msgs/include/px4_msgs/px4_msgs/msg/detail/estimator_aid_source2d__rosidl_typesupport_introspection_c.h\n'}
[0.818288] (px4_msgs) StdoutLine: {'line': b'-- Up-to-date: /home/maizaied03/ros2_ws/install/px4_msgs/include/px4_msgs/px4_msgs/msg/detail/mavlink_log__type_support.c\n'}
[0.818321] (px4_msgs) StdoutLine: {'line': b'-- Up-to-date: /home/maizaied03/ros2_ws/install/px4_msgs/include/px4_msgs/px4_msgs/msg/detail/internal_combustion_engine_control__rosidl_typesupport_introspection_c.h\n'}
[0.818368] (px4_msgs) StdoutLine: {'line': b'-- Up-to-date: /home/maizaied03/ros2_ws/install/px4_msgs/include/px4_msgs/px4_msgs/msg/detail/differential_pressure__rosidl_typesupport_introspection_c.h\n'}
[0.818400] (px4_msgs) StdoutLine: {'line': b'-- Up-to-date: /home/maizaied03/ros2_ws/install/px4_msgs/include/px4_msgs/px4_msgs/msg/detail/position_setpoint__type_support.c\n'}
[0.818432] (px4_msgs) StdoutLine: {'line': b'-- Up-to-date: /home/maizaied03/ros2_ws/install/px4_msgs/include/px4_msgs/px4_msgs/msg/detail/fuel_tank_status__type_support.c\n'}
[0.818462] (px4_msgs) StdoutLine: {'line': b'-- Up-to-date: /home/maizaied03/ros2_ws/install/px4_msgs/include/px4_msgs/px4_msgs/msg/detail/flight_phase_estimation__rosidl_typesupport_introspection_c.h\n'}
[0.818494] (px4_msgs) StdoutLine: {'line': b'-- Up-to-date: /home/maizaied03/ros2_ws/install/px4_msgs/include/px4_msgs/px4_msgs/msg/detail/tecs_status__rosidl_typesupport_introspection_c.h\n'}
[0.818531] (px4_msgs) StdoutLine: {'line': b'-- Up-to-date: /home/maizaied03/ros2_ws/install/px4_msgs/include/px4_msgs/px4_msgs/msg/detail/camera_status__rosidl_typesupport_introspection_c.h\n'}
[0.818564] (px4_msgs) StdoutLine: {'line': b'-- Up-to-date: /home/maizaied03/ros2_ws/install/px4_msgs/include/px4_msgs/px4_msgs/msg/detail/landing_gear_wheel__rosidl_typesupport_introspection_c.h\n'}
[0.818597] (px4_msgs) StdoutLine: {'line': b'-- Up-to-date: /home/maizaied03/ros2_ws/install/px4_msgs/include/px4_msgs/px4_msgs/msg/detail/rover_speed_status__rosidl_typesupport_introspection_c.h\n'}
[0.818642] (px4_msgs) StdoutLine: {'line': b'-- Up-to-date: /home/maizaied03/ros2_ws/install/px4_msgs/include/px4_msgs/px4_msgs/msg/detail/rc_channels__type_support.c\n'}
[0.818674] (px4_msgs) StdoutLine: {'line': b'-- Up-to-date: /home/maizaied03/ros2_ws/install/px4_msgs/include/px4_msgs/px4_msgs/msg/detail/internal_combustion_engine_status__rosidl_typesupport_introspection_c.h\n'}
[0.818709] (px4_msgs) StdoutLine: {'line': b'-- Up-to-date: /home/maizaied03/ros2_ws/install/px4_msgs/include/px4_msgs/px4_msgs/msg/detail/gps_inject_data__type_support.c\n'}
[0.818743] (px4_msgs) StdoutLine: {'line': b'-- Up-to-date: /home/maizaied03/ros2_ws/install/px4_msgs/include/px4_msgs/px4_msgs/msg/detail/qshell_req__type_support.c\n'}
[0.818792] (px4_msgs) StdoutLine: {'line': b'-- Up-to-date: /home/maizaied03/ros2_ws/install/px4_msgs/include/px4_msgs/px4_msgs/msg/detail/fixed_wing_lateral_status__rosidl_typesupport_introspection_c.h\n'}
[0.818826] (px4_msgs) StdoutLine: {'line': b'-- Up-to-date: /home/maizaied03/ros2_ws/install/px4_msgs/include/px4_msgs/px4_msgs/msg/detail/battery_info__type_support.c\n'}
[0.818858] (px4_msgs) StdoutLine: {'line': b'-- Up-to-date: /home/maizaied03/ros2_ws/install/px4_msgs/include/px4_msgs/px4_msgs/msg/detail/actuator_servos_trim__rosidl_typesupport_introspection_c.h\n'}
[0.818894] (px4_msgs) StdoutLine: {'line': b'-- Up-to-date: /home/maizaied03/ros2_ws/install/px4_msgs/include/px4_msgs/px4_msgs/msg/detail/rover_speed_status__type_support.c\n'}
[0.818926] (px4_msgs) StdoutLine: {'line': b'-- Up-to-date: /home/maizaied03/ros2_ws/install/px4_msgs/include/px4_msgs/px4_msgs/msg/detail/dronecan_node_status__type_support.c\n'}
[0.818960] (px4_msgs) StdoutLine: {'line': b'-- Up-to-date: /home/maizaied03/ros2_ws/install/px4_msgs/include/px4_msgs/px4_msgs/msg/detail/battery_info__rosidl_typesupport_introspection_c.h\n'}
[0.818993] (px4_msgs) StdoutLine: {'line': b'-- Up-to-date: /home/maizaied03/ros2_ws/install/px4_msgs/include/px4_msgs/px4_msgs/msg/detail/follow_target_status__type_support.c\n'}
[0.819027] (px4_msgs) StdoutLine: {'line': b'-- Up-to-date: /home/maizaied03/ros2_ws/install/px4_msgs/include/px4_msgs/px4_msgs/msg/detail/estimator_bias3d__type_support.c\n'}
[0.819061] (px4_msgs) StdoutLine: {'line': b'-- Up-to-date: /home/maizaied03/ros2_ws/install/px4_msgs/include/px4_msgs/px4_msgs/msg/detail/gimbal_device_set_attitude__type_support.c\n'}
[0.819096] (px4_msgs) StdoutLine: {'line': b'-- Up-to-date: /home/maizaied03/ros2_ws/install/px4_msgs/include/px4_msgs/px4_msgs/msg/detail/uavcan_parameter_request__type_support.c\n'}
[0.819147] (px4_msgs) StdoutLine: {'line': b'-- Up-to-date: /home/maizaied03/ros2_ws/install/px4_msgs/include/px4_msgs/px4_msgs/msg/detail/task_stack_info__type_support.c\n'}
[0.819180] (px4_msgs) StdoutLine: {'line': b'-- Up-to-date: /home/maizaied03/ros2_ws/install/px4_msgs/include/px4_msgs/px4_msgs/msg/detail/tecs_status__type_support.c\n'}
[0.819213] (px4_msgs) StdoutLine: {'line': b'-- Up-to-date: /home/maizaied03/ros2_ws/install/px4_msgs/include/px4_msgs/px4_msgs/msg/detail/register_ext_component_request__type_support.c\n'}
[0.819244] (px4_msgs) StdoutLine: {'line': b'-- Up-to-date: /home/maizaied03/ros2_ws/install/px4_msgs/include/px4_msgs/px4_msgs/msg/detail/rpm__rosidl_typesupport_introspection_c.h\n'}
[0.819276] (px4_msgs) StdoutLine: {'line': b'-- Up-to-date: /home/maizaied03/ros2_ws/install/px4_msgs/include/px4_msgs/px4_msgs/msg/detail/goto_setpoint__rosidl_typesupport_introspection_c.h\n'}
[0.819308] (px4_msgs) StdoutLine: {'line': b'-- Up-to-date: /home/maizaied03/ros2_ws/install/px4_msgs/include/px4_msgs/px4_msgs/msg/detail/led_control__rosidl_typesupport_introspection_c.h\n'}
[0.819339] (px4_msgs) StdoutLine: {'line': b'-- Up-to-date: /home/maizaied03/ros2_ws/install/px4_msgs/include/px4_msgs/px4_msgs/msg/detail/unregister_ext_component__rosidl_typesupport_introspection_c.h\n'}
[0.819381] (px4_msgs) StdoutLine: {'line': b'-- Up-to-date: /home/maizaied03/ros2_ws/install/px4_msgs/include/px4_msgs/px4_msgs/msg/detail/estimator_bias3d__rosidl_typesupport_introspection_c.h\n'}
[0.819428] (px4_msgs) StdoutLine: {'line': b'-- Up-to-date: /home/maizaied03/ros2_ws/install/px4_msgs/include/px4_msgs/px4_msgs/msg/detail/ping__rosidl_typesupport_introspection_c.h\n'}
[0.819461] (px4_msgs) StdoutLine: {'line': b'-- Up-to-date: /home/maizaied03/ros2_ws/install/px4_msgs/include/px4_msgs/px4_msgs/msg/detail/parameter_reset_request__type_support.c\n'}
[0.819493] (px4_msgs) StdoutLine: {'line': b'-- Up-to-date: /home/maizaied03/ros2_ws/install/px4_msgs/include/px4_msgs/px4_msgs/msg/detail/orb_test__rosidl_typesupport_introspection_c.h\n'}
[0.819525] (px4_msgs) StdoutLine: {'line': b'-- Up-to-date: /home/maizaied03/ros2_ws/install/px4_msgs/include/px4_msgs/px4_msgs/msg/detail/pps_capture__type_support.c\n'}
[0.819560] (px4_msgs) StdoutLine: {'line': b'-- Up-to-date: /home/maizaied03/ros2_ws/install/px4_msgs/include/px4_msgs/px4_msgs/msg/detail/adc_report__rosidl_typesupport_introspection_c.h\n'}
[0.819594] (px4_msgs) StdoutLine: {'line': b'-- Up-to-date: /home/maizaied03/ros2_ws/install/px4_msgs/include/px4_msgs/px4_msgs/msg/detail/longitudinal_control_configuration__type_support.c\n'}
[0.819627] (px4_msgs) StdoutLine: {'line': b'-- Up-to-date: /home/maizaied03/ros2_ws/install/px4_msgs/include/px4_msgs/px4_msgs/msg/detail/lateral_control_configuration__type_support.c\n'}
[0.819661] (px4_msgs) StdoutLine: {'line': b'-- Up-to-date: /home/maizaied03/ros2_ws/install/px4_msgs/include/px4_msgs/px4_msgs/msg/detail/vehicle_angular_velocity__type_support.c\n'}
[0.819693] (px4_msgs) StdoutLine: {'line': b'-- Up-to-date: /home/maizaied03/ros2_ws/install/px4_msgs/include/px4_msgs/px4_msgs/msg/detail/battery_status__type_support.c\n'}
[0.819728] (px4_msgs) StdoutLine: {'line': b'-- Up-to-date: /home/maizaied03/ros2_ws/install/px4_msgs/include/px4_msgs/px4_msgs/msg/detail/debug_key_value__rosidl_typesupport_introspection_c.h\n'}
[0.819771] (px4_msgs) StdoutLine: {'line': b'-- Up-to-date: /home/maizaied03/ros2_ws/install/px4_msgs/include/px4_msgs/px4_msgs/msg/detail/vehicle_attitude__type_support.c\n'}
[0.819807] (px4_msgs) StdoutLine: {'line': b'-- Up-to-date: /home/maizaied03/ros2_ws/install/px4_msgs/include/px4_msgs/px4_msgs/msg/detail/vehicle_control_mode__type_support.c\n'}
[0.819841] (px4_msgs) StdoutLine: {'line': b'-- Up-to-date: /home/maizaied03/ros2_ws/install/px4_msgs/include/px4_msgs/px4_msgs/msg/detail/airspeed__type_support.c\n'}
[0.819874] (px4_msgs) StdoutLine: {'line': b'-- Up-to-date: /home/maizaied03/ros2_ws/install/px4_msgs/include/px4_msgs/px4_msgs/msg/detail/takeoff_status__type_support.c\n'}
[0.819906] (px4_msgs) StdoutLine: {'line': b'-- Up-to-date: /home/maizaied03/ros2_ws/install/px4_msgs/include/px4_msgs/px4_msgs/msg/detail/estimator_innovations__rosidl_typesupport_introspection_c.h\n'}
[0.819940] (px4_msgs) StdoutLine: {'line': b'-- Up-to-date: /home/maizaied03/ros2_ws/install/px4_msgs/include/px4_msgs/px4_msgs/msg/detail/trajectory_setpoint6dof__type_support.c\n'}
[0.819976] (px4_msgs) StdoutLine: {'line': b'-- Up-to-date: /home/maizaied03/ros2_ws/install/px4_msgs/include/px4_msgs/px4_msgs/msg/detail/rtl_status__type_support.c\n'}
[0.820009] (px4_msgs) StdoutLine: {'line': b'-- Up-to-date: /home/maizaied03/ros2_ws/install/px4_msgs/include/px4_msgs/px4_msgs/msg/detail/sensor_hygrometer__type_support.c\n'}
[0.820043] (px4_msgs) StdoutLine: {'line': b'-- Up-to-date: /home/maizaied03/ros2_ws/install/px4_msgs/include/px4_msgs/px4_msgs/msg/detail/control_allocator_status__rosidl_typesupport_introspection_c.h\n'}
[0.820077] (px4_msgs) StdoutLine: {'line': b'-- Up-to-date: /home/maizaied03/ros2_ws/install/px4_msgs/include/px4_msgs/px4_msgs/msg/detail/message_format_response__rosidl_typesupport_introspection_c.h\n'}
[0.820131] (px4_msgs) StdoutLine: {'line': b'-- Up-to-date: /home/maizaied03/ros2_ws/install/px4_msgs/include/px4_msgs/px4_msgs/msg/detail/mag_worker_data__type_support.c\n'}
[0.820165] (px4_msgs) StdoutLine: {'line': b'-- Up-to-date: /home/maizaied03/ros2_ws/install/px4_msgs/include/px4_msgs/px4_msgs/msg/detail/vehicle_attitude_setpoint__rosidl_typesupport_introspection_c.h\n'}
[0.820199] (px4_msgs) StdoutLine: {'line': b'-- Up-to-date: /home/maizaied03/ros2_ws/install/px4_msgs/include/px4_msgs/px4_msgs/msg/detail/mount_orientation__rosidl_typesupport_introspection_c.h\n'}
[0.820232] (px4_msgs) StdoutLine: {'line': b'-- Up-to-date: /home/maizaied03/ros2_ws/install/px4_msgs/include/px4_msgs/px4_msgs/msg/detail/vtx__type_support.c\n'}
[0.820268] (px4_msgs) StdoutLine: {'line': b'-- Up-to-date: /home/maizaied03/ros2_ws/install/px4_msgs/include/px4_msgs/px4_msgs/msg/detail/sensor_temp__rosidl_typesupport_introspection_c.h\n'}
[0.820301] (px4_msgs) StdoutLine: {'line': b'-- Up-to-date: /home/maizaied03/ros2_ws/install/px4_msgs/include/px4_msgs/px4_msgs/msg/detail/normalized_unsigned_setpoint__type_support.c\n'}
[0.820334] (px4_msgs) StdoutLine: {'line': b'-- Up-to-date: /home/maizaied03/ros2_ws/install/px4_msgs/include/px4_msgs/px4_msgs/msg/detail/rover_speed_setpoint__type_support.c\n'}
[0.820367] (px4_msgs) StdoutLine: {'line': b'-- Up-to-date: /home/maizaied03/ros2_ws/install/px4_msgs/include/px4_msgs/px4_msgs/msg/detail/ulog_stream_ack__rosidl_typesupport_introspection_c.h\n'}
[0.820401] (px4_msgs) StdoutLine: {'line': b'-- Up-to-date: /home/maizaied03/ros2_ws/install/px4_msgs/include/px4_msgs/px4_msgs/msg/detail/orb_test_large__rosidl_typesupport_introspection_c.h\n'}
[0.820453] (px4_msgs) StdoutLine: {'line': b'-- Up-to-date: /home/maizaied03/ros2_ws/install/px4_msgs/include/px4_msgs/px4_msgs/msg/detail/tune_control__type_support.c\n'}
[0.820485] (px4_msgs) StdoutLine: {'line': b'-- Up-to-date: /home/maizaied03/ros2_ws/install/px4_msgs/include/px4_msgs/px4_msgs/msg/detail/landing_target_innovations__type_support.c\n'}
[0.820518] (px4_msgs) StdoutLine: {'line': b'-- Up-to-date: /home/maizaied03/ros2_ws/install/px4_msgs/include/px4_msgs/px4_msgs/msg/detail/gpio_out__type_support.c\n'}
[0.820549] (px4_msgs) StdoutLine: {'line': b'-- Up-to-date: /home/maizaied03/ros2_ws/install/px4_msgs/include/px4_msgs/px4_msgs/msg/detail/actuator_test__rosidl_typesupport_introspection_c.h\n'}
[0.820581] (px4_msgs) StdoutLine: {'line': b'-- Up-to-date: /home/maizaied03/ros2_ws/install/px4_msgs/include/px4_msgs/px4_msgs/msg/detail/pps_capture__rosidl_typesupport_introspection_c.h\n'}
[0.820627] (px4_msgs) StdoutLine: {'line': b'-- Up-to-date: /home/maizaied03/ros2_ws/install/px4_msgs/include/px4_msgs/px4_msgs/msg/detail/logger_status__type_support.c\n'}
[0.820659] (px4_msgs) StdoutLine: {'line': b'-- Up-to-date: /home/maizaied03/ros2_ws/install/px4_msgs/include/px4_msgs/px4_msgs/msg/detail/sensor_gnss_status__rosidl_typesupport_introspection_c.h\n'}
[0.820691] (px4_msgs) StdoutLine: {'line': b'-- Up-to-date: /home/maizaied03/ros2_ws/install/px4_msgs/include/px4_msgs/px4_msgs/msg/detail/estimator_gps_status__rosidl_typesupport_introspection_c.h\n'}
[0.820723] (px4_msgs) StdoutLine: {'line': b'-- Up-to-date: /home/maizaied03/ros2_ws/install/px4_msgs/include/px4_msgs/px4_msgs/msg/detail/rover_steering_setpoint__type_support.c\n'}
[0.820755] (px4_msgs) StdoutLine: {'line': b'-- Up-to-date: /home/maizaied03/ros2_ws/install/px4_msgs/include/px4_msgs/px4_msgs/msg/detail/mag_worker_data__rosidl_typesupport_introspection_c.h\n'}
[0.820792] (px4_msgs) StdoutLine: {'line': b'-- Up-to-date: /home/maizaied03/ros2_ws/install/px4_msgs/include/px4_msgs/px4_msgs/msg/detail/action_request__rosidl_typesupport_introspection_c.h\n'}
[0.820827] (px4_msgs) StdoutLine: {'line': b'-- Up-to-date: /home/maizaied03/ros2_ws/install/px4_msgs/include/px4_msgs/px4_msgs/msg/detail/landing_gear_wheel__type_support.c\n'}
[0.820862] (px4_msgs) StdoutLine: {'line': b'-- Up-to-date: /home/maizaied03/ros2_ws/install/px4_msgs/include/px4_msgs/px4_msgs/msg/detail/open_drone_id_operator_id__rosidl_typesupport_introspection_c.h\n'}
[0.820895] (px4_msgs) StdoutLine: {'line': b'-- Up-to-date: /home/maizaied03/ros2_ws/install/px4_msgs/include/px4_msgs/px4_msgs/msg/detail/actuator_controls_status__type_support.c\n'}
[0.820929] (px4_msgs) StdoutLine: {'line': b'-- Up-to-date: /home/maizaied03/ros2_ws/install/px4_msgs/include/px4_msgs/px4_msgs/msg/detail/ping__type_support.c\n'}
[0.820974] (px4_msgs) StdoutLine: {'line': b'-- Up-to-date: /home/maizaied03/ros2_ws/install/px4_msgs/include/px4_msgs/px4_msgs/msg/detail/sensor_airflow__rosidl_typesupport_introspection_c.h\n'}
[0.821013] (px4_msgs) StdoutLine: {'line': b'-- Up-to-date: /home/maizaied03/ros2_ws/install/px4_msgs/include/px4_msgs/px4_msgs/msg/detail/sensor_combined__type_support.c\n'}
[0.821045] (px4_msgs) StdoutLine: {'line': b'-- Up-to-date: /home/maizaied03/ros2_ws/install/px4_msgs/include/px4_msgs/px4_msgs/msg/detail/sensor_gyro_fifo__rosidl_typesupport_introspection_c.h\n'}
[0.821077] (px4_msgs) StdoutLine: {'line': b'-- Up-to-date: /home/maizaied03/ros2_ws/install/px4_msgs/include/px4_msgs/px4_msgs/msg/detail/rover_rate_status__rosidl_typesupport_introspection_c.h\n'}
[0.821130] (px4_msgs) StdoutLine: {'line': b'-- Up-to-date: /home/maizaied03/ros2_ws/install/px4_msgs/include/px4_msgs/px4_msgs/msg/detail/power_monitor__type_support.c\n'}
[0.821164] (px4_msgs) StdoutLine: {'line': b'-- Up-to-date: /home/maizaied03/ros2_ws/install/px4_msgs/include/px4_msgs/px4_msgs/msg/detail/orbit_status__type_support.c\n'}
[0.821196] (px4_msgs) StdoutLine: {'line': b'-- Up-to-date: /home/maizaied03/ros2_ws/install/px4_msgs/include/px4_msgs/px4_msgs/msg/detail/radio_status__rosidl_typesupport_introspection_c.h\n'}
[0.821228] (px4_msgs) StdoutLine: {'line': b'-- Up-to-date: /home/maizaied03/ros2_ws/install/px4_msgs/include/px4_msgs/px4_msgs/msg/detail/parameter_set_used_request__rosidl_typesupport_introspection_c.h\n'}
[0.821260] (px4_msgs) StdoutLine: {'line': b'-- Up-to-date: /home/maizaied03/ros2_ws/install/px4_msgs/include/px4_msgs/px4_msgs/msg/detail/timesync_status__type_support.c\n'}
[0.821292] (px4_msgs) StdoutLine: {'line': b'-- Up-to-date: /home/maizaied03/ros2_ws/install/px4_msgs/include/px4_msgs/px4_msgs/msg/detail/generator_status__type_support.c\n'}
[0.821327] (px4_msgs) StdoutLine: {'line': b'-- Up-to-date: /home/maizaied03/ros2_ws/install/px4_msgs/include/px4_msgs/px4_msgs/msg/detail/button_event__type_support.c\n'}
[0.821399] (px4_msgs) StdoutLine: {'line': b'-- Up-to-date: /home/maizaied03/ros2_ws/install/px4_msgs/include/px4_msgs/px4_msgs/msg/detail/ulog_stream__rosidl_typesupport_introspection_c.h\n'}
[0.821437] (px4_msgs) StdoutLine: {'line': b'-- Up-to-date: /home/maizaied03/ros2_ws/install/px4_msgs/include/px4_msgs/px4_msgs/msg/detail/gimbal_controls__rosidl_typesupport_introspection_c.h\n'}
[0.821470] (px4_msgs) StdoutLine: {'line': b'-- Up-to-date: /home/maizaied03/ros2_ws/install/px4_msgs/include/px4_msgs/px4_msgs/msg/detail/vehicle_roi__type_support.c\n'}
[0.821513] (px4_msgs) StdoutLine: {'line': b'-- Up-to-date: /home/maizaied03/ros2_ws/install/px4_msgs/include/px4_msgs/px4_msgs/msg/detail/debug_value__type_support.c\n'}
[0.821573] (px4_msgs) StdoutLine: {'line': b'-- Up-to-date: /home/maizaied03/ros2_ws/install/px4_msgs/include/px4_msgs/px4_msgs/msg/detail/estimator_event_flags__rosidl_typesupport_introspection_c.h\n'}
[0.821606] (px4_msgs) StdoutLine: {'line': b'-- Up-to-date: /home/maizaied03/ros2_ws/install/px4_msgs/include/px4_msgs/px4_msgs/msg/detail/follow_target_estimator__type_support.c\n'}
[0.821647] (px4_msgs) StdoutLine: {'line': b'-- Up-to-date: /home/maizaied03/ros2_ws/install/px4_msgs/include/px4_msgs/px4_msgs/msg/detail/onboard_computer_status__type_support.c\n'}
[0.821683] (px4_msgs) StdoutLine: {'line': b'-- Up-to-date: /home/maizaied03/ros2_ws/install/px4_msgs/include/px4_msgs/px4_msgs/msg/detail/yaw_estimator_status__type_support.c\n'}
[0.821736] (px4_msgs) StdoutLine: {'line': b'-- Up-to-date: /home/maizaied03/ros2_ws/install/px4_msgs/include/px4_msgs/px4_msgs/msg/detail/fixed_wing_lateral_guidance_status__type_support.c\n'}
[0.821782] (px4_msgs) StdoutLine: {'line': b'-- Up-to-date: /home/maizaied03/ros2_ws/install/px4_msgs/include/px4_msgs/px4_msgs/msg/detail/airspeed_wind__type_support.c\n'}
[0.821822] (px4_msgs) StdoutLine: {'line': b'-- Up-to-date: /home/maizaied03/ros2_ws/install/px4_msgs/include/px4_msgs/px4_msgs/msg/detail/navigator_status__type_support.c\n'}
[0.821863] (px4_msgs) StdoutLine: {'line': b'-- Up-to-date: /home/maizaied03/ros2_ws/install/px4_msgs/include/px4_msgs/px4_msgs/msg/detail/airspeed_validated__rosidl_typesupport_introspection_c.h\n'}
[0.821899] (px4_msgs) StdoutLine: {'line': b'-- Up-to-date: /home/maizaied03/ros2_ws/install/px4_msgs/include/px4_msgs/px4_msgs/msg/detail/actuator_outputs__type_support.c\n'}
[0.821935] (px4_msgs) StdoutLine: {'line': b'-- Up-to-date: /home/maizaied03/ros2_ws/install/px4_msgs/include/px4_msgs/px4_msgs/msg/detail/vehicle_rates_setpoint__type_support.c\n'}
[0.821985] (px4_msgs) StdoutLine: {'line': b'-- Up-to-date: /home/maizaied03/ros2_ws/install/px4_msgs/include/px4_msgs/px4_msgs/msg/detail/button_event__rosidl_typesupport_introspection_c.h\n'}
[0.822021] (px4_msgs) StdoutLine: {'line': b'-- Up-to-date: /home/maizaied03/ros2_ws/install/px4_msgs/include/px4_msgs/px4_msgs/msg/detail/gripper__type_support.c\n'}
[0.822056] (px4_msgs) StdoutLine: {'line': b'-- Up-to-date: /home/maizaied03/ros2_ws/install/px4_msgs/include/px4_msgs/px4_msgs/msg/detail/trajectory_setpoint__rosidl_typesupport_introspection_c.h\n'}
[0.822090] (px4_msgs) StdoutLine: {'line': b'-- Up-to-date: /home/maizaied03/ros2_ws/install/px4_msgs/include/px4_msgs/px4_msgs/msg/detail/satellite_info__rosidl_typesupport_introspection_c.h\n'}
[0.822124] (px4_msgs) StdoutLine: {'line': b'-- Up-to-date: /home/maizaied03/ros2_ws/install/px4_msgs/include/px4_msgs/px4_msgs/msg/detail/sensor_mag__type_support.c\n'}
[0.822158] (px4_msgs) StdoutLine: {'line': b'-- Up-to-date: /home/maizaied03/ros2_ws/install/px4_msgs/include/px4_msgs/px4_msgs/msg/detail/vehicle_local_position_setpoint__type_support.c\n'}
[0.822193] (px4_msgs) StdoutLine: {'line': b'-- Up-to-date: /home/maizaied03/ros2_ws/install/px4_msgs/include/px4_msgs/px4_msgs/msg/detail/message_format_request__type_support.c\n'}
[0.822246] (px4_msgs) StdoutLine: {'line': b'-- Up-to-date: /home/maizaied03/ros2_ws/install/px4_msgs/include/px4_msgs/px4_msgs/msg/detail/orb_test_medium__rosidl_typesupport_introspection_c.h\n'}
[0.822279] (px4_msgs) StdoutLine: {'line': b'-- Up-to-date: /home/maizaied03/ros2_ws/install/px4_msgs/include/px4_msgs/px4_msgs/msg/detail/navigator_mission_item__type_support.c\n'}
[0.822311] (px4_msgs) StdoutLine: {'line': b'-- Up-to-date: /home/maizaied03/ros2_ws/install/px4_msgs/include/px4_msgs/px4_msgs/msg/detail/sensor_baro__type_support.c\n'}
[0.822343] (px4_msgs) StdoutLine: {'line': b'-- Up-to-date: /home/maizaied03/ros2_ws/install/px4_msgs/include/px4_msgs/px4_msgs/msg/detail/event__rosidl_typesupport_introspection_c.h\n'}
[0.822377] (px4_msgs) StdoutLine: {'line': b'-- Up-to-date: /home/maizaied03/ros2_ws/install/px4_msgs/include/px4_msgs/px4_msgs/msg/detail/arming_check_reply__rosidl_typesupport_introspection_c.h\n'}
[0.822412] (px4_msgs) StdoutLine: {'line': b'-- Up-to-date: /home/maizaied03/ros2_ws/install/px4_msgs/include/px4_msgs/px4_msgs/msg/detail/led_control__type_support.c\n'}
[0.822445] (px4_msgs) StdoutLine: {'line': b'-- Up-to-date: /home/maizaied03/ros2_ws/install/px4_msgs/include/px4_msgs/px4_msgs/msg/detail/sensor_selection__type_support.c\n'}
[0.822480] (px4_msgs) StdoutLine: {'line': b'-- Up-to-date: /home/maizaied03/ros2_ws/install/px4_msgs/include/px4_msgs/px4_msgs/msg/detail/cellular_status__rosidl_typesupport_introspection_c.h\n'}
[0.822514] (px4_msgs) StdoutLine: {'line': b'-- Up-to-date: /home/maizaied03/ros2_ws/install/px4_msgs/include/px4_msgs/px4_msgs/msg/detail/wheel_encoders__rosidl_typesupport_introspection_c.h\n'}
[0.822549] (px4_msgs) StdoutLine: {'line': b'-- Up-to-date: /home/maizaied03/ros2_ws/install/px4_msgs/include/px4_msgs/px4_msgs/msg/detail/magnetometer_bias_estimate__rosidl_typesupport_introspection_c.h\n'}
[0.822582] (px4_msgs) StdoutLine: {'line': b'-- Up-to-date: /home/maizaied03/ros2_ws/install/px4_msgs/include/px4_msgs/px4_msgs/msg/detail/position_setpoint_triplet__type_support.c\n'}
[0.822624] (px4_msgs) StdoutLine: {'line': b'-- Up-to-date: /home/maizaied03/ros2_ws/install/px4_msgs/include/px4_msgs/px4_msgs/msg/detail/geofence_status__rosidl_typesupport_introspection_c.h\n'}
[0.822675] (px4_msgs) StdoutLine: {'line': b'-- Up-to-date: /home/maizaied03/ros2_ws/install/px4_msgs/include/px4_msgs/px4_msgs/msg/detail/position_setpoint_triplet__rosidl_typesupport_introspection_c.h\n'}
[0.822712] (px4_msgs) StdoutLine: {'line': b'-- Up-to-date: /home/maizaied03/ros2_ws/install/px4_msgs/include/px4_msgs/px4_msgs/msg/detail/position_controller_status__rosidl_typesupport_introspection_c.h\n'}
[0.822744] (px4_msgs) StdoutLine: {'line': b'-- Up-to-date: /home/maizaied03/ros2_ws/install/px4_msgs/include/px4_msgs/px4_msgs/msg/detail/mavlink_tunnel__type_support.c\n'}
[0.822784] (px4_msgs) StdoutLine: {'line': b'-- Up-to-date: /home/maizaied03/ros2_ws/install/px4_msgs/include/px4_msgs/px4_msgs/msg/detail/health_report__rosidl_typesupport_introspection_c.h\n'}
[0.822817] (px4_msgs) StdoutLine: {'line': b'-- Up-to-date: /home/maizaied03/ros2_ws/install/px4_msgs/include/px4_msgs/px4_msgs/msg/detail/fixed_wing_lateral_status__type_support.c\n'}
[0.822849] (px4_msgs) StdoutLine: {'line': b'-- Up-to-date: /home/maizaied03/ros2_ws/install/px4_msgs/include/px4_msgs/px4_msgs/msg/detail/airspeed_wind__rosidl_typesupport_introspection_c.h\n'}
[0.822882] (px4_msgs) StdoutLine: {'line': b'-- Up-to-date: /home/maizaied03/ros2_ws/install/px4_msgs/include/px4_msgs/px4_msgs/msg/detail/open_drone_id_arm_status__rosidl_typesupport_introspection_c.h\n'}
[0.822915] (px4_msgs) StdoutLine: {'line': b'-- Up-to-date: /home/maizaied03/ros2_ws/install/px4_msgs/include/px4_msgs/px4_msgs/msg/detail/mission__type_support.c\n'}
[0.822951] (px4_msgs) StdoutLine: {'line': b'-- Up-to-date: /home/maizaied03/ros2_ws/install/px4_msgs/include/px4_msgs/px4_msgs/msg/detail/open_drone_id_self_id__type_support.c\n'}
[0.822987] (px4_msgs) StdoutLine: {'line': b'-- Up-to-date: /home/maizaied03/ros2_ws/install/px4_msgs/include/px4_msgs/px4_msgs/msg/detail/vehicle_local_position__rosidl_typesupport_introspection_c.h\n'}
[0.823021] (px4_msgs) StdoutLine: {'line': b'-- Up-to-date: /home/maizaied03/ros2_ws/install/px4_msgs/include/px4_msgs/px4_msgs/msg/detail/vehicle_global_position__rosidl_typesupport_introspection_c.h\n'}
[0.823055] (px4_msgs) StdoutLine: {'line': b'-- Up-to-date: /home/maizaied03/ros2_ws/install/px4_msgs/include/px4_msgs/px4_msgs/msg/detail/follow_target_estimator__rosidl_typesupport_introspection_c.h\n'}
[0.823089] (px4_msgs) StdoutLine: {'line': b'-- Up-to-date: /home/maizaied03/ros2_ws/install/px4_msgs/include/px4_msgs/px4_msgs/msg/detail/rate_ctrl_status__rosidl_typesupport_introspection_c.h\n'}
[0.823123] (px4_msgs) StdoutLine: {'line': b'-- Up-to-date: /home/maizaied03/ros2_ws/install/px4_msgs/include/px4_msgs/px4_msgs/msg/detail/fixed_wing_runway_control__rosidl_typesupport_introspection_c.h\n'}
[0.823157] (px4_msgs) StdoutLine: {'line': b'-- Up-to-date: /home/maizaied03/ros2_ws/install/px4_msgs/include/px4_msgs/px4_msgs/msg/detail/heater_status__rosidl_typesupport_introspection_c.h\n'}
[0.823204] (px4_msgs) StdoutLine: {'line': b'-- Up-to-date: /home/maizaied03/ros2_ws/install/px4_msgs/include/px4_msgs/px4_msgs/msg/detail/orbit_status__rosidl_typesupport_introspection_c.h\n'}
[0.823241] (px4_msgs) StdoutLine: {'line': b'-- Up-to-date: /home/maizaied03/ros2_ws/install/px4_msgs/include/px4_msgs/px4_msgs/msg/detail/mode_completed__rosidl_typesupport_introspection_c.h\n'}
[0.823274] (px4_msgs) StdoutLine: {'line': b'-- Up-to-date: /home/maizaied03/ros2_ws/install/px4_msgs/include/px4_msgs/px4_msgs/msg/detail/estimator_aid_source1d__rosidl_typesupport_introspection_c.h\n'}
[0.823334] (px4_msgs) StdoutLine: {'line': b'-- Up-to-date: /home/maizaied03/ros2_ws/install/px4_msgs/include/px4_msgs/px4_msgs/msg/detail/uavcan_parameter_value__type_support.c\n'}
[0.823384] (px4_msgs) StdoutLine: {'line': b'-- Up-to-date: /home/maizaied03/ros2_ws/install/px4_msgs/include/px4_msgs/px4_msgs/msg/detail/rate_ctrl_status__type_support.c\n'}
[0.823418] (px4_msgs) StdoutLine: {'line': b'-- Up-to-date: /home/maizaied03/ros2_ws/install/px4_msgs/include/px4_msgs/px4_msgs/msg/detail/gimbal_manager_information__type_support.c\n'}
[0.823459] (px4_msgs) StdoutLine: {'line': b'-- Up-to-date: /home/maizaied03/ros2_ws/install/px4_msgs/include/px4_msgs/px4_msgs/msg/detail/sensor_correction__rosidl_typesupport_introspection_c.h\n'}
[0.823492] (px4_msgs) StdoutLine: {'line': b'-- Up-to-date: /home/maizaied03/ros2_ws/install/px4_msgs/include/px4_msgs/px4_msgs/msg/detail/gps_inject_data__rosidl_typesupport_introspection_c.h\n'}
[0.823533] (px4_msgs) StdoutLine: {'line': b'-- Up-to-date: /home/maizaied03/ros2_ws/install/px4_msgs/include/px4_msgs/px4_msgs/msg/detail/message_format_request__rosidl_typesupport_introspection_c.h\n'}
[0.823565] (px4_msgs) StdoutLine: {'line': b'-- Up-to-date: /home/maizaied03/ros2_ws/install/px4_msgs/include/px4_msgs/px4_msgs/msg/detail/gimbal_manager_information__rosidl_typesupport_introspection_c.h\n'}
[0.823604] (px4_msgs) StdoutLine: {'line': b'-- Up-to-date: /home/maizaied03/ros2_ws/install/px4_msgs/include/px4_msgs/px4_msgs/msg/detail/parameter_set_value_response__rosidl_typesupport_introspection_c.h\n'}
[0.823641] (px4_msgs) StdoutLine: {'line': b'-- Up-to-date: /home/maizaied03/ros2_ws/install/px4_msgs/include/px4_msgs/px4_msgs/msg/detail/fixed_wing_longitudinal_setpoint__rosidl_typesupport_introspection_c.h\n'}
[0.823676] (px4_msgs) StdoutLine: {'line': b'-- Up-to-date: /home/maizaied03/ros2_ws/install/px4_msgs/include/px4_msgs/px4_msgs/msg/detail/vtol_vehicle_status__rosidl_typesupport_introspection_c.h\n'}
[0.823711] (px4_msgs) StdoutLine: {'line': b'-- Up-to-date: /home/maizaied03/ros2_ws/install/px4_msgs/include/px4_msgs/px4_msgs/msg/detail/normalized_unsigned_setpoint__rosidl_typesupport_introspection_c.h\n'}
[0.823770] (px4_msgs) StdoutLine: {'line': b'-- Up-to-date: /home/maizaied03/ros2_ws/install/px4_msgs/include/px4_msgs/px4_msgs/msg/detail/rc_channels__rosidl_typesupport_introspection_c.h\n'}
[0.823806] (px4_msgs) StdoutLine: {'line': b'-- Up-to-date: /home/maizaied03/ros2_ws/install/px4_msgs/include/px4_msgs/px4_msgs/msg/detail/home_position__rosidl_typesupport_introspection_c.h\n'}
[0.823839] (px4_msgs) StdoutLine: {'line': b'-- Up-to-date: /home/maizaied03/ros2_ws/install/px4_msgs/include/px4_msgs/px4_msgs/msg/detail/power_button_state__type_support.c\n'}
[0.823871] (px4_msgs) StdoutLine: {'line': b'-- Up-to-date: /home/maizaied03/ros2_ws/install/px4_msgs/include/px4_msgs/px4_msgs/msg/detail/gimbal_device_attitude_status__rosidl_typesupport_introspection_c.h\n'}
[0.823903] (px4_msgs) StdoutLine: {'line': b'-- Up-to-date: /home/maizaied03/ros2_ws/install/px4_msgs/include/px4_msgs/px4_msgs/msg/detail/vehicle_attitude_setpoint__type_support.c\n'}
[0.823937] (px4_msgs) StdoutLine: {'line': b'-- Up-to-date: /home/maizaied03/ros2_ws/install/px4_msgs/include/px4_msgs/px4_msgs/msg/detail/trajectory_setpoint__type_support.c\n'}
[0.823972] (px4_msgs) StdoutLine: {'line': b'-- Up-to-date: /home/maizaied03/ros2_ws/install/px4_msgs/include/px4_msgs/px4_msgs/msg/detail/actuator_servos__rosidl_typesupport_introspection_c.h\n'}
[0.824006] (px4_msgs) StdoutLine: {'line': b'-- Up-to-date: /home/maizaied03/ros2_ws/install/px4_msgs/include/px4_msgs/px4_msgs/msg/detail/mission_result__type_support.c\n'}
[0.824040] (px4_msgs) StdoutLine: {'line': b'-- Up-to-date: /home/maizaied03/ros2_ws/install/px4_msgs/include/px4_msgs/px4_msgs/msg/detail/vehicle_odometry__rosidl_typesupport_introspection_c.h\n'}
[0.824074] (px4_msgs) StdoutLine: {'line': b'-- Up-to-date: /home/maizaied03/ros2_ws/install/px4_msgs/include/px4_msgs/px4_msgs/msg/detail/dataman_response__type_support.c\n'}
[0.824108] (px4_msgs) StdoutLine: {'line': b'-- Up-to-date: /home/maizaied03/ros2_ws/install/px4_msgs/include/px4_msgs/px4_msgs/msg/detail/differential_pressure__type_support.c\n'}
[0.824145] (px4_msgs) StdoutLine: {'line': b'-- Up-to-date: /home/maizaied03/ros2_ws/install/px4_msgs/include/px4_msgs/px4_msgs/msg/detail/raptor_input__rosidl_typesupport_introspection_c.h\n'}
[0.824179] (px4_msgs) StdoutLine: {'line': b'-- Up-to-date: /home/maizaied03/ros2_ws/install/px4_msgs/include/px4_msgs/px4_msgs/msg/detail/distance_sensor__rosidl_typesupport_introspection_c.h\n'}
[0.824234] (px4_msgs) StdoutLine: {'line': b'-- Up-to-date: /home/maizaied03/ros2_ws/install/px4_msgs/include/px4_msgs/px4_msgs/msg/detail/gpio_in__type_support.c\n'}
[0.824266] (px4_msgs) StdoutLine: {'line': b'-- Up-to-date: /home/maizaied03/ros2_ws/install/px4_msgs/include/px4_msgs/px4_msgs/msg/detail/arming_check_reply__type_support.c\n'}
[0.824300] (px4_msgs) StdoutLine: {'line': b'-- Up-to-date: /home/maizaied03/ros2_ws/install/px4_msgs/include/px4_msgs/px4_msgs/msg/detail/mission_result__rosidl_typesupport_introspection_c.h\n'}
[0.824335] (px4_msgs) StdoutLine: {'line': b'-- Up-to-date: /home/maizaied03/ros2_ws/install/px4_msgs/include/px4_msgs/px4_msgs/msg/detail/sensor_gps__rosidl_typesupport_introspection_c.h\n'}
[0.824369] (px4_msgs) StdoutLine: {'line': b'-- Up-to-date: /home/maizaied03/ros2_ws/install/px4_msgs/include/px4_msgs/px4_msgs/msg/detail/vehicle_imu__rosidl_typesupport_introspection_c.h\n'}
[0.824405] (px4_msgs) StdoutLine: {'line': b'-- Up-to-date: /home/maizaied03/ros2_ws/install/px4_msgs/include/px4_msgs/px4_msgs/msg/detail/gimbal_manager_status__type_support.c\n'}
[0.824455] (px4_msgs) StdoutLine: {'line': b'-- Up-to-date: /home/maizaied03/ros2_ws/install/px4_msgs/include/px4_msgs/px4_msgs/msg/detail/manual_control_switches__type_support.c\n'}
[0.824488] (px4_msgs) StdoutLine: {'line': b'-- Up-to-date: /home/maizaied03/ros2_ws/install/px4_msgs/include/px4_msgs/px4_msgs/msg/detail/sensors_status__type_support.c\n'}
[0.824522] (px4_msgs) StdoutLine: {'line': b'-- Up-to-date: /home/maizaied03/ros2_ws/install/px4_msgs/include/px4_msgs/px4_msgs/msg/detail/follow_target_status__rosidl_typesupport_introspection_c.h\n'}
[0.824556] (px4_msgs) StdoutLine: {'line': b'-- Up-to-date: /home/maizaied03/ros2_ws/install/px4_msgs/include/px4_msgs/px4_msgs/msg/detail/mission__rosidl_typesupport_introspection_c.h\n'}
[0.824590] (px4_msgs) StdoutLine: {'line': b'-- Up-to-date: /home/maizaied03/ros2_ws/install/px4_msgs/include/px4_msgs/px4_msgs/msg/detail/distance_sensor_mode_change_request__type_support.c\n'}
[0.824624] (px4_msgs) StdoutLine: {'line': b'-- Up-to-date: /home/maizaied03/ros2_ws/install/px4_msgs/include/px4_msgs/px4_msgs/msg/detail/collision_constraints__type_support.c\n'}
[0.824658] (px4_msgs) StdoutLine: {'line': b'-- Up-to-date: /home/maizaied03/ros2_ws/install/px4_msgs/include/px4_msgs/px4_msgs/msg/detail/wind__type_support.c\n'}
[0.824692] (px4_msgs) StdoutLine: {'line': b'-- Up-to-date: /home/maizaied03/ros2_ws/install/px4_msgs/include/px4_msgs/px4_msgs/msg/detail/orb_test_medium__type_support.c\n'}
[0.824726] (px4_msgs) StdoutLine: {'line': b'-- Up-to-date: /home/maizaied03/ros2_ws/install/px4_msgs/include/px4_msgs/px4_msgs/msg/detail/navigator_mission_item__rosidl_typesupport_introspection_c.h\n'}
[0.824760] (px4_msgs) StdoutLine: {'line': b'-- Up-to-date: /home/maizaied03/ros2_ws/install/px4_msgs/include/px4_msgs/px4_msgs/msg/detail/iridiumsbd_status__type_support.c\n'}
[0.824817] (px4_msgs) StdoutLine: {'line': b'-- Up-to-date: /home/maizaied03/ros2_ws/install/px4_msgs/include/px4_msgs/px4_msgs/msg/detail/event__type_support.c\n'}
[0.824853] (px4_msgs) StdoutLine: {'line': b'-- Up-to-date: /home/maizaied03/ros2_ws/install/px4_msgs/include/px4_msgs/px4_msgs/msg/detail/actuator_armed__rosidl_typesupport_introspection_c.h\n'}
[0.824886] (px4_msgs) StdoutLine: {'line': b'-- Up-to-date: /home/maizaied03/ros2_ws/install/px4_msgs/include/px4_msgs/px4_msgs/msg/detail/collision_constraints__rosidl_typesupport_introspection_c.h\n'}
[0.824920] (px4_msgs) StdoutLine: {'line': b'-- Up-to-date: /home/maizaied03/ros2_ws/install/px4_msgs/include/px4_msgs/px4_msgs/msg/detail/gpio_out__rosidl_typesupport_introspection_c.h\n'}
[0.824954] (px4_msgs) StdoutLine: {'line': b'-- Up-to-date: /home/maizaied03/ros2_ws/install/px4_msgs/include/px4_msgs/px4_msgs/msg/detail/fixed_wing_lateral_setpoint__type_support.c\n'}
[0.824988] (px4_msgs) StdoutLine: {'line': b'-- Up-to-date: /home/maizaied03/ros2_ws/install/px4_msgs/include/px4_msgs/px4_msgs/msg/detail/fixed_wing_lateral_setpoint__rosidl_typesupport_introspection_c.h\n'}
[0.825039] (px4_msgs) StdoutLine: {'line': b'-- Up-to-date: /home/maizaied03/ros2_ws/install/px4_msgs/include/px4_msgs/px4_msgs/msg/detail/actuator_test__type_support.c\n'}
[0.825072] (px4_msgs) StdoutLine: {'line': b'-- Up-to-date: /home/maizaied03/ros2_ws/install/px4_msgs/include/px4_msgs/px4_msgs/msg/detail/rover_position_setpoint__type_support.c\n'}
[0.825109] (px4_msgs) StdoutLine: {'line': b'-- Up-to-date: /home/maizaied03/ros2_ws/install/px4_msgs/include/px4_msgs/px4_msgs/msg/detail/ekf2_timestamps__rosidl_typesupport_introspection_c.h\n'}
[0.825142] (px4_msgs) StdoutLine: {'line': b'-- Up-to-date: /home/maizaied03/ros2_ws/install/px4_msgs/include/px4_msgs/px4_msgs/msg/detail/takeoff_status__rosidl_typesupport_introspection_c.h\n'}
[0.825174] (px4_msgs) StdoutLine: {'line': b'-- Up-to-date: /home/maizaied03/ros2_ws/install/px4_msgs/include/px4_msgs/px4_msgs/msg/detail/vehicle_optical_flow__rosidl_typesupport_introspection_c.h\n'}
[0.825222] (px4_msgs) StdoutLine: {'line': b'-- Up-to-date: /home/maizaied03/ros2_ws/install/px4_msgs/include/px4_msgs/px4_msgs/msg/detail/estimator_status_flags__type_support.c\n'}
[0.825255] (px4_msgs) StdoutLine: {'line': b'-- Up-to-date: /home/maizaied03/ros2_ws/install/px4_msgs/include/px4_msgs/px4_msgs/msg/detail/vehicle_command_ack__rosidl_typesupport_introspection_c.h\n'}
[0.825287] (px4_msgs) StdoutLine: {'line': b'-- Up-to-date: /home/maizaied03/ros2_ws/install/px4_msgs/include/px4_msgs/px4_msgs/msg/detail/rtl_time_estimate__rosidl_typesupport_introspection_c.h\n'}
[0.825319] (px4_msgs) StdoutLine: {'line': b'-- Up-to-date: /home/maizaied03/ros2_ws/install/px4_msgs/include/px4_msgs/px4_msgs/msg/detail/config_overrides__type_support.c\n'}
[0.825350] (px4_msgs) StdoutLine: {'line': b'-- Up-to-date: /home/maizaied03/ros2_ws/install/px4_msgs/include/px4_msgs/px4_msgs/msg/detail/ulog_stream__type_support.c\n'}
[0.825382] (px4_msgs) StdoutLine: {'line': b'-- Up-to-date: /home/maizaied03/ros2_ws/install/px4_msgs/include/px4_msgs/px4_msgs/msg/detail/input_rc__type_support.c\n'}
[0.825418] (px4_msgs) StdoutLine: {'line': b'-- Up-to-date: /home/maizaied03/ros2_ws/install/px4_msgs/include/px4_msgs/px4_msgs/msg/detail/position_controller_landing_status__rosidl_typesupport_introspection_c.h\n'}
[0.825451] (px4_msgs) StdoutLine: {'line': b'-- Up-to-date: /home/maizaied03/ros2_ws/install/px4_msgs/include/px4_msgs/px4_msgs/msg/detail/debug_array__rosidl_typesupport_introspection_c.h\n'}
[0.825485] (px4_msgs) StdoutLine: {'line': b'-- Up-to-date: /home/maizaied03/ros2_ws/install/px4_msgs/include/px4_msgs/px4_msgs/msg/detail/transponder_report__rosidl_typesupport_introspection_c.h\n'}
[0.825519] (px4_msgs) StdoutLine: {'line': b'-- Up-to-date: /home/maizaied03/ros2_ws/install/px4_msgs/include/px4_msgs/px4_msgs/msg/detail/register_ext_component_request__rosidl_typesupport_introspection_c.h\n'}
[0.825553] (px4_msgs) StdoutLine: {'line': b'-- Up-to-date: /home/maizaied03/ros2_ws/install/px4_msgs/include/px4_msgs/px4_msgs/msg/detail/estimator_gps_status__type_support.c\n'}
[0.825588] (px4_msgs) StdoutLine: {'line': b'-- Up-to-date: /home/maizaied03/ros2_ws/install/px4_msgs/include/px4_msgs/px4_msgs/msg/detail/failsafe_flags__rosidl_typesupport_introspection_c.h\n'}
[0.825622] (px4_msgs) StdoutLine: {'line': b'-- Up-to-date: /home/maizaied03/ros2_ws/install/px4_msgs/include/px4_msgs/px4_msgs/msg/detail/transponder_report__type_support.c\n'}
[0.825656] (px4_msgs) StdoutLine: {'line': b'-- Up-to-date: /home/maizaied03/ros2_ws/install/px4_msgs/include/px4_msgs/px4_msgs/msg/detail/rc_parameter_map__rosidl_typesupport_introspection_c.h\n'}
[0.825691] (px4_msgs) StdoutLine: {'line': b'-- Up-to-date: /home/maizaied03/ros2_ws/install/px4_msgs/include/px4_msgs/px4_msgs/msg/detail/input_rc__rosidl_typesupport_introspection_c.h\n'}
[0.825726] (px4_msgs) StdoutLine: {'line': b'-- Up-to-date: /home/maizaied03/ros2_ws/install/px4_msgs/include/px4_msgs/px4_msgs/msg/detail/debug_value__rosidl_typesupport_introspection_c.h\n'}
[0.825761] (px4_msgs) StdoutLine: {'line': b'-- Up-to-date: /home/maizaied03/ros2_ws/install/px4_msgs/include/px4_msgs/px4_msgs/msg/detail/sensor_temp__type_support.c\n'}
[0.825824] (px4_msgs) StdoutLine: {'line': b'-- Up-to-date: /home/maizaied03/ros2_ws/install/px4_msgs/include/px4_msgs/px4_msgs/msg/detail/can_interface_status__rosidl_typesupport_introspection_c.h\n'}
[0.825862] (px4_msgs) StdoutLine: {'line': b'-- Up-to-date: /home/maizaied03/ros2_ws/install/px4_msgs/include/px4_msgs/px4_msgs/msg/detail/gimbal_manager_status__rosidl_typesupport_introspection_c.h\n'}
[0.825900] (px4_msgs) StdoutLine: {'line': b'-- Up-to-date: /home/maizaied03/ros2_ws/install/px4_msgs/include/px4_msgs/px4_msgs/msg/detail/task_stack_info__rosidl_typesupport_introspection_c.h\n'}
[0.825935] (px4_msgs) StdoutLine: {'line': b'-- Up-to-date: /home/maizaied03/ros2_ws/install/px4_msgs/include/px4_msgs/px4_msgs/msg/detail/adc_report__type_support.c\n'}
[0.825969] (px4_msgs) StdoutLine: {'line': b'-- Up-to-date: /home/maizaied03/ros2_ws/install/px4_msgs/include/px4_msgs/px4_msgs/msg/detail/sensor_gyro_fft__type_support.c\n'}
[0.826003] (px4_msgs) StdoutLine: {'line': b'-- Up-to-date: /home/maizaied03/ros2_ws/install/px4_msgs/include/px4_msgs/px4_msgs/msg/detail/vehicle_imu__type_support.c\n'}
[0.826053] (px4_msgs) StdoutLine: {'line': b'-- Up-to-date: /home/maizaied03/ros2_ws/install/px4_msgs/include/px4_msgs/px4_msgs/msg/detail/dataman_request__type_support.c\n'}
[0.826090] (px4_msgs) StdoutLine: {'line': b'-- Up-to-date: /home/maizaied03/ros2_ws/install/px4_msgs/include/px4_msgs/px4_msgs/msg/detail/vehicle_optical_flow_vel__type_support.c\n'}
[0.826124] (px4_msgs) StdoutLine: {'line': b'-- Up-to-date: /home/maizaied03/ros2_ws/install/px4_msgs/include/px4_msgs/px4_msgs/msg/detail/sensor_selection__rosidl_typesupport_introspection_c.h\n'}
[0.826159] (px4_msgs) StdoutLine: {'line': b'-- Up-to-date: /home/maizaied03/ros2_ws/install/px4_msgs/include/px4_msgs/px4_msgs/msg/detail/system_power__rosidl_typesupport_introspection_c.h\n'}
[0.826193] (px4_msgs) StdoutLine: {'line': b'-- Up-to-date: /home/maizaied03/ros2_ws/install/px4_msgs/include/px4_msgs/px4_msgs/msg/detail/rover_throttle_setpoint__type_support.c\n'}
[0.826239] (px4_msgs) StdoutLine: {'line': b'-- Up-to-date: /home/maizaied03/ros2_ws/install/px4_msgs/include/px4_msgs/px4_msgs/msg/detail/sensor_gnss_relative__type_support.c\n'}
[0.826274] (px4_msgs) StdoutLine: {'line': b'-- Up-to-date: /home/maizaied03/ros2_ws/install/px4_msgs/include/px4_msgs/px4_msgs/msg/detail/vehicle_imu_status__type_support.c\n'}
[0.826309] (px4_msgs) StdoutLine: {'line': b'-- Up-to-date: /home/maizaied03/ros2_ws/install/px4_msgs/include/px4_msgs/px4_msgs/msg/detail/vehicle_land_detected__type_support.c\n'}
[0.826343] (px4_msgs) StdoutLine: {'line': b'-- Up-to-date: /home/maizaied03/ros2_ws/install/px4_msgs/include/px4_msgs/px4_msgs/msg/detail/log_message__rosidl_typesupport_introspection_c.h\n'}
[0.826377] (px4_msgs) StdoutLine: {'line': b'-- Up-to-date: /home/maizaied03/ros2_ws/install/px4_msgs/include/px4_msgs/px4_msgs/msg/detail/sensors_status_imu__rosidl_typesupport_introspection_c.h\n'}
[0.826411] (px4_msgs) StdoutLine: {'line': b'-- Up-to-date: /home/maizaied03/ros2_ws/install/px4_msgs/include/px4_msgs/px4_msgs/msg/detail/control_allocator_status__type_support.c\n'}
[0.826444] (px4_msgs) StdoutLine: {'line': b'-- Up-to-date: /home/maizaied03/ros2_ws/install/px4_msgs/include/px4_msgs/px4_msgs/msg/detail/vehicle_acceleration__rosidl_typesupport_introspection_c.h\n'}
[0.826477] (px4_msgs) StdoutLine: {'line': b'-- Up-to-date: /home/maizaied03/ros2_ws/install/px4_msgs/include/px4_msgs/px4_msgs/msg/detail/gimbal_device_set_attitude__rosidl_typesupport_introspection_c.h\n'}
[0.826511] (px4_msgs) StdoutLine: {'line': b'-- Up-to-date: /home/maizaied03/ros2_ws/install/px4_msgs/include/px4_msgs/px4_msgs/msg/detail/estimator_aid_source3d__rosidl_typesupport_introspection_c.h\n'}
[0.826545] (px4_msgs) StdoutLine: {'line': b'-- Up-to-date: /home/maizaied03/ros2_ws/install/px4_msgs/include/px4_msgs/px4_msgs/msg/detail/yaw_estimator_status__rosidl_typesupport_introspection_c.h\n'}
[0.826596] (px4_msgs) StdoutLine: {'line': b'-- Up-to-date: /home/maizaied03/ros2_ws/install/px4_msgs/include/px4_msgs/px4_msgs/msg/detail/landing_gear__type_support.c\n'}
[0.826629] (px4_msgs) StdoutLine: {'line': b'-- Up-to-date: /home/maizaied03/ros2_ws/install/px4_msgs/include/px4_msgs/px4_msgs/msg/detail/sensor_gyro__type_support.c\n'}
[0.826661] (px4_msgs) StdoutLine: {'line': b'-- Up-to-date: /home/maizaied03/ros2_ws/install/px4_msgs/include/px4_msgs/px4_msgs/msg/detail/sensor_accel_fifo__type_support.c\n'}
[0.826693] (px4_msgs) StdoutLine: {'line': b'-- Up-to-date: /home/maizaied03/ros2_ws/install/px4_msgs/include/px4_msgs/px4_msgs/msg/detail/vehicle_control_mode__rosidl_typesupport_introspection_c.h\n'}
[0.826724] (px4_msgs) StdoutLine: {'line': b'-- Up-to-date: /home/maizaied03/ros2_ws/install/px4_msgs/include/px4_msgs/px4_msgs/msg/detail/position_controller_landing_status__type_support.c\n'}
[0.826758] (px4_msgs) StdoutLine: {'line': b'-- Up-to-date: /home/maizaied03/ros2_ws/install/px4_msgs/include/px4_msgs/px4_msgs/msg/detail/rtl_status__rosidl_typesupport_introspection_c.h\n'}
[0.826807] (px4_msgs) StdoutLine: {'line': b'-- Up-to-date: /home/maizaied03/ros2_ws/install/px4_msgs/include/px4_msgs/px4_msgs/msg/detail/offboard_control_mode__rosidl_typesupport_introspection_c.h\n'}
[0.826840] (px4_msgs) StdoutLine: {'line': b'-- Up-to-date: /home/maizaied03/ros2_ws/install/px4_msgs/include/px4_msgs/px4_msgs/msg/detail/sensor_accel__rosidl_typesupport_introspection_c.h\n'}
[0.826872] (px4_msgs) StdoutLine: {'line': b'-- Up-to-date: /home/maizaied03/ros2_ws/install/px4_msgs/include/px4_msgs/px4_msgs/msg/detail/figure_eight_status__rosidl_typesupport_introspection_c.h\n'}
[0.826908] (px4_msgs) StdoutLine: {'line': b'-- Up-to-date: /home/maizaied03/ros2_ws/install/px4_msgs/include/px4_msgs/px4_msgs/msg/detail/register_ext_component_reply__rosidl_typesupport_introspection_c.h\n'}
[0.826941] (px4_msgs) StdoutLine: {'line': b'-- Up-to-date: /home/maizaied03/ros2_ws/install/px4_msgs/include/px4_msgs/px4_msgs/msg/detail/can_interface_status__type_support.c\n'}
[0.826982] (px4_msgs) StdoutLine: {'line': b'-- Up-to-date: /home/maizaied03/ros2_ws/install/px4_msgs/include/px4_msgs/px4_msgs/msg/detail/parameter_reset_request__rosidl_typesupport_introspection_c.h\n'}
[0.827014] (px4_msgs) StdoutLine: {'line': b'-- Up-to-date: /home/maizaied03/ros2_ws/install/px4_msgs/include/px4_msgs/px4_msgs/msg/detail/gimbal_manager_set_attitude__rosidl_typesupport_introspection_c.h\n'}
[0.827046] (px4_msgs) StdoutLine: {'line': b'-- Up-to-date: /home/maizaied03/ros2_ws/install/px4_msgs/include/px4_msgs/px4_msgs/msg/detail/qshell_retval__type_support.c\n'}
[0.827077] (px4_msgs) StdoutLine: {'line': b'-- Up-to-date: /home/maizaied03/ros2_ws/install/px4_msgs/include/px4_msgs/px4_msgs/msg/detail/sensor_airflow__type_support.c\n'}
[0.827108] (px4_msgs) StdoutLine: {'line': b'-- Up-to-date: /home/maizaied03/ros2_ws/install/px4_msgs/include/px4_msgs/px4_msgs/msg/detail/raptor_status__type_support.c\n'}
[0.827139] (px4_msgs) StdoutLine: {'line': b'-- Up-to-date: /home/maizaied03/ros2_ws/install/px4_msgs/include/px4_msgs/px4_msgs/msg/detail/parameter_update__rosidl_typesupport_introspection_c.h\n'}
[0.827185] (px4_msgs) StdoutLine: {'line': b'-- Up-to-date: /home/maizaied03/ros2_ws/install/px4_msgs/include/px4_msgs/px4_msgs/msg/detail/velocity_limits__rosidl_typesupport_introspection_c.h\n'}
[0.827217] (px4_msgs) StdoutLine: {'line': b'-- Up-to-date: /home/maizaied03/ros2_ws/install/px4_msgs/include/px4_msgs/px4_msgs/msg/detail/uavcan_parameter_request__rosidl_typesupport_introspection_c.h\n'}
[0.827249] (px4_msgs) StdoutLine: {'line': b'-- Up-to-date: /home/maizaied03/ros2_ws/install/px4_msgs/include/px4_msgs/px4_msgs/msg/detail/goto_setpoint__type_support.c\n'}
[0.827282] (px4_msgs) StdoutLine: {'line': b'-- Up-to-date: /home/maizaied03/ros2_ws/install/px4_msgs/include/px4_msgs/px4_msgs/msg/detail/vtx__rosidl_typesupport_introspection_c.h\n'}
[0.827313] (px4_msgs) StdoutLine: {'line': b'-- Up-to-date: /home/maizaied03/ros2_ws/install/px4_msgs/include/px4_msgs/px4_msgs/msg/detail/gripper__rosidl_typesupport_introspection_c.h\n'}
[0.827348] (px4_msgs) StdoutLine: {'line': b'-- Up-to-date: /home/maizaied03/ros2_ws/install/px4_msgs/include/px4_msgs/px4_msgs/msg/detail/rpm__type_support.c\n'}
[0.827380] (px4_msgs) StdoutLine: {'line': b'-- Up-to-date: /home/maizaied03/ros2_ws/install/px4_msgs/include/px4_msgs/px4_msgs/msg/detail/esc_status__type_support.c\n'}
[0.827411] (px4_msgs) StdoutLine: {'line': b'-- Up-to-date: /home/maizaied03/ros2_ws/install/px4_msgs/include/px4_msgs/px4_msgs/msg/detail/vehicle_local_position__type_support.c\n'}
[0.827443] (px4_msgs) StdoutLine: {'line': b'-- Up-to-date: /home/maizaied03/ros2_ws/install/px4_msgs/include/px4_msgs/px4_msgs/msg/detail/wheel_encoders__type_support.c\n'}
[0.827480] (px4_msgs) StdoutLine: {'line': b'-- Up-to-date: /home/maizaied03/ros2_ws/install/px4_msgs/include/px4_msgs/px4_msgs/msg/detail/estimator_status__type_support.c\n'}
[0.827514] (px4_msgs) StdoutLine: {'line': b'-- Up-to-date: /home/maizaied03/ros2_ws/install/px4_msgs/include/px4_msgs/px4_msgs/msg/detail/velocity_limits__type_support.c\n'}
[0.827548] (px4_msgs) StdoutLine: {'line': b'-- Up-to-date: /home/maizaied03/ros2_ws/install/px4_msgs/include/px4_msgs/px4_msgs/msg/detail/heater_status__type_support.c\n'}
[0.827582] (px4_msgs) StdoutLine: {'line': b'-- Up-to-date: /home/maizaied03/ros2_ws/install/px4_msgs/include/px4_msgs/px4_msgs/msg/detail/dataman_response__rosidl_typesupport_introspection_c.h\n'}
[0.827616] (px4_msgs) StdoutLine: {'line': b'-- Up-to-date: /home/maizaied03/ros2_ws/install/px4_msgs/include/px4_msgs/px4_msgs/msg/detail/navigator_status__rosidl_typesupport_introspection_c.h\n'}
[0.827652] (px4_msgs) StdoutLine: {'line': b'-- Up-to-date: /home/maizaied03/ros2_ws/install/px4_msgs/include/px4_msgs/px4_msgs/msg/detail/sensor_uwb__type_support.c\n'}
[0.827687] (px4_msgs) StdoutLine: {'line': b'-- Up-to-date: /home/maizaied03/ros2_ws/install/px4_msgs/include/px4_msgs/px4_msgs/msg/detail/debug_vect__type_support.c\n'}
[0.827722] (px4_msgs) StdoutLine: {'line': b'-- Up-to-date: /home/maizaied03/ros2_ws/install/px4_msgs/include/px4_msgs/px4_msgs/msg/detail/rtl_time_estimate__type_support.c\n'}
[0.827775] (px4_msgs) StdoutLine: {'line': b'-- Up-to-date: /home/maizaied03/ros2_ws/install/px4_msgs/include/px4_msgs/px4_msgs/msg/detail/telemetry_status__rosidl_typesupport_introspection_c.h\n'}
[0.827811] (px4_msgs) StdoutLine: {'line': b'-- Up-to-date: /home/maizaied03/ros2_ws/install/px4_msgs/include/px4_msgs/px4_msgs/msg/detail/power_monitor__rosidl_typesupport_introspection_c.h\n'}
[0.827852] (px4_msgs) StdoutLine: {'line': b'-- Up-to-date: /home/maizaied03/ros2_ws/install/px4_msgs/include/px4_msgs/px4_msgs/msg/detail/open_drone_id_arm_status__type_support.c\n'}
[0.827884] (px4_msgs) StdoutLine: {'line': b'-- Up-to-date: /home/maizaied03/ros2_ws/install/px4_msgs/include/px4_msgs/px4_msgs/msg/detail/raptor_status__rosidl_typesupport_introspection_c.h\n'}
[0.827916] (px4_msgs) StdoutLine: {'line': b'-- Up-to-date: /home/maizaied03/ros2_ws/install/px4_msgs/include/px4_msgs/px4_msgs/msg/detail/px4io_status__type_support.c\n'}
[0.827948] (px4_msgs) StdoutLine: {'line': b'-- Up-to-date: /home/maizaied03/ros2_ws/install/px4_msgs/include/px4_msgs/px4_msgs/msg/detail/actuator_servos_trim__type_support.c\n'}
[0.827985] (px4_msgs) StdoutLine: {'line': b'-- Up-to-date: /home/maizaied03/ros2_ws/install/px4_msgs/include/px4_msgs/px4_msgs/msg/detail/launch_detection_status__type_support.c\n'}
[0.828016] (px4_msgs) StdoutLine: {'line': b'-- Up-to-date: /home/maizaied03/ros2_ws/install/px4_msgs/include/px4_msgs/px4_msgs/msg/detail/estimator_states__rosidl_typesupport_introspection_c.h\n'}
[0.828050] (px4_msgs) StdoutLine: {'line': b'-- Up-to-date: /home/maizaied03/ros2_ws/install/px4_msgs/include/px4_msgs/px4_msgs/msg/detail/rover_throttle_setpoint__rosidl_typesupport_introspection_c.h\n'}
[0.828086] (px4_msgs) StdoutLine: {'line': b'-- Up-to-date: /home/maizaied03/ros2_ws/install/px4_msgs/include/px4_msgs/px4_msgs/msg/detail/vehicle_status__rosidl_typesupport_introspection_c.h\n'}
[0.828128] (px4_msgs) StdoutLine: {'line': b'-- Up-to-date: /home/maizaied03/ros2_ws/install/px4_msgs/include/px4_msgs/px4_msgs/msg/detail/actuator_motors__rosidl_typesupport_introspection_c.h\n'}
[0.828162] (px4_msgs) StdoutLine: {'line': b'-- Up-to-date: /home/maizaied03/ros2_ws/install/px4_msgs/include/px4_msgs/px4_msgs/msg/detail/vehicle_command__rosidl_typesupport_introspection_c.h\n'}
[0.828194] (px4_msgs) StdoutLine: {'line': b'-- Up-to-date: /home/maizaied03/ros2_ws/install/px4_msgs/include/px4_msgs/px4_msgs/msg/detail/landing_target_pose__type_support.c\n'}
[0.828225] (px4_msgs) StdoutLine: {'line': b'-- Up-to-date: /home/maizaied03/ros2_ws/install/px4_msgs/include/px4_msgs/px4_msgs/msg/detail/sensor_gnss_relative__rosidl_typesupport_introspection_c.h\n'}
[0.828256] (px4_msgs) StdoutLine: {'line': b'-- Up-to-date: /home/maizaied03/ros2_ws/install/px4_msgs/include/px4_msgs/px4_msgs/msg/detail/estimator_aid_source3d__type_support.c\n'}
[0.828287] (px4_msgs) StdoutLine: {'line': b'-- Up-to-date: /home/maizaied03/ros2_ws/install/px4_msgs/include/px4_msgs/px4_msgs/msg/detail/neural_control__type_support.c\n'}
[0.828318] (px4_msgs) StdoutLine: {'line': b'-- Up-to-date: /home/maizaied03/ros2_ws/install/px4_msgs/include/px4_msgs/px4_msgs/msg/detail/camera_trigger__rosidl_typesupport_introspection_c.h\n'}
[0.828348] (px4_msgs) StdoutLine: {'line': b'-- Up-to-date: /home/maizaied03/ros2_ws/install/px4_msgs/include/px4_msgs/px4_msgs/msg/detail/obstacle_distance__rosidl_typesupport_introspection_c.h\n'}
[0.828381] (px4_msgs) StdoutLine: {'line': b'-- Up-to-date: /home/maizaied03/ros2_ws/install/px4_msgs/include/px4_msgs/px4_msgs/msg/detail/estimator_aid_source1d__type_support.c\n'}
[0.828417] (px4_msgs) StdoutLine: {'line': b'-- Up-to-date: /home/maizaied03/ros2_ws/install/px4_msgs/include/px4_msgs/px4_msgs/msg/detail/debug_vect__rosidl_typesupport_introspection_c.h\n'}
[0.828450] (px4_msgs) StdoutLine: {'line': b'-- Up-to-date: /home/maizaied03/ros2_ws/install/px4_msgs/include/px4_msgs/px4_msgs/srv\n'}
[0.828484] (px4_msgs) StdoutLine: {'line': b'-- Up-to-date: /home/maizaied03/ros2_ws/install/px4_msgs/include/px4_msgs/px4_msgs/srv/detail\n'}
[0.828517] (px4_msgs) StdoutLine: {'line': b'-- Up-to-date: /home/maizaied03/ros2_ws/install/px4_msgs/include/px4_msgs/px4_msgs/srv/detail/vehicle_command__type_support.c\n'}
[0.828551] (px4_msgs) StdoutLine: {'line': b'-- Up-to-date: /home/maizaied03/ros2_ws/install/px4_msgs/include/px4_msgs/px4_msgs/srv/detail/vehicle_command__rosidl_typesupport_introspection_c.h\n'}
[0.828585] (px4_msgs) StdoutLine: {'line': b'-- Up-to-date: /home/maizaied03/ros2_ws/install/px4_msgs/lib/libpx4_msgs__rosidl_typesupport_introspection_c.so\n'}
[0.828620] (px4_msgs) StdoutLine: {'line': b'-- Up-to-date: /home/maizaied03/ros2_ws/install/px4_msgs/lib/libpx4_msgs__rosidl_typesupport_c.so\n'}
[0.828663] (px4_msgs) StdoutLine: {'line': b'-- Up-to-date: /home/maizaied03/ros2_ws/install/px4_msgs/include/px4_msgs/px4_msgs\n'}
[0.828709] (px4_msgs) StdoutLine: {'line': b'-- Up-to-date: /home/maizaied03/ros2_ws/install/px4_msgs/include/px4_msgs/px4_msgs/msg\n'}
[0.828752] (px4_msgs) StdoutLine: {'line': b'-- Up-to-date: /home/maizaied03/ros2_ws/install/px4_msgs/include/px4_msgs/px4_msgs/msg/detail\n'}
[0.828824] (px4_msgs) StdoutLine: {'line': b'-- Up-to-date: /home/maizaied03/ros2_ws/install/px4_msgs/include/px4_msgs/px4_msgs/msg/detail/control_allocator_status__type_support.cpp\n'}
[0.828858] (px4_msgs) StdoutLine: {'line': b'-- Up-to-date: /home/maizaied03/ros2_ws/install/px4_msgs/include/px4_msgs/px4_msgs/msg/detail/mavlink_tunnel__rosidl_typesupport_introspection_cpp.hpp\n'}
[0.828899] (px4_msgs) StdoutLine: {'line': b'-- Up-to-date: /home/maizaied03/ros2_ws/install/px4_msgs/include/px4_msgs/px4_msgs/msg/detail/open_drone_id_operator_id__type_support.cpp\n'}
[0.828945] (px4_msgs) StdoutLine: {'line': b'-- Up-to-date: /home/maizaied03/ros2_ws/install/px4_msgs/include/px4_msgs/px4_msgs/msg/detail/ulog_stream_ack__rosidl_typesupport_introspection_cpp.hpp\n'}
[0.829001] (px4_msgs) StdoutLine: {'line': b'-- Up-to-date: /home/maizaied03/ros2_ws/install/px4_msgs/include/px4_msgs/px4_msgs/msg/detail/fixed_wing_lateral_status__rosidl_typesupport_introspection_cpp.hpp\n'}
[0.829048] (px4_msgs) StdoutLine: {'line': b'-- Up-to-date: /home/maizaied03/ros2_ws/install/px4_msgs/include/px4_msgs/px4_msgs/msg/detail/sensor_preflight_mag__type_support.cpp\n'}
[0.829095] (px4_msgs) StdoutLine: {'line': b'-- Up-to-date: /home/maizaied03/ros2_ws/install/px4_msgs/include/px4_msgs/px4_msgs/msg/detail/orb_test__type_support.cpp\n'}
[0.829142] (px4_msgs) StdoutLine: {'line': b'-- Up-to-date: /home/maizaied03/ros2_ws/install/px4_msgs/include/px4_msgs/px4_msgs/msg/detail/neural_control__rosidl_typesupport_introspection_cpp.hpp\n'}
[0.829202] (px4_msgs) StdoutLine: {'line': b'-- Up-to-date: /home/maizaied03/ros2_ws/install/px4_msgs/include/px4_msgs/px4_msgs/msg/detail/debug_key_value__rosidl_typesupport_introspection_cpp.hpp\n'}
[0.829252] (px4_msgs) StdoutLine: {'line': b'-- Up-to-date: /home/maizaied03/ros2_ws/install/px4_msgs/include/px4_msgs/px4_msgs/msg/detail/follow_target_status__rosidl_typesupport_introspection_cpp.hpp\n'}
[0.829301] (px4_msgs) StdoutLine: {'line': b'-- Up-to-date: /home/maizaied03/ros2_ws/install/px4_msgs/include/px4_msgs/px4_msgs/msg/detail/mag_worker_data__rosidl_typesupport_introspection_cpp.hpp\n'}
[0.829353] (px4_msgs) StdoutLine: {'line': b'-- Up-to-date: /home/maizaied03/ros2_ws/install/px4_msgs/include/px4_msgs/px4_msgs/msg/detail/landing_target_innovations__rosidl_typesupport_introspection_cpp.hpp\n'}
[0.829408] (px4_msgs) StdoutLine: {'line': b'-- Up-to-date: /home/maizaied03/ros2_ws/install/px4_msgs/include/px4_msgs/px4_msgs/msg/detail/debug_vect__type_support.cpp\n'}
[0.829461] (px4_msgs) StdoutLine: {'line': b'-- Up-to-date: /home/maizaied03/ros2_ws/install/px4_msgs/include/px4_msgs/px4_msgs/msg/detail/follow_target__type_support.cpp\n'}
[0.829523] (px4_msgs) StdoutLine: {'line': b'-- Up-to-date: /home/maizaied03/ros2_ws/install/px4_msgs/include/px4_msgs/px4_msgs/msg/detail/generator_status__rosidl_typesupport_introspection_cpp.hpp\n'}
[0.829574] (px4_msgs) StdoutLine: {'line': b'-- Up-to-date: /home/maizaied03/ros2_ws/install/px4_msgs/include/px4_msgs/px4_msgs/msg/detail/ekf2_timestamps__type_support.cpp\n'}
[0.829625] (px4_msgs) StdoutLine: {'line': b'-- Up-to-date: /home/maizaied03/ros2_ws/install/px4_msgs/include/px4_msgs/px4_msgs/msg/detail/autotune_attitude_control_status__type_support.cpp\n'}
[0.829675] (px4_msgs) StdoutLine: {'line': b'-- Up-to-date: /home/maizaied03/ros2_ws/install/px4_msgs/include/px4_msgs/px4_msgs/msg/detail/gpio_out__type_support.cpp\n'}
[0.829711] (px4_msgs) StdoutLine: {'line': b'-- Up-to-date: /home/maizaied03/ros2_ws/install/px4_msgs/include/px4_msgs/px4_msgs/msg/detail/vehicle_control_mode__type_support.cpp\n'}
[0.829748] (px4_msgs) StdoutLine: {'line': b'-- Up-to-date: /home/maizaied03/ros2_ws/install/px4_msgs/include/px4_msgs/px4_msgs/msg/detail/gripper__rosidl_typesupport_introspection_cpp.hpp\n'}
[0.829802] (px4_msgs) StdoutLine: {'line': b'-- Up-to-date: /home/maizaied03/ros2_ws/install/px4_msgs/include/px4_msgs/px4_msgs/msg/detail/sensor_gyro_fft__type_support.cpp\n'}
[0.829837] (px4_msgs) StdoutLine: {'line': b'-- Up-to-date: /home/maizaied03/ros2_ws/install/px4_msgs/include/px4_msgs/px4_msgs/msg/detail/config_overrides__type_support.cpp\n'}
[0.829870] (px4_msgs) StdoutLine: {'line': b'-- Up-to-date: /home/maizaied03/ros2_ws/install/px4_msgs/include/px4_msgs/px4_msgs/msg/detail/sensor_temp__type_support.cpp\n'}
[0.829902] (px4_msgs) StdoutLine: {'line': b'-- Up-to-date: /home/maizaied03/ros2_ws/install/px4_msgs/include/px4_msgs/px4_msgs/msg/detail/follow_target_estimator__type_support.cpp\n'}
[0.829937] (px4_msgs) StdoutLine: {'line': b'-- Up-to-date: /home/maizaied03/ros2_ws/install/px4_msgs/include/px4_msgs/px4_msgs/msg/detail/collision_constraints__type_support.cpp\n'}
[0.829972] (px4_msgs) StdoutLine: {'line': b'-- Up-to-date: /home/maizaied03/ros2_ws/install/px4_msgs/include/px4_msgs/px4_msgs/msg/detail/tiltrotor_extra_controls__type_support.cpp\n'}
[0.830015] (px4_msgs) StdoutLine: {'line': b'-- Up-to-date: /home/maizaied03/ros2_ws/install/px4_msgs/include/px4_msgs/px4_msgs/msg/detail/gimbal_device_set_attitude__rosidl_typesupport_introspection_cpp.hpp\n'}
[0.830048] (px4_msgs) StdoutLine: {'line': b'-- Up-to-date: /home/maizaied03/ros2_ws/install/px4_msgs/include/px4_msgs/px4_msgs/msg/detail/position_controller_status__rosidl_typesupport_introspection_cpp.hpp\n'}
[0.830081] (px4_msgs) StdoutLine: {'line': b'-- Up-to-date: /home/maizaied03/ros2_ws/install/px4_msgs/include/px4_msgs/px4_msgs/msg/detail/qshell_retval__type_support.cpp\n'}
[0.830114] (px4_msgs) StdoutLine: {'line': b'-- Up-to-date: /home/maizaied03/ros2_ws/install/px4_msgs/include/px4_msgs/px4_msgs/msg/detail/can_interface_status__type_support.cpp\n'}
[0.830147] (px4_msgs) StdoutLine: {'line': b'-- Up-to-date: /home/maizaied03/ros2_ws/install/px4_msgs/include/px4_msgs/px4_msgs/msg/detail/pps_capture__rosidl_typesupport_introspection_cpp.hpp\n'}
[0.830180] (px4_msgs) StdoutLine: {'line': b'-- Up-to-date: /home/maizaied03/ros2_ws/install/px4_msgs/include/px4_msgs/px4_msgs/msg/detail/mount_orientation__rosidl_typesupport_introspection_cpp.hpp\n'}
[0.830215] (px4_msgs) StdoutLine: {'line': b'-- Up-to-date: /home/maizaied03/ros2_ws/install/px4_msgs/include/px4_msgs/px4_msgs/msg/detail/gimbal_manager_set_attitude__rosidl_typesupport_introspection_cpp.hpp\n'}
[0.830250] (px4_msgs) StdoutLine: {'line': b'-- Up-to-date: /home/maizaied03/ros2_ws/install/px4_msgs/include/px4_msgs/px4_msgs/msg/detail/estimator_aid_source3d__rosidl_typesupport_introspection_cpp.hpp\n'}
[0.830284] (px4_msgs) StdoutLine: {'line': b'-- Up-to-date: /home/maizaied03/ros2_ws/install/px4_msgs/include/px4_msgs/px4_msgs/msg/detail/landing_gear_wheel__type_support.cpp\n'}
[0.830318] (px4_msgs) StdoutLine: {'line': b'-- Up-to-date: /home/maizaied03/ros2_ws/install/px4_msgs/include/px4_msgs/px4_msgs/msg/detail/estimator_status_flags__type_support.cpp\n'}
[0.830352] (px4_msgs) StdoutLine: {'line': b'-- Up-to-date: /home/maizaied03/ros2_ws/install/px4_msgs/include/px4_msgs/px4_msgs/msg/detail/sensor_gyro_fifo__type_support.cpp\n'}
[0.830398] (px4_msgs) StdoutLine: {'line': b'-- Up-to-date: /home/maizaied03/ros2_ws/install/px4_msgs/include/px4_msgs/px4_msgs/msg/detail/qshell_req__type_support.cpp\n'}
[0.830431] (px4_msgs) StdoutLine: {'line': b'-- Up-to-date: /home/maizaied03/ros2_ws/install/px4_msgs/include/px4_msgs/px4_msgs/msg/detail/generator_status__type_support.cpp\n'}
[0.830465] (px4_msgs) StdoutLine: {'line': b'-- Up-to-date: /home/maizaied03/ros2_ws/install/px4_msgs/include/px4_msgs/px4_msgs/msg/detail/vehicle_angular_velocity__rosidl_typesupport_introspection_cpp.hpp\n'}
[0.830497] (px4_msgs) StdoutLine: {'line': b'-- Up-to-date: /home/maizaied03/ros2_ws/install/px4_msgs/include/px4_msgs/px4_msgs/msg/detail/logger_status__type_support.cpp\n'}
[0.830532] (px4_msgs) StdoutLine: {'line': b'-- Up-to-date: /home/maizaied03/ros2_ws/install/px4_msgs/include/px4_msgs/px4_msgs/msg/detail/qshell_retval__rosidl_typesupport_introspection_cpp.hpp\n'}
[0.830570] (px4_msgs) StdoutLine: {'line': b'-- Up-to-date: /home/maizaied03/ros2_ws/install/px4_msgs/include/px4_msgs/px4_msgs/msg/detail/message_format_request__type_support.cpp\n'}
[0.830629] (px4_msgs) StdoutLine: {'line': b'-- Up-to-date: /home/maizaied03/ros2_ws/install/px4_msgs/include/px4_msgs/px4_msgs/msg/detail/vtx__rosidl_typesupport_introspection_cpp.hpp\n'}
[0.830673] (px4_msgs) StdoutLine: {'line': b'-- Up-to-date: /home/maizaied03/ros2_ws/install/px4_msgs/include/px4_msgs/px4_msgs/msg/detail/estimator_event_flags__rosidl_typesupport_introspection_cpp.hpp\n'}
[0.830709] (px4_msgs) StdoutLine: {'line': b'-- Up-to-date: /home/maizaied03/ros2_ws/install/px4_msgs/include/px4_msgs/px4_msgs/msg/detail/sensor_correction__type_support.cpp\n'}
[0.830757] (px4_msgs) StdoutLine: {'line': b'-- Up-to-date: /home/maizaied03/ros2_ws/install/px4_msgs/include/px4_msgs/px4_msgs/msg/detail/rover_rate_setpoint__type_support.cpp\n'}
[0.830801] (px4_msgs) StdoutLine: {'line': b'-- Up-to-date: /home/maizaied03/ros2_ws/install/px4_msgs/include/px4_msgs/px4_msgs/msg/detail/sensor_accel__rosidl_typesupport_introspection_cpp.hpp\n'}
[0.830847] (px4_msgs) StdoutLine: {'line': b'-- Up-to-date: /home/maizaied03/ros2_ws/install/px4_msgs/include/px4_msgs/px4_msgs/msg/detail/sensor_combined__rosidl_typesupport_introspection_cpp.hpp\n'}
[0.830882] (px4_msgs) StdoutLine: {'line': b'-- Up-to-date: /home/maizaied03/ros2_ws/install/px4_msgs/include/px4_msgs/px4_msgs/msg/detail/vehicle_local_position__type_support.cpp\n'}
[0.830916] (px4_msgs) StdoutLine: {'line': b'-- Up-to-date: /home/maizaied03/ros2_ws/install/px4_msgs/include/px4_msgs/px4_msgs/msg/detail/vehicle_acceleration__type_support.cpp\n'}
[0.830967] (px4_msgs) StdoutLine: {'line': b'-- Up-to-date: /home/maizaied03/ros2_ws/install/px4_msgs/include/px4_msgs/px4_msgs/msg/detail/sensors_status_imu__rosidl_typesupport_introspection_cpp.hpp\n'}
[0.831001] (px4_msgs) StdoutLine: {'line': b'-- Up-to-date: /home/maizaied03/ros2_ws/install/px4_msgs/include/px4_msgs/px4_msgs/msg/detail/rover_speed_status__rosidl_typesupport_introspection_cpp.hpp\n'}
[0.831034] (px4_msgs) StdoutLine: {'line': b'-- Up-to-date: /home/maizaied03/ros2_ws/install/px4_msgs/include/px4_msgs/px4_msgs/msg/detail/dronecan_node_status__type_support.cpp\n'}
[0.831065] (px4_msgs) StdoutLine: {'line': b'-- Up-to-date: /home/maizaied03/ros2_ws/install/px4_msgs/include/px4_msgs/px4_msgs/msg/detail/gimbal_device_information__rosidl_typesupport_introspection_cpp.hpp\n'}
[0.831098] (px4_msgs) StdoutLine: {'line': b'-- Up-to-date: /home/maizaied03/ros2_ws/install/px4_msgs/include/px4_msgs/px4_msgs/msg/detail/vehicle_command__rosidl_typesupport_introspection_cpp.hpp\n'}
[0.831131] (px4_msgs) StdoutLine: {'line': b'-- Up-to-date: /home/maizaied03/ros2_ws/install/px4_msgs/include/px4_msgs/px4_msgs/msg/detail/parameter_set_used_request__rosidl_typesupport_introspection_cpp.hpp\n'}
[0.831164] (px4_msgs) StdoutLine: {'line': b'-- Up-to-date: /home/maizaied03/ros2_ws/install/px4_msgs/include/px4_msgs/px4_msgs/msg/detail/mode_completed__rosidl_typesupport_introspection_cpp.hpp\n'}
[0.831199] (px4_msgs) StdoutLine: {'line': b'-- Up-to-date: /home/maizaied03/ros2_ws/install/px4_msgs/include/px4_msgs/px4_msgs/msg/detail/rover_steering_setpoint__rosidl_typesupport_introspection_cpp.hpp\n'}
[0.831233] (px4_msgs) StdoutLine: {'line': b'-- Up-to-date: /home/maizaied03/ros2_ws/install/px4_msgs/include/px4_msgs/px4_msgs/msg/detail/mode_completed__type_support.cpp\n'}
[0.831268] (px4_msgs) StdoutLine: {'line': b'-- Up-to-date: /home/maizaied03/ros2_ws/install/px4_msgs/include/px4_msgs/px4_msgs/msg/detail/device_information__type_support.cpp\n'}
[0.831302] (px4_msgs) StdoutLine: {'line': b'-- Up-to-date: /home/maizaied03/ros2_ws/install/px4_msgs/include/px4_msgs/px4_msgs/msg/detail/gpio_request__rosidl_typesupport_introspection_cpp.hpp\n'}
[0.831336] (px4_msgs) StdoutLine: {'line': b'-- Up-to-date: /home/maizaied03/ros2_ws/install/px4_msgs/include/px4_msgs/px4_msgs/msg/detail/fuel_tank_status__rosidl_typesupport_introspection_cpp.hpp\n'}
[0.831370] (px4_msgs) StdoutLine: {'line': b'-- Up-to-date: /home/maizaied03/ros2_ws/install/px4_msgs/include/px4_msgs/px4_msgs/msg/detail/rover_position_setpoint__type_support.cpp\n'}
[0.831404] (px4_msgs) StdoutLine: {'line': b'-- Up-to-date: /home/maizaied03/ros2_ws/install/px4_msgs/include/px4_msgs/px4_msgs/msg/detail/vehicle_magnetometer__rosidl_typesupport_introspection_cpp.hpp\n'}
[0.831451] (px4_msgs) StdoutLine: {'line': b'-- Up-to-date: /home/maizaied03/ros2_ws/install/px4_msgs/include/px4_msgs/px4_msgs/msg/detail/cpuload__type_support.cpp\n'}
[0.831486] (px4_msgs) StdoutLine: {'line': b'-- Up-to-date: /home/maizaied03/ros2_ws/install/px4_msgs/include/px4_msgs/px4_msgs/msg/detail/estimator_aid_source3d__type_support.cpp\n'}
[0.831520] (px4_msgs) StdoutLine: {'line': b'-- Up-to-date: /home/maizaied03/ros2_ws/install/px4_msgs/include/px4_msgs/px4_msgs/msg/detail/landing_gear_wheel__rosidl_typesupport_introspection_cpp.hpp\n'}
[0.831554] (px4_msgs) StdoutLine: {'line': b'-- Up-to-date: /home/maizaied03/ros2_ws/install/px4_msgs/include/px4_msgs/px4_msgs/msg/detail/actuator_controls_status__rosidl_typesupport_introspection_cpp.hpp\n'}
[0.831597] (px4_msgs) StdoutLine: {'line': b'-- Up-to-date: /home/maizaied03/ros2_ws/install/px4_msgs/include/px4_msgs/px4_msgs/msg/detail/iridiumsbd_status__type_support.cpp\n'}
[0.831629] (px4_msgs) StdoutLine: {'line': b'-- Up-to-date: /home/maizaied03/ros2_ws/install/px4_msgs/include/px4_msgs/px4_msgs/msg/detail/rover_position_setpoint__rosidl_typesupport_introspection_cpp.hpp\n'}
[0.831661] (px4_msgs) StdoutLine: {'line': b'-- Up-to-date: /home/maizaied03/ros2_ws/install/px4_msgs/include/px4_msgs/px4_msgs/msg/detail/battery_status__rosidl_typesupport_introspection_cpp.hpp\n'}
[0.831693] (px4_msgs) StdoutLine: {'line': b'-- Up-to-date: /home/maizaied03/ros2_ws/install/px4_msgs/include/px4_msgs/px4_msgs/msg/detail/satellite_info__rosidl_typesupport_introspection_cpp.hpp\n'}
[0.831726] (px4_msgs) StdoutLine: {'line': b'-- Up-to-date: /home/maizaied03/ros2_ws/install/px4_msgs/include/px4_msgs/px4_msgs/msg/detail/vehicle_magnetometer__type_support.cpp\n'}
[0.831761] (px4_msgs) StdoutLine: {'line': b'-- Up-to-date: /home/maizaied03/ros2_ws/install/px4_msgs/include/px4_msgs/px4_msgs/msg/detail/rtl_status__rosidl_typesupport_introspection_cpp.hpp\n'}
[0.831810] (px4_msgs) StdoutLine: {'line': b'-- Up-to-date: /home/maizaied03/ros2_ws/install/px4_msgs/include/px4_msgs/px4_msgs/msg/detail/navigator_status__rosidl_typesupport_introspection_cpp.hpp\n'}
[0.831842] (px4_msgs) StdoutLine: {'line': b'-- Up-to-date: /home/maizaied03/ros2_ws/install/px4_msgs/include/px4_msgs/px4_msgs/msg/detail/vehicle_imu__type_support.cpp\n'}
[0.831873] (px4_msgs) StdoutLine: {'line': b'-- Up-to-date: /home/maizaied03/ros2_ws/install/px4_msgs/include/px4_msgs/px4_msgs/msg/detail/rover_rate_setpoint__rosidl_typesupport_introspection_cpp.hpp\n'}
[0.831905] (px4_msgs) StdoutLine: {'line': b'-- Up-to-date: /home/maizaied03/ros2_ws/install/px4_msgs/include/px4_msgs/px4_msgs/msg/detail/estimator_bias3d__rosidl_typesupport_introspection_cpp.hpp\n'}
[0.831938] (px4_msgs) StdoutLine: {'line': b'-- Up-to-date: /home/maizaied03/ros2_ws/install/px4_msgs/include/px4_msgs/px4_msgs/msg/detail/orbit_status__rosidl_typesupport_introspection_cpp.hpp\n'}
[0.831972] (px4_msgs) StdoutLine: {'line': b'-- Up-to-date: /home/maizaied03/ros2_ws/install/px4_msgs/include/px4_msgs/px4_msgs/msg/detail/vehicle_attitude_setpoint__type_support.cpp\n'}
[0.832005] (px4_msgs) StdoutLine: {'line': b'-- Up-to-date: /home/maizaied03/ros2_ws/install/px4_msgs/include/px4_msgs/px4_msgs/msg/detail/mag_worker_data__type_support.cpp\n'}
[0.832040] (px4_msgs) StdoutLine: {'line': b'-- Up-to-date: /home/maizaied03/ros2_ws/install/px4_msgs/include/px4_msgs/px4_msgs/msg/detail/navigator_mission_item__rosidl_typesupport_introspection_cpp.hpp\n'}
[0.832073] (px4_msgs) StdoutLine: {'line': b'-- Up-to-date: /home/maizaied03/ros2_ws/install/px4_msgs/include/px4_msgs/px4_msgs/msg/detail/vehicle_control_mode__rosidl_typesupport_introspection_cpp.hpp\n'}
[0.832107] (px4_msgs) StdoutLine: {'line': b'-- Up-to-date: /home/maizaied03/ros2_ws/install/px4_msgs/include/px4_msgs/px4_msgs/msg/detail/raptor_status__type_support.cpp\n'}
[0.832141] (px4_msgs) StdoutLine: {'line': b'-- Up-to-date: /home/maizaied03/ros2_ws/install/px4_msgs/include/px4_msgs/px4_msgs/msg/detail/vehicle_optical_flow__type_support.cpp\n'}
[0.832175] (px4_msgs) StdoutLine: {'line': b'-- Up-to-date: /home/maizaied03/ros2_ws/install/px4_msgs/include/px4_msgs/px4_msgs/msg/detail/power_button_state__rosidl_typesupport_introspection_cpp.hpp\n'}
[0.832210] (px4_msgs) StdoutLine: {'line': b'-- Up-to-date: /home/maizaied03/ros2_ws/install/px4_msgs/include/px4_msgs/px4_msgs/msg/detail/wind__type_support.cpp\n'}
[0.832244] (px4_msgs) StdoutLine: {'line': b'-- Up-to-date: /home/maizaied03/ros2_ws/install/px4_msgs/include/px4_msgs/px4_msgs/msg/detail/arming_check_request__rosidl_typesupport_introspection_cpp.hpp\n'}
[0.832278] (px4_msgs) StdoutLine: {'line': b'-- Up-to-date: /home/maizaied03/ros2_ws/install/px4_msgs/include/px4_msgs/px4_msgs/msg/detail/vehicle_thrust_setpoint__rosidl_typesupport_introspection_cpp.hpp\n'}
[0.832324] (px4_msgs) StdoutLine: {'line': b'-- Up-to-date: /home/maizaied03/ros2_ws/install/px4_msgs/include/px4_msgs/px4_msgs/msg/detail/input_rc__type_support.cpp\n'}
[0.832356] (px4_msgs) StdoutLine: {'line': b'-- Up-to-date: /home/maizaied03/ros2_ws/install/px4_msgs/include/px4_msgs/px4_msgs/msg/detail/vehicle_odometry__rosidl_typesupport_introspection_cpp.hpp\n'}
[0.832387] (px4_msgs) StdoutLine: {'line': b'-- Up-to-date: /home/maizaied03/ros2_ws/install/px4_msgs/include/px4_msgs/px4_msgs/msg/detail/orb_test_medium__rosidl_typesupport_introspection_cpp.hpp\n'}
[0.832421] (px4_msgs) StdoutLine: {'line': b'-- Up-to-date: /home/maizaied03/ros2_ws/install/px4_msgs/include/px4_msgs/px4_msgs/msg/detail/register_ext_component_request__type_support.cpp\n'}
[0.832458] (px4_msgs) StdoutLine: {'line': b'-- Up-to-date: /home/maizaied03/ros2_ws/install/px4_msgs/include/px4_msgs/px4_msgs/msg/detail/unregister_ext_component__rosidl_typesupport_introspection_cpp.hpp\n'}
[0.832490] (px4_msgs) StdoutLine: {'line': b'-- Up-to-date: /home/maizaied03/ros2_ws/install/px4_msgs/include/px4_msgs/px4_msgs/msg/detail/sensor_uwb__rosidl_typesupport_introspection_cpp.hpp\n'}
[0.832525] (px4_msgs) StdoutLine: {'line': b'-- Up-to-date: /home/maizaied03/ros2_ws/install/px4_msgs/include/px4_msgs/px4_msgs/msg/detail/event__rosidl_typesupport_introspection_cpp.hpp\n'}
[0.832567] (px4_msgs) StdoutLine: {'line': b'-- Up-to-date: /home/maizaied03/ros2_ws/install/px4_msgs/include/px4_msgs/px4_msgs/msg/detail/debug_array__type_support.cpp\n'}
[0.832600] (px4_msgs) StdoutLine: {'line': b'-- Up-to-date: /home/maizaied03/ros2_ws/install/px4_msgs/include/px4_msgs/px4_msgs/msg/detail/register_ext_component_reply__rosidl_typesupport_introspection_cpp.hpp\n'}
[0.832632] (px4_msgs) StdoutLine: {'line': b'-- Up-to-date: /home/maizaied03/ros2_ws/install/px4_msgs/include/px4_msgs/px4_msgs/msg/detail/position_setpoint_triplet__type_support.cpp\n'}
[0.832664] (px4_msgs) StdoutLine: {'line': b'-- Up-to-date: /home/maizaied03/ros2_ws/install/px4_msgs/include/px4_msgs/px4_msgs/msg/detail/rover_rate_status__type_support.cpp\n'}
[0.832696] (px4_msgs) StdoutLine: {'line': b'-- Up-to-date: /home/maizaied03/ros2_ws/install/px4_msgs/include/px4_msgs/px4_msgs/msg/detail/message_format_request__rosidl_typesupport_introspection_cpp.hpp\n'}
[0.832729] (px4_msgs) StdoutLine: {'line': b'-- Up-to-date: /home/maizaied03/ros2_ws/install/px4_msgs/include/px4_msgs/px4_msgs/msg/detail/geofence_status__type_support.cpp\n'}
[0.832770] (px4_msgs) StdoutLine: {'line': b'-- Up-to-date: /home/maizaied03/ros2_ws/install/px4_msgs/include/px4_msgs/px4_msgs/msg/detail/parameter_set_used_request__type_support.cpp\n'}
[0.832816] (px4_msgs) StdoutLine: {'line': b'-- Up-to-date: /home/maizaied03/ros2_ws/install/px4_msgs/include/px4_msgs/px4_msgs/msg/detail/landing_target_innovations__type_support.cpp\n'}
[0.832849] (px4_msgs) StdoutLine: {'line': b'-- Up-to-date: /home/maizaied03/ros2_ws/install/px4_msgs/include/px4_msgs/px4_msgs/msg/detail/figure_eight_status__rosidl_typesupport_introspection_cpp.hpp\n'}
[0.832882] (px4_msgs) StdoutLine: {'line': b'-- Up-to-date: /home/maizaied03/ros2_ws/install/px4_msgs/include/px4_msgs/px4_msgs/msg/detail/distance_sensor_mode_change_request__rosidl_typesupport_introspection_cpp.hpp\n'}
[0.832914] (px4_msgs) StdoutLine: {'line': b'-- Up-to-date: /home/maizaied03/ros2_ws/install/px4_msgs/include/px4_msgs/px4_msgs/msg/detail/distance_sensor_mode_change_request__type_support.cpp\n'}
[0.832947] (px4_msgs) StdoutLine: {'line': b'-- Up-to-date: /home/maizaied03/ros2_ws/install/px4_msgs/include/px4_msgs/px4_msgs/msg/detail/gimbal_manager_information__type_support.cpp\n'}
[0.832982] (px4_msgs) StdoutLine: {'line': b'-- Up-to-date: /home/maizaied03/ros2_ws/install/px4_msgs/include/px4_msgs/px4_msgs/msg/detail/uavcan_parameter_value__type_support.cpp\n'}
[0.833016] (px4_msgs) StdoutLine: {'line': b'-- Up-to-date: /home/maizaied03/ros2_ws/install/px4_msgs/include/px4_msgs/px4_msgs/msg/detail/open_drone_id_self_id__rosidl_typesupport_introspection_cpp.hpp\n'}
[0.833060] (px4_msgs) StdoutLine: {'line': b'-- Up-to-date: /home/maizaied03/ros2_ws/install/px4_msgs/include/px4_msgs/px4_msgs/msg/detail/rover_attitude_status__type_support.cpp\n'}
[0.833093] (px4_msgs) StdoutLine: {'line': b'-- Up-to-date: /home/maizaied03/ros2_ws/install/px4_msgs/include/px4_msgs/px4_msgs/msg/detail/estimator_aid_source2d__type_support.cpp\n'}
[0.833125] (px4_msgs) StdoutLine: {'line': b'-- Up-to-date: /home/maizaied03/ros2_ws/install/px4_msgs/include/px4_msgs/px4_msgs/msg/detail/gimbal_device_information__type_support.cpp\n'}
[0.833156] (px4_msgs) StdoutLine: {'line': b'-- Up-to-date: /home/maizaied03/ros2_ws/install/px4_msgs/include/px4_msgs/px4_msgs/msg/detail/ping__type_support.cpp\n'}
[0.833188] (px4_msgs) StdoutLine: {'line': b'-- Up-to-date: /home/maizaied03/ros2_ws/install/px4_msgs/include/px4_msgs/px4_msgs/msg/detail/mount_orientation__type_support.cpp\n'}
[0.833220] (px4_msgs) StdoutLine: {'line': b'-- Up-to-date: /home/maizaied03/ros2_ws/install/px4_msgs/include/px4_msgs/px4_msgs/msg/detail/navigator_mission_item__type_support.cpp\n'}
[0.833254] (px4_msgs) StdoutLine: {'line': b'-- Up-to-date: /home/maizaied03/ros2_ws/install/px4_msgs/include/px4_msgs/px4_msgs/msg/detail/fixed_wing_lateral_setpoint__type_support.cpp\n'}
[0.833288] (px4_msgs) StdoutLine: {'line': b'-- Up-to-date: /home/maizaied03/ros2_ws/install/px4_msgs/include/px4_msgs/px4_msgs/msg/detail/estimator_bias__type_support.cpp\n'}
[0.833322] (px4_msgs) StdoutLine: {'line': b'-- Up-to-date: /home/maizaied03/ros2_ws/install/px4_msgs/include/px4_msgs/px4_msgs/msg/detail/sensors_status_imu__type_support.cpp\n'}
[0.833366] (px4_msgs) StdoutLine: {'line': b'-- Up-to-date: /home/maizaied03/ros2_ws/install/px4_msgs/include/px4_msgs/px4_msgs/msg/detail/rpm__type_support.cpp\n'}
[0.833399] (px4_msgs) StdoutLine: {'line': b'-- Up-to-date: /home/maizaied03/ros2_ws/install/px4_msgs/include/px4_msgs/px4_msgs/msg/detail/radio_status__rosidl_typesupport_introspection_cpp.hpp\n'}
[0.833432] (px4_msgs) StdoutLine: {'line': b'-- Up-to-date: /home/maizaied03/ros2_ws/install/px4_msgs/include/px4_msgs/px4_msgs/msg/detail/system_power__type_support.cpp\n'}
[0.833468] (px4_msgs) StdoutLine: {'line': b'-- Up-to-date: /home/maizaied03/ros2_ws/install/px4_msgs/include/px4_msgs/px4_msgs/msg/detail/sensor_uwb__type_support.cpp\n'}
[0.833499] (px4_msgs) StdoutLine: {'line': b'-- Up-to-date: /home/maizaied03/ros2_ws/install/px4_msgs/include/px4_msgs/px4_msgs/msg/detail/estimator_gps_status__rosidl_typesupport_introspection_cpp.hpp\n'}
[0.833531] (px4_msgs) StdoutLine: {'line': b'-- Up-to-date: /home/maizaied03/ros2_ws/install/px4_msgs/include/px4_msgs/px4_msgs/msg/detail/landing_target_pose__type_support.cpp\n'}
[0.833571] (px4_msgs) StdoutLine: {'line': b'-- Up-to-date: /home/maizaied03/ros2_ws/install/px4_msgs/include/px4_msgs/px4_msgs/msg/detail/figure_eight_status__type_support.cpp\n'}
[0.833602] (px4_msgs) StdoutLine: {'line': b'-- Up-to-date: /home/maizaied03/ros2_ws/install/px4_msgs/include/px4_msgs/px4_msgs/msg/detail/fixed_wing_lateral_setpoint__rosidl_typesupport_introspection_cpp.hpp\n'}
[0.833634] (px4_msgs) StdoutLine: {'line': b'-- Up-to-date: /home/maizaied03/ros2_ws/install/px4_msgs/include/px4_msgs/px4_msgs/msg/detail/actuator_outputs__rosidl_typesupport_introspection_cpp.hpp\n'}
[0.833666] (px4_msgs) StdoutLine: {'line': b'-- Up-to-date: /home/maizaied03/ros2_ws/install/px4_msgs/include/px4_msgs/px4_msgs/msg/detail/manual_control_switches__type_support.cpp\n'}
[0.833698] (px4_msgs) StdoutLine: {'line': b'-- Up-to-date: /home/maizaied03/ros2_ws/install/px4_msgs/include/px4_msgs/px4_msgs/msg/detail/gimbal_manager_set_attitude__type_support.cpp\n'}
[0.833730] (px4_msgs) StdoutLine: {'line': b'-- Up-to-date: /home/maizaied03/ros2_ws/install/px4_msgs/include/px4_msgs/px4_msgs/msg/detail/distance_sensor__type_support.cpp\n'}
[0.833766] (px4_msgs) StdoutLine: {'line': b'-- Up-to-date: /home/maizaied03/ros2_ws/install/px4_msgs/include/px4_msgs/px4_msgs/msg/detail/vtol_vehicle_status__type_support.cpp\n'}
[0.833814] (px4_msgs) StdoutLine: {'line': b'-- Up-to-date: /home/maizaied03/ros2_ws/install/px4_msgs/include/px4_msgs/px4_msgs/msg/detail/mavlink_log__rosidl_typesupport_introspection_cpp.hpp\n'}
[0.833846] (px4_msgs) StdoutLine: {'line': b'-- Up-to-date: /home/maizaied03/ros2_ws/install/px4_msgs/include/px4_msgs/px4_msgs/msg/detail/sensor_gyro__rosidl_typesupport_introspection_cpp.hpp\n'}
[0.833879] (px4_msgs) StdoutLine: {'line': b'-- Up-to-date: /home/maizaied03/ros2_ws/install/px4_msgs/include/px4_msgs/px4_msgs/msg/detail/led_control__rosidl_typesupport_introspection_cpp.hpp\n'}
[0.833911] (px4_msgs) StdoutLine: {'line': b'-- Up-to-date: /home/maizaied03/ros2_ws/install/px4_msgs/include/px4_msgs/px4_msgs/msg/detail/lateral_control_configuration__rosidl_typesupport_introspection_cpp.hpp\n'}
[0.833945] (px4_msgs) StdoutLine: {'line': b'-- Up-to-date: /home/maizaied03/ros2_ws/install/px4_msgs/include/px4_msgs/px4_msgs/msg/detail/estimator_aid_source1d__type_support.cpp\n'}
[0.833979] (px4_msgs) StdoutLine: {'line': b'-- Up-to-date: /home/maizaied03/ros2_ws/install/px4_msgs/include/px4_msgs/px4_msgs/msg/detail/sensor_airflow__type_support.cpp\n'}
[0.834013] (px4_msgs) StdoutLine: {'line': b'-- Up-to-date: /home/maizaied03/ros2_ws/install/px4_msgs/include/px4_msgs/px4_msgs/msg/detail/sensor_mag__type_support.cpp\n'}
[0.834048] (px4_msgs) StdoutLine: {'line': b'-- Up-to-date: /home/maizaied03/ros2_ws/install/px4_msgs/include/px4_msgs/px4_msgs/msg/detail/debug_value__rosidl_typesupport_introspection_cpp.hpp\n'}
[0.834082] (px4_msgs) StdoutLine: {'line': b'-- Up-to-date: /home/maizaied03/ros2_ws/install/px4_msgs/include/px4_msgs/px4_msgs/msg/detail/config_overrides__rosidl_typesupport_introspection_cpp.hpp\n'}
[0.834116] (px4_msgs) StdoutLine: {'line': b'-- Up-to-date: /home/maizaied03/ros2_ws/install/px4_msgs/include/px4_msgs/px4_msgs/msg/detail/tecs_status__rosidl_typesupport_introspection_cpp.hpp\n'}
[0.834150] (px4_msgs) StdoutLine: {'line': b'-- Up-to-date: /home/maizaied03/ros2_ws/install/px4_msgs/include/px4_msgs/px4_msgs/msg/detail/lateral_control_configuration__type_support.cpp\n'}
[0.834188] (px4_msgs) StdoutLine: {'line': b'-- Up-to-date: /home/maizaied03/ros2_ws/install/px4_msgs/include/px4_msgs/px4_msgs/msg/detail/obstacle_distance__type_support.cpp\n'}
[0.834222] (px4_msgs) StdoutLine: {'line': b'-- Up-to-date: /home/maizaied03/ros2_ws/install/px4_msgs/include/px4_msgs/px4_msgs/msg/detail/rover_attitude_setpoint__rosidl_typesupport_introspection_cpp.hpp\n'}
[0.834255] (px4_msgs) StdoutLine: {'line': b'-- Up-to-date: /home/maizaied03/ros2_ws/install/px4_msgs/include/px4_msgs/px4_msgs/msg/detail/uavcan_parameter_value__rosidl_typesupport_introspection_cpp.hpp\n'}
[0.834302] (px4_msgs) StdoutLine: {'line': b'-- Up-to-date: /home/maizaied03/ros2_ws/install/px4_msgs/include/px4_msgs/px4_msgs/msg/detail/estimator_sensor_bias__type_support.cpp\n'}
[0.834335] (px4_msgs) StdoutLine: {'line': b'-- Up-to-date: /home/maizaied03/ros2_ws/install/px4_msgs/include/px4_msgs/px4_msgs/msg/detail/gimbal_controls__type_support.cpp\n'}
[0.834367] (px4_msgs) StdoutLine: {'line': b'-- Up-to-date: /home/maizaied03/ros2_ws/install/px4_msgs/include/px4_msgs/px4_msgs/msg/detail/sensor_gnss_relative__rosidl_typesupport_introspection_cpp.hpp\n'}
[0.834399] (px4_msgs) StdoutLine: {'line': b'-- Up-to-date: /home/maizaied03/ros2_ws/install/px4_msgs/include/px4_msgs/px4_msgs/msg/detail/vehicle_rates_setpoint__type_support.cpp\n'}
[0.834431] (px4_msgs) StdoutLine: {'line': b'-- Up-to-date: /home/maizaied03/ros2_ws/install/px4_msgs/include/px4_msgs/px4_msgs/msg/detail/sensor_accel_fifo__type_support.cpp\n'}
[0.834467] (px4_msgs) StdoutLine: {'line': b'-- Up-to-date: /home/maizaied03/ros2_ws/install/px4_msgs/include/px4_msgs/px4_msgs/msg/detail/gimbal_manager_status__type_support.cpp\n'}
[0.834499] (px4_msgs) StdoutLine: {'line': b'-- Up-to-date: /home/maizaied03/ros2_ws/install/px4_msgs/include/px4_msgs/px4_msgs/msg/detail/open_drone_id_arm_status__type_support.cpp\n'}
[0.834533] (px4_msgs) StdoutLine: {'line': b'-- Up-to-date: /home/maizaied03/ros2_ws/install/px4_msgs/include/px4_msgs/px4_msgs/msg/detail/task_stack_info__rosidl_typesupport_introspection_cpp.hpp\n'}
[0.834565] (px4_msgs) StdoutLine: {'line': b'-- Up-to-date: /home/maizaied03/ros2_ws/install/px4_msgs/include/px4_msgs/px4_msgs/msg/detail/follow_target_estimator__rosidl_typesupport_introspection_cpp.hpp\n'}
[0.834597] (px4_msgs) StdoutLine: {'line': b'-- Up-to-date: /home/maizaied03/ros2_ws/install/px4_msgs/include/px4_msgs/px4_msgs/msg/detail/wheel_encoders__rosidl_typesupport_introspection_cpp.hpp\n'}
[0.834637] (px4_msgs) StdoutLine: {'line': b'-- Up-to-date: /home/maizaied03/ros2_ws/install/px4_msgs/include/px4_msgs/px4_msgs/msg/detail/rc_channels__type_support.cpp\n'}
[0.834684] (px4_msgs) StdoutLine: {'line': b'-- Up-to-date: /home/maizaied03/ros2_ws/install/px4_msgs/include/px4_msgs/px4_msgs/msg/detail/message_format_response__type_support.cpp\n'}
[0.834727] (px4_msgs) StdoutLine: {'line': b'-- Up-to-date: /home/maizaied03/ros2_ws/install/px4_msgs/include/px4_msgs/px4_msgs/msg/detail/led_control__type_support.cpp\n'}
[0.834774] (px4_msgs) StdoutLine: {'line': b'-- Up-to-date: /home/maizaied03/ros2_ws/install/px4_msgs/include/px4_msgs/px4_msgs/msg/detail/debug_array__rosidl_typesupport_introspection_cpp.hpp\n'}
[0.834829] (px4_msgs) StdoutLine: {'line': b'-- Up-to-date: /home/maizaied03/ros2_ws/install/px4_msgs/include/px4_msgs/px4_msgs/msg/detail/open_drone_id_arm_status__rosidl_typesupport_introspection_cpp.hpp\n'}
[0.834861] (px4_msgs) StdoutLine: {'line': b'-- Up-to-date: /home/maizaied03/ros2_ws/install/px4_msgs/include/px4_msgs/px4_msgs/msg/detail/open_drone_id_operator_id__rosidl_typesupport_introspection_cpp.hpp\n'}
[0.834894] (px4_msgs) StdoutLine: {'line': b'-- Up-to-date: /home/maizaied03/ros2_ws/install/px4_msgs/include/px4_msgs/px4_msgs/msg/detail/register_ext_component_reply__type_support.cpp\n'}
[0.834943] (px4_msgs) StdoutLine: {'line': b'-- Up-to-date: /home/maizaied03/ros2_ws/install/px4_msgs/include/px4_msgs/px4_msgs/msg/detail/fixed_wing_lateral_guidance_status__type_support.cpp\n'}
[0.834977] (px4_msgs) StdoutLine: {'line': b'-- Up-to-date: /home/maizaied03/ros2_ws/install/px4_msgs/include/px4_msgs/px4_msgs/msg/detail/telemetry_status__type_support.cpp\n'}
[0.835020] (px4_msgs) StdoutLine: {'line': b'-- Up-to-date: /home/maizaied03/ros2_ws/install/px4_msgs/include/px4_msgs/px4_msgs/msg/detail/position_setpoint__type_support.cpp\n'}
[0.835063] (px4_msgs) StdoutLine: {'line': b'-- Up-to-date: /home/maizaied03/ros2_ws/install/px4_msgs/include/px4_msgs/px4_msgs/msg/detail/longitudinal_control_configuration__type_support.cpp\n'}
[0.835105] (px4_msgs) StdoutLine: {'line': b'-- Up-to-date: /home/maizaied03/ros2_ws/install/px4_msgs/include/px4_msgs/px4_msgs/msg/detail/ulog_stream_ack__type_support.cpp\n'}
[0.835154] (px4_msgs) StdoutLine: {'line': b'-- Up-to-date: /home/maizaied03/ros2_ws/install/px4_msgs/include/px4_msgs/px4_msgs/msg/detail/position_controller_status__type_support.cpp\n'}
[0.835186] (px4_msgs) StdoutLine: {'line': b'-- Up-to-date: /home/maizaied03/ros2_ws/install/px4_msgs/include/px4_msgs/px4_msgs/msg/detail/normalized_unsigned_setpoint__rosidl_typesupport_introspection_cpp.hpp\n'}
[0.835219] (px4_msgs) StdoutLine: {'line': b'-- Up-to-date: /home/maizaied03/ros2_ws/install/px4_msgs/include/px4_msgs/px4_msgs/msg/detail/gimbal_manager_set_manual_control__rosidl_typesupport_introspection_cpp.hpp\n'}
[0.835251] (px4_msgs) StdoutLine: {'line': b'-- Up-to-date: /home/maizaied03/ros2_ws/install/px4_msgs/include/px4_msgs/px4_msgs/msg/detail/vehicle_attitude__rosidl_typesupport_introspection_cpp.hpp\n'}
[0.835283] (px4_msgs) StdoutLine: {'line': b'-- Up-to-date: /home/maizaied03/ros2_ws/install/px4_msgs/include/px4_msgs/px4_msgs/msg/detail/offboard_control_mode__rosidl_typesupport_introspection_cpp.hpp\n'}
[0.835320] (px4_msgs) StdoutLine: {'line': b'-- Up-to-date: /home/maizaied03/ros2_ws/install/px4_msgs/include/px4_msgs/px4_msgs/msg/detail/landing_target_pose__rosidl_typesupport_introspection_cpp.hpp\n'}
[0.835366] (px4_msgs) StdoutLine: {'line': b'-- Up-to-date: /home/maizaied03/ros2_ws/install/px4_msgs/include/px4_msgs/px4_msgs/msg/detail/failure_detector_status__rosidl_typesupport_introspection_cpp.hpp\n'}
[0.835399] (px4_msgs) StdoutLine: {'line': b'-- Up-to-date: /home/maizaied03/ros2_ws/install/px4_msgs/include/px4_msgs/px4_msgs/msg/detail/px4io_status__rosidl_typesupport_introspection_cpp.hpp\n'}
[0.835431] (px4_msgs) StdoutLine: {'line': b'-- Up-to-date: /home/maizaied03/ros2_ws/install/px4_msgs/include/px4_msgs/px4_msgs/msg/detail/battery_info__rosidl_typesupport_introspection_cpp.hpp\n'}
[0.835464] (px4_msgs) StdoutLine: {'line': b'-- Up-to-date: /home/maizaied03/ros2_ws/install/px4_msgs/include/px4_msgs/px4_msgs/msg/detail/home_position__type_support.cpp\n'}
[0.835496] (px4_msgs) StdoutLine: {'line': b'-- Up-to-date: /home/maizaied03/ros2_ws/install/px4_msgs/include/px4_msgs/px4_msgs/msg/detail/vtol_vehicle_status__rosidl_typesupport_introspection_cpp.hpp\n'}
[0.835532] (px4_msgs) StdoutLine: {'line': b'-- Up-to-date: /home/maizaied03/ros2_ws/install/px4_msgs/include/px4_msgs/px4_msgs/msg/detail/geofence_result__type_support.cpp\n'}
[0.835563] (px4_msgs) StdoutLine: {'line': b'-- Up-to-date: /home/maizaied03/ros2_ws/install/px4_msgs/include/px4_msgs/px4_msgs/msg/detail/home_position__rosidl_typesupport_introspection_cpp.hpp\n'}
[0.835595] (px4_msgs) StdoutLine: {'line': b'-- Up-to-date: /home/maizaied03/ros2_ws/install/px4_msgs/include/px4_msgs/px4_msgs/msg/detail/internal_combustion_engine_control__type_support.cpp\n'}
[0.835631] (px4_msgs) StdoutLine: {'line': b'-- Up-to-date: /home/maizaied03/ros2_ws/install/px4_msgs/include/px4_msgs/px4_msgs/msg/detail/rate_ctrl_status__type_support.cpp\n'}
[0.835665] (px4_msgs) StdoutLine: {'line': b'-- Up-to-date: /home/maizaied03/ros2_ws/install/px4_msgs/include/px4_msgs/px4_msgs/msg/detail/gpio_in__rosidl_typesupport_introspection_cpp.hpp\n'}
[0.835699] (px4_msgs) StdoutLine: {'line': b'-- Up-to-date: /home/maizaied03/ros2_ws/install/px4_msgs/include/px4_msgs/px4_msgs/msg/detail/position_setpoint_triplet__rosidl_typesupport_introspection_cpp.hpp\n'}
[0.835733] (px4_msgs) StdoutLine: {'line': b'-- Up-to-date: /home/maizaied03/ros2_ws/install/px4_msgs/include/px4_msgs/px4_msgs/msg/detail/estimator_status__rosidl_typesupport_introspection_cpp.hpp\n'}
[0.835771] (px4_msgs) StdoutLine: {'line': b'-- Up-to-date: /home/maizaied03/ros2_ws/install/px4_msgs/include/px4_msgs/px4_msgs/msg/detail/fixed_wing_longitudinal_setpoint__type_support.cpp\n'}
[0.835821] (px4_msgs) StdoutLine: {'line': b'-- Up-to-date: /home/maizaied03/ros2_ws/install/px4_msgs/include/px4_msgs/px4_msgs/msg/detail/mission__type_support.cpp\n'}
[0.835856] (px4_msgs) StdoutLine: {'line': b'-- Up-to-date: /home/maizaied03/ros2_ws/install/px4_msgs/include/px4_msgs/px4_msgs/msg/detail/health_report__type_support.cpp\n'}
[0.835890] (px4_msgs) StdoutLine: {'line': b'-- Up-to-date: /home/maizaied03/ros2_ws/install/px4_msgs/include/px4_msgs/px4_msgs/msg/detail/vehicle_command_ack__type_support.cpp\n'}
[0.835925] (px4_msgs) StdoutLine: {'line': b'-- Up-to-date: /home/maizaied03/ros2_ws/install/px4_msgs/include/px4_msgs/px4_msgs/msg/detail/ekf2_timestamps__rosidl_typesupport_introspection_cpp.hpp\n'}
[0.835959] (px4_msgs) StdoutLine: {'line': b'-- Up-to-date: /home/maizaied03/ros2_ws/install/px4_msgs/include/px4_msgs/px4_msgs/msg/detail/orbit_status__type_support.cpp\n'}
[0.836011] (px4_msgs) StdoutLine: {'line': b'-- Up-to-date: /home/maizaied03/ros2_ws/install/px4_msgs/include/px4_msgs/px4_msgs/msg/detail/esc_report__rosidl_typesupport_introspection_cpp.hpp\n'}
[0.836044] (px4_msgs) StdoutLine: {'line': b'-- Up-to-date: /home/maizaied03/ros2_ws/install/px4_msgs/include/px4_msgs/px4_msgs/msg/detail/vehicle_attitude_setpoint__rosidl_typesupport_introspection_cpp.hpp\n'}
[0.836077] (px4_msgs) StdoutLine: {'line': b'-- Up-to-date: /home/maizaied03/ros2_ws/install/px4_msgs/include/px4_msgs/px4_msgs/msg/detail/actuator_test__rosidl_typesupport_introspection_cpp.hpp\n'}
[0.836108] (px4_msgs) StdoutLine: {'line': b'-- Up-to-date: /home/maizaied03/ros2_ws/install/px4_msgs/include/px4_msgs/px4_msgs/msg/detail/onboard_computer_status__rosidl_typesupport_introspection_cpp.hpp\n'}
[0.836143] (px4_msgs) StdoutLine: {'line': b'-- Up-to-date: /home/maizaied03/ros2_ws/install/px4_msgs/include/px4_msgs/px4_msgs/msg/detail/mission_result__rosidl_typesupport_introspection_cpp.hpp\n'}
[0.836175] (px4_msgs) StdoutLine: {'line': b'-- Up-to-date: /home/maizaied03/ros2_ws/install/px4_msgs/include/px4_msgs/px4_msgs/msg/detail/vehicle_angular_acceleration_setpoint__rosidl_typesupport_introspection_cpp.hpp\n'}
[0.836209] (px4_msgs) StdoutLine: {'line': b'-- Up-to-date: /home/maizaied03/ros2_ws/install/px4_msgs/include/px4_msgs/px4_msgs/msg/detail/tecs_status__type_support.cpp\n'}
[0.836255] (px4_msgs) StdoutLine: {'line': b'-- Up-to-date: /home/maizaied03/ros2_ws/install/px4_msgs/include/px4_msgs/px4_msgs/msg/detail/gripper__type_support.cpp\n'}
[0.836288] (px4_msgs) StdoutLine: {'line': b'-- Up-to-date: /home/maizaied03/ros2_ws/install/px4_msgs/include/px4_msgs/px4_msgs/msg/detail/gimbal_device_attitude_status__type_support.cpp\n'}
[0.836320] (px4_msgs) StdoutLine: {'line': b'-- Up-to-date: /home/maizaied03/ros2_ws/install/px4_msgs/include/px4_msgs/px4_msgs/msg/detail/trajectory_setpoint__rosidl_typesupport_introspection_cpp.hpp\n'}
[0.836352] (px4_msgs) StdoutLine: {'line': b'-- Up-to-date: /home/maizaied03/ros2_ws/install/px4_msgs/include/px4_msgs/px4_msgs/msg/detail/timesync_status__rosidl_typesupport_introspection_cpp.hpp\n'}
[0.836383] (px4_msgs) StdoutLine: {'line': b'-- Up-to-date: /home/maizaied03/ros2_ws/install/px4_msgs/include/px4_msgs/px4_msgs/msg/detail/follow_target__rosidl_typesupport_introspection_cpp.hpp\n'}
[0.836415] (px4_msgs) StdoutLine: {'line': b'-- Up-to-date: /home/maizaied03/ros2_ws/install/px4_msgs/include/px4_msgs/px4_msgs/msg/detail/fixed_wing_runway_control__rosidl_typesupport_introspection_cpp.hpp\n'}
[0.836446] (px4_msgs) StdoutLine: {'line': b'-- Up-to-date: /home/maizaied03/ros2_ws/install/px4_msgs/include/px4_msgs/px4_msgs/msg/detail/yaw_estimator_status__rosidl_typesupport_introspection_cpp.hpp\n'}
[0.836477] (px4_msgs) StdoutLine: {'line': b'-- Up-to-date: /home/maizaied03/ros2_ws/install/px4_msgs/include/px4_msgs/px4_msgs/msg/detail/wind__rosidl_typesupport_introspection_cpp.hpp\n'}
[0.836516] (px4_msgs) StdoutLine: {'line': b'-- Up-to-date: /home/maizaied03/ros2_ws/install/px4_msgs/include/px4_msgs/px4_msgs/msg/detail/vehicle_command_ack__rosidl_typesupport_introspection_cpp.hpp\n'}
[0.836550] (px4_msgs) StdoutLine: {'line': b'-- Up-to-date: /home/maizaied03/ros2_ws/install/px4_msgs/include/px4_msgs/px4_msgs/msg/detail/ulog_stream__type_support.cpp\n'}
[0.836584] (px4_msgs) StdoutLine: {'line': b'-- Up-to-date: /home/maizaied03/ros2_ws/install/px4_msgs/include/px4_msgs/px4_msgs/msg/detail/arming_check_reply__rosidl_typesupport_introspection_cpp.hpp\n'}
[0.836618] (px4_msgs) StdoutLine: {'line': b'-- Up-to-date: /home/maizaied03/ros2_ws/install/px4_msgs/include/px4_msgs/px4_msgs/msg/detail/cellular_status__rosidl_typesupport_introspection_cpp.hpp\n'}
[0.836653] (px4_msgs) StdoutLine: {'line': b'-- Up-to-date: /home/maizaied03/ros2_ws/install/px4_msgs/include/px4_msgs/px4_msgs/msg/detail/vehicle_air_data__rosidl_typesupport_introspection_cpp.hpp\n'}
[0.836687] (px4_msgs) StdoutLine: {'line': b'-- Up-to-date: /home/maizaied03/ros2_ws/install/px4_msgs/include/px4_msgs/px4_msgs/msg/detail/sensor_hygrometer__type_support.cpp\n'}
[0.836723] (px4_msgs) StdoutLine: {'line': b'-- Up-to-date: /home/maizaied03/ros2_ws/install/px4_msgs/include/px4_msgs/px4_msgs/msg/detail/sensors_status__rosidl_typesupport_introspection_cpp.hpp\n'}
[0.836757] (px4_msgs) StdoutLine: {'line': b'-- Up-to-date: /home/maizaied03/ros2_ws/install/px4_msgs/include/px4_msgs/px4_msgs/msg/detail/tune_control__type_support.cpp\n'}
[0.836810] (px4_msgs) StdoutLine: {'line': b'-- Up-to-date: /home/maizaied03/ros2_ws/install/px4_msgs/include/px4_msgs/px4_msgs/msg/detail/logger_status__rosidl_typesupport_introspection_cpp.hpp\n'}
[0.836844] (px4_msgs) StdoutLine: {'line': b'-- Up-to-date: /home/maizaied03/ros2_ws/install/px4_msgs/include/px4_msgs/px4_msgs/msg/detail/estimator_aid_source2d__rosidl_typesupport_introspection_cpp.hpp\n'}
[0.836881] (px4_msgs) StdoutLine: {'line': b'-- Up-to-date: /home/maizaied03/ros2_ws/install/px4_msgs/include/px4_msgs/px4_msgs/msg/detail/launch_detection_status__rosidl_typesupport_introspection_cpp.hpp\n'}
[0.836936] (px4_msgs) StdoutLine: {'line': b'-- Up-to-date: /home/maizaied03/ros2_ws/install/px4_msgs/include/px4_msgs/px4_msgs/msg/detail/sensor_selection__rosidl_typesupport_introspection_cpp.hpp\n'}
[0.836984] (px4_msgs) StdoutLine: {'line': b'-- Up-to-date: /home/maizaied03/ros2_ws/install/px4_msgs/include/px4_msgs/px4_msgs/msg/detail/vehicle_local_position_setpoint__type_support.cpp\n'}
[0.837018] (px4_msgs) StdoutLine: {'line': b'-- Up-to-date: /home/maizaied03/ros2_ws/install/px4_msgs/include/px4_msgs/px4_msgs/msg/detail/power_monitor__type_support.cpp\n'}
[0.837056] (px4_msgs) StdoutLine: {'line': b'-- Up-to-date: /home/maizaied03/ros2_ws/install/px4_msgs/include/px4_msgs/px4_msgs/msg/detail/position_setpoint__rosidl_typesupport_introspection_cpp.hpp\n'}
[0.837092] (px4_msgs) StdoutLine: {'line': b'-- Up-to-date: /home/maizaied03/ros2_ws/install/px4_msgs/include/px4_msgs/px4_msgs/msg/detail/internal_combustion_engine_status__type_support.cpp\n'}
[0.837132] (px4_msgs) StdoutLine: {'line': b'-- Up-to-date: /home/maizaied03/ros2_ws/install/px4_msgs/include/px4_msgs/px4_msgs/msg/detail/timesync_status__type_support.cpp\n'}
[0.837168] (px4_msgs) StdoutLine: {'line': b'-- Up-to-date: /home/maizaied03/ros2_ws/install/px4_msgs/include/px4_msgs/px4_msgs/msg/detail/rover_speed_setpoint__type_support.cpp\n'}
[0.837203] (px4_msgs) StdoutLine: {'line': b'-- Up-to-date: /home/maizaied03/ros2_ws/install/px4_msgs/include/px4_msgs/px4_msgs/msg/detail/hover_thrust_estimate__type_support.cpp\n'}
[0.837248] (px4_msgs) StdoutLine: {'line': b'-- Up-to-date: /home/maizaied03/ros2_ws/install/px4_msgs/include/px4_msgs/px4_msgs/msg/detail/obstacle_distance__rosidl_typesupport_introspection_cpp.hpp\n'}
[0.837282] (px4_msgs) StdoutLine: {'line': b'-- Up-to-date: /home/maizaied03/ros2_ws/install/px4_msgs/include/px4_msgs/px4_msgs/msg/detail/vehicle_constraints__type_support.cpp\n'}
[0.837314] (px4_msgs) StdoutLine: {'line': b'-- Up-to-date: /home/maizaied03/ros2_ws/install/px4_msgs/include/px4_msgs/px4_msgs/msg/detail/heater_status__rosidl_typesupport_introspection_cpp.hpp\n'}
[0.837346] (px4_msgs) StdoutLine: {'line': b'-- Up-to-date: /home/maizaied03/ros2_ws/install/px4_msgs/include/px4_msgs/px4_msgs/msg/detail/mission__rosidl_typesupport_introspection_cpp.hpp\n'}
[0.837378] (px4_msgs) StdoutLine: {'line': b'-- Up-to-date: /home/maizaied03/ros2_ws/install/px4_msgs/include/px4_msgs/px4_msgs/msg/detail/vehicle_acceleration__rosidl_typesupport_introspection_cpp.hpp\n'}
[0.837411] (px4_msgs) StdoutLine: {'line': b'-- Up-to-date: /home/maizaied03/ros2_ws/install/px4_msgs/include/px4_msgs/px4_msgs/msg/detail/ulog_stream__rosidl_typesupport_introspection_cpp.hpp\n'}
[0.837445] (px4_msgs) StdoutLine: {'line': b'-- Up-to-date: /home/maizaied03/ros2_ws/install/px4_msgs/include/px4_msgs/px4_msgs/msg/detail/camera_capture__rosidl_typesupport_introspection_cpp.hpp\n'}
[0.837480] (px4_msgs) StdoutLine: {'line': b'-- Up-to-date: /home/maizaied03/ros2_ws/install/px4_msgs/include/px4_msgs/px4_msgs/msg/detail/can_interface_status__rosidl_typesupport_introspection_cpp.hpp\n'}
[0.837515] (px4_msgs) StdoutLine: {'line': b'-- Up-to-date: /home/maizaied03/ros2_ws/install/px4_msgs/include/px4_msgs/px4_msgs/msg/detail/pps_capture__type_support.cpp\n'}
[0.837561] (px4_msgs) StdoutLine: {'line': b'-- Up-to-date: /home/maizaied03/ros2_ws/install/px4_msgs/include/px4_msgs/px4_msgs/msg/detail/vehicle_local_position_setpoint__rosidl_typesupport_introspection_cpp.hpp\n'}
[0.837594] (px4_msgs) StdoutLine: {'line': b'-- Up-to-date: /home/maizaied03/ros2_ws/install/px4_msgs/include/px4_msgs/px4_msgs/msg/detail/sensor_hygrometer__rosidl_typesupport_introspection_cpp.hpp\n'}
[0.837629] (px4_msgs) StdoutLine: {'line': b'-- Up-to-date: /home/maizaied03/ros2_ws/install/px4_msgs/include/px4_msgs/px4_msgs/msg/detail/flight_phase_estimation__rosidl_typesupport_introspection_cpp.hpp\n'}
[0.837672] (px4_msgs) StdoutLine: {'line': b'-- Up-to-date: /home/maizaied03/ros2_ws/install/px4_msgs/include/px4_msgs/px4_msgs/msg/detail/gps_inject_data__type_support.cpp\n'}
[0.837705] (px4_msgs) StdoutLine: {'line': b'-- Up-to-date: /home/maizaied03/ros2_ws/install/px4_msgs/include/px4_msgs/px4_msgs/msg/detail/irlock_report__type_support.cpp\n'}
[0.837737] (px4_msgs) StdoutLine: {'line': b'-- Up-to-date: /home/maizaied03/ros2_ws/install/px4_msgs/include/px4_msgs/px4_msgs/msg/detail/dataman_request__rosidl_typesupport_introspection_cpp.hpp\n'}
[0.837774] (px4_msgs) StdoutLine: {'line': b'-- Up-to-date: /home/maizaied03/ros2_ws/install/px4_msgs/include/px4_msgs/px4_msgs/msg/detail/parameter_set_value_request__rosidl_typesupport_introspection_cpp.hpp\n'}
[0.837819] (px4_msgs) StdoutLine: {'line': b'-- Up-to-date: /home/maizaied03/ros2_ws/install/px4_msgs/include/px4_msgs/px4_msgs/msg/detail/vehicle_air_data__type_support.cpp\n'}
[0.837850] (px4_msgs) StdoutLine: {'line': b'-- Up-to-date: /home/maizaied03/ros2_ws/install/px4_msgs/include/px4_msgs/px4_msgs/msg/detail/sensor_gps__type_support.cpp\n'}
[0.837882] (px4_msgs) StdoutLine: {'line': b'-- Up-to-date: /home/maizaied03/ros2_ws/install/px4_msgs/include/px4_msgs/px4_msgs/msg/detail/velocity_limits__type_support.cpp\n'}
[0.837919] (px4_msgs) StdoutLine: {'line': b'-- Up-to-date: /home/maizaied03/ros2_ws/install/px4_msgs/include/px4_msgs/px4_msgs/msg/detail/rover_steering_setpoint__type_support.cpp\n'}
[0.837950] (px4_msgs) StdoutLine: {'line': b'-- Up-to-date: /home/maizaied03/ros2_ws/install/px4_msgs/include/px4_msgs/px4_msgs/msg/detail/vehicle_angular_velocity__type_support.cpp\n'}
[0.837982] (px4_msgs) StdoutLine: {'line': b'-- Up-to-date: /home/maizaied03/ros2_ws/install/px4_msgs/include/px4_msgs/px4_msgs/msg/detail/flight_phase_estimation__type_support.cpp\n'}
[0.838026] (px4_msgs) StdoutLine: {'line': b'-- Up-to-date: /home/maizaied03/ros2_ws/install/px4_msgs/include/px4_msgs/px4_msgs/msg/detail/uavcan_parameter_request__type_support.cpp\n'}
[0.838059] (px4_msgs) StdoutLine: {'line': b'-- Up-to-date: /home/maizaied03/ros2_ws/install/px4_msgs/include/px4_msgs/px4_msgs/msg/detail/gain_compression__type_support.cpp\n'}
[0.838091] (px4_msgs) StdoutLine: {'line': b'-- Up-to-date: /home/maizaied03/ros2_ws/install/px4_msgs/include/px4_msgs/px4_msgs/msg/detail/takeoff_status__type_support.cpp\n'}
[0.838123] (px4_msgs) StdoutLine: {'line': b'-- Up-to-date: /home/maizaied03/ros2_ws/install/px4_msgs/include/px4_msgs/px4_msgs/msg/detail/pwm_input__rosidl_typesupport_introspection_cpp.hpp\n'}
[0.838155] (px4_msgs) StdoutLine: {'line': b'-- Up-to-date: /home/maizaied03/ros2_ws/install/px4_msgs/include/px4_msgs/px4_msgs/msg/detail/estimator_innovations__type_support.cpp\n'}
[0.838189] (px4_msgs) StdoutLine: {'line': b'-- Up-to-date: /home/maizaied03/ros2_ws/install/px4_msgs/include/px4_msgs/px4_msgs/msg/detail/rtl_time_estimate__type_support.cpp\n'}
[0.838222] (px4_msgs) StdoutLine: {'line': b'-- Up-to-date: /home/maizaied03/ros2_ws/install/px4_msgs/include/px4_msgs/px4_msgs/msg/detail/gimbal_manager_status__rosidl_typesupport_introspection_cpp.hpp\n'}
[0.838254] (px4_msgs) StdoutLine: {'line': b'-- Up-to-date: /home/maizaied03/ros2_ws/install/px4_msgs/include/px4_msgs/px4_msgs/msg/detail/goto_setpoint__rosidl_typesupport_introspection_cpp.hpp\n'}
[0.838286] (px4_msgs) StdoutLine: {'line': b'-- Up-to-date: /home/maizaied03/ros2_ws/install/px4_msgs/include/px4_msgs/px4_msgs/msg/detail/raptor_input__type_support.cpp\n'}
[0.838322] (px4_msgs) StdoutLine: {'line': b'-- Up-to-date: /home/maizaied03/ros2_ws/install/px4_msgs/include/px4_msgs/px4_msgs/msg/detail/sensor_gyro_fifo__rosidl_typesupport_introspection_cpp.hpp\n'}
[0.838357] (px4_msgs) StdoutLine: {'line': b'-- Up-to-date: /home/maizaied03/ros2_ws/install/px4_msgs/include/px4_msgs/px4_msgs/msg/detail/sensor_baro__type_support.cpp\n'}
[0.838399] (px4_msgs) StdoutLine: {'line': b'-- Up-to-date: /home/maizaied03/ros2_ws/install/px4_msgs/include/px4_msgs/px4_msgs/msg/detail/fixed_wing_lateral_status__type_support.cpp\n'}
[0.838432] (px4_msgs) StdoutLine: {'line': b'-- Up-to-date: /home/maizaied03/ros2_ws/install/px4_msgs/include/px4_msgs/px4_msgs/msg/detail/manual_control_switches__rosidl_typesupport_introspection_cpp.hpp\n'}
[0.838463] (px4_msgs) StdoutLine: {'line': b'-- Up-to-date: /home/maizaied03/ros2_ws/install/px4_msgs/include/px4_msgs/px4_msgs/msg/detail/landing_gear__rosidl_typesupport_introspection_cpp.hpp\n'}
[0.838500] (px4_msgs) StdoutLine: {'line': b'-- Up-to-date: /home/maizaied03/ros2_ws/install/px4_msgs/include/px4_msgs/px4_msgs/msg/detail/distance_sensor__rosidl_typesupport_introspection_cpp.hpp\n'}
[0.838535] (px4_msgs) StdoutLine: {'line': b'-- Up-to-date: /home/maizaied03/ros2_ws/install/px4_msgs/include/px4_msgs/px4_msgs/msg/detail/estimator_states__rosidl_typesupport_introspection_cpp.hpp\n'}
[0.838580] (px4_msgs) StdoutLine: {'line': b'-- Up-to-date: /home/maizaied03/ros2_ws/install/px4_msgs/include/px4_msgs/px4_msgs/msg/detail/sensor_combined__type_support.cpp\n'}
[0.838612] (px4_msgs) StdoutLine: {'line': b'-- Up-to-date: /home/maizaied03/ros2_ws/install/px4_msgs/include/px4_msgs/px4_msgs/msg/detail/rc_parameter_map__type_support.cpp\n'}
[0.838646] (px4_msgs) StdoutLine: {'line': b'-- Up-to-date: /home/maizaied03/ros2_ws/install/px4_msgs/include/px4_msgs/px4_msgs/msg/detail/raptor_input__rosidl_typesupport_introspection_cpp.hpp\n'}
[0.838681] (px4_msgs) StdoutLine: {'line': b'-- Up-to-date: /home/maizaied03/ros2_ws/install/px4_msgs/include/px4_msgs/px4_msgs/msg/detail/vehicle_rates_setpoint__rosidl_typesupport_introspection_cpp.hpp\n'}
[0.838716] (px4_msgs) StdoutLine: {'line': b'-- Up-to-date: /home/maizaied03/ros2_ws/install/px4_msgs/include/px4_msgs/px4_msgs/msg/detail/vehicle_attitude__type_support.cpp\n'}
[0.838751] (px4_msgs) StdoutLine: {'line': b'-- Up-to-date: /home/maizaied03/ros2_ws/install/px4_msgs/include/px4_msgs/px4_msgs/msg/detail/differential_pressure__rosidl_typesupport_introspection_cpp.hpp\n'}
[0.838801] (px4_msgs) StdoutLine: {'line': b'-- Up-to-date: /home/maizaied03/ros2_ws/install/px4_msgs/include/px4_msgs/px4_msgs/msg/detail/estimator_bias3d__type_support.cpp\n'}
[0.838833] (px4_msgs) StdoutLine: {'line': b'-- Up-to-date: /home/maizaied03/ros2_ws/install/px4_msgs/include/px4_msgs/px4_msgs/msg/detail/collision_constraints__rosidl_typesupport_introspection_cpp.hpp\n'}
[0.838865] (px4_msgs) StdoutLine: {'line': b'-- Up-to-date: /home/maizaied03/ros2_ws/install/px4_msgs/include/px4_msgs/px4_msgs/msg/detail/tiltrotor_extra_controls__rosidl_typesupport_introspection_cpp.hpp\n'}
[0.838901] (px4_msgs) StdoutLine: {'line': b'-- Up-to-date: /home/maizaied03/ros2_ws/install/px4_msgs/include/px4_msgs/px4_msgs/msg/detail/sensor_optical_flow__rosidl_typesupport_introspection_cpp.hpp\n'}
[0.838936] (px4_msgs) StdoutLine: {'line': b'-- Up-to-date: /home/maizaied03/ros2_ws/install/px4_msgs/include/px4_msgs/px4_msgs/msg/detail/actuator_servos_trim__rosidl_typesupport_introspection_cpp.hpp\n'}
[0.838970] (px4_msgs) StdoutLine: {'line': b'-- Up-to-date: /home/maizaied03/ros2_ws/install/px4_msgs/include/px4_msgs/px4_msgs/msg/detail/input_rc__rosidl_typesupport_introspection_cpp.hpp\n'}
[0.839004] (px4_msgs) StdoutLine: {'line': b'-- Up-to-date: /home/maizaied03/ros2_ws/install/px4_msgs/include/px4_msgs/px4_msgs/msg/detail/cpuload__rosidl_typesupport_introspection_cpp.hpp\n'}
[0.839039] (px4_msgs) StdoutLine: {'line': b'-- Up-to-date: /home/maizaied03/ros2_ws/install/px4_msgs/include/px4_msgs/px4_msgs/msg/detail/adc_report__rosidl_typesupport_introspection_cpp.hpp\n'}
[0.839075] (px4_msgs) StdoutLine: {'line': b'-- Up-to-date: /home/maizaied03/ros2_ws/install/px4_msgs/include/px4_msgs/px4_msgs/msg/detail/radio_status__type_support.cpp\n'}
[0.839109] (px4_msgs) StdoutLine: {'line': b'-- Up-to-date: /home/maizaied03/ros2_ws/install/px4_msgs/include/px4_msgs/px4_msgs/msg/detail/message_format_response__rosidl_typesupport_introspection_cpp.hpp\n'}
[0.839155] (px4_msgs) StdoutLine: {'line': b'-- Up-to-date: /home/maizaied03/ros2_ws/install/px4_msgs/include/px4_msgs/px4_msgs/msg/detail/fixed_wing_runway_control__type_support.cpp\n'}
[0.839188] (px4_msgs) StdoutLine: {'line': b'-- Up-to-date: /home/maizaied03/ros2_ws/install/px4_msgs/include/px4_msgs/px4_msgs/msg/detail/sensor_accel__type_support.cpp\n'}
[0.839222] (px4_msgs) StdoutLine: {'line': b'-- Up-to-date: /home/maizaied03/ros2_ws/install/px4_msgs/include/px4_msgs/px4_msgs/msg/detail/rpm__rosidl_typesupport_introspection_cpp.hpp\n'}
[0.839258] (px4_msgs) StdoutLine: {'line': b'-- Up-to-date: /home/maizaied03/ros2_ws/install/px4_msgs/include/px4_msgs/px4_msgs/msg/detail/rc_parameter_map__rosidl_typesupport_introspection_cpp.hpp\n'}
[0.839292] (px4_msgs) StdoutLine: {'line': b'-- Up-to-date: /home/maizaied03/ros2_ws/install/px4_msgs/include/px4_msgs/px4_msgs/msg/detail/vehicle_global_position__type_support.cpp\n'}
[0.839326] (px4_msgs) StdoutLine: {'line': b'-- Up-to-date: /home/maizaied03/ros2_ws/install/px4_msgs/include/px4_msgs/px4_msgs/msg/detail/rover_speed_setpoint__rosidl_typesupport_introspection_cpp.hpp\n'}
[0.839360] (px4_msgs) StdoutLine: {'line': b'-- Up-to-date: /home/maizaied03/ros2_ws/install/px4_msgs/include/px4_msgs/px4_msgs/msg/detail/hover_thrust_estimate__rosidl_typesupport_introspection_cpp.hpp\n'}
[0.839394] (px4_msgs) StdoutLine: {'line': b'-- Up-to-date: /home/maizaied03/ros2_ws/install/px4_msgs/include/px4_msgs/px4_msgs/msg/detail/magnetometer_bias_estimate__rosidl_typesupport_introspection_cpp.hpp\n'}
[0.839430] (px4_msgs) StdoutLine: {'line': b'-- Up-to-date: /home/maizaied03/ros2_ws/install/px4_msgs/include/px4_msgs/px4_msgs/msg/detail/ping__rosidl_typesupport_introspection_cpp.hpp\n'}
[0.839464] (px4_msgs) StdoutLine: {'line': b'-- Up-to-date: /home/maizaied03/ros2_ws/install/px4_msgs/include/px4_msgs/px4_msgs/msg/detail/parameter_reset_request__type_support.cpp\n'}
[0.839498] (px4_msgs) StdoutLine: {'line': b'-- Up-to-date: /home/maizaied03/ros2_ws/install/px4_msgs/include/px4_msgs/px4_msgs/msg/detail/estimator_status_flags__rosidl_typesupport_introspection_cpp.hpp\n'}
[0.839531] (px4_msgs) StdoutLine: {'line': b'-- Up-to-date: /home/maizaied03/ros2_ws/install/px4_msgs/include/px4_msgs/px4_msgs/msg/detail/mavlink_tunnel__type_support.cpp\n'}
[0.839566] (px4_msgs) StdoutLine: {'line': b'-- Up-to-date: /home/maizaied03/ros2_ws/install/px4_msgs/include/px4_msgs/px4_msgs/msg/detail/camera_trigger__type_support.cpp\n'}
[0.839615] (px4_msgs) StdoutLine: {'line': b'-- Up-to-date: /home/maizaied03/ros2_ws/install/px4_msgs/include/px4_msgs/px4_msgs/msg/detail/magnetometer_bias_estimate__type_support.cpp\n'}
[0.839652] (px4_msgs) StdoutLine: {'line': b'-- Up-to-date: /home/maizaied03/ros2_ws/install/px4_msgs/include/px4_msgs/px4_msgs/msg/detail/estimator_aid_source1d__rosidl_typesupport_introspection_cpp.hpp\n'}
[0.839690] (px4_msgs) StdoutLine: {'line': b'-- Up-to-date: /home/maizaied03/ros2_ws/install/px4_msgs/include/px4_msgs/px4_msgs/msg/detail/adc_report__type_support.cpp\n'}
[0.839723] (px4_msgs) StdoutLine: {'line': b'-- Up-to-date: /home/maizaied03/ros2_ws/install/px4_msgs/include/px4_msgs/px4_msgs/msg/detail/sensor_gyro_fft__rosidl_typesupport_introspection_cpp.hpp\n'}
[0.839757] (px4_msgs) StdoutLine: {'line': b'-- Up-to-date: /home/maizaied03/ros2_ws/install/px4_msgs/include/px4_msgs/px4_msgs/msg/detail/estimator_selector_status__type_support.cpp\n'}
[0.839804] (px4_msgs) StdoutLine: {'line': b'-- Up-to-date: /home/maizaied03/ros2_ws/install/px4_msgs/include/px4_msgs/px4_msgs/msg/detail/manual_control_setpoint__rosidl_typesupport_introspection_cpp.hpp\n'}
[0.839837] (px4_msgs) StdoutLine: {'line': b'-- Up-to-date: /home/maizaied03/ros2_ws/install/px4_msgs/include/px4_msgs/px4_msgs/msg/detail/control_allocator_status__rosidl_typesupport_introspection_cpp.hpp\n'}
[0.839869] (px4_msgs) StdoutLine: {'line': b'-- Up-to-date: /home/maizaied03/ros2_ws/install/px4_msgs/include/px4_msgs/px4_msgs/msg/detail/launch_detection_status__type_support.cpp\n'}
[0.839905] (px4_msgs) StdoutLine: {'line': b'-- Up-to-date: /home/maizaied03/ros2_ws/install/px4_msgs/include/px4_msgs/px4_msgs/msg/detail/debug_key_value__type_support.cpp\n'}
[0.839947] (px4_msgs) StdoutLine: {'line': b'-- Up-to-date: /home/maizaied03/ros2_ws/install/px4_msgs/include/px4_msgs/px4_msgs/msg/detail/gpio_in__type_support.cpp\n'}
[0.839980] (px4_msgs) StdoutLine: {'line': b'-- Up-to-date: /home/maizaied03/ros2_ws/install/px4_msgs/include/px4_msgs/px4_msgs/msg/detail/actuator_armed__rosidl_typesupport_introspection_cpp.hpp\n'}
[0.840013] (px4_msgs) StdoutLine: {'line': b'-- Up-to-date: /home/maizaied03/ros2_ws/install/px4_msgs/include/px4_msgs/px4_msgs/msg/detail/offboard_control_mode__type_support.cpp\n'}
[0.840043] (px4_msgs) StdoutLine: {'line': b'-- Up-to-date: /home/maizaied03/ros2_ws/install/px4_msgs/include/px4_msgs/px4_msgs/msg/detail/power_button_state__type_support.cpp\n'}
[0.840075] (px4_msgs) StdoutLine: {'line': b'-- Up-to-date: /home/maizaied03/ros2_ws/install/px4_msgs/include/px4_msgs/px4_msgs/msg/detail/event__type_support.cpp\n'}
[0.840109] (px4_msgs) StdoutLine: {'line': b'-- Up-to-date: /home/maizaied03/ros2_ws/install/px4_msgs/include/px4_msgs/px4_msgs/msg/detail/differential_pressure__type_support.cpp\n'}
[0.840141] (px4_msgs) StdoutLine: {'line': b'-- Up-to-date: /home/maizaied03/ros2_ws/install/px4_msgs/include/px4_msgs/px4_msgs/msg/detail/airspeed_wind__rosidl_typesupport_introspection_cpp.hpp\n'}
[0.840172] (px4_msgs) StdoutLine: {'line': b'-- Up-to-date: /home/maizaied03/ros2_ws/install/px4_msgs/include/px4_msgs/px4_msgs/msg/detail/sensor_gps__rosidl_typesupport_introspection_cpp.hpp\n'}
[0.840205] (px4_msgs) StdoutLine: {'line': b'-- Up-to-date: /home/maizaied03/ros2_ws/install/px4_msgs/include/px4_msgs/px4_msgs/msg/detail/parameter_reset_request__rosidl_typesupport_introspection_cpp.hpp\n'}
[0.840248] (px4_msgs) StdoutLine: {'line': b'-- Up-to-date: /home/maizaied03/ros2_ws/install/px4_msgs/include/px4_msgs/px4_msgs/msg/detail/orb_test_medium__type_support.cpp\n'}
[0.840279] (px4_msgs) StdoutLine: {'line': b'-- Up-to-date: /home/maizaied03/ros2_ws/install/px4_msgs/include/px4_msgs/px4_msgs/msg/detail/gimbal_manager_information__rosidl_typesupport_introspection_cpp.hpp\n'}
[0.840311] (px4_msgs) StdoutLine: {'line': b'-- Up-to-date: /home/maizaied03/ros2_ws/install/px4_msgs/include/px4_msgs/px4_msgs/msg/detail/rover_throttle_setpoint__rosidl_typesupport_introspection_cpp.hpp\n'}
[0.840342] (px4_msgs) StdoutLine: {'line': b'-- Up-to-date: /home/maizaied03/ros2_ws/install/px4_msgs/include/px4_msgs/px4_msgs/msg/detail/sensor_gyro__type_support.cpp\n'}
[0.840374] (px4_msgs) StdoutLine: {'line': b'-- Up-to-date: /home/maizaied03/ros2_ws/install/px4_msgs/include/px4_msgs/px4_msgs/msg/detail/onboard_computer_status__type_support.cpp\n'}
[0.840404] (px4_msgs) StdoutLine: {'line': b'-- Up-to-date: /home/maizaied03/ros2_ws/install/px4_msgs/include/px4_msgs/px4_msgs/msg/detail/gpio_config__type_support.cpp\n'}
[0.840439] (px4_msgs) StdoutLine: {'line': b'-- Up-to-date: /home/maizaied03/ros2_ws/install/px4_msgs/include/px4_msgs/px4_msgs/msg/detail/transponder_report__type_support.cpp\n'}
[0.840473] (px4_msgs) StdoutLine: {'line': b'-- Up-to-date: /home/maizaied03/ros2_ws/install/px4_msgs/include/px4_msgs/px4_msgs/msg/detail/estimator_bias__rosidl_typesupport_introspection_cpp.hpp\n'}
[0.840507] (px4_msgs) StdoutLine: {'line': b'-- Up-to-date: /home/maizaied03/ros2_ws/install/px4_msgs/include/px4_msgs/px4_msgs/msg/detail/vehicle_status__rosidl_typesupport_introspection_cpp.hpp\n'}
[0.840541] (px4_msgs) StdoutLine: {'line': b'-- Up-to-date: /home/maizaied03/ros2_ws/install/px4_msgs/include/px4_msgs/px4_msgs/msg/detail/rover_speed_status__type_support.cpp\n'}
[0.840574] (px4_msgs) StdoutLine: {'line': b'-- Up-to-date: /home/maizaied03/ros2_ws/install/px4_msgs/include/px4_msgs/px4_msgs/msg/detail/gps_dump__type_support.cpp\n'}
[0.840620] (px4_msgs) StdoutLine: {'line': b'-- Up-to-date: /home/maizaied03/ros2_ws/install/px4_msgs/include/px4_msgs/px4_msgs/msg/detail/camera_status__rosidl_typesupport_introspection_cpp.hpp\n'}
[0.840655] (px4_msgs) StdoutLine: {'line': b'-- Up-to-date: /home/maizaied03/ros2_ws/install/px4_msgs/include/px4_msgs/px4_msgs/msg/detail/wheel_encoders__type_support.cpp\n'}
[0.840692] (px4_msgs) StdoutLine: {'line': b'-- Up-to-date: /home/maizaied03/ros2_ws/install/px4_msgs/include/px4_msgs/px4_msgs/msg/detail/vehicle_optical_flow__rosidl_typesupport_introspection_cpp.hpp\n'}
[0.840726] (px4_msgs) StdoutLine: {'line': b'-- Up-to-date: /home/maizaied03/ros2_ws/install/px4_msgs/include/px4_msgs/px4_msgs/msg/detail/sensor_baro__rosidl_typesupport_introspection_cpp.hpp\n'}
[0.840760] (px4_msgs) StdoutLine: {'line': b'-- Up-to-date: /home/maizaied03/ros2_ws/install/px4_msgs/include/px4_msgs/px4_msgs/msg/detail/log_message__rosidl_typesupport_introspection_cpp.hpp\n'}
[0.840807] (px4_msgs) StdoutLine: {'line': b'-- Up-to-date: /home/maizaied03/ros2_ws/install/px4_msgs/include/px4_msgs/px4_msgs/msg/detail/vehicle_imu_status__rosidl_typesupport_introspection_cpp.hpp\n'}
[0.840839] (px4_msgs) StdoutLine: {'line': b'-- Up-to-date: /home/maizaied03/ros2_ws/install/px4_msgs/include/px4_msgs/px4_msgs/msg/detail/actuator_servos_trim__type_support.cpp\n'}
[0.840871] (px4_msgs) StdoutLine: {'line': b'-- Up-to-date: /home/maizaied03/ros2_ws/install/px4_msgs/include/px4_msgs/px4_msgs/msg/detail/navigator_status__type_support.cpp\n'}
[0.840903] (px4_msgs) StdoutLine: {'line': b'-- Up-to-date: /home/maizaied03/ros2_ws/install/px4_msgs/include/px4_msgs/px4_msgs/msg/detail/estimator_event_flags__type_support.cpp\n'}
[0.840934] (px4_msgs) StdoutLine: {'line': b'-- Up-to-date: /home/maizaied03/ros2_ws/install/px4_msgs/include/px4_msgs/px4_msgs/msg/detail/actuator_armed__type_support.cpp\n'}
[0.840966] (px4_msgs) StdoutLine: {'line': b'-- Up-to-date: /home/maizaied03/ros2_ws/install/px4_msgs/include/px4_msgs/px4_msgs/msg/detail/dataman_request__type_support.cpp\n'}
[0.840997] (px4_msgs) StdoutLine: {'line': b'-- Up-to-date: /home/maizaied03/ros2_ws/install/px4_msgs/include/px4_msgs/px4_msgs/msg/detail/camera_capture__type_support.cpp\n'}
[0.841034] (px4_msgs) StdoutLine: {'line': b'-- Up-to-date: /home/maizaied03/ros2_ws/install/px4_msgs/include/px4_msgs/px4_msgs/msg/detail/iridiumsbd_status__rosidl_typesupport_introspection_cpp.hpp\n'}
[0.841070] (px4_msgs) StdoutLine: {'line': b'-- Up-to-date: /home/maizaied03/ros2_ws/install/px4_msgs/include/px4_msgs/px4_msgs/msg/detail/yaw_estimator_status__type_support.cpp\n'}
[0.841104] (px4_msgs) StdoutLine: {'line': b'-- Up-to-date: /home/maizaied03/ros2_ws/install/px4_msgs/include/px4_msgs/px4_msgs/msg/detail/vehicle_torque_setpoint__type_support.cpp\n'}
[0.841138] (px4_msgs) StdoutLine: {'line': b'-- Up-to-date: /home/maizaied03/ros2_ws/install/px4_msgs/include/px4_msgs/px4_msgs/msg/detail/autotune_attitude_control_status__rosidl_typesupport_introspection_cpp.hpp\n'}
[0.841172] (px4_msgs) StdoutLine: {'line': b'-- Up-to-date: /home/maizaied03/ros2_ws/install/px4_msgs/include/px4_msgs/px4_msgs/msg/detail/rover_throttle_setpoint__type_support.cpp\n'}
[0.841206] (px4_msgs) StdoutLine: {'line': b'-- Up-to-date: /home/maizaied03/ros2_ws/install/px4_msgs/include/px4_msgs/px4_msgs/msg/detail/open_drone_id_system__rosidl_typesupport_introspection_cpp.hpp\n'}
[0.841241] (px4_msgs) StdoutLine: {'line': b'-- Up-to-date: /home/maizaied03/ros2_ws/install/px4_msgs/include/px4_msgs/px4_msgs/msg/detail/rover_attitude_status__rosidl_typesupport_introspection_cpp.hpp\n'}
[0.841275] (px4_msgs) StdoutLine: {'line': b'-- Up-to-date: /home/maizaied03/ros2_ws/install/px4_msgs/include/px4_msgs/px4_msgs/msg/detail/velocity_limits__rosidl_typesupport_introspection_cpp.hpp\n'}
[0.841313] (px4_msgs) StdoutLine: {'line': b'-- Up-to-date: /home/maizaied03/ros2_ws/install/px4_msgs/include/px4_msgs/px4_msgs/msg/detail/parameter_update__type_support.cpp\n'}
[0.841348] (px4_msgs) StdoutLine: {'line': b'-- Up-to-date: /home/maizaied03/ros2_ws/install/px4_msgs/include/px4_msgs/px4_msgs/msg/detail/sensor_gnss_relative__type_support.cpp\n'}
[0.841382] (px4_msgs) StdoutLine: {'line': b'-- Up-to-date: /home/maizaied03/ros2_ws/install/px4_msgs/include/px4_msgs/px4_msgs/msg/detail/button_event__type_support.cpp\n'}
[0.841426] (px4_msgs) StdoutLine: {'line': b'-- Up-to-date: /home/maizaied03/ros2_ws/install/px4_msgs/include/px4_msgs/px4_msgs/msg/detail/vehicle_odometry__type_support.cpp\n'}
[0.841459] (px4_msgs) StdoutLine: {'line': b'-- Up-to-date: /home/maizaied03/ros2_ws/install/px4_msgs/include/px4_msgs/px4_msgs/msg/detail/actuator_motors__type_support.cpp\n'}
[0.841494] (px4_msgs) StdoutLine: {'line': b'-- Up-to-date: /home/maizaied03/ros2_ws/install/px4_msgs/include/px4_msgs/px4_msgs/msg/detail/register_ext_component_request__rosidl_typesupport_introspection_cpp.hpp\n'}
[0.841528] (px4_msgs) StdoutLine: {'line': b'-- Up-to-date: /home/maizaied03/ros2_ws/install/px4_msgs/include/px4_msgs/px4_msgs/msg/detail/orb_test_large__type_support.cpp\n'}
[0.841561] (px4_msgs) StdoutLine: {'line': b'-- Up-to-date: /home/maizaied03/ros2_ws/install/px4_msgs/include/px4_msgs/px4_msgs/msg/detail/qshell_req__rosidl_typesupport_introspection_cpp.hpp\n'}
[0.841596] (px4_msgs) StdoutLine: {'line': b'-- Up-to-date: /home/maizaied03/ros2_ws/install/px4_msgs/include/px4_msgs/px4_msgs/msg/detail/esc_report__type_support.cpp\n'}
[0.841642] (px4_msgs) StdoutLine: {'line': b'-- Up-to-date: /home/maizaied03/ros2_ws/install/px4_msgs/include/px4_msgs/px4_msgs/msg/detail/open_drone_id_system__type_support.cpp\n'}
[0.841674] (px4_msgs) StdoutLine: {'line': b'-- Up-to-date: /home/maizaied03/ros2_ws/install/px4_msgs/include/px4_msgs/px4_msgs/msg/detail/gps_dump__rosidl_typesupport_introspection_cpp.hpp\n'}
[0.841707] (px4_msgs) StdoutLine: {'line': b'-- Up-to-date: /home/maizaied03/ros2_ws/install/px4_msgs/include/px4_msgs/px4_msgs/msg/detail/failure_detector_status__type_support.cpp\n'}
[0.841738] (px4_msgs) StdoutLine: {'line': b'-- Up-to-date: /home/maizaied03/ros2_ws/install/px4_msgs/include/px4_msgs/px4_msgs/msg/detail/device_information__rosidl_typesupport_introspection_cpp.hpp\n'}
[0.841774] (px4_msgs) StdoutLine: {'line': b'-- Up-to-date: /home/maizaied03/ros2_ws/install/px4_msgs/include/px4_msgs/px4_msgs/msg/detail/vehicle_constraints__rosidl_typesupport_introspection_cpp.hpp\n'}
[0.841809] (px4_msgs) StdoutLine: {'line': b'-- Up-to-date: /home/maizaied03/ros2_ws/install/px4_msgs/include/px4_msgs/px4_msgs/msg/detail/rtl_status__type_support.cpp\n'}
[0.841841] (px4_msgs) StdoutLine: {'line': b'-- Up-to-date: /home/maizaied03/ros2_ws/install/px4_msgs/include/px4_msgs/px4_msgs/msg/detail/dataman_response__rosidl_typesupport_introspection_cpp.hpp\n'}
[0.841873] (px4_msgs) StdoutLine: {'line': b'-- Up-to-date: /home/maizaied03/ros2_ws/install/px4_msgs/include/px4_msgs/px4_msgs/msg/detail/vehicle_land_detected__rosidl_typesupport_introspection_cpp.hpp\n'}
[0.841907] (px4_msgs) StdoutLine: {'line': b'-- Up-to-date: /home/maizaied03/ros2_ws/install/px4_msgs/include/px4_msgs/px4_msgs/msg/detail/gps_inject_data__rosidl_typesupport_introspection_cpp.hpp\n'}
[0.841943] (px4_msgs) StdoutLine: {'line': b'-- Up-to-date: /home/maizaied03/ros2_ws/install/px4_msgs/include/px4_msgs/px4_msgs/msg/detail/esc_status__type_support.cpp\n'}
[0.841979] (px4_msgs) StdoutLine: {'line': b'-- Up-to-date: /home/maizaied03/ros2_ws/install/px4_msgs/include/px4_msgs/px4_msgs/msg/detail/vehicle_thrust_setpoint__type_support.cpp\n'}
[0.842025] (px4_msgs) StdoutLine: {'line': b'-- Up-to-date: /home/maizaied03/ros2_ws/install/px4_msgs/include/px4_msgs/px4_msgs/msg/detail/vehicle_global_position__rosidl_typesupport_introspection_cpp.hpp\n'}
[0.842061] (px4_msgs) StdoutLine: {'line': b'-- Up-to-date: /home/maizaied03/ros2_ws/install/px4_msgs/include/px4_msgs/px4_msgs/msg/detail/neural_control__type_support.cpp\n'}
[0.842096] (px4_msgs) StdoutLine: {'line': b'-- Up-to-date: /home/maizaied03/ros2_ws/install/px4_msgs/include/px4_msgs/px4_msgs/msg/detail/actuator_outputs__type_support.cpp\n'}
[0.842130] (px4_msgs) StdoutLine: {'line': b'-- Up-to-date: /home/maizaied03/ros2_ws/install/px4_msgs/include/px4_msgs/px4_msgs/msg/detail/geofence_status__rosidl_typesupport_introspection_cpp.hpp\n'}
[0.842163] (px4_msgs) StdoutLine: {'line': b'-- Up-to-date: /home/maizaied03/ros2_ws/install/px4_msgs/include/px4_msgs/px4_msgs/msg/detail/task_stack_info__type_support.cpp\n'}
[0.842206] (px4_msgs) StdoutLine: {'line': b'-- Up-to-date: /home/maizaied03/ros2_ws/install/px4_msgs/include/px4_msgs/px4_msgs/msg/detail/action_request__rosidl_typesupport_introspection_cpp.hpp\n'}
[0.842240] (px4_msgs) StdoutLine: {'line': b'-- Up-to-date: /home/maizaied03/ros2_ws/install/px4_msgs/include/px4_msgs/px4_msgs/msg/detail/trajectory_setpoint6dof__rosidl_typesupport_introspection_cpp.hpp\n'}
[0.842285] (px4_msgs) StdoutLine: {'line': b'-- Up-to-date: /home/maizaied03/ros2_ws/install/px4_msgs/include/px4_msgs/px4_msgs/msg/detail/arming_check_reply__type_support.cpp\n'}
[0.842323] (px4_msgs) StdoutLine: {'line': b'-- Up-to-date: /home/maizaied03/ros2_ws/install/px4_msgs/include/px4_msgs/px4_msgs/msg/detail/manual_control_setpoint__type_support.cpp\n'}
[0.842363] (px4_msgs) StdoutLine: {'line': b'-- Up-to-date: /home/maizaied03/ros2_ws/install/px4_msgs/include/px4_msgs/px4_msgs/msg/detail/failsafe_flags__rosidl_typesupport_introspection_cpp.hpp\n'}
[0.842400] (px4_msgs) StdoutLine: {'line': b'-- Up-to-date: /home/maizaied03/ros2_ws/install/px4_msgs/include/px4_msgs/px4_msgs/msg/detail/gimbal_device_set_attitude__type_support.cpp\n'}
[0.842438] (px4_msgs) StdoutLine: {'line': b'-- Up-to-date: /home/maizaied03/ros2_ws/install/px4_msgs/include/px4_msgs/px4_msgs/msg/detail/trajectory_setpoint6dof__type_support.cpp\n'}
[0.842476] (px4_msgs) StdoutLine: {'line': b'-- Up-to-date: /home/maizaied03/ros2_ws/install/px4_msgs/include/px4_msgs/px4_msgs/msg/detail/estimator_status__type_support.cpp\n'}
[0.842514] (px4_msgs) StdoutLine: {'line': b'-- Up-to-date: /home/maizaied03/ros2_ws/install/px4_msgs/include/px4_msgs/px4_msgs/msg/detail/rate_ctrl_status__rosidl_typesupport_introspection_cpp.hpp\n'}
[0.842557] (px4_msgs) StdoutLine: {'line': b'-- Up-to-date: /home/maizaied03/ros2_ws/install/px4_msgs/include/px4_msgs/px4_msgs/msg/detail/actuator_motors__rosidl_typesupport_introspection_cpp.hpp\n'}
[0.842599] (px4_msgs) StdoutLine: {'line': b'-- Up-to-date: /home/maizaied03/ros2_ws/install/px4_msgs/include/px4_msgs/px4_msgs/msg/detail/follow_target_status__type_support.cpp\n'}
[0.842639] (px4_msgs) StdoutLine: {'line': b'-- Up-to-date: /home/maizaied03/ros2_ws/install/px4_msgs/include/px4_msgs/px4_msgs/msg/detail/sensor_airflow__rosidl_typesupport_introspection_cpp.hpp\n'}
[0.842679] (px4_msgs) StdoutLine: {'line': b'-- Up-to-date: /home/maizaied03/ros2_ws/install/px4_msgs/include/px4_msgs/px4_msgs/msg/detail/rc_channels__rosidl_typesupport_introspection_cpp.hpp\n'}
[0.842733] (px4_msgs) StdoutLine: {'line': b'-- Up-to-date: /home/maizaied03/ros2_ws/install/px4_msgs/include/px4_msgs/px4_msgs/msg/detail/gimbal_controls__rosidl_typesupport_introspection_cpp.hpp\n'}
[0.842777] (px4_msgs) StdoutLine: {'line': b'-- Up-to-date: /home/maizaied03/ros2_ws/install/px4_msgs/include/px4_msgs/px4_msgs/msg/detail/heater_status__type_support.cpp\n'}
[0.842816] (px4_msgs) StdoutLine: {'line': b'-- Up-to-date: /home/maizaied03/ros2_ws/install/px4_msgs/include/px4_msgs/px4_msgs/msg/detail/sensor_optical_flow__type_support.cpp\n'}
[0.842848] (px4_msgs) StdoutLine: {'line': b'-- Up-to-date: /home/maizaied03/ros2_ws/install/px4_msgs/include/px4_msgs/px4_msgs/msg/detail/orb_test_large__rosidl_typesupport_introspection_cpp.hpp\n'}
[0.842881] (px4_msgs) StdoutLine: {'line': b'-- Up-to-date: /home/maizaied03/ros2_ws/install/px4_msgs/include/px4_msgs/px4_msgs/msg/detail/airspeed_wind__type_support.cpp\n'}
[0.842914] (px4_msgs) StdoutLine: {'line': b'-- Up-to-date: /home/maizaied03/ros2_ws/install/px4_msgs/include/px4_msgs/px4_msgs/msg/detail/actuator_test__type_support.cpp\n'}
[0.842949] (px4_msgs) StdoutLine: {'line': b'-- Up-to-date: /home/maizaied03/ros2_ws/install/px4_msgs/include/px4_msgs/px4_msgs/msg/detail/health_report__rosidl_typesupport_introspection_cpp.hpp\n'}
[0.842986] (px4_msgs) StdoutLine: {'line': b'-- Up-to-date: /home/maizaied03/ros2_ws/install/px4_msgs/include/px4_msgs/px4_msgs/msg/detail/dataman_response__type_support.cpp\n'}
[0.843030] (px4_msgs) StdoutLine: {'line': b'-- Up-to-date: /home/maizaied03/ros2_ws/install/px4_msgs/include/px4_msgs/px4_msgs/msg/detail/pure_pursuit_status__type_support.cpp\n'}
[0.843067] (px4_msgs) StdoutLine: {'line': b'-- Up-to-date: /home/maizaied03/ros2_ws/install/px4_msgs/include/px4_msgs/px4_msgs/msg/detail/airspeed__type_support.cpp\n'}
[0.843101] (px4_msgs) StdoutLine: {'line': b'-- Up-to-date: /home/maizaied03/ros2_ws/install/px4_msgs/include/px4_msgs/px4_msgs/msg/detail/raptor_status__rosidl_typesupport_introspection_cpp.hpp\n'}
[0.843132] (px4_msgs) StdoutLine: {'line': b'-- Up-to-date: /home/maizaied03/ros2_ws/install/px4_msgs/include/px4_msgs/px4_msgs/msg/detail/sensor_gnss_status__type_support.cpp\n'}
[0.843164] (px4_msgs) StdoutLine: {'line': b'-- Up-to-date: /home/maizaied03/ros2_ws/install/px4_msgs/include/px4_msgs/px4_msgs/msg/detail/failsafe_flags__type_support.cpp\n'}
[0.843197] (px4_msgs) StdoutLine: {'line': b'-- Up-to-date: /home/maizaied03/ros2_ws/install/px4_msgs/include/px4_msgs/px4_msgs/msg/detail/sensor_correction__rosidl_typesupport_introspection_cpp.hpp\n'}
[0.843238] (px4_msgs) StdoutLine: {'line': b'-- Up-to-date: /home/maizaied03/ros2_ws/install/px4_msgs/include/px4_msgs/px4_msgs/msg/detail/mavlink_log__type_support.cpp\n'}
[0.843273] (px4_msgs) StdoutLine: {'line': b'-- Up-to-date: /home/maizaied03/ros2_ws/install/px4_msgs/include/px4_msgs/px4_msgs/msg/detail/normalized_unsigned_setpoint__type_support.cpp\n'}
[0.843307] (px4_msgs) StdoutLine: {'line': b'-- Up-to-date: /home/maizaied03/ros2_ws/install/px4_msgs/include/px4_msgs/px4_msgs/msg/detail/mission_result__type_support.cpp\n'}
[0.843342] (px4_msgs) StdoutLine: {'line': b'-- Up-to-date: /home/maizaied03/ros2_ws/install/px4_msgs/include/px4_msgs/px4_msgs/msg/detail/telemetry_status__rosidl_typesupport_introspection_cpp.hpp\n'}
[0.843376] (px4_msgs) StdoutLine: {'line': b'-- Up-to-date: /home/maizaied03/ros2_ws/install/px4_msgs/include/px4_msgs/px4_msgs/msg/detail/actuator_controls_status__type_support.cpp\n'}
[0.843408] (px4_msgs) StdoutLine: {'line': b'-- Up-to-date: /home/maizaied03/ros2_ws/install/px4_msgs/include/px4_msgs/px4_msgs/msg/detail/estimator_selector_status__rosidl_typesupport_introspection_cpp.hpp\n'}
[0.843442] (px4_msgs) StdoutLine: {'line': b'-- Up-to-date: /home/maizaied03/ros2_ws/install/px4_msgs/include/px4_msgs/px4_msgs/msg/detail/gimbal_manager_set_manual_control__type_support.cpp\n'}
[0.843477] (px4_msgs) StdoutLine: {'line': b'-- Up-to-date: /home/maizaied03/ros2_ws/install/px4_msgs/include/px4_msgs/px4_msgs/msg/detail/vehicle_roi__type_support.cpp\n'}
[0.843514] (px4_msgs) StdoutLine: {'line': b'-- Up-to-date: /home/maizaied03/ros2_ws/install/px4_msgs/include/px4_msgs/px4_msgs/msg/detail/arming_check_request__type_support.cpp\n'}
[0.843549] (px4_msgs) StdoutLine: {'line': b'-- Up-to-date: /home/maizaied03/ros2_ws/install/px4_msgs/include/px4_msgs/px4_msgs/msg/detail/px4io_status__type_support.cpp\n'}
[0.843582] (px4_msgs) StdoutLine: {'line': b'-- Up-to-date: /home/maizaied03/ros2_ws/install/px4_msgs/include/px4_msgs/px4_msgs/msg/detail/estimator_sensor_bias__rosidl_typesupport_introspection_cpp.hpp\n'}
[0.843616] (px4_msgs) StdoutLine: {'line': b'-- Up-to-date: /home/maizaied03/ros2_ws/install/px4_msgs/include/px4_msgs/px4_msgs/msg/detail/sensor_accel_fifo__rosidl_typesupport_introspection_cpp.hpp\n'}
[0.843650] (px4_msgs) StdoutLine: {'line': b'-- Up-to-date: /home/maizaied03/ros2_ws/install/px4_msgs/include/px4_msgs/px4_msgs/msg/detail/sensor_gnss_status__rosidl_typesupport_introspection_cpp.hpp\n'}
[0.843684] (px4_msgs) StdoutLine: {'line': b'-- Up-to-date: /home/maizaied03/ros2_ws/install/px4_msgs/include/px4_msgs/px4_msgs/msg/detail/actuator_servos__rosidl_typesupport_introspection_cpp.hpp\n'}
[0.843718] (px4_msgs) StdoutLine: {'line': b'-- Up-to-date: /home/maizaied03/ros2_ws/install/px4_msgs/include/px4_msgs/px4_msgs/msg/detail/battery_status__type_support.cpp\n'}
[0.843772] (px4_msgs) StdoutLine: {'line': b'-- Up-to-date: /home/maizaied03/ros2_ws/install/px4_msgs/include/px4_msgs/px4_msgs/msg/detail/estimator_gps_status__type_support.cpp\n'}
[0.843811] (px4_msgs) StdoutLine: {'line': b'-- Up-to-date: /home/maizaied03/ros2_ws/install/px4_msgs/include/px4_msgs/px4_msgs/msg/detail/vehicle_roi__rosidl_typesupport_introspection_cpp.hpp\n'}
[0.843847] (px4_msgs) StdoutLine: {'line': b'-- Up-to-date: /home/maizaied03/ros2_ws/install/px4_msgs/include/px4_msgs/px4_msgs/msg/detail/irlock_report__rosidl_typesupport_introspection_cpp.hpp\n'}
[0.843883] (px4_msgs) StdoutLine: {'line': b'-- Up-to-date: /home/maizaied03/ros2_ws/install/px4_msgs/include/px4_msgs/px4_msgs/msg/detail/parameter_set_value_response__type_support.cpp\n'}
[0.843918] (px4_msgs) StdoutLine: {'line': b'-- Up-to-date: /home/maizaied03/ros2_ws/install/px4_msgs/include/px4_msgs/px4_msgs/msg/detail/sensors_status__type_support.cpp\n'}
[0.843953] (px4_msgs) StdoutLine: {'line': b'-- Up-to-date: /home/maizaied03/ros2_ws/install/px4_msgs/include/px4_msgs/px4_msgs/msg/detail/pwm_input__type_support.cpp\n'}
[0.843988] (px4_msgs) StdoutLine: {'line': b'-- Up-to-date: /home/maizaied03/ros2_ws/install/px4_msgs/include/px4_msgs/px4_msgs/msg/detail/orb_test__rosidl_typesupport_introspection_cpp.hpp\n'}
[0.844024] (px4_msgs) StdoutLine: {'line': b'-- Up-to-date: /home/maizaied03/ros2_ws/install/px4_msgs/include/px4_msgs/px4_msgs/msg/detail/cellular_status__type_support.cpp\n'}
[0.844071] (px4_msgs) StdoutLine: {'line': b'-- Up-to-date: /home/maizaied03/ros2_ws/install/px4_msgs/include/px4_msgs/px4_msgs/msg/detail/parameter_set_value_response__rosidl_typesupport_introspection_cpp.hpp\n'}
[0.844117] (px4_msgs) StdoutLine: {'line': b'-- Up-to-date: /home/maizaied03/ros2_ws/install/px4_msgs/include/px4_msgs/px4_msgs/msg/detail/vehicle_optical_flow_vel__rosidl_typesupport_introspection_cpp.hpp\n'}
[0.844172] (px4_msgs) StdoutLine: {'line': b'-- Up-to-date: /home/maizaied03/ros2_ws/install/px4_msgs/include/px4_msgs/px4_msgs/msg/detail/pure_pursuit_status__rosidl_typesupport_introspection_cpp.hpp\n'}
[0.844225] (px4_msgs) StdoutLine: {'line': b'-- Up-to-date: /home/maizaied03/ros2_ws/install/px4_msgs/include/px4_msgs/px4_msgs/msg/detail/vehicle_torque_setpoint__rosidl_typesupport_introspection_cpp.hpp\n'}
[0.844263] (px4_msgs) StdoutLine: {'line': b'-- Up-to-date: /home/maizaied03/ros2_ws/install/px4_msgs/include/px4_msgs/px4_msgs/msg/detail/estimator_innovations__rosidl_typesupport_introspection_cpp.hpp\n'}
[0.844319] (px4_msgs) StdoutLine: {'line': b'-- Up-to-date: /home/maizaied03/ros2_ws/install/px4_msgs/include/px4_msgs/px4_msgs/msg/detail/fixed_wing_longitudinal_setpoint__rosidl_typesupport_introspection_cpp.hpp\n'}
[0.844373] (px4_msgs) StdoutLine: {'line': b'-- Up-to-date: /home/maizaied03/ros2_ws/install/px4_msgs/include/px4_msgs/px4_msgs/msg/detail/gain_compression__rosidl_typesupport_introspection_cpp.hpp\n'}
[0.844455] (px4_msgs) StdoutLine: {'line': b'-- Up-to-date: /home/maizaied03/ros2_ws/install/px4_msgs/include/px4_msgs/px4_msgs/msg/detail/airspeed__rosidl_typesupport_introspection_cpp.hpp\n'}
[0.844506] (px4_msgs) StdoutLine: {'line': b'-- Up-to-date: /home/maizaied03/ros2_ws/install/px4_msgs/include/px4_msgs/px4_msgs/msg/detail/sensor_selection__type_support.cpp\n'}
[0.844556] (px4_msgs) StdoutLine: {'line': b'-- Up-to-date: /home/maizaied03/ros2_ws/install/px4_msgs/include/px4_msgs/px4_msgs/msg/detail/camera_status__type_support.cpp\n'}
[0.844606] (px4_msgs) StdoutLine: {'line': b'-- Up-to-date: /home/maizaied03/ros2_ws/install/px4_msgs/include/px4_msgs/px4_msgs/msg/detail/position_controller_landing_status__type_support.cpp\n'}
[0.844661] (px4_msgs) StdoutLine: {'line': b'-- Up-to-date: /home/maizaied03/ros2_ws/install/px4_msgs/include/px4_msgs/px4_msgs/msg/detail/fuel_tank_status__type_support.cpp\n'}
[0.844717] (px4_msgs) StdoutLine: {'line': b'-- Up-to-date: /home/maizaied03/ros2_ws/install/px4_msgs/include/px4_msgs/px4_msgs/msg/detail/geofence_result__rosidl_typesupport_introspection_cpp.hpp\n'}
[0.844756] (px4_msgs) StdoutLine: {'line': b'-- Up-to-date: /home/maizaied03/ros2_ws/install/px4_msgs/include/px4_msgs/px4_msgs/msg/detail/fixed_wing_lateral_guidance_status__rosidl_typesupport_introspection_cpp.hpp\n'}
[0.844832] (px4_msgs) StdoutLine: {'line': b'-- Up-to-date: /home/maizaied03/ros2_ws/install/px4_msgs/include/px4_msgs/px4_msgs/msg/detail/vehicle_imu__rosidl_typesupport_introspection_cpp.hpp\n'}
[0.844887] (px4_msgs) StdoutLine: {'line': b'-- Up-to-date: /home/maizaied03/ros2_ws/install/px4_msgs/include/px4_msgs/px4_msgs/msg/detail/vehicle_command__type_support.cpp\n'}
[0.844981] (px4_msgs) StdoutLine: {'line': b'-- Up-to-date: /home/maizaied03/ros2_ws/install/px4_msgs/include/px4_msgs/px4_msgs/msg/detail/airspeed_validated__type_support.cpp\n'}
[0.845033] (px4_msgs) StdoutLine: {'line': b'-- Up-to-date: /home/maizaied03/ros2_ws/install/px4_msgs/include/px4_msgs/px4_msgs/msg/detail/gpio_request__type_support.cpp\n'}
[0.845085] (px4_msgs) StdoutLine: {'line': b'-- Up-to-date: /home/maizaied03/ros2_ws/install/px4_msgs/include/px4_msgs/px4_msgs/msg/detail/sensor_mag__rosidl_typesupport_introspection_cpp.hpp\n'}
[0.845137] (px4_msgs) StdoutLine: {'line': b'-- Up-to-date: /home/maizaied03/ros2_ws/install/px4_msgs/include/px4_msgs/px4_msgs/msg/detail/debug_vect__rosidl_typesupport_introspection_cpp.hpp\n'}
[0.845190] (px4_msgs) StdoutLine: {'line': b'-- Up-to-date: /home/maizaied03/ros2_ws/install/px4_msgs/include/px4_msgs/px4_msgs/msg/detail/gpio_out__rosidl_typesupport_introspection_cpp.hpp\n'}
[0.845300] (px4_msgs) StdoutLine: {'line': b'-- Up-to-date: /home/maizaied03/ros2_ws/install/px4_msgs/include/px4_msgs/px4_msgs/msg/detail/internal_combustion_engine_control__rosidl_typesupport_introspection_cpp.hpp\n'}
[0.845378] (px4_msgs) StdoutLine: {'line': b'-- Up-to-date: /home/maizaied03/ros2_ws/install/px4_msgs/include/px4_msgs/px4_msgs/msg/detail/vehicle_status__type_support.cpp\n'}
[0.845415] (px4_msgs) StdoutLine: {'line': b'-- Up-to-date: /home/maizaied03/ros2_ws/install/px4_msgs/include/px4_msgs/px4_msgs/msg/detail/gpio_config__rosidl_typesupport_introspection_cpp.hpp\n'}
[0.845449] (px4_msgs) StdoutLine: {'line': b'-- Up-to-date: /home/maizaied03/ros2_ws/install/px4_msgs/include/px4_msgs/px4_msgs/msg/detail/estimator_states__type_support.cpp\n'}
[0.845482] (px4_msgs) StdoutLine: {'line': b'-- Up-to-date: /home/maizaied03/ros2_ws/install/px4_msgs/include/px4_msgs/px4_msgs/msg/detail/tune_control__rosidl_typesupport_introspection_cpp.hpp\n'}
[0.845525] (px4_msgs) StdoutLine: {'line': b'-- Up-to-date: /home/maizaied03/ros2_ws/install/px4_msgs/include/px4_msgs/px4_msgs/msg/detail/vehicle_imu_status__type_support.cpp\n'}
[0.845558] (px4_msgs) StdoutLine: {'line': b'-- Up-to-date: /home/maizaied03/ros2_ws/install/px4_msgs/include/px4_msgs/px4_msgs/msg/detail/vehicle_local_position__rosidl_typesupport_introspection_cpp.hpp\n'}
[0.845590] (px4_msgs) StdoutLine: {'line': b'-- Up-to-date: /home/maizaied03/ros2_ws/install/px4_msgs/include/px4_msgs/px4_msgs/msg/detail/gimbal_device_attitude_status__rosidl_typesupport_introspection_cpp.hpp\n'}
[0.845622] (px4_msgs) StdoutLine: {'line': b'-- Up-to-date: /home/maizaied03/ros2_ws/install/px4_msgs/include/px4_msgs/px4_msgs/msg/detail/takeoff_status__rosidl_typesupport_introspection_cpp.hpp\n'}
[0.845654] (px4_msgs) StdoutLine: {'line': b'-- Up-to-date: /home/maizaied03/ros2_ws/install/px4_msgs/include/px4_msgs/px4_msgs/msg/detail/camera_trigger__rosidl_typesupport_introspection_cpp.hpp\n'}
[0.845686] (px4_msgs) StdoutLine: {'line': b'-- Up-to-date: /home/maizaied03/ros2_ws/install/px4_msgs/include/px4_msgs/px4_msgs/msg/detail/action_request__type_support.cpp\n'}
[0.845725] (px4_msgs) StdoutLine: {'line': b'-- Up-to-date: /home/maizaied03/ros2_ws/install/px4_msgs/include/px4_msgs/px4_msgs/msg/detail/parameter_set_value_request__type_support.cpp\n'}
[0.845759] (px4_msgs) StdoutLine: {'line': b'-- Up-to-date: /home/maizaied03/ros2_ws/install/px4_msgs/include/px4_msgs/px4_msgs/msg/detail/rtl_time_estimate__rosidl_typesupport_introspection_cpp.hpp\n'}
[0.845816] (px4_msgs) StdoutLine: {'line': b'-- Up-to-date: /home/maizaied03/ros2_ws/install/px4_msgs/include/px4_msgs/px4_msgs/msg/detail/satellite_info__type_support.cpp\n'}
[0.845854] (px4_msgs) StdoutLine: {'line': b'-- Up-to-date: /home/maizaied03/ros2_ws/install/px4_msgs/include/px4_msgs/px4_msgs/msg/detail/transponder_report__rosidl_typesupport_introspection_cpp.hpp\n'}
[0.845887] (px4_msgs) StdoutLine: {'line': b'-- Up-to-date: /home/maizaied03/ros2_ws/install/px4_msgs/include/px4_msgs/px4_msgs/msg/detail/vtx__type_support.cpp\n'}
[0.845919] (px4_msgs) StdoutLine: {'line': b'-- Up-to-date: /home/maizaied03/ros2_ws/install/px4_msgs/include/px4_msgs/px4_msgs/msg/detail/vehicle_angular_acceleration_setpoint__type_support.cpp\n'}
[0.845952] (px4_msgs) StdoutLine: {'line': b'-- Up-to-date: /home/maizaied03/ros2_ws/install/px4_msgs/include/px4_msgs/px4_msgs/msg/detail/landing_gear__type_support.cpp\n'}
[0.845988] (px4_msgs) StdoutLine: {'line': b'-- Up-to-date: /home/maizaied03/ros2_ws/install/px4_msgs/include/px4_msgs/px4_msgs/msg/detail/actuator_servos__type_support.cpp\n'}
[0.846038] (px4_msgs) StdoutLine: {'line': b'-- Up-to-date: /home/maizaied03/ros2_ws/install/px4_msgs/include/px4_msgs/px4_msgs/msg/detail/sensor_preflight_mag__rosidl_typesupport_introspection_cpp.hpp\n'}
[0.846070] (px4_msgs) StdoutLine: {'line': b'-- Up-to-date: /home/maizaied03/ros2_ws/install/px4_msgs/include/px4_msgs/px4_msgs/msg/detail/debug_value__type_support.cpp\n'}
[0.846102] (px4_msgs) StdoutLine: {'line': b'-- Up-to-date: /home/maizaied03/ros2_ws/install/px4_msgs/include/px4_msgs/px4_msgs/msg/detail/power_monitor__rosidl_typesupport_introspection_cpp.hpp\n'}
[0.846135] (px4_msgs) StdoutLine: {'line': b'-- Up-to-date: /home/maizaied03/ros2_ws/install/px4_msgs/include/px4_msgs/px4_msgs/msg/detail/open_drone_id_self_id__type_support.cpp\n'}
[0.846168] (px4_msgs) StdoutLine: {'line': b'-- Up-to-date: /home/maizaied03/ros2_ws/install/px4_msgs/include/px4_msgs/px4_msgs/msg/detail/unregister_ext_component__type_support.cpp\n'}
[0.846200] (px4_msgs) StdoutLine: {'line': b'-- Up-to-date: /home/maizaied03/ros2_ws/install/px4_msgs/include/px4_msgs/px4_msgs/msg/detail/sensor_temp__rosidl_typesupport_introspection_cpp.hpp\n'}
[0.846233] (px4_msgs) StdoutLine: {'line': b'-- Up-to-date: /home/maizaied03/ros2_ws/install/px4_msgs/include/px4_msgs/px4_msgs/msg/detail/rover_attitude_setpoint__type_support.cpp\n'}
[0.846269] (px4_msgs) StdoutLine: {'line': b'-- Up-to-date: /home/maizaied03/ros2_ws/install/px4_msgs/include/px4_msgs/px4_msgs/msg/detail/position_controller_landing_status__rosidl_typesupport_introspection_cpp.hpp\n'}
[0.846306] (px4_msgs) StdoutLine: {'line': b'-- Up-to-date: /home/maizaied03/ros2_ws/install/px4_msgs/include/px4_msgs/px4_msgs/msg/detail/dronecan_node_status__rosidl_typesupport_introspection_cpp.hpp\n'}
[0.846355] (px4_msgs) StdoutLine: {'line': b'-- Up-to-date: /home/maizaied03/ros2_ws/install/px4_msgs/include/px4_msgs/px4_msgs/msg/detail/goto_setpoint__type_support.cpp\n'}
[0.846387] (px4_msgs) StdoutLine: {'line': b'-- Up-to-date: /home/maizaied03/ros2_ws/install/px4_msgs/include/px4_msgs/px4_msgs/msg/detail/system_power__rosidl_typesupport_introspection_cpp.hpp\n'}
[0.846419] (px4_msgs) StdoutLine: {'line': b'-- Up-to-date: /home/maizaied03/ros2_ws/install/px4_msgs/include/px4_msgs/px4_msgs/msg/detail/parameter_update__rosidl_typesupport_introspection_cpp.hpp\n'}
[0.846451] (px4_msgs) StdoutLine: {'line': b'-- Up-to-date: /home/maizaied03/ros2_ws/install/px4_msgs/include/px4_msgs/px4_msgs/msg/detail/esc_status__rosidl_typesupport_introspection_cpp.hpp\n'}
[0.846485] (px4_msgs) StdoutLine: {'line': b'-- Up-to-date: /home/maizaied03/ros2_ws/install/px4_msgs/include/px4_msgs/px4_msgs/msg/detail/rover_rate_status__rosidl_typesupport_introspection_cpp.hpp\n'}
[0.846517] (px4_msgs) StdoutLine: {'line': b'-- Up-to-date: /home/maizaied03/ros2_ws/install/px4_msgs/include/px4_msgs/px4_msgs/msg/detail/internal_combustion_engine_status__rosidl_typesupport_introspection_cpp.hpp\n'}
[0.846549] (px4_msgs) StdoutLine: {'line': b'-- Up-to-date: /home/maizaied03/ros2_ws/install/px4_msgs/include/px4_msgs/px4_msgs/msg/detail/button_event__rosidl_typesupport_introspection_cpp.hpp\n'}
[0.846584] (px4_msgs) StdoutLine: {'line': b'-- Up-to-date: /home/maizaied03/ros2_ws/install/px4_msgs/include/px4_msgs/px4_msgs/msg/detail/vehicle_land_detected__type_support.cpp\n'}
[0.846622] (px4_msgs) StdoutLine: {'line': b'-- Up-to-date: /home/maizaied03/ros2_ws/install/px4_msgs/include/px4_msgs/px4_msgs/msg/detail/trajectory_setpoint__type_support.cpp\n'}
[0.846669] (px4_msgs) StdoutLine: {'line': b'-- Up-to-date: /home/maizaied03/ros2_ws/install/px4_msgs/include/px4_msgs/px4_msgs/msg/detail/vehicle_optical_flow_vel__type_support.cpp\n'}
[0.846710] (px4_msgs) StdoutLine: {'line': b'-- Up-to-date: /home/maizaied03/ros2_ws/install/px4_msgs/include/px4_msgs/px4_msgs/msg/detail/log_message__type_support.cpp\n'}
[0.846753] (px4_msgs) StdoutLine: {'line': b'-- Up-to-date: /home/maizaied03/ros2_ws/install/px4_msgs/include/px4_msgs/px4_msgs/msg/detail/battery_info__type_support.cpp\n'}
[0.846824] (px4_msgs) StdoutLine: {'line': b'-- Up-to-date: /home/maizaied03/ros2_ws/install/px4_msgs/include/px4_msgs/px4_msgs/msg/detail/airspeed_validated__rosidl_typesupport_introspection_cpp.hpp\n'}
[0.846859] (px4_msgs) StdoutLine: {'line': b'-- Up-to-date: /home/maizaied03/ros2_ws/install/px4_msgs/include/px4_msgs/px4_msgs/msg/detail/uavcan_parameter_request__rosidl_typesupport_introspection_cpp.hpp\n'}
[0.846893] (px4_msgs) StdoutLine: {'line': b'-- Up-to-date: /home/maizaied03/ros2_ws/install/px4_msgs/include/px4_msgs/px4_msgs/msg/detail/longitudinal_control_configuration__rosidl_typesupport_introspection_cpp.hpp\n'}
[0.846926] (px4_msgs) StdoutLine: {'line': b'-- Up-to-date: /home/maizaied03/ros2_ws/install/px4_msgs/include/px4_msgs/px4_msgs/srv\n'}
[0.846959] (px4_msgs) StdoutLine: {'line': b'-- Up-to-date: /home/maizaied03/ros2_ws/install/px4_msgs/include/px4_msgs/px4_msgs/srv/detail\n'}
[0.846991] (px4_msgs) StdoutLine: {'line': b'-- Up-to-date: /home/maizaied03/ros2_ws/install/px4_msgs/include/px4_msgs/px4_msgs/srv/detail/vehicle_command__rosidl_typesupport_introspection_cpp.hpp\n'}
[0.847024] (px4_msgs) StdoutLine: {'line': b'-- Up-to-date: /home/maizaied03/ros2_ws/install/px4_msgs/include/px4_msgs/px4_msgs/srv/detail/vehicle_command__type_support.cpp\n'}
[0.847061] (px4_msgs) StdoutLine: {'line': b'-- Up-to-date: /home/maizaied03/ros2_ws/install/px4_msgs/lib/libpx4_msgs__rosidl_typesupport_introspection_cpp.so\n'}
[0.847110] (px4_msgs) StdoutLine: {'line': b'-- Up-to-date: /home/maizaied03/ros2_ws/install/px4_msgs/lib/libpx4_msgs__rosidl_typesupport_cpp.so\n'}
[0.847153] (px4_msgs) StdoutLine: {'line': b'-- Up-to-date: /home/maizaied03/ros2_ws/install/px4_msgs/share/px4_msgs/environment/pythonpath.sh\n'}
[0.847200] (px4_msgs) StdoutLine: {'line': b'-- Up-to-date: /home/maizaied03/ros2_ws/install/px4_msgs/share/px4_msgs/environment/pythonpath.dsv\n'}
[0.847253] (px4_msgs) StdoutLine: {'line': b'-- Up-to-date: /home/maizaied03/ros2_ws/install/px4_msgs/local/lib/python3.10/dist-packages/px4_msgs-2.0.1-py3.10.egg-info\n'}
[0.847293] (px4_msgs) StdoutLine: {'line': b'-- Installing: /home/maizaied03/ros2_ws/install/px4_msgs/local/lib/python3.10/dist-packages/px4_msgs-2.0.1-py3.10.egg-info/SOURCES.txt\n'}
[0.847337] (px4_msgs) StdoutLine: {'line': b'-- Installing: /home/maizaied03/ros2_ws/install/px4_msgs/local/lib/python3.10/dist-packages/px4_msgs-2.0.1-py3.10.egg-info/top_level.txt\n'}
[0.847472] (px4_msgs) StdoutLine: {'line': b'-- Installing: /home/maizaied03/ros2_ws/install/px4_msgs/local/lib/python3.10/dist-packages/px4_msgs-2.0.1-py3.10.egg-info/dependency_links.txt\n'}
[0.847536] (px4_msgs) StdoutLine: {'line': b'-- Installing: /home/maizaied03/ros2_ws/install/px4_msgs/local/lib/python3.10/dist-packages/px4_msgs-2.0.1-py3.10.egg-info/PKG-INFO\n'}
[0.847593] (px4_msgs) StdoutLine: {'line': b'-- Up-to-date: /home/maizaied03/ros2_ws/install/px4_msgs/local/lib/python3.10/dist-packages/px4_msgs\n'}
[0.847654] (px4_msgs) StdoutLine: {'line': b'-- Up-to-date: /home/maizaied03/ros2_ws/install/px4_msgs/local/lib/python3.10/dist-packages/px4_msgs/px4_msgs_s__rosidl_typesupport_c.cpython-310-x86_64-linux-gnu.so\n'}
[0.847734] (px4_msgs) StdoutLine: {'line': b'-- Up-to-date: /home/maizaied03/ros2_ws/install/px4_msgs/local/lib/python3.10/dist-packages/px4_msgs/px4_msgs_s__rosidl_typesupport_fastrtps_c.cpython-310-x86_64-linux-gnu.so\n'}
[0.847805] (px4_msgs) StdoutLine: {'line': b'-- Up-to-date: /home/maizaied03/ros2_ws/install/px4_msgs/local/lib/python3.10/dist-packages/px4_msgs/px4_msgs_s__rosidl_typesupport_introspection_c.cpython-310-x86_64-linux-gnu.so\n'}
[0.847871] (px4_msgs) StdoutLine: {'line': b'-- Up-to-date: /home/maizaied03/ros2_ws/install/px4_msgs/local/lib/python3.10/dist-packages/px4_msgs/_px4_msgs_s.ep.rosidl_typesupport_introspection_c.c\n'}
[0.847926] (px4_msgs) StdoutLine: {'line': b'-- Up-to-date: /home/maizaied03/ros2_ws/install/px4_msgs/local/lib/python3.10/dist-packages/px4_msgs/libpx4_msgs__rosidl_generator_py.so\n'}
[0.847980] (px4_msgs) StdoutLine: {'line': b'-- Up-to-date: /home/maizaied03/ros2_ws/install/px4_msgs/local/lib/python3.10/dist-packages/px4_msgs/_px4_msgs_s.ep.rosidl_typesupport_c.c\n'}
[0.848037] (px4_msgs) StdoutLine: {'line': b'-- Up-to-date: /home/maizaied03/ros2_ws/install/px4_msgs/local/lib/python3.10/dist-packages/px4_msgs/__init__.py\n'}
[0.848091] (px4_msgs) StdoutLine: {'line': b'-- Up-to-date: /home/maizaied03/ros2_ws/install/px4_msgs/local/lib/python3.10/dist-packages/px4_msgs/msg\n'}
[0.848144] (px4_msgs) StdoutLine: {'line': b'-- Up-to-date: /home/maizaied03/ros2_ws/install/px4_msgs/local/lib/python3.10/dist-packages/px4_msgs/msg/_sensor_airflow.py\n'}
[0.848213] (px4_msgs) StdoutLine: {'line': b'-- Up-to-date: /home/maizaied03/ros2_ws/install/px4_msgs/local/lib/python3.10/dist-packages/px4_msgs/msg/_system_power_s.c\n'}
[0.848271] (px4_msgs) StdoutLine: {'line': b'-- Up-to-date: /home/maizaied03/ros2_ws/install/px4_msgs/local/lib/python3.10/dist-packages/px4_msgs/msg/_sensor_correction.py\n'}
[0.848327] (px4_msgs) StdoutLine: {'line': b'-- Up-to-date: /home/maizaied03/ros2_ws/install/px4_msgs/local/lib/python3.10/dist-packages/px4_msgs/msg/_gimbal_manager_information_s.c\n'}
[0.848383] (px4_msgs) StdoutLine: {'line': b'-- Up-to-date: /home/maizaied03/ros2_ws/install/px4_msgs/local/lib/python3.10/dist-packages/px4_msgs/msg/_gimbal_device_set_attitude.py\n'}
[0.848441] (px4_msgs) StdoutLine: {'line': b'-- Up-to-date: /home/maizaied03/ros2_ws/install/px4_msgs/local/lib/python3.10/dist-packages/px4_msgs/msg/_sensor_gps_s.c\n'}
[0.848500] (px4_msgs) StdoutLine: {'line': b'-- Up-to-date: /home/maizaied03/ros2_ws/install/px4_msgs/local/lib/python3.10/dist-packages/px4_msgs/msg/_gimbal_device_attitude_status_s.c\n'}
[0.848557] (px4_msgs) StdoutLine: {'line': b'-- Up-to-date: /home/maizaied03/ros2_ws/install/px4_msgs/local/lib/python3.10/dist-packages/px4_msgs/msg/_position_setpoint_triplet_s.c\n'}
[0.848615] (px4_msgs) StdoutLine: {'line': b'-- Up-to-date: /home/maizaied03/ros2_ws/install/px4_msgs/local/lib/python3.10/dist-packages/px4_msgs/msg/_camera_capture_s.c\n'}
[0.848673] (px4_msgs) StdoutLine: {'line': b'-- Up-to-date: /home/maizaied03/ros2_ws/install/px4_msgs/local/lib/python3.10/dist-packages/px4_msgs/msg/_sensor_gyro_fifo_s.c\n'}
[0.848729] (px4_msgs) StdoutLine: {'line': b'-- Up-to-date: /home/maizaied03/ros2_ws/install/px4_msgs/local/lib/python3.10/dist-packages/px4_msgs/msg/_gpio_config_s.c\n'}
[0.848808] (px4_msgs) StdoutLine: {'line': b'-- Up-to-date: /home/maizaied03/ros2_ws/install/px4_msgs/local/lib/python3.10/dist-packages/px4_msgs/msg/_rpm.py\n'}
[0.848869] (px4_msgs) StdoutLine: {'line': b'-- Up-to-date: /home/maizaied03/ros2_ws/install/px4_msgs/local/lib/python3.10/dist-packages/px4_msgs/msg/_mission_result.py\n'}
[0.848926] (px4_msgs) StdoutLine: {'line': b'-- Up-to-date: /home/maizaied03/ros2_ws/install/px4_msgs/local/lib/python3.10/dist-packages/px4_msgs/msg/_vehicle_status.py\n'}
[0.848984] (px4_msgs) StdoutLine: {'line': b'-- Up-to-date: /home/maizaied03/ros2_ws/install/px4_msgs/local/lib/python3.10/dist-packages/px4_msgs/msg/_vehicle_attitude.py\n'}
[0.849043] (px4_msgs) StdoutLine: {'line': b'-- Up-to-date: /home/maizaied03/ros2_ws/install/px4_msgs/local/lib/python3.10/dist-packages/px4_msgs/msg/_vehicle_attitude_s.c\n'}
[0.849121] (px4_msgs) StdoutLine: {'line': b'-- Up-to-date: /home/maizaied03/ros2_ws/install/px4_msgs/local/lib/python3.10/dist-packages/px4_msgs/msg/_estimator_event_flags_s.c\n'}
[0.849175] (px4_msgs) StdoutLine: {'line': b'-- Up-to-date: /home/maizaied03/ros2_ws/install/px4_msgs/local/lib/python3.10/dist-packages/px4_msgs/msg/_vehicle_magnetometer.py\n'}
[0.849231] (px4_msgs) StdoutLine: {'line': b'-- Up-to-date: /home/maizaied03/ros2_ws/install/px4_msgs/local/lib/python3.10/dist-packages/px4_msgs/msg/_rtl_time_estimate_s.c\n'}
[0.849287] (px4_msgs) StdoutLine: {'line': b'-- Up-to-date: /home/maizaied03/ros2_ws/install/px4_msgs/local/lib/python3.10/dist-packages/px4_msgs/msg/_sensor_gps.py\n'}
[0.849349] (px4_msgs) StdoutLine: {'line': b'-- Up-to-date: /home/maizaied03/ros2_ws/install/px4_msgs/local/lib/python3.10/dist-packages/px4_msgs/msg/_sensor_mag_s.c\n'}
[0.849406] (px4_msgs) StdoutLine: {'line': b'-- Up-to-date: /home/maizaied03/ros2_ws/install/px4_msgs/local/lib/python3.10/dist-packages/px4_msgs/msg/_follow_target_estimator.py\n'}
[0.849458] (px4_msgs) StdoutLine: {'line': b'-- Up-to-date: /home/maizaied03/ros2_ws/install/px4_msgs/local/lib/python3.10/dist-packages/px4_msgs/msg/_vehicle_air_data.py\n'}
[0.849512] (px4_msgs) StdoutLine: {'line': b'-- Up-to-date: /home/maizaied03/ros2_ws/install/px4_msgs/local/lib/python3.10/dist-packages/px4_msgs/msg/_magnetometer_bias_estimate_s.c\n'}
[0.849580] (px4_msgs) StdoutLine: {'line': b'-- Up-to-date: /home/maizaied03/ros2_ws/install/px4_msgs/local/lib/python3.10/dist-packages/px4_msgs/msg/_vehicle_command_ack.py\n'}
[0.849648] (px4_msgs) StdoutLine: {'line': b'-- Up-to-date: /home/maizaied03/ros2_ws/install/px4_msgs/local/lib/python3.10/dist-packages/px4_msgs/msg/_autotune_attitude_control_status_s.c\n'}
[0.849701] (px4_msgs) StdoutLine: {'line': b'-- Up-to-date: /home/maizaied03/ros2_ws/install/px4_msgs/local/lib/python3.10/dist-packages/px4_msgs/msg/_estimator_aid_source2d.py\n'}
[0.849755] (px4_msgs) StdoutLine: {'line': b'-- Up-to-date: /home/maizaied03/ros2_ws/install/px4_msgs/local/lib/python3.10/dist-packages/px4_msgs/msg/_trajectory_setpoint6dof.py\n'}
[0.849829] (px4_msgs) StdoutLine: {'line': b'-- Up-to-date: /home/maizaied03/ros2_ws/install/px4_msgs/local/lib/python3.10/dist-packages/px4_msgs/msg/_sensor_gyro_fft.py\n'}
[0.849885] (px4_msgs) StdoutLine: {'line': b'-- Up-to-date: /home/maizaied03/ros2_ws/install/px4_msgs/local/lib/python3.10/dist-packages/px4_msgs/msg/_orb_test_s.c\n'}
[0.849939] (px4_msgs) StdoutLine: {'line': b'-- Up-to-date: /home/maizaied03/ros2_ws/install/px4_msgs/local/lib/python3.10/dist-packages/px4_msgs/msg/_gimbal_device_attitude_status.py\n'}
[0.849994] (px4_msgs) StdoutLine: {'line': b'-- Up-to-date: /home/maizaied03/ros2_ws/install/px4_msgs/local/lib/python3.10/dist-packages/px4_msgs/msg/_follow_target_status.py\n'}
[0.850050] (px4_msgs) StdoutLine: {'line': b'-- Up-to-date: /home/maizaied03/ros2_ws/install/px4_msgs/local/lib/python3.10/dist-packages/px4_msgs/msg/_pps_capture_s.c\n'}
[0.850106] (px4_msgs) StdoutLine: {'line': b'-- Up-to-date: /home/maizaied03/ros2_ws/install/px4_msgs/local/lib/python3.10/dist-packages/px4_msgs/msg/_led_control_s.c\n'}
[0.850161] (px4_msgs) StdoutLine: {'line': b'-- Up-to-date: /home/maizaied03/ros2_ws/install/px4_msgs/local/lib/python3.10/dist-packages/px4_msgs/msg/_gpio_config.py\n'}
[0.850218] (px4_msgs) StdoutLine: {'line': b'-- Up-to-date: /home/maizaied03/ros2_ws/install/px4_msgs/local/lib/python3.10/dist-packages/px4_msgs/msg/_vehicle_global_position.py\n'}
[0.850274] (px4_msgs) StdoutLine: {'line': b'-- Up-to-date: /home/maizaied03/ros2_ws/install/px4_msgs/local/lib/python3.10/dist-packages/px4_msgs/msg/_logger_status.py\n'}
[0.850330] (px4_msgs) StdoutLine: {'line': b'-- Up-to-date: /home/maizaied03/ros2_ws/install/px4_msgs/local/lib/python3.10/dist-packages/px4_msgs/msg/_generator_status_s.c\n'}
[0.850402] (px4_msgs) StdoutLine: {'line': b'-- Up-to-date: /home/maizaied03/ros2_ws/install/px4_msgs/local/lib/python3.10/dist-packages/px4_msgs/msg/_can_interface_status.py\n'}
[0.850460] (px4_msgs) StdoutLine: {'line': b'-- Up-to-date: /home/maizaied03/ros2_ws/install/px4_msgs/local/lib/python3.10/dist-packages/px4_msgs/msg/_gpio_out_s.c\n'}
[0.850514] (px4_msgs) StdoutLine: {'line': b'-- Up-to-date: /home/maizaied03/ros2_ws/install/px4_msgs/local/lib/python3.10/dist-packages/px4_msgs/msg/_power_button_state_s.c\n'}
[0.850569] (px4_msgs) StdoutLine: {'line': b'-- Up-to-date: /home/maizaied03/ros2_ws/install/px4_msgs/local/lib/python3.10/dist-packages/px4_msgs/msg/_manual_control_setpoint_s.c\n'}
[0.850627] (px4_msgs) StdoutLine: {'line': b'-- Up-to-date: /home/maizaied03/ros2_ws/install/px4_msgs/local/lib/python3.10/dist-packages/px4_msgs/msg/_task_stack_info_s.c\n'}
[0.850685] (px4_msgs) StdoutLine: {'line': b'-- Up-to-date: /home/maizaied03/ros2_ws/install/px4_msgs/local/lib/python3.10/dist-packages/px4_msgs/msg/_sensor_selection_s.c\n'}
[0.850750] (px4_msgs) StdoutLine: {'line': b'-- Up-to-date: /home/maizaied03/ros2_ws/install/px4_msgs/local/lib/python3.10/dist-packages/px4_msgs/msg/_internal_combustion_engine_control_s.c\n'}
[0.850834] (px4_msgs) StdoutLine: {'line': b'-- Up-to-date: /home/maizaied03/ros2_ws/install/px4_msgs/local/lib/python3.10/dist-packages/px4_msgs/msg/_gpio_request.py\n'}
[0.850899] (px4_msgs) StdoutLine: {'line': b'-- Up-to-date: /home/maizaied03/ros2_ws/install/px4_msgs/local/lib/python3.10/dist-packages/px4_msgs/msg/_tiltrotor_extra_controls.py\n'}
[0.850961] (px4_msgs) StdoutLine: {'line': b'-- Up-to-date: /home/maizaied03/ros2_ws/install/px4_msgs/local/lib/python3.10/dist-packages/px4_msgs/msg/_obstacle_distance_s.c\n'}
[0.851021] (px4_msgs) StdoutLine: {'line': b'-- Up-to-date: /home/maizaied03/ros2_ws/install/px4_msgs/local/lib/python3.10/dist-packages/px4_msgs/msg/_telemetry_status.py\n'}
[0.851081] (px4_msgs) StdoutLine: {'line': b'-- Up-to-date: /home/maizaied03/ros2_ws/install/px4_msgs/local/lib/python3.10/dist-packages/px4_msgs/msg/_vehicle_thrust_setpoint.py\n'}
[0.851147] (px4_msgs) StdoutLine: {'line': b'-- Up-to-date: /home/maizaied03/ros2_ws/install/px4_msgs/local/lib/python3.10/dist-packages/px4_msgs/msg/_estimator_aid_source1d_s.c\n'}
[0.851210] (px4_msgs) StdoutLine: {'line': b'-- Up-to-date: /home/maizaied03/ros2_ws/install/px4_msgs/local/lib/python3.10/dist-packages/px4_msgs/msg/_landing_gear_wheel.py\n'}
[0.851279] (px4_msgs) StdoutLine: {'line': b'-- Up-to-date: /home/maizaied03/ros2_ws/install/px4_msgs/local/lib/python3.10/dist-packages/px4_msgs/msg/_offboard_control_mode_s.c\n'}
[0.851341] (px4_msgs) StdoutLine: {'line': b'-- Up-to-date: /home/maizaied03/ros2_ws/install/px4_msgs/local/lib/python3.10/dist-packages/px4_msgs/msg/_can_interface_status_s.c\n'}
[0.851402] (px4_msgs) StdoutLine: {'line': b'-- Up-to-date: /home/maizaied03/ros2_ws/install/px4_msgs/local/lib/python3.10/dist-packages/px4_msgs/msg/_rate_ctrl_status.py\n'}
[0.851506] (px4_msgs) StdoutLine: {'line': b'-- Up-to-date: /home/maizaied03/ros2_ws/install/px4_msgs/local/lib/python3.10/dist-packages/px4_msgs/msg/_arming_check_reply.py\n'}
[0.851585] (px4_msgs) StdoutLine: {'line': b'-- Up-to-date: /home/maizaied03/ros2_ws/install/px4_msgs/local/lib/python3.10/dist-packages/px4_msgs/msg/_dataman_request.py\n'}
[0.851649] (px4_msgs) StdoutLine: {'line': b'-- Up-to-date: /home/maizaied03/ros2_ws/install/px4_msgs/local/lib/python3.10/dist-packages/px4_msgs/msg/_iridiumsbd_status.py\n'}
[0.851704] (px4_msgs) StdoutLine: {'line': b'-- Up-to-date: /home/maizaied03/ros2_ws/install/px4_msgs/local/lib/python3.10/dist-packages/px4_msgs/msg/_mission_s.c\n'}
[0.851770] (px4_msgs) StdoutLine: {'line': b'-- Up-to-date: /home/maizaied03/ros2_ws/install/px4_msgs/local/lib/python3.10/dist-packages/px4_msgs/msg/_navigator_status_s.c\n'}
[0.851838] (px4_msgs) StdoutLine: {'line': b'-- Up-to-date: /home/maizaied03/ros2_ws/install/px4_msgs/local/lib/python3.10/dist-packages/px4_msgs/msg/_cpuload.py\n'}
[0.851892] (px4_msgs) StdoutLine: {'line': b'-- Up-to-date: /home/maizaied03/ros2_ws/install/px4_msgs/local/lib/python3.10/dist-packages/px4_msgs/msg/_battery_status.py\n'}
[0.851953] (px4_msgs) StdoutLine: {'line': b'-- Up-to-date: /home/maizaied03/ros2_ws/install/px4_msgs/local/lib/python3.10/dist-packages/px4_msgs/msg/_ulog_stream_s.c\n'}
[0.852010] (px4_msgs) StdoutLine: {'line': b'-- Up-to-date: /home/maizaied03/ros2_ws/install/px4_msgs/local/lib/python3.10/dist-packages/px4_msgs/msg/_distance_sensor_mode_change_request.py\n'}
[0.852067] (px4_msgs) StdoutLine: {'line': b'-- Up-to-date: /home/maizaied03/ros2_ws/install/px4_msgs/local/lib/python3.10/dist-packages/px4_msgs/msg/_orbit_status_s.c\n'}
[0.852122] (px4_msgs) StdoutLine: {'line': b'-- Up-to-date: /home/maizaied03/ros2_ws/install/px4_msgs/local/lib/python3.10/dist-packages/px4_msgs/msg/_sensor_accel.py\n'}
[0.852178] (px4_msgs) StdoutLine: {'line': b'-- Up-to-date: /home/maizaied03/ros2_ws/install/px4_msgs/local/lib/python3.10/dist-packages/px4_msgs/msg/_vehicle_control_mode_s.c\n'}
[0.852234] (px4_msgs) StdoutLine: {'line': b'-- Up-to-date: /home/maizaied03/ros2_ws/install/px4_msgs/local/lib/python3.10/dist-packages/px4_msgs/msg/_estimator_aid_source1d.py\n'}
[0.852291] (px4_msgs) StdoutLine: {'line': b'-- Up-to-date: /home/maizaied03/ros2_ws/install/px4_msgs/local/lib/python3.10/dist-packages/px4_msgs/msg/_sensor_accel_fifo.py\n'}
[0.852361] (px4_msgs) StdoutLine: {'line': b'-- Up-to-date: /home/maizaied03/ros2_ws/install/px4_msgs/local/lib/python3.10/dist-packages/px4_msgs/msg/_orb_test_medium_s.c\n'}
[0.852416] (px4_msgs) StdoutLine: {'line': b'-- Up-to-date: /home/maizaied03/ros2_ws/install/px4_msgs/local/lib/python3.10/dist-packages/px4_msgs/msg/_control_allocator_status.py\n'}
[0.852470] (px4_msgs) StdoutLine: {'line': b'-- Up-to-date: /home/maizaied03/ros2_ws/install/px4_msgs/local/lib/python3.10/dist-packages/px4_msgs/msg/_airspeed_validated_s.c\n'}
[0.852526] (px4_msgs) StdoutLine: {'line': b'-- Up-to-date: /home/maizaied03/ros2_ws/install/px4_msgs/local/lib/python3.10/dist-packages/px4_msgs/msg/_px4io_status.py\n'}
[0.852595] (px4_msgs) StdoutLine: {'line': b'-- Up-to-date: /home/maizaied03/ros2_ws/install/px4_msgs/local/lib/python3.10/dist-packages/px4_msgs/msg/_gimbal_device_set_attitude_s.c\n'}
[0.852650] (px4_msgs) StdoutLine: {'line': b'-- Up-to-date: /home/maizaied03/ros2_ws/install/px4_msgs/local/lib/python3.10/dist-packages/px4_msgs/msg/_config_overrides_s.c\n'}
[0.852706] (px4_msgs) StdoutLine: {'line': b'-- Up-to-date: /home/maizaied03/ros2_ws/install/px4_msgs/local/lib/python3.10/dist-packages/px4_msgs/msg/_sensor_hygrometer.py\n'}
[0.852762] (px4_msgs) StdoutLine: {'line': b'-- Up-to-date: /home/maizaied03/ros2_ws/install/px4_msgs/local/lib/python3.10/dist-packages/px4_msgs/msg/_estimator_status.py\n'}
[0.852832] (px4_msgs) StdoutLine: {'line': b'-- Up-to-date: /home/maizaied03/ros2_ws/install/px4_msgs/local/lib/python3.10/dist-packages/px4_msgs/msg/_sensor_gnss_relative.py\n'}
[0.852887] (px4_msgs) StdoutLine: {'line': b'-- Up-to-date: /home/maizaied03/ros2_ws/install/px4_msgs/local/lib/python3.10/dist-packages/px4_msgs/msg/_wind_s.c\n'}
[0.852943] (px4_msgs) StdoutLine: {'line': b'-- Up-to-date: /home/maizaied03/ros2_ws/install/px4_msgs/local/lib/python3.10/dist-packages/px4_msgs/msg/_hover_thrust_estimate_s.c\n'}
[0.853005] (px4_msgs) StdoutLine: {'line': b'-- Up-to-date: /home/maizaied03/ros2_ws/install/px4_msgs/local/lib/python3.10/dist-packages/px4_msgs/msg/_rpm_s.c\n'}
[0.853075] (px4_msgs) StdoutLine: {'line': b'-- Up-to-date: /home/maizaied03/ros2_ws/install/px4_msgs/local/lib/python3.10/dist-packages/px4_msgs/msg/_vehicle_imu_status_s.c\n'}
[0.853130] (px4_msgs) StdoutLine: {'line': b'-- Up-to-date: /home/maizaied03/ros2_ws/install/px4_msgs/local/lib/python3.10/dist-packages/px4_msgs/msg/_device_information_s.c\n'}
[0.853185] (px4_msgs) StdoutLine: {'line': b'-- Up-to-date: /home/maizaied03/ros2_ws/install/px4_msgs/local/lib/python3.10/dist-packages/px4_msgs/msg/_rover_rate_status_s.c\n'}
[0.853249] (px4_msgs) StdoutLine: {'line': b'-- Up-to-date: /home/maizaied03/ros2_ws/install/px4_msgs/local/lib/python3.10/dist-packages/px4_msgs/msg/_rate_ctrl_status_s.c\n'}
[0.853309] (px4_msgs) StdoutLine: {'line': b'-- Up-to-date: /home/maizaied03/ros2_ws/install/px4_msgs/local/lib/python3.10/dist-packages/px4_msgs/msg/_fixed_wing_lateral_status_s.c\n'}
[0.853365] (px4_msgs) StdoutLine: {'line': b'-- Up-to-date: /home/maizaied03/ros2_ws/install/px4_msgs/local/lib/python3.10/dist-packages/px4_msgs/msg/_tune_control_s.c\n'}
[0.853421] (px4_msgs) StdoutLine: {'line': b'-- Up-to-date: /home/maizaied03/ros2_ws/install/px4_msgs/local/lib/python3.10/dist-packages/px4_msgs/msg/_sensor_gnss_relative_s.c\n'}
[0.853476] (px4_msgs) StdoutLine: {'line': b'-- Up-to-date: /home/maizaied03/ros2_ws/install/px4_msgs/local/lib/python3.10/dist-packages/px4_msgs/msg/_sensor_uwb_s.c\n'}
[0.853539] (px4_msgs) StdoutLine: {'line': b'-- Up-to-date: /home/maizaied03/ros2_ws/install/px4_msgs/local/lib/python3.10/dist-packages/px4_msgs/msg/_sensor_combined.py\n'}
[0.853597] (px4_msgs) StdoutLine: {'line': b'-- Up-to-date: /home/maizaied03/ros2_ws/install/px4_msgs/local/lib/python3.10/dist-packages/px4_msgs/msg/_gimbal_device_information_s.c\n'}
[0.853653] (px4_msgs) StdoutLine: {'line': b'-- Up-to-date: /home/maizaied03/ros2_ws/install/px4_msgs/local/lib/python3.10/dist-packages/px4_msgs/msg/_takeoff_status.py\n'}
[0.853709] (px4_msgs) StdoutLine: {'line': b'-- Up-to-date: /home/maizaied03/ros2_ws/install/px4_msgs/local/lib/python3.10/dist-packages/px4_msgs/msg/_debug_key_value_s.c\n'}
[0.853769] (px4_msgs) StdoutLine: {'line': b'-- Up-to-date: /home/maizaied03/ros2_ws/install/px4_msgs/local/lib/python3.10/dist-packages/px4_msgs/msg/_longitudinal_control_configuration.py\n'}
[0.853831] (px4_msgs) StdoutLine: {'line': b'-- Up-to-date: /home/maizaied03/ros2_ws/install/px4_msgs/local/lib/python3.10/dist-packages/px4_msgs/msg/_airspeed.py\n'}
[0.853887] (px4_msgs) StdoutLine: {'line': b'-- Up-to-date: /home/maizaied03/ros2_ws/install/px4_msgs/local/lib/python3.10/dist-packages/px4_msgs/msg/_sensor_correction_s.c\n'}
[0.853943] (px4_msgs) StdoutLine: {'line': b'-- Up-to-date: /home/maizaied03/ros2_ws/install/px4_msgs/local/lib/python3.10/dist-packages/px4_msgs/msg/_sensor_optical_flow_s.c\n'}
[0.854001] (px4_msgs) StdoutLine: {'line': b'-- Up-to-date: /home/maizaied03/ros2_ws/install/px4_msgs/local/lib/python3.10/dist-packages/px4_msgs/msg/_gps_inject_data.py\n'}
[0.854058] (px4_msgs) StdoutLine: {'line': b'-- Up-to-date: /home/maizaied03/ros2_ws/install/px4_msgs/local/lib/python3.10/dist-packages/px4_msgs/msg/_tecs_status.py\n'}
[0.854113] (px4_msgs) StdoutLine: {'line': b'-- Up-to-date: /home/maizaied03/ros2_ws/install/px4_msgs/local/lib/python3.10/dist-packages/px4_msgs/msg/_actuator_servos_s.c\n'}
[0.854169] (px4_msgs) StdoutLine: {'line': b'-- Up-to-date: /home/maizaied03/ros2_ws/install/px4_msgs/local/lib/python3.10/dist-packages/px4_msgs/msg/_debug_vect_s.c\n'}
[0.854224] (px4_msgs) StdoutLine: {'line': b'-- Up-to-date: /home/maizaied03/ros2_ws/install/px4_msgs/local/lib/python3.10/dist-packages/px4_msgs/msg/_vehicle_global_position_s.c\n'}
[0.854279] (px4_msgs) StdoutLine: {'line': b'-- Up-to-date: /home/maizaied03/ros2_ws/install/px4_msgs/local/lib/python3.10/dist-packages/px4_msgs/msg/_vehicle_local_position_s.c\n'}
[0.854335] (px4_msgs) StdoutLine: {'line': b'-- Up-to-date: /home/maizaied03/ros2_ws/install/px4_msgs/local/lib/python3.10/dist-packages/px4_msgs/msg/_onboard_computer_status_s.c\n'}
[0.854390] (px4_msgs) StdoutLine: {'line': b'-- Up-to-date: /home/maizaied03/ros2_ws/install/px4_msgs/local/lib/python3.10/dist-packages/px4_msgs/msg/_debug_value_s.c\n'}
[0.854448] (px4_msgs) StdoutLine: {'line': b'-- Up-to-date: /home/maizaied03/ros2_ws/install/px4_msgs/local/lib/python3.10/dist-packages/px4_msgs/msg/_magnetometer_bias_estimate.py\n'}
[0.854502] (px4_msgs) StdoutLine: {'line': b'-- Up-to-date: /home/maizaied03/ros2_ws/install/px4_msgs/local/lib/python3.10/dist-packages/px4_msgs/msg/_sensor_baro.py\n'}
[0.854558] (px4_msgs) StdoutLine: {'line': b'-- Up-to-date: /home/maizaied03/ros2_ws/install/px4_msgs/local/lib/python3.10/dist-packages/px4_msgs/msg/_actuator_servos_trim.py\n'}
[0.854614] (px4_msgs) StdoutLine: {'line': b'-- Up-to-date: /home/maizaied03/ros2_ws/install/px4_msgs/local/lib/python3.10/dist-packages/px4_msgs/msg/_gps_dump_s.c\n'}
[0.854703] (px4_msgs) StdoutLine: {'line': b'-- Up-to-date: /home/maizaied03/ros2_ws/install/px4_msgs/local/lib/python3.10/dist-packages/px4_msgs/msg/_telemetry_status_s.c\n'}
[0.854759] (px4_msgs) StdoutLine: {'line': b'-- Up-to-date: /home/maizaied03/ros2_ws/install/px4_msgs/local/lib/python3.10/dist-packages/px4_msgs/msg/_actuator_servos.py\n'}
[0.854841] (px4_msgs) StdoutLine: {'line': b'-- Up-to-date: /home/maizaied03/ros2_ws/install/px4_msgs/local/lib/python3.10/dist-packages/px4_msgs/msg/_fuel_tank_status.py\n'}
[0.854899] (px4_msgs) StdoutLine: {'line': b'-- Up-to-date: /home/maizaied03/ros2_ws/install/px4_msgs/local/lib/python3.10/dist-packages/px4_msgs/msg/_follow_target.py\n'}
[0.854952] (px4_msgs) StdoutLine: {'line': b'-- Up-to-date: /home/maizaied03/ros2_ws/install/px4_msgs/local/lib/python3.10/dist-packages/px4_msgs/msg/_rover_attitude_status_s.c\n'}
[0.855005] (px4_msgs) StdoutLine: {'line': b'-- Up-to-date: /home/maizaied03/ros2_ws/install/px4_msgs/local/lib/python3.10/dist-packages/px4_msgs/msg/_open_drone_id_self_id_s.c\n'}
[0.855075] (px4_msgs) StdoutLine: {'line': b'-- Up-to-date: /home/maizaied03/ros2_ws/install/px4_msgs/local/lib/python3.10/dist-packages/px4_msgs/msg/_gps_inject_data_s.c\n'}
[0.855129] (px4_msgs) StdoutLine: {'line': b'-- Up-to-date: /home/maizaied03/ros2_ws/install/px4_msgs/local/lib/python3.10/dist-packages/px4_msgs/msg/_satellite_info.py\n'}
[0.855181] (px4_msgs) StdoutLine: {'line': b'-- Up-to-date: /home/maizaied03/ros2_ws/install/px4_msgs/local/lib/python3.10/dist-packages/px4_msgs/msg/_debug_value.py\n'}
[0.855234] (px4_msgs) StdoutLine: {'line': b'-- Up-to-date: /home/maizaied03/ros2_ws/install/px4_msgs/local/lib/python3.10/dist-packages/px4_msgs/msg/_vehicle_roi_s.c\n'}
[0.855287] (px4_msgs) StdoutLine: {'line': b'-- Up-to-date: /home/maizaied03/ros2_ws/install/px4_msgs/local/lib/python3.10/dist-packages/px4_msgs/msg/_longitudinal_control_configuration_s.c\n'}
[0.855343] (px4_msgs) StdoutLine: {'line': b'-- Up-to-date: /home/maizaied03/ros2_ws/install/px4_msgs/local/lib/python3.10/dist-packages/px4_msgs/msg/_gimbal_manager_set_attitude_s.c\n'}
[0.855419] (px4_msgs) StdoutLine: {'line': b'-- Up-to-date: /home/maizaied03/ros2_ws/install/px4_msgs/local/lib/python3.10/dist-packages/px4_msgs/msg/_gimbal_manager_set_manual_control.py\n'}
[0.855473] (px4_msgs) StdoutLine: {'line': b'-- Up-to-date: /home/maizaied03/ros2_ws/install/px4_msgs/local/lib/python3.10/dist-packages/px4_msgs/msg/_vtx.py\n'}
[0.855526] (px4_msgs) StdoutLine: {'line': b'-- Up-to-date: /home/maizaied03/ros2_ws/install/px4_msgs/local/lib/python3.10/dist-packages/px4_msgs/msg/_gimbal_device_information.py\n'}
[0.855579] (px4_msgs) StdoutLine: {'line': b'-- Up-to-date: /home/maizaied03/ros2_ws/install/px4_msgs/local/lib/python3.10/dist-packages/px4_msgs/msg/_cpuload_s.c\n'}
[0.855634] (px4_msgs) StdoutLine: {'line': b'-- Up-to-date: /home/maizaied03/ros2_ws/install/px4_msgs/local/lib/python3.10/dist-packages/px4_msgs/msg/_differential_pressure.py\n'}
[0.855689] (px4_msgs) StdoutLine: {'line': b'-- Up-to-date: /home/maizaied03/ros2_ws/install/px4_msgs/local/lib/python3.10/dist-packages/px4_msgs/msg/_battery_info_s.c\n'}
[0.855745] (px4_msgs) StdoutLine: {'line': b'-- Up-to-date: /home/maizaied03/ros2_ws/install/px4_msgs/local/lib/python3.10/dist-packages/px4_msgs/msg/_internal_combustion_engine_control.py\n'}
[0.855823] (px4_msgs) StdoutLine: {'line': b'-- Up-to-date: /home/maizaied03/ros2_ws/install/px4_msgs/local/lib/python3.10/dist-packages/px4_msgs/msg/_vehicle_command_s.c\n'}
[0.855876] (px4_msgs) StdoutLine: {'line': b'-- Up-to-date: /home/maizaied03/ros2_ws/install/px4_msgs/local/lib/python3.10/dist-packages/px4_msgs/msg/_rover_speed_status.py\n'}
[0.855932] (px4_msgs) StdoutLine: {'line': b'-- Up-to-date: /home/maizaied03/ros2_ws/install/px4_msgs/local/lib/python3.10/dist-packages/px4_msgs/msg/_fixed_wing_lateral_guidance_status_s.c\n'}
[0.855988] (px4_msgs) StdoutLine: {'line': b'-- Up-to-date: /home/maizaied03/ros2_ws/install/px4_msgs/local/lib/python3.10/dist-packages/px4_msgs/msg/_vehicle_angular_acceleration_setpoint.py\n'}
[0.856051] (px4_msgs) StdoutLine: {'line': b'-- Up-to-date: /home/maizaied03/ros2_ws/install/px4_msgs/local/lib/python3.10/dist-packages/px4_msgs/msg/_manual_control_setpoint.py\n'}
[0.856085] (px4_msgs) StdoutLine: {'line': b'-- Up-to-date: /home/maizaied03/ros2_ws/install/px4_msgs/local/lib/python3.10/dist-packages/px4_msgs/msg/_follow_target_s.c\n'}
[0.856117] (px4_msgs) StdoutLine: {'line': b'-- Up-to-date: /home/maizaied03/ros2_ws/install/px4_msgs/local/lib/python3.10/dist-packages/px4_msgs/msg/_collision_constraints.py\n'}
[0.856149] (px4_msgs) StdoutLine: {'line': b'-- Up-to-date: /home/maizaied03/ros2_ws/install/px4_msgs/local/lib/python3.10/dist-packages/px4_msgs/msg/_rover_rate_setpoint_s.c\n'}
[0.856180] (px4_msgs) StdoutLine: {'line': b'-- Up-to-date: /home/maizaied03/ros2_ws/install/px4_msgs/local/lib/python3.10/dist-packages/px4_msgs/msg/_figure_eight_status_s.c\n'}
[0.856212] (px4_msgs) StdoutLine: {'line': b'-- Up-to-date: /home/maizaied03/ros2_ws/install/px4_msgs/local/lib/python3.10/dist-packages/px4_msgs/msg/_tune_control.py\n'}
[0.856243] (px4_msgs) StdoutLine: {'line': b'-- Up-to-date: /home/maizaied03/ros2_ws/install/px4_msgs/local/lib/python3.10/dist-packages/px4_msgs/msg/_parameter_set_value_response.py\n'}
[0.856279] (px4_msgs) StdoutLine: {'line': b'-- Up-to-date: /home/maizaied03/ros2_ws/install/px4_msgs/local/lib/python3.10/dist-packages/px4_msgs/msg/_internal_combustion_engine_status.py\n'}
[0.856311] (px4_msgs) StdoutLine: {'line': b'-- Up-to-date: /home/maizaied03/ros2_ws/install/px4_msgs/local/lib/python3.10/dist-packages/px4_msgs/msg/_neural_control_s.c\n'}
[0.856346] (px4_msgs) StdoutLine: {'line': b'-- Up-to-date: /home/maizaied03/ros2_ws/install/px4_msgs/local/lib/python3.10/dist-packages/px4_msgs/msg/_rover_position_setpoint_s.c\n'}
[0.856378] (px4_msgs) StdoutLine: {'line': b'-- Up-to-date: /home/maizaied03/ros2_ws/install/px4_msgs/local/lib/python3.10/dist-packages/px4_msgs/msg/_timesync_status.py\n'}
[0.856411] (px4_msgs) StdoutLine: {'line': b'-- Up-to-date: /home/maizaied03/ros2_ws/install/px4_msgs/local/lib/python3.10/dist-packages/px4_msgs/msg/_register_ext_component_reply_s.c\n'}
[0.856460] (px4_msgs) StdoutLine: {'line': b'-- Up-to-date: /home/maizaied03/ros2_ws/install/px4_msgs/local/lib/python3.10/dist-packages/px4_msgs/msg/_trajectory_setpoint_s.c\n'}
[0.856493] (px4_msgs) StdoutLine: {'line': b'-- Up-to-date: /home/maizaied03/ros2_ws/install/px4_msgs/local/lib/python3.10/dist-packages/px4_msgs/msg/_goto_setpoint_s.c\n'}
[0.856525] (px4_msgs) StdoutLine: {'line': b'-- Up-to-date: /home/maizaied03/ros2_ws/install/px4_msgs/local/lib/python3.10/dist-packages/px4_msgs/msg/_uavcan_parameter_value_s.c\n'}
[0.856557] (px4_msgs) StdoutLine: {'line': b'-- Up-to-date: /home/maizaied03/ros2_ws/install/px4_msgs/local/lib/python3.10/dist-packages/px4_msgs/msg/_wheel_encoders.py\n'}
[0.856588] (px4_msgs) StdoutLine: {'line': b'-- Up-to-date: /home/maizaied03/ros2_ws/install/px4_msgs/local/lib/python3.10/dist-packages/px4_msgs/msg/_sensor_gyro.py\n'}
[0.856619] (px4_msgs) StdoutLine: {'line': b'-- Up-to-date: /home/maizaied03/ros2_ws/install/px4_msgs/local/lib/python3.10/dist-packages/px4_msgs/msg/_rover_speed_status_s.c\n'}
[0.856653] (px4_msgs) StdoutLine: {'line': b'-- Up-to-date: /home/maizaied03/ros2_ws/install/px4_msgs/local/lib/python3.10/dist-packages/px4_msgs/msg/_action_request.py\n'}
[0.856687] (px4_msgs) StdoutLine: {'line': b'-- Up-to-date: /home/maizaied03/ros2_ws/install/px4_msgs/local/lib/python3.10/dist-packages/px4_msgs/msg/_debug_array.py\n'}
[0.856721] (px4_msgs) StdoutLine: {'line': b'-- Up-to-date: /home/maizaied03/ros2_ws/install/px4_msgs/local/lib/python3.10/dist-packages/px4_msgs/msg/_estimator_bias3d.py\n'}
[0.856773] (px4_msgs) StdoutLine: {'line': b'-- Up-to-date: /home/maizaied03/ros2_ws/install/px4_msgs/local/lib/python3.10/dist-packages/px4_msgs/msg/_goto_setpoint.py\n'}
[0.856809] (px4_msgs) StdoutLine: {'line': b'-- Up-to-date: /home/maizaied03/ros2_ws/install/px4_msgs/local/lib/python3.10/dist-packages/px4_msgs/msg/_sensor_gnss_status_s.c\n'}
[0.856844] (px4_msgs) StdoutLine: {'line': b'-- Up-to-date: /home/maizaied03/ros2_ws/install/px4_msgs/local/lib/python3.10/dist-packages/px4_msgs/msg/_sensors_status_imu_s.c\n'}
[0.856912] (px4_msgs) StdoutLine: {'line': b'-- Up-to-date: /home/maizaied03/ros2_ws/install/px4_msgs/local/lib/python3.10/dist-packages/px4_msgs/msg/_pps_capture.py\n'}
[0.856966] (px4_msgs) StdoutLine: {'line': b'-- Up-to-date: /home/maizaied03/ros2_ws/install/px4_msgs/local/lib/python3.10/dist-packages/px4_msgs/msg/_launch_detection_status.py\n'}
[0.857020] (px4_msgs) StdoutLine: {'line': b'-- Up-to-date: /home/maizaied03/ros2_ws/install/px4_msgs/local/lib/python3.10/dist-packages/px4_msgs/msg/_open_drone_id_operator_id.py\n'}
[0.857074] (px4_msgs) StdoutLine: {'line': b'-- Up-to-date: /home/maizaied03/ros2_ws/install/px4_msgs/local/lib/python3.10/dist-packages/px4_msgs/msg/_parameter_reset_request.py\n'}
[0.857132] (px4_msgs) StdoutLine: {'line': b'-- Up-to-date: /home/maizaied03/ros2_ws/install/px4_msgs/local/lib/python3.10/dist-packages/px4_msgs/msg/_failure_detector_status.py\n'}
[0.857187] (px4_msgs) StdoutLine: {'line': b'-- Up-to-date: /home/maizaied03/ros2_ws/install/px4_msgs/local/lib/python3.10/dist-packages/px4_msgs/msg/_actuator_motors_s.c\n'}
[0.857242] (px4_msgs) StdoutLine: {'line': b'-- Up-to-date: /home/maizaied03/ros2_ws/install/px4_msgs/local/lib/python3.10/dist-packages/px4_msgs/msg/_sensor_accel_fifo_s.c\n'}
[0.857297] (px4_msgs) StdoutLine: {'line': b'-- Up-to-date: /home/maizaied03/ros2_ws/install/px4_msgs/local/lib/python3.10/dist-packages/px4_msgs/msg/_position_setpoint_s.c\n'}
[0.857360] (px4_msgs) StdoutLine: {'line': b'-- Up-to-date: /home/maizaied03/ros2_ws/install/px4_msgs/local/lib/python3.10/dist-packages/px4_msgs/msg/_sensor_gyro_fifo.py\n'}
[0.857414] (px4_msgs) StdoutLine: {'line': b'-- Up-to-date: /home/maizaied03/ros2_ws/install/px4_msgs/local/lib/python3.10/dist-packages/px4_msgs/msg/_vehicle_magnetometer_s.c\n'}
[0.857467] (px4_msgs) StdoutLine: {'line': b'-- Up-to-date: /home/maizaied03/ros2_ws/install/px4_msgs/local/lib/python3.10/dist-packages/px4_msgs/msg/_vehicle_optical_flow_s.c\n'}
[0.857521] (px4_msgs) StdoutLine: {'line': b'-- Up-to-date: /home/maizaied03/ros2_ws/install/px4_msgs/local/lib/python3.10/dist-packages/px4_msgs/msg/_actuator_outputs.py\n'}
[0.857575] (px4_msgs) StdoutLine: {'line': b'-- Up-to-date: /home/maizaied03/ros2_ws/install/px4_msgs/local/lib/python3.10/dist-packages/px4_msgs/msg/_estimator_bias3d_s.c\n'}
[0.857628] (px4_msgs) StdoutLine: {'line': b'-- Up-to-date: /home/maizaied03/ros2_ws/install/px4_msgs/local/lib/python3.10/dist-packages/px4_msgs/msg/_open_drone_id_arm_status.py\n'}
[0.857682] (px4_msgs) StdoutLine: {'line': b'-- Up-to-date: /home/maizaied03/ros2_ws/install/px4_msgs/local/lib/python3.10/dist-packages/px4_msgs/msg/_position_controller_status_s.c\n'}
[0.857740] (px4_msgs) StdoutLine: {'line': b'-- Up-to-date: /home/maizaied03/ros2_ws/install/px4_msgs/local/lib/python3.10/dist-packages/px4_msgs/msg/_trajectory_setpoint.py\n'}
[0.857821] (px4_msgs) StdoutLine: {'line': b'-- Up-to-date: /home/maizaied03/ros2_ws/install/px4_msgs/local/lib/python3.10/dist-packages/px4_msgs/msg/_rover_throttle_setpoint.py\n'}
[0.857875] (px4_msgs) StdoutLine: {'line': b'-- Up-to-date: /home/maizaied03/ros2_ws/install/px4_msgs/local/lib/python3.10/dist-packages/px4_msgs/msg/_trajectory_setpoint6dof_s.c\n'}
[0.857954] (px4_msgs) StdoutLine: {'line': b'-- Up-to-date: /home/maizaied03/ros2_ws/install/px4_msgs/local/lib/python3.10/dist-packages/px4_msgs/msg/_normalized_unsigned_setpoint.py\n'}
[0.858008] (px4_msgs) StdoutLine: {'line': b'-- Up-to-date: /home/maizaied03/ros2_ws/install/px4_msgs/local/lib/python3.10/dist-packages/px4_msgs/msg/_vehicle_local_position_setpoint.py\n'}
[0.858061] (px4_msgs) StdoutLine: {'line': b'-- Up-to-date: /home/maizaied03/ros2_ws/install/px4_msgs/local/lib/python3.10/dist-packages/px4_msgs/msg/_vehicle_air_data_s.c\n'}
[0.858119] (px4_msgs) StdoutLine: {'line': b'-- Up-to-date: /home/maizaied03/ros2_ws/install/px4_msgs/local/lib/python3.10/dist-packages/px4_msgs/msg/_rc_parameter_map_s.c\n'}
[0.858177] (px4_msgs) StdoutLine: {'line': b'-- Up-to-date: /home/maizaied03/ros2_ws/install/px4_msgs/local/lib/python3.10/dist-packages/px4_msgs/msg/_message_format_request_s.c\n'}
[0.858233] (px4_msgs) StdoutLine: {'line': b'-- Up-to-date: /home/maizaied03/ros2_ws/install/px4_msgs/local/lib/python3.10/dist-packages/px4_msgs/msg/_normalized_unsigned_setpoint_s.c\n'}
[0.858289] (px4_msgs) StdoutLine: {'line': b'-- Up-to-date: /home/maizaied03/ros2_ws/install/px4_msgs/local/lib/python3.10/dist-packages/px4_msgs/msg/_failsafe_flags.py\n'}
[0.858344] (px4_msgs) StdoutLine: {'line': b'-- Up-to-date: /home/maizaied03/ros2_ws/install/px4_msgs/local/lib/python3.10/dist-packages/px4_msgs/msg/_home_position.py\n'}
[0.858399] (px4_msgs) StdoutLine: {'line': b'-- Up-to-date: /home/maizaied03/ros2_ws/install/px4_msgs/local/lib/python3.10/dist-packages/px4_msgs/msg/_task_stack_info.py\n'}
[0.858475] (px4_msgs) StdoutLine: {'line': b'-- Up-to-date: /home/maizaied03/ros2_ws/install/px4_msgs/local/lib/python3.10/dist-packages/px4_msgs/msg/_gpio_out.py\n'}
[0.858534] (px4_msgs) StdoutLine: {'line': b'-- Up-to-date: /home/maizaied03/ros2_ws/install/px4_msgs/local/lib/python3.10/dist-packages/px4_msgs/msg/_parameter_update.py\n'}
[0.858590] (px4_msgs) StdoutLine: {'line': b'-- Up-to-date: /home/maizaied03/ros2_ws/install/px4_msgs/local/lib/python3.10/dist-packages/px4_msgs/msg/_unregister_ext_component.py\n'}
[0.858645] (px4_msgs) StdoutLine: {'line': b'-- Up-to-date: /home/maizaied03/ros2_ws/install/px4_msgs/local/lib/python3.10/dist-packages/px4_msgs/msg/_sensor_mag.py\n'}
[0.858699] (px4_msgs) StdoutLine: {'line': b'-- Up-to-date: /home/maizaied03/ros2_ws/install/px4_msgs/local/lib/python3.10/dist-packages/px4_msgs/msg/_parameter_set_used_request.py\n'}
[0.858756] (px4_msgs) StdoutLine: {'line': b'-- Up-to-date: /home/maizaied03/ros2_ws/install/px4_msgs/local/lib/python3.10/dist-packages/px4_msgs/msg/_gain_compression_s.c\n'}
[0.858835] (px4_msgs) StdoutLine: {'line': b'-- Up-to-date: /home/maizaied03/ros2_ws/install/px4_msgs/local/lib/python3.10/dist-packages/px4_msgs/msg/_sensor_gnss_status.py\n'}
[0.858891] (px4_msgs) StdoutLine: {'line': b'-- Up-to-date: /home/maizaied03/ros2_ws/install/px4_msgs/local/lib/python3.10/dist-packages/px4_msgs/msg/_rover_throttle_setpoint_s.c\n'}
[0.858945] (px4_msgs) StdoutLine: {'line': b'-- Up-to-date: /home/maizaied03/ros2_ws/install/px4_msgs/local/lib/python3.10/dist-packages/px4_msgs/msg/_vehicle_odometry.py\n'}
[0.859004] (px4_msgs) StdoutLine: {'line': b'-- Up-to-date: /home/maizaied03/ros2_ws/install/px4_msgs/local/lib/python3.10/dist-packages/px4_msgs/msg/_camera_capture.py\n'}
[0.859058] (px4_msgs) StdoutLine: {'line': b'-- Up-to-date: /home/maizaied03/ros2_ws/install/px4_msgs/local/lib/python3.10/dist-packages/px4_msgs/msg/_offboard_control_mode.py\n'}
[0.859114] (px4_msgs) StdoutLine: {'line': b'-- Up-to-date: /home/maizaied03/ros2_ws/install/px4_msgs/local/lib/python3.10/dist-packages/px4_msgs/msg/_velocity_limits_s.c\n'}
[0.859169] (px4_msgs) StdoutLine: {'line': b'-- Up-to-date: /home/maizaied03/ros2_ws/install/px4_msgs/local/lib/python3.10/dist-packages/px4_msgs/msg/_cellular_status_s.c\n'}
[0.859227] (px4_msgs) StdoutLine: {'line': b'-- Up-to-date: /home/maizaied03/ros2_ws/install/px4_msgs/local/lib/python3.10/dist-packages/px4_msgs/msg/_sensor_airflow_s.c\n'}
[0.859282] (px4_msgs) StdoutLine: {'line': b'-- Up-to-date: /home/maizaied03/ros2_ws/install/px4_msgs/local/lib/python3.10/dist-packages/px4_msgs/msg/_vehicle_local_position.py\n'}
[0.859355] (px4_msgs) StdoutLine: {'line': b'-- Up-to-date: /home/maizaied03/ros2_ws/install/px4_msgs/local/lib/python3.10/dist-packages/px4_msgs/msg/_position_controller_status.py\n'}
[0.859408] (px4_msgs) StdoutLine: {'line': b'-- Up-to-date: /home/maizaied03/ros2_ws/install/px4_msgs/local/lib/python3.10/dist-packages/px4_msgs/msg/_open_drone_id_operator_id_s.c\n'}
[0.859464] (px4_msgs) StdoutLine: {'line': b'-- Up-to-date: /home/maizaied03/ros2_ws/install/px4_msgs/local/lib/python3.10/dist-packages/px4_msgs/msg/_rc_channels_s.c\n'}
[0.859538] (px4_msgs) StdoutLine: {'line': b'-- Up-to-date: /home/maizaied03/ros2_ws/install/px4_msgs/local/lib/python3.10/dist-packages/px4_msgs/msg/_mode_completed.py\n'}
[0.859594] (px4_msgs) StdoutLine: {'line': b'-- Up-to-date: /home/maizaied03/ros2_ws/install/px4_msgs/local/lib/python3.10/dist-packages/px4_msgs/msg/_open_drone_id_self_id.py\n'}
[0.859646] (px4_msgs) StdoutLine: {'line': b'-- Up-to-date: /home/maizaied03/ros2_ws/install/px4_msgs/local/lib/python3.10/dist-packages/px4_msgs/msg/_failure_detector_status_s.c\n'}
[0.859703] (px4_msgs) StdoutLine: {'line': b'-- Up-to-date: /home/maizaied03/ros2_ws/install/px4_msgs/local/lib/python3.10/dist-packages/px4_msgs/msg/_vehicle_acceleration_s.c\n'}
[0.859778] (px4_msgs) StdoutLine: {'line': b'-- Up-to-date: /home/maizaied03/ros2_ws/install/px4_msgs/local/lib/python3.10/dist-packages/px4_msgs/msg/_esc_status.py\n'}
[0.859837] (px4_msgs) StdoutLine: {'line': b'-- Up-to-date: /home/maizaied03/ros2_ws/install/px4_msgs/local/lib/python3.10/dist-packages/px4_msgs/msg/_distance_sensor.py\n'}
[0.859891] (px4_msgs) StdoutLine: {'line': b'-- Up-to-date: /home/maizaied03/ros2_ws/install/px4_msgs/local/lib/python3.10/dist-packages/px4_msgs/msg/_health_report_s.c\n'}
[0.859944] (px4_msgs) StdoutLine: {'line': b'-- Up-to-date: /home/maizaied03/ros2_ws/install/px4_msgs/local/lib/python3.10/dist-packages/px4_msgs/msg/_debug_key_value.py\n'}
[0.859999] (px4_msgs) StdoutLine: {'line': b'-- Up-to-date: /home/maizaied03/ros2_ws/install/px4_msgs/local/lib/python3.10/dist-packages/px4_msgs/msg/_rover_rate_status.py\n'}
[0.860057] (px4_msgs) StdoutLine: {'line': b'-- Up-to-date: /home/maizaied03/ros2_ws/install/px4_msgs/local/lib/python3.10/dist-packages/px4_msgs/msg/_estimator_aid_source3d.py\n'}
[0.860112] (px4_msgs) StdoutLine: {'line': b'-- Up-to-date: /home/maizaied03/ros2_ws/install/px4_msgs/local/lib/python3.10/dist-packages/px4_msgs/msg/_raptor_status.py\n'}
[0.860167] (px4_msgs) StdoutLine: {'line': b'-- Up-to-date: /home/maizaied03/ros2_ws/install/px4_msgs/local/lib/python3.10/dist-packages/px4_msgs/msg/_actuator_armed.py\n'}
[0.860222] (px4_msgs) StdoutLine: {'line': b'-- Up-to-date: /home/maizaied03/ros2_ws/install/px4_msgs/local/lib/python3.10/dist-packages/px4_msgs/msg/_register_ext_component_request.py\n'}
[0.860278] (px4_msgs) StdoutLine: {'line': b'-- Up-to-date: /home/maizaied03/ros2_ws/install/px4_msgs/local/lib/python3.10/dist-packages/px4_msgs/msg/_failsafe_flags_s.c\n'}
[0.860333] (px4_msgs) StdoutLine: {'line': b'-- Up-to-date: /home/maizaied03/ros2_ws/install/px4_msgs/local/lib/python3.10/dist-packages/px4_msgs/msg/_tecs_status_s.c\n'}
[0.860410] (px4_msgs) StdoutLine: {'line': b'-- Up-to-date: /home/maizaied03/ros2_ws/install/px4_msgs/local/lib/python3.10/dist-packages/px4_msgs/msg/_actuator_armed_s.c\n'}
[0.860463] (px4_msgs) StdoutLine: {'line': b'-- Up-to-date: /home/maizaied03/ros2_ws/install/px4_msgs/local/lib/python3.10/dist-packages/px4_msgs/msg/_distance_sensor_mode_change_request_s.c\n'}
[0.860519] (px4_msgs) StdoutLine: {'line': b'-- Up-to-date: /home/maizaied03/ros2_ws/install/px4_msgs/local/lib/python3.10/dist-packages/px4_msgs/msg/_fixed_wing_longitudinal_setpoint.py\n'}
[0.860573] (px4_msgs) StdoutLine: {'line': b'-- Up-to-date: /home/maizaied03/ros2_ws/install/px4_msgs/local/lib/python3.10/dist-packages/px4_msgs/msg/_open_drone_id_system.py\n'}
[0.860629] (px4_msgs) StdoutLine: {'line': b'-- Up-to-date: /home/maizaied03/ros2_ws/install/px4_msgs/local/lib/python3.10/dist-packages/px4_msgs/msg/_vehicle_status_s.c\n'}
[0.860686] (px4_msgs) StdoutLine: {'line': b'-- Up-to-date: /home/maizaied03/ros2_ws/install/px4_msgs/local/lib/python3.10/dist-packages/px4_msgs/msg/_arming_check_reply_s.c\n'}
[0.860741] (px4_msgs) StdoutLine: {'line': b'-- Up-to-date: /home/maizaied03/ros2_ws/install/px4_msgs/local/lib/python3.10/dist-packages/px4_msgs/msg/_estimator_innovations_s.c\n'}
[0.860814] (px4_msgs) StdoutLine: {'line': b'-- Up-to-date: /home/maizaied03/ros2_ws/install/px4_msgs/local/lib/python3.10/dist-packages/px4_msgs/msg/_landing_gear_wheel_s.c\n'}
[0.860887] (px4_msgs) StdoutLine: {'line': b'-- Up-to-date: /home/maizaied03/ros2_ws/install/px4_msgs/local/lib/python3.10/dist-packages/px4_msgs/msg/_navigator_status.py\n'}
[0.860940] (px4_msgs) StdoutLine: {'line': b'-- Up-to-date: /home/maizaied03/ros2_ws/install/px4_msgs/local/lib/python3.10/dist-packages/px4_msgs/msg/_mag_worker_data.py\n'}
[0.860993] (px4_msgs) StdoutLine: {'line': b'-- Up-to-date: /home/maizaied03/ros2_ws/install/px4_msgs/local/lib/python3.10/dist-packages/px4_msgs/msg/_sensor_combined_s.c\n'}
[0.861048] (px4_msgs) StdoutLine: {'line': b'-- Up-to-date: /home/maizaied03/ros2_ws/install/px4_msgs/local/lib/python3.10/dist-packages/px4_msgs/msg/_cellular_status.py\n'}
[0.861104] (px4_msgs) StdoutLine: {'line': b'-- Up-to-date: /home/maizaied03/ros2_ws/install/px4_msgs/local/lib/python3.10/dist-packages/px4_msgs/msg/_landing_target_pose.py\n'}
[0.861173] (px4_msgs) StdoutLine: {'line': b'-- Up-to-date: /home/maizaied03/ros2_ws/install/px4_msgs/local/lib/python3.10/dist-packages/px4_msgs/msg/_raptor_input_s.c\n'}
[0.861227] (px4_msgs) StdoutLine: {'line': b'-- Up-to-date: /home/maizaied03/ros2_ws/install/px4_msgs/local/lib/python3.10/dist-packages/px4_msgs/msg/_estimator_selector_status.py\n'}
[0.861283] (px4_msgs) StdoutLine: {'line': b'-- Up-to-date: /home/maizaied03/ros2_ws/install/px4_msgs/local/lib/python3.10/dist-packages/px4_msgs/msg/_fixed_wing_runway_control.py\n'}
[0.861338] (px4_msgs) StdoutLine: {'line': b'-- Up-to-date: /home/maizaied03/ros2_ws/install/px4_msgs/local/lib/python3.10/dist-packages/px4_msgs/msg/_pure_pursuit_status.py\n'}
[0.861393] (px4_msgs) StdoutLine: {'line': b'-- Up-to-date: /home/maizaied03/ros2_ws/install/px4_msgs/local/lib/python3.10/dist-packages/px4_msgs/msg/_position_setpoint.py\n'}
[0.861459] (px4_msgs) StdoutLine: {'line': b'-- Up-to-date: /home/maizaied03/ros2_ws/install/px4_msgs/local/lib/python3.10/dist-packages/px4_msgs/msg/_camera_trigger_s.c\n'}
[0.861512] (px4_msgs) StdoutLine: {'line': b'-- Up-to-date: /home/maizaied03/ros2_ws/install/px4_msgs/local/lib/python3.10/dist-packages/px4_msgs/msg/_vehicle_land_detected.py\n'}
[0.861565] (px4_msgs) StdoutLine: {'line': b'-- Up-to-date: /home/maizaied03/ros2_ws/install/px4_msgs/local/lib/python3.10/dist-packages/px4_msgs/msg/_estimator_sensor_bias.py\n'}
[0.861621] (px4_msgs) StdoutLine: {'line': b'-- Up-to-date: /home/maizaied03/ros2_ws/install/px4_msgs/local/lib/python3.10/dist-packages/px4_msgs/msg/_mount_orientation.py\n'}
[0.861673] (px4_msgs) StdoutLine: {'line': b'-- Up-to-date: /home/maizaied03/ros2_ws/install/px4_msgs/local/lib/python3.10/dist-packages/px4_msgs/msg/_sensors_status_s.c\n'}
[0.861727] (px4_msgs) StdoutLine: {'line': b'-- Up-to-date: /home/maizaied03/ros2_ws/install/px4_msgs/local/lib/python3.10/dist-packages/px4_msgs/msg/_estimator_event_flags.py\n'}
[0.861785] (px4_msgs) StdoutLine: {'line': b'-- Up-to-date: /home/maizaied03/ros2_ws/install/px4_msgs/local/lib/python3.10/dist-packages/px4_msgs/msg/_adc_report.py\n'}
[0.861859] (px4_msgs) StdoutLine: {'line': b'-- Up-to-date: /home/maizaied03/ros2_ws/install/px4_msgs/local/lib/python3.10/dist-packages/px4_msgs/msg/_input_rc.py\n'}
[0.861913] (px4_msgs) StdoutLine: {'line': b'-- Up-to-date: /home/maizaied03/ros2_ws/install/px4_msgs/local/lib/python3.10/dist-packages/px4_msgs/msg/_vehicle_optical_flow.py\n'}
[0.861969] (px4_msgs) StdoutLine: {'line': b'-- Up-to-date: /home/maizaied03/ros2_ws/install/px4_msgs/local/lib/python3.10/dist-packages/px4_msgs/msg/_parameter_update_s.c\n'}
[0.862021] (px4_msgs) StdoutLine: {'line': b'-- Up-to-date: /home/maizaied03/ros2_ws/install/px4_msgs/local/lib/python3.10/dist-packages/px4_msgs/msg/_position_controller_landing_status_s.c\n'}
[0.862075] (px4_msgs) StdoutLine: {'line': b'-- Up-to-date: /home/maizaied03/ros2_ws/install/px4_msgs/local/lib/python3.10/dist-packages/px4_msgs/msg/__init__.py\n'}
[0.862128] (px4_msgs) StdoutLine: {'line': b'-- Up-to-date: /home/maizaied03/ros2_ws/install/px4_msgs/local/lib/python3.10/dist-packages/px4_msgs/msg/_estimator_sensor_bias_s.c\n'}
[0.862193] (px4_msgs) StdoutLine: {'line': b'-- Up-to-date: /home/maizaied03/ros2_ws/install/px4_msgs/local/lib/python3.10/dist-packages/px4_msgs/msg/_pwm_input_s.c\n'}
[0.862256] (px4_msgs) StdoutLine: {'line': b'-- Up-to-date: /home/maizaied03/ros2_ws/install/px4_msgs/local/lib/python3.10/dist-packages/px4_msgs/msg/_sensor_hygrometer_s.c\n'}
[0.862309] (px4_msgs) StdoutLine: {'line': b'-- Up-to-date: /home/maizaied03/ros2_ws/install/px4_msgs/local/lib/python3.10/dist-packages/px4_msgs/msg/_actuator_controls_status.py\n'}
[0.862364] (px4_msgs) StdoutLine: {'line': b'-- Up-to-date: /home/maizaied03/ros2_ws/install/px4_msgs/local/lib/python3.10/dist-packages/px4_msgs/msg/_fuel_tank_status_s.c\n'}
[0.862417] (px4_msgs) StdoutLine: {'line': b'-- Up-to-date: /home/maizaied03/ros2_ws/install/px4_msgs/local/lib/python3.10/dist-packages/px4_msgs/msg/_follow_target_status_s.c\n'}
[0.862470] (px4_msgs) StdoutLine: {'line': b'-- Up-to-date: /home/maizaied03/ros2_ws/install/px4_msgs/local/lib/python3.10/dist-packages/px4_msgs/msg/_estimator_innovations.py\n'}
[0.862523] (px4_msgs) StdoutLine: {'line': b'-- Up-to-date: /home/maizaied03/ros2_ws/install/px4_msgs/local/lib/python3.10/dist-packages/px4_msgs/msg/_sensor_uwb.py\n'}
[0.862581] (px4_msgs) StdoutLine: {'line': b'-- Up-to-date: /home/maizaied03/ros2_ws/install/px4_msgs/local/lib/python3.10/dist-packages/px4_msgs/msg/_gps_dump.py\n'}
[0.862636] (px4_msgs) StdoutLine: {'line': b'-- Up-to-date: /home/maizaied03/ros2_ws/install/px4_msgs/local/lib/python3.10/dist-packages/px4_msgs/msg/_sensors_status.py\n'}
[0.862694] (px4_msgs) StdoutLine: {'line': b'-- Up-to-date: /home/maizaied03/ros2_ws/install/px4_msgs/local/lib/python3.10/dist-packages/px4_msgs/msg/_vehicle_attitude_setpoint.py\n'}
[0.862753] (px4_msgs) StdoutLine: {'line': b'-- Up-to-date: /home/maizaied03/ros2_ws/install/px4_msgs/local/lib/python3.10/dist-packages/px4_msgs/msg/_estimator_states.py\n'}
[0.862823] (px4_msgs) StdoutLine: {'line': b'-- Up-to-date: /home/maizaied03/ros2_ws/install/px4_msgs/local/lib/python3.10/dist-packages/px4_msgs/msg/_fixed_wing_lateral_status.py\n'}
[0.862889] (px4_msgs) StdoutLine: {'line': b'-- Up-to-date: /home/maizaied03/ros2_ws/install/px4_msgs/local/lib/python3.10/dist-packages/px4_msgs/msg/_heater_status.py\n'}
[0.862942] (px4_msgs) StdoutLine: {'line': b'-- Up-to-date: /home/maizaied03/ros2_ws/install/px4_msgs/local/lib/python3.10/dist-packages/px4_msgs/msg/_neural_control.py\n'}
[0.862996] (px4_msgs) StdoutLine: {'line': b'-- Up-to-date: /home/maizaied03/ros2_ws/install/px4_msgs/local/lib/python3.10/dist-packages/px4_msgs/msg/_power_monitor_s.c\n'}
[0.863060] (px4_msgs) StdoutLine: {'line': b'-- Up-to-date: /home/maizaied03/ros2_ws/install/px4_msgs/local/lib/python3.10/dist-packages/px4_msgs/msg/_orb_test_medium.py\n'}
[0.863114] (px4_msgs) StdoutLine: {'line': b'-- Up-to-date: /home/maizaied03/ros2_ws/install/px4_msgs/local/lib/python3.10/dist-packages/px4_msgs/msg/_vehicle_odometry_s.c\n'}
[0.863171] (px4_msgs) StdoutLine: {'line': b'-- Up-to-date: /home/maizaied03/ros2_ws/install/px4_msgs/local/lib/python3.10/dist-packages/px4_msgs/msg/_fixed_wing_runway_control_s.c\n'}
[0.863225] (px4_msgs) StdoutLine: {'line': b'-- Up-to-date: /home/maizaied03/ros2_ws/install/px4_msgs/local/lib/python3.10/dist-packages/px4_msgs/msg/_ekf2_timestamps.py\n'}
[0.863282] (px4_msgs) StdoutLine: {'line': b'-- Up-to-date: /home/maizaied03/ros2_ws/install/px4_msgs/local/lib/python3.10/dist-packages/px4_msgs/msg/_fixed_wing_lateral_setpoint_s.c\n'}
[0.863337] (px4_msgs) StdoutLine: {'line': b'-- Up-to-date: /home/maizaied03/ros2_ws/install/px4_msgs/local/lib/python3.10/dist-packages/px4_msgs/msg/_transponder_report.py\n'}
[0.863392] (px4_msgs) StdoutLine: {'line': b'-- Up-to-date: /home/maizaied03/ros2_ws/install/px4_msgs/local/lib/python3.10/dist-packages/px4_msgs/msg/_ulog_stream_ack_s.c\n'}
[0.863448] (px4_msgs) StdoutLine: {'line': b'-- Up-to-date: /home/maizaied03/ros2_ws/install/px4_msgs/local/lib/python3.10/dist-packages/px4_msgs/msg/_rtl_status.py\n'}
[0.863510] (px4_msgs) StdoutLine: {'line': b'-- Up-to-date: /home/maizaied03/ros2_ws/install/px4_msgs/local/lib/python3.10/dist-packages/px4_msgs/msg/_sensor_optical_flow.py\n'}
[0.863563] (px4_msgs) StdoutLine: {'line': b'-- Up-to-date: /home/maizaied03/ros2_ws/install/px4_msgs/local/lib/python3.10/dist-packages/px4_msgs/msg/_actuator_test_s.c\n'}
[0.863617] (px4_msgs) StdoutLine: {'line': b'-- Up-to-date: /home/maizaied03/ros2_ws/install/px4_msgs/local/lib/python3.10/dist-packages/px4_msgs/msg/_flight_phase_estimation.py\n'}
[0.863670] (px4_msgs) StdoutLine: {'line': b'-- Up-to-date: /home/maizaied03/ros2_ws/install/px4_msgs/local/lib/python3.10/dist-packages/px4_msgs/msg/_fixed_wing_lateral_guidance_status.py\n'}
[0.863724] (px4_msgs) StdoutLine: {'line': b'-- Up-to-date: /home/maizaied03/ros2_ws/install/px4_msgs/local/lib/python3.10/dist-packages/px4_msgs/msg/_airspeed_wind.py\n'}
[0.863799] (px4_msgs) StdoutLine: {'line': b'-- Up-to-date: /home/maizaied03/ros2_ws/install/px4_msgs/local/lib/python3.10/dist-packages/px4_msgs/msg/_sensor_temp_s.c\n'}
[0.863854] (px4_msgs) StdoutLine: {'line': b'-- Up-to-date: /home/maizaied03/ros2_ws/install/px4_msgs/local/lib/python3.10/dist-packages/px4_msgs/msg/_message_format_response.py\n'}
[0.863907] (px4_msgs) StdoutLine: {'line': b'-- Up-to-date: /home/maizaied03/ros2_ws/install/px4_msgs/local/lib/python3.10/dist-packages/px4_msgs/msg/_dronecan_node_status.py\n'}
[0.863963] (px4_msgs) StdoutLine: {'line': b'-- Up-to-date: /home/maizaied03/ros2_ws/install/px4_msgs/local/lib/python3.10/dist-packages/px4_msgs/msg/_mission_result_s.c\n'}
[0.864020] (px4_msgs) StdoutLine: {'line': b'-- Up-to-date: /home/maizaied03/ros2_ws/install/px4_msgs/local/lib/python3.10/dist-packages/px4_msgs/msg/_internal_combustion_engine_status_s.c\n'}
[0.864088] (px4_msgs) StdoutLine: {'line': b'-- Up-to-date: /home/maizaied03/ros2_ws/install/px4_msgs/local/lib/python3.10/dist-packages/px4_msgs/msg/_camera_status.py\n'}
[0.864143] (px4_msgs) StdoutLine: {'line': b'-- Up-to-date: /home/maizaied03/ros2_ws/install/px4_msgs/local/lib/python3.10/dist-packages/px4_msgs/msg/_estimator_selector_status_s.c\n'}
[0.864200] (px4_msgs) StdoutLine: {'line': b'-- Up-to-date: /home/maizaied03/ros2_ws/install/px4_msgs/local/lib/python3.10/dist-packages/px4_msgs/msg/_onboard_computer_status.py\n'}
[0.864256] (px4_msgs) StdoutLine: {'line': b'-- Up-to-date: /home/maizaied03/ros2_ws/install/px4_msgs/local/lib/python3.10/dist-packages/px4_msgs/msg/_rover_speed_setpoint.py\n'}
[0.864312] (px4_msgs) StdoutLine: {'line': b'-- Up-to-date: /home/maizaied03/ros2_ws/install/px4_msgs/local/lib/python3.10/dist-packages/px4_msgs/msg/_radio_status_s.c\n'}
[0.864370] (px4_msgs) StdoutLine: {'line': b'-- Up-to-date: /home/maizaied03/ros2_ws/install/px4_msgs/local/lib/python3.10/dist-packages/px4_msgs/msg/_arming_check_request_s.c\n'}
[0.864425] (px4_msgs) StdoutLine: {'line': b'-- Up-to-date: /home/maizaied03/ros2_ws/install/px4_msgs/local/lib/python3.10/dist-packages/px4_msgs/msg/_airspeed_s.c\n'}
[0.864481] (px4_msgs) StdoutLine: {'line': b'-- Up-to-date: /home/maizaied03/ros2_ws/install/px4_msgs/local/lib/python3.10/dist-packages/px4_msgs/msg/_orb_test_large.py\n'}
[0.864537] (px4_msgs) StdoutLine: {'line': b'-- Up-to-date: /home/maizaied03/ros2_ws/install/px4_msgs/local/lib/python3.10/dist-packages/px4_msgs/msg/_input_rc_s.c\n'}
[0.864592] (px4_msgs) StdoutLine: {'line': b'-- Up-to-date: /home/maizaied03/ros2_ws/install/px4_msgs/local/lib/python3.10/dist-packages/px4_msgs/msg/_parameter_set_value_response_s.c\n'}
[0.864649] (px4_msgs) StdoutLine: {'line': b'-- Up-to-date: /home/maizaied03/ros2_ws/install/px4_msgs/local/lib/python3.10/dist-packages/px4_msgs/msg/_position_controller_landing_status.py\n'}
[0.864716] (px4_msgs) StdoutLine: {'line': b'-- Up-to-date: /home/maizaied03/ros2_ws/install/px4_msgs/local/lib/python3.10/dist-packages/px4_msgs/msg/_sensor_baro_s.c\n'}
[0.864772] (px4_msgs) StdoutLine: {'line': b'-- Up-to-date: /home/maizaied03/ros2_ws/install/px4_msgs/local/lib/python3.10/dist-packages/px4_msgs/msg/_figure_eight_status.py\n'}
[0.864836] (px4_msgs) StdoutLine: {'line': b'-- Up-to-date: /home/maizaied03/ros2_ws/install/px4_msgs/local/lib/python3.10/dist-packages/px4_msgs/msg/_vehicle_land_detected_s.c\n'}
[0.864894] (px4_msgs) StdoutLine: {'line': b'-- Up-to-date: /home/maizaied03/ros2_ws/install/px4_msgs/local/lib/python3.10/dist-packages/px4_msgs/msg/_vehicle_imu.py\n'}
[0.864950] (px4_msgs) StdoutLine: {'line': b'-- Up-to-date: /home/maizaied03/ros2_ws/install/px4_msgs/local/lib/python3.10/dist-packages/px4_msgs/msg/_vehicle_optical_flow_vel_s.c\n'}
[0.865005] (px4_msgs) StdoutLine: {'line': b'-- Up-to-date: /home/maizaied03/ros2_ws/install/px4_msgs/local/lib/python3.10/dist-packages/px4_msgs/msg/_battery_status_s.c\n'}
[0.865061] (px4_msgs) StdoutLine: {'line': b'-- Up-to-date: /home/maizaied03/ros2_ws/install/px4_msgs/local/lib/python3.10/dist-packages/px4_msgs/msg/_arming_check_request.py\n'}
[0.865117] (px4_msgs) StdoutLine: {'line': b'-- Up-to-date: /home/maizaied03/ros2_ws/install/px4_msgs/local/lib/python3.10/dist-packages/px4_msgs/msg/_sensor_selection.py\n'}
[0.865172] (px4_msgs) StdoutLine: {'line': b'-- Up-to-date: /home/maizaied03/ros2_ws/install/px4_msgs/local/lib/python3.10/dist-packages/px4_msgs/msg/_mode_completed_s.c\n'}
[0.865228] (px4_msgs) StdoutLine: {'line': b'-- Up-to-date: /home/maizaied03/ros2_ws/install/px4_msgs/local/lib/python3.10/dist-packages/px4_msgs/msg/_landing_gear.py\n'}
[0.865283] (px4_msgs) StdoutLine: {'line': b'-- Up-to-date: /home/maizaied03/ros2_ws/install/px4_msgs/local/lib/python3.10/dist-packages/px4_msgs/msg/_velocity_limits.py\n'}
[0.865339] (px4_msgs) StdoutLine: {'line': b'-- Up-to-date: /home/maizaied03/ros2_ws/install/px4_msgs/local/lib/python3.10/dist-packages/px4_msgs/msg/_navigator_mission_item_s.c\n'}
[0.865395] (px4_msgs) StdoutLine: {'line': b'-- Up-to-date: /home/maizaied03/ros2_ws/install/px4_msgs/local/lib/python3.10/dist-packages/px4_msgs/msg/_transponder_report_s.c\n'}
[0.865449] (px4_msgs) StdoutLine: {'line': b'-- Up-to-date: /home/maizaied03/ros2_ws/install/px4_msgs/local/lib/python3.10/dist-packages/px4_msgs/msg/_geofence_status.py\n'}
[0.865506] (px4_msgs) StdoutLine: {'line': b'-- Up-to-date: /home/maizaied03/ros2_ws/install/px4_msgs/local/lib/python3.10/dist-packages/px4_msgs/msg/_uavcan_parameter_value.py\n'}
[0.865561] (px4_msgs) StdoutLine: {'line': b'-- Up-to-date: /home/maizaied03/ros2_ws/install/px4_msgs/local/lib/python3.10/dist-packages/px4_msgs/msg/_vehicle_angular_acceleration_setpoint_s.c\n'}
[0.865617] (px4_msgs) StdoutLine: {'line': b'-- Up-to-date: /home/maizaied03/ros2_ws/install/px4_msgs/local/lib/python3.10/dist-packages/px4_msgs/msg/_battery_info.py\n'}
[0.865674] (px4_msgs) StdoutLine: {'line': b'-- Up-to-date: /home/maizaied03/ros2_ws/install/px4_msgs/local/lib/python3.10/dist-packages/px4_msgs/msg/_landing_target_innovations.py\n'}
[0.865729] (px4_msgs) StdoutLine: {'line': b'-- Up-to-date: /home/maizaied03/ros2_ws/install/px4_msgs/local/lib/python3.10/dist-packages/px4_msgs/msg/_manual_control_switches.py\n'}
[0.865802] (px4_msgs) StdoutLine: {'line': b'-- Up-to-date: /home/maizaied03/ros2_ws/install/px4_msgs/local/lib/python3.10/dist-packages/px4_msgs/msg/_log_message.py\n'}
[0.865868] (px4_msgs) StdoutLine: {'line': b'-- Up-to-date: /home/maizaied03/ros2_ws/install/px4_msgs/local/lib/python3.10/dist-packages/px4_msgs/msg/_estimator_status_s.c\n'}
[0.865927] (px4_msgs) StdoutLine: {'line': b'-- Up-to-date: /home/maizaied03/ros2_ws/install/px4_msgs/local/lib/python3.10/dist-packages/px4_msgs/msg/_gimbal_manager_set_attitude.py\n'}
[0.865984] (px4_msgs) StdoutLine: {'line': b'-- Up-to-date: /home/maizaied03/ros2_ws/install/px4_msgs/local/lib/python3.10/dist-packages/px4_msgs/msg/_vehicle_roi.py\n'}
[0.866050] (px4_msgs) StdoutLine: {'line': b'-- Up-to-date: /home/maizaied03/ros2_ws/install/px4_msgs/local/lib/python3.10/dist-packages/px4_msgs/msg/_esc_status_s.c\n'}
[0.866103] (px4_msgs) StdoutLine: {'line': b'-- Up-to-date: /home/maizaied03/ros2_ws/install/px4_msgs/local/lib/python3.10/dist-packages/px4_msgs/msg/_rover_attitude_status.py\n'}
[0.866159] (px4_msgs) StdoutLine: {'line': b'-- Up-to-date: /home/maizaied03/ros2_ws/install/px4_msgs/local/lib/python3.10/dist-packages/px4_msgs/msg/_mount_orientation_s.c\n'}
[0.866213] (px4_msgs) StdoutLine: {'line': b'-- Up-to-date: /home/maizaied03/ros2_ws/install/px4_msgs/local/lib/python3.10/dist-packages/px4_msgs/msg/_rover_rate_setpoint.py\n'}
[0.866268] (px4_msgs) StdoutLine: {'line': b'-- Up-to-date: /home/maizaied03/ros2_ws/install/px4_msgs/local/lib/python3.10/dist-packages/px4_msgs/msg/_estimator_status_flags.py\n'}
[0.866324] (px4_msgs) StdoutLine: {'line': b'-- Up-to-date: /home/maizaied03/ros2_ws/install/px4_msgs/local/lib/python3.10/dist-packages/px4_msgs/msg/_gimbal_manager_status_s.c\n'}
[0.866380] (px4_msgs) StdoutLine: {'line': b'-- Up-to-date: /home/maizaied03/ros2_ws/install/px4_msgs/local/lib/python3.10/dist-packages/px4_msgs/msg/_vehicle_command_ack_s.c\n'}
[0.866436] (px4_msgs) StdoutLine: {'line': b'-- Up-to-date: /home/maizaied03/ros2_ws/install/px4_msgs/local/lib/python3.10/dist-packages/px4_msgs/msg/_mavlink_log_s.c\n'}
[0.866490] (px4_msgs) StdoutLine: {'line': b'-- Up-to-date: /home/maizaied03/ros2_ws/install/px4_msgs/local/lib/python3.10/dist-packages/px4_msgs/msg/_actuator_servos_trim_s.c\n'}
[0.866557] (px4_msgs) StdoutLine: {'line': b'-- Up-to-date: /home/maizaied03/ros2_ws/install/px4_msgs/local/lib/python3.10/dist-packages/px4_msgs/msg/_vehicle_control_mode.py\n'}
[0.866611] (px4_msgs) StdoutLine: {'line': b'-- Up-to-date: /home/maizaied03/ros2_ws/install/px4_msgs/local/lib/python3.10/dist-packages/px4_msgs/msg/_landing_target_pose_s.c\n'}
[0.866664] (px4_msgs) StdoutLine: {'line': b'-- Up-to-date: /home/maizaied03/ros2_ws/install/px4_msgs/local/lib/python3.10/dist-packages/px4_msgs/msg/_gpio_in_s.c\n'}
[0.866718] (px4_msgs) StdoutLine: {'line': b'-- Up-to-date: /home/maizaied03/ros2_ws/install/px4_msgs/local/lib/python3.10/dist-packages/px4_msgs/msg/_open_drone_id_arm_status_s.c\n'}
[0.866787] (px4_msgs) StdoutLine: {'line': b'-- Up-to-date: /home/maizaied03/ros2_ws/install/px4_msgs/local/lib/python3.10/dist-packages/px4_msgs/msg/_mavlink_tunnel_s.c\n'}
[0.866845] (px4_msgs) StdoutLine: {'line': b'-- Up-to-date: /home/maizaied03/ros2_ws/install/px4_msgs/local/lib/python3.10/dist-packages/px4_msgs/msg/_estimator_aid_source2d_s.c\n'}
[0.866898] (px4_msgs) StdoutLine: {'line': b'-- Up-to-date: /home/maizaied03/ros2_ws/install/px4_msgs/local/lib/python3.10/dist-packages/px4_msgs/msg/_gain_compression.py\n'}
[0.866961] (px4_msgs) StdoutLine: {'line': b'-- Up-to-date: /home/maizaied03/ros2_ws/install/px4_msgs/local/lib/python3.10/dist-packages/px4_msgs/msg/_event.py\n'}
[0.867014] (px4_msgs) StdoutLine: {'line': b'-- Up-to-date: /home/maizaied03/ros2_ws/install/px4_msgs/local/lib/python3.10/dist-packages/px4_msgs/msg/_differential_pressure_s.c\n'}
[0.867068] (px4_msgs) StdoutLine: {'line': b'-- Up-to-date: /home/maizaied03/ros2_ws/install/px4_msgs/local/lib/python3.10/dist-packages/px4_msgs/msg/_home_position_s.c\n'}
[0.867121] (px4_msgs) StdoutLine: {'line': b'-- Up-to-date: /home/maizaied03/ros2_ws/install/px4_msgs/local/lib/python3.10/dist-packages/px4_msgs/msg/_control_allocator_status_s.c\n'}
[0.867185] (px4_msgs) StdoutLine: {'line': b'-- Up-to-date: /home/maizaied03/ros2_ws/install/px4_msgs/local/lib/python3.10/dist-packages/px4_msgs/msg/_launch_detection_status_s.c\n'}
[0.867237] (px4_msgs) StdoutLine: {'line': b'-- Up-to-date: /home/maizaied03/ros2_ws/install/px4_msgs/local/lib/python3.10/dist-packages/px4_msgs/msg/_log_message_s.c\n'}
[0.867290] (px4_msgs) StdoutLine: {'line': b'-- Up-to-date: /home/maizaied03/ros2_ws/install/px4_msgs/local/lib/python3.10/dist-packages/px4_msgs/msg/_radio_status.py\n'}
[0.867345] (px4_msgs) StdoutLine: {'line': b'-- Up-to-date: /home/maizaied03/ros2_ws/install/px4_msgs/local/lib/python3.10/dist-packages/px4_msgs/msg/_raptor_status_s.c\n'}
[0.867398] (px4_msgs) StdoutLine: {'line': b'-- Up-to-date: /home/maizaied03/ros2_ws/install/px4_msgs/local/lib/python3.10/dist-packages/px4_msgs/msg/_hover_thrust_estimate.py\n'}
[0.867458] (px4_msgs) StdoutLine: {'line': b'-- Up-to-date: /home/maizaied03/ros2_ws/install/px4_msgs/local/lib/python3.10/dist-packages/px4_msgs/msg/_geofence_status_s.c\n'}
[0.867528] (px4_msgs) StdoutLine: {'line': b'-- Up-to-date: /home/maizaied03/ros2_ws/install/px4_msgs/local/lib/python3.10/dist-packages/px4_msgs/msg/_rc_parameter_map.py\n'}
[0.867583] (px4_msgs) StdoutLine: {'line': b'-- Up-to-date: /home/maizaied03/ros2_ws/install/px4_msgs/local/lib/python3.10/dist-packages/px4_msgs/msg/_device_information.py\n'}
[0.867638] (px4_msgs) StdoutLine: {'line': b'-- Up-to-date: /home/maizaied03/ros2_ws/install/px4_msgs/local/lib/python3.10/dist-packages/px4_msgs/msg/_gimbal_manager_set_manual_control_s.c\n'}
[0.867691] (px4_msgs) StdoutLine: {'line': b'-- Up-to-date: /home/maizaied03/ros2_ws/install/px4_msgs/local/lib/python3.10/dist-packages/px4_msgs/msg/_parameter_reset_request_s.c\n'}
[0.867751] (px4_msgs) StdoutLine: {'line': b'-- Up-to-date: /home/maizaied03/ros2_ws/install/px4_msgs/local/lib/python3.10/dist-packages/px4_msgs/msg/_dataman_request_s.c\n'}
[0.867828] (px4_msgs) StdoutLine: {'line': b'-- Up-to-date: /home/maizaied03/ros2_ws/install/px4_msgs/local/lib/python3.10/dist-packages/px4_msgs/msg/_yaw_estimator_status.py\n'}
[0.867884] (px4_msgs) StdoutLine: {'line': b'-- Up-to-date: /home/maizaied03/ros2_ws/install/px4_msgs/local/lib/python3.10/dist-packages/px4_msgs/msg/_estimator_bias.py\n'}
[0.867939] (px4_msgs) StdoutLine: {'line': b'-- Up-to-date: /home/maizaied03/ros2_ws/install/px4_msgs/local/lib/python3.10/dist-packages/px4_msgs/msg/_ping.py\n'}
[0.867995] (px4_msgs) StdoutLine: {'line': b'-- Up-to-date: /home/maizaied03/ros2_ws/install/px4_msgs/local/lib/python3.10/dist-packages/px4_msgs/msg/_vehicle_angular_velocity.py\n'}
[0.868052] (px4_msgs) StdoutLine: {'line': b'-- Up-to-date: /home/maizaied03/ros2_ws/install/px4_msgs/local/lib/python3.10/dist-packages/px4_msgs/msg/_logger_status_s.c\n'}
[0.868107] (px4_msgs) StdoutLine: {'line': b'-- Up-to-date: /home/maizaied03/ros2_ws/install/px4_msgs/local/lib/python3.10/dist-packages/px4_msgs/msg/_vehicle_constraints_s.c\n'}
[0.868162] (px4_msgs) StdoutLine: {'line': b'-- Up-to-date: /home/maizaied03/ros2_ws/install/px4_msgs/local/lib/python3.10/dist-packages/px4_msgs/msg/_wind.py\n'}
[0.868216] (px4_msgs) StdoutLine: {'line': b'-- Up-to-date: /home/maizaied03/ros2_ws/install/px4_msgs/local/lib/python3.10/dist-packages/px4_msgs/msg/_sensor_preflight_mag.py\n'}
[0.868278] (px4_msgs) StdoutLine: {'line': b'-- Up-to-date: /home/maizaied03/ros2_ws/install/px4_msgs/local/lib/python3.10/dist-packages/px4_msgs/msg/_obstacle_distance.py\n'}
[0.868333] (px4_msgs) StdoutLine: {'line': b'-- Up-to-date: /home/maizaied03/ros2_ws/install/px4_msgs/local/lib/python3.10/dist-packages/px4_msgs/msg/_qshell_retval_s.c\n'}
[0.868390] (px4_msgs) StdoutLine: {'line': b'-- Up-to-date: /home/maizaied03/ros2_ws/install/px4_msgs/local/lib/python3.10/dist-packages/px4_msgs/msg/_mission.py\n'}
[0.868445] (px4_msgs) StdoutLine: {'line': b'-- Up-to-date: /home/maizaied03/ros2_ws/install/px4_msgs/local/lib/python3.10/dist-packages/px4_msgs/msg/_parameter_set_value_request_s.c\n'}
[0.868500] (px4_msgs) StdoutLine: {'line': b'-- Up-to-date: /home/maizaied03/ros2_ws/install/px4_msgs/local/lib/python3.10/dist-packages/px4_msgs/msg/_estimator_gps_status_s.c\n'}
[0.868565] (px4_msgs) StdoutLine: {'line': b'-- Up-to-date: /home/maizaied03/ros2_ws/install/px4_msgs/local/lib/python3.10/dist-packages/px4_msgs/msg/_dronecan_node_status_s.c\n'}
[0.868618] (px4_msgs) StdoutLine: {'line': b'-- Up-to-date: /home/maizaied03/ros2_ws/install/px4_msgs/local/lib/python3.10/dist-packages/px4_msgs/msg/_rover_steering_setpoint_s.c\n'}
[0.868671] (px4_msgs) StdoutLine: {'line': b'-- Up-to-date: /home/maizaied03/ros2_ws/install/px4_msgs/local/lib/python3.10/dist-packages/px4_msgs/msg/_ulog_stream_ack.py\n'}
[0.868725] (px4_msgs) StdoutLine: {'line': b'-- Up-to-date: /home/maizaied03/ros2_ws/install/px4_msgs/local/lib/python3.10/dist-packages/px4_msgs/msg/_camera_status_s.c\n'}
[0.868791] (px4_msgs) StdoutLine: {'line': b'-- Up-to-date: /home/maizaied03/ros2_ws/install/px4_msgs/local/lib/python3.10/dist-packages/px4_msgs/msg/_mavlink_tunnel.py\n'}
[0.868847] (px4_msgs) StdoutLine: {'line': b'-- Up-to-date: /home/maizaied03/ros2_ws/install/px4_msgs/local/lib/python3.10/dist-packages/px4_msgs/msg/_vehicle_imu_s.c\n'}
[0.868900] (px4_msgs) StdoutLine: {'line': b'-- Up-to-date: /home/maizaied03/ros2_ws/install/px4_msgs/local/lib/python3.10/dist-packages/px4_msgs/msg/_geofence_result_s.c\n'}
[0.868959] (px4_msgs) StdoutLine: {'line': b'-- Up-to-date: /home/maizaied03/ros2_ws/install/px4_msgs/local/lib/python3.10/dist-packages/px4_msgs/msg/_ping_s.c\n'}
[0.869014] (px4_msgs) StdoutLine: {'line': b'-- Up-to-date: /home/maizaied03/ros2_ws/install/px4_msgs/local/lib/python3.10/dist-packages/px4_msgs/msg/_sensors_status_imu.py\n'}
[0.869070] (px4_msgs) StdoutLine: {'line': b'-- Up-to-date: /home/maizaied03/ros2_ws/install/px4_msgs/local/lib/python3.10/dist-packages/px4_msgs/msg/_rover_attitude_setpoint.py\n'}
[0.869125] (px4_msgs) StdoutLine: {'line': b'-- Up-to-date: /home/maizaied03/ros2_ws/install/px4_msgs/local/lib/python3.10/dist-packages/px4_msgs/msg/_fixed_wing_lateral_setpoint.py\n'}
[0.869183] (px4_msgs) StdoutLine: {'line': b'-- Up-to-date: /home/maizaied03/ros2_ws/install/px4_msgs/local/lib/python3.10/dist-packages/px4_msgs/msg/_esc_report_s.c\n'}
[0.869237] (px4_msgs) StdoutLine: {'line': b'-- Up-to-date: /home/maizaied03/ros2_ws/install/px4_msgs/local/lib/python3.10/dist-packages/px4_msgs/msg/_manual_control_switches_s.c\n'}
[0.869296] (px4_msgs) StdoutLine: {'line': b'-- Up-to-date: /home/maizaied03/ros2_ws/install/px4_msgs/local/lib/python3.10/dist-packages/px4_msgs/msg/_esc_report.py\n'}
[0.869360] (px4_msgs) StdoutLine: {'line': b'-- Up-to-date: /home/maizaied03/ros2_ws/install/px4_msgs/local/lib/python3.10/dist-packages/px4_msgs/msg/_vehicle_angular_velocity_s.c\n'}
[0.869413] (px4_msgs) StdoutLine: {'line': b'-- Up-to-date: /home/maizaied03/ros2_ws/install/px4_msgs/local/lib/python3.10/dist-packages/px4_msgs/msg/_power_button_state.py\n'}
[0.869468] (px4_msgs) StdoutLine: {'line': b'-- Up-to-date: /home/maizaied03/ros2_ws/install/px4_msgs/local/lib/python3.10/dist-packages/px4_msgs/msg/_vehicle_imu_status.py\n'}
[0.869526] (px4_msgs) StdoutLine: {'line': b'-- Up-to-date: /home/maizaied03/ros2_ws/install/px4_msgs/local/lib/python3.10/dist-packages/px4_msgs/msg/_navigator_mission_item.py\n'}
[0.869595] (px4_msgs) StdoutLine: {'line': b'-- Up-to-date: /home/maizaied03/ros2_ws/install/px4_msgs/local/lib/python3.10/dist-packages/px4_msgs/msg/_gimbal_controls_s.c\n'}
[0.869658] (px4_msgs) StdoutLine: {'line': b'-- Up-to-date: /home/maizaied03/ros2_ws/install/px4_msgs/local/lib/python3.10/dist-packages/px4_msgs/msg/_gimbal_manager_information.py\n'}
[0.869712] (px4_msgs) StdoutLine: {'line': b'-- Up-to-date: /home/maizaied03/ros2_ws/install/px4_msgs/local/lib/python3.10/dist-packages/px4_msgs/msg/_flight_phase_estimation_s.c\n'}
[0.869768] (px4_msgs) StdoutLine: {'line': b'-- Up-to-date: /home/maizaied03/ros2_ws/install/px4_msgs/local/lib/python3.10/dist-packages/px4_msgs/msg/_action_request_s.c\n'}
[0.869835] (px4_msgs) StdoutLine: {'line': b'-- Up-to-date: /home/maizaied03/ros2_ws/install/px4_msgs/local/lib/python3.10/dist-packages/px4_msgs/msg/_generator_status.py\n'}
[0.869890] (px4_msgs) StdoutLine: {'line': b'-- Up-to-date: /home/maizaied03/ros2_ws/install/px4_msgs/local/lib/python3.10/dist-packages/px4_msgs/msg/_vehicle_constraints.py\n'}
[0.869944] (px4_msgs) StdoutLine: {'line': b'-- Up-to-date: /home/maizaied03/ros2_ws/install/px4_msgs/local/lib/python3.10/dist-packages/px4_msgs/msg/_landing_gear_s.c\n'}
[0.870001] (px4_msgs) StdoutLine: {'line': b'-- Up-to-date: /home/maizaied03/ros2_ws/install/px4_msgs/local/lib/python3.10/dist-packages/px4_msgs/msg/_parameter_set_value_request.py\n'}
[0.870064] (px4_msgs) StdoutLine: {'line': b'-- Up-to-date: /home/maizaied03/ros2_ws/install/px4_msgs/local/lib/python3.10/dist-packages/px4_msgs/msg/_vehicle_acceleration.py\n'}
[0.870121] (px4_msgs) StdoutLine: {'line': b'-- Up-to-date: /home/maizaied03/ros2_ws/install/px4_msgs/local/lib/python3.10/dist-packages/px4_msgs/msg/_position_setpoint_triplet.py\n'}
[0.870176] (px4_msgs) StdoutLine: {'line': b'-- Up-to-date: /home/maizaied03/ros2_ws/install/px4_msgs/local/lib/python3.10/dist-packages/px4_msgs/msg/_gimbal_manager_status.py\n'}
[0.870230] (px4_msgs) StdoutLine: {'line': b'-- Up-to-date: /home/maizaied03/ros2_ws/install/px4_msgs/local/lib/python3.10/dist-packages/px4_msgs/msg/_gpio_in.py\n'}
[0.870283] (px4_msgs) StdoutLine: {'line': b'-- Up-to-date: /home/maizaied03/ros2_ws/install/px4_msgs/local/lib/python3.10/dist-packages/px4_msgs/msg/_estimator_aid_source3d_s.c\n'}
[0.870337] (px4_msgs) StdoutLine: {'line': b'-- Up-to-date: /home/maizaied03/ros2_ws/install/px4_msgs/local/lib/python3.10/dist-packages/px4_msgs/msg/_dataman_response.py\n'}
[0.870403] (px4_msgs) StdoutLine: {'line': b'-- Up-to-date: /home/maizaied03/ros2_ws/install/px4_msgs/local/lib/python3.10/dist-packages/px4_msgs/msg/_event_s.c\n'}
[0.870455] (px4_msgs) StdoutLine: {'line': b'-- Up-to-date: /home/maizaied03/ros2_ws/install/px4_msgs/local/lib/python3.10/dist-packages/px4_msgs/msg/_health_report.py\n'}
[0.870508] (px4_msgs) StdoutLine: {'line': b'-- Up-to-date: /home/maizaied03/ros2_ws/install/px4_msgs/local/lib/python3.10/dist-packages/px4_msgs/msg/_yaw_estimator_status_s.c\n'}
[0.870563] (px4_msgs) StdoutLine: {'line': b'-- Up-to-date: /home/maizaied03/ros2_ws/install/px4_msgs/local/lib/python3.10/dist-packages/px4_msgs/msg/_button_event_s.c\n'}
[0.870619] (px4_msgs) StdoutLine: {'line': b'-- Up-to-date: /home/maizaied03/ros2_ws/install/px4_msgs/local/lib/python3.10/dist-packages/px4_msgs/msg/_wheel_encoders_s.c\n'}
[0.870673] (px4_msgs) StdoutLine: {'line': b'-- Up-to-date: /home/maizaied03/ros2_ws/install/px4_msgs/local/lib/python3.10/dist-packages/px4_msgs/msg/_actuator_controls_status_s.c\n'}
[0.870729] (px4_msgs) StdoutLine: {'line': b'-- Up-to-date: /home/maizaied03/ros2_ws/install/px4_msgs/local/lib/python3.10/dist-packages/px4_msgs/msg/_register_ext_component_reply.py\n'}
[0.870804] (px4_msgs) StdoutLine: {'line': b'-- Up-to-date: /home/maizaied03/ros2_ws/install/px4_msgs/local/lib/python3.10/dist-packages/px4_msgs/msg/_vehicle_attitude_setpoint_s.c\n'}
[0.870859] (px4_msgs) StdoutLine: {'line': b'-- Up-to-date: /home/maizaied03/ros2_ws/install/px4_msgs/local/lib/python3.10/dist-packages/px4_msgs/msg/_gpio_request_s.c\n'}
[0.870912] (px4_msgs) StdoutLine: {'line': b'-- Up-to-date: /home/maizaied03/ros2_ws/install/px4_msgs/local/lib/python3.10/dist-packages/px4_msgs/msg/_px4io_status_s.c\n'}
[0.870972] (px4_msgs) StdoutLine: {'line': b'-- Up-to-date: /home/maizaied03/ros2_ws/install/px4_msgs/local/lib/python3.10/dist-packages/px4_msgs/msg/_pwm_input.py\n'}
[0.871026] (px4_msgs) StdoutLine: {'line': b'-- Up-to-date: /home/maizaied03/ros2_ws/install/px4_msgs/local/lib/python3.10/dist-packages/px4_msgs/msg/_tiltrotor_extra_controls_s.c\n'}
[0.871079] (px4_msgs) StdoutLine: {'line': b'-- Up-to-date: /home/maizaied03/ros2_ws/install/px4_msgs/local/lib/python3.10/dist-packages/px4_msgs/msg/_rtl_status_s.c\n'}
[0.871134] (px4_msgs) StdoutLine: {'line': b'-- Up-to-date: /home/maizaied03/ros2_ws/install/px4_msgs/local/lib/python3.10/dist-packages/px4_msgs/msg/_qshell_req_s.c\n'}
[0.871187] (px4_msgs) StdoutLine: {'line': b'-- Up-to-date: /home/maizaied03/ros2_ws/install/px4_msgs/local/lib/python3.10/dist-packages/px4_msgs/msg/_vehicle_rates_setpoint.py\n'}
[0.871240] (px4_msgs) StdoutLine: {'line': b'-- Up-to-date: /home/maizaied03/ros2_ws/install/px4_msgs/local/lib/python3.10/dist-packages/px4_msgs/msg/_camera_trigger.py\n'}
[0.871307] (px4_msgs) StdoutLine: {'line': b'-- Up-to-date: /home/maizaied03/ros2_ws/install/px4_msgs/local/lib/python3.10/dist-packages/px4_msgs/msg/_unregister_ext_component_s.c\n'}
[0.871360] (px4_msgs) StdoutLine: {'line': b'-- Up-to-date: /home/maizaied03/ros2_ws/install/px4_msgs/local/lib/python3.10/dist-packages/px4_msgs/msg/_autotune_attitude_control_status.py\n'}
[0.871420] (px4_msgs) StdoutLine: {'line': b'-- Up-to-date: /home/maizaied03/ros2_ws/install/px4_msgs/local/lib/python3.10/dist-packages/px4_msgs/msg/_open_drone_id_system_s.c\n'}
[0.871477] (px4_msgs) StdoutLine: {'line': b'-- Up-to-date: /home/maizaied03/ros2_ws/install/px4_msgs/local/lib/python3.10/dist-packages/px4_msgs/msg/_iridiumsbd_status_s.c\n'}
[0.871532] (px4_msgs) StdoutLine: {'line': b'-- Up-to-date: /home/maizaied03/ros2_ws/install/px4_msgs/local/lib/python3.10/dist-packages/px4_msgs/msg/_actuator_outputs_s.c\n'}
[0.871588] (px4_msgs) StdoutLine: {'line': b'-- Up-to-date: /home/maizaied03/ros2_ws/install/px4_msgs/local/lib/python3.10/dist-packages/px4_msgs/msg/_rover_position_setpoint.py\n'}
[0.871644] (px4_msgs) StdoutLine: {'line': b'-- Up-to-date: /home/maizaied03/ros2_ws/install/px4_msgs/local/lib/python3.10/dist-packages/px4_msgs/msg/_lateral_control_configuration.py\n'}
[0.871716] (px4_msgs) StdoutLine: {'line': b'-- Up-to-date: /home/maizaied03/ros2_ws/install/px4_msgs/local/lib/python3.10/dist-packages/px4_msgs/msg/_vehicle_torque_setpoint_s.c\n'}
[0.871773] (px4_msgs) StdoutLine: {'line': b'-- Up-to-date: /home/maizaied03/ros2_ws/install/px4_msgs/local/lib/python3.10/dist-packages/px4_msgs/msg/_message_format_request.py\n'}
[0.871829] (px4_msgs) StdoutLine: {'line': b'-- Up-to-date: /home/maizaied03/ros2_ws/install/px4_msgs/local/lib/python3.10/dist-packages/px4_msgs/msg/_collision_constraints_s.c\n'}
[0.871881] (px4_msgs) StdoutLine: {'line': b'-- Up-to-date: /home/maizaied03/ros2_ws/install/px4_msgs/local/lib/python3.10/dist-packages/px4_msgs/msg/_takeoff_status_s.c\n'}
[0.871937] (px4_msgs) StdoutLine: {'line': b'-- Up-to-date: /home/maizaied03/ros2_ws/install/px4_msgs/local/lib/python3.10/dist-packages/px4_msgs/msg/_distance_sensor_s.c\n'}
[0.871993] (px4_msgs) StdoutLine: {'line': b'-- Up-to-date: /home/maizaied03/ros2_ws/install/px4_msgs/local/lib/python3.10/dist-packages/px4_msgs/msg/_gripper_s.c\n'}
[0.872048] (px4_msgs) StdoutLine: {'line': b'-- Up-to-date: /home/maizaied03/ros2_ws/install/px4_msgs/local/lib/python3.10/dist-packages/px4_msgs/msg/_heater_status_s.c\n'}
[0.872104] (px4_msgs) StdoutLine: {'line': b'-- Up-to-date: /home/maizaied03/ros2_ws/install/px4_msgs/local/lib/python3.10/dist-packages/px4_msgs/msg/_estimator_states_s.c\n'}
[0.872159] (px4_msgs) StdoutLine: {'line': b'-- Up-to-date: /home/maizaied03/ros2_ws/install/px4_msgs/local/lib/python3.10/dist-packages/px4_msgs/msg/_vehicle_local_position_setpoint_s.c\n'}
[0.872215] (px4_msgs) StdoutLine: {'line': b'-- Up-to-date: /home/maizaied03/ros2_ws/install/px4_msgs/local/lib/python3.10/dist-packages/px4_msgs/msg/_vehicle_torque_setpoint.py\n'}
[0.872270] (px4_msgs) StdoutLine: {'line': b'-- Up-to-date: /home/maizaied03/ros2_ws/install/px4_msgs/local/lib/python3.10/dist-packages/px4_msgs/msg/_raptor_input.py\n'}
[0.872325] (px4_msgs) StdoutLine: {'line': b'-- Up-to-date: /home/maizaied03/ros2_ws/install/px4_msgs/local/lib/python3.10/dist-packages/px4_msgs/msg/_sensor_preflight_mag_s.c\n'}
[0.872384] (px4_msgs) StdoutLine: {'line': b'-- Up-to-date: /home/maizaied03/ros2_ws/install/px4_msgs/local/lib/python3.10/dist-packages/px4_msgs/msg/_actuator_motors.py\n'}
[0.872441] (px4_msgs) StdoutLine: {'line': b'-- Up-to-date: /home/maizaied03/ros2_ws/install/px4_msgs/local/lib/python3.10/dist-packages/px4_msgs/msg/_estimator_status_flags_s.c\n'}
[0.872496] (px4_msgs) StdoutLine: {'line': b'-- Up-to-date: /home/maizaied03/ros2_ws/install/px4_msgs/local/lib/python3.10/dist-packages/px4_msgs/msg/_mag_worker_data_s.c\n'}
[0.872551] (px4_msgs) StdoutLine: {'line': b'-- Up-to-date: /home/maizaied03/ros2_ws/install/px4_msgs/local/lib/python3.10/dist-packages/px4_msgs/msg/_register_ext_component_request_s.c\n'}
[0.872622] (px4_msgs) StdoutLine: {'line': b'-- Up-to-date: /home/maizaied03/ros2_ws/install/px4_msgs/local/lib/python3.10/dist-packages/px4_msgs/msg/_rover_attitude_setpoint_s.c\n'}
[0.872675] (px4_msgs) StdoutLine: {'line': b'-- Up-to-date: /home/maizaied03/ros2_ws/install/px4_msgs/local/lib/python3.10/dist-packages/px4_msgs/msg/_config_overrides.py\n'}
[0.872728] (px4_msgs) StdoutLine: {'line': b'-- Up-to-date: /home/maizaied03/ros2_ws/install/px4_msgs/local/lib/python3.10/dist-packages/px4_msgs/msg/_fixed_wing_longitudinal_setpoint_s.c\n'}
[0.872790] (px4_msgs) StdoutLine: {'line': b'-- Up-to-date: /home/maizaied03/ros2_ws/install/px4_msgs/local/lib/python3.10/dist-packages/px4_msgs/msg/_uavcan_parameter_request.py\n'}
[0.872855] (px4_msgs) StdoutLine: {'line': b'-- Up-to-date: /home/maizaied03/ros2_ws/install/px4_msgs/local/lib/python3.10/dist-packages/px4_msgs/msg/_orb_test_large_s.c\n'}
[0.872908] (px4_msgs) StdoutLine: {'line': b'-- Up-to-date: /home/maizaied03/ros2_ws/install/px4_msgs/local/lib/python3.10/dist-packages/px4_msgs/msg/_power_monitor.py\n'}
[0.872961] (px4_msgs) StdoutLine: {'line': b'-- Up-to-date: /home/maizaied03/ros2_ws/install/px4_msgs/local/lib/python3.10/dist-packages/px4_msgs/msg/_orbit_status.py\n'}
[0.873016] (px4_msgs) StdoutLine: {'line': b'-- Up-to-date: /home/maizaied03/ros2_ws/install/px4_msgs/local/lib/python3.10/dist-packages/px4_msgs/msg/_estimator_bias_s.c\n'}
[0.873069] (px4_msgs) StdoutLine: {'line': b'-- Up-to-date: /home/maizaied03/ros2_ws/install/px4_msgs/local/lib/python3.10/dist-packages/px4_msgs/msg/_airspeed_validated.py\n'}
[0.873123] (px4_msgs) StdoutLine: {'line': b'-- Up-to-date: /home/maizaied03/ros2_ws/install/px4_msgs/local/lib/python3.10/dist-packages/px4_msgs/msg/_vtx_s.c\n'}
[0.873180] (px4_msgs) StdoutLine: {'line': b'-- Up-to-date: /home/maizaied03/ros2_ws/install/px4_msgs/local/lib/python3.10/dist-packages/px4_msgs/msg/_vehicle_optical_flow_vel.py\n'}
[0.873246] (px4_msgs) StdoutLine: {'line': b'-- Up-to-date: /home/maizaied03/ros2_ws/install/px4_msgs/local/lib/python3.10/dist-packages/px4_msgs/msg/_led_control.py\n'}
[0.873299] (px4_msgs) StdoutLine: {'line': b'-- Up-to-date: /home/maizaied03/ros2_ws/install/px4_msgs/local/lib/python3.10/dist-packages/px4_msgs/msg/_vehicle_command.py\n'}
[0.873366] (px4_msgs) StdoutLine: {'line': b'-- Up-to-date: /home/maizaied03/ros2_ws/install/px4_msgs/local/lib/python3.10/dist-packages/px4_msgs/msg/_sensor_gyro_fft_s.c\n'}
[0.873419] (px4_msgs) StdoutLine: {'line': b'-- Up-to-date: /home/maizaied03/ros2_ws/install/px4_msgs/local/lib/python3.10/dist-packages/px4_msgs/msg/_qshell_req.py\n'}
[0.873472] (px4_msgs) StdoutLine: {'line': b'-- Up-to-date: /home/maizaied03/ros2_ws/install/px4_msgs/local/lib/python3.10/dist-packages/px4_msgs/msg/_vtol_vehicle_status.py\n'}
[0.873527] (px4_msgs) StdoutLine: {'line': b'-- Up-to-date: /home/maizaied03/ros2_ws/install/px4_msgs/local/lib/python3.10/dist-packages/px4_msgs/msg/_vehicle_thrust_setpoint_s.c\n'}
[0.873585] (px4_msgs) StdoutLine: {'line': b'-- Up-to-date: /home/maizaied03/ros2_ws/install/px4_msgs/local/lib/python3.10/dist-packages/px4_msgs/msg/_ulog_stream.py\n'}
[0.873640] (px4_msgs) StdoutLine: {'line': b'-- Up-to-date: /home/maizaied03/ros2_ws/install/px4_msgs/local/lib/python3.10/dist-packages/px4_msgs/msg/_estimator_gps_status.py\n'}
[0.873694] (px4_msgs) StdoutLine: {'line': b'-- Up-to-date: /home/maizaied03/ros2_ws/install/px4_msgs/local/lib/python3.10/dist-packages/px4_msgs/msg/_adc_report_s.c\n'}
[0.873749] (px4_msgs) StdoutLine: {'line': b'-- Up-to-date: /home/maizaied03/ros2_ws/install/px4_msgs/local/lib/python3.10/dist-packages/px4_msgs/msg/_qshell_retval.py\n'}
[0.873819] (px4_msgs) StdoutLine: {'line': b'-- Up-to-date: /home/maizaied03/ros2_ws/install/px4_msgs/local/lib/python3.10/dist-packages/px4_msgs/msg/_sensor_temp.py\n'}
[0.873872] (px4_msgs) StdoutLine: {'line': b'-- Up-to-date: /home/maizaied03/ros2_ws/install/px4_msgs/local/lib/python3.10/dist-packages/px4_msgs/msg/_gimbal_controls.py\n'}
[0.873926] (px4_msgs) StdoutLine: {'line': b'-- Up-to-date: /home/maizaied03/ros2_ws/install/px4_msgs/local/lib/python3.10/dist-packages/px4_msgs/msg/_sensor_accel_s.c\n'}
[0.873983] (px4_msgs) StdoutLine: {'line': b'-- Up-to-date: /home/maizaied03/ros2_ws/install/px4_msgs/local/lib/python3.10/dist-packages/px4_msgs/msg/_pure_pursuit_status_s.c\n'}
[0.874035] (px4_msgs) StdoutLine: {'line': b'-- Up-to-date: /home/maizaied03/ros2_ws/install/px4_msgs/local/lib/python3.10/dist-packages/px4_msgs/msg/_mavlink_log.py\n'}
[0.874098] (px4_msgs) StdoutLine: {'line': b'-- Up-to-date: /home/maizaied03/ros2_ws/install/px4_msgs/local/lib/python3.10/dist-packages/px4_msgs/msg/_system_power.py\n'}
[0.874150] (px4_msgs) StdoutLine: {'line': b'-- Up-to-date: /home/maizaied03/ros2_ws/install/px4_msgs/local/lib/python3.10/dist-packages/px4_msgs/msg/_rtl_time_estimate.py\n'}
[0.874204] (px4_msgs) StdoutLine: {'line': b'-- Up-to-date: /home/maizaied03/ros2_ws/install/px4_msgs/local/lib/python3.10/dist-packages/px4_msgs/msg/_rover_steering_setpoint.py\n'}
[0.874258] (px4_msgs) StdoutLine: {'line': b'-- Up-to-date: /home/maizaied03/ros2_ws/install/px4_msgs/local/lib/python3.10/dist-packages/px4_msgs/msg/_satellite_info_s.c\n'}
[0.874310] (px4_msgs) StdoutLine: {'line': b'-- Up-to-date: /home/maizaied03/ros2_ws/install/px4_msgs/local/lib/python3.10/dist-packages/px4_msgs/msg/_button_event.py\n'}
[0.874363] (px4_msgs) StdoutLine: {'line': b'-- Up-to-date: /home/maizaied03/ros2_ws/install/px4_msgs/local/lib/python3.10/dist-packages/px4_msgs/msg/_vtol_vehicle_status_s.c\n'}
[0.874432] (px4_msgs) StdoutLine: {'line': b'-- Up-to-date: /home/maizaied03/ros2_ws/install/px4_msgs/local/lib/python3.10/dist-packages/px4_msgs/msg/_sensor_gyro_s.c\n'}
[0.874487] (px4_msgs) StdoutLine: {'line': b'-- Up-to-date: /home/maizaied03/ros2_ws/install/px4_msgs/local/lib/python3.10/dist-packages/px4_msgs/msg/_actuator_test.py\n'}
[0.874542] (px4_msgs) StdoutLine: {'line': b'-- Up-to-date: /home/maizaied03/ros2_ws/install/px4_msgs/local/lib/python3.10/dist-packages/px4_msgs/msg/_dataman_response_s.c\n'}
[0.874600] (px4_msgs) StdoutLine: {'line': b'-- Up-to-date: /home/maizaied03/ros2_ws/install/px4_msgs/local/lib/python3.10/dist-packages/px4_msgs/msg/_uavcan_parameter_request_s.c\n'}
[0.874662] (px4_msgs) StdoutLine: {'line': b'-- Up-to-date: /home/maizaied03/ros2_ws/install/px4_msgs/local/lib/python3.10/dist-packages/px4_msgs/msg/_parameter_set_used_request_s.c\n'}
[0.874715] (px4_msgs) StdoutLine: {'line': b'-- Up-to-date: /home/maizaied03/ros2_ws/install/px4_msgs/local/lib/python3.10/dist-packages/px4_msgs/msg/_lateral_control_configuration_s.c\n'}
[0.874771] (px4_msgs) StdoutLine: {'line': b'-- Up-to-date: /home/maizaied03/ros2_ws/install/px4_msgs/local/lib/python3.10/dist-packages/px4_msgs/msg/_irlock_report.py\n'}
[0.874836] (px4_msgs) StdoutLine: {'line': b'-- Up-to-date: /home/maizaied03/ros2_ws/install/px4_msgs/local/lib/python3.10/dist-packages/px4_msgs/msg/_rc_channels.py\n'}
[0.874889] (px4_msgs) StdoutLine: {'line': b'-- Up-to-date: /home/maizaied03/ros2_ws/install/px4_msgs/local/lib/python3.10/dist-packages/px4_msgs/msg/_airspeed_wind_s.c\n'}
[0.874943] (px4_msgs) StdoutLine: {'line': b'-- Up-to-date: /home/maizaied03/ros2_ws/install/px4_msgs/local/lib/python3.10/dist-packages/px4_msgs/msg/_ekf2_timestamps_s.c\n'}
[0.874997] (px4_msgs) StdoutLine: {'line': b'-- Up-to-date: /home/maizaied03/ros2_ws/install/px4_msgs/local/lib/python3.10/dist-packages/px4_msgs/msg/_follow_target_estimator_s.c\n'}
[0.875057] (px4_msgs) StdoutLine: {'line': b'-- Up-to-date: /home/maizaied03/ros2_ws/install/px4_msgs/local/lib/python3.10/dist-packages/px4_msgs/msg/_orb_test.py\n'}
[0.875130] (px4_msgs) StdoutLine: {'line': b'-- Up-to-date: /home/maizaied03/ros2_ws/install/px4_msgs/local/lib/python3.10/dist-packages/px4_msgs/msg/_debug_array_s.c\n'}
[0.875183] (px4_msgs) StdoutLine: {'line': b'-- Up-to-date: /home/maizaied03/ros2_ws/install/px4_msgs/local/lib/python3.10/dist-packages/px4_msgs/msg/_irlock_report_s.c\n'}
[0.875236] (px4_msgs) StdoutLine: {'line': b'-- Up-to-date: /home/maizaied03/ros2_ws/install/px4_msgs/local/lib/python3.10/dist-packages/px4_msgs/msg/_rover_speed_setpoint_s.c\n'}
[0.875299] (px4_msgs) StdoutLine: {'line': b'-- Up-to-date: /home/maizaied03/ros2_ws/install/px4_msgs/local/lib/python3.10/dist-packages/px4_msgs/msg/_debug_vect.py\n'}
[0.875353] (px4_msgs) StdoutLine: {'line': b'-- Up-to-date: /home/maizaied03/ros2_ws/install/px4_msgs/local/lib/python3.10/dist-packages/px4_msgs/msg/_message_format_response_s.c\n'}
[0.875409] (px4_msgs) StdoutLine: {'line': b'-- Up-to-date: /home/maizaied03/ros2_ws/install/px4_msgs/local/lib/python3.10/dist-packages/px4_msgs/msg/_geofence_result.py\n'}
[0.875462] (px4_msgs) StdoutLine: {'line': b'-- Up-to-date: /home/maizaied03/ros2_ws/install/px4_msgs/local/lib/python3.10/dist-packages/px4_msgs/msg/_landing_target_innovations_s.c\n'}
[0.875520] (px4_msgs) StdoutLine: {'line': b'-- Up-to-date: /home/maizaied03/ros2_ws/install/px4_msgs/local/lib/python3.10/dist-packages/px4_msgs/msg/_gripper.py\n'}
[0.875578] (px4_msgs) StdoutLine: {'line': b'-- Up-to-date: /home/maizaied03/ros2_ws/install/px4_msgs/local/lib/python3.10/dist-packages/px4_msgs/msg/_vehicle_rates_setpoint_s.c\n'}
[0.875634] (px4_msgs) StdoutLine: {'line': b'-- Up-to-date: /home/maizaied03/ros2_ws/install/px4_msgs/local/lib/python3.10/dist-packages/px4_msgs/msg/_timesync_status_s.c\n'}
[0.875689] (px4_msgs) StdoutLine: {'line': b'-- Up-to-date: /home/maizaied03/ros2_ws/install/px4_msgs/local/lib/python3.10/dist-packages/px4_msgs/_px4_msgs_s.ep.rosidl_typesupport_fastrtps_c.c\n'}
[0.875745] (px4_msgs) StdoutLine: {'line': b'-- Up-to-date: /home/maizaied03/ros2_ws/install/px4_msgs/local/lib/python3.10/dist-packages/px4_msgs/srv\n'}
[0.875820] (px4_msgs) StdoutLine: {'line': b'-- Up-to-date: /home/maizaied03/ros2_ws/install/px4_msgs/local/lib/python3.10/dist-packages/px4_msgs/srv/_vehicle_command_s.c\n'}
[0.875875] (px4_msgs) StdoutLine: {'line': b'-- Up-to-date: /home/maizaied03/ros2_ws/install/px4_msgs/local/lib/python3.10/dist-packages/px4_msgs/srv/__init__.py\n'}
[0.875930] (px4_msgs) StdoutLine: {'line': b'-- Up-to-date: /home/maizaied03/ros2_ws/install/px4_msgs/local/lib/python3.10/dist-packages/px4_msgs/srv/_vehicle_command.py\n'}
[0.875983] (px4_msgs) StdoutLine: {'line': b"Listing '/home/maizaied03/ros2_ws/install/px4_msgs/local/lib/python3.10/dist-packages/px4_msgs'...\n"}
[0.876038] (px4_msgs) StdoutLine: {'line': b"Listing '/home/maizaied03/ros2_ws/install/px4_msgs/local/lib/python3.10/dist-packages/px4_msgs/msg'...\n"}
[0.876096] (px4_msgs) StdoutLine: {'line': b"Listing '/home/maizaied03/ros2_ws/install/px4_msgs/local/lib/python3.10/dist-packages/px4_msgs/srv'...\n"}
[0.876151] (px4_msgs) StdoutLine: {'line': b'-- Up-to-date: /home/maizaied03/ros2_ws/install/px4_msgs/local/lib/python3.10/dist-packages/px4_msgs/px4_msgs_s__rosidl_typesupport_fastrtps_c.cpython-310-x86_64-linux-gnu.so\n'}
[0.876208] (px4_msgs) StdoutLine: {'line': b'-- Up-to-date: /home/maizaied03/ros2_ws/install/px4_msgs/local/lib/python3.10/dist-packages/px4_msgs/px4_msgs_s__rosidl_typesupport_introspection_c.cpython-310-x86_64-linux-gnu.so\n'}
[0.876266] (px4_msgs) StdoutLine: {'line': b'-- Up-to-date: /home/maizaied03/ros2_ws/install/px4_msgs/local/lib/python3.10/dist-packages/px4_msgs/px4_msgs_s__rosidl_typesupport_c.cpython-310-x86_64-linux-gnu.so\n'}
[0.876322] (px4_msgs) StdoutLine: {'line': b'-- Up-to-date: /home/maizaied03/ros2_ws/install/px4_msgs/lib/libpx4_msgs__rosidl_generator_py.so\n'}
[0.876378] (px4_msgs) StdoutLine: {'line': b'-- Up-to-date: /home/maizaied03/ros2_ws/install/px4_msgs/share/px4_msgs/msg/ActionRequest.idl\n'}
[0.876435] (px4_msgs) StdoutLine: {'line': b'-- Up-to-date: /home/maizaied03/ros2_ws/install/px4_msgs/share/px4_msgs/msg/ActuatorArmed.idl\n'}
[0.876492] (px4_msgs) StdoutLine: {'line': b'-- Up-to-date: /home/maizaied03/ros2_ws/install/px4_msgs/share/px4_msgs/msg/ActuatorControlsStatus.idl\n'}
[0.876548] (px4_msgs) StdoutLine: {'line': b'-- Up-to-date: /home/maizaied03/ros2_ws/install/px4_msgs/share/px4_msgs/msg/ActuatorMotors.idl\n'}
[0.876604] (px4_msgs) StdoutLine: {'line': b'-- Up-to-date: /home/maizaied03/ros2_ws/install/px4_msgs/share/px4_msgs/msg/ActuatorOutputs.idl\n'}
[0.876659] (px4_msgs) StdoutLine: {'line': b'-- Up-to-date: /home/maizaied03/ros2_ws/install/px4_msgs/share/px4_msgs/msg/ActuatorServos.idl\n'}
[0.876728] (px4_msgs) StdoutLine: {'line': b'-- Up-to-date: /home/maizaied03/ros2_ws/install/px4_msgs/share/px4_msgs/msg/ActuatorServosTrim.idl\n'}
[0.876789] (px4_msgs) StdoutLine: {'line': b'-- Up-to-date: /home/maizaied03/ros2_ws/install/px4_msgs/share/px4_msgs/msg/ActuatorTest.idl\n'}
[0.876848] (px4_msgs) StdoutLine: {'line': b'-- Up-to-date: /home/maizaied03/ros2_ws/install/px4_msgs/share/px4_msgs/msg/AdcReport.idl\n'}
[0.876902] (px4_msgs) StdoutLine: {'line': b'-- Up-to-date: /home/maizaied03/ros2_ws/install/px4_msgs/share/px4_msgs/msg/Airspeed.idl\n'}
[0.876970] (px4_msgs) StdoutLine: {'line': b'-- Up-to-date: /home/maizaied03/ros2_ws/install/px4_msgs/share/px4_msgs/msg/AirspeedValidated.idl\n'}
[0.877023] (px4_msgs) StdoutLine: {'line': b'-- Up-to-date: /home/maizaied03/ros2_ws/install/px4_msgs/share/px4_msgs/msg/AirspeedWind.idl\n'}
[0.877083] (px4_msgs) StdoutLine: {'line': b'-- Up-to-date: /home/maizaied03/ros2_ws/install/px4_msgs/share/px4_msgs/msg/ArmingCheckReply.idl\n'}
[0.877136] (px4_msgs) StdoutLine: {'line': b'-- Up-to-date: /home/maizaied03/ros2_ws/install/px4_msgs/share/px4_msgs/msg/ArmingCheckRequest.idl\n'}
[0.877204] (px4_msgs) StdoutLine: {'line': b'-- Up-to-date: /home/maizaied03/ros2_ws/install/px4_msgs/share/px4_msgs/msg/AutotuneAttitudeControlStatus.idl\n'}
[0.877256] (px4_msgs) StdoutLine: {'line': b'-- Up-to-date: /home/maizaied03/ros2_ws/install/px4_msgs/share/px4_msgs/msg/BatteryInfo.idl\n'}
[0.877310] (px4_msgs) StdoutLine: {'line': b'-- Up-to-date: /home/maizaied03/ros2_ws/install/px4_msgs/share/px4_msgs/msg/BatteryStatus.idl\n'}
[0.877365] (px4_msgs) StdoutLine: {'line': b'-- Up-to-date: /home/maizaied03/ros2_ws/install/px4_msgs/share/px4_msgs/msg/ButtonEvent.idl\n'}
[0.877420] (px4_msgs) StdoutLine: {'line': b'-- Up-to-date: /home/maizaied03/ros2_ws/install/px4_msgs/share/px4_msgs/msg/CameraCapture.idl\n'}
[0.877475] (px4_msgs) StdoutLine: {'line': b'-- Up-to-date: /home/maizaied03/ros2_ws/install/px4_msgs/share/px4_msgs/msg/CameraStatus.idl\n'}
[0.877531] (px4_msgs) StdoutLine: {'line': b'-- Up-to-date: /home/maizaied03/ros2_ws/install/px4_msgs/share/px4_msgs/msg/CameraTrigger.idl\n'}
[0.877585] (px4_msgs) StdoutLine: {'line': b'-- Up-to-date: /home/maizaied03/ros2_ws/install/px4_msgs/share/px4_msgs/msg/CanInterfaceStatus.idl\n'}
[0.877639] (px4_msgs) StdoutLine: {'line': b'-- Up-to-date: /home/maizaied03/ros2_ws/install/px4_msgs/share/px4_msgs/msg/CellularStatus.idl\n'}
[0.877694] (px4_msgs) StdoutLine: {'line': b'-- Up-to-date: /home/maizaied03/ros2_ws/install/px4_msgs/share/px4_msgs/msg/CollisionConstraints.idl\n'}
[0.877750] (px4_msgs) StdoutLine: {'line': b'-- Up-to-date: /home/maizaied03/ros2_ws/install/px4_msgs/share/px4_msgs/msg/ConfigOverrides.idl\n'}
[0.877834] (px4_msgs) StdoutLine: {'line': b'-- Up-to-date: /home/maizaied03/ros2_ws/install/px4_msgs/share/px4_msgs/msg/ControlAllocatorStatus.idl\n'}
[0.877898] (px4_msgs) StdoutLine: {'line': b'-- Up-to-date: /home/maizaied03/ros2_ws/install/px4_msgs/share/px4_msgs/msg/Cpuload.idl\n'}
[0.877951] (px4_msgs) StdoutLine: {'line': b'-- Up-to-date: /home/maizaied03/ros2_ws/install/px4_msgs/share/px4_msgs/msg/DatamanRequest.idl\n'}
[0.878004] (px4_msgs) StdoutLine: {'line': b'-- Up-to-date: /home/maizaied03/ros2_ws/install/px4_msgs/share/px4_msgs/msg/DatamanResponse.idl\n'}
[0.878057] (px4_msgs) StdoutLine: {'line': b'-- Up-to-date: /home/maizaied03/ros2_ws/install/px4_msgs/share/px4_msgs/msg/DebugArray.idl\n'}
[0.878114] (px4_msgs) StdoutLine: {'line': b'-- Up-to-date: /home/maizaied03/ros2_ws/install/px4_msgs/share/px4_msgs/msg/DebugKeyValue.idl\n'}
[0.878169] (px4_msgs) StdoutLine: {'line': b'-- Up-to-date: /home/maizaied03/ros2_ws/install/px4_msgs/share/px4_msgs/msg/DebugValue.idl\n'}
[0.878224] (px4_msgs) StdoutLine: {'line': b'-- Up-to-date: /home/maizaied03/ros2_ws/install/px4_msgs/share/px4_msgs/msg/DebugVect.idl\n'}
[0.878279] (px4_msgs) StdoutLine: {'line': b'-- Up-to-date: /home/maizaied03/ros2_ws/install/px4_msgs/share/px4_msgs/msg/DeviceInformation.idl\n'}
[0.878335] (px4_msgs) StdoutLine: {'line': b'-- Up-to-date: /home/maizaied03/ros2_ws/install/px4_msgs/share/px4_msgs/msg/DifferentialPressure.idl\n'}
[0.878390] (px4_msgs) StdoutLine: {'line': b'-- Up-to-date: /home/maizaied03/ros2_ws/install/px4_msgs/share/px4_msgs/msg/DistanceSensor.idl\n'}
[0.878454] (px4_msgs) StdoutLine: {'line': b'-- Up-to-date: /home/maizaied03/ros2_ws/install/px4_msgs/share/px4_msgs/msg/DistanceSensorModeChangeRequest.idl\n'}
[0.878508] (px4_msgs) StdoutLine: {'line': b'-- Up-to-date: /home/maizaied03/ros2_ws/install/px4_msgs/share/px4_msgs/msg/DronecanNodeStatus.idl\n'}
[0.878563] (px4_msgs) StdoutLine: {'line': b'-- Up-to-date: /home/maizaied03/ros2_ws/install/px4_msgs/share/px4_msgs/msg/Ekf2Timestamps.idl\n'}
[0.878618] (px4_msgs) StdoutLine: {'line': b'-- Up-to-date: /home/maizaied03/ros2_ws/install/px4_msgs/share/px4_msgs/msg/EscReport.idl\n'}
[0.878673] (px4_msgs) StdoutLine: {'line': b'-- Up-to-date: /home/maizaied03/ros2_ws/install/px4_msgs/share/px4_msgs/msg/EscStatus.idl\n'}
[0.878728] (px4_msgs) StdoutLine: {'line': b'-- Up-to-date: /home/maizaied03/ros2_ws/install/px4_msgs/share/px4_msgs/msg/EstimatorAidSource1d.idl\n'}
[0.878803] (px4_msgs) StdoutLine: {'line': b'-- Up-to-date: /home/maizaied03/ros2_ws/install/px4_msgs/share/px4_msgs/msg/EstimatorAidSource2d.idl\n'}
[0.878875] (px4_msgs) StdoutLine: {'line': b'-- Up-to-date: /home/maizaied03/ros2_ws/install/px4_msgs/share/px4_msgs/msg/EstimatorAidSource3d.idl\n'}
[0.878928] (px4_msgs) StdoutLine: {'line': b'-- Up-to-date: /home/maizaied03/ros2_ws/install/px4_msgs/share/px4_msgs/msg/EstimatorBias.idl\n'}
[0.878981] (px4_msgs) StdoutLine: {'line': b'-- Up-to-date: /home/maizaied03/ros2_ws/install/px4_msgs/share/px4_msgs/msg/EstimatorBias3d.idl\n'}
[0.879045] (px4_msgs) StdoutLine: {'line': b'-- Up-to-date: /home/maizaied03/ros2_ws/install/px4_msgs/share/px4_msgs/msg/EstimatorEventFlags.idl\n'}
[0.879099] (px4_msgs) StdoutLine: {'line': b'-- Up-to-date: /home/maizaied03/ros2_ws/install/px4_msgs/share/px4_msgs/msg/EstimatorGpsStatus.idl\n'}
[0.879151] (px4_msgs) StdoutLine: {'line': b'-- Up-to-date: /home/maizaied03/ros2_ws/install/px4_msgs/share/px4_msgs/msg/EstimatorInnovations.idl\n'}
[0.879214] (px4_msgs) StdoutLine: {'line': b'-- Up-to-date: /home/maizaied03/ros2_ws/install/px4_msgs/share/px4_msgs/msg/EstimatorSelectorStatus.idl\n'}
[0.879271] (px4_msgs) StdoutLine: {'line': b'-- Up-to-date: /home/maizaied03/ros2_ws/install/px4_msgs/share/px4_msgs/msg/EstimatorSensorBias.idl\n'}
[0.879324] (px4_msgs) StdoutLine: {'line': b'-- Up-to-date: /home/maizaied03/ros2_ws/install/px4_msgs/share/px4_msgs/msg/EstimatorStates.idl\n'}
[0.879377] (px4_msgs) StdoutLine: {'line': b'-- Up-to-date: /home/maizaied03/ros2_ws/install/px4_msgs/share/px4_msgs/msg/EstimatorStatus.idl\n'}
[0.879430] (px4_msgs) StdoutLine: {'line': b'-- Up-to-date: /home/maizaied03/ros2_ws/install/px4_msgs/share/px4_msgs/msg/EstimatorStatusFlags.idl\n'}
[0.879486] (px4_msgs) StdoutLine: {'line': b'-- Up-to-date: /home/maizaied03/ros2_ws/install/px4_msgs/share/px4_msgs/msg/Event.idl\n'}
[0.879553] (px4_msgs) StdoutLine: {'line': b'-- Up-to-date: /home/maizaied03/ros2_ws/install/px4_msgs/share/px4_msgs/msg/FailsafeFlags.idl\n'}
[0.879609] (px4_msgs) StdoutLine: {'line': b'-- Up-to-date: /home/maizaied03/ros2_ws/install/px4_msgs/share/px4_msgs/msg/FailureDetectorStatus.idl\n'}
[0.879663] (px4_msgs) StdoutLine: {'line': b'-- Up-to-date: /home/maizaied03/ros2_ws/install/px4_msgs/share/px4_msgs/msg/FigureEightStatus.idl\n'}
[0.879716] (px4_msgs) StdoutLine: {'line': b'-- Up-to-date: /home/maizaied03/ros2_ws/install/px4_msgs/share/px4_msgs/msg/FixedWingLateralGuidanceStatus.idl\n'}
[0.879774] (px4_msgs) StdoutLine: {'line': b'-- Up-to-date: /home/maizaied03/ros2_ws/install/px4_msgs/share/px4_msgs/msg/FixedWingLateralSetpoint.idl\n'}
[0.879838] (px4_msgs) StdoutLine: {'line': b'-- Up-to-date: /home/maizaied03/ros2_ws/install/px4_msgs/share/px4_msgs/msg/FixedWingLateralStatus.idl\n'}
[0.879891] (px4_msgs) StdoutLine: {'line': b'-- Up-to-date: /home/maizaied03/ros2_ws/install/px4_msgs/share/px4_msgs/msg/FixedWingLongitudinalSetpoint.idl\n'}
[0.879946] (px4_msgs) StdoutLine: {'line': b'-- Up-to-date: /home/maizaied03/ros2_ws/install/px4_msgs/share/px4_msgs/msg/FixedWingRunwayControl.idl\n'}
[0.879999] (px4_msgs) StdoutLine: {'line': b'-- Up-to-date: /home/maizaied03/ros2_ws/install/px4_msgs/share/px4_msgs/msg/FlightPhaseEstimation.idl\n'}
[0.880056] (px4_msgs) StdoutLine: {'line': b'-- Up-to-date: /home/maizaied03/ros2_ws/install/px4_msgs/share/px4_msgs/msg/FollowTarget.idl\n'}
[0.880121] (px4_msgs) StdoutLine: {'line': b'-- Up-to-date: /home/maizaied03/ros2_ws/install/px4_msgs/share/px4_msgs/msg/FollowTargetEstimator.idl\n'}
[0.880177] (px4_msgs) StdoutLine: {'line': b'-- Up-to-date: /home/maizaied03/ros2_ws/install/px4_msgs/share/px4_msgs/msg/FollowTargetStatus.idl\n'}
[0.880232] (px4_msgs) StdoutLine: {'line': b'-- Up-to-date: /home/maizaied03/ros2_ws/install/px4_msgs/share/px4_msgs/msg/FuelTankStatus.idl\n'}
[0.880290] (px4_msgs) StdoutLine: {'line': b'-- Up-to-date: /home/maizaied03/ros2_ws/install/px4_msgs/share/px4_msgs/msg/GainCompression.idl\n'}
[0.880345] (px4_msgs) StdoutLine: {'line': b'-- Up-to-date: /home/maizaied03/ros2_ws/install/px4_msgs/share/px4_msgs/msg/GeneratorStatus.idl\n'}
[0.880404] (px4_msgs) StdoutLine: {'line': b'-- Up-to-date: /home/maizaied03/ros2_ws/install/px4_msgs/share/px4_msgs/msg/GeofenceResult.idl\n'}
[0.880459] (px4_msgs) StdoutLine: {'line': b'-- Up-to-date: /home/maizaied03/ros2_ws/install/px4_msgs/share/px4_msgs/msg/GeofenceStatus.idl\n'}
[0.880514] (px4_msgs) StdoutLine: {'line': b'-- Up-to-date: /home/maizaied03/ros2_ws/install/px4_msgs/share/px4_msgs/msg/GimbalControls.idl\n'}
[0.880569] (px4_msgs) StdoutLine: {'line': b'-- Up-to-date: /home/maizaied03/ros2_ws/install/px4_msgs/share/px4_msgs/msg/GimbalDeviceAttitudeStatus.idl\n'}
[0.880626] (px4_msgs) StdoutLine: {'line': b'-- Up-to-date: /home/maizaied03/ros2_ws/install/px4_msgs/share/px4_msgs/msg/GimbalDeviceInformation.idl\n'}
[0.880683] (px4_msgs) StdoutLine: {'line': b'-- Up-to-date: /home/maizaied03/ros2_ws/install/px4_msgs/share/px4_msgs/msg/GimbalDeviceSetAttitude.idl\n'}
[0.880738] (px4_msgs) StdoutLine: {'line': b'-- Up-to-date: /home/maizaied03/ros2_ws/install/px4_msgs/share/px4_msgs/msg/GimbalManagerInformation.idl\n'}
[0.880818] (px4_msgs) StdoutLine: {'line': b'-- Up-to-date: /home/maizaied03/ros2_ws/install/px4_msgs/share/px4_msgs/msg/GimbalManagerSetAttitude.idl\n'}
[0.880874] (px4_msgs) StdoutLine: {'line': b'-- Up-to-date: /home/maizaied03/ros2_ws/install/px4_msgs/share/px4_msgs/msg/GimbalManagerSetManualControl.idl\n'}
[0.880928] (px4_msgs) StdoutLine: {'line': b'-- Up-to-date: /home/maizaied03/ros2_ws/install/px4_msgs/share/px4_msgs/msg/GimbalManagerStatus.idl\n'}
[0.880982] (px4_msgs) StdoutLine: {'line': b'-- Up-to-date: /home/maizaied03/ros2_ws/install/px4_msgs/share/px4_msgs/msg/GotoSetpoint.idl\n'}
[0.881039] (px4_msgs) StdoutLine: {'line': b'-- Up-to-date: /home/maizaied03/ros2_ws/install/px4_msgs/share/px4_msgs/msg/GpioConfig.idl\n'}
[0.881094] (px4_msgs) StdoutLine: {'line': b'-- Up-to-date: /home/maizaied03/ros2_ws/install/px4_msgs/share/px4_msgs/msg/GpioIn.idl\n'}
[0.881149] (px4_msgs) StdoutLine: {'line': b'-- Up-to-date: /home/maizaied03/ros2_ws/install/px4_msgs/share/px4_msgs/msg/GpioOut.idl\n'}
[0.881205] (px4_msgs) StdoutLine: {'line': b'-- Up-to-date: /home/maizaied03/ros2_ws/install/px4_msgs/share/px4_msgs/msg/GpioRequest.idl\n'}
[0.881261] (px4_msgs) StdoutLine: {'line': b'-- Up-to-date: /home/maizaied03/ros2_ws/install/px4_msgs/share/px4_msgs/msg/GpsDump.idl\n'}
[0.881315] (px4_msgs) StdoutLine: {'line': b'-- Up-to-date: /home/maizaied03/ros2_ws/install/px4_msgs/share/px4_msgs/msg/GpsInjectData.idl\n'}
[0.881382] (px4_msgs) StdoutLine: {'line': b'-- Up-to-date: /home/maizaied03/ros2_ws/install/px4_msgs/share/px4_msgs/msg/Gripper.idl\n'}
[0.881438] (px4_msgs) StdoutLine: {'line': b'-- Up-to-date: /home/maizaied03/ros2_ws/install/px4_msgs/share/px4_msgs/msg/HealthReport.idl\n'}
[0.881493] (px4_msgs) StdoutLine: {'line': b'-- Up-to-date: /home/maizaied03/ros2_ws/install/px4_msgs/share/px4_msgs/msg/HeaterStatus.idl\n'}
[0.881551] (px4_msgs) StdoutLine: {'line': b'-- Up-to-date: /home/maizaied03/ros2_ws/install/px4_msgs/share/px4_msgs/msg/HomePosition.idl\n'}
[0.881611] (px4_msgs) StdoutLine: {'line': b'-- Up-to-date: /home/maizaied03/ros2_ws/install/px4_msgs/share/px4_msgs/msg/HoverThrustEstimate.idl\n'}
[0.881666] (px4_msgs) StdoutLine: {'line': b'-- Up-to-date: /home/maizaied03/ros2_ws/install/px4_msgs/share/px4_msgs/msg/InputRc.idl\n'}
[0.881721] (px4_msgs) StdoutLine: {'line': b'-- Up-to-date: /home/maizaied03/ros2_ws/install/px4_msgs/share/px4_msgs/msg/InternalCombustionEngineControl.idl\n'}
[0.881788] (px4_msgs) StdoutLine: {'line': b'-- Up-to-date: /home/maizaied03/ros2_ws/install/px4_msgs/share/px4_msgs/msg/InternalCombustionEngineStatus.idl\n'}
[0.881843] (px4_msgs) StdoutLine: {'line': b'-- Up-to-date: /home/maizaied03/ros2_ws/install/px4_msgs/share/px4_msgs/msg/IridiumsbdStatus.idl\n'}
[0.881911] (px4_msgs) StdoutLine: {'line': b'-- Up-to-date: /home/maizaied03/ros2_ws/install/px4_msgs/share/px4_msgs/msg/IrlockReport.idl\n'}
[0.881965] (px4_msgs) StdoutLine: {'line': b'-- Up-to-date: /home/maizaied03/ros2_ws/install/px4_msgs/share/px4_msgs/msg/LandingGear.idl\n'}
[0.882023] (px4_msgs) StdoutLine: {'line': b'-- Up-to-date: /home/maizaied03/ros2_ws/install/px4_msgs/share/px4_msgs/msg/LandingGearWheel.idl\n'}
[0.882077] (px4_msgs) StdoutLine: {'line': b'-- Up-to-date: /home/maizaied03/ros2_ws/install/px4_msgs/share/px4_msgs/msg/LandingTargetInnovations.idl\n'}
[0.882133] (px4_msgs) StdoutLine: {'line': b'-- Up-to-date: /home/maizaied03/ros2_ws/install/px4_msgs/share/px4_msgs/msg/LandingTargetPose.idl\n'}
[0.882188] (px4_msgs) StdoutLine: {'line': b'-- Up-to-date: /home/maizaied03/ros2_ws/install/px4_msgs/share/px4_msgs/msg/LateralControlConfiguration.idl\n'}
[0.882243] (px4_msgs) StdoutLine: {'line': b'-- Up-to-date: /home/maizaied03/ros2_ws/install/px4_msgs/share/px4_msgs/msg/LaunchDetectionStatus.idl\n'}
[0.882299] (px4_msgs) StdoutLine: {'line': b'-- Up-to-date: /home/maizaied03/ros2_ws/install/px4_msgs/share/px4_msgs/msg/LedControl.idl\n'}
[0.882354] (px4_msgs) StdoutLine: {'line': b'-- Up-to-date: /home/maizaied03/ros2_ws/install/px4_msgs/share/px4_msgs/msg/LogMessage.idl\n'}
[0.882409] (px4_msgs) StdoutLine: {'line': b'-- Up-to-date: /home/maizaied03/ros2_ws/install/px4_msgs/share/px4_msgs/msg/LoggerStatus.idl\n'}
[0.882468] (px4_msgs) StdoutLine: {'line': b'-- Up-to-date: /home/maizaied03/ros2_ws/install/px4_msgs/share/px4_msgs/msg/LongitudinalControlConfiguration.idl\n'}
[0.882523] (px4_msgs) StdoutLine: {'line': b'-- Up-to-date: /home/maizaied03/ros2_ws/install/px4_msgs/share/px4_msgs/msg/MagWorkerData.idl\n'}
[0.882578] (px4_msgs) StdoutLine: {'line': b'-- Up-to-date: /home/maizaied03/ros2_ws/install/px4_msgs/share/px4_msgs/msg/MagnetometerBiasEstimate.idl\n'}
[0.882635] (px4_msgs) StdoutLine: {'line': b'-- Up-to-date: /home/maizaied03/ros2_ws/install/px4_msgs/share/px4_msgs/msg/ManualControlSetpoint.idl\n'}
[0.882690] (px4_msgs) StdoutLine: {'line': b'-- Up-to-date: /home/maizaied03/ros2_ws/install/px4_msgs/share/px4_msgs/msg/ManualControlSwitches.idl\n'}
[0.882745] (px4_msgs) StdoutLine: {'line': b'-- Up-to-date: /home/maizaied03/ros2_ws/install/px4_msgs/share/px4_msgs/msg/MavlinkLog.idl\n'}
[0.882821] (px4_msgs) StdoutLine: {'line': b'-- Up-to-date: /home/maizaied03/ros2_ws/install/px4_msgs/share/px4_msgs/msg/MavlinkTunnel.idl\n'}
[0.882875] (px4_msgs) StdoutLine: {'line': b'-- Up-to-date: /home/maizaied03/ros2_ws/install/px4_msgs/share/px4_msgs/msg/MessageFormatRequest.idl\n'}
[0.882928] (px4_msgs) StdoutLine: {'line': b'-- Up-to-date: /home/maizaied03/ros2_ws/install/px4_msgs/share/px4_msgs/msg/MessageFormatResponse.idl\n'}
[0.882983] (px4_msgs) StdoutLine: {'line': b'-- Up-to-date: /home/maizaied03/ros2_ws/install/px4_msgs/share/px4_msgs/msg/Mission.idl\n'}
[0.883039] (px4_msgs) StdoutLine: {'line': b'-- Up-to-date: /home/maizaied03/ros2_ws/install/px4_msgs/share/px4_msgs/msg/MissionResult.idl\n'}
[0.883094] (px4_msgs) StdoutLine: {'line': b'-- Up-to-date: /home/maizaied03/ros2_ws/install/px4_msgs/share/px4_msgs/msg/ModeCompleted.idl\n'}
[0.883149] (px4_msgs) StdoutLine: {'line': b'-- Up-to-date: /home/maizaied03/ros2_ws/install/px4_msgs/share/px4_msgs/msg/MountOrientation.idl\n'}
[0.883205] (px4_msgs) StdoutLine: {'line': b'-- Up-to-date: /home/maizaied03/ros2_ws/install/px4_msgs/share/px4_msgs/msg/NavigatorMissionItem.idl\n'}
[0.883269] (px4_msgs) StdoutLine: {'line': b'-- Up-to-date: /home/maizaied03/ros2_ws/install/px4_msgs/share/px4_msgs/msg/NavigatorStatus.idl\n'}
[0.883322] (px4_msgs) StdoutLine: {'line': b'-- Up-to-date: /home/maizaied03/ros2_ws/install/px4_msgs/share/px4_msgs/msg/NeuralControl.idl\n'}
[0.883377] (px4_msgs) StdoutLine: {'line': b'-- Up-to-date: /home/maizaied03/ros2_ws/install/px4_msgs/share/px4_msgs/msg/NormalizedUnsignedSetpoint.idl\n'}
[0.883430] (px4_msgs) StdoutLine: {'line': b'-- Up-to-date: /home/maizaied03/ros2_ws/install/px4_msgs/share/px4_msgs/msg/ObstacleDistance.idl\n'}
[0.883483] (px4_msgs) StdoutLine: {'line': b'-- Up-to-date: /home/maizaied03/ros2_ws/install/px4_msgs/share/px4_msgs/msg/OffboardControlMode.idl\n'}
[0.883550] (px4_msgs) StdoutLine: {'line': b'-- Up-to-date: /home/maizaied03/ros2_ws/install/px4_msgs/share/px4_msgs/msg/OnboardComputerStatus.idl\n'}
[0.883604] (px4_msgs) StdoutLine: {'line': b'-- Up-to-date: /home/maizaied03/ros2_ws/install/px4_msgs/share/px4_msgs/msg/OpenDroneIdArmStatus.idl\n'}
[0.883660] (px4_msgs) StdoutLine: {'line': b'-- Up-to-date: /home/maizaied03/ros2_ws/install/px4_msgs/share/px4_msgs/msg/OpenDroneIdOperatorId.idl\n'}
[0.883715] (px4_msgs) StdoutLine: {'line': b'-- Up-to-date: /home/maizaied03/ros2_ws/install/px4_msgs/share/px4_msgs/msg/OpenDroneIdSelfId.idl\n'}
[0.883774] (px4_msgs) StdoutLine: {'line': b'-- Up-to-date: /home/maizaied03/ros2_ws/install/px4_msgs/share/px4_msgs/msg/OpenDroneIdSystem.idl\n'}
[0.883837] (px4_msgs) StdoutLine: {'line': b'-- Up-to-date: /home/maizaied03/ros2_ws/install/px4_msgs/share/px4_msgs/msg/OrbTest.idl\n'}
[0.883891] (px4_msgs) StdoutLine: {'line': b'-- Up-to-date: /home/maizaied03/ros2_ws/install/px4_msgs/share/px4_msgs/msg/OrbTestLarge.idl\n'}
[0.883947] (px4_msgs) StdoutLine: {'line': b'-- Up-to-date: /home/maizaied03/ros2_ws/install/px4_msgs/share/px4_msgs/msg/OrbTestMedium.idl\n'}
[0.884002] (px4_msgs) StdoutLine: {'line': b'-- Up-to-date: /home/maizaied03/ros2_ws/install/px4_msgs/share/px4_msgs/msg/OrbitStatus.idl\n'}
[0.884056] (px4_msgs) StdoutLine: {'line': b'-- Up-to-date: /home/maizaied03/ros2_ws/install/px4_msgs/share/px4_msgs/msg/ParameterResetRequest.idl\n'}
[0.884112] (px4_msgs) StdoutLine: {'line': b'-- Up-to-date: /home/maizaied03/ros2_ws/install/px4_msgs/share/px4_msgs/msg/ParameterSetUsedRequest.idl\n'}
[0.884166] (px4_msgs) StdoutLine: {'line': b'-- Up-to-date: /home/maizaied03/ros2_ws/install/px4_msgs/share/px4_msgs/msg/ParameterSetValueRequest.idl\n'}
[0.884221] (px4_msgs) StdoutLine: {'line': b'-- Up-to-date: /home/maizaied03/ros2_ws/install/px4_msgs/share/px4_msgs/msg/ParameterSetValueResponse.idl\n'}
[0.884292] (px4_msgs) StdoutLine: {'line': b'-- Up-to-date: /home/maizaied03/ros2_ws/install/px4_msgs/share/px4_msgs/msg/ParameterUpdate.idl\n'}
[0.884345] (px4_msgs) StdoutLine: {'line': b'-- Up-to-date: /home/maizaied03/ros2_ws/install/px4_msgs/share/px4_msgs/msg/Ping.idl\n'}
[0.884398] (px4_msgs) StdoutLine: {'line': b'-- Up-to-date: /home/maizaied03/ros2_ws/install/px4_msgs/share/px4_msgs/msg/PositionControllerLandingStatus.idl\n'}
[0.884456] (px4_msgs) StdoutLine: {'line': b'-- Up-to-date: /home/maizaied03/ros2_ws/install/px4_msgs/share/px4_msgs/msg/PositionControllerStatus.idl\n'}
[0.884510] (px4_msgs) StdoutLine: {'line': b'-- Up-to-date: /home/maizaied03/ros2_ws/install/px4_msgs/share/px4_msgs/msg/PositionSetpoint.idl\n'}
[0.884566] (px4_msgs) StdoutLine: {'line': b'-- Up-to-date: /home/maizaied03/ros2_ws/install/px4_msgs/share/px4_msgs/msg/PositionSetpointTriplet.idl\n'}
[0.884622] (px4_msgs) StdoutLine: {'line': b'-- Up-to-date: /home/maizaied03/ros2_ws/install/px4_msgs/share/px4_msgs/msg/PowerButtonState.idl\n'}
[0.884684] (px4_msgs) StdoutLine: {'line': b'-- Up-to-date: /home/maizaied03/ros2_ws/install/px4_msgs/share/px4_msgs/msg/PowerMonitor.idl\n'}
[0.884737] (px4_msgs) StdoutLine: {'line': b'-- Up-to-date: /home/maizaied03/ros2_ws/install/px4_msgs/share/px4_msgs/msg/PpsCapture.idl\n'}
[0.884812] (px4_msgs) StdoutLine: {'line': b'-- Up-to-date: /home/maizaied03/ros2_ws/install/px4_msgs/share/px4_msgs/msg/PurePursuitStatus.idl\n'}
[0.884866] (px4_msgs) StdoutLine: {'line': b'-- Up-to-date: /home/maizaied03/ros2_ws/install/px4_msgs/share/px4_msgs/msg/PwmInput.idl\n'}
[0.884918] (px4_msgs) StdoutLine: {'line': b'-- Up-to-date: /home/maizaied03/ros2_ws/install/px4_msgs/share/px4_msgs/msg/Px4ioStatus.idl\n'}
[0.884971] (px4_msgs) StdoutLine: {'line': b'-- Up-to-date: /home/maizaied03/ros2_ws/install/px4_msgs/share/px4_msgs/msg/QshellReq.idl\n'}
[0.885035] (px4_msgs) StdoutLine: {'line': b'-- Up-to-date: /home/maizaied03/ros2_ws/install/px4_msgs/share/px4_msgs/msg/QshellRetval.idl\n'}
[0.885087] (px4_msgs) StdoutLine: {'line': b'-- Up-to-date: /home/maizaied03/ros2_ws/install/px4_msgs/share/px4_msgs/msg/RadioStatus.idl\n'}
[0.885140] (px4_msgs) StdoutLine: {'line': b'-- Up-to-date: /home/maizaied03/ros2_ws/install/px4_msgs/share/px4_msgs/msg/RaptorInput.idl\n'}
[0.885194] (px4_msgs) StdoutLine: {'line': b'-- Up-to-date: /home/maizaied03/ros2_ws/install/px4_msgs/share/px4_msgs/msg/RaptorStatus.idl\n'}
[0.885251] (px4_msgs) StdoutLine: {'line': b'-- Up-to-date: /home/maizaied03/ros2_ws/install/px4_msgs/share/px4_msgs/msg/RateCtrlStatus.idl\n'}
[0.885303] (px4_msgs) StdoutLine: {'line': b'-- Up-to-date: /home/maizaied03/ros2_ws/install/px4_msgs/share/px4_msgs/msg/RcChannels.idl\n'}
[0.885358] (px4_msgs) StdoutLine: {'line': b'-- Up-to-date: /home/maizaied03/ros2_ws/install/px4_msgs/share/px4_msgs/msg/RcParameterMap.idl\n'}
[0.885412] (px4_msgs) StdoutLine: {'line': b'-- Up-to-date: /home/maizaied03/ros2_ws/install/px4_msgs/share/px4_msgs/msg/RegisterExtComponentReply.idl\n'}
[0.885477] (px4_msgs) StdoutLine: {'line': b'-- Up-to-date: /home/maizaied03/ros2_ws/install/px4_msgs/share/px4_msgs/msg/RegisterExtComponentRequest.idl\n'}
[0.885530] (px4_msgs) StdoutLine: {'line': b'-- Up-to-date: /home/maizaied03/ros2_ws/install/px4_msgs/share/px4_msgs/msg/RoverAttitudeSetpoint.idl\n'}
[0.885583] (px4_msgs) StdoutLine: {'line': b'-- Up-to-date: /home/maizaied03/ros2_ws/install/px4_msgs/share/px4_msgs/msg/RoverAttitudeStatus.idl\n'}
[0.885636] (px4_msgs) StdoutLine: {'line': b'-- Up-to-date: /home/maizaied03/ros2_ws/install/px4_msgs/share/px4_msgs/msg/RoverPositionSetpoint.idl\n'}
[0.885692] (px4_msgs) StdoutLine: {'line': b'-- Up-to-date: /home/maizaied03/ros2_ws/install/px4_msgs/share/px4_msgs/msg/RoverRateSetpoint.idl\n'}
[0.885759] (px4_msgs) StdoutLine: {'line': b'-- Up-to-date: /home/maizaied03/ros2_ws/install/px4_msgs/share/px4_msgs/msg/RoverRateStatus.idl\n'}
[0.885818] (px4_msgs) StdoutLine: {'line': b'-- Up-to-date: /home/maizaied03/ros2_ws/install/px4_msgs/share/px4_msgs/msg/RoverSpeedSetpoint.idl\n'}
[0.885874] (px4_msgs) StdoutLine: {'line': b'-- Up-to-date: /home/maizaied03/ros2_ws/install/px4_msgs/share/px4_msgs/msg/RoverSpeedStatus.idl\n'}
[0.885927] (px4_msgs) StdoutLine: {'line': b'-- Up-to-date: /home/maizaied03/ros2_ws/install/px4_msgs/share/px4_msgs/msg/RoverSteeringSetpoint.idl\n'}
[0.885980] (px4_msgs) StdoutLine: {'line': b'-- Up-to-date: /home/maizaied03/ros2_ws/install/px4_msgs/share/px4_msgs/msg/RoverThrottleSetpoint.idl\n'}
[0.886033] (px4_msgs) StdoutLine: {'line': b'-- Up-to-date: /home/maizaied03/ros2_ws/install/px4_msgs/share/px4_msgs/msg/Rpm.idl\n'}
[0.886086] (px4_msgs) StdoutLine: {'line': b'-- Up-to-date: /home/maizaied03/ros2_ws/install/px4_msgs/share/px4_msgs/msg/RtlStatus.idl\n'}
[0.886154] (px4_msgs) StdoutLine: {'line': b'-- Up-to-date: /home/maizaied03/ros2_ws/install/px4_msgs/share/px4_msgs/msg/RtlTimeEstimate.idl\n'}
[0.886207] (px4_msgs) StdoutLine: {'line': b'-- Up-to-date: /home/maizaied03/ros2_ws/install/px4_msgs/share/px4_msgs/msg/SatelliteInfo.idl\n'}
[0.886264] (px4_msgs) StdoutLine: {'line': b'-- Up-to-date: /home/maizaied03/ros2_ws/install/px4_msgs/share/px4_msgs/msg/SensorAccel.idl\n'}
[0.886318] (px4_msgs) StdoutLine: {'line': b'-- Up-to-date: /home/maizaied03/ros2_ws/install/px4_msgs/share/px4_msgs/msg/SensorAccelFifo.idl\n'}
[0.886372] (px4_msgs) StdoutLine: {'line': b'-- Up-to-date: /home/maizaied03/ros2_ws/install/px4_msgs/share/px4_msgs/msg/SensorAirflow.idl\n'}
[0.886430] (px4_msgs) StdoutLine: {'line': b'-- Up-to-date: /home/maizaied03/ros2_ws/install/px4_msgs/share/px4_msgs/msg/SensorBaro.idl\n'}
[0.886486] (px4_msgs) StdoutLine: {'line': b'-- Up-to-date: /home/maizaied03/ros2_ws/install/px4_msgs/share/px4_msgs/msg/SensorCombined.idl\n'}
[0.886541] (px4_msgs) StdoutLine: {'line': b'-- Up-to-date: /home/maizaied03/ros2_ws/install/px4_msgs/share/px4_msgs/msg/SensorCorrection.idl\n'}
[0.886596] (px4_msgs) StdoutLine: {'line': b'-- Up-to-date: /home/maizaied03/ros2_ws/install/px4_msgs/share/px4_msgs/msg/SensorGnssRelative.idl\n'}
[0.886652] (px4_msgs) StdoutLine: {'line': b'-- Up-to-date: /home/maizaied03/ros2_ws/install/px4_msgs/share/px4_msgs/msg/SensorGnssStatus.idl\n'}
[0.886722] (px4_msgs) StdoutLine: {'line': b'-- Up-to-date: /home/maizaied03/ros2_ws/install/px4_msgs/share/px4_msgs/msg/SensorGps.idl\n'}
[0.886778] (px4_msgs) StdoutLine: {'line': b'-- Up-to-date: /home/maizaied03/ros2_ws/install/px4_msgs/share/px4_msgs/msg/SensorGyro.idl\n'}
[0.886853] (px4_msgs) StdoutLine: {'line': b'-- Up-to-date: /home/maizaied03/ros2_ws/install/px4_msgs/share/px4_msgs/msg/SensorGyroFft.idl\n'}
[0.886907] (px4_msgs) StdoutLine: {'line': b'-- Up-to-date: /home/maizaied03/ros2_ws/install/px4_msgs/share/px4_msgs/msg/SensorGyroFifo.idl\n'}
[0.886960] (px4_msgs) StdoutLine: {'line': b'-- Up-to-date: /home/maizaied03/ros2_ws/install/px4_msgs/share/px4_msgs/msg/SensorHygrometer.idl\n'}
[0.887015] (px4_msgs) StdoutLine: {'line': b'-- Up-to-date: /home/maizaied03/ros2_ws/install/px4_msgs/share/px4_msgs/msg/SensorMag.idl\n'}
[0.887070] (px4_msgs) StdoutLine: {'line': b'-- Up-to-date: /home/maizaied03/ros2_ws/install/px4_msgs/share/px4_msgs/msg/SensorOpticalFlow.idl\n'}
[0.887126] (px4_msgs) StdoutLine: {'line': b'-- Up-to-date: /home/maizaied03/ros2_ws/install/px4_msgs/share/px4_msgs/msg/SensorPreflightMag.idl\n'}
[0.887184] (px4_msgs) StdoutLine: {'line': b'-- Up-to-date: /home/maizaied03/ros2_ws/install/px4_msgs/share/px4_msgs/msg/SensorSelection.idl\n'}
[0.887238] (px4_msgs) StdoutLine: {'line': b'-- Up-to-date: /home/maizaied03/ros2_ws/install/px4_msgs/share/px4_msgs/msg/SensorTemp.idl\n'}
[0.887294] (px4_msgs) StdoutLine: {'line': b'-- Up-to-date: /home/maizaied03/ros2_ws/install/px4_msgs/share/px4_msgs/msg/SensorUwb.idl\n'}
[0.887349] (px4_msgs) StdoutLine: {'line': b'-- Up-to-date: /home/maizaied03/ros2_ws/install/px4_msgs/share/px4_msgs/msg/SensorsStatus.idl\n'}
[0.887405] (px4_msgs) StdoutLine: {'line': b'-- Up-to-date: /home/maizaied03/ros2_ws/install/px4_msgs/share/px4_msgs/msg/SensorsStatusImu.idl\n'}
[0.887460] (px4_msgs) StdoutLine: {'line': b'-- Up-to-date: /home/maizaied03/ros2_ws/install/px4_msgs/share/px4_msgs/msg/SystemPower.idl\n'}
[0.887516] (px4_msgs) StdoutLine: {'line': b'-- Up-to-date: /home/maizaied03/ros2_ws/install/px4_msgs/share/px4_msgs/msg/TakeoffStatus.idl\n'}
[0.887573] (px4_msgs) StdoutLine: {'line': b'-- Up-to-date: /home/maizaied03/ros2_ws/install/px4_msgs/share/px4_msgs/msg/TaskStackInfo.idl\n'}
[0.887628] (px4_msgs) StdoutLine: {'line': b'-- Up-to-date: /home/maizaied03/ros2_ws/install/px4_msgs/share/px4_msgs/msg/TecsStatus.idl\n'}
[0.887684] (px4_msgs) StdoutLine: {'line': b'-- Up-to-date: /home/maizaied03/ros2_ws/install/px4_msgs/share/px4_msgs/msg/TelemetryStatus.idl\n'}
[0.887741] (px4_msgs) StdoutLine: {'line': b'-- Up-to-date: /home/maizaied03/ros2_ws/install/px4_msgs/share/px4_msgs/msg/TiltrotorExtraControls.idl\n'}
[0.887830] (px4_msgs) StdoutLine: {'line': b'-- Up-to-date: /home/maizaied03/ros2_ws/install/px4_msgs/share/px4_msgs/msg/TimesyncStatus.idl\n'}
[0.887883] (px4_msgs) StdoutLine: {'line': b'-- Up-to-date: /home/maizaied03/ros2_ws/install/px4_msgs/share/px4_msgs/msg/TrajectorySetpoint.idl\n'}
[0.887937] (px4_msgs) StdoutLine: {'line': b'-- Up-to-date: /home/maizaied03/ros2_ws/install/px4_msgs/share/px4_msgs/msg/TrajectorySetpoint6dof.idl\n'}
[0.888001] (px4_msgs) StdoutLine: {'line': b'-- Up-to-date: /home/maizaied03/ros2_ws/install/px4_msgs/share/px4_msgs/msg/TransponderReport.idl\n'}
[0.888057] (px4_msgs) StdoutLine: {'line': b'-- Up-to-date: /home/maizaied03/ros2_ws/install/px4_msgs/share/px4_msgs/msg/TuneControl.idl\n'}
[0.888112] (px4_msgs) StdoutLine: {'line': b'-- Up-to-date: /home/maizaied03/ros2_ws/install/px4_msgs/share/px4_msgs/msg/UavcanParameterRequest.idl\n'}
[0.888164] (px4_msgs) StdoutLine: {'line': b'-- Up-to-date: /home/maizaied03/ros2_ws/install/px4_msgs/share/px4_msgs/msg/UavcanParameterValue.idl\n'}
[0.888218] (px4_msgs) StdoutLine: {'line': b'-- Up-to-date: /home/maizaied03/ros2_ws/install/px4_msgs/share/px4_msgs/msg/UlogStream.idl\n'}
[0.888271] (px4_msgs) StdoutLine: {'line': b'-- Up-to-date: /home/maizaied03/ros2_ws/install/px4_msgs/share/px4_msgs/msg/UlogStreamAck.idl\n'}
[0.888331] (px4_msgs) StdoutLine: {'line': b'-- Up-to-date: /home/maizaied03/ros2_ws/install/px4_msgs/share/px4_msgs/msg/UnregisterExtComponent.idl\n'}
[0.888386] (px4_msgs) StdoutLine: {'line': b'-- Up-to-date: /home/maizaied03/ros2_ws/install/px4_msgs/share/px4_msgs/msg/VehicleAcceleration.idl\n'}
[0.888441] (px4_msgs) StdoutLine: {'line': b'-- Up-to-date: /home/maizaied03/ros2_ws/install/px4_msgs/share/px4_msgs/msg/VehicleAirData.idl\n'}
[0.888512] (px4_msgs) StdoutLine: {'line': b'-- Up-to-date: /home/maizaied03/ros2_ws/install/px4_msgs/share/px4_msgs/msg/VehicleAngularAccelerationSetpoint.idl\n'}
[0.888565] (px4_msgs) StdoutLine: {'line': b'-- Up-to-date: /home/maizaied03/ros2_ws/install/px4_msgs/share/px4_msgs/msg/VehicleAngularVelocity.idl\n'}
[0.888619] (px4_msgs) StdoutLine: {'line': b'-- Up-to-date: /home/maizaied03/ros2_ws/install/px4_msgs/share/px4_msgs/msg/VehicleAttitude.idl\n'}
[0.888672] (px4_msgs) StdoutLine: {'line': b'-- Up-to-date: /home/maizaied03/ros2_ws/install/px4_msgs/share/px4_msgs/msg/VehicleAttitudeSetpoint.idl\n'}
[0.888739] (px4_msgs) StdoutLine: {'line': b'-- Up-to-date: /home/maizaied03/ros2_ws/install/px4_msgs/share/px4_msgs/msg/VehicleCommand.idl\n'}
[0.888800] (px4_msgs) StdoutLine: {'line': b'-- Up-to-date: /home/maizaied03/ros2_ws/install/px4_msgs/share/px4_msgs/msg/VehicleCommandAck.idl\n'}
[0.888854] (px4_msgs) StdoutLine: {'line': b'-- Up-to-date: /home/maizaied03/ros2_ws/install/px4_msgs/share/px4_msgs/msg/VehicleConstraints.idl\n'}
[0.888907] (px4_msgs) StdoutLine: {'line': b'-- Up-to-date: /home/maizaied03/ros2_ws/install/px4_msgs/share/px4_msgs/msg/VehicleControlMode.idl\n'}
[0.888962] (px4_msgs) StdoutLine: {'line': b'-- Up-to-date: /home/maizaied03/ros2_ws/install/px4_msgs/share/px4_msgs/msg/VehicleGlobalPosition.idl\n'}
[0.889018] (px4_msgs) StdoutLine: {'line': b'-- Up-to-date: /home/maizaied03/ros2_ws/install/px4_msgs/share/px4_msgs/msg/VehicleImu.idl\n'}
[0.889074] (px4_msgs) StdoutLine: {'line': b'-- Up-to-date: /home/maizaied03/ros2_ws/install/px4_msgs/share/px4_msgs/msg/VehicleImuStatus.idl\n'}
[0.889149] (px4_msgs) StdoutLine: {'line': b'-- Up-to-date: /home/maizaied03/ros2_ws/install/px4_msgs/share/px4_msgs/msg/VehicleLandDetected.idl\n'}
[0.889202] (px4_msgs) StdoutLine: {'line': b'-- Up-to-date: /home/maizaied03/ros2_ws/install/px4_msgs/share/px4_msgs/msg/VehicleLocalPosition.idl\n'}
[0.889256] (px4_msgs) StdoutLine: {'line': b'-- Up-to-date: /home/maizaied03/ros2_ws/install/px4_msgs/share/px4_msgs/msg/VehicleLocalPositionSetpoint.idl\n'}
[0.889321] (px4_msgs) StdoutLine: {'line': b'-- Up-to-date: /home/maizaied03/ros2_ws/install/px4_msgs/share/px4_msgs/msg/VehicleMagnetometer.idl\n'}
[0.889373] (px4_msgs) StdoutLine: {'line': b'-- Up-to-date: /home/maizaied03/ros2_ws/install/px4_msgs/share/px4_msgs/msg/VehicleOdometry.idl\n'}
[0.889426] (px4_msgs) StdoutLine: {'line': b'-- Up-to-date: /home/maizaied03/ros2_ws/install/px4_msgs/share/px4_msgs/msg/VehicleOpticalFlow.idl\n'}
[0.889480] (px4_msgs) StdoutLine: {'line': b'-- Up-to-date: /home/maizaied03/ros2_ws/install/px4_msgs/share/px4_msgs/msg/VehicleOpticalFlowVel.idl\n'}
[0.889537] (px4_msgs) StdoutLine: {'line': b'-- Up-to-date: /home/maizaied03/ros2_ws/install/px4_msgs/share/px4_msgs/msg/VehicleRatesSetpoint.idl\n'}
[0.889592] (px4_msgs) StdoutLine: {'line': b'-- Up-to-date: /home/maizaied03/ros2_ws/install/px4_msgs/share/px4_msgs/msg/VehicleRoi.idl\n'}
[0.889654] (px4_msgs) StdoutLine: {'line': b'-- Up-to-date: /home/maizaied03/ros2_ws/install/px4_msgs/share/px4_msgs/msg/VehicleStatus.idl\n'}
[0.889709] (px4_msgs) StdoutLine: {'line': b'-- Up-to-date: /home/maizaied03/ros2_ws/install/px4_msgs/share/px4_msgs/msg/VehicleThrustSetpoint.idl\n'}
[0.889771] (px4_msgs) StdoutLine: {'line': b'-- Up-to-date: /home/maizaied03/ros2_ws/install/px4_msgs/share/px4_msgs/msg/VehicleTorqueSetpoint.idl\n'}
[0.889834] (px4_msgs) StdoutLine: {'line': b'-- Up-to-date: /home/maizaied03/ros2_ws/install/px4_msgs/share/px4_msgs/msg/VelocityLimits.idl\n'}
[0.889887] (px4_msgs) StdoutLine: {'line': b'-- Up-to-date: /home/maizaied03/ros2_ws/install/px4_msgs/share/px4_msgs/msg/VtolVehicleStatus.idl\n'}
[0.889942] (px4_msgs) StdoutLine: {'line': b'-- Up-to-date: /home/maizaied03/ros2_ws/install/px4_msgs/share/px4_msgs/msg/Vtx.idl\n'}
[0.889997] (px4_msgs) StdoutLine: {'line': b'-- Up-to-date: /home/maizaied03/ros2_ws/install/px4_msgs/share/px4_msgs/msg/WheelEncoders.idl\n'}
[0.890051] (px4_msgs) StdoutLine: {'line': b'-- Up-to-date: /home/maizaied03/ros2_ws/install/px4_msgs/share/px4_msgs/msg/Wind.idl\n'}
[0.890111] (px4_msgs) StdoutLine: {'line': b'-- Up-to-date: /home/maizaied03/ros2_ws/install/px4_msgs/share/px4_msgs/msg/YawEstimatorStatus.idl\n'}
[0.890167] (px4_msgs) StdoutLine: {'line': b'-- Up-to-date: /home/maizaied03/ros2_ws/install/px4_msgs/share/px4_msgs/srv/VehicleCommand.idl\n'}
[0.890222] (px4_msgs) StdoutLine: {'line': b'-- Up-to-date: /home/maizaied03/ros2_ws/install/px4_msgs/share/px4_msgs/msg/ActionRequest.msg\n'}
[0.890278] (px4_msgs) StdoutLine: {'line': b'-- Up-to-date: /home/maizaied03/ros2_ws/install/px4_msgs/share/px4_msgs/msg/ActuatorArmed.msg\n'}
[0.890333] (px4_msgs) StdoutLine: {'line': b'-- Up-to-date: /home/maizaied03/ros2_ws/install/px4_msgs/share/px4_msgs/msg/ActuatorControlsStatus.msg\n'}
[0.890388] (px4_msgs) StdoutLine: {'line': b'-- Up-to-date: /home/maizaied03/ros2_ws/install/px4_msgs/share/px4_msgs/msg/ActuatorMotors.msg\n'}
[0.890444] (px4_msgs) StdoutLine: {'line': b'-- Up-to-date: /home/maizaied03/ros2_ws/install/px4_msgs/share/px4_msgs/msg/ActuatorOutputs.msg\n'}
[0.890499] (px4_msgs) StdoutLine: {'line': b'-- Up-to-date: /home/maizaied03/ros2_ws/install/px4_msgs/share/px4_msgs/msg/ActuatorServos.msg\n'}
[0.890554] (px4_msgs) StdoutLine: {'line': b'-- Up-to-date: /home/maizaied03/ros2_ws/install/px4_msgs/share/px4_msgs/msg/ActuatorServosTrim.msg\n'}
[0.890623] (px4_msgs) StdoutLine: {'line': b'-- Up-to-date: /home/maizaied03/ros2_ws/install/px4_msgs/share/px4_msgs/msg/ActuatorTest.msg\n'}
[0.890676] (px4_msgs) StdoutLine: {'line': b'-- Up-to-date: /home/maizaied03/ros2_ws/install/px4_msgs/share/px4_msgs/msg/AdcReport.msg\n'}
[0.890729] (px4_msgs) StdoutLine: {'line': b'-- Up-to-date: /home/maizaied03/ros2_ws/install/px4_msgs/share/px4_msgs/msg/Airspeed.msg\n'}
[0.890787] (px4_msgs) StdoutLine: {'line': b'-- Up-to-date: /home/maizaied03/ros2_ws/install/px4_msgs/share/px4_msgs/msg/AirspeedValidated.msg\n'}
[0.890853] (px4_msgs) StdoutLine: {'line': b'-- Up-to-date: /home/maizaied03/ros2_ws/install/px4_msgs/share/px4_msgs/msg/AirspeedWind.msg\n'}
[0.890906] (px4_msgs) StdoutLine: {'line': b'-- Up-to-date: /home/maizaied03/ros2_ws/install/px4_msgs/share/px4_msgs/msg/ArmingCheckReply.msg\n'}
[0.890959] (px4_msgs) StdoutLine: {'line': b'-- Up-to-date: /home/maizaied03/ros2_ws/install/px4_msgs/share/px4_msgs/msg/ArmingCheckRequest.msg\n'}
[0.891013] (px4_msgs) StdoutLine: {'line': b'-- Up-to-date: /home/maizaied03/ros2_ws/install/px4_msgs/share/px4_msgs/msg/AutotuneAttitudeControlStatus.msg\n'}
[0.891065] (px4_msgs) StdoutLine: {'line': b'-- Up-to-date: /home/maizaied03/ros2_ws/install/px4_msgs/share/px4_msgs/msg/BatteryInfo.msg\n'}
[0.891118] (px4_msgs) StdoutLine: {'line': b'-- Up-to-date: /home/maizaied03/ros2_ws/install/px4_msgs/share/px4_msgs/msg/BatteryStatus.msg\n'}
[0.891175] (px4_msgs) StdoutLine: {'line': b'-- Up-to-date: /home/maizaied03/ros2_ws/install/px4_msgs/share/px4_msgs/msg/ButtonEvent.msg\n'}
[0.891236] (px4_msgs) StdoutLine: {'line': b'-- Up-to-date: /home/maizaied03/ros2_ws/install/px4_msgs/share/px4_msgs/msg/CameraCapture.msg\n'}
[0.891288] (px4_msgs) StdoutLine: {'line': b'-- Up-to-date: /home/maizaied03/ros2_ws/install/px4_msgs/share/px4_msgs/msg/CameraStatus.msg\n'}
[0.891343] (px4_msgs) StdoutLine: {'line': b'-- Up-to-date: /home/maizaied03/ros2_ws/install/px4_msgs/share/px4_msgs/msg/CameraTrigger.msg\n'}
[0.891399] (px4_msgs) StdoutLine: {'line': b'-- Up-to-date: /home/maizaied03/ros2_ws/install/px4_msgs/share/px4_msgs/msg/CanInterfaceStatus.msg\n'}
[0.891454] (px4_msgs) StdoutLine: {'line': b'-- Up-to-date: /home/maizaied03/ros2_ws/install/px4_msgs/share/px4_msgs/msg/CellularStatus.msg\n'}
[0.891528] (px4_msgs) StdoutLine: {'line': b'-- Up-to-date: /home/maizaied03/ros2_ws/install/px4_msgs/share/px4_msgs/msg/CollisionConstraints.msg\n'}
[0.891582] (px4_msgs) StdoutLine: {'line': b'-- Up-to-date: /home/maizaied03/ros2_ws/install/px4_msgs/share/px4_msgs/msg/ConfigOverrides.msg\n'}
[0.891635] (px4_msgs) StdoutLine: {'line': b'-- Up-to-date: /home/maizaied03/ros2_ws/install/px4_msgs/share/px4_msgs/msg/ControlAllocatorStatus.msg\n'}
[0.891688] (px4_msgs) StdoutLine: {'line': b'-- Up-to-date: /home/maizaied03/ros2_ws/install/px4_msgs/share/px4_msgs/msg/Cpuload.msg\n'}
[0.891754] (px4_msgs) StdoutLine: {'line': b'-- Up-to-date: /home/maizaied03/ros2_ws/install/px4_msgs/share/px4_msgs/msg/DatamanRequest.msg\n'}
[0.891814] (px4_msgs) StdoutLine: {'line': b'-- Up-to-date: /home/maizaied03/ros2_ws/install/px4_msgs/share/px4_msgs/msg/DatamanResponse.msg\n'}
[0.891868] (px4_msgs) StdoutLine: {'line': b'-- Up-to-date: /home/maizaied03/ros2_ws/install/px4_msgs/share/px4_msgs/msg/DebugArray.msg\n'}
[0.891924] (px4_msgs) StdoutLine: {'line': b'-- Up-to-date: /home/maizaied03/ros2_ws/install/px4_msgs/share/px4_msgs/msg/DebugKeyValue.msg\n'}
[0.891977] (px4_msgs) StdoutLine: {'line': b'-- Up-to-date: /home/maizaied03/ros2_ws/install/px4_msgs/share/px4_msgs/msg/DebugValue.msg\n'}
[0.892030] (px4_msgs) StdoutLine: {'line': b'-- Up-to-date: /home/maizaied03/ros2_ws/install/px4_msgs/share/px4_msgs/msg/DebugVect.msg\n'}
[0.892083] (px4_msgs) StdoutLine: {'line': b'-- Up-to-date: /home/maizaied03/ros2_ws/install/px4_msgs/share/px4_msgs/msg/DeviceInformation.msg\n'}
[0.892139] (px4_msgs) StdoutLine: {'line': b'-- Up-to-date: /home/maizaied03/ros2_ws/install/px4_msgs/share/px4_msgs/msg/DifferentialPressure.msg\n'}
[0.892193] (px4_msgs) StdoutLine: {'line': b'-- Up-to-date: /home/maizaied03/ros2_ws/install/px4_msgs/share/px4_msgs/msg/DistanceSensor.msg\n'}
[0.892250] (px4_msgs) StdoutLine: {'line': b'-- Up-to-date: /home/maizaied03/ros2_ws/install/px4_msgs/share/px4_msgs/msg/DistanceSensorModeChangeRequest.msg\n'}
[0.892306] (px4_msgs) StdoutLine: {'line': b'-- Up-to-date: /home/maizaied03/ros2_ws/install/px4_msgs/share/px4_msgs/msg/DronecanNodeStatus.msg\n'}
[0.892369] (px4_msgs) StdoutLine: {'line': b'-- Up-to-date: /home/maizaied03/ros2_ws/install/px4_msgs/share/px4_msgs/msg/Ekf2Timestamps.msg\n'}
[0.892431] (px4_msgs) StdoutLine: {'line': b'-- Up-to-date: /home/maizaied03/ros2_ws/install/px4_msgs/share/px4_msgs/msg/EscReport.msg\n'}
[0.892487] (px4_msgs) StdoutLine: {'line': b'-- Up-to-date: /home/maizaied03/ros2_ws/install/px4_msgs/share/px4_msgs/msg/EscStatus.msg\n'}
[0.892546] (px4_msgs) StdoutLine: {'line': b'-- Up-to-date: /home/maizaied03/ros2_ws/install/px4_msgs/share/px4_msgs/msg/EstimatorAidSource1d.msg\n'}
[0.892601] (px4_msgs) StdoutLine: {'line': b'-- Up-to-date: /home/maizaied03/ros2_ws/install/px4_msgs/share/px4_msgs/msg/EstimatorAidSource2d.msg\n'}
[0.892654] (px4_msgs) StdoutLine: {'line': b'-- Up-to-date: /home/maizaied03/ros2_ws/install/px4_msgs/share/px4_msgs/msg/EstimatorAidSource3d.msg\n'}
[0.892706] (px4_msgs) StdoutLine: {'line': b'-- Up-to-date: /home/maizaied03/ros2_ws/install/px4_msgs/share/px4_msgs/msg/EstimatorBias.msg\n'}
[0.892759] (px4_msgs) StdoutLine: {'line': b'-- Up-to-date: /home/maizaied03/ros2_ws/install/px4_msgs/share/px4_msgs/msg/EstimatorBias3d.msg\n'}
[0.892832] (px4_msgs) StdoutLine: {'line': b'-- Up-to-date: /home/maizaied03/ros2_ws/install/px4_msgs/share/px4_msgs/msg/EstimatorEventFlags.msg\n'}
[0.892885] (px4_msgs) StdoutLine: {'line': b'-- Up-to-date: /home/maizaied03/ros2_ws/install/px4_msgs/share/px4_msgs/msg/EstimatorGpsStatus.msg\n'}
[0.892940] (px4_msgs) StdoutLine: {'line': b'-- Up-to-date: /home/maizaied03/ros2_ws/install/px4_msgs/share/px4_msgs/msg/EstimatorInnovations.msg\n'}
[0.892992] (px4_msgs) StdoutLine: {'line': b'-- Up-to-date: /home/maizaied03/ros2_ws/install/px4_msgs/share/px4_msgs/msg/EstimatorSelectorStatus.msg\n'}
[0.893045] (px4_msgs) StdoutLine: {'line': b'-- Up-to-date: /home/maizaied03/ros2_ws/install/px4_msgs/share/px4_msgs/msg/EstimatorSensorBias.msg\n'}
[0.893097] (px4_msgs) StdoutLine: {'line': b'-- Up-to-date: /home/maizaied03/ros2_ws/install/px4_msgs/share/px4_msgs/msg/EstimatorStates.msg\n'}
[0.893157] (px4_msgs) StdoutLine: {'line': b'-- Up-to-date: /home/maizaied03/ros2_ws/install/px4_msgs/share/px4_msgs/msg/EstimatorStatus.msg\n'}
[0.893213] (px4_msgs) StdoutLine: {'line': b'-- Up-to-date: /home/maizaied03/ros2_ws/install/px4_msgs/share/px4_msgs/msg/EstimatorStatusFlags.msg\n'}
[0.893269] (px4_msgs) StdoutLine: {'line': b'-- Up-to-date: /home/maizaied03/ros2_ws/install/px4_msgs/share/px4_msgs/msg/Event.msg\n'}
[0.893325] (px4_msgs) StdoutLine: {'line': b'-- Up-to-date: /home/maizaied03/ros2_ws/install/px4_msgs/share/px4_msgs/msg/FailsafeFlags.msg\n'}
[0.893383] (px4_msgs) StdoutLine: {'line': b'-- Up-to-date: /home/maizaied03/ros2_ws/install/px4_msgs/share/px4_msgs/msg/FailureDetectorStatus.msg\n'}
[0.893437] (px4_msgs) StdoutLine: {'line': b'-- Up-to-date: /home/maizaied03/ros2_ws/install/px4_msgs/share/px4_msgs/msg/FigureEightStatus.msg\n'}
[0.893493] (px4_msgs) StdoutLine: {'line': b'-- Up-to-date: /home/maizaied03/ros2_ws/install/px4_msgs/share/px4_msgs/msg/FixedWingLateralGuidanceStatus.msg\n'}
[0.893555] (px4_msgs) StdoutLine: {'line': b'-- Up-to-date: /home/maizaied03/ros2_ws/install/px4_msgs/share/px4_msgs/msg/FixedWingLateralSetpoint.msg\n'}
[0.893611] (px4_msgs) StdoutLine: {'line': b'-- Up-to-date: /home/maizaied03/ros2_ws/install/px4_msgs/share/px4_msgs/msg/FixedWingLateralStatus.msg\n'}
[0.893684] (px4_msgs) StdoutLine: {'line': b'-- Up-to-date: /home/maizaied03/ros2_ws/install/px4_msgs/share/px4_msgs/msg/FixedWingLongitudinalSetpoint.msg\n'}
[0.893740] (px4_msgs) StdoutLine: {'line': b'-- Up-to-date: /home/maizaied03/ros2_ws/install/px4_msgs/share/px4_msgs/msg/FixedWingRunwayControl.msg\n'}
[0.893810] (px4_msgs) StdoutLine: {'line': b'-- Up-to-date: /home/maizaied03/ros2_ws/install/px4_msgs/share/px4_msgs/msg/FlightPhaseEstimation.msg\n'}
[0.893865] (px4_msgs) StdoutLine: {'line': b'-- Up-to-date: /home/maizaied03/ros2_ws/install/px4_msgs/share/px4_msgs/msg/FollowTarget.msg\n'}
[0.893926] (px4_msgs) StdoutLine: {'line': b'-- Up-to-date: /home/maizaied03/ros2_ws/install/px4_msgs/share/px4_msgs/msg/FollowTargetEstimator.msg\n'}
[0.893979] (px4_msgs) StdoutLine: {'line': b'-- Up-to-date: /home/maizaied03/ros2_ws/install/px4_msgs/share/px4_msgs/msg/FollowTargetStatus.msg\n'}
[0.894032] (px4_msgs) StdoutLine: {'line': b'-- Up-to-date: /home/maizaied03/ros2_ws/install/px4_msgs/share/px4_msgs/msg/FuelTankStatus.msg\n'}
[0.894103] (px4_msgs) StdoutLine: {'line': b'-- Up-to-date: /home/maizaied03/ros2_ws/install/px4_msgs/share/px4_msgs/msg/GainCompression.msg\n'}
[0.894157] (px4_msgs) StdoutLine: {'line': b'-- Up-to-date: /home/maizaied03/ros2_ws/install/px4_msgs/share/px4_msgs/msg/GeneratorStatus.msg\n'}
[0.894209] (px4_msgs) StdoutLine: {'line': b'-- Up-to-date: /home/maizaied03/ros2_ws/install/px4_msgs/share/px4_msgs/msg/GeofenceResult.msg\n'}
[0.894264] (px4_msgs) StdoutLine: {'line': b'-- Up-to-date: /home/maizaied03/ros2_ws/install/px4_msgs/share/px4_msgs/msg/GeofenceStatus.msg\n'}
[0.894320] (px4_msgs) StdoutLine: {'line': b'-- Up-to-date: /home/maizaied03/ros2_ws/install/px4_msgs/share/px4_msgs/msg/GimbalControls.msg\n'}
[0.894375] (px4_msgs) StdoutLine: {'line': b'-- Up-to-date: /home/maizaied03/ros2_ws/install/px4_msgs/share/px4_msgs/msg/GimbalDeviceAttitudeStatus.msg\n'}
[0.894446] (px4_msgs) StdoutLine: {'line': b'-- Up-to-date: /home/maizaied03/ros2_ws/install/px4_msgs/share/px4_msgs/msg/GimbalDeviceInformation.msg\n'}
[0.894501] (px4_msgs) StdoutLine: {'line': b'-- Up-to-date: /home/maizaied03/ros2_ws/install/px4_msgs/share/px4_msgs/msg/GimbalDeviceSetAttitude.msg\n'}
[0.894557] (px4_msgs) StdoutLine: {'line': b'-- Up-to-date: /home/maizaied03/ros2_ws/install/px4_msgs/share/px4_msgs/msg/GimbalManagerInformation.msg\n'}
[0.894609] (px4_msgs) StdoutLine: {'line': b'-- Up-to-date: /home/maizaied03/ros2_ws/install/px4_msgs/share/px4_msgs/msg/GimbalManagerSetAttitude.msg\n'}
[0.894663] (px4_msgs) StdoutLine: {'line': b'-- Up-to-date: /home/maizaied03/ros2_ws/install/px4_msgs/share/px4_msgs/msg/GimbalManagerSetManualControl.msg\n'}
[0.894718] (px4_msgs) StdoutLine: {'line': b'-- Up-to-date: /home/maizaied03/ros2_ws/install/px4_msgs/share/px4_msgs/msg/GimbalManagerStatus.msg\n'}
[0.894777] (px4_msgs) StdoutLine: {'line': b'-- Up-to-date: /home/maizaied03/ros2_ws/install/px4_msgs/share/px4_msgs/msg/GotoSetpoint.msg\n'}
[0.894844] (px4_msgs) StdoutLine: {'line': b'-- Up-to-date: /home/maizaied03/ros2_ws/install/px4_msgs/share/px4_msgs/msg/GpioConfig.msg\n'}
[0.894898] (px4_msgs) StdoutLine: {'line': b'-- Up-to-date: /home/maizaied03/ros2_ws/install/px4_msgs/share/px4_msgs/msg/GpioIn.msg\n'}
[0.894950] (px4_msgs) StdoutLine: {'line': b'-- Up-to-date: /home/maizaied03/ros2_ws/install/px4_msgs/share/px4_msgs/msg/GpioOut.msg\n'}
[0.895005] (px4_msgs) StdoutLine: {'line': b'-- Up-to-date: /home/maizaied03/ros2_ws/install/px4_msgs/share/px4_msgs/msg/GpioRequest.msg\n'}
[0.895062] (px4_msgs) StdoutLine: {'line': b'-- Up-to-date: /home/maizaied03/ros2_ws/install/px4_msgs/share/px4_msgs/msg/GpsDump.msg\n'}
[0.895117] (px4_msgs) StdoutLine: {'line': b'-- Up-to-date: /home/maizaied03/ros2_ws/install/px4_msgs/share/px4_msgs/msg/GpsInjectData.msg\n'}
[0.895177] (px4_msgs) StdoutLine: {'line': b'-- Up-to-date: /home/maizaied03/ros2_ws/install/px4_msgs/share/px4_msgs/msg/Gripper.msg\n'}
[0.895244] (px4_msgs) StdoutLine: {'line': b'-- Up-to-date: /home/maizaied03/ros2_ws/install/px4_msgs/share/px4_msgs/msg/HealthReport.msg\n'}
[0.895296] (px4_msgs) StdoutLine: {'line': b'-- Up-to-date: /home/maizaied03/ros2_ws/install/px4_msgs/share/px4_msgs/msg/HeaterStatus.msg\n'}
[0.895349] (px4_msgs) StdoutLine: {'line': b'-- Up-to-date: /home/maizaied03/ros2_ws/install/px4_msgs/share/px4_msgs/msg/HomePosition.msg\n'}
[0.895403] (px4_msgs) StdoutLine: {'line': b'-- Up-to-date: /home/maizaied03/ros2_ws/install/px4_msgs/share/px4_msgs/msg/HoverThrustEstimate.msg\n'}
[0.895463] (px4_msgs) StdoutLine: {'line': b'-- Up-to-date: /home/maizaied03/ros2_ws/install/px4_msgs/share/px4_msgs/msg/InputRc.msg\n'}
[0.895515] (px4_msgs) StdoutLine: {'line': b'-- Up-to-date: /home/maizaied03/ros2_ws/install/px4_msgs/share/px4_msgs/msg/InternalCombustionEngineControl.msg\n'}
[0.895568] (px4_msgs) StdoutLine: {'line': b'-- Up-to-date: /home/maizaied03/ros2_ws/install/px4_msgs/share/px4_msgs/msg/InternalCombustionEngineStatus.msg\n'}
[0.895621] (px4_msgs) StdoutLine: {'line': b'-- Up-to-date: /home/maizaied03/ros2_ws/install/px4_msgs/share/px4_msgs/msg/IridiumsbdStatus.msg\n'}
[0.895676] (px4_msgs) StdoutLine: {'line': b'-- Up-to-date: /home/maizaied03/ros2_ws/install/px4_msgs/share/px4_msgs/msg/IrlockReport.msg\n'}
[0.895730] (px4_msgs) StdoutLine: {'line': b'-- Up-to-date: /home/maizaied03/ros2_ws/install/px4_msgs/share/px4_msgs/msg/LandingGear.msg\n'}
[0.895801] (px4_msgs) StdoutLine: {'line': b'-- Up-to-date: /home/maizaied03/ros2_ws/install/px4_msgs/share/px4_msgs/msg/LandingGearWheel.msg\n'}
[0.895856] (px4_msgs) StdoutLine: {'line': b'-- Up-to-date: /home/maizaied03/ros2_ws/install/px4_msgs/share/px4_msgs/msg/LandingTargetInnovations.msg\n'}
[0.895908] (px4_msgs) StdoutLine: {'line': b'-- Up-to-date: /home/maizaied03/ros2_ws/install/px4_msgs/share/px4_msgs/msg/LandingTargetPose.msg\n'}
[0.895972] (px4_msgs) StdoutLine: {'line': b'-- Up-to-date: /home/maizaied03/ros2_ws/install/px4_msgs/share/px4_msgs/msg/LateralControlConfiguration.msg\n'}
[0.896029] (px4_msgs) StdoutLine: {'line': b'-- Up-to-date: /home/maizaied03/ros2_ws/install/px4_msgs/share/px4_msgs/msg/LaunchDetectionStatus.msg\n'}
[0.896081] (px4_msgs) StdoutLine: {'line': b'-- Up-to-date: /home/maizaied03/ros2_ws/install/px4_msgs/share/px4_msgs/msg/LedControl.msg\n'}
[0.896135] (px4_msgs) StdoutLine: {'line': b'-- Up-to-date: /home/maizaied03/ros2_ws/install/px4_msgs/share/px4_msgs/msg/LogMessage.msg\n'}
[0.896198] (px4_msgs) StdoutLine: {'line': b'-- Up-to-date: /home/maizaied03/ros2_ws/install/px4_msgs/share/px4_msgs/msg/LoggerStatus.msg\n'}
[0.896250] (px4_msgs) StdoutLine: {'line': b'-- Up-to-date: /home/maizaied03/ros2_ws/install/px4_msgs/share/px4_msgs/msg/LongitudinalControlConfiguration.msg\n'}
[0.896309] (px4_msgs) StdoutLine: {'line': b'-- Up-to-date: /home/maizaied03/ros2_ws/install/px4_msgs/share/px4_msgs/msg/MagWorkerData.msg\n'}
[0.896366] (px4_msgs) StdoutLine: {'line': b'-- Up-to-date: /home/maizaied03/ros2_ws/install/px4_msgs/share/px4_msgs/msg/MagnetometerBiasEstimate.msg\n'}
[0.896421] (px4_msgs) StdoutLine: {'line': b'-- Up-to-date: /home/maizaied03/ros2_ws/install/px4_msgs/share/px4_msgs/msg/ManualControlSetpoint.msg\n'}
[0.896476] (px4_msgs) StdoutLine: {'line': b'-- Up-to-date: /home/maizaied03/ros2_ws/install/px4_msgs/share/px4_msgs/msg/ManualControlSwitches.msg\n'}
[0.896531] (px4_msgs) StdoutLine: {'line': b'-- Up-to-date: /home/maizaied03/ros2_ws/install/px4_msgs/share/px4_msgs/msg/MavlinkLog.msg\n'}
[0.896585] (px4_msgs) StdoutLine: {'line': b'-- Up-to-date: /home/maizaied03/ros2_ws/install/px4_msgs/share/px4_msgs/msg/MavlinkTunnel.msg\n'}
[0.896640] (px4_msgs) StdoutLine: {'line': b'-- Up-to-date: /home/maizaied03/ros2_ws/install/px4_msgs/share/px4_msgs/msg/MessageFormatRequest.msg\n'}
[0.896708] (px4_msgs) StdoutLine: {'line': b'-- Up-to-date: /home/maizaied03/ros2_ws/install/px4_msgs/share/px4_msgs/msg/MessageFormatResponse.msg\n'}
[0.896772] (px4_msgs) StdoutLine: {'line': b'-- Up-to-date: /home/maizaied03/ros2_ws/install/px4_msgs/share/px4_msgs/msg/Mission.msg\n'}
[0.896829] (px4_msgs) StdoutLine: {'line': b'-- Up-to-date: /home/maizaied03/ros2_ws/install/px4_msgs/share/px4_msgs/msg/MissionResult.msg\n'}
[0.896884] (px4_msgs) StdoutLine: {'line': b'-- Up-to-date: /home/maizaied03/ros2_ws/install/px4_msgs/share/px4_msgs/msg/ModeCompleted.msg\n'}
[0.896940] (px4_msgs) StdoutLine: {'line': b'-- Up-to-date: /home/maizaied03/ros2_ws/install/px4_msgs/share/px4_msgs/msg/MountOrientation.msg\n'}
[0.896996] (px4_msgs) StdoutLine: {'line': b'-- Up-to-date: /home/maizaied03/ros2_ws/install/px4_msgs/share/px4_msgs/msg/NavigatorMissionItem.msg\n'}
[0.897050] (px4_msgs) StdoutLine: {'line': b'-- Up-to-date: /home/maizaied03/ros2_ws/install/px4_msgs/share/px4_msgs/msg/NavigatorStatus.msg\n'}
[0.897107] (px4_msgs) StdoutLine: {'line': b'-- Up-to-date: /home/maizaied03/ros2_ws/install/px4_msgs/share/px4_msgs/msg/NeuralControl.msg\n'}
[0.897162] (px4_msgs) StdoutLine: {'line': b'-- Up-to-date: /home/maizaied03/ros2_ws/install/px4_msgs/share/px4_msgs/msg/NormalizedUnsignedSetpoint.msg\n'}
[0.897217] (px4_msgs) StdoutLine: {'line': b'-- Up-to-date: /home/maizaied03/ros2_ws/install/px4_msgs/share/px4_msgs/msg/ObstacleDistance.msg\n'}
[0.897271] (px4_msgs) StdoutLine: {'line': b'-- Up-to-date: /home/maizaied03/ros2_ws/install/px4_msgs/share/px4_msgs/msg/OffboardControlMode.msg\n'}
[0.897328] (px4_msgs) StdoutLine: {'line': b'-- Up-to-date: /home/maizaied03/ros2_ws/install/px4_msgs/share/px4_msgs/msg/OnboardComputerStatus.msg\n'}
[0.897382] (px4_msgs) StdoutLine: {'line': b'-- Up-to-date: /home/maizaied03/ros2_ws/install/px4_msgs/share/px4_msgs/msg/OpenDroneIdArmStatus.msg\n'}
[0.897438] (px4_msgs) StdoutLine: {'line': b'-- Up-to-date: /home/maizaied03/ros2_ws/install/px4_msgs/share/px4_msgs/msg/OpenDroneIdOperatorId.msg\n'}
[0.897492] (px4_msgs) StdoutLine: {'line': b'-- Up-to-date: /home/maizaied03/ros2_ws/install/px4_msgs/share/px4_msgs/msg/OpenDroneIdSelfId.msg\n'}
[0.897548] (px4_msgs) StdoutLine: {'line': b'-- Up-to-date: /home/maizaied03/ros2_ws/install/px4_msgs/share/px4_msgs/msg/OpenDroneIdSystem.msg\n'}
[0.897616] (px4_msgs) StdoutLine: {'line': b'-- Up-to-date: /home/maizaied03/ros2_ws/install/px4_msgs/share/px4_msgs/msg/OrbTest.msg\n'}
[0.897670] (px4_msgs) StdoutLine: {'line': b'-- Up-to-date: /home/maizaied03/ros2_ws/install/px4_msgs/share/px4_msgs/msg/OrbTestLarge.msg\n'}
[0.897723] (px4_msgs) StdoutLine: {'line': b'-- Up-to-date: /home/maizaied03/ros2_ws/install/px4_msgs/share/px4_msgs/msg/OrbTestMedium.msg\n'}
[0.897779] (px4_msgs) StdoutLine: {'line': b'-- Up-to-date: /home/maizaied03/ros2_ws/install/px4_msgs/share/px4_msgs/msg/OrbitStatus.msg\n'}
[0.897843] (px4_msgs) StdoutLine: {'line': b'-- Up-to-date: /home/maizaied03/ros2_ws/install/px4_msgs/share/px4_msgs/msg/ParameterResetRequest.msg\n'}
[0.897897] (px4_msgs) StdoutLine: {'line': b'-- Up-to-date: /home/maizaied03/ros2_ws/install/px4_msgs/share/px4_msgs/msg/ParameterSetUsedRequest.msg\n'}
[0.897950] (px4_msgs) StdoutLine: {'line': b'-- Up-to-date: /home/maizaied03/ros2_ws/install/px4_msgs/share/px4_msgs/msg/ParameterSetValueRequest.msg\n'}
[0.898005] (px4_msgs) StdoutLine: {'line': b'-- Up-to-date: /home/maizaied03/ros2_ws/install/px4_msgs/share/px4_msgs/msg/ParameterSetValueResponse.msg\n'}
[0.898058] (px4_msgs) StdoutLine: {'line': b'-- Up-to-date: /home/maizaied03/ros2_ws/install/px4_msgs/share/px4_msgs/msg/ParameterUpdate.msg\n'}
[0.898111] (px4_msgs) StdoutLine: {'line': b'-- Up-to-date: /home/maizaied03/ros2_ws/install/px4_msgs/share/px4_msgs/msg/Ping.msg\n'}
[0.898165] (px4_msgs) StdoutLine: {'line': b'-- Up-to-date: /home/maizaied03/ros2_ws/install/px4_msgs/share/px4_msgs/msg/PositionControllerLandingStatus.msg\n'}
[0.898221] (px4_msgs) StdoutLine: {'line': b'-- Up-to-date: /home/maizaied03/ros2_ws/install/px4_msgs/share/px4_msgs/msg/PositionControllerStatus.msg\n'}
[0.898276] (px4_msgs) StdoutLine: {'line': b'-- Up-to-date: /home/maizaied03/ros2_ws/install/px4_msgs/share/px4_msgs/msg/PositionSetpoint.msg\n'}
[0.898331] (px4_msgs) StdoutLine: {'line': b'-- Up-to-date: /home/maizaied03/ros2_ws/install/px4_msgs/share/px4_msgs/msg/PositionSetpointTriplet.msg\n'}
[0.898403] (px4_msgs) StdoutLine: {'line': b'-- Up-to-date: /home/maizaied03/ros2_ws/install/px4_msgs/share/px4_msgs/msg/PowerButtonState.msg\n'}
[0.898456] (px4_msgs) StdoutLine: {'line': b'-- Up-to-date: /home/maizaied03/ros2_ws/install/px4_msgs/share/px4_msgs/msg/PowerMonitor.msg\n'}
[0.898510] (px4_msgs) StdoutLine: {'line': b'-- Up-to-date: /home/maizaied03/ros2_ws/install/px4_msgs/share/px4_msgs/msg/PpsCapture.msg\n'}
[0.898562] (px4_msgs) StdoutLine: {'line': b'-- Up-to-date: /home/maizaied03/ros2_ws/install/px4_msgs/share/px4_msgs/msg/PurePursuitStatus.msg\n'}
[0.898617] (px4_msgs) StdoutLine: {'line': b'-- Up-to-date: /home/maizaied03/ros2_ws/install/px4_msgs/share/px4_msgs/msg/PwmInput.msg\n'}
[0.898684] (px4_msgs) StdoutLine: {'line': b'-- Up-to-date: /home/maizaied03/ros2_ws/install/px4_msgs/share/px4_msgs/msg/Px4ioStatus.msg\n'}
[0.898739] (px4_msgs) StdoutLine: {'line': b'-- Up-to-date: /home/maizaied03/ros2_ws/install/px4_msgs/share/px4_msgs/msg/QshellReq.msg\n'}
[0.898797] (px4_msgs) StdoutLine: {'line': b'-- Up-to-date: /home/maizaied03/ros2_ws/install/px4_msgs/share/px4_msgs/msg/QshellRetval.msg\n'}
[0.898851] (px4_msgs) StdoutLine: {'line': b'-- Up-to-date: /home/maizaied03/ros2_ws/install/px4_msgs/share/px4_msgs/msg/RadioStatus.msg\n'}
[0.898917] (px4_msgs) StdoutLine: {'line': b'-- Up-to-date: /home/maizaied03/ros2_ws/install/px4_msgs/share/px4_msgs/msg/RaptorInput.msg\n'}
[0.898970] (px4_msgs) StdoutLine: {'line': b'-- Up-to-date: /home/maizaied03/ros2_ws/install/px4_msgs/share/px4_msgs/msg/RaptorStatus.msg\n'}
[0.899024] (px4_msgs) StdoutLine: {'line': b'-- Up-to-date: /home/maizaied03/ros2_ws/install/px4_msgs/share/px4_msgs/msg/RateCtrlStatus.msg\n'}
[0.899076] (px4_msgs) StdoutLine: {'line': b'-- Up-to-date: /home/maizaied03/ros2_ws/install/px4_msgs/share/px4_msgs/msg/RcChannels.msg\n'}
[0.899141] (px4_msgs) StdoutLine: {'line': b'-- Up-to-date: /home/maizaied03/ros2_ws/install/px4_msgs/share/px4_msgs/msg/RcParameterMap.msg\n'}
[0.899197] (px4_msgs) StdoutLine: {'line': b'-- Up-to-date: /home/maizaied03/ros2_ws/install/px4_msgs/share/px4_msgs/msg/RegisterExtComponentReply.msg\n'}
[0.899250] (px4_msgs) StdoutLine: {'line': b'-- Up-to-date: /home/maizaied03/ros2_ws/install/px4_msgs/share/px4_msgs/msg/RegisterExtComponentRequest.msg\n'}
[0.899315] (px4_msgs) StdoutLine: {'line': b'-- Up-to-date: /home/maizaied03/ros2_ws/install/px4_msgs/share/px4_msgs/msg/RoverAttitudeSetpoint.msg\n'}
[0.899368] (px4_msgs) StdoutLine: {'line': b'-- Up-to-date: /home/maizaied03/ros2_ws/install/px4_msgs/share/px4_msgs/msg/RoverAttitudeStatus.msg\n'}
[0.899422] (px4_msgs) StdoutLine: {'line': b'-- Up-to-date: /home/maizaied03/ros2_ws/install/px4_msgs/share/px4_msgs/msg/RoverPositionSetpoint.msg\n'}
[0.899475] (px4_msgs) StdoutLine: {'line': b'-- Up-to-date: /home/maizaied03/ros2_ws/install/px4_msgs/share/px4_msgs/msg/RoverRateSetpoint.msg\n'}
[0.899529] (px4_msgs) StdoutLine: {'line': b'-- Up-to-date: /home/maizaied03/ros2_ws/install/px4_msgs/share/px4_msgs/msg/RoverRateStatus.msg\n'}
[0.899584] (px4_msgs) StdoutLine: {'line': b'-- Up-to-date: /home/maizaied03/ros2_ws/install/px4_msgs/share/px4_msgs/msg/RoverSpeedSetpoint.msg\n'}
[0.899640] (px4_msgs) StdoutLine: {'line': b'-- Up-to-date: /home/maizaied03/ros2_ws/install/px4_msgs/share/px4_msgs/msg/RoverSpeedStatus.msg\n'}
[0.899711] (px4_msgs) StdoutLine: {'line': b'-- Up-to-date: /home/maizaied03/ros2_ws/install/px4_msgs/share/px4_msgs/msg/RoverSteeringSetpoint.msg\n'}
[0.899766] (px4_msgs) StdoutLine: {'line': b'-- Up-to-date: /home/maizaied03/ros2_ws/install/px4_msgs/share/px4_msgs/msg/RoverThrottleSetpoint.msg\n'}
[0.899824] (px4_msgs) StdoutLine: {'line': b'-- Up-to-date: /home/maizaied03/ros2_ws/install/px4_msgs/share/px4_msgs/msg/Rpm.msg\n'}
[0.899879] (px4_msgs) StdoutLine: {'line': b'-- Up-to-date: /home/maizaied03/ros2_ws/install/px4_msgs/share/px4_msgs/msg/RtlStatus.msg\n'}
[0.899935] (px4_msgs) StdoutLine: {'line': b'-- Up-to-date: /home/maizaied03/ros2_ws/install/px4_msgs/share/px4_msgs/msg/RtlTimeEstimate.msg\n'}
[0.899999] (px4_msgs) StdoutLine: {'line': b'-- Up-to-date: /home/maizaied03/ros2_ws/install/px4_msgs/share/px4_msgs/msg/SatelliteInfo.msg\n'}
[0.900052] (px4_msgs) StdoutLine: {'line': b'-- Up-to-date: /home/maizaied03/ros2_ws/install/px4_msgs/share/px4_msgs/msg/SensorAccel.msg\n'}
[0.900111] (px4_msgs) StdoutLine: {'line': b'-- Up-to-date: /home/maizaied03/ros2_ws/install/px4_msgs/share/px4_msgs/msg/SensorAccelFifo.msg\n'}
[0.900166] (px4_msgs) StdoutLine: {'line': b'-- Up-to-date: /home/maizaied03/ros2_ws/install/px4_msgs/share/px4_msgs/msg/SensorAirflow.msg\n'}
[0.900220] (px4_msgs) StdoutLine: {'line': b'-- Up-to-date: /home/maizaied03/ros2_ws/install/px4_msgs/share/px4_msgs/msg/SensorBaro.msg\n'}
[0.900285] (px4_msgs) StdoutLine: {'line': b'-- Up-to-date: /home/maizaied03/ros2_ws/install/px4_msgs/share/px4_msgs/msg/SensorCombined.msg\n'}
[0.900339] (px4_msgs) StdoutLine: {'line': b'-- Up-to-date: /home/maizaied03/ros2_ws/install/px4_msgs/share/px4_msgs/msg/SensorCorrection.msg\n'}
[0.900392] (px4_msgs) StdoutLine: {'line': b'-- Up-to-date: /home/maizaied03/ros2_ws/install/px4_msgs/share/px4_msgs/msg/SensorGnssRelative.msg\n'}
[0.900446] (px4_msgs) StdoutLine: {'line': b'-- Up-to-date: /home/maizaied03/ros2_ws/install/px4_msgs/share/px4_msgs/msg/SensorGnssStatus.msg\n'}
[0.900508] (px4_msgs) StdoutLine: {'line': b'-- Up-to-date: /home/maizaied03/ros2_ws/install/px4_msgs/share/px4_msgs/msg/SensorGps.msg\n'}
[0.900561] (px4_msgs) StdoutLine: {'line': b'-- Up-to-date: /home/maizaied03/ros2_ws/install/px4_msgs/share/px4_msgs/msg/SensorGyro.msg\n'}
[0.900613] (px4_msgs) StdoutLine: {'line': b'-- Up-to-date: /home/maizaied03/ros2_ws/install/px4_msgs/share/px4_msgs/msg/SensorGyroFft.msg\n'}
[0.900668] (px4_msgs) StdoutLine: {'line': b'-- Up-to-date: /home/maizaied03/ros2_ws/install/px4_msgs/share/px4_msgs/msg/SensorGyroFifo.msg\n'}
[0.900720] (px4_msgs) StdoutLine: {'line': b'-- Up-to-date: /home/maizaied03/ros2_ws/install/px4_msgs/share/px4_msgs/msg/SensorHygrometer.msg\n'}
[0.900786] (px4_msgs) StdoutLine: {'line': b'-- Up-to-date: /home/maizaied03/ros2_ws/install/px4_msgs/share/px4_msgs/msg/SensorMag.msg\n'}
[0.900852] (px4_msgs) StdoutLine: {'line': b'-- Up-to-date: /home/maizaied03/ros2_ws/install/px4_msgs/share/px4_msgs/msg/SensorOpticalFlow.msg\n'}
[0.900905] (px4_msgs) StdoutLine: {'line': b'-- Up-to-date: /home/maizaied03/ros2_ws/install/px4_msgs/share/px4_msgs/msg/SensorPreflightMag.msg\n'}
[0.900958] (px4_msgs) StdoutLine: {'line': b'-- Up-to-date: /home/maizaied03/ros2_ws/install/px4_msgs/share/px4_msgs/msg/SensorSelection.msg\n'}
[0.901009] (-) TimerEvent: {}
[0.901091] (px4_msgs) StdoutLine: {'line': b'-- Up-to-date: /home/maizaied03/ros2_ws/install/px4_msgs/share/px4_msgs/msg/SensorTemp.msg\n'}
[0.901151] (px4_msgs) StdoutLine: {'line': b'-- Up-to-date: /home/maizaied03/ros2_ws/install/px4_msgs/share/px4_msgs/msg/SensorUwb.msg\n'}
[0.901223] (px4_msgs) StdoutLine: {'line': b'-- Up-to-date: /home/maizaied03/ros2_ws/install/px4_msgs/share/px4_msgs/msg/SensorsStatus.msg\n'}
[0.901277] (px4_msgs) StdoutLine: {'line': b'-- Up-to-date: /home/maizaied03/ros2_ws/install/px4_msgs/share/px4_msgs/msg/SensorsStatusImu.msg\n'}
[0.901331] (px4_msgs) StdoutLine: {'line': b'-- Up-to-date: /home/maizaied03/ros2_ws/install/px4_msgs/share/px4_msgs/msg/SystemPower.msg\n'}
[0.901384] (px4_msgs) StdoutLine: {'line': b'-- Up-to-date: /home/maizaied03/ros2_ws/install/px4_msgs/share/px4_msgs/msg/TakeoffStatus.msg\n'}
[0.901438] (px4_msgs) StdoutLine: {'line': b'-- Up-to-date: /home/maizaied03/ros2_ws/install/px4_msgs/share/px4_msgs/msg/TaskStackInfo.msg\n'}
[0.901492] (px4_msgs) StdoutLine: {'line': b'-- Up-to-date: /home/maizaied03/ros2_ws/install/px4_msgs/share/px4_msgs/msg/TecsStatus.msg\n'}
[0.901548] (px4_msgs) StdoutLine: {'line': b'-- Up-to-date: /home/maizaied03/ros2_ws/install/px4_msgs/share/px4_msgs/msg/TelemetryStatus.msg\n'}
[0.901610] (px4_msgs) StdoutLine: {'line': b'-- Up-to-date: /home/maizaied03/ros2_ws/install/px4_msgs/share/px4_msgs/msg/TiltrotorExtraControls.msg\n'}
[0.901675] (px4_msgs) StdoutLine: {'line': b'-- Up-to-date: /home/maizaied03/ros2_ws/install/px4_msgs/share/px4_msgs/msg/TimesyncStatus.msg\n'}
[0.901728] (px4_msgs) StdoutLine: {'line': b'-- Up-to-date: /home/maizaied03/ros2_ws/install/px4_msgs/share/px4_msgs/msg/TrajectorySetpoint.msg\n'}
[0.901798] (px4_msgs) StdoutLine: {'line': b'-- Up-to-date: /home/maizaied03/ros2_ws/install/px4_msgs/share/px4_msgs/msg/TrajectorySetpoint6dof.msg\n'}
[0.901854] (px4_msgs) StdoutLine: {'line': b'-- Up-to-date: /home/maizaied03/ros2_ws/install/px4_msgs/share/px4_msgs/msg/TransponderReport.msg\n'}
[0.901908] (px4_msgs) StdoutLine: {'line': b'-- Up-to-date: /home/maizaied03/ros2_ws/install/px4_msgs/share/px4_msgs/msg/TuneControl.msg\n'}
[0.901961] (px4_msgs) StdoutLine: {'line': b'-- Up-to-date: /home/maizaied03/ros2_ws/install/px4_msgs/share/px4_msgs/msg/UavcanParameterRequest.msg\n'}
[0.902026] (px4_msgs) StdoutLine: {'line': b'-- Up-to-date: /home/maizaied03/ros2_ws/install/px4_msgs/share/px4_msgs/msg/UavcanParameterValue.msg\n'}
[0.902082] (px4_msgs) StdoutLine: {'line': b'-- Up-to-date: /home/maizaied03/ros2_ws/install/px4_msgs/share/px4_msgs/msg/UlogStream.msg\n'}
[0.902137] (px4_msgs) StdoutLine: {'line': b'-- Up-to-date: /home/maizaied03/ros2_ws/install/px4_msgs/share/px4_msgs/msg/UlogStreamAck.msg\n'}
[0.902191] (px4_msgs) StdoutLine: {'line': b'-- Up-to-date: /home/maizaied03/ros2_ws/install/px4_msgs/share/px4_msgs/msg/UnregisterExtComponent.msg\n'}
[0.902244] (px4_msgs) StdoutLine: {'line': b'-- Up-to-date: /home/maizaied03/ros2_ws/install/px4_msgs/share/px4_msgs/msg/VehicleAcceleration.msg\n'}
[0.902297] (px4_msgs) StdoutLine: {'line': b'-- Up-to-date: /home/maizaied03/ros2_ws/install/px4_msgs/share/px4_msgs/msg/VehicleAirData.msg\n'}
[0.902356] (px4_msgs) StdoutLine: {'line': b'-- Up-to-date: /home/maizaied03/ros2_ws/install/px4_msgs/share/px4_msgs/msg/VehicleAngularAccelerationSetpoint.msg\n'}
[0.902411] (px4_msgs) StdoutLine: {'line': b'-- Up-to-date: /home/maizaied03/ros2_ws/install/px4_msgs/share/px4_msgs/msg/VehicleAngularVelocity.msg\n'}
[0.902472] (px4_msgs) StdoutLine: {'line': b'-- Up-to-date: /home/maizaied03/ros2_ws/install/px4_msgs/share/px4_msgs/msg/VehicleAttitude.msg\n'}
[0.902525] (px4_msgs) StdoutLine: {'line': b'-- Up-to-date: /home/maizaied03/ros2_ws/install/px4_msgs/share/px4_msgs/msg/VehicleAttitudeSetpoint.msg\n'}
[0.902579] (px4_msgs) StdoutLine: {'line': b'-- Up-to-date: /home/maizaied03/ros2_ws/install/px4_msgs/share/px4_msgs/msg/VehicleCommand.msg\n'}
[0.902634] (px4_msgs) StdoutLine: {'line': b'-- Up-to-date: /home/maizaied03/ros2_ws/install/px4_msgs/share/px4_msgs/msg/VehicleCommandAck.msg\n'}
[0.902688] (px4_msgs) StdoutLine: {'line': b'-- Up-to-date: /home/maizaied03/ros2_ws/install/px4_msgs/share/px4_msgs/msg/VehicleConstraints.msg\n'}
[0.902746] (px4_msgs) StdoutLine: {'line': b'-- Up-to-date: /home/maizaied03/ros2_ws/install/px4_msgs/share/px4_msgs/msg/VehicleControlMode.msg\n'}
[0.902817] (px4_msgs) StdoutLine: {'line': b'-- Up-to-date: /home/maizaied03/ros2_ws/install/px4_msgs/share/px4_msgs/msg/VehicleGlobalPosition.msg\n'}
[0.902872] (px4_msgs) StdoutLine: {'line': b'-- Up-to-date: /home/maizaied03/ros2_ws/install/px4_msgs/share/px4_msgs/msg/VehicleImu.msg\n'}
[0.902928] (px4_msgs) StdoutLine: {'line': b'-- Up-to-date: /home/maizaied03/ros2_ws/install/px4_msgs/share/px4_msgs/msg/VehicleImuStatus.msg\n'}
[0.902987] (px4_msgs) StdoutLine: {'line': b'-- Up-to-date: /home/maizaied03/ros2_ws/install/px4_msgs/share/px4_msgs/msg/VehicleLandDetected.msg\n'}
[0.903043] (px4_msgs) StdoutLine: {'line': b'-- Up-to-date: /home/maizaied03/ros2_ws/install/px4_msgs/share/px4_msgs/msg/VehicleLocalPosition.msg\n'}
[0.903098] (px4_msgs) StdoutLine: {'line': b'-- Up-to-date: /home/maizaied03/ros2_ws/install/px4_msgs/share/px4_msgs/msg/VehicleLocalPositionSetpoint.msg\n'}
[0.903154] (px4_msgs) StdoutLine: {'line': b'-- Up-to-date: /home/maizaied03/ros2_ws/install/px4_msgs/share/px4_msgs/msg/VehicleMagnetometer.msg\n'}
[0.903214] (px4_msgs) StdoutLine: {'line': b'-- Up-to-date: /home/maizaied03/ros2_ws/install/px4_msgs/share/px4_msgs/msg/VehicleOdometry.msg\n'}
[0.903269] (px4_msgs) StdoutLine: {'line': b'-- Up-to-date: /home/maizaied03/ros2_ws/install/px4_msgs/share/px4_msgs/msg/VehicleOpticalFlow.msg\n'}
[0.903325] (px4_msgs) StdoutLine: {'line': b'-- Up-to-date: /home/maizaied03/ros2_ws/install/px4_msgs/share/px4_msgs/msg/VehicleOpticalFlowVel.msg\n'}
[0.903384] (px4_msgs) StdoutLine: {'line': b'-- Up-to-date: /home/maizaied03/ros2_ws/install/px4_msgs/share/px4_msgs/msg/VehicleRatesSetpoint.msg\n'}
[0.903452] (px4_msgs) StdoutLine: {'line': b'-- Up-to-date: /home/maizaied03/ros2_ws/install/px4_msgs/share/px4_msgs/msg/VehicleRoi.msg\n'}
[0.903506] (px4_msgs) StdoutLine: {'line': b'-- Up-to-date: /home/maizaied03/ros2_ws/install/px4_msgs/share/px4_msgs/msg/VehicleStatus.msg\n'}
[0.903559] (px4_msgs) StdoutLine: {'line': b'-- Up-to-date: /home/maizaied03/ros2_ws/install/px4_msgs/share/px4_msgs/msg/VehicleThrustSetpoint.msg\n'}
[0.903627] (px4_msgs) StdoutLine: {'line': b'-- Up-to-date: /home/maizaied03/ros2_ws/install/px4_msgs/share/px4_msgs/msg/VehicleTorqueSetpoint.msg\n'}
[0.903680] (px4_msgs) StdoutLine: {'line': b'-- Up-to-date: /home/maizaied03/ros2_ws/install/px4_msgs/share/px4_msgs/msg/VelocityLimits.msg\n'}
[0.903733] (px4_msgs) StdoutLine: {'line': b'-- Up-to-date: /home/maizaied03/ros2_ws/install/px4_msgs/share/px4_msgs/msg/VtolVehicleStatus.msg\n'}
[0.903794] (px4_msgs) StdoutLine: {'line': b'-- Up-to-date: /home/maizaied03/ros2_ws/install/px4_msgs/share/px4_msgs/msg/Vtx.msg\n'}
[0.903849] (px4_msgs) StdoutLine: {'line': b'-- Up-to-date: /home/maizaied03/ros2_ws/install/px4_msgs/share/px4_msgs/msg/WheelEncoders.msg\n'}
[0.903903] (px4_msgs) StdoutLine: {'line': b'-- Up-to-date: /home/maizaied03/ros2_ws/install/px4_msgs/share/px4_msgs/msg/Wind.msg\n'}
[0.903957] (px4_msgs) StdoutLine: {'line': b'-- Up-to-date: /home/maizaied03/ros2_ws/install/px4_msgs/share/px4_msgs/msg/YawEstimatorStatus.msg\n'}
[0.904012] (px4_msgs) StdoutLine: {'line': b'-- Up-to-date: /home/maizaied03/ros2_ws/install/px4_msgs/share/px4_msgs/srv/VehicleCommand.srv\n'}
[0.904074] (px4_msgs) StdoutLine: {'line': b'-- Up-to-date: /home/maizaied03/ros2_ws/install/px4_msgs/share/px4_msgs/srv/VehicleCommand_Request.msg\n'}
[0.904129] (px4_msgs) StdoutLine: {'line': b'-- Up-to-date: /home/maizaied03/ros2_ws/install/px4_msgs/share/px4_msgs/srv/VehicleCommand_Response.msg\n'}
[0.904183] (px4_msgs) StdoutLine: {'line': b'-- Up-to-date: /home/maizaied03/ros2_ws/install/px4_msgs/share/ament_index/resource_index/package_run_dependencies/px4_msgs\n'}
[0.904237] (px4_msgs) StdoutLine: {'line': b'-- Up-to-date: /home/maizaied03/ros2_ws/install/px4_msgs/share/ament_index/resource_index/parent_prefix_path/px4_msgs\n'}
[0.904293] (px4_msgs) StdoutLine: {'line': b'-- Up-to-date: /home/maizaied03/ros2_ws/install/px4_msgs/share/px4_msgs/environment/ament_prefix_path.sh\n'}
[0.904354] (px4_msgs) StdoutLine: {'line': b'-- Up-to-date: /home/maizaied03/ros2_ws/install/px4_msgs/share/px4_msgs/environment/ament_prefix_path.dsv\n'}
[0.904411] (px4_msgs) StdoutLine: {'line': b'-- Up-to-date: /home/maizaied03/ros2_ws/install/px4_msgs/share/px4_msgs/environment/path.sh\n'}
[0.904473] (px4_msgs) StdoutLine: {'line': b'-- Up-to-date: /home/maizaied03/ros2_ws/install/px4_msgs/share/px4_msgs/environment/path.dsv\n'}
[0.904527] (px4_msgs) StdoutLine: {'line': b'-- Up-to-date: /home/maizaied03/ros2_ws/install/px4_msgs/share/px4_msgs/local_setup.bash\n'}
[0.904581] (px4_msgs) StdoutLine: {'line': b'-- Up-to-date: /home/maizaied03/ros2_ws/install/px4_msgs/share/px4_msgs/local_setup.sh\n'}
[0.904634] (px4_msgs) StdoutLine: {'line': b'-- Up-to-date: /home/maizaied03/ros2_ws/install/px4_msgs/share/px4_msgs/local_setup.zsh\n'}
[0.904688] (px4_msgs) StdoutLine: {'line': b'-- Up-to-date: /home/maizaied03/ros2_ws/install/px4_msgs/share/px4_msgs/local_setup.dsv\n'}
[0.904745] (px4_msgs) StdoutLine: {'line': b'-- Installing: /home/maizaied03/ros2_ws/install/px4_msgs/share/px4_msgs/package.dsv\n'}
[0.904823] (px4_msgs) StdoutLine: {'line': b'-- Up-to-date: /home/maizaied03/ros2_ws/install/px4_msgs/share/ament_index/resource_index/packages/px4_msgs\n'}
[0.904878] (px4_msgs) StdoutLine: {'line': b'-- Up-to-date: /home/maizaied03/ros2_ws/install/px4_msgs/share/px4_msgs/cmake/export_px4_msgs__rosidl_generator_cExport.cmake\n'}
[0.904933] (px4_msgs) StdoutLine: {'line': b'-- Up-to-date: /home/maizaied03/ros2_ws/install/px4_msgs/share/px4_msgs/cmake/export_px4_msgs__rosidl_generator_cExport-noconfig.cmake\n'}
[0.904987] (px4_msgs) StdoutLine: {'line': b'-- Up-to-date: /home/maizaied03/ros2_ws/install/px4_msgs/share/px4_msgs/cmake/export_px4_msgs__rosidl_typesupport_fastrtps_cExport.cmake\n'}
[0.905041] (px4_msgs) StdoutLine: {'line': b'-- Up-to-date: /home/maizaied03/ros2_ws/install/px4_msgs/share/px4_msgs/cmake/export_px4_msgs__rosidl_typesupport_fastrtps_cExport-noconfig.cmake\n'}
[0.905112] (px4_msgs) StdoutLine: {'line': b'-- Up-to-date: /home/maizaied03/ros2_ws/install/px4_msgs/share/px4_msgs/cmake/export_px4_msgs__rosidl_generator_cppExport.cmake\n'}
[0.905166] (px4_msgs) StdoutLine: {'line': b'-- Up-to-date: /home/maizaied03/ros2_ws/install/px4_msgs/share/px4_msgs/cmake/export_px4_msgs__rosidl_typesupport_fastrtps_cppExport.cmake\n'}
[0.905219] (px4_msgs) StdoutLine: {'line': b'-- Up-to-date: /home/maizaied03/ros2_ws/install/px4_msgs/share/px4_msgs/cmake/export_px4_msgs__rosidl_typesupport_fastrtps_cppExport-noconfig.cmake\n'}
[0.905281] (px4_msgs) StdoutLine: {'line': b'-- Up-to-date: /home/maizaied03/ros2_ws/install/px4_msgs/share/px4_msgs/cmake/px4_msgs__rosidl_typesupport_introspection_cExport.cmake\n'}
[0.905335] (px4_msgs) StdoutLine: {'line': b'-- Up-to-date: /home/maizaied03/ros2_ws/install/px4_msgs/share/px4_msgs/cmake/px4_msgs__rosidl_typesupport_introspection_cExport-noconfig.cmake\n'}
[0.905388] (px4_msgs) StdoutLine: {'line': b'-- Up-to-date: /home/maizaied03/ros2_ws/install/px4_msgs/share/px4_msgs/cmake/px4_msgs__rosidl_typesupport_cExport.cmake\n'}
[0.905445] (px4_msgs) StdoutLine: {'line': b'-- Up-to-date: /home/maizaied03/ros2_ws/install/px4_msgs/share/px4_msgs/cmake/px4_msgs__rosidl_typesupport_cExport-noconfig.cmake\n'}
[0.905523] (px4_msgs) StdoutLine: {'line': b'-- Up-to-date: /home/maizaied03/ros2_ws/install/px4_msgs/share/px4_msgs/cmake/px4_msgs__rosidl_typesupport_introspection_cppExport.cmake\n'}
[0.905723] (px4_msgs) StdoutLine: {'line': b'-- Up-to-date: /home/maizaied03/ros2_ws/install/px4_msgs/share/px4_msgs/cmake/px4_msgs__rosidl_typesupport_introspection_cppExport-noconfig.cmake\n'}
[0.906108] (px4_msgs) StdoutLine: {'line': b'-- Up-to-date: /home/maizaied03/ros2_ws/install/px4_msgs/share/px4_msgs/cmake/px4_msgs__rosidl_typesupport_cppExport.cmake\n'}
[0.906281] (px4_msgs) StdoutLine: {'line': b'-- Up-to-date: /home/maizaied03/ros2_ws/install/px4_msgs/share/px4_msgs/cmake/px4_msgs__rosidl_typesupport_cppExport-noconfig.cmake\n'}
[0.906523] (px4_msgs) StdoutLine: {'line': b'-- Up-to-date: /home/maizaied03/ros2_ws/install/px4_msgs/share/px4_msgs/cmake/export_px4_msgs__rosidl_generator_pyExport.cmake\n'}
[0.906785] (px4_msgs) StdoutLine: {'line': b'-- Up-to-date: /home/maizaied03/ros2_ws/install/px4_msgs/share/px4_msgs/cmake/export_px4_msgs__rosidl_generator_pyExport-noconfig.cmake\n'}
[0.907121] (px4_msgs) StdoutLine: {'line': b'-- Up-to-date: /home/maizaied03/ros2_ws/install/px4_msgs/share/px4_msgs/cmake/rosidl_cmake-extras.cmake\n'}
[0.907297] (px4_msgs) StdoutLine: {'line': b'-- Up-to-date: /home/maizaied03/ros2_ws/install/px4_msgs/share/px4_msgs/cmake/ament_cmake_export_dependencies-extras.cmake\n'}
[0.907494] (px4_msgs) StdoutLine: {'line': b'-- Up-to-date: /home/maizaied03/ros2_ws/install/px4_msgs/share/px4_msgs/cmake/ament_cmake_export_include_directories-extras.cmake\n'}
[0.907724] (px4_msgs) StdoutLine: {'line': b'-- Up-to-date: /home/maizaied03/ros2_ws/install/px4_msgs/share/px4_msgs/cmake/ament_cmake_export_libraries-extras.cmake\n'}
[0.908060] (px4_msgs) StdoutLine: {'line': b'-- Up-to-date: /home/maizaied03/ros2_ws/install/px4_msgs/share/px4_msgs/cmake/ament_cmake_export_targets-extras.cmake\n'}
[0.908407] (px4_msgs) StdoutLine: {'line': b'-- Up-to-date: /home/maizaied03/ros2_ws/install/px4_msgs/share/px4_msgs/cmake/rosidl_cmake_export_typesupport_targets-extras.cmake\n'}
[0.908474] (px4_msgs) StdoutLine: {'line': b'-- Up-to-date: /home/maizaied03/ros2_ws/install/px4_msgs/share/px4_msgs/cmake/rosidl_cmake_export_typesupport_libraries-extras.cmake\n'}
[0.908815] (px4_msgs) StdoutLine: {'line': b'-- Up-to-date: /home/maizaied03/ros2_ws/install/px4_msgs/share/px4_msgs/cmake/px4_msgsConfig.cmake\n'}
[0.908970] (px4_msgs) StdoutLine: {'line': b'-- Up-to-date: /home/maizaied03/ros2_ws/install/px4_msgs/share/px4_msgs/cmake/px4_msgsConfig-version.cmake\n'}
[0.909150] (px4_msgs) StdoutLine: {'line': b'-- Up-to-date: /home/maizaied03/ros2_ws/install/px4_msgs/share/px4_msgs/package.xml\n'}
[0.911917] (px4_msgs) CommandEnded: {'returncode': 0}
[0.930237] (px4_msgs) JobEnded: {'identifier': 'px4_msgs', 'rc': 0}
[0.930893] (fog_node) JobStarted: {'identifier': 'fog_node'}
[1.001142] (-) TimerEvent: {}
[1.101444] (-) TimerEvent: {}
[1.201662] (-) TimerEvent: {}
[1.301968] (-) TimerEvent: {}
[1.315461] (fog_node) Command: {'cmd': ['/usr/bin/python3', '-W', 'ignore:setup.py install is deprecated', '-W', 'ignore:easy_install command is deprecated', 'setup.py', 'egg_info', '--egg-base', '../../build/fog_node', 'build', '--build-base', '/home/maizaied03/ros2_ws/build/fog_node/build', 'install', '--record', '/home/maizaied03/ros2_ws/build/fog_node/install.log', '--single-version-externally-managed', 'install_data'], 'cwd': '/home/maizaied03/ros2_ws/src/fog_node', 'env': {'LESSOPEN': '| /usr/bin/lesspipe %s', 'GZ_SIM_RESOURCE_PATH': ':/home/maizaied03/PX4-Autopilot/Tools/simulation/gz/models', 'USER': 'maizaied03', 'XDG_SESSION_TYPE': 'x11', 'SHLVL': '1', 'LD_LIBRARY_PATH': '/home/maizaied03/ros2_ws/install/px4_msgs/lib:/opt/ros/humble/opt/rviz_ogre_vendor/lib:/opt/ros/humble/lib/x86_64-linux-gnu:/opt/ros/humble/lib', 'HOME': '/home/maizaied03', 'OLDPWD': '/home/maizaied03/ros2_ws/src/px4_msgs', 'DESKTOP_SESSION': 'ubuntu', 'ROS_PYTHON_VERSION': '3', 'GNOME_SHELL_SESSION_MODE': 'ubuntu', 'GTK_MODULES': 'gail:atk-bridge', 'SYSTEMD_EXEC_PID': '1934', 'DBUS_SESSION_BUS_ADDRESS': 'unix:path=/run/user/1000/bus', 'COLORTERM': 'truecolor', 'COLCON_PREFIX_PATH': '/home/maizaied03/ros2_ws/install', 'ROS_DISTRO': 'humble', 'GTK_IM_MODULE': 'ibus', 'LOGNAME': 'maizaied03', '_': '/usr/bin/colcon', 'ROS_VERSION': '2', 'XDG_SESSION_CLASS': 'user', 'USERNAME': 'maizaied03', 'TERM': 'xterm-256color', 'GNOME_DESKTOP_SESSION_ID': 'this-is-deprecated', 'ROS_LOCALHOST_ONLY': '0', 'WINDOWPATH': '2', 'PATH': '/opt/ros/humble/bin:/home/maizaied03/.local/bin:/usr/local/sbin:/usr/local/bin:/usr/sbin:/usr/bin:/sbin:/bin:/usr/games:/usr/local/games:/snap/bin:/snap/bin:/opt/xtensa-esp-elf/bin/:/opt/xtensa-esp-elf/bin/', 'SESSION_MANAGER': 'local/maizaied03-ASUS-TUF-Dash-F15-FX516PE-FX516PE:@/tmp/.ICE-unix/1895,unix/maizaied03-ASUS-TUF-Dash-F15-FX516PE-FX516PE:/tmp/.ICE-unix/1895', 'XDG_MENU_PREFIX': 'gnome-', 'GNOME_TERMINAL_SCREEN': '/org/gnome/Terminal/screen/96fc513f_ed26_4457_b509_abb59ca4376e', 'XDG_RUNTIME_DIR': '/run/user/1000', 'DISPLAY': ':1', 'LANG': 'en_US.UTF-8', 'XDG_CURRENT_DESKTOP': 'ubuntu:GNOME', 'XMODIFIERS': '@im=ibus', 'XDG_SESSION_DESKTOP': 'ubuntu', 'XAUTHORITY': '/run/user/1000/gdm/Xauthority', 'LS_COLORS': 'rs=0:di=01;34:ln=01;36:mh=00:pi=40;33:so=01;35:do=01;35:bd=40;33;01:cd=40;33;01:or=40;31;01:mi=00:su=37;41:sg=30;43:ca=30;41:tw=30;42:ow=34;42:st=37;44:ex=01;32:*.tar=01;31:*.tgz=01;31:*.arc=01;31:*.arj=01;31:*.taz=01;31:*.lha=01;31:*.lz4=01;31:*.lzh=01;31:*.lzma=01;31:*.tlz=01;31:*.txz=01;31:*.tzo=01;31:*.t7z=01;31:*.zip=01;31:*.z=01;31:*.dz=01;31:*.gz=01;31:*.lrz=01;31:*.lz=01;31:*.lzo=01;31:*.xz=01;31:*.zst=01;31:*.tzst=01;31:*.bz2=01;31:*.bz=01;31:*.tbz=01;31:*.tbz2=01;31:*.tz=01;31:*.deb=01;31:*.rpm=01;31:*.jar=01;31:*.war=01;31:*.ear=01;31:*.sar=01;31:*.rar=01;31:*.alz=01;31:*.ace=01;31:*.zoo=01;31:*.cpio=01;31:*.7z=01;31:*.rz=01;31:*.cab=01;31:*.wim=01;31:*.swm=01;31:*.dwm=01;31:*.esd=01;31:*.jpg=01;35:*.jpeg=01;35:*.mjpg=01;35:*.mjpeg=01;35:*.gif=01;35:*.bmp=01;35:*.pbm=01;35:*.pgm=01;35:*.ppm=01;35:*.tga=01;35:*.xbm=01;35:*.xpm=01;35:*.tif=01;35:*.tiff=01;35:*.png=01;35:*.svg=01;35:*.svgz=01;35:*.mng=01;35:*.pcx=01;35:*.mov=01;35:*.mpg=01;35:*.mpeg=01;35:*.m2v=01;35:*.mkv=01;35:*.webm=01;35:*.webp=01;35:*.ogm=01;35:*.mp4=01;35:*.m4v=01;35:*.mp4v=01;35:*.vob=01;35:*.qt=01;35:*.nuv=01;35:*.wmv=01;35:*.asf=01;35:*.rm=01;35:*.rmvb=01;35:*.flc=01;35:*.avi=01;35:*.fli=01;35:*.flv=01;35:*.gl=01;35:*.dl=01;35:*.xcf=01;35:*.xwd=01;35:*.yuv=01;35:*.cgm=01;35:*.emf=01;35:*.ogv=01;35:*.ogx=01;35:*.aac=00;36:*.au=00;36:*.flac=00;36:*.m4a=00;36:*.mid=00;36:*.midi=00;36:*.mka=00;36:*.mp3=00;36:*.mpc=00;36:*.ogg=00;36:*.ra=00;36:*.wav=00;36:*.oga=00;36:*.opus=00;36:*.spx=00;36:*.xspf=00;36:', 'GNOME_TERMINAL_SERVICE': ':1.119', 'SSH_AGENT_LAUNCHER': 'gnome-keyring', 'SSH_AUTH_SOCK': '/run/user/1000/keyring/ssh', 'AMENT_PREFIX_PATH': '/home/maizaied03/ros2_ws/install/multi_drone_offboard:/home/maizaied03/ros2_ws/install/fog_node:/home/maizaied03/ros2_ws/install/px4_msgs:/home/maizaied03/ros2_ws/install/drone_node:/opt/ros/humble', 'SHELL': '/bin/bash', 'QT_ACCESSIBILITY': '1', 'GDMSESSION': 'ubuntu', 'LESSCLOSE': '/usr/bin/lesspipe %s %s', 'GPG_AGENT_INFO': '/run/user/1000/gnupg/S.gpg-agent:0:1', 'QT_IM_MODULE': 'ibus', 'PWD': '/home/maizaied03/ros2_ws/build/fog_node', 'LC_ALL': 'en_US.UTF-8', 'XDG_CONFIG_DIRS': '/etc/xdg/xdg-ubuntu:/etc/xdg', 'XDG_DATA_DIRS': '/usr/share/ubuntu:/usr/share/gnome:/home/maizaied03/.local/share/flatpak/exports/share:/var/lib/flatpak/exports/share:/usr/local/share/:/usr/share/:/var/lib/snapd/desktop', 'PYTHONPATH': '/home/maizaied03/ros2_ws/build/fog_node/prefix_override:/usr/lib/python3/dist-packages/colcon_core/task/python/colcon_distutils_commands:/home/maizaied03/ros2_ws/install/fog_node/lib/python3.10/site-packages:/home/maizaied03/ros2_ws/install/multi_drone_offboard/lib/python3.10/site-packages:/home/maizaied03/ros2_ws/install/fog_node/lib/python3.10/site-packages:/home/maizaied03/ros2_ws/install/px4_msgs/local/lib/python3.10/dist-packages:/home/maizaied03/ros2_ws/install/drone_node/lib/python3.10/site-packages:/opt/ros/humble/lib/python3.10/site-packages:/opt/ros/humble/local/lib/python3.10/dist-packages', 'COLCON': '1', 'VTE_VERSION': '6800', 'CMAKE_PREFIX_PATH': '/home/maizaied03/ros2_ws/install/px4_msgs'}, 'shell': False}
[1.402051] (-) TimerEvent: {}
[1.459675] (fog_node) StdoutLine: {'line': b'running egg_info\n'}
[1.460058] (fog_node) StdoutLine: {'line': b'writing ../../build/fog_node/fog_node.egg-info/PKG-INFO\n'}
[1.460170] (fog_node) StdoutLine: {'line': b'writing dependency_links to ../../build/fog_node/fog_node.egg-info/dependency_links.txt\n'}
[1.460246] (fog_node) StdoutLine: {'line': b'writing entry points to ../../build/fog_node/fog_node.egg-info/entry_points.txt\n'}
[1.460308] (fog_node) StdoutLine: {'line': b'writing requirements to ../../build/fog_node/fog_node.egg-info/requires.txt\n'}
[1.460361] (fog_node) StdoutLine: {'line': b'writing top-level names to ../../build/fog_node/fog_node.egg-info/top_level.txt\n'}
[1.461469] (fog_node) StdoutLine: {'line': b"reading manifest file '../../build/fog_node/fog_node.egg-info/SOURCES.txt'\n"}
[1.462697] (fog_node) StdoutLine: {'line': b"writing manifest file '../../build/fog_node/fog_node.egg-info/SOURCES.txt'\n"}
[1.462761] (fog_node) StdoutLine: {'line': b'running build\n'}
[1.462815] (fog_node) StdoutLine: {'line': b'running build_py\n'}
[1.462910] (fog_node) StdoutLine: {'line': b'running install\n'}
[1.463170] (fog_node) StdoutLine: {'line': b'running install_lib\n'}
[1.463884] (fog_node) StdoutLine: {'line': b'running install_data\n'}
[1.463947] (fog_node) StdoutLine: {'line': b'running install_egg_info\n'}
[1.465141] (fog_node) StdoutLine: {'line': b"removing '/home/maizaied03/ros2_ws/install/fog_node/lib/python3.10/site-packages/fog_node-0.0.0-py3.10.egg-info' (and everything under it)\n"}
[1.465278] (fog_node) StdoutLine: {'line': b'Copying ../../build/fog_node/fog_node.egg-info to /home/maizaied03/ros2_ws/install/fog_node/lib/python3.10/site-packages/fog_node-0.0.0-py3.10.egg-info\n'}
[1.465726] (fog_node) StdoutLine: {'line': b'running install_scripts\n'}
[1.479397] (fog_node) StdoutLine: {'line': b'Installing fog_server script to /home/maizaied03/ros2_ws/install/fog_node/lib/fog_node\n'}
[1.479544] (fog_node) StdoutLine: {'line': b"writing list of installed files to '/home/maizaied03/ros2_ws/build/fog_node/install.log'\n"}
[1.496494] (fog_node) CommandEnded: {'returncode': 0}
[1.500388] (fog_node) JobEnded: {'identifier': 'fog_node', 'rc': 0}
[1.500746] (-) EventReactorShutdown: {}
