[0.000000] (-) TimerEvent: {}
[0.000305] (px4_msgs) JobQueued: {'identifier': 'px4_msgs', 'dependencies': OrderedDict()}
[0.000327] (multi_drone_offboard) JobQueued: {'identifier': 'multi_drone_offboard', 'dependencies': OrderedDict([('px4_msgs', '/home/maizaied03/ros2_ws/install/px4_msgs')])}
[0.000344] (px4_msgs) JobStarted: {'identifier': 'px4_msgs'}
[0.009207] (px4_msgs) JobProgress: {'identifier': 'px4_msgs', 'progress': 'cmake'}
[0.015829] (px4_msgs) JobProgress: {'identifier': 'px4_msgs', 'progress': 'build'}
[0.015900] (px4_msgs) Command: {'cmd': ['/usr/bin/cmake', '--build', '/home/maizaied03/ros2_ws/build/px4_msgs', '--', '-j8', '-l8'], 'cwd': '/home/maizaied03/ros2_ws/build/px4_msgs', 'env': OrderedDict([('GJS_DEBUG_TOPICS', 'JS ERROR;JS LOG'), ('PYTHON_BASIC_REPL', '1'), ('LESSOPEN', '| /usr/bin/lesspipe %s'), ('USER', 'maizaied03'), ('FONTCONFIG_PATH', '/etc/fonts'), ('GIO_MODULE_DIR', '/home/maizaied03/snap/code/common/.cache/gio-modules'), ('XDG_SESSION_TYPE', 'x11'), ('GIT_ASKPASS', '/snap/code/223/usr/share/code/resources/app/extensions/git/dist/askpass.sh'), ('GTK_EXE_PREFIX_VSCODE_SNAP_ORIG', ''), ('GDK_BACKEND_VSCODE_SNAP_ORIG', ''), ('SHLVL', '1'), ('LD_LIBRARY_PATH', '/home/maizaied03/ros2_ws/install/px4_msgs/lib:/opt/ros/humble/opt/rviz_ogre_vendor/lib:/opt/ros/humble/lib/x86_64-linux-gnu:/opt/ros/humble/lib'), ('HOME', '/home/maizaied03'), ('CHROME_DESKTOP', 'code.desktop'), ('LOCPATH_VSCODE_SNAP_ORIG', ''), ('TERM_PROGRAM_VERSION', '1.109.2'), ('DESKTOP_SESSION', 'ubuntu'), ('GTK_PATH', '/snap/code/223/usr/lib/x86_64-linux-gnu/gtk-3.0'), ('XDG_DATA_HOME_VSCODE_SNAP_ORIG', ''), ('GTK_IM_MODULE_FILE', '/home/maizaied03/snap/code/common/.cache/immodules/immodules.cache'), ('GIO_LAUNCHED_DESKTOP_FILE', '/var/lib/snapd/desktop/applications/code_code.desktop'), ('ROS_PYTHON_VERSION', '3'), ('GNOME_SHELL_SESSION_MODE', 'ubuntu'), ('GTK_MODULES', 'gail:atk-bridge'), ('GSETTINGS_SCHEMA_DIR_VSCODE_SNAP_ORIG', ''), ('VSCODE_GIT_ASKPASS_MAIN', '/snap/code/223/usr/share/code/resources/app/extensions/git/dist/askpass-main.js'), ('VSCODE_GIT_ASKPASS_NODE', '/snap/code/223/usr/share/code/code'), ('MANAGERPID', '1695'), ('PYDEVD_DISABLE_FILE_VALIDATION', '1'), ('SYSTEMD_EXEC_PID', '2113'), ('BUNDLED_DEBUGPY_PATH', '/home/maizaied03/.vscode/extensions/ms-python.debugpy-2025.18.0-linux-x64/bundled/libs/debugpy'), ('VSCODE_PYTHON_AUTOACTIVATE_GUARD', '1'), ('DBUS_SESSION_BUS_ADDRESS', 'unix:path=/run/user/1000/bus'), ('COLORTERM', 'truecolor'), ('GIO_LAUNCHED_DESKTOP_FILE_PID', '6498'), ('COLCON_PREFIX_PATH', '/home/maizaied03/ros2_ws/install'), ('ROS_DISTRO', 'humble'), ('GTK_IM_MODULE', 'ibus'), ('LOGNAME', 'maizaied03'), ('JOURNAL_STREAM', '8:15190'), ('_', '/usr/bin/colcon'), ('ROS_VERSION', '2'), ('XDG_CONFIG_DIRS_VSCODE_SNAP_ORIG', '/etc/xdg/xdg-ubuntu:/etc/xdg'), ('XDG_SESSION_CLASS', 'user'), ('XDG_DATA_DIRS_VSCODE_SNAP_ORIG', '/usr/share/ubuntu:/usr/share/gnome:/home/maizaied03/.local/share/flatpak/exports/share:/var/lib/flatpak/exports/share:/usr/local/share/:/usr/share/:/var/lib/snapd/desktop'), ('USERNAME', 'maizaied03'), ('TERM', 'xterm-256color'), ('GNOME_DESKTOP_SESSION_ID', 'this-is-deprecated'), ('FC_FONTATIONS', '1'), ('ROS_LOCALHOST_ONLY', '0'), ('WINDOWPATH', '2'), ('PATH', '/home/maizaied03/.local/bin:/opt/ros/humble/bin:/home/maizaied03/.local/bin:/usr/local/sbin:/usr/local/bin:/usr/sbin:/usr/bin:/sbin:/bin:/usr/games:/usr/local/games:/snap/bin:/snap/bin:/opt/xtensa-esp-elf/bin/:/opt/xtensa-esp-elf/bin/:/home/maizaied03/.vscode/extensions/ms-python.debugpy-2025.18.0-linux-x64/bundled/scripts/noConfigScripts:/opt/xtensa-esp-elf/bin/:/opt/xtensa-esp-elf/bin/'), ('SESSION_MANAGER', 'local/maizaied03-ASUS-TUF-Dash-F15-FX516PE-FX516PE:@/tmp/.ICE-unix/2090,unix/maizaied03-ASUS-TUF-Dash-F15-FX516PE-FX516PE:/tmp/.ICE-unix/2090'), ('GTK_EXE_PREFIX', '/snap/code/223/usr'), ('INVOCATION_ID', 'f925eacebf8d477cb32faa4e54600bbb'), ('XDG_MENU_PREFIX', 'gnome-'), ('XDG_RUNTIME_DIR', '/run/user/1000'), ('GDK_BACKEND', 'x11'), ('DISPLAY', ':1'), ('LOCPATH', '/snap/code/223/usr/lib/locale'), ('VSCODE_DEBUGPY_ADAPTER_ENDPOINTS', '/home/maizaied03/.vscode/extensions/ms-python.debugpy-2025.18.0-linux-x64/.noConfigDebugAdapterEndpoints/endpoint-d77bbaf5a104fabb.txt'), ('LANG', 'en_US.UTF-8'), ('XDG_CURRENT_DESKTOP', 'ubuntu:GNOME'), ('PYTHONSTARTUP', '/home/maizaied03/.config/Code/User/workspaceStorage/bbeb3a827886e9c5a497aedf14258fa0/ms-python.python/pythonrc.py'), ('GIO_MODULE_DIR_VSCODE_SNAP_ORIG', ''), ('XDG_DATA_HOME', '/home/maizaied03/snap/code/223/.local/share'), ('XMODIFIERS', '@im=ibus'), ('XDG_SESSION_DESKTOP', 'ubuntu'), ('XAUTHORITY', '/run/user/1000/gdm/Xauthority'), ('LS_COLORS', 'rs=0:di=01;34:ln=01;36:mh=00:pi=40;33:so=01;35:do=01;35:bd=40;33;01:cd=40;33;01:or=40;31;01:mi=00:su=37;41:sg=30;43:ca=30;41:tw=30;42:ow=34;42:st=37;44:ex=01;32:*.tar=01;31:*.tgz=01;31:*.arc=01;31:*.arj=01;31:*.taz=01;31:*.lha=01;31:*.lz4=01;31:*.lzh=01;31:*.lzma=01;31:*.tlz=01;31:*.txz=01;31:*.tzo=01;31:*.t7z=01;31:*.zip=01;31:*.z=01;31:*.dz=01;31:*.gz=01;31:*.lrz=01;31:*.lz=01;31:*.lzo=01;31:*.xz=01;31:*.zst=01;31:*.tzst=01;31:*.bz2=01;31:*.bz=01;31:*.tbz=01;31:*.tbz2=01;31:*.tz=01;31:*.deb=01;31:*.rpm=01;31:*.jar=01;31:*.war=01;31:*.ear=01;31:*.sar=01;31:*.rar=01;31:*.alz=01;31:*.ace=01;31:*.zoo=01;31:*.cpio=01;31:*.7z=01;31:*.rz=01;31:*.cab=01;31:*.wim=01;31:*.swm=01;31:*.dwm=01;31:*.esd=01;31:*.jpg=01;35:*.jpeg=01;35:*.mjpg=01;35:*.mjpeg=01;35:*.gif=01;35:*.bmp=01;35:*.pbm=01;35:*.pgm=01;35:*.ppm=01;35:*.tga=01;35:*.xbm=01;35:*.xpm=01;35:*.tif=01;35:*.tiff=01;35:*.png=01;35:*.svg=01;35:*.svgz=01;35:*.mng=01;35:*.pcx=01;35:*.mov=01;35:*.mpg=01;35:*.mpeg=01;35:*.m2v=01;35:*.mkv=01;35:*.webm=01;35:*.webp=01;35:*.ogm=01;35:*.mp4=01;35:*.m4v=01;35:*.mp4v=01;35:*.vob=01;35:*.qt=01;35:*.nuv=01;35:*.wmv=01;35:*.asf=01;35:*.rm=01;35:*.rmvb=01;35:*.flc=01;35:*.avi=01;35:*.fli=01;35:*.flv=01;35:*.gl=01;35:*.dl=01;35:*.xcf=01;35:*.xwd=01;35:*.yuv=01;35:*.cgm=01;35:*.emf=01;35:*.ogv=01;35:*.ogx=01;35:*.aac=00;36:*.au=00;36:*.flac=00;36:*.m4a=00;36:*.mid=00;36:*.midi=00;36:*.mka=00;36:*.mp3=00;36:*.mpc=00;36:*.ogg=00;36:*.ra=00;36:*.wav=00;36:*.oga=00;36:*.opus=00;36:*.spx=00;36:*.xspf=00;36:'), ('VSCODE_GIT_IPC_HANDLE', '/run/user/1000/vscode-git-d190c8d916.sock'), ('TERM_PROGRAM', 'vscode'), ('SSH_AGENT_LAUNCHER', 'gnome-keyring'), ('SSH_AUTH_SOCK', '/run/user/1000/keyring/ssh'), ('GSETTINGS_SCHEMA_DIR', '/home/maizaied03/snap/code/223/.local/share/glib-2.0/schemas'), ('AMENT_PREFIX_PATH', '/home/maizaied03/ros2_ws/install/multi_drone_offboard:/home/maizaied03/ros2_ws/install/px4_msgs:/opt/ros/humble'), ('SHELL', '/bin/bash'), ('QT_ACCESSIBILITY', '1'), ('GDMSESSION', 'ubuntu'), ('LESSCLOSE', '/usr/bin/lesspipe %s %s'), ('GTK_PATH_VSCODE_SNAP_ORIG', ''), ('FONTCONFIG_FILE', '/etc/fonts/fonts.conf'), ('GTK_IM_MODULE_FILE_VSCODE_SNAP_ORIG', ''), ('GPG_AGENT_INFO', '/run/user/1000/gnupg/S.gpg-agent:0:1'), ('GJS_DEBUG_OUTPUT', 'stderr'), ('VSCODE_GIT_ASKPASS_EXTRA_ARGS', ''), ('QT_IM_MODULE', 'ibus'), ('PWD', '/home/maizaied03/ros2_ws/build/px4_msgs'), ('LC_ALL', 'en_US.UTF-8'), ('XDG_CONFIG_DIRS', '/etc/xdg/xdg-ubuntu:/etc/xdg'), ('XDG_DATA_DIRS', '/home/maizaied03/snap/code/223/.local/share/flatpak/exports/share:/home/maizaied03/snap/code/223/.local/share:/home/maizaied03/snap/code/223:/snap/code/223/usr/share:/usr/share/ubuntu:/usr/share/gnome:/home/maizaied03/.local/share/flatpak/exports/share:/var/lib/flatpak/exports/share:/usr/local/share/:/usr/share/:/var/lib/snapd/desktop'), ('PYTHONPATH', '/home/maizaied03/ros2_ws/install/multi_drone_offboard/lib/python3.10/site-packages:/home/maizaied03/ros2_ws/install/px4_msgs/local/lib/python3.10/dist-packages:/opt/ros/humble/lib/python3.10/site-packages:/opt/ros/humble/local/lib/python3.10/dist-packages'), ('COLCON', '1'), ('CMAKE_PREFIX_PATH', '/home/maizaied03/ros2_ws/install/px4_msgs:/home/maizaied03/ros2_ws/install/multi_drone_offboard:/opt/ros/humble')]), 'shell': False}
[0.099846] (-) TimerEvent: {}
[0.200081] (-) TimerEvent: {}
[0.300365] (-) TimerEvent: {}
[0.400639] (-) TimerEvent: {}
[0.500923] (-) TimerEvent: {}
[0.531811] (px4_msgs) StdoutLine: {'line': b'[  0%] Built target px4_msgs__cpp\n'}
[0.601030] (-) TimerEvent: {}
[0.701320] (-) TimerEvent: {}
[0.801709] (-) TimerEvent: {}
[0.841626] (px4_msgs) StdoutLine: {'line': b'\x1b[35m\x1b[1mConsolidate compiler generated dependencies of target px4_msgs__rosidl_generator_c\x1b[0m\n'}
[0.901830] (-) TimerEvent: {}
[0.917066] (px4_msgs) StdoutLine: {'line': b'[ 12%] Built target px4_msgs__rosidl_generator_c\n'}
[0.925215] (px4_msgs) StdoutLine: {'line': b'\x1b[35m\x1b[1mConsolidate compiler generated dependencies of target px4_msgs__rosidl_typesupport_introspection_cpp\x1b[0m\n'}
[0.925453] (px4_msgs) StdoutLine: {'line': b'\x1b[35m\x1b[1mConsolidate compiler generated dependencies of target px4_msgs__rosidl_typesupport_cpp\x1b[0m\n'}
[0.942200] (px4_msgs) StdoutLine: {'line': b'\x1b[35m\x1b[1mConsolidate compiler generated dependencies of target px4_msgs__rosidl_typesupport_fastrtps_cpp\x1b[0m\n'}
[0.968722] (px4_msgs) StdoutLine: {'line': b'[ 12%] Built target ament_cmake_python_copy_px4_msgs\n'}
[1.001982] (-) TimerEvent: {}
[1.020716] (px4_msgs) StdoutLine: {'line': b'\x1b[35m\x1b[1mConsolidate compiler generated dependencies of target px4_msgs__rosidl_typesupport_c\x1b[0m\n'}
[1.037949] (px4_msgs) StdoutLine: {'line': b'\x1b[35m\x1b[1mConsolidate compiler generated dependencies of target px4_msgs__rosidl_typesupport_introspection_c\x1b[0m\n'}
[1.094704] (px4_msgs) StdoutLine: {'line': b'[ 25%] Built target px4_msgs__rosidl_typesupport_c\n'}
[1.102076] (-) TimerEvent: {}
[1.120263] (px4_msgs) StdoutLine: {'line': b'[ 38%] Built target px4_msgs__rosidl_typesupport_introspection_c\n'}
[1.127760] (px4_msgs) StdoutLine: {'line': b'[ 50%] Built target px4_msgs__rosidl_typesupport_cpp\n'}
[1.130754] (px4_msgs) StdoutLine: {'line': b'[ 63%] Built target px4_msgs__rosidl_typesupport_introspection_cpp\n'}
[1.144783] (px4_msgs) StdoutLine: {'line': b'\x1b[35m\x1b[1mConsolidate compiler generated dependencies of target px4_msgs__rosidl_typesupport_fastrtps_c\x1b[0m\n'}
[1.150587] (px4_msgs) StdoutLine: {'line': b'[ 75%] Built target px4_msgs__rosidl_typesupport_fastrtps_cpp\n'}
[1.196464] (px4_msgs) StdoutLine: {'line': b'running egg_info\n'}
[1.196977] (px4_msgs) StdoutLine: {'line': b'writing px4_msgs.egg-info/PKG-INFO\n'}
[1.197177] (px4_msgs) StdoutLine: {'line': b'writing dependency_links to px4_msgs.egg-info/dependency_links.txt\n'}
[1.197308] (px4_msgs) StdoutLine: {'line': b'writing top-level names to px4_msgs.egg-info/top_level.txt\n'}
[1.201603] (px4_msgs) StdoutLine: {'line': b"reading manifest file 'px4_msgs.egg-info/SOURCES.txt'\n"}
[1.202133] (-) TimerEvent: {}
[1.203595] (px4_msgs) StdoutLine: {'line': b"writing manifest file 'px4_msgs.egg-info/SOURCES.txt'\n"}
[1.230757] (px4_msgs) StdoutLine: {'line': b'[ 75%] Built target ament_cmake_python_build_px4_msgs_egg\n'}
[1.287862] (px4_msgs) StdoutLine: {'line': b'[ 88%] Built target px4_msgs__rosidl_typesupport_fastrtps_c\n'}
[1.302277] (-) TimerEvent: {}
[1.304232] (px4_msgs) StdoutLine: {'line': b'[ 88%] Built target px4_msgs\n'}
[1.331874] (px4_msgs) StdoutLine: {'line': b'[ 88%] Built target px4_msgs__py\n'}
[1.402382] (-) TimerEvent: {}
[1.477607] (px4_msgs) StdoutLine: {'line': b'\x1b[35m\x1b[1mConsolidate compiler generated dependencies of target px4_msgs__rosidl_generator_py\x1b[0m\n'}
[1.502507] (-) TimerEvent: {}
[1.602860] (-) TimerEvent: {}
[1.636479] (px4_msgs) StdoutLine: {'line': b'[ 88%] \x1b[32mBuilding C object CMakeFiles/px4_msgs__rosidl_generator_py.dir/rosidl_generator_py/px4_msgs/msg/_action_request_s.c.o\x1b[0m\n'}
[1.636724] (px4_msgs) StdoutLine: {'line': b'[ 88%] \x1b[32mBuilding C object CMakeFiles/px4_msgs__rosidl_generator_py.dir/rosidl_generator_py/px4_msgs/msg/_actuator_motors_s.c.o\x1b[0m\n'}
[1.636818] (px4_msgs) StdoutLine: {'line': b'[ 88%] \x1b[32mBuilding C object CMakeFiles/px4_msgs__rosidl_generator_py.dir/rosidl_generator_py/px4_msgs/msg/_actuator_outputs_s.c.o\x1b[0m\n'}
[1.636896] (px4_msgs) StdoutLine: {'line': b'[ 88%] \x1b[32mBuilding C object CMakeFiles/px4_msgs__rosidl_generator_py.dir/rosidl_generator_py/px4_msgs/msg/_actuator_servos_s.c.o\x1b[0m\n'}
[1.638791] (px4_msgs) StdoutLine: {'line': b'[ 88%] \x1b[32mBuilding C object CMakeFiles/px4_msgs__rosidl_generator_py.dir/rosidl_generator_py/px4_msgs/msg/_actuator_test_s.c.o\x1b[0m\n'}
[1.639741] (px4_msgs) StdoutLine: {'line': b'[ 88%] \x1b[32mBuilding C object CMakeFiles/px4_msgs__rosidl_generator_py.dir/rosidl_generator_py/px4_msgs/msg/_actuator_servos_trim_s.c.o\x1b[0m\n'}
[1.639873] (px4_msgs) StdoutLine: {'line': b'[ 88%] \x1b[32mBuilding C object CMakeFiles/px4_msgs__rosidl_generator_py.dir/rosidl_generator_py/px4_msgs/msg/_actuator_armed_s.c.o\x1b[0m\n'}
[1.640839] (px4_msgs) StdoutLine: {'line': b'[ 88%] \x1b[32mBuilding C object CMakeFiles/px4_msgs__rosidl_generator_py.dir/rosidl_generator_py/px4_msgs/msg/_actuator_controls_status_s.c.o\x1b[0m\n'}
[1.702954] (-) TimerEvent: {}
[1.803274] (-) TimerEvent: {}
[1.903751] (-) TimerEvent: {}
[2.004116] (-) TimerEvent: {}
[2.104688] (-) TimerEvent: {}
[2.204964] (-) TimerEvent: {}
[2.224409] (px4_msgs) StdoutLine: {'line': b'[ 88%] \x1b[32mBuilding C object CMakeFiles/px4_msgs__rosidl_generator_py.dir/rosidl_generator_py/px4_msgs/msg/_airspeed_wind_s.c.o\x1b[0m\n'}
[2.224735] (px4_msgs) StdoutLine: {'line': b'[ 88%] \x1b[32mBuilding C object CMakeFiles/px4_msgs__rosidl_generator_py.dir/rosidl_generator_py/px4_msgs/msg/_airspeed_s.c.o\x1b[0m\n'}
[2.224810] (px4_msgs) StdoutLine: {'line': b'[ 88%] \x1b[32mBuilding C object CMakeFiles/px4_msgs__rosidl_generator_py.dir/rosidl_generator_py/px4_msgs/msg/_arming_check_reply_s.c.o\x1b[0m\n'}
[2.225487] (px4_msgs) StdoutLine: {'line': b'[ 89%] \x1b[32mBuilding C object CMakeFiles/px4_msgs__rosidl_generator_py.dir/rosidl_generator_py/px4_msgs/msg/_adc_report_s.c.o\x1b[0m\n'}
[2.225646] (px4_msgs) StdoutLine: {'line': b'[ 89%] \x1b[32mBuilding C object CMakeFiles/px4_msgs__rosidl_generator_py.dir/rosidl_generator_py/px4_msgs/msg/_airspeed_validated_s.c.o\x1b[0m\n'}
[2.235783] (px4_msgs) StdoutLine: {'line': b'[ 89%] \x1b[32mBuilding C object CMakeFiles/px4_msgs__rosidl_generator_py.dir/rosidl_generator_py/px4_msgs/msg/_arming_check_request_s.c.o\x1b[0m\n'}
[2.236020] (px4_msgs) StdoutLine: {'line': b'[ 89%] \x1b[32mBuilding C object CMakeFiles/px4_msgs__rosidl_generator_py.dir/rosidl_generator_py/px4_msgs/msg/_autotune_attitude_control_status_s.c.o\x1b[0m\n'}
[2.239343] (px4_msgs) StdoutLine: {'line': b'[ 89%] \x1b[32mBuilding C object CMakeFiles/px4_msgs__rosidl_generator_py.dir/rosidl_generator_py/px4_msgs/msg/_battery_info_s.c.o\x1b[0m\n'}
[2.306666] (-) TimerEvent: {}
[2.389771] (px4_msgs) StdoutLine: {'line': b'[ 89%] \x1b[32mBuilding C object CMakeFiles/px4_msgs__rosidl_generator_py.dir/rosidl_generator_py/px4_msgs/msg/_battery_status_s.c.o\x1b[0m\n'}
[2.397587] (px4_msgs) StdoutLine: {'line': b'[ 89%] \x1b[32mBuilding C object CMakeFiles/px4_msgs__rosidl_generator_py.dir/rosidl_generator_py/px4_msgs/msg/_button_event_s.c.o\x1b[0m\n'}
[2.406860] (-) TimerEvent: {}
[2.408354] (px4_msgs) StdoutLine: {'line': b'[ 89%] \x1b[32mBuilding C object CMakeFiles/px4_msgs__rosidl_generator_py.dir/rosidl_generator_py/px4_msgs/msg/_camera_capture_s.c.o\x1b[0m\n'}
[2.423655] (px4_msgs) StdoutLine: {'line': b'[ 89%] \x1b[32mBuilding C object CMakeFiles/px4_msgs__rosidl_generator_py.dir/rosidl_generator_py/px4_msgs/msg/_camera_status_s.c.o\x1b[0m\n'}
[2.423889] (px4_msgs) StdoutLine: {'line': b'[ 89%] \x1b[32mBuilding C object CMakeFiles/px4_msgs__rosidl_generator_py.dir/rosidl_generator_py/px4_msgs/msg/_camera_trigger_s.c.o\x1b[0m\n'}
[2.457376] (px4_msgs) StdoutLine: {'line': b'[ 89%] \x1b[32mBuilding C object CMakeFiles/px4_msgs__rosidl_generator_py.dir/rosidl_generator_py/px4_msgs/msg/_can_interface_status_s.c.o\x1b[0m\n'}
[2.466738] (px4_msgs) StdoutLine: {'line': b'[ 89%] \x1b[32mBuilding C object CMakeFiles/px4_msgs__rosidl_generator_py.dir/rosidl_generator_py/px4_msgs/msg/_cellular_status_s.c.o\x1b[0m\n'}
[2.500757] (px4_msgs) StdoutLine: {'line': b'[ 89%] \x1b[32mBuilding C object CMakeFiles/px4_msgs__rosidl_generator_py.dir/rosidl_generator_py/px4_msgs/msg/_collision_constraints_s.c.o\x1b[0m\n'}
[2.506961] (-) TimerEvent: {}
[2.584746] (px4_msgs) StdoutLine: {'line': b'[ 89%] \x1b[32mBuilding C object CMakeFiles/px4_msgs__rosidl_generator_py.dir/rosidl_generator_py/px4_msgs/msg/_config_overrides_s.c.o\x1b[0m\n'}
[2.591400] (px4_msgs) StdoutLine: {'line': b'[ 89%] \x1b[32mBuilding C object CMakeFiles/px4_msgs__rosidl_generator_py.dir/rosidl_generator_py/px4_msgs/msg/_control_allocator_status_s.c.o\x1b[0m\n'}
[2.596299] (px4_msgs) StdoutLine: {'line': b'[ 89%] \x1b[32mBuilding C object CMakeFiles/px4_msgs__rosidl_generator_py.dir/rosidl_generator_py/px4_msgs/msg/_dataman_request_s.c.o\x1b[0m\n'}
[2.599630] (px4_msgs) StdoutLine: {'line': b'[ 89%] \x1b[32mBuilding C object CMakeFiles/px4_msgs__rosidl_generator_py.dir/rosidl_generator_py/px4_msgs/msg/_cpuload_s.c.o\x1b[0m\n'}
[2.607087] (-) TimerEvent: {}
[2.620334] (px4_msgs) StdoutLine: {'line': b'[ 90%] \x1b[32mBuilding C object CMakeFiles/px4_msgs__rosidl_generator_py.dir/rosidl_generator_py/px4_msgs/msg/_dataman_response_s.c.o\x1b[0m\n'}
[2.649007] (px4_msgs) StdoutLine: {'line': b'[ 90%] \x1b[32mBuilding C object CMakeFiles/px4_msgs__rosidl_generator_py.dir/rosidl_generator_py/px4_msgs/msg/_debug_array_s.c.o\x1b[0m\n'}
[2.693796] (px4_msgs) StdoutLine: {'line': b'[ 90%] \x1b[32mBuilding C object CMakeFiles/px4_msgs__rosidl_generator_py.dir/rosidl_generator_py/px4_msgs/msg/_debug_key_value_s.c.o\x1b[0m\n'}
[2.707550] (px4_msgs) StdoutLine: {'line': b'[ 90%] \x1b[32mBuilding C object CMakeFiles/px4_msgs__rosidl_generator_py.dir/rosidl_generator_py/px4_msgs/msg/_debug_value_s.c.o\x1b[0m\n'}
[2.707782] (-) TimerEvent: {}
[2.788477] (px4_msgs) StdoutLine: {'line': b'[ 90%] \x1b[32mBuilding C object CMakeFiles/px4_msgs__rosidl_generator_py.dir/rosidl_generator_py/px4_msgs/msg/_debug_vect_s.c.o\x1b[0m\n'}
[2.793301] (px4_msgs) StdoutLine: {'line': b'[ 90%] \x1b[32mBuilding C object CMakeFiles/px4_msgs__rosidl_generator_py.dir/rosidl_generator_py/px4_msgs/msg/_device_information_s.c.o\x1b[0m\n'}
[2.798261] (px4_msgs) StdoutLine: {'line': b'[ 90%] \x1b[32mBuilding C object CMakeFiles/px4_msgs__rosidl_generator_py.dir/rosidl_generator_py/px4_msgs/msg/_distance_sensor_s.c.o\x1b[0m\n'}
[2.801527] (px4_msgs) StdoutLine: {'line': b'[ 90%] \x1b[32mBuilding C object CMakeFiles/px4_msgs__rosidl_generator_py.dir/rosidl_generator_py/px4_msgs/msg/_differential_pressure_s.c.o\x1b[0m\n'}
[2.805332] (px4_msgs) StdoutLine: {'line': b'[ 90%] \x1b[32mBuilding C object CMakeFiles/px4_msgs__rosidl_generator_py.dir/rosidl_generator_py/px4_msgs/msg/_distance_sensor_mode_change_request_s.c.o\x1b[0m\n'}
[2.807895] (-) TimerEvent: {}
[2.859752] (px4_msgs) StdoutLine: {'line': b'[ 90%] \x1b[32mBuilding C object CMakeFiles/px4_msgs__rosidl_generator_py.dir/rosidl_generator_py/px4_msgs/msg/_dronecan_node_status_s.c.o\x1b[0m\n'}
[2.875699] (px4_msgs) StdoutLine: {'line': b'[ 90%] \x1b[32mBuilding C object CMakeFiles/px4_msgs__rosidl_generator_py.dir/rosidl_generator_py/px4_msgs/msg/_ekf2_timestamps_s.c.o\x1b[0m\n'}
[2.902478] (px4_msgs) StdoutLine: {'line': b'[ 90%] \x1b[32mBuilding C object CMakeFiles/px4_msgs__rosidl_generator_py.dir/rosidl_generator_py/px4_msgs/msg/_esc_report_s.c.o\x1b[0m\n'}
[2.908016] (-) TimerEvent: {}
[2.969416] (px4_msgs) StdoutLine: {'line': b'[ 90%] \x1b[32mBuilding C object CMakeFiles/px4_msgs__rosidl_generator_py.dir/rosidl_generator_py/px4_msgs/msg/_esc_status_s.c.o\x1b[0m\n'}
[3.008536] (px4_msgs) StdoutLine: {'line': b'[ 90%] \x1b[32mBuilding C object CMakeFiles/px4_msgs__rosidl_generator_py.dir/rosidl_generator_py/px4_msgs/msg/_estimator_aid_source1d_s.c.o\x1b[0m\n'}
[3.008888] (-) TimerEvent: {}
[3.010739] (px4_msgs) StdoutLine: {'line': b'[ 90%] \x1b[32mBuilding C object CMakeFiles/px4_msgs__rosidl_generator_py.dir/rosidl_generator_py/px4_msgs/msg/_estimator_aid_source2d_s.c.o\x1b[0m\n'}
[3.050840] (px4_msgs) StdoutLine: {'line': b'[ 90%] \x1b[32mBuilding C object CMakeFiles/px4_msgs__rosidl_generator_py.dir/rosidl_generator_py/px4_msgs/msg/_estimator_aid_source3d_s.c.o\x1b[0m\n'}
[3.059945] (px4_msgs) StdoutLine: {'line': b'[ 90%] \x1b[32mBuilding C object CMakeFiles/px4_msgs__rosidl_generator_py.dir/rosidl_generator_py/px4_msgs/msg/_estimator_bias3d_s.c.o\x1b[0m\n'}
[3.060891] (px4_msgs) StdoutLine: {'line': b'[ 90%] \x1b[32mBuilding C object CMakeFiles/px4_msgs__rosidl_generator_py.dir/rosidl_generator_py/px4_msgs/msg/_estimator_bias_s.c.o\x1b[0m\n'}
[3.078595] (px4_msgs) StdoutLine: {'line': b'[ 91%] \x1b[32mBuilding C object CMakeFiles/px4_msgs__rosidl_generator_py.dir/rosidl_generator_py/px4_msgs/msg/_estimator_gps_status_s.c.o\x1b[0m\n'}
[3.083731] (px4_msgs) StdoutLine: {'line': b'[ 91%] \x1b[32mBuilding C object CMakeFiles/px4_msgs__rosidl_generator_py.dir/rosidl_generator_py/px4_msgs/msg/_estimator_event_flags_s.c.o\x1b[0m\n'}
[3.109010] (-) TimerEvent: {}
[3.173432] (px4_msgs) StdoutLine: {'line': b'[ 91%] \x1b[32mBuilding C object CMakeFiles/px4_msgs__rosidl_generator_py.dir/rosidl_generator_py/px4_msgs/msg/_estimator_innovations_s.c.o\x1b[0m\n'}
[3.196581] (px4_msgs) StdoutLine: {'line': b'[ 91%] \x1b[32mBuilding C object CMakeFiles/px4_msgs__rosidl_generator_py.dir/rosidl_generator_py/px4_msgs/msg/_estimator_selector_status_s.c.o\x1b[0m\n'}
[3.210269] (-) TimerEvent: {}
[3.230094] (px4_msgs) StdoutLine: {'line': b'[ 91%] \x1b[32mBuilding C object CMakeFiles/px4_msgs__rosidl_generator_py.dir/rosidl_generator_py/px4_msgs/msg/_estimator_sensor_bias_s.c.o\x1b[0m\n'}
[3.241107] (px4_msgs) StdoutLine: {'line': b'[ 91%] \x1b[32mBuilding C object CMakeFiles/px4_msgs__rosidl_generator_py.dir/rosidl_generator_py/px4_msgs/msg/_estimator_states_s.c.o\x1b[0m\n'}
[3.245007] (px4_msgs) StdoutLine: {'line': b'[ 91%] \x1b[32mBuilding C object CMakeFiles/px4_msgs__rosidl_generator_py.dir/rosidl_generator_py/px4_msgs/msg/_estimator_status_s.c.o\x1b[0m\n'}
[3.267878] (px4_msgs) StdoutLine: {'line': b'[ 91%] \x1b[32mBuilding C object CMakeFiles/px4_msgs__rosidl_generator_py.dir/rosidl_generator_py/px4_msgs/msg/_estimator_status_flags_s.c.o\x1b[0m\n'}
[3.286798] (px4_msgs) StdoutLine: {'line': b'[ 91%] \x1b[32mBuilding C object CMakeFiles/px4_msgs__rosidl_generator_py.dir/rosidl_generator_py/px4_msgs/msg/_event_s.c.o\x1b[0m\n'}
[3.300644] (px4_msgs) StdoutLine: {'line': b'[ 91%] \x1b[32mBuilding C object CMakeFiles/px4_msgs__rosidl_generator_py.dir/rosidl_generator_py/px4_msgs/msg/_failsafe_flags_s.c.o\x1b[0m\n'}
[3.310399] (-) TimerEvent: {}
[3.404375] (px4_msgs) StdoutLine: {'line': b'[ 91%] \x1b[32mBuilding C object CMakeFiles/px4_msgs__rosidl_generator_py.dir/rosidl_generator_py/px4_msgs/msg/_failure_detector_status_s.c.o\x1b[0m\n'}
[3.410520] (-) TimerEvent: {}
[3.423379] (px4_msgs) StdoutLine: {'line': b'[ 91%] \x1b[32mBuilding C object CMakeFiles/px4_msgs__rosidl_generator_py.dir/rosidl_generator_py/px4_msgs/msg/_fixed_wing_lateral_guidance_status_s.c.o\x1b[0m\n'}
[3.425777] (px4_msgs) StdoutLine: {'line': b'[ 91%] \x1b[32mBuilding C object CMakeFiles/px4_msgs__rosidl_generator_py.dir/rosidl_generator_py/px4_msgs/msg/_figure_eight_status_s.c.o\x1b[0m\n'}
[3.438210] (px4_msgs) StdoutLine: {'line': b'[ 91%] \x1b[32mBuilding C object CMakeFiles/px4_msgs__rosidl_generator_py.dir/rosidl_generator_py/px4_msgs/msg/_fixed_wing_lateral_setpoint_s.c.o\x1b[0m\n'}
[3.456746] (px4_msgs) StdoutLine: {'line': b'[ 91%] \x1b[32mBuilding C object CMakeFiles/px4_msgs__rosidl_generator_py.dir/rosidl_generator_py/px4_msgs/msg/_fixed_wing_lateral_status_s.c.o\x1b[0m\n'}
[3.477071] (px4_msgs) StdoutLine: {'line': b'[ 91%] \x1b[32mBuilding C object CMakeFiles/px4_msgs__rosidl_generator_py.dir/rosidl_generator_py/px4_msgs/msg/_fixed_wing_longitudinal_setpoint_s.c.o\x1b[0m\n'}
[3.487129] (px4_msgs) StdoutLine: {'line': b'[ 91%] \x1b[32mBuilding C object CMakeFiles/px4_msgs__rosidl_generator_py.dir/rosidl_generator_py/px4_msgs/msg/_fixed_wing_runway_control_s.c.o\x1b[0m\n'}
[3.505916] (px4_msgs) StdoutLine: {'line': b'[ 91%] \x1b[32mBuilding C object CMakeFiles/px4_msgs__rosidl_generator_py.dir/rosidl_generator_py/px4_msgs/msg/_flight_phase_estimation_s.c.o\x1b[0m\n'}
[3.510618] (-) TimerEvent: {}
[3.589753] (px4_msgs) StdoutLine: {'line': b'[ 91%] \x1b[32mBuilding C object CMakeFiles/px4_msgs__rosidl_generator_py.dir/rosidl_generator_py/px4_msgs/msg/_follow_target_s.c.o\x1b[0m\n'}
[3.599778] (px4_msgs) StdoutLine: {'line': b'[ 91%] \x1b[32mBuilding C object CMakeFiles/px4_msgs__rosidl_generator_py.dir/rosidl_generator_py/px4_msgs/msg/_follow_target_estimator_s.c.o\x1b[0m\n'}
[3.608112] (px4_msgs) StdoutLine: {'line': b'[ 91%] \x1b[32mBuilding C object CMakeFiles/px4_msgs__rosidl_generator_py.dir/rosidl_generator_py/px4_msgs/msg/_follow_target_status_s.c.o\x1b[0m\n'}
[3.610710] (-) TimerEvent: {}
[3.614428] (px4_msgs) StdoutLine: {'line': b'[ 92%] \x1b[32mBuilding C object CMakeFiles/px4_msgs__rosidl_generator_py.dir/rosidl_generator_py/px4_msgs/msg/_fuel_tank_status_s.c.o\x1b[0m\n'}
[3.641844] (px4_msgs) StdoutLine: {'line': b'[ 92%] \x1b[32mBuilding C object CMakeFiles/px4_msgs__rosidl_generator_py.dir/rosidl_generator_py/px4_msgs/msg/_gain_compression_s.c.o\x1b[0m\n'}
[3.648133] (px4_msgs) StdoutLine: {'line': b'[ 92%] \x1b[32mBuilding C object CMakeFiles/px4_msgs__rosidl_generator_py.dir/rosidl_generator_py/px4_msgs/msg/_generator_status_s.c.o\x1b[0m\n'}
[3.649776] (px4_msgs) StdoutLine: {'line': b'[ 92%] \x1b[32mBuilding C object CMakeFiles/px4_msgs__rosidl_generator_py.dir/rosidl_generator_py/px4_msgs/msg/_geofence_result_s.c.o\x1b[0m\n'}
[3.663777] (px4_msgs) StdoutLine: {'line': b'[ 92%] \x1b[32mBuilding C object CMakeFiles/px4_msgs__rosidl_generator_py.dir/rosidl_generator_py/px4_msgs/msg/_geofence_status_s.c.o\x1b[0m\n'}
[3.710842] (-) TimerEvent: {}
[3.786656] (px4_msgs) StdoutLine: {'line': b'[ 92%] \x1b[32mBuilding C object CMakeFiles/px4_msgs__rosidl_generator_py.dir/rosidl_generator_py/px4_msgs/msg/_gimbal_controls_s.c.o\x1b[0m\n'}
[3.786907] (px4_msgs) StdoutLine: {'line': b'[ 92%] \x1b[32mBuilding C object CMakeFiles/px4_msgs__rosidl_generator_py.dir/rosidl_generator_py/px4_msgs/msg/_gimbal_device_attitude_status_s.c.o\x1b[0m\n'}
[3.790677] (px4_msgs) StdoutLine: {'line': b'[ 92%] \x1b[32mBuilding C object CMakeFiles/px4_msgs__rosidl_generator_py.dir/rosidl_generator_py/px4_msgs/msg/_gimbal_device_set_attitude_s.c.o\x1b[0m\n'}
[3.793653] (px4_msgs) StdoutLine: {'line': b'[ 92%] \x1b[32mBuilding C object CMakeFiles/px4_msgs__rosidl_generator_py.dir/rosidl_generator_py/px4_msgs/msg/_gimbal_device_information_s.c.o\x1b[0m\n'}
[3.808813] (px4_msgs) StdoutLine: {'line': b'[ 92%] \x1b[32mBuilding C object CMakeFiles/px4_msgs__rosidl_generator_py.dir/rosidl_generator_py/px4_msgs/msg/_gimbal_manager_set_attitude_s.c.o\x1b[0m\n'}
[3.809523] (px4_msgs) StdoutLine: {'line': b'[ 92%] \x1b[32mBuilding C object CMakeFiles/px4_msgs__rosidl_generator_py.dir/rosidl_generator_py/px4_msgs/msg/_gimbal_manager_information_s.c.o\x1b[0m\n'}
[3.810261] (px4_msgs) StdoutLine: {'line': b'[ 92%] \x1b[32mBuilding C object CMakeFiles/px4_msgs__rosidl_generator_py.dir/rosidl_generator_py/px4_msgs/msg/_gimbal_manager_set_manual_control_s.c.o\x1b[0m\n'}
[3.810963] (-) TimerEvent: {}
[3.826850] (px4_msgs) StdoutLine: {'line': b'[ 92%] \x1b[32mBuilding C object CMakeFiles/px4_msgs__rosidl_generator_py.dir/rosidl_generator_py/px4_msgs/msg/_gimbal_manager_status_s.c.o\x1b[0m\n'}
[3.911096] (-) TimerEvent: {}
[3.964149] (px4_msgs) StdoutLine: {'line': b'[ 92%] \x1b[32mBuilding C object CMakeFiles/px4_msgs__rosidl_generator_py.dir/rosidl_generator_py/px4_msgs/msg/_gpio_config_s.c.o\x1b[0m\n'}
[3.966204] (px4_msgs) StdoutLine: {'line': b'[ 92%] \x1b[32mBuilding C object CMakeFiles/px4_msgs__rosidl_generator_py.dir/rosidl_generator_py/px4_msgs/msg/_goto_setpoint_s.c.o\x1b[0m\n'}
[3.972840] (px4_msgs) StdoutLine: {'line': b'[ 92%] \x1b[32mBuilding C object CMakeFiles/px4_msgs__rosidl_generator_py.dir/rosidl_generator_py/px4_msgs/msg/_gpio_in_s.c.o\x1b[0m\n'}
[3.986459] (px4_msgs) StdoutLine: {'line': b'[ 92%] \x1b[32mBuilding C object CMakeFiles/px4_msgs__rosidl_generator_py.dir/rosidl_generator_py/px4_msgs/msg/_gpio_out_s.c.o\x1b[0m\n'}
[3.987461] (px4_msgs) StdoutLine: {'line': b'[ 92%] \x1b[32mBuilding C object CMakeFiles/px4_msgs__rosidl_generator_py.dir/rosidl_generator_py/px4_msgs/msg/_gps_dump_s.c.o\x1b[0m\n'}
[3.987985] (px4_msgs) StdoutLine: {'line': b'[ 92%] \x1b[32mBuilding C object CMakeFiles/px4_msgs__rosidl_generator_py.dir/rosidl_generator_py/px4_msgs/msg/_gpio_request_s.c.o\x1b[0m\n'}
[3.992178] (px4_msgs) StdoutLine: {'line': b'[ 93%] \x1b[32mBuilding C object CMakeFiles/px4_msgs__rosidl_generator_py.dir/rosidl_generator_py/px4_msgs/msg/_gripper_s.c.o\x1b[0m\n'}
[3.993120] (px4_msgs) StdoutLine: {'line': b'[ 93%] \x1b[32mBuilding C object CMakeFiles/px4_msgs__rosidl_generator_py.dir/rosidl_generator_py/px4_msgs/msg/_gps_inject_data_s.c.o\x1b[0m\n'}
[4.011246] (-) TimerEvent: {}
[4.112381] (-) TimerEvent: {}
[4.153618] (px4_msgs) StdoutLine: {'line': b'[ 93%] \x1b[32mBuilding C object CMakeFiles/px4_msgs__rosidl_generator_py.dir/rosidl_generator_py/px4_msgs/msg/_health_report_s.c.o\x1b[0m\n'}
[4.154547] (px4_msgs) StdoutLine: {'line': b'[ 93%] \x1b[32mBuilding C object CMakeFiles/px4_msgs__rosidl_generator_py.dir/rosidl_generator_py/px4_msgs/msg/_heater_status_s.c.o\x1b[0m\n'}
[4.160962] (px4_msgs) StdoutLine: {'line': b'[ 93%] \x1b[32mBuilding C object CMakeFiles/px4_msgs__rosidl_generator_py.dir/rosidl_generator_py/px4_msgs/msg/_hover_thrust_estimate_s.c.o\x1b[0m\n'}
[4.161949] (px4_msgs) StdoutLine: {'line': b'[ 93%] \x1b[32mBuilding C object CMakeFiles/px4_msgs__rosidl_generator_py.dir/rosidl_generator_py/px4_msgs/msg/_home_position_s.c.o\x1b[0m\n'}
[4.170893] (px4_msgs) StdoutLine: {'line': b'[ 93%] \x1b[32mBuilding C object CMakeFiles/px4_msgs__rosidl_generator_py.dir/rosidl_generator_py/px4_msgs/msg/_input_rc_s.c.o\x1b[0m\n'}
[4.171123] (px4_msgs) StdoutLine: {'line': b'[ 93%] \x1b[32mBuilding C object CMakeFiles/px4_msgs__rosidl_generator_py.dir/rosidl_generator_py/px4_msgs/msg/_internal_combustion_engine_control_s.c.o\x1b[0m\n'}
[4.176577] (px4_msgs) StdoutLine: {'line': b'[ 93%] \x1b[32mBuilding C object CMakeFiles/px4_msgs__rosidl_generator_py.dir/rosidl_generator_py/px4_msgs/msg/_internal_combustion_engine_status_s.c.o\x1b[0m\n'}
[4.186675] (px4_msgs) StdoutLine: {'line': b'[ 93%] \x1b[32mBuilding C object CMakeFiles/px4_msgs__rosidl_generator_py.dir/rosidl_generator_py/px4_msgs/msg/_iridiumsbd_status_s.c.o\x1b[0m\n'}
[4.212517] (-) TimerEvent: {}
[4.313861] (-) TimerEvent: {}
[4.336993] (px4_msgs) StdoutLine: {'line': b'[ 93%] \x1b[32mBuilding C object CMakeFiles/px4_msgs__rosidl_generator_py.dir/rosidl_generator_py/px4_msgs/msg/_irlock_report_s.c.o\x1b[0m\n'}
[4.346746] (px4_msgs) StdoutLine: {'line': b'[ 93%] \x1b[32mBuilding C object CMakeFiles/px4_msgs__rosidl_generator_py.dir/rosidl_generator_py/px4_msgs/msg/_landing_gear_wheel_s.c.o\x1b[0m\n'}
[4.349868] (px4_msgs) StdoutLine: {'line': b'[ 93%] \x1b[32mBuilding C object CMakeFiles/px4_msgs__rosidl_generator_py.dir/rosidl_generator_py/px4_msgs/msg/_landing_gear_s.c.o\x1b[0m\n'}
[4.355693] (px4_msgs) StdoutLine: {'line': b'[ 93%] \x1b[32mBuilding C object CMakeFiles/px4_msgs__rosidl_generator_py.dir/rosidl_generator_py/px4_msgs/msg/_landing_target_innovations_s.c.o\x1b[0m\n'}
[4.364333] (px4_msgs) StdoutLine: {'line': b'[ 93%] \x1b[32mBuilding C object CMakeFiles/px4_msgs__rosidl_generator_py.dir/rosidl_generator_py/px4_msgs/msg/_landing_target_pose_s.c.o\x1b[0m\n'}
[4.396731] (px4_msgs) StdoutLine: {'line': b'[ 93%] \x1b[32mBuilding C object CMakeFiles/px4_msgs__rosidl_generator_py.dir/rosidl_generator_py/px4_msgs/msg/_lateral_control_configuration_s.c.o\x1b[0m\n'}
[4.397030] (px4_msgs) StdoutLine: {'line': b'[ 93%] \x1b[32mBuilding C object CMakeFiles/px4_msgs__rosidl_generator_py.dir/rosidl_generator_py/px4_msgs/msg/_launch_detection_status_s.c.o\x1b[0m\n'}
[4.410773] (px4_msgs) StdoutLine: {'line': b'[ 93%] \x1b[32mBuilding C object CMakeFiles/px4_msgs__rosidl_generator_py.dir/rosidl_generator_py/px4_msgs/msg/_led_control_s.c.o\x1b[0m\n'}
[4.413957] (-) TimerEvent: {}
[4.501763] (px4_msgs) StdoutLine: {'line': b'[ 93%] \x1b[32mBuilding C object CMakeFiles/px4_msgs__rosidl_generator_py.dir/rosidl_generator_py/px4_msgs/msg/_log_message_s.c.o\x1b[0m\n'}
[4.503329] (px4_msgs) StdoutLine: {'line': b'[ 93%] \x1b[32mBuilding C object CMakeFiles/px4_msgs__rosidl_generator_py.dir/rosidl_generator_py/px4_msgs/msg/_logger_status_s.c.o\x1b[0m\n'}
[4.514076] (-) TimerEvent: {}
[4.532303] (px4_msgs) StdoutLine: {'line': b'[ 94%] \x1b[32mBuilding C object CMakeFiles/px4_msgs__rosidl_generator_py.dir/rosidl_generator_py/px4_msgs/msg/_longitudinal_control_configuration_s.c.o\x1b[0m\n'}
[4.546681] (px4_msgs) StdoutLine: {'line': b'[ 94%] \x1b[32mBuilding C object CMakeFiles/px4_msgs__rosidl_generator_py.dir/rosidl_generator_py/px4_msgs/msg/_mag_worker_data_s.c.o\x1b[0m\n'}
[4.558178] (px4_msgs) StdoutLine: {'line': b'[ 94%] \x1b[32mBuilding C object CMakeFiles/px4_msgs__rosidl_generator_py.dir/rosidl_generator_py/px4_msgs/msg/_magnetometer_bias_estimate_s.c.o\x1b[0m\n'}
[4.586535] (px4_msgs) StdoutLine: {'line': b'[ 94%] \x1b[32mBuilding C object CMakeFiles/px4_msgs__rosidl_generator_py.dir/rosidl_generator_py/px4_msgs/msg/_manual_control_switches_s.c.o\x1b[0m\n'}
[4.591669] (px4_msgs) StdoutLine: {'line': b'[ 94%] \x1b[32mBuilding C object CMakeFiles/px4_msgs__rosidl_generator_py.dir/rosidl_generator_py/px4_msgs/msg/_manual_control_setpoint_s.c.o\x1b[0m\n'}
[4.598961] (px4_msgs) StdoutLine: {'line': b'[ 94%] \x1b[32mBuilding C object CMakeFiles/px4_msgs__rosidl_generator_py.dir/rosidl_generator_py/px4_msgs/msg/_mavlink_log_s.c.o\x1b[0m\n'}
[4.617681] (-) TimerEvent: {}
[4.696274] (px4_msgs) StdoutLine: {'line': b'[ 94%] \x1b[32mBuilding C object CMakeFiles/px4_msgs__rosidl_generator_py.dir/rosidl_generator_py/px4_msgs/msg/_mavlink_tunnel_s.c.o\x1b[0m\n'}
[4.720708] (-) TimerEvent: {}
[4.721928] (px4_msgs) StdoutLine: {'line': b'[ 94%] \x1b[32mBuilding C object CMakeFiles/px4_msgs__rosidl_generator_py.dir/rosidl_generator_py/px4_msgs/msg/_message_format_request_s.c.o\x1b[0m\n'}
[4.758185] (px4_msgs) StdoutLine: {'line': b'[ 94%] \x1b[32mBuilding C object CMakeFiles/px4_msgs__rosidl_generator_py.dir/rosidl_generator_py/px4_msgs/msg/_message_format_response_s.c.o\x1b[0m\n'}
[4.770216] (px4_msgs) StdoutLine: {'line': b'[ 94%] \x1b[32mBuilding C object CMakeFiles/px4_msgs__rosidl_generator_py.dir/rosidl_generator_py/px4_msgs/msg/_mission_s.c.o\x1b[0m\n'}
[4.774439] (px4_msgs) StdoutLine: {'line': b'[ 94%] \x1b[32mBuilding C object CMakeFiles/px4_msgs__rosidl_generator_py.dir/rosidl_generator_py/px4_msgs/msg/_mission_result_s.c.o\x1b[0m\n'}
[4.777366] (px4_msgs) StdoutLine: {'line': b'[ 94%] \x1b[32mBuilding C object CMakeFiles/px4_msgs__rosidl_generator_py.dir/rosidl_generator_py/px4_msgs/msg/_mode_completed_s.c.o\x1b[0m\n'}
[4.782512] (px4_msgs) StdoutLine: {'line': b'[ 94%] \x1b[32mBuilding C object CMakeFiles/px4_msgs__rosidl_generator_py.dir/rosidl_generator_py/px4_msgs/msg/_mount_orientation_s.c.o\x1b[0m\n'}
[4.783960] (px4_msgs) StdoutLine: {'line': b'[ 94%] \x1b[32mBuilding C object CMakeFiles/px4_msgs__rosidl_generator_py.dir/rosidl_generator_py/px4_msgs/msg/_navigator_mission_item_s.c.o\x1b[0m\n'}
[4.820804] (-) TimerEvent: {}
[4.887306] (px4_msgs) StdoutLine: {'line': b'[ 94%] \x1b[32mBuilding C object CMakeFiles/px4_msgs__rosidl_generator_py.dir/rosidl_generator_py/px4_msgs/msg/_navigator_status_s.c.o\x1b[0m\n'}
[4.914822] (px4_msgs) StdoutLine: {'line': b'[ 94%] \x1b[32mBuilding C object CMakeFiles/px4_msgs__rosidl_generator_py.dir/rosidl_generator_py/px4_msgs/msg/_neural_control_s.c.o\x1b[0m\n'}
[4.916637] (px4_msgs) StdoutLine: {'line': b'[ 94%] \x1b[32mBuilding C object CMakeFiles/px4_msgs__rosidl_generator_py.dir/rosidl_generator_py/px4_msgs/msg/_normalized_unsigned_setpoint_s.c.o\x1b[0m\n'}
[4.921199] (-) TimerEvent: {}
[4.928561] (px4_msgs) StdoutLine: {'line': b'[ 94%] \x1b[32mBuilding C object CMakeFiles/px4_msgs__rosidl_generator_py.dir/rosidl_generator_py/px4_msgs/msg/_obstacle_distance_s.c.o\x1b[0m\n'}
[4.936056] (px4_msgs) StdoutLine: {'line': b'[ 94%] \x1b[32mBuilding C object CMakeFiles/px4_msgs__rosidl_generator_py.dir/rosidl_generator_py/px4_msgs/msg/_onboard_computer_status_s.c.o\x1b[0m\n'}
[4.944355] (px4_msgs) StdoutLine: {'line': b'[ 94%] \x1b[32mBuilding C object CMakeFiles/px4_msgs__rosidl_generator_py.dir/rosidl_generator_py/px4_msgs/msg/_offboard_control_mode_s.c.o\x1b[0m\n'}
[4.963502] (px4_msgs) StdoutLine: {'line': b'[ 95%] \x1b[32mBuilding C object CMakeFiles/px4_msgs__rosidl_generator_py.dir/rosidl_generator_py/px4_msgs/msg/_open_drone_id_arm_status_s.c.o\x1b[0m\n'}
[4.979672] (px4_msgs) StdoutLine: {'line': b'[ 95%] \x1b[32mBuilding C object CMakeFiles/px4_msgs__rosidl_generator_py.dir/rosidl_generator_py/px4_msgs/msg/_open_drone_id_operator_id_s.c.o\x1b[0m\n'}
[5.021307] (-) TimerEvent: {}
[5.036276] (px4_msgs) StdoutLine: {'line': b'[ 95%] \x1b[32mBuilding C object CMakeFiles/px4_msgs__rosidl_generator_py.dir/rosidl_generator_py/px4_msgs/msg/_open_drone_id_self_id_s.c.o\x1b[0m\n'}
[5.093294] (px4_msgs) StdoutLine: {'line': b'[ 95%] \x1b[32mBuilding C object CMakeFiles/px4_msgs__rosidl_generator_py.dir/rosidl_generator_py/px4_msgs/msg/_open_drone_id_system_s.c.o\x1b[0m\n'}
[5.096907] (px4_msgs) StdoutLine: {'line': b'[ 95%] \x1b[32mBuilding C object CMakeFiles/px4_msgs__rosidl_generator_py.dir/rosidl_generator_py/px4_msgs/msg/_orb_test_s.c.o\x1b[0m\n'}
[5.121438] (-) TimerEvent: {}
[5.124840] (px4_msgs) StdoutLine: {'line': b'[ 95%] \x1b[32mBuilding C object CMakeFiles/px4_msgs__rosidl_generator_py.dir/rosidl_generator_py/px4_msgs/msg/_orb_test_large_s.c.o\x1b[0m\n'}
[5.152040] (px4_msgs) StdoutLine: {'line': b'[ 95%] \x1b[32mBuilding C object CMakeFiles/px4_msgs__rosidl_generator_py.dir/rosidl_generator_py/px4_msgs/msg/_orb_test_medium_s.c.o\x1b[0m\n'}
[5.155731] (px4_msgs) StdoutLine: {'line': b'[ 95%] \x1b[32mBuilding C object CMakeFiles/px4_msgs__rosidl_generator_py.dir/rosidl_generator_py/px4_msgs/msg/_orbit_status_s.c.o\x1b[0m\n'}
[5.175064] (px4_msgs) StdoutLine: {'line': b'[ 95%] \x1b[32mBuilding C object CMakeFiles/px4_msgs__rosidl_generator_py.dir/rosidl_generator_py/px4_msgs/msg/_parameter_reset_request_s.c.o\x1b[0m\n'}
[5.197136] (px4_msgs) StdoutLine: {'line': b'[ 95%] \x1b[32mBuilding C object CMakeFiles/px4_msgs__rosidl_generator_py.dir/rosidl_generator_py/px4_msgs/msg/_parameter_set_used_request_s.c.o\x1b[0m\n'}
[5.208701] (px4_msgs) StdoutLine: {'line': b'[ 95%] \x1b[32mBuilding C object CMakeFiles/px4_msgs__rosidl_generator_py.dir/rosidl_generator_py/px4_msgs/msg/_parameter_set_value_request_s.c.o\x1b[0m\n'}
[5.221563] (-) TimerEvent: {}
[5.274810] (px4_msgs) StdoutLine: {'line': b'[ 95%] \x1b[32mBuilding C object CMakeFiles/px4_msgs__rosidl_generator_py.dir/rosidl_generator_py/px4_msgs/msg/_parameter_set_value_response_s.c.o\x1b[0m\n'}
[5.278878] (px4_msgs) StdoutLine: {'line': b'[ 95%] \x1b[32mBuilding C object CMakeFiles/px4_msgs__rosidl_generator_py.dir/rosidl_generator_py/px4_msgs/msg/_parameter_update_s.c.o\x1b[0m\n'}
[5.323657] (px4_msgs) StdoutLine: {'line': b'[ 95%] \x1b[32mBuilding C object CMakeFiles/px4_msgs__rosidl_generator_py.dir/rosidl_generator_py/px4_msgs/msg/_ping_s.c.o\x1b[0m\n'}
[5.324344] (-) TimerEvent: {}
[5.324668] (px4_msgs) StdoutLine: {'line': b'[ 95%] \x1b[32mBuilding C object CMakeFiles/px4_msgs__rosidl_generator_py.dir/rosidl_generator_py/px4_msgs/msg/_position_controller_landing_status_s.c.o\x1b[0m\n'}
[5.327798] (px4_msgs) StdoutLine: {'line': b'[ 95%] \x1b[32mBuilding C object CMakeFiles/px4_msgs__rosidl_generator_py.dir/rosidl_generator_py/px4_msgs/msg/_position_controller_status_s.c.o\x1b[0m\n'}
[5.346769] (px4_msgs) StdoutLine: {'line': b'[ 95%] \x1b[32mBuilding C object CMakeFiles/px4_msgs__rosidl_generator_py.dir/rosidl_generator_py/px4_msgs/msg/_position_setpoint_s.c.o\x1b[0m\n'}
[5.371751] (px4_msgs) StdoutLine: {'line': b'[ 95%] \x1b[32mBuilding C object CMakeFiles/px4_msgs__rosidl_generator_py.dir/rosidl_generator_py/px4_msgs/msg/_position_setpoint_triplet_s.c.o\x1b[0m\n'}
[5.397879] (px4_msgs) StdoutLine: {'line': b'[ 95%] \x1b[32mBuilding C object CMakeFiles/px4_msgs__rosidl_generator_py.dir/rosidl_generator_py/px4_msgs/msg/_power_button_state_s.c.o\x1b[0m\n'}
[5.420229] (px4_msgs) StdoutLine: {'line': b'[ 96%] \x1b[32mBuilding C object CMakeFiles/px4_msgs__rosidl_generator_py.dir/rosidl_generator_py/px4_msgs/msg/_power_monitor_s.c.o\x1b[0m\n'}
[5.424475] (-) TimerEvent: {}
[5.478759] (px4_msgs) StdoutLine: {'line': b'[ 96%] \x1b[32mBuilding C object CMakeFiles/px4_msgs__rosidl_generator_py.dir/rosidl_generator_py/px4_msgs/msg/_pps_capture_s.c.o\x1b[0m\n'}
[5.481965] (px4_msgs) StdoutLine: {'line': b'[ 96%] \x1b[32mBuilding C object CMakeFiles/px4_msgs__rosidl_generator_py.dir/rosidl_generator_py/px4_msgs/msg/_pure_pursuit_status_s.c.o\x1b[0m\n'}
[5.491726] (px4_msgs) StdoutLine: {'line': b'[ 96%] \x1b[32mBuilding C object CMakeFiles/px4_msgs__rosidl_generator_py.dir/rosidl_generator_py/px4_msgs/msg/_pwm_input_s.c.o\x1b[0m\n'}
[5.510848] (px4_msgs) StdoutLine: {'line': b'[ 96%] \x1b[32mBuilding C object CMakeFiles/px4_msgs__rosidl_generator_py.dir/rosidl_generator_py/px4_msgs/msg/_px4io_status_s.c.o\x1b[0m\n'}
[5.524984] (-) TimerEvent: {}
[5.539744] (px4_msgs) StdoutLine: {'line': b'[ 96%] \x1b[32mBuilding C object CMakeFiles/px4_msgs__rosidl_generator_py.dir/rosidl_generator_py/px4_msgs/msg/_qshell_req_s.c.o\x1b[0m\n'}
[5.561860] (px4_msgs) StdoutLine: {'line': b'[ 96%] \x1b[32mBuilding C object CMakeFiles/px4_msgs__rosidl_generator_py.dir/rosidl_generator_py/px4_msgs/msg/_qshell_retval_s.c.o\x1b[0m\n'}
[5.562641] (px4_msgs) StdoutLine: {'line': b'[ 96%] \x1b[32mBuilding C object CMakeFiles/px4_msgs__rosidl_generator_py.dir/rosidl_generator_py/px4_msgs/msg/_radio_status_s.c.o\x1b[0m\n'}
[5.585434] (px4_msgs) StdoutLine: {'line': b'[ 96%] \x1b[32mBuilding C object CMakeFiles/px4_msgs__rosidl_generator_py.dir/rosidl_generator_py/px4_msgs/msg/_raptor_input_s.c.o\x1b[0m\n'}
[5.625095] (-) TimerEvent: {}
[5.636806] (px4_msgs) StdoutLine: {'line': b'[ 96%] \x1b[32mBuilding C object CMakeFiles/px4_msgs__rosidl_generator_py.dir/rosidl_generator_py/px4_msgs/msg/_raptor_status_s.c.o\x1b[0m\n'}
[5.651231] (px4_msgs) StdoutLine: {'line': b'[ 96%] \x1b[32mBuilding C object CMakeFiles/px4_msgs__rosidl_generator_py.dir/rosidl_generator_py/px4_msgs/msg/_rate_ctrl_status_s.c.o\x1b[0m\n'}
[5.665139] (px4_msgs) StdoutLine: {'line': b'[ 96%] \x1b[32mBuilding C object CMakeFiles/px4_msgs__rosidl_generator_py.dir/rosidl_generator_py/px4_msgs/msg/_rc_channels_s.c.o\x1b[0m\n'}
[5.697706] (px4_msgs) StdoutLine: {'line': b'[ 96%] \x1b[32mBuilding C object CMakeFiles/px4_msgs__rosidl_generator_py.dir/rosidl_generator_py/px4_msgs/msg/_rc_parameter_map_s.c.o\x1b[0m\n'}
[5.725673] (-) TimerEvent: {}
[5.741974] (px4_msgs) StdoutLine: {'line': b'[ 96%] \x1b[32mBuilding C object CMakeFiles/px4_msgs__rosidl_generator_py.dir/rosidl_generator_py/px4_msgs/msg/_register_ext_component_reply_s.c.o\x1b[0m\n'}
[5.746147] (px4_msgs) StdoutLine: {'line': b'[ 96%] \x1b[32mBuilding C object CMakeFiles/px4_msgs__rosidl_generator_py.dir/rosidl_generator_py/px4_msgs/msg/_register_ext_component_request_s.c.o\x1b[0m\n'}
[5.758441] (px4_msgs) StdoutLine: {'line': b'[ 96%] \x1b[32mBuilding C object CMakeFiles/px4_msgs__rosidl_generator_py.dir/rosidl_generator_py/px4_msgs/msg/_rover_attitude_setpoint_s.c.o\x1b[0m\n'}
[5.784561] (px4_msgs) StdoutLine: {'line': b'[ 96%] \x1b[32mBuilding C object CMakeFiles/px4_msgs__rosidl_generator_py.dir/rosidl_generator_py/px4_msgs/msg/_rover_attitude_status_s.c.o\x1b[0m\n'}
[5.813868] (px4_msgs) StdoutLine: {'line': b'[ 96%] \x1b[32mBuilding C object CMakeFiles/px4_msgs__rosidl_generator_py.dir/rosidl_generator_py/px4_msgs/msg/_rover_position_setpoint_s.c.o\x1b[0m\n'}
[5.826714] (-) TimerEvent: {}
[5.832789] (px4_msgs) StdoutLine: {'line': b'[ 96%] \x1b[32mBuilding C object CMakeFiles/px4_msgs__rosidl_generator_py.dir/rosidl_generator_py/px4_msgs/msg/_rover_rate_setpoint_s.c.o\x1b[0m\n'}
[5.852747] (px4_msgs) StdoutLine: {'line': b'[ 96%] \x1b[32mBuilding C object CMakeFiles/px4_msgs__rosidl_generator_py.dir/rosidl_generator_py/px4_msgs/msg/_rover_rate_status_s.c.o\x1b[0m\n'}
[5.877669] (px4_msgs) StdoutLine: {'line': b'[ 97%] \x1b[32mBuilding C object CMakeFiles/px4_msgs__rosidl_generator_py.dir/rosidl_generator_py/px4_msgs/msg/_rover_speed_setpoint_s.c.o\x1b[0m\n'}
[5.909386] (px4_msgs) StdoutLine: {'line': b'[ 97%] \x1b[32mBuilding C object CMakeFiles/px4_msgs__rosidl_generator_py.dir/rosidl_generator_py/px4_msgs/msg/_rover_speed_status_s.c.o\x1b[0m\n'}
[5.926818] (-) TimerEvent: {}
[5.928943] (px4_msgs) StdoutLine: {'line': b'[ 97%] \x1b[32mBuilding C object CMakeFiles/px4_msgs__rosidl_generator_py.dir/rosidl_generator_py/px4_msgs/msg/_rover_steering_setpoint_s.c.o\x1b[0m\n'}
[5.936724] (px4_msgs) StdoutLine: {'line': b'[ 97%] \x1b[32mBuilding C object CMakeFiles/px4_msgs__rosidl_generator_py.dir/rosidl_generator_py/px4_msgs/msg/_rover_throttle_setpoint_s.c.o\x1b[0m\n'}
[5.960804] (px4_msgs) StdoutLine: {'line': b'[ 97%] \x1b[32mBuilding C object CMakeFiles/px4_msgs__rosidl_generator_py.dir/rosidl_generator_py/px4_msgs/msg/_rpm_s.c.o\x1b[0m\n'}
[5.996407] (px4_msgs) StdoutLine: {'line': b'[ 97%] \x1b[32mBuilding C object CMakeFiles/px4_msgs__rosidl_generator_py.dir/rosidl_generator_py/px4_msgs/msg/_rtl_status_s.c.o\x1b[0m\n'}
[6.013662] (px4_msgs) StdoutLine: {'line': b'[ 97%] \x1b[32mBuilding C object CMakeFiles/px4_msgs__rosidl_generator_py.dir/rosidl_generator_py/px4_msgs/msg/_rtl_time_estimate_s.c.o\x1b[0m\n'}
[6.024800] (px4_msgs) StdoutLine: {'line': b'[ 97%] \x1b[32mBuilding C object CMakeFiles/px4_msgs__rosidl_generator_py.dir/rosidl_generator_py/px4_msgs/msg/_satellite_info_s.c.o\x1b[0m\n'}
[6.026902] (-) TimerEvent: {}
[6.050829] (px4_msgs) StdoutLine: {'line': b'[ 97%] \x1b[32mBuilding C object CMakeFiles/px4_msgs__rosidl_generator_py.dir/rosidl_generator_py/px4_msgs/msg/_sensor_accel_fifo_s.c.o\x1b[0m\n'}
[6.054831] (px4_msgs) StdoutLine: {'line': b'[ 97%] \x1b[32mBuilding C object CMakeFiles/px4_msgs__rosidl_generator_py.dir/rosidl_generator_py/px4_msgs/msg/_sensor_accel_s.c.o\x1b[0m\n'}
[6.086105] (px4_msgs) StdoutLine: {'line': b'[ 97%] \x1b[32mBuilding C object CMakeFiles/px4_msgs__rosidl_generator_py.dir/rosidl_generator_py/px4_msgs/msg/_sensor_airflow_s.c.o\x1b[0m\n'}
[6.105746] (px4_msgs) StdoutLine: {'line': b'[ 97%] \x1b[32mBuilding C object CMakeFiles/px4_msgs__rosidl_generator_py.dir/rosidl_generator_py/px4_msgs/msg/_sensor_baro_s.c.o\x1b[0m\n'}
[6.118724] (px4_msgs) StdoutLine: {'line': b'[ 97%] \x1b[32mBuilding C object CMakeFiles/px4_msgs__rosidl_generator_py.dir/rosidl_generator_py/px4_msgs/msg/_sensor_combined_s.c.o\x1b[0m\n'}
[6.127029] (-) TimerEvent: {}
[6.175893] (px4_msgs) StdoutLine: {'line': b'[ 97%] \x1b[32mBuilding C object CMakeFiles/px4_msgs__rosidl_generator_py.dir/rosidl_generator_py/px4_msgs/msg/_sensor_gnss_relative_s.c.o\x1b[0m\n'}
[6.177983] (px4_msgs) StdoutLine: {'line': b'[ 97%] \x1b[32mBuilding C object CMakeFiles/px4_msgs__rosidl_generator_py.dir/rosidl_generator_py/px4_msgs/msg/_sensor_correction_s.c.o\x1b[0m\n'}
[6.225017] (px4_msgs) StdoutLine: {'line': b'[ 97%] \x1b[32mBuilding C object CMakeFiles/px4_msgs__rosidl_generator_py.dir/rosidl_generator_py/px4_msgs/msg/_sensor_gnss_status_s.c.o\x1b[0m\n'}
[6.228035] (-) TimerEvent: {}
[6.241783] (px4_msgs) StdoutLine: {'line': b'[ 97%] \x1b[32mBuilding C object CMakeFiles/px4_msgs__rosidl_generator_py.dir/rosidl_generator_py/px4_msgs/msg/_sensor_gps_s.c.o\x1b[0m\n'}
[6.242229] (px4_msgs) StdoutLine: {'line': b'[ 97%] \x1b[32mBuilding C object CMakeFiles/px4_msgs__rosidl_generator_py.dir/rosidl_generator_py/px4_msgs/msg/_sensor_gyro_s.c.o\x1b[0m\n'}
[6.268726] (px4_msgs) StdoutLine: {'line': b'[ 97%] \x1b[32mBuilding C object CMakeFiles/px4_msgs__rosidl_generator_py.dir/rosidl_generator_py/px4_msgs/msg/_sensor_gyro_fft_s.c.o\x1b[0m\n'}
[6.307573] (px4_msgs) StdoutLine: {'line': b'[ 98%] \x1b[32mBuilding C object CMakeFiles/px4_msgs__rosidl_generator_py.dir/rosidl_generator_py/px4_msgs/msg/_sensor_gyro_fifo_s.c.o\x1b[0m\n'}
[6.312851] (px4_msgs) StdoutLine: {'line': b'[ 98%] \x1b[32mBuilding C object CMakeFiles/px4_msgs__rosidl_generator_py.dir/rosidl_generator_py/px4_msgs/msg/_sensor_hygrometer_s.c.o\x1b[0m\n'}
[6.328156] (-) TimerEvent: {}
[6.360603] (px4_msgs) StdoutLine: {'line': b'[ 98%] \x1b[32mBuilding C object CMakeFiles/px4_msgs__rosidl_generator_py.dir/rosidl_generator_py/px4_msgs/msg/_sensor_mag_s.c.o\x1b[0m\n'}
[6.389813] (px4_msgs) StdoutLine: {'line': b'[ 98%] \x1b[32mBuilding C object CMakeFiles/px4_msgs__rosidl_generator_py.dir/rosidl_generator_py/px4_msgs/msg/_sensor_optical_flow_s.c.o\x1b[0m\n'}
[6.425408] (px4_msgs) StdoutLine: {'line': b'[ 98%] \x1b[32mBuilding C object CMakeFiles/px4_msgs__rosidl_generator_py.dir/rosidl_generator_py/px4_msgs/msg/_sensor_preflight_mag_s.c.o\x1b[0m\n'}
[6.428310] (-) TimerEvent: {}
[6.463760] (px4_msgs) StdoutLine: {'line': b'[ 98%] \x1b[32mBuilding C object CMakeFiles/px4_msgs__rosidl_generator_py.dir/rosidl_generator_py/px4_msgs/msg/_sensor_selection_s.c.o\x1b[0m\n'}
[6.472584] (px4_msgs) StdoutLine: {'line': b'[ 98%] \x1b[32mBuilding C object CMakeFiles/px4_msgs__rosidl_generator_py.dir/rosidl_generator_py/px4_msgs/msg/_sensor_temp_s.c.o\x1b[0m\n'}
[6.532774] (px4_msgs) StdoutLine: {'line': b'[ 98%] \x1b[32mBuilding C object CMakeFiles/px4_msgs__rosidl_generator_py.dir/rosidl_generator_py/px4_msgs/msg/_sensor_uwb_s.c.o\x1b[0m\n'}
[6.533020] (-) TimerEvent: {}
[6.534905] (px4_msgs) StdoutLine: {'line': b'[ 98%] \x1b[32mBuilding C object CMakeFiles/px4_msgs__rosidl_generator_py.dir/rosidl_generator_py/px4_msgs/msg/_sensors_status_s.c.o\x1b[0m\n'}
[6.558225] (px4_msgs) StdoutLine: {'line': b'[ 98%] \x1b[32mBuilding C object CMakeFiles/px4_msgs__rosidl_generator_py.dir/rosidl_generator_py/px4_msgs/msg/_sensors_status_imu_s.c.o\x1b[0m\n'}
[6.568285] (px4_msgs) StdoutLine: {'line': b'[ 98%] \x1b[32mBuilding C object CMakeFiles/px4_msgs__rosidl_generator_py.dir/rosidl_generator_py/px4_msgs/msg/_system_power_s.c.o\x1b[0m\n'}
[6.633156] (-) TimerEvent: {}
[6.641251] (px4_msgs) StdoutLine: {'line': b'[ 98%] \x1b[32mBuilding C object CMakeFiles/px4_msgs__rosidl_generator_py.dir/rosidl_generator_py/px4_msgs/msg/_takeoff_status_s.c.o\x1b[0m\n'}
[6.658070] (px4_msgs) StdoutLine: {'line': b'[ 98%] \x1b[32mBuilding C object CMakeFiles/px4_msgs__rosidl_generator_py.dir/rosidl_generator_py/px4_msgs/msg/_task_stack_info_s.c.o\x1b[0m\n'}
[6.686884] (px4_msgs) StdoutLine: {'line': b'[ 98%] \x1b[32mBuilding C object CMakeFiles/px4_msgs__rosidl_generator_py.dir/rosidl_generator_py/px4_msgs/msg/_tecs_status_s.c.o\x1b[0m\n'}
[6.694742] (px4_msgs) StdoutLine: {'line': b'[ 98%] \x1b[32mBuilding C object CMakeFiles/px4_msgs__rosidl_generator_py.dir/rosidl_generator_py/px4_msgs/msg/_telemetry_status_s.c.o\x1b[0m\n'}
[6.734667] (-) TimerEvent: {}
[6.734944] (px4_msgs) StdoutLine: {'line': b'[ 98%] \x1b[32mBuilding C object CMakeFiles/px4_msgs__rosidl_generator_py.dir/rosidl_generator_py/px4_msgs/msg/_tiltrotor_extra_controls_s.c.o\x1b[0m\n'}
[6.748081] (px4_msgs) StdoutLine: {'line': b'[ 98%] \x1b[32mBuilding C object CMakeFiles/px4_msgs__rosidl_generator_py.dir/rosidl_generator_py/px4_msgs/msg/_timesync_status_s.c.o\x1b[0m\n'}
[6.760957] (px4_msgs) StdoutLine: {'line': b'[ 98%] \x1b[32mBuilding C object CMakeFiles/px4_msgs__rosidl_generator_py.dir/rosidl_generator_py/px4_msgs/msg/_trajectory_setpoint_s.c.o\x1b[0m\n'}
[6.799775] (px4_msgs) StdoutLine: {'line': b'[ 98%] \x1b[32mBuilding C object CMakeFiles/px4_msgs__rosidl_generator_py.dir/rosidl_generator_py/px4_msgs/msg/_trajectory_setpoint6dof_s.c.o\x1b[0m\n'}
[6.834849] (-) TimerEvent: {}
[6.844250] (px4_msgs) StdoutLine: {'line': b'[ 98%] \x1b[32mBuilding C object CMakeFiles/px4_msgs__rosidl_generator_py.dir/rosidl_generator_py/px4_msgs/msg/_transponder_report_s.c.o\x1b[0m\n'}
[6.888224] (px4_msgs) StdoutLine: {'line': b'[ 99%] \x1b[32mBuilding C object CMakeFiles/px4_msgs__rosidl_generator_py.dir/rosidl_generator_py/px4_msgs/msg/_tune_control_s.c.o\x1b[0m\n'}
[6.897631] (px4_msgs) StdoutLine: {'line': b'[ 99%] \x1b[32mBuilding C object CMakeFiles/px4_msgs__rosidl_generator_py.dir/rosidl_generator_py/px4_msgs/msg/_uavcan_parameter_request_s.c.o\x1b[0m\n'}
[6.907949] (px4_msgs) StdoutLine: {'line': b'[ 99%] \x1b[32mBuilding C object CMakeFiles/px4_msgs__rosidl_generator_py.dir/rosidl_generator_py/px4_msgs/msg/_uavcan_parameter_value_s.c.o\x1b[0m\n'}
[6.930563] (px4_msgs) StdoutLine: {'line': b'[ 99%] \x1b[32mBuilding C object CMakeFiles/px4_msgs__rosidl_generator_py.dir/rosidl_generator_py/px4_msgs/msg/_ulog_stream_s.c.o\x1b[0m\n'}
[6.934966] (-) TimerEvent: {}
[6.974323] (px4_msgs) StdoutLine: {'line': b'[ 99%] \x1b[32mBuilding C object CMakeFiles/px4_msgs__rosidl_generator_py.dir/rosidl_generator_py/px4_msgs/msg/_ulog_stream_ack_s.c.o\x1b[0m\n'}
[6.977020] (px4_msgs) StdoutLine: {'line': b'[ 99%] \x1b[32mBuilding C object CMakeFiles/px4_msgs__rosidl_generator_py.dir/rosidl_generator_py/px4_msgs/msg/_unregister_ext_component_s.c.o\x1b[0m\n'}
[7.009756] (px4_msgs) StdoutLine: {'line': b'[ 99%] \x1b[32mBuilding C object CMakeFiles/px4_msgs__rosidl_generator_py.dir/rosidl_generator_py/px4_msgs/msg/_vehicle_acceleration_s.c.o\x1b[0m\n'}
[7.035103] (-) TimerEvent: {}
[7.086728] (px4_msgs) StdoutLine: {'line': b'[ 99%] \x1b[32mBuilding C object CMakeFiles/px4_msgs__rosidl_generator_py.dir/rosidl_generator_py/px4_msgs/msg/_vehicle_air_data_s.c.o\x1b[0m\n'}
[7.092928] (px4_msgs) StdoutLine: {'line': b'[ 99%] \x1b[32mBuilding C object CMakeFiles/px4_msgs__rosidl_generator_py.dir/rosidl_generator_py/px4_msgs/msg/_vehicle_angular_acceleration_setpoint_s.c.o\x1b[0m\n'}
[7.096663] (px4_msgs) StdoutLine: {'line': b'[ 99%] \x1b[32mBuilding C object CMakeFiles/px4_msgs__rosidl_generator_py.dir/rosidl_generator_py/px4_msgs/msg/_vehicle_angular_velocity_s.c.o\x1b[0m\n'}
[7.110733] (px4_msgs) StdoutLine: {'line': b'[ 99%] \x1b[32mBuilding C object CMakeFiles/px4_msgs__rosidl_generator_py.dir/rosidl_generator_py/px4_msgs/msg/_vehicle_attitude_s.c.o\x1b[0m\n'}
[7.111043] (px4_msgs) StdoutLine: {'line': b'[ 99%] \x1b[32mBuilding C object CMakeFiles/px4_msgs__rosidl_generator_py.dir/rosidl_generator_py/px4_msgs/msg/_vehicle_attitude_setpoint_s.c.o\x1b[0m\n'}
[7.124345] (px4_msgs) StdoutLine: {'line': b'[ 99%] \x1b[32mBuilding C object CMakeFiles/px4_msgs__rosidl_generator_py.dir/rosidl_generator_py/px4_msgs/msg/_vehicle_command_s.c.o\x1b[0m\n'}
[7.136838] (-) TimerEvent: {}
[7.149458] (px4_msgs) StdoutLine: {'line': b'[ 99%] \x1b[32mBuilding C object CMakeFiles/px4_msgs__rosidl_generator_py.dir/rosidl_generator_py/px4_msgs/msg/_vehicle_command_ack_s.c.o\x1b[0m\n'}
[7.170751] (px4_msgs) StdoutLine: {'line': b'[ 99%] \x1b[32mBuilding C object CMakeFiles/px4_msgs__rosidl_generator_py.dir/rosidl_generator_py/px4_msgs/msg/_vehicle_constraints_s.c.o\x1b[0m\n'}
[7.238707] (-) TimerEvent: {}
[7.307761] (px4_msgs) StdoutLine: {'line': b'[ 99%] \x1b[32mBuilding C object CMakeFiles/px4_msgs__rosidl_generator_py.dir/rosidl_generator_py/px4_msgs/msg/_vehicle_control_mode_s.c.o\x1b[0m\n'}
[7.312039] (px4_msgs) StdoutLine: {'line': b'[ 99%] \x1b[32mBuilding C object CMakeFiles/px4_msgs__rosidl_generator_py.dir/rosidl_generator_py/px4_msgs/msg/_vehicle_global_position_s.c.o\x1b[0m\n'}
[7.325085] (px4_msgs) StdoutLine: {'line': b'[ 99%] \x1b[32mBuilding C object CMakeFiles/px4_msgs__rosidl_generator_py.dir/rosidl_generator_py/px4_msgs/msg/_vehicle_imu_s.c.o\x1b[0m\n'}
[7.326901] (px4_msgs) StdoutLine: {'line': b'[ 99%] \x1b[32mBuilding C object CMakeFiles/px4_msgs__rosidl_generator_py.dir/rosidl_generator_py/px4_msgs/msg/_vehicle_imu_status_s.c.o\x1b[0m\n'}
[7.329289] (px4_msgs) StdoutLine: {'line': b'[ 99%] \x1b[32mBuilding C object CMakeFiles/px4_msgs__rosidl_generator_py.dir/rosidl_generator_py/px4_msgs/msg/_vehicle_land_detected_s.c.o\x1b[0m\n'}
[7.335462] (px4_msgs) StdoutLine: {'line': b'[100%] \x1b[32mBuilding C object CMakeFiles/px4_msgs__rosidl_generator_py.dir/rosidl_generator_py/px4_msgs/msg/_vehicle_local_position_s.c.o\x1b[0m\n'}
[7.337031] (px4_msgs) StdoutLine: {'line': b'[100%] \x1b[32mBuilding C object CMakeFiles/px4_msgs__rosidl_generator_py.dir/rosidl_generator_py/px4_msgs/msg/_vehicle_local_position_setpoint_s.c.o\x1b[0m\n'}
[7.339647] (-) TimerEvent: {}
[7.363294] (px4_msgs) StdoutLine: {'line': b'[100%] \x1b[32mBuilding C object CMakeFiles/px4_msgs__rosidl_generator_py.dir/rosidl_generator_py/px4_msgs/msg/_vehicle_magnetometer_s.c.o\x1b[0m\n'}
[7.439799] (-) TimerEvent: {}
[7.484351] (px4_msgs) StdoutLine: {'line': b'[100%] \x1b[32mBuilding C object CMakeFiles/px4_msgs__rosidl_generator_py.dir/rosidl_generator_py/px4_msgs/msg/_vehicle_odometry_s.c.o\x1b[0m\n'}
[7.489752] (px4_msgs) StdoutLine: {'line': b'[100%] \x1b[32mBuilding C object CMakeFiles/px4_msgs__rosidl_generator_py.dir/rosidl_generator_py/px4_msgs/msg/_vehicle_optical_flow_s.c.o\x1b[0m\n'}
[7.501315] (px4_msgs) StdoutLine: {'line': b'[100%] \x1b[32mBuilding C object CMakeFiles/px4_msgs__rosidl_generator_py.dir/rosidl_generator_py/px4_msgs/msg/_vehicle_optical_flow_vel_s.c.o\x1b[0m\n'}
[7.510666] (px4_msgs) StdoutLine: {'line': b'[100%] \x1b[32mBuilding C object CMakeFiles/px4_msgs__rosidl_generator_py.dir/rosidl_generator_py/px4_msgs/msg/_vehicle_rates_setpoint_s.c.o\x1b[0m\n'}
[7.516086] (px4_msgs) StdoutLine: {'line': b'[100%] \x1b[32mBuilding C object CMakeFiles/px4_msgs__rosidl_generator_py.dir/rosidl_generator_py/px4_msgs/msg/_vehicle_roi_s.c.o\x1b[0m\n'}
[7.519691] (px4_msgs) StdoutLine: {'line': b'[100%] \x1b[32mBuilding C object CMakeFiles/px4_msgs__rosidl_generator_py.dir/rosidl_generator_py/px4_msgs/msg/_vehicle_status_s.c.o\x1b[0m\n'}
[7.539909] (-) TimerEvent: {}
[7.552889] (px4_msgs) StdoutLine: {'line': b'[100%] \x1b[32mBuilding C object CMakeFiles/px4_msgs__rosidl_generator_py.dir/rosidl_generator_py/px4_msgs/msg/_vehicle_thrust_setpoint_s.c.o\x1b[0m\n'}
[7.563200] (px4_msgs) StdoutLine: {'line': b'[100%] \x1b[32mBuilding C object CMakeFiles/px4_msgs__rosidl_generator_py.dir/rosidl_generator_py/px4_msgs/msg/_vehicle_torque_setpoint_s.c.o\x1b[0m\n'}
[7.640045] (-) TimerEvent: {}
[7.680339] (px4_msgs) StdoutLine: {'line': b'[100%] \x1b[32mBuilding C object CMakeFiles/px4_msgs__rosidl_generator_py.dir/rosidl_generator_py/px4_msgs/msg/_vtx_s.c.o\x1b[0m\n'}
[7.681801] (px4_msgs) StdoutLine: {'line': b'[100%] \x1b[32mBuilding C object CMakeFiles/px4_msgs__rosidl_generator_py.dir/rosidl_generator_py/px4_msgs/msg/_velocity_limits_s.c.o\x1b[0m\n'}
[7.684633] (px4_msgs) StdoutLine: {'line': b'[100%] \x1b[32mBuilding C object CMakeFiles/px4_msgs__rosidl_generator_py.dir/rosidl_generator_py/px4_msgs/msg/_vtol_vehicle_status_s.c.o\x1b[0m\n'}
[7.705523] (px4_msgs) StdoutLine: {'line': b'[100%] \x1b[32mBuilding C object CMakeFiles/px4_msgs__rosidl_generator_py.dir/rosidl_generator_py/px4_msgs/msg/_wheel_encoders_s.c.o\x1b[0m\n'}
[7.705836] (px4_msgs) StdoutLine: {'line': b'[100%] \x1b[32mBuilding C object CMakeFiles/px4_msgs__rosidl_generator_py.dir/rosidl_generator_py/px4_msgs/msg/_wind_s.c.o\x1b[0m\n'}
[7.720661] (px4_msgs) StdoutLine: {'line': b'[100%] \x1b[32mBuilding C object CMakeFiles/px4_msgs__rosidl_generator_py.dir/rosidl_generator_py/px4_msgs/msg/_yaw_estimator_status_s.c.o\x1b[0m\n'}
[7.731426] (px4_msgs) StdoutLine: {'line': b'[100%] \x1b[32mBuilding C object CMakeFiles/px4_msgs__rosidl_generator_py.dir/rosidl_generator_py/px4_msgs/srv/_vehicle_command_s.c.o\x1b[0m\n'}
[7.740672] (-) TimerEvent: {}
[7.841468] (-) TimerEvent: {}
[7.866850] (px4_msgs) StdoutLine: {'line': b'[100%] \x1b[32m\x1b[1mLinking C shared library rosidl_generator_py/px4_msgs/libpx4_msgs__rosidl_generator_py.so\x1b[0m\n'}
[7.941602] (-) TimerEvent: {}
[7.966123] (px4_msgs) StdoutLine: {'line': b'[100%] Built target px4_msgs__rosidl_generator_py\n'}
[7.976891] (px4_msgs) StdoutLine: {'line': b'\x1b[35m\x1b[1mConsolidate compiler generated dependencies of target px4_msgs__rosidl_typesupport_c__pyext\x1b[0m\n'}
[7.977346] (px4_msgs) StdoutLine: {'line': b'\x1b[35m\x1b[1mConsolidate compiler generated dependencies of target px4_msgs__rosidl_typesupport_fastrtps_c__pyext\x1b[0m\n'}
[7.977481] (px4_msgs) StdoutLine: {'line': b'\x1b[35m\x1b[1mConsolidate compiler generated dependencies of target px4_msgs__rosidl_typesupport_introspection_c__pyext\x1b[0m\n'}
[7.995461] (px4_msgs) StdoutLine: {'line': b'[100%] \x1b[32mBuilding C object CMakeFiles/px4_msgs__rosidl_typesupport_fastrtps_c__pyext.dir/rosidl_generator_py/px4_msgs/_px4_msgs_s.ep.rosidl_typesupport_fastrtps_c.c.o\x1b[0m\n'}
[8.000230] (px4_msgs) StdoutLine: {'line': b'[100%] \x1b[32mBuilding C object CMakeFiles/px4_msgs__rosidl_typesupport_introspection_c__pyext.dir/rosidl_generator_py/px4_msgs/_px4_msgs_s.ep.rosidl_typesupport_introspection_c.c.o\x1b[0m\n'}
[8.000447] (px4_msgs) StdoutLine: {'line': b'[100%] \x1b[32mBuilding C object CMakeFiles/px4_msgs__rosidl_typesupport_c__pyext.dir/rosidl_generator_py/px4_msgs/_px4_msgs_s.ep.rosidl_typesupport_c.c.o\x1b[0m\n'}
[8.041686] (-) TimerEvent: {}
[8.141968] (-) TimerEvent: {}
[8.242221] (-) TimerEvent: {}
[8.343660] (-) TimerEvent: {}
[8.443972] (-) TimerEvent: {}
[8.544250] (-) TimerEvent: {}
[8.644515] (-) TimerEvent: {}
[8.744779] (-) TimerEvent: {}
[8.845098] (-) TimerEvent: {}
[8.881651] (px4_msgs) StdoutLine: {'line': b'[100%] \x1b[32m\x1b[1mLinking C shared library rosidl_generator_py/px4_msgs/px4_msgs_s__rosidl_typesupport_fastrtps_c.cpython-310-x86_64-linux-gnu.so\x1b[0m\n'}
[8.882749] (px4_msgs) StdoutLine: {'line': b'[100%] \x1b[32m\x1b[1mLinking C shared library rosidl_generator_py/px4_msgs/px4_msgs_s__rosidl_typesupport_introspection_c.cpython-310-x86_64-linux-gnu.so\x1b[0m\n'}
[8.936579] (px4_msgs) StdoutLine: {'line': b'[100%] Built target px4_msgs__rosidl_typesupport_introspection_c__pyext\n'}
[8.936813] (px4_msgs) StdoutLine: {'line': b'[100%] Built target px4_msgs__rosidl_typesupport_fastrtps_c__pyext\n'}
[8.945203] (-) TimerEvent: {}
[8.958553] (px4_msgs) StdoutLine: {'line': b'[100%] \x1b[32m\x1b[1mLinking C shared library rosidl_generator_py/px4_msgs/px4_msgs_s__rosidl_typesupport_c.cpython-310-x86_64-linux-gnu.so\x1b[0m\n'}
[8.995892] (px4_msgs) StdoutLine: {'line': b'[100%] Built target px4_msgs__rosidl_typesupport_c__pyext\n'}
[9.007832] (px4_msgs) CommandEnded: {'returncode': 0}
[9.008827] (px4_msgs) JobProgress: {'identifier': 'px4_msgs', 'progress': 'install'}
[9.016461] (px4_msgs) Command: {'cmd': ['/usr/bin/cmake', '--install', '/home/maizaied03/ros2_ws/build/px4_msgs'], 'cwd': '/home/maizaied03/ros2_ws/build/px4_msgs', 'env': OrderedDict([('GJS_DEBUG_TOPICS', 'JS ERROR;JS LOG'), ('PYTHON_BASIC_REPL', '1'), ('LESSOPEN', '| /usr/bin/lesspipe %s'), ('USER', 'maizaied03'), ('FONTCONFIG_PATH', '/etc/fonts'), ('GIO_MODULE_DIR', '/home/maizaied03/snap/code/common/.cache/gio-modules'), ('XDG_SESSION_TYPE', 'x11'), ('GIT_ASKPASS', '/snap/code/223/usr/share/code/resources/app/extensions/git/dist/askpass.sh'), ('GTK_EXE_PREFIX_VSCODE_SNAP_ORIG', ''), ('GDK_BACKEND_VSCODE_SNAP_ORIG', ''), ('SHLVL', '1'), ('LD_LIBRARY_PATH', '/home/maizaied03/ros2_ws/install/px4_msgs/lib:/opt/ros/humble/opt/rviz_ogre_vendor/lib:/opt/ros/humble/lib/x86_64-linux-gnu:/opt/ros/humble/lib'), ('HOME', '/home/maizaied03'), ('CHROME_DESKTOP', 'code.desktop'), ('LOCPATH_VSCODE_SNAP_ORIG', ''), ('TERM_PROGRAM_VERSION', '1.109.2'), ('DESKTOP_SESSION', 'ubuntu'), ('GTK_PATH', '/snap/code/223/usr/lib/x86_64-linux-gnu/gtk-3.0'), ('XDG_DATA_HOME_VSCODE_SNAP_ORIG', ''), ('GTK_IM_MODULE_FILE', '/home/maizaied03/snap/code/common/.cache/immodules/immodules.cache'), ('GIO_LAUNCHED_DESKTOP_FILE', '/var/lib/snapd/desktop/applications/code_code.desktop'), ('ROS_PYTHON_VERSION', '3'), ('GNOME_SHELL_SESSION_MODE', 'ubuntu'), ('GTK_MODULES', 'gail:atk-bridge'), ('GSETTINGS_SCHEMA_DIR_VSCODE_SNAP_ORIG', ''), ('VSCODE_GIT_ASKPASS_MAIN', '/snap/code/223/usr/share/code/resources/app/extensions/git/dist/askpass-main.js'), ('VSCODE_GIT_ASKPASS_NODE', '/snap/code/223/usr/share/code/code'), ('MANAGERPID', '1695'), ('PYDEVD_DISABLE_FILE_VALIDATION', '1'), ('SYSTEMD_EXEC_PID', '2113'), ('BUNDLED_DEBUGPY_PATH', '/home/maizaied03/.vscode/extensions/ms-python.debugpy-2025.18.0-linux-x64/bundled/libs/debugpy'), ('VSCODE_PYTHON_AUTOACTIVATE_GUARD', '1'), ('DBUS_SESSION_BUS_ADDRESS', 'unix:path=/run/user/1000/bus'), ('COLORTERM', 'truecolor'), ('GIO_LAUNCHED_DESKTOP_FILE_PID', '6498'), ('COLCON_PREFIX_PATH', '/home/maizaied03/ros2_ws/install'), ('ROS_DISTRO', 'humble'), ('GTK_IM_MODULE', 'ibus'), ('LOGNAME', 'maizaied03'), ('JOURNAL_STREAM', '8:15190'), ('_', '/usr/bin/colcon'), ('ROS_VERSION', '2'), ('XDG_CONFIG_DIRS_VSCODE_SNAP_ORIG', '/etc/xdg/xdg-ubuntu:/etc/xdg'), ('XDG_SESSION_CLASS', 'user'), ('XDG_DATA_DIRS_VSCODE_SNAP_ORIG', '/usr/share/ubuntu:/usr/share/gnome:/home/maizaied03/.local/share/flatpak/exports/share:/var/lib/flatpak/exports/share:/usr/local/share/:/usr/share/:/var/lib/snapd/desktop'), ('USERNAME', 'maizaied03'), ('TERM', 'xterm-256color'), ('GNOME_DESKTOP_SESSION_ID', 'this-is-deprecated'), ('FC_FONTATIONS', '1'), ('ROS_LOCALHOST_ONLY', '0'), ('WINDOWPATH', '2'), ('PATH', '/home/maizaied03/.local/bin:/opt/ros/humble/bin:/home/maizaied03/.local/bin:/usr/local/sbin:/usr/local/bin:/usr/sbin:/usr/bin:/sbin:/bin:/usr/games:/usr/local/games:/snap/bin:/snap/bin:/opt/xtensa-esp-elf/bin/:/opt/xtensa-esp-elf/bin/:/home/maizaied03/.vscode/extensions/ms-python.debugpy-2025.18.0-linux-x64/bundled/scripts/noConfigScripts:/opt/xtensa-esp-elf/bin/:/opt/xtensa-esp-elf/bin/'), ('SESSION_MANAGER', 'local/maizaied03-ASUS-TUF-Dash-F15-FX516PE-FX516PE:@/tmp/.ICE-unix/2090,unix/maizaied03-ASUS-TUF-Dash-F15-FX516PE-FX516PE:/tmp/.ICE-unix/2090'), ('GTK_EXE_PREFIX', '/snap/code/223/usr'), ('INVOCATION_ID', 'f925eacebf8d477cb32faa4e54600bbb'), ('XDG_MENU_PREFIX', 'gnome-'), ('XDG_RUNTIME_DIR', '/run/user/1000'), ('GDK_BACKEND', 'x11'), ('DISPLAY', ':1'), ('LOCPATH', '/snap/code/223/usr/lib/locale'), ('VSCODE_DEBUGPY_ADAPTER_ENDPOINTS', '/home/maizaied03/.vscode/extensions/ms-python.debugpy-2025.18.0-linux-x64/.noConfigDebugAdapterEndpoints/endpoint-d77bbaf5a104fabb.txt'), ('LANG', 'en_US.UTF-8'), ('XDG_CURRENT_DESKTOP', 'ubuntu:GNOME'), ('PYTHONSTARTUP', '/home/maizaied03/.config/Code/User/workspaceStorage/bbeb3a827886e9c5a497aedf14258fa0/ms-python.python/pythonrc.py'), ('GIO_MODULE_DIR_VSCODE_SNAP_ORIG', ''), ('XDG_DATA_HOME', '/home/maizaied03/snap/code/223/.local/share'), ('XMODIFIERS', '@im=ibus'), ('XDG_SESSION_DESKTOP', 'ubuntu'), ('XAUTHORITY', '/run/user/1000/gdm/Xauthority'), ('LS_COLORS', 'rs=0:di=01;34:ln=01;36:mh=00:pi=40;33:so=01;35:do=01;35:bd=40;33;01:cd=40;33;01:or=40;31;01:mi=00:su=37;41:sg=30;43:ca=30;41:tw=30;42:ow=34;42:st=37;44:ex=01;32:*.tar=01;31:*.tgz=01;31:*.arc=01;31:*.arj=01;31:*.taz=01;31:*.lha=01;31:*.lz4=01;31:*.lzh=01;31:*.lzma=01;31:*.tlz=01;31:*.txz=01;31:*.tzo=01;31:*.t7z=01;31:*.zip=01;31:*.z=01;31:*.dz=01;31:*.gz=01;31:*.lrz=01;31:*.lz=01;31:*.lzo=01;31:*.xz=01;31:*.zst=01;31:*.tzst=01;31:*.bz2=01;31:*.bz=01;31:*.tbz=01;31:*.tbz2=01;31:*.tz=01;31:*.deb=01;31:*.rpm=01;31:*.jar=01;31:*.war=01;31:*.ear=01;31:*.sar=01;31:*.rar=01;31:*.alz=01;31:*.ace=01;31:*.zoo=01;31:*.cpio=01;31:*.7z=01;31:*.rz=01;31:*.cab=01;31:*.wim=01;31:*.swm=01;31:*.dwm=01;31:*.esd=01;31:*.jpg=01;35:*.jpeg=01;35:*.mjpg=01;35:*.mjpeg=01;35:*.gif=01;35:*.bmp=01;35:*.pbm=01;35:*.pgm=01;35:*.ppm=01;35:*.tga=01;35:*.xbm=01;35:*.xpm=01;35:*.tif=01;35:*.tiff=01;35:*.png=01;35:*.svg=01;35:*.svgz=01;35:*.mng=01;35:*.pcx=01;35:*.mov=01;35:*.mpg=01;35:*.mpeg=01;35:*.m2v=01;35:*.mkv=01;35:*.webm=01;35:*.webp=01;35:*.ogm=01;35:*.mp4=01;35:*.m4v=01;35:*.mp4v=01;35:*.vob=01;35:*.qt=01;35:*.nuv=01;35:*.wmv=01;35:*.asf=01;35:*.rm=01;35:*.rmvb=01;35:*.flc=01;35:*.avi=01;35:*.fli=01;35:*.flv=01;35:*.gl=01;35:*.dl=01;35:*.xcf=01;35:*.xwd=01;35:*.yuv=01;35:*.cgm=01;35:*.emf=01;35:*.ogv=01;35:*.ogx=01;35:*.aac=00;36:*.au=00;36:*.flac=00;36:*.m4a=00;36:*.mid=00;36:*.midi=00;36:*.mka=00;36:*.mp3=00;36:*.mpc=00;36:*.ogg=00;36:*.ra=00;36:*.wav=00;36:*.oga=00;36:*.opus=00;36:*.spx=00;36:*.xspf=00;36:'), ('VSCODE_GIT_IPC_HANDLE', '/run/user/1000/vscode-git-d190c8d916.sock'), ('TERM_PROGRAM', 'vscode'), ('SSH_AGENT_LAUNCHER', 'gnome-keyring'), ('SSH_AUTH_SOCK', '/run/user/1000/keyring/ssh'), ('GSETTINGS_SCHEMA_DIR', '/home/maizaied03/snap/code/223/.local/share/glib-2.0/schemas'), ('AMENT_PREFIX_PATH', '/home/maizaied03/ros2_ws/install/multi_drone_offboard:/home/maizaied03/ros2_ws/install/px4_msgs:/opt/ros/humble'), ('SHELL', '/bin/bash'), ('QT_ACCESSIBILITY', '1'), ('GDMSESSION', 'ubuntu'), ('LESSCLOSE', '/usr/bin/lesspipe %s %s'), ('GTK_PATH_VSCODE_SNAP_ORIG', ''), ('FONTCONFIG_FILE', '/etc/fonts/fonts.conf'), ('GTK_IM_MODULE_FILE_VSCODE_SNAP_ORIG', ''), ('GPG_AGENT_INFO', '/run/user/1000/gnupg/S.gpg-agent:0:1'), ('GJS_DEBUG_OUTPUT', 'stderr'), ('VSCODE_GIT_ASKPASS_EXTRA_ARGS', ''), ('QT_IM_MODULE', 'ibus'), ('PWD', '/home/maizaied03/ros2_ws/build/px4_msgs'), ('LC_ALL', 'en_US.UTF-8'), ('XDG_CONFIG_DIRS', '/etc/xdg/xdg-ubuntu:/etc/xdg'), ('XDG_DATA_DIRS', '/home/maizaied03/snap/code/223/.local/share/flatpak/exports/share:/home/maizaied03/snap/code/223/.local/share:/home/maizaied03/snap/code/223:/snap/code/223/usr/share:/usr/share/ubuntu:/usr/share/gnome:/home/maizaied03/.local/share/flatpak/exports/share:/var/lib/flatpak/exports/share:/usr/local/share/:/usr/share/:/var/lib/snapd/desktop'), ('PYTHONPATH', '/home/maizaied03/ros2_ws/install/multi_drone_offboard/lib/python3.10/site-packages:/home/maizaied03/ros2_ws/install/px4_msgs/local/lib/python3.10/dist-packages:/opt/ros/humble/lib/python3.10/site-packages:/opt/ros/humble/local/lib/python3.10/dist-packages'), ('COLCON', '1'), ('CMAKE_PREFIX_PATH', '/home/maizaied03/ros2_ws/install/px4_msgs:/home/maizaied03/ros2_ws/install/multi_drone_offboard:/opt/ros/humble')]), 'shell': False}
[9.030106] (px4_msgs) StdoutLine: {'line': b'-- Install configuration: ""\n'}
[9.044199] (px4_msgs) StdoutLine: {'line': b'-- Up-to-date: /home/maizaied03/ros2_ws/install/px4_msgs/share/ament_index/resource_index/rosidl_interfaces/px4_msgs\n'}
[9.044351] (px4_msgs) StdoutLine: {'line': b'-- Up-to-date: /home/maizaied03/ros2_ws/install/px4_msgs/include/px4_msgs/px4_msgs\n'}
[9.044436] (px4_msgs) StdoutLine: {'line': b'-- Up-to-date: /home/maizaied03/ros2_ws/install/px4_msgs/include/px4_msgs/px4_msgs/msg\n'}
[9.044482] (px4_msgs) StdoutLine: {'line': b'-- Up-to-date: /home/maizaied03/ros2_ws/install/px4_msgs/include/px4_msgs/px4_msgs/msg/vehicle_angular_acceleration_setpoint.h\n'}
[9.044526] (px4_msgs) StdoutLine: {'line': b'-- Up-to-date: /home/maizaied03/ros2_ws/install/px4_msgs/include/px4_msgs/px4_msgs/msg/mission_result.h\n'}
[9.044568] (px4_msgs) StdoutLine: {'line': b'-- Up-to-date: /home/maizaied03/ros2_ws/install/px4_msgs/include/px4_msgs/px4_msgs/msg/gpio_config.h\n'}
[9.044654] (px4_msgs) StdoutLine: {'line': b'-- Up-to-date: /home/maizaied03/ros2_ws/install/px4_msgs/include/px4_msgs/px4_msgs/msg/pps_capture.h\n'}
[9.044735] (px4_msgs) StdoutLine: {'line': b'-- Up-to-date: /home/maizaied03/ros2_ws/install/px4_msgs/include/px4_msgs/px4_msgs/msg/distance_sensor_mode_change_request.h\n'}
[9.044800] (px4_msgs) StdoutLine: {'line': b'-- Up-to-date: /home/maizaied03/ros2_ws/install/px4_msgs/include/px4_msgs/px4_msgs/msg/sensor_accel.h\n'}
[9.044846] (px4_msgs) StdoutLine: {'line': b'-- Up-to-date: /home/maizaied03/ros2_ws/install/px4_msgs/include/px4_msgs/px4_msgs/msg/navigator_status.h\n'}
[9.044889] (px4_msgs) StdoutLine: {'line': b'-- Up-to-date: /home/maizaied03/ros2_ws/install/px4_msgs/include/px4_msgs/px4_msgs/msg/mavlink_tunnel.h\n'}
[9.044931] (px4_msgs) StdoutLine: {'line': b'-- Up-to-date: /home/maizaied03/ros2_ws/install/px4_msgs/include/px4_msgs/px4_msgs/msg/gpio_request.h\n'}
[9.044974] (px4_msgs) StdoutLine: {'line': b'-- Up-to-date: /home/maizaied03/ros2_ws/install/px4_msgs/include/px4_msgs/px4_msgs/msg/sensor_temp.h\n'}
[9.045016] (px4_msgs) StdoutLine: {'line': b'-- Up-to-date: /home/maizaied03/ros2_ws/install/px4_msgs/include/px4_msgs/px4_msgs/msg/neural_control.h\n'}
[9.045059] (px4_msgs) StdoutLine: {'line': b'-- Up-to-date: /home/maizaied03/ros2_ws/install/px4_msgs/include/px4_msgs/px4_msgs/msg/hover_thrust_estimate.h\n'}
[9.045102] (px4_msgs) StdoutLine: {'line': b'-- Up-to-date: /home/maizaied03/ros2_ws/install/px4_msgs/include/px4_msgs/px4_msgs/msg/velocity_limits.h\n'}
[9.045144] (px4_msgs) StdoutLine: {'line': b'-- Up-to-date: /home/maizaied03/ros2_ws/install/px4_msgs/include/px4_msgs/px4_msgs/msg/follow_target_estimator.h\n'}
[9.045186] (px4_msgs) StdoutLine: {'line': b'-- Up-to-date: /home/maizaied03/ros2_ws/install/px4_msgs/include/px4_msgs/px4_msgs/msg/sensor_uwb.h\n'}
[9.045228] (-) TimerEvent: {}
[9.045398] (px4_msgs) StdoutLine: {'line': b'-- Up-to-date: /home/maizaied03/ros2_ws/install/px4_msgs/include/px4_msgs/px4_msgs/msg/dataman_request.h\n'}
[9.045532] (px4_msgs) StdoutLine: {'line': b'-- Up-to-date: /home/maizaied03/ros2_ws/install/px4_msgs/include/px4_msgs/px4_msgs/msg/estimator_aid_source1d.h\n'}
[9.045602] (px4_msgs) StdoutLine: {'line': b'-- Up-to-date: /home/maizaied03/ros2_ws/install/px4_msgs/include/px4_msgs/px4_msgs/msg/mag_worker_data.h\n'}
[9.045711] (px4_msgs) StdoutLine: {'line': b'-- Up-to-date: /home/maizaied03/ros2_ws/install/px4_msgs/include/px4_msgs/px4_msgs/msg/arming_check_reply.h\n'}
[9.045780] (px4_msgs) StdoutLine: {'line': b'-- Up-to-date: /home/maizaied03/ros2_ws/install/px4_msgs/include/px4_msgs/px4_msgs/msg/cpuload.h\n'}
[9.045840] (px4_msgs) StdoutLine: {'line': b'-- Up-to-date: /home/maizaied03/ros2_ws/install/px4_msgs/include/px4_msgs/px4_msgs/msg/control_allocator_status.h\n'}
[9.045901] (px4_msgs) StdoutLine: {'line': b'-- Up-to-date: /home/maizaied03/ros2_ws/install/px4_msgs/include/px4_msgs/px4_msgs/msg/uavcan_parameter_request.h\n'}
[9.045960] (px4_msgs) StdoutLine: {'line': b'-- Up-to-date: /home/maizaied03/ros2_ws/install/px4_msgs/include/px4_msgs/px4_msgs/msg/estimator_bias.h\n'}
[9.046020] (px4_msgs) StdoutLine: {'line': b'-- Up-to-date: /home/maizaied03/ros2_ws/install/px4_msgs/include/px4_msgs/px4_msgs/msg/fixed_wing_runway_control.h\n'}
[9.046079] (px4_msgs) StdoutLine: {'line': b'-- Up-to-date: /home/maizaied03/ros2_ws/install/px4_msgs/include/px4_msgs/px4_msgs/msg/landing_gear.h\n'}
[9.046138] (px4_msgs) StdoutLine: {'line': b'-- Up-to-date: /home/maizaied03/ros2_ws/install/px4_msgs/include/px4_msgs/px4_msgs/msg/qshell_req.h\n'}
[9.046197] (px4_msgs) StdoutLine: {'line': b'-- Up-to-date: /home/maizaied03/ros2_ws/install/px4_msgs/include/px4_msgs/px4_msgs/msg/qshell_retval.h\n'}
[9.046267] (px4_msgs) StdoutLine: {'line': b'-- Up-to-date: /home/maizaied03/ros2_ws/install/px4_msgs/include/px4_msgs/px4_msgs/msg/follow_target_status.h\n'}
[9.046327] (px4_msgs) StdoutLine: {'line': b'-- Up-to-date: /home/maizaied03/ros2_ws/install/px4_msgs/include/px4_msgs/px4_msgs/msg/failure_detector_status.h\n'}
[9.046386] (px4_msgs) StdoutLine: {'line': b'-- Up-to-date: /home/maizaied03/ros2_ws/install/px4_msgs/include/px4_msgs/px4_msgs/msg/rover_attitude_setpoint.h\n'}
[9.046547] (px4_msgs) StdoutLine: {'line': b'-- Up-to-date: /home/maizaied03/ros2_ws/install/px4_msgs/include/px4_msgs/px4_msgs/msg/gimbal_manager_set_manual_control.h\n'}
[9.046643] (px4_msgs) StdoutLine: {'line': b'-- Up-to-date: /home/maizaied03/ros2_ws/install/px4_msgs/include/px4_msgs/px4_msgs/msg/onboard_computer_status.h\n'}
[9.046730] (px4_msgs) StdoutLine: {'line': b'-- Up-to-date: /home/maizaied03/ros2_ws/install/px4_msgs/include/px4_msgs/px4_msgs/msg/trajectory_setpoint.h\n'}
[9.046790] (px4_msgs) StdoutLine: {'line': b'-- Up-to-date: /home/maizaied03/ros2_ws/install/px4_msgs/include/px4_msgs/px4_msgs/msg/gimbal_manager_set_attitude.h\n'}
[9.046850] (px4_msgs) StdoutLine: {'line': b'-- Up-to-date: /home/maizaied03/ros2_ws/install/px4_msgs/include/px4_msgs/px4_msgs/msg/internal_combustion_engine_status.h\n'}
[9.046909] (px4_msgs) StdoutLine: {'line': b'-- Up-to-date: /home/maizaied03/ros2_ws/install/px4_msgs/include/px4_msgs/px4_msgs/msg/vehicle_local_position_setpoint.h\n'}
[9.046968] (px4_msgs) StdoutLine: {'line': b'-- Up-to-date: /home/maizaied03/ros2_ws/install/px4_msgs/include/px4_msgs/px4_msgs/msg/device_information.h\n'}
[9.047078] (px4_msgs) StdoutLine: {'line': b'-- Up-to-date: /home/maizaied03/ros2_ws/install/px4_msgs/include/px4_msgs/px4_msgs/msg/health_report.h\n'}
[9.047138] (px4_msgs) StdoutLine: {'line': b'-- Up-to-date: /home/maizaied03/ros2_ws/install/px4_msgs/include/px4_msgs/px4_msgs/msg/internal_combustion_engine_control.h\n'}
[9.047197] (px4_msgs) StdoutLine: {'line': b'-- Up-to-date: /home/maizaied03/ros2_ws/install/px4_msgs/include/px4_msgs/px4_msgs/msg/vehicle_control_mode.h\n'}
[9.047270] (px4_msgs) StdoutLine: {'line': b'-- Up-to-date: /home/maizaied03/ros2_ws/install/px4_msgs/include/px4_msgs/px4_msgs/msg/vehicle_rates_setpoint.h\n'}
[9.047327] (px4_msgs) StdoutLine: {'line': b'-- Up-to-date: /home/maizaied03/ros2_ws/install/px4_msgs/include/px4_msgs/px4_msgs/msg/follow_target.h\n'}
[9.047383] (px4_msgs) StdoutLine: {'line': b'-- Up-to-date: /home/maizaied03/ros2_ws/install/px4_msgs/include/px4_msgs/px4_msgs/msg/dataman_response.h\n'}
[9.047442] (px4_msgs) StdoutLine: {'line': b'-- Up-to-date: /home/maizaied03/ros2_ws/install/px4_msgs/include/px4_msgs/px4_msgs/msg/figure_eight_status.h\n'}
[9.047502] (px4_msgs) StdoutLine: {'line': b'-- Up-to-date: /home/maizaied03/ros2_ws/install/px4_msgs/include/px4_msgs/px4_msgs/msg/logger_status.h\n'}
[9.047601] (px4_msgs) StdoutLine: {'line': b'-- Up-to-date: /home/maizaied03/ros2_ws/install/px4_msgs/include/px4_msgs/px4_msgs/msg/unregister_ext_component.h\n'}
[9.047697] (px4_msgs) StdoutLine: {'line': b'-- Up-to-date: /home/maizaied03/ros2_ws/install/px4_msgs/include/px4_msgs/px4_msgs/msg/sensor_gyro_fifo.h\n'}
[9.047758] (px4_msgs) StdoutLine: {'line': b'-- Up-to-date: /home/maizaied03/ros2_ws/install/px4_msgs/include/px4_msgs/px4_msgs/msg/raptor_input.h\n'}
[9.047818] (px4_msgs) StdoutLine: {'line': b'-- Up-to-date: /home/maizaied03/ros2_ws/install/px4_msgs/include/px4_msgs/px4_msgs/msg/radio_status.h\n'}
[9.047876] (px4_msgs) StdoutLine: {'line': b'-- Up-to-date: /home/maizaied03/ros2_ws/install/px4_msgs/include/px4_msgs/px4_msgs/msg/rover_rate_status.h\n'}
[9.047968] (px4_msgs) StdoutLine: {'line': b'-- Up-to-date: /home/maizaied03/ros2_ws/install/px4_msgs/include/px4_msgs/px4_msgs/msg/actuator_outputs.h\n'}
[9.048027] (px4_msgs) StdoutLine: {'line': b'-- Up-to-date: /home/maizaied03/ros2_ws/install/px4_msgs/include/px4_msgs/px4_msgs/msg/rover_attitude_status.h\n'}
[9.048086] (px4_msgs) StdoutLine: {'line': b'-- Up-to-date: /home/maizaied03/ros2_ws/install/px4_msgs/include/px4_msgs/px4_msgs/msg/dronecan_node_status.h\n'}
[9.048145] (px4_msgs) StdoutLine: {'line': b'-- Up-to-date: /home/maizaied03/ros2_ws/install/px4_msgs/include/px4_msgs/px4_msgs/msg/launch_detection_status.h\n'}
[9.048204] (px4_msgs) StdoutLine: {'line': b'-- Up-to-date: /home/maizaied03/ros2_ws/install/px4_msgs/include/px4_msgs/px4_msgs/msg/autotune_attitude_control_status.h\n'}
[9.048273] (px4_msgs) StdoutLine: {'line': b'-- Up-to-date: /home/maizaied03/ros2_ws/install/px4_msgs/include/px4_msgs/px4_msgs/msg/vehicle_attitude_setpoint.h\n'}
[9.048332] (px4_msgs) StdoutLine: {'line': b'-- Up-to-date: /home/maizaied03/ros2_ws/install/px4_msgs/include/px4_msgs/px4_msgs/msg/sensor_mag.h\n'}
[9.048445] (px4_msgs) StdoutLine: {'line': b'-- Up-to-date: /home/maizaied03/ros2_ws/install/px4_msgs/include/px4_msgs/px4_msgs/msg/position_setpoint_triplet.h\n'}
[9.048504] (px4_msgs) StdoutLine: {'line': b'-- Up-to-date: /home/maizaied03/ros2_ws/install/px4_msgs/include/px4_msgs/px4_msgs/msg/px4io_status.h\n'}
[9.048563] (px4_msgs) StdoutLine: {'line': b'-- Up-to-date: /home/maizaied03/ros2_ws/install/px4_msgs/include/px4_msgs/px4_msgs/msg/rtl_status.h\n'}
[9.048646] (px4_msgs) StdoutLine: {'line': b'-- Up-to-date: /home/maizaied03/ros2_ws/install/px4_msgs/include/px4_msgs/px4_msgs/msg/geofence_result.h\n'}
[9.048779] (px4_msgs) StdoutLine: {'line': b'-- Up-to-date: /home/maizaied03/ros2_ws/install/px4_msgs/include/px4_msgs/px4_msgs/msg/tiltrotor_extra_controls.h\n'}
[9.048839] (px4_msgs) StdoutLine: {'line': b'-- Up-to-date: /home/maizaied03/ros2_ws/install/px4_msgs/include/px4_msgs/px4_msgs/msg/estimator_selector_status.h\n'}
[9.048898] (px4_msgs) StdoutLine: {'line': b'-- Up-to-date: /home/maizaied03/ros2_ws/install/px4_msgs/include/px4_msgs/px4_msgs/msg/debug_array.h\n'}
[9.048958] (px4_msgs) StdoutLine: {'line': b'-- Up-to-date: /home/maizaied03/ros2_ws/install/px4_msgs/include/px4_msgs/px4_msgs/msg/button_event.h\n'}
[9.049016] (px4_msgs) StdoutLine: {'line': b'-- Up-to-date: /home/maizaied03/ros2_ws/install/px4_msgs/include/px4_msgs/px4_msgs/msg/rc_channels.h\n'}
[9.049074] (px4_msgs) StdoutLine: {'line': b'-- Up-to-date: /home/maizaied03/ros2_ws/install/px4_msgs/include/px4_msgs/px4_msgs/msg/satellite_info.h\n'}
[9.049133] (px4_msgs) StdoutLine: {'line': b'-- Up-to-date: /home/maizaied03/ros2_ws/install/px4_msgs/include/px4_msgs/px4_msgs/msg/vehicle_command_ack.h\n'}
[9.049191] (px4_msgs) StdoutLine: {'line': b'-- Up-to-date: /home/maizaied03/ros2_ws/install/px4_msgs/include/px4_msgs/px4_msgs/msg/rover_position_setpoint.h\n'}
[9.049249] (px4_msgs) StdoutLine: {'line': b'-- Up-to-date: /home/maizaied03/ros2_ws/install/px4_msgs/include/px4_msgs/px4_msgs/msg/event.h\n'}
[9.049308] (px4_msgs) StdoutLine: {'line': b'-- Up-to-date: /home/maizaied03/ros2_ws/install/px4_msgs/include/px4_msgs/px4_msgs/msg/debug_value.h\n'}
[9.049382] (px4_msgs) StdoutLine: {'line': b'-- Up-to-date: /home/maizaied03/ros2_ws/install/px4_msgs/include/px4_msgs/px4_msgs/msg/vehicle_imu_status.h\n'}
[9.049443] (px4_msgs) StdoutLine: {'line': b'-- Up-to-date: /home/maizaied03/ros2_ws/install/px4_msgs/include/px4_msgs/px4_msgs/msg/orb_test.h\n'}
[9.049503] (px4_msgs) StdoutLine: {'line': b'-- Up-to-date: /home/maizaied03/ros2_ws/install/px4_msgs/include/px4_msgs/px4_msgs/msg/mount_orientation.h\n'}
[9.049563] (px4_msgs) StdoutLine: {'line': b'-- Up-to-date: /home/maizaied03/ros2_ws/install/px4_msgs/include/px4_msgs/px4_msgs/msg/debug_key_value.h\n'}
[9.049841] (px4_msgs) StdoutLine: {'line': b'-- Up-to-date: /home/maizaied03/ros2_ws/install/px4_msgs/include/px4_msgs/px4_msgs/msg/vehicle_optical_flow_vel.h\n'}
[9.049930] (px4_msgs) StdoutLine: {'line': b'-- Up-to-date: /home/maizaied03/ros2_ws/install/px4_msgs/include/px4_msgs/px4_msgs/msg/takeoff_status.h\n'}
[9.049991] (px4_msgs) StdoutLine: {'line': b'-- Up-to-date: /home/maizaied03/ros2_ws/install/px4_msgs/include/px4_msgs/px4_msgs/msg/navigator_mission_item.h\n'}
[9.050053] (px4_msgs) StdoutLine: {'line': b'-- Up-to-date: /home/maizaied03/ros2_ws/install/px4_msgs/include/px4_msgs/px4_msgs/msg/ping.h\n'}
[9.050112] (px4_msgs) StdoutLine: {'line': b'-- Up-to-date: /home/maizaied03/ros2_ws/install/px4_msgs/include/px4_msgs/px4_msgs/msg/gps_dump.h\n'}
[9.050170] (px4_msgs) StdoutLine: {'line': b'-- Up-to-date: /home/maizaied03/ros2_ws/install/px4_msgs/include/px4_msgs/px4_msgs/msg/camera_capture.h\n'}
[9.050229] (px4_msgs) StdoutLine: {'line': b'-- Up-to-date: /home/maizaied03/ros2_ws/install/px4_msgs/include/px4_msgs/px4_msgs/msg/rover_speed_status.h\n'}
[9.050287] (px4_msgs) StdoutLine: {'line': b'-- Up-to-date: /home/maizaied03/ros2_ws/install/px4_msgs/include/px4_msgs/px4_msgs/msg/sensor_gyro.h\n'}
[9.050345] (px4_msgs) StdoutLine: {'line': b'-- Up-to-date: /home/maizaied03/ros2_ws/install/px4_msgs/include/px4_msgs/px4_msgs/msg/arming_check_request.h\n'}
[9.050403] (px4_msgs) StdoutLine: {'line': b'-- Up-to-date: /home/maizaied03/ros2_ws/install/px4_msgs/include/px4_msgs/px4_msgs/msg/trajectory_setpoint6dof.h\n'}
[9.050463] (px4_msgs) StdoutLine: {'line': b'-- Up-to-date: /home/maizaied03/ros2_ws/install/px4_msgs/include/px4_msgs/px4_msgs/msg/vehicle_constraints.h\n'}
[9.050522] (px4_msgs) StdoutLine: {'line': b'-- Up-to-date: /home/maizaied03/ros2_ws/install/px4_msgs/include/px4_msgs/px4_msgs/msg/estimator_innovations.h\n'}
[9.050581] (px4_msgs) StdoutLine: {'line': b'-- Up-to-date: /home/maizaied03/ros2_ws/install/px4_msgs/include/px4_msgs/px4_msgs/msg/sensors_status.h\n'}
[9.050813] (px4_msgs) StdoutLine: {'line': b'-- Up-to-date: /home/maizaied03/ros2_ws/install/px4_msgs/include/px4_msgs/px4_msgs/msg/orbit_status.h\n'}
[9.050895] (px4_msgs) StdoutLine: {'line': b'-- Up-to-date: /home/maizaied03/ros2_ws/install/px4_msgs/include/px4_msgs/px4_msgs/msg/parameter_set_used_request.h\n'}
[9.050958] (px4_msgs) StdoutLine: {'line': b'-- Up-to-date: /home/maizaied03/ros2_ws/install/px4_msgs/include/px4_msgs/px4_msgs/msg/sensor_optical_flow.h\n'}
[9.051021] (px4_msgs) StdoutLine: {'line': b'-- Up-to-date: /home/maizaied03/ros2_ws/install/px4_msgs/include/px4_msgs/px4_msgs/msg/tecs_status.h\n'}
[9.051081] (px4_msgs) StdoutLine: {'line': b'-- Up-to-date: /home/maizaied03/ros2_ws/install/px4_msgs/include/px4_msgs/px4_msgs/msg/open_drone_id_self_id.h\n'}
[9.051150] (px4_msgs) StdoutLine: {'line': b'-- Up-to-date: /home/maizaied03/ros2_ws/install/px4_msgs/include/px4_msgs/px4_msgs/msg/timesync_status.h\n'}
[9.051223] (px4_msgs) StdoutLine: {'line': b'-- Up-to-date: /home/maizaied03/ros2_ws/install/px4_msgs/include/px4_msgs/px4_msgs/msg/actuator_motors.h\n'}
[9.051298] (px4_msgs) StdoutLine: {'line': b'-- Up-to-date: /home/maizaied03/ros2_ws/install/px4_msgs/include/px4_msgs/px4_msgs/msg/fixed_wing_lateral_status.h\n'}
[9.051377] (px4_msgs) StdoutLine: {'line': b'-- Up-to-date: /home/maizaied03/ros2_ws/install/px4_msgs/include/px4_msgs/px4_msgs/msg/vehicle_roi.h\n'}
[9.051577] (px4_msgs) StdoutLine: {'line': b'-- Up-to-date: /home/maizaied03/ros2_ws/install/px4_msgs/include/px4_msgs/px4_msgs/msg/yaw_estimator_status.h\n'}
[9.051636] (px4_msgs) StdoutLine: {'line': b'-- Up-to-date: /home/maizaied03/ros2_ws/install/px4_msgs/include/px4_msgs/px4_msgs/msg/collision_constraints.h\n'}
[9.051680] (px4_msgs) StdoutLine: {'line': b'-- Up-to-date: /home/maizaied03/ros2_ws/install/px4_msgs/include/px4_msgs/px4_msgs/msg/gimbal_controls.h\n'}
[9.051720] (px4_msgs) StdoutLine: {'line': b'-- Up-to-date: /home/maizaied03/ros2_ws/install/px4_msgs/include/px4_msgs/px4_msgs/msg/vehicle_global_position.h\n'}
[9.051759] (px4_msgs) StdoutLine: {'line': b'-- Up-to-date: /home/maizaied03/ros2_ws/install/px4_msgs/include/px4_msgs/px4_msgs/msg/manual_control_switches.h\n'}
[9.051802] (px4_msgs) StdoutLine: {'line': b'-- Up-to-date: /home/maizaied03/ros2_ws/install/px4_msgs/include/px4_msgs/px4_msgs/msg/parameter_set_value_response.h\n'}
[9.051848] (px4_msgs) StdoutLine: {'line': b'-- Up-to-date: /home/maizaied03/ros2_ws/install/px4_msgs/include/px4_msgs/px4_msgs/msg/landing_target_innovations.h\n'}
[9.051892] (px4_msgs) StdoutLine: {'line': b'-- Up-to-date: /home/maizaied03/ros2_ws/install/px4_msgs/include/px4_msgs/px4_msgs/msg/adc_report.h\n'}
[9.051938] (px4_msgs) StdoutLine: {'line': b'-- Up-to-date: /home/maizaied03/ros2_ws/install/px4_msgs/include/px4_msgs/px4_msgs/msg/uavcan_parameter_value.h\n'}
[9.052005] (px4_msgs) StdoutLine: {'line': b'-- Up-to-date: /home/maizaied03/ros2_ws/install/px4_msgs/include/px4_msgs/px4_msgs/msg/message_format_request.h\n'}
[9.052076] (px4_msgs) StdoutLine: {'line': b'-- Up-to-date: /home/maizaied03/ros2_ws/install/px4_msgs/include/px4_msgs/px4_msgs/msg/fixed_wing_longitudinal_setpoint.h\n'}
[9.052125] (px4_msgs) StdoutLine: {'line': b'-- Up-to-date: /home/maizaied03/ros2_ws/install/px4_msgs/include/px4_msgs/px4_msgs/msg/led_control.h\n'}
[9.052171] (px4_msgs) StdoutLine: {'line': b'-- Up-to-date: /home/maizaied03/ros2_ws/install/px4_msgs/include/px4_msgs/px4_msgs/msg/open_drone_id_operator_id.h\n'}
[9.052223] (px4_msgs) StdoutLine: {'line': b'-- Up-to-date: /home/maizaied03/ros2_ws/install/px4_msgs/include/px4_msgs/px4_msgs/msg/fixed_wing_lateral_guidance_status.h\n'}
[9.052280] (px4_msgs) StdoutLine: {'line': b'-- Up-to-date: /home/maizaied03/ros2_ws/install/px4_msgs/include/px4_msgs/px4_msgs/msg/gpio_out.h\n'}
[9.052331] (px4_msgs) StdoutLine: {'line': b'-- Up-to-date: /home/maizaied03/ros2_ws/install/px4_msgs/include/px4_msgs/px4_msgs/msg/vehicle_acceleration.h\n'}
[9.052376] (px4_msgs) StdoutLine: {'line': b'-- Up-to-date: /home/maizaied03/ros2_ws/install/px4_msgs/include/px4_msgs/px4_msgs/msg/rover_throttle_setpoint.h\n'}
[9.052421] (px4_msgs) StdoutLine: {'line': b'-- Up-to-date: /home/maizaied03/ros2_ws/install/px4_msgs/include/px4_msgs/px4_msgs/msg/vtol_vehicle_status.h\n'}
[9.052466] (px4_msgs) StdoutLine: {'line': b'-- Up-to-date: /home/maizaied03/ros2_ws/install/px4_msgs/include/px4_msgs/px4_msgs/msg/estimator_status_flags.h\n'}
[9.052510] (px4_msgs) StdoutLine: {'line': b'-- Up-to-date: /home/maizaied03/ros2_ws/install/px4_msgs/include/px4_msgs/px4_msgs/msg/config_overrides.h\n'}
[9.052556] (px4_msgs) StdoutLine: {'line': b'-- Up-to-date: /home/maizaied03/ros2_ws/install/px4_msgs/include/px4_msgs/px4_msgs/msg/landing_target_pose.h\n'}
[9.052611] (px4_msgs) StdoutLine: {'line': b'-- Up-to-date: /home/maizaied03/ros2_ws/install/px4_msgs/include/px4_msgs/px4_msgs/msg/gpio_in.h\n'}
[9.052660] (px4_msgs) StdoutLine: {'line': b'-- Up-to-date: /home/maizaied03/ros2_ws/install/px4_msgs/include/px4_msgs/px4_msgs/msg/power_monitor.h\n'}
[9.052705] (px4_msgs) StdoutLine: {'line': b'-- Up-to-date: /home/maizaied03/ros2_ws/install/px4_msgs/include/px4_msgs/px4_msgs/msg/rtl_time_estimate.h\n'}
[9.052755] (px4_msgs) StdoutLine: {'line': b'-- Up-to-date: /home/maizaied03/ros2_ws/install/px4_msgs/include/px4_msgs/px4_msgs/msg/task_stack_info.h\n'}
[9.052793] (px4_msgs) StdoutLine: {'line': b'-- Up-to-date: /home/maizaied03/ros2_ws/install/px4_msgs/include/px4_msgs/px4_msgs/msg/rate_ctrl_status.h\n'}
[9.052844] (px4_msgs) StdoutLine: {'line': b'-- Up-to-date: /home/maizaied03/ros2_ws/install/px4_msgs/include/px4_msgs/px4_msgs/msg/home_position.h\n'}
[9.052893] (px4_msgs) StdoutLine: {'line': b'-- Up-to-date: /home/maizaied03/ros2_ws/install/px4_msgs/include/px4_msgs/px4_msgs/msg/vehicle_torque_setpoint.h\n'}
[9.052941] (px4_msgs) StdoutLine: {'line': b'-- Up-to-date: /home/maizaied03/ros2_ws/install/px4_msgs/include/px4_msgs/px4_msgs/msg/gain_compression.h\n'}
[9.052994] (px4_msgs) StdoutLine: {'line': b'-- Up-to-date: /home/maizaied03/ros2_ws/install/px4_msgs/include/px4_msgs/px4_msgs/msg/offboard_control_mode.h\n'}
[9.053044] (px4_msgs) StdoutLine: {'line': b'-- Up-to-date: /home/maizaied03/ros2_ws/install/px4_msgs/include/px4_msgs/px4_msgs/msg/sensor_combined.h\n'}
[9.053094] (px4_msgs) StdoutLine: {'line': b'-- Up-to-date: /home/maizaied03/ros2_ws/install/px4_msgs/include/px4_msgs/px4_msgs/msg/position_controller_landing_status.h\n'}
[9.053136] (px4_msgs) StdoutLine: {'line': b'-- Up-to-date: /home/maizaied03/ros2_ws/install/px4_msgs/include/px4_msgs/px4_msgs/msg/can_interface_status.h\n'}
[9.053180] (px4_msgs) StdoutLine: {'line': b'-- Up-to-date: /home/maizaied03/ros2_ws/install/px4_msgs/include/px4_msgs/px4_msgs/msg/gimbal_manager_status.h\n'}
[9.053342] (px4_msgs) StdoutLine: {'line': b'-- Up-to-date: /home/maizaied03/ros2_ws/install/px4_msgs/include/px4_msgs/px4_msgs/msg/parameter_update.h\n'}
[9.053392] (px4_msgs) StdoutLine: {'line': b'-- Up-to-date: /home/maizaied03/ros2_ws/install/px4_msgs/include/px4_msgs/px4_msgs/msg/rover_rate_setpoint.h\n'}
[9.053440] (px4_msgs) StdoutLine: {'line': b'-- Up-to-date: /home/maizaied03/ros2_ws/install/px4_msgs/include/px4_msgs/px4_msgs/msg/normalized_unsigned_setpoint.h\n'}
[9.053496] (px4_msgs) StdoutLine: {'line': b'-- Up-to-date: /home/maizaied03/ros2_ws/install/px4_msgs/include/px4_msgs/px4_msgs/msg/ulog_stream.h\n'}
[9.053548] (px4_msgs) StdoutLine: {'line': b'-- Up-to-date: /home/maizaied03/ros2_ws/install/px4_msgs/include/px4_msgs/px4_msgs/msg/camera_trigger.h\n'}
[9.053605] (px4_msgs) StdoutLine: {'line': b'-- Up-to-date: /home/maizaied03/ros2_ws/install/px4_msgs/include/px4_msgs/px4_msgs/msg/sensor_correction.h\n'}
[9.053760] (px4_msgs) StdoutLine: {'line': b'-- Up-to-date: /home/maizaied03/ros2_ws/install/px4_msgs/include/px4_msgs/px4_msgs/msg/mavlink_log.h\n'}
[9.053813] (px4_msgs) StdoutLine: {'line': b'-- Up-to-date: /home/maizaied03/ros2_ws/install/px4_msgs/include/px4_msgs/px4_msgs/msg/heater_status.h\n'}
[9.053864] (px4_msgs) StdoutLine: {'line': b'-- Up-to-date: /home/maizaied03/ros2_ws/install/px4_msgs/include/px4_msgs/px4_msgs/msg/battery_info.h\n'}
[9.053916] (px4_msgs) StdoutLine: {'line': b'-- Up-to-date: /home/maizaied03/ros2_ws/install/px4_msgs/include/px4_msgs/px4_msgs/msg/estimator_bias3d.h\n'}
[9.053973] (px4_msgs) StdoutLine: {'line': b'-- Up-to-date: /home/maizaied03/ros2_ws/install/px4_msgs/include/px4_msgs/px4_msgs/msg/orb_test_medium.h\n'}
[9.054008] (px4_msgs) StdoutLine: {'line': b'-- Up-to-date: /home/maizaied03/ros2_ws/install/px4_msgs/include/px4_msgs/px4_msgs/msg/raptor_status.h\n'}
[9.054040] (px4_msgs) StdoutLine: {'line': b'-- Up-to-date: /home/maizaied03/ros2_ws/install/px4_msgs/include/px4_msgs/px4_msgs/msg/esc_status.h\n'}
[9.054074] (px4_msgs) StdoutLine: {'line': b'-- Up-to-date: /home/maizaied03/ros2_ws/install/px4_msgs/include/px4_msgs/px4_msgs/msg/actuator_test.h\n'}
[9.054107] (px4_msgs) StdoutLine: {'line': b'-- Up-to-date: /home/maizaied03/ros2_ws/install/px4_msgs/include/px4_msgs/px4_msgs/msg/gimbal_device_set_attitude.h\n'}
[9.054146] (px4_msgs) StdoutLine: {'line': b'-- Up-to-date: /home/maizaied03/ros2_ws/install/px4_msgs/include/px4_msgs/px4_msgs/msg/rosidl_generator_c__visibility_control.h\n'}
[9.054181] (px4_msgs) StdoutLine: {'line': b'-- Up-to-date: /home/maizaied03/ros2_ws/install/px4_msgs/include/px4_msgs/px4_msgs/msg/action_request.h\n'}
[9.054216] (px4_msgs) StdoutLine: {'line': b'-- Up-to-date: /home/maizaied03/ros2_ws/install/px4_msgs/include/px4_msgs/px4_msgs/msg/gps_inject_data.h\n'}
[9.054249] (px4_msgs) StdoutLine: {'line': b'-- Up-to-date: /home/maizaied03/ros2_ws/install/px4_msgs/include/px4_msgs/px4_msgs/msg/mission.h\n'}
[9.054284] (px4_msgs) StdoutLine: {'line': b'-- Up-to-date: /home/maizaied03/ros2_ws/install/px4_msgs/include/px4_msgs/px4_msgs/msg/actuator_armed.h\n'}
[9.054325] (px4_msgs) StdoutLine: {'line': b'-- Up-to-date: /home/maizaied03/ros2_ws/install/px4_msgs/include/px4_msgs/px4_msgs/msg/landing_gear_wheel.h\n'}
[9.054625] (px4_msgs) StdoutLine: {'line': b'-- Up-to-date: /home/maizaied03/ros2_ws/install/px4_msgs/include/px4_msgs/px4_msgs/msg/magnetometer_bias_estimate.h\n'}
[9.054835] (px4_msgs) StdoutLine: {'line': b'-- Up-to-date: /home/maizaied03/ros2_ws/install/px4_msgs/include/px4_msgs/px4_msgs/msg/sensor_accel_fifo.h\n'}
[9.054972] (px4_msgs) StdoutLine: {'line': b'-- Up-to-date: /home/maizaied03/ros2_ws/install/px4_msgs/include/px4_msgs/px4_msgs/msg/open_drone_id_system.h\n'}
[9.055079] (px4_msgs) StdoutLine: {'line': b'-- Up-to-date: /home/maizaied03/ros2_ws/install/px4_msgs/include/px4_msgs/px4_msgs/msg/battery_status.h\n'}
[9.055180] (px4_msgs) StdoutLine: {'line': b'-- Up-to-date: /home/maizaied03/ros2_ws/install/px4_msgs/include/px4_msgs/px4_msgs/msg/sensor_gyro_fft.h\n'}
[9.055279] (px4_msgs) StdoutLine: {'line': b'-- Up-to-date: /home/maizaied03/ros2_ws/install/px4_msgs/include/px4_msgs/px4_msgs/msg/sensor_gnss_relative.h\n'}
[9.055378] (px4_msgs) StdoutLine: {'line': b'-- Up-to-date: /home/maizaied03/ros2_ws/install/px4_msgs/include/px4_msgs/px4_msgs/msg/tune_control.h\n'}
[9.055473] (px4_msgs) StdoutLine: {'line': b'-- Up-to-date: /home/maizaied03/ros2_ws/install/px4_msgs/include/px4_msgs/px4_msgs/msg/vehicle_thrust_setpoint.h\n'}
[9.055569] (px4_msgs) StdoutLine: {'line': b'-- Up-to-date: /home/maizaied03/ros2_ws/install/px4_msgs/include/px4_msgs/px4_msgs/msg/lateral_control_configuration.h\n'}
[9.055779] (px4_msgs) StdoutLine: {'line': b'-- Up-to-date: /home/maizaied03/ros2_ws/install/px4_msgs/include/px4_msgs/px4_msgs/msg/sensor_gnss_status.h\n'}
[9.055897] (px4_msgs) StdoutLine: {'line': b'-- Up-to-date: /home/maizaied03/ros2_ws/install/px4_msgs/include/px4_msgs/px4_msgs/msg/manual_control_setpoint.h\n'}
[9.056047] (px4_msgs) StdoutLine: {'line': b'-- Up-to-date: /home/maizaied03/ros2_ws/install/px4_msgs/include/px4_msgs/px4_msgs/msg/telemetry_status.h\n'}
[9.056150] (px4_msgs) StdoutLine: {'line': b'-- Up-to-date: /home/maizaied03/ros2_ws/install/px4_msgs/include/px4_msgs/px4_msgs/msg/sensor_airflow.h\n'}
[9.056249] (px4_msgs) StdoutLine: {'line': b'-- Up-to-date: /home/maizaied03/ros2_ws/install/px4_msgs/include/px4_msgs/px4_msgs/msg/gimbal_manager_information.h\n'}
[9.056349] (px4_msgs) StdoutLine: {'line': b'-- Up-to-date: /home/maizaied03/ros2_ws/install/px4_msgs/include/px4_msgs/px4_msgs/msg/vtx.h\n'}
[9.056445] (px4_msgs) StdoutLine: {'line': b'-- Up-to-date: /home/maizaied03/ros2_ws/install/px4_msgs/include/px4_msgs/px4_msgs/msg/wind.h\n'}
[9.056505] (px4_msgs) StdoutLine: {'line': b'-- Up-to-date: /home/maizaied03/ros2_ws/install/px4_msgs/include/px4_msgs/px4_msgs/msg/vehicle_command.h\n'}
[9.056563] (px4_msgs) StdoutLine: {'line': b'-- Up-to-date: /home/maizaied03/ros2_ws/install/px4_msgs/include/px4_msgs/px4_msgs/msg/position_controller_status.h\n'}
[9.056694] (px4_msgs) StdoutLine: {'line': b'-- Up-to-date: /home/maizaied03/ros2_ws/install/px4_msgs/include/px4_msgs/px4_msgs/msg/detail\n'}
[9.056754] (px4_msgs) StdoutLine: {'line': b'-- Up-to-date: /home/maizaied03/ros2_ws/install/px4_msgs/include/px4_msgs/px4_msgs/msg/detail/sensor_gps__type_support.h\n'}
[9.056812] (px4_msgs) StdoutLine: {'line': b'-- Up-to-date: /home/maizaied03/ros2_ws/install/px4_msgs/include/px4_msgs/px4_msgs/msg/detail/vehicle_command__struct.h\n'}
[9.056869] (px4_msgs) StdoutLine: {'line': b'-- Up-to-date: /home/maizaied03/ros2_ws/install/px4_msgs/include/px4_msgs/px4_msgs/msg/detail/vehicle_optical_flow__functions.c\n'}
[9.056927] (px4_msgs) StdoutLine: {'line': b'-- Up-to-date: /home/maizaied03/ros2_ws/install/px4_msgs/include/px4_msgs/px4_msgs/msg/detail/sensor_selection__functions.c\n'}
[9.057087] (px4_msgs) StdoutLine: {'line': b'-- Up-to-date: /home/maizaied03/ros2_ws/install/px4_msgs/include/px4_msgs/px4_msgs/msg/detail/autotune_attitude_control_status__struct.h\n'}
[9.057168] (px4_msgs) StdoutLine: {'line': b'-- Up-to-date: /home/maizaied03/ros2_ws/install/px4_msgs/include/px4_msgs/px4_msgs/msg/detail/actuator_motors__functions.c\n'}
[9.057227] (px4_msgs) StdoutLine: {'line': b'-- Up-to-date: /home/maizaied03/ros2_ws/install/px4_msgs/include/px4_msgs/px4_msgs/msg/detail/vehicle_angular_acceleration_setpoint__functions.h\n'}
[9.057286] (px4_msgs) StdoutLine: {'line': b'-- Up-to-date: /home/maizaied03/ros2_ws/install/px4_msgs/include/px4_msgs/px4_msgs/msg/detail/gain_compression__struct.h\n'}
[9.057375] (px4_msgs) StdoutLine: {'line': b'-- Up-to-date: /home/maizaied03/ros2_ws/install/px4_msgs/include/px4_msgs/px4_msgs/msg/detail/satellite_info__type_support.h\n'}
[9.057445] (px4_msgs) StdoutLine: {'line': b'-- Up-to-date: /home/maizaied03/ros2_ws/install/px4_msgs/include/px4_msgs/px4_msgs/msg/detail/airspeed__type_support.h\n'}
[9.057504] (px4_msgs) StdoutLine: {'line': b'-- Up-to-date: /home/maizaied03/ros2_ws/install/px4_msgs/include/px4_msgs/px4_msgs/msg/detail/airspeed_validated__functions.h\n'}
[9.057562] (px4_msgs) StdoutLine: {'line': b'-- Up-to-date: /home/maizaied03/ros2_ws/install/px4_msgs/include/px4_msgs/px4_msgs/msg/detail/cpuload__functions.c\n'}
[9.057655] (px4_msgs) StdoutLine: {'line': b'-- Up-to-date: /home/maizaied03/ros2_ws/install/px4_msgs/include/px4_msgs/px4_msgs/msg/detail/config_overrides__type_support.h\n'}
[9.057724] (px4_msgs) StdoutLine: {'line': b'-- Up-to-date: /home/maizaied03/ros2_ws/install/px4_msgs/include/px4_msgs/px4_msgs/msg/detail/event__struct.h\n'}
[9.057782] (px4_msgs) StdoutLine: {'line': b'-- Up-to-date: /home/maizaied03/ros2_ws/install/px4_msgs/include/px4_msgs/px4_msgs/msg/detail/gimbal_manager_set_manual_control__type_support.h\n'}
[9.057856] (px4_msgs) StdoutLine: {'line': b'-- Up-to-date: /home/maizaied03/ros2_ws/install/px4_msgs/include/px4_msgs/px4_msgs/msg/detail/vehicle_attitude_setpoint__functions.c\n'}
[9.057915] (px4_msgs) StdoutLine: {'line': b'-- Up-to-date: /home/maizaied03/ros2_ws/install/px4_msgs/include/px4_msgs/px4_msgs/msg/detail/rover_throttle_setpoint__functions.h\n'}
[9.057974] (px4_msgs) StdoutLine: {'line': b'-- Up-to-date: /home/maizaied03/ros2_ws/install/px4_msgs/include/px4_msgs/px4_msgs/msg/detail/message_format_response__type_support.h\n'}
[9.058033] (px4_msgs) StdoutLine: {'line': b'-- Up-to-date: /home/maizaied03/ros2_ws/install/px4_msgs/include/px4_msgs/px4_msgs/msg/detail/follow_target_estimator__functions.c\n'}
[9.058091] (px4_msgs) StdoutLine: {'line': b'-- Up-to-date: /home/maizaied03/ros2_ws/install/px4_msgs/include/px4_msgs/px4_msgs/msg/detail/open_drone_id_arm_status__functions.h\n'}
[9.058186] (px4_msgs) StdoutLine: {'line': b'-- Up-to-date: /home/maizaied03/ros2_ws/install/px4_msgs/include/px4_msgs/px4_msgs/msg/detail/parameter_set_value_request__functions.h\n'}
[9.058246] (px4_msgs) StdoutLine: {'line': b'-- Up-to-date: /home/maizaied03/ros2_ws/install/px4_msgs/include/px4_msgs/px4_msgs/msg/detail/sensor_accel_fifo__functions.h\n'}
[9.058305] (px4_msgs) StdoutLine: {'line': b'-- Up-to-date: /home/maizaied03/ros2_ws/install/px4_msgs/include/px4_msgs/px4_msgs/msg/detail/uavcan_parameter_value__struct.h\n'}
[9.058363] (px4_msgs) StdoutLine: {'line': b'-- Up-to-date: /home/maizaied03/ros2_ws/install/px4_msgs/include/px4_msgs/px4_msgs/msg/detail/heater_status__struct.h\n'}
[9.058453] (px4_msgs) StdoutLine: {'line': b'-- Up-to-date: /home/maizaied03/ros2_ws/install/px4_msgs/include/px4_msgs/px4_msgs/msg/detail/rc_parameter_map__functions.h\n'}
[9.058514] (px4_msgs) StdoutLine: {'line': b'-- Up-to-date: /home/maizaied03/ros2_ws/install/px4_msgs/include/px4_msgs/px4_msgs/msg/detail/can_interface_status__functions.h\n'}
[9.058574] (px4_msgs) StdoutLine: {'line': b'-- Up-to-date: /home/maizaied03/ros2_ws/install/px4_msgs/include/px4_msgs/px4_msgs/msg/detail/longitudinal_control_configuration__functions.c\n'}
[9.058688] (px4_msgs) StdoutLine: {'line': b'-- Up-to-date: /home/maizaied03/ros2_ws/install/px4_msgs/include/px4_msgs/px4_msgs/msg/detail/transponder_report__type_support.h\n'}
[9.058759] (px4_msgs) StdoutLine: {'line': b'-- Up-to-date: /home/maizaied03/ros2_ws/install/px4_msgs/include/px4_msgs/px4_msgs/msg/detail/actuator_outputs__functions.c\n'}
[9.058839] (px4_msgs) StdoutLine: {'line': b'-- Up-to-date: /home/maizaied03/ros2_ws/install/px4_msgs/include/px4_msgs/px4_msgs/msg/detail/estimator_aid_source1d__functions.c\n'}
[9.058897] (px4_msgs) StdoutLine: {'line': b'-- Up-to-date: /home/maizaied03/ros2_ws/install/px4_msgs/include/px4_msgs/px4_msgs/msg/detail/debug_value__type_support.h\n'}
[9.058956] (px4_msgs) StdoutLine: {'line': b'-- Up-to-date: /home/maizaied03/ros2_ws/install/px4_msgs/include/px4_msgs/px4_msgs/msg/detail/distance_sensor__type_support.h\n'}
[9.059015] (px4_msgs) StdoutLine: {'line': b'-- Up-to-date: /home/maizaied03/ros2_ws/install/px4_msgs/include/px4_msgs/px4_msgs/msg/detail/uavcan_parameter_request__struct.h\n'}
[9.059072] (px4_msgs) StdoutLine: {'line': b'-- Up-to-date: /home/maizaied03/ros2_ws/install/px4_msgs/include/px4_msgs/px4_msgs/msg/detail/adc_report__type_support.h\n'}
[9.059130] (px4_msgs) StdoutLine: {'line': b'-- Up-to-date: /home/maizaied03/ros2_ws/install/px4_msgs/include/px4_msgs/px4_msgs/msg/detail/gps_dump__functions.c\n'}
[9.059187] (px4_msgs) StdoutLine: {'line': b'-- Up-to-date: /home/maizaied03/ros2_ws/install/px4_msgs/include/px4_msgs/px4_msgs/msg/detail/sensor_hygrometer__functions.c\n'}
[9.059290] (px4_msgs) StdoutLine: {'line': b'-- Up-to-date: /home/maizaied03/ros2_ws/install/px4_msgs/include/px4_msgs/px4_msgs/msg/detail/vehicle_attitude__functions.h\n'}
[9.059368] (px4_msgs) StdoutLine: {'line': b'-- Up-to-date: /home/maizaied03/ros2_ws/install/px4_msgs/include/px4_msgs/px4_msgs/msg/detail/offboard_control_mode__functions.h\n'}
[9.059439] (px4_msgs) StdoutLine: {'line': b'-- Up-to-date: /home/maizaied03/ros2_ws/install/px4_msgs/include/px4_msgs/px4_msgs/msg/detail/failure_detector_status__functions.c\n'}
[9.059514] (px4_msgs) StdoutLine: {'line': b'-- Up-to-date: /home/maizaied03/ros2_ws/install/px4_msgs/include/px4_msgs/px4_msgs/msg/detail/pure_pursuit_status__struct.h\n'}
[9.059597] (px4_msgs) StdoutLine: {'line': b'-- Up-to-date: /home/maizaied03/ros2_ws/install/px4_msgs/include/px4_msgs/px4_msgs/msg/detail/figure_eight_status__functions.h\n'}
[9.059687] (px4_msgs) StdoutLine: {'line': b'-- Up-to-date: /home/maizaied03/ros2_ws/install/px4_msgs/include/px4_msgs/px4_msgs/msg/detail/sensor_gnss_status__type_support.h\n'}
[9.059760] (px4_msgs) StdoutLine: {'line': b'-- Up-to-date: /home/maizaied03/ros2_ws/install/px4_msgs/include/px4_msgs/px4_msgs/msg/detail/rc_channels__functions.c\n'}
[9.059818] (px4_msgs) StdoutLine: {'line': b'-- Up-to-date: /home/maizaied03/ros2_ws/install/px4_msgs/include/px4_msgs/px4_msgs/msg/detail/estimator_innovations__struct.h\n'}
[9.059877] (px4_msgs) StdoutLine: {'line': b'-- Up-to-date: /home/maizaied03/ros2_ws/install/px4_msgs/include/px4_msgs/px4_msgs/msg/detail/sensor_mag__functions.h\n'}
[9.059935] (px4_msgs) StdoutLine: {'line': b'-- Up-to-date: /home/maizaied03/ros2_ws/install/px4_msgs/include/px4_msgs/px4_msgs/msg/detail/dronecan_node_status__type_support.h\n'}
[9.059993] (px4_msgs) StdoutLine: {'line': b'-- Up-to-date: /home/maizaied03/ros2_ws/install/px4_msgs/include/px4_msgs/px4_msgs/msg/detail/vehicle_status__type_support.h\n'}
[9.060050] (px4_msgs) StdoutLine: {'line': b'-- Up-to-date: /home/maizaied03/ros2_ws/install/px4_msgs/include/px4_msgs/px4_msgs/msg/detail/navigator_mission_item__functions.c\n'}
[9.060150] (px4_msgs) StdoutLine: {'line': b'-- Up-to-date: /home/maizaied03/ros2_ws/install/px4_msgs/include/px4_msgs/px4_msgs/msg/detail/sensor_uwb__functions.h\n'}
[9.060208] (px4_msgs) StdoutLine: {'line': b'-- Up-to-date: /home/maizaied03/ros2_ws/install/px4_msgs/include/px4_msgs/px4_msgs/msg/detail/failsafe_flags__functions.h\n'}
[9.060267] (px4_msgs) StdoutLine: {'line': b'-- Up-to-date: /home/maizaied03/ros2_ws/install/px4_msgs/include/px4_msgs/px4_msgs/msg/detail/esc_report__type_support.h\n'}
[9.060346] (px4_msgs) StdoutLine: {'line': b'-- Up-to-date: /home/maizaied03/ros2_ws/install/px4_msgs/include/px4_msgs/px4_msgs/msg/detail/vehicle_imu__type_support.h\n'}
[9.060424] (px4_msgs) StdoutLine: {'line': b'-- Up-to-date: /home/maizaied03/ros2_ws/install/px4_msgs/include/px4_msgs/px4_msgs/msg/detail/vehicle_control_mode__type_support.h\n'}
[9.060484] (px4_msgs) StdoutLine: {'line': b'-- Up-to-date: /home/maizaied03/ros2_ws/install/px4_msgs/include/px4_msgs/px4_msgs/msg/detail/timesync_status__functions.c\n'}
[9.060542] (px4_msgs) StdoutLine: {'line': b'-- Up-to-date: /home/maizaied03/ros2_ws/install/px4_msgs/include/px4_msgs/px4_msgs/msg/detail/estimator_sensor_bias__type_support.h\n'}
[9.060605] (px4_msgs) StdoutLine: {'line': b'-- Up-to-date: /home/maizaied03/ros2_ws/install/px4_msgs/include/px4_msgs/px4_msgs/msg/detail/rpm__functions.h\n'}
[9.060711] (px4_msgs) StdoutLine: {'line': b'-- Up-to-date: /home/maizaied03/ros2_ws/install/px4_msgs/include/px4_msgs/px4_msgs/msg/detail/config_overrides__functions.h\n'}
[9.060772] (px4_msgs) StdoutLine: {'line': b'-- Up-to-date: /home/maizaied03/ros2_ws/install/px4_msgs/include/px4_msgs/px4_msgs/msg/detail/sensor_gyro_fifo__functions.h\n'}
[9.060831] (px4_msgs) StdoutLine: {'line': b'-- Up-to-date: /home/maizaied03/ros2_ws/install/px4_msgs/include/px4_msgs/px4_msgs/msg/detail/sensors_status_imu__struct.h\n'}
[9.060889] (px4_msgs) StdoutLine: {'line': b'-- Up-to-date: /home/maizaied03/ros2_ws/install/px4_msgs/include/px4_msgs/px4_msgs/msg/detail/vehicle_magnetometer__type_support.h\n'}
[9.060946] (px4_msgs) StdoutLine: {'line': b'-- Up-to-date: /home/maizaied03/ros2_ws/install/px4_msgs/include/px4_msgs/px4_msgs/msg/detail/follow_target_status__struct.h\n'}
[9.061006] (px4_msgs) StdoutLine: {'line': b'-- Up-to-date: /home/maizaied03/ros2_ws/install/px4_msgs/include/px4_msgs/px4_msgs/msg/detail/estimator_status_flags__functions.h\n'}
[9.061086] (px4_msgs) StdoutLine: {'line': b'-- Up-to-date: /home/maizaied03/ros2_ws/install/px4_msgs/include/px4_msgs/px4_msgs/msg/detail/generator_status__type_support.h\n'}
[9.061180] (px4_msgs) StdoutLine: {'line': b'-- Up-to-date: /home/maizaied03/ros2_ws/install/px4_msgs/include/px4_msgs/px4_msgs/msg/detail/sensors_status__struct.h\n'}
[9.061271] (px4_msgs) StdoutLine: {'line': b'-- Up-to-date: /home/maizaied03/ros2_ws/install/px4_msgs/include/px4_msgs/px4_msgs/msg/detail/sensor_airflow__functions.h\n'}
[9.061364] (px4_msgs) StdoutLine: {'line': b'-- Up-to-date: /home/maizaied03/ros2_ws/install/px4_msgs/include/px4_msgs/px4_msgs/msg/detail/can_interface_status__functions.c\n'}
[9.061451] (px4_msgs) StdoutLine: {'line': b'-- Up-to-date: /home/maizaied03/ros2_ws/install/px4_msgs/include/px4_msgs/px4_msgs/msg/detail/pure_pursuit_status__type_support.h\n'}
[9.061536] (px4_msgs) StdoutLine: {'line': b'-- Up-to-date: /home/maizaied03/ros2_ws/install/px4_msgs/include/px4_msgs/px4_msgs/msg/detail/vehicle_air_data__functions.c\n'}
[9.061660] (px4_msgs) StdoutLine: {'line': b'-- Up-to-date: /home/maizaied03/ros2_ws/install/px4_msgs/include/px4_msgs/px4_msgs/msg/detail/unregister_ext_component__type_support.h\n'}
[9.061928] (px4_msgs) StdoutLine: {'line': b'-- Up-to-date: /home/maizaied03/ros2_ws/install/px4_msgs/include/px4_msgs/px4_msgs/msg/detail/can_interface_status__struct.h\n'}
[9.062007] (px4_msgs) StdoutLine: {'line': b'-- Up-to-date: /home/maizaied03/ros2_ws/install/px4_msgs/include/px4_msgs/px4_msgs/msg/detail/debug_array__struct.h\n'}
[9.062082] (px4_msgs) StdoutLine: {'line': b'-- Up-to-date: /home/maizaied03/ros2_ws/install/px4_msgs/include/px4_msgs/px4_msgs/msg/detail/gpio_in__functions.c\n'}
[9.062224] (px4_msgs) StdoutLine: {'line': b'-- Up-to-date: /home/maizaied03/ros2_ws/install/px4_msgs/include/px4_msgs/px4_msgs/msg/detail/battery_info__struct.h\n'}
[9.062303] (px4_msgs) StdoutLine: {'line': b'-- Up-to-date: /home/maizaied03/ros2_ws/install/px4_msgs/include/px4_msgs/px4_msgs/msg/detail/fuel_tank_status__type_support.h\n'}
[9.062427] (px4_msgs) StdoutLine: {'line': b'-- Up-to-date: /home/maizaied03/ros2_ws/install/px4_msgs/include/px4_msgs/px4_msgs/msg/detail/estimator_bias__functions.c\n'}
[9.062500] (px4_msgs) StdoutLine: {'line': b'-- Up-to-date: /home/maizaied03/ros2_ws/install/px4_msgs/include/px4_msgs/px4_msgs/msg/detail/parameter_set_value_response__functions.h\n'}
[9.062574] (px4_msgs) StdoutLine: {'line': b'-- Up-to-date: /home/maizaied03/ros2_ws/install/px4_msgs/include/px4_msgs/px4_msgs/msg/detail/parameter_set_used_request__functions.h\n'}
[9.062677] (px4_msgs) StdoutLine: {'line': b'-- Up-to-date: /home/maizaied03/ros2_ws/install/px4_msgs/include/px4_msgs/px4_msgs/msg/detail/mag_worker_data__functions.h\n'}
[9.062751] (px4_msgs) StdoutLine: {'line': b'-- Up-to-date: /home/maizaied03/ros2_ws/install/px4_msgs/include/px4_msgs/px4_msgs/msg/detail/estimator_status_flags__struct.h\n'}
[9.062824] (px4_msgs) StdoutLine: {'line': b'-- Up-to-date: /home/maizaied03/ros2_ws/install/px4_msgs/include/px4_msgs/px4_msgs/msg/detail/arming_check_reply__struct.h\n'}
[9.062984] (px4_msgs) StdoutLine: {'line': b'-- Up-to-date: /home/maizaied03/ros2_ws/install/px4_msgs/include/px4_msgs/px4_msgs/msg/detail/fixed_wing_lateral_guidance_status__type_support.h\n'}
[9.063059] (px4_msgs) StdoutLine: {'line': b'-- Up-to-date: /home/maizaied03/ros2_ws/install/px4_msgs/include/px4_msgs/px4_msgs/msg/detail/debug_array__type_support.h\n'}
[9.063134] (px4_msgs) StdoutLine: {'line': b'-- Up-to-date: /home/maizaied03/ros2_ws/install/px4_msgs/include/px4_msgs/px4_msgs/msg/detail/input_rc__functions.c\n'}
[9.063208] (px4_msgs) StdoutLine: {'line': b'-- Up-to-date: /home/maizaied03/ros2_ws/install/px4_msgs/include/px4_msgs/px4_msgs/msg/detail/sensor_baro__struct.h\n'}
[9.063284] (px4_msgs) StdoutLine: {'line': b'-- Up-to-date: /home/maizaied03/ros2_ws/install/px4_msgs/include/px4_msgs/px4_msgs/msg/detail/goto_setpoint__functions.c\n'}
[9.063360] (px4_msgs) StdoutLine: {'line': b'-- Up-to-date: /home/maizaied03/ros2_ws/install/px4_msgs/include/px4_msgs/px4_msgs/msg/detail/actuator_test__type_support.h\n'}
[9.063434] (px4_msgs) StdoutLine: {'line': b'-- Up-to-date: /home/maizaied03/ros2_ws/install/px4_msgs/include/px4_msgs/px4_msgs/msg/detail/sensor_selection__struct.h\n'}
[9.063509] (px4_msgs) StdoutLine: {'line': b'-- Up-to-date: /home/maizaied03/ros2_ws/install/px4_msgs/include/px4_msgs/px4_msgs/msg/detail/iridiumsbd_status__functions.c\n'}
[9.063609] (px4_msgs) StdoutLine: {'line': b'-- Up-to-date: /home/maizaied03/ros2_ws/install/px4_msgs/include/px4_msgs/px4_msgs/msg/detail/rover_position_setpoint__functions.c\n'}
[9.063764] (px4_msgs) StdoutLine: {'line': b'-- Up-to-date: /home/maizaied03/ros2_ws/install/px4_msgs/include/px4_msgs/px4_msgs/msg/detail/button_event__functions.h\n'}
[9.063826] (px4_msgs) StdoutLine: {'line': b'-- Up-to-date: /home/maizaied03/ros2_ws/install/px4_msgs/include/px4_msgs/px4_msgs/msg/detail/ping__type_support.h\n'}
[9.063887] (px4_msgs) StdoutLine: {'line': b'-- Up-to-date: /home/maizaied03/ros2_ws/install/px4_msgs/include/px4_msgs/px4_msgs/msg/detail/task_stack_info__struct.h\n'}
[9.063947] (px4_msgs) StdoutLine: {'line': b'-- Up-to-date: /home/maizaied03/ros2_ws/install/px4_msgs/include/px4_msgs/px4_msgs/msg/detail/neural_control__functions.c\n'}
[9.064005] (px4_msgs) StdoutLine: {'line': b'-- Up-to-date: /home/maizaied03/ros2_ws/install/px4_msgs/include/px4_msgs/px4_msgs/msg/detail/event__functions.h\n'}
[9.064062] (px4_msgs) StdoutLine: {'line': b'-- Up-to-date: /home/maizaied03/ros2_ws/install/px4_msgs/include/px4_msgs/px4_msgs/msg/detail/obstacle_distance__functions.h\n'}
[9.064119] (px4_msgs) StdoutLine: {'line': b'-- Up-to-date: /home/maizaied03/ros2_ws/install/px4_msgs/include/px4_msgs/px4_msgs/msg/detail/manual_control_setpoint__type_support.h\n'}
[9.064177] (px4_msgs) StdoutLine: {'line': b'-- Up-to-date: /home/maizaied03/ros2_ws/install/px4_msgs/include/px4_msgs/px4_msgs/msg/detail/vehicle_torque_setpoint__struct.h\n'}
[9.064235] (px4_msgs) StdoutLine: {'line': b'-- Up-to-date: /home/maizaied03/ros2_ws/install/px4_msgs/include/px4_msgs/px4_msgs/msg/detail/vehicle_rates_setpoint__functions.h\n'}
[9.064314] (px4_msgs) StdoutLine: {'line': b'-- Up-to-date: /home/maizaied03/ros2_ws/install/px4_msgs/include/px4_msgs/px4_msgs/msg/detail/vehicle_control_mode__struct.h\n'}
[9.064374] (px4_msgs) StdoutLine: {'line': b'-- Up-to-date: /home/maizaied03/ros2_ws/install/px4_msgs/include/px4_msgs/px4_msgs/msg/detail/qshell_req__functions.h\n'}
[9.064503] (px4_msgs) StdoutLine: {'line': b'-- Up-to-date: /home/maizaied03/ros2_ws/install/px4_msgs/include/px4_msgs/px4_msgs/msg/detail/task_stack_info__functions.h\n'}
[9.064574] (px4_msgs) StdoutLine: {'line': b'-- Up-to-date: /home/maizaied03/ros2_ws/install/px4_msgs/include/px4_msgs/px4_msgs/msg/detail/estimator_bias3d__functions.h\n'}
[9.064663] (px4_msgs) StdoutLine: {'line': b'-- Up-to-date: /home/maizaied03/ros2_ws/install/px4_msgs/include/px4_msgs/px4_msgs/msg/detail/log_message__functions.c\n'}
[9.064733] (px4_msgs) StdoutLine: {'line': b'-- Up-to-date: /home/maizaied03/ros2_ws/install/px4_msgs/include/px4_msgs/px4_msgs/msg/detail/open_drone_id_self_id__struct.h\n'}
[9.064806] (px4_msgs) StdoutLine: {'line': b'-- Up-to-date: /home/maizaied03/ros2_ws/install/px4_msgs/include/px4_msgs/px4_msgs/msg/detail/sensor_correction__functions.h\n'}
[9.064864] (px4_msgs) StdoutLine: {'line': b'-- Up-to-date: /home/maizaied03/ros2_ws/install/px4_msgs/include/px4_msgs/px4_msgs/msg/detail/rover_attitude_status__functions.c\n'}
[9.064920] (px4_msgs) StdoutLine: {'line': b'-- Up-to-date: /home/maizaied03/ros2_ws/install/px4_msgs/include/px4_msgs/px4_msgs/msg/detail/dataman_response__functions.c\n'}
[9.064977] (px4_msgs) StdoutLine: {'line': b'-- Up-to-date: /home/maizaied03/ros2_ws/install/px4_msgs/include/px4_msgs/px4_msgs/msg/detail/vtx__functions.c\n'}
[9.065033] (px4_msgs) StdoutLine: {'line': b'-- Up-to-date: /home/maizaied03/ros2_ws/install/px4_msgs/include/px4_msgs/px4_msgs/msg/detail/estimator_states__struct.h\n'}
[9.065089] (px4_msgs) StdoutLine: {'line': b'-- Up-to-date: /home/maizaied03/ros2_ws/install/px4_msgs/include/px4_msgs/px4_msgs/msg/detail/mission_result__type_support.h\n'}
[9.065145] (px4_msgs) StdoutLine: {'line': b'-- Up-to-date: /home/maizaied03/ros2_ws/install/px4_msgs/include/px4_msgs/px4_msgs/msg/detail/collision_constraints__functions.c\n'}
[9.065202] (px4_msgs) StdoutLine: {'line': b'-- Up-to-date: /home/maizaied03/ros2_ws/install/px4_msgs/include/px4_msgs/px4_msgs/msg/detail/actuator_motors__functions.h\n'}
[9.065257] (px4_msgs) StdoutLine: {'line': b'-- Up-to-date: /home/maizaied03/ros2_ws/install/px4_msgs/include/px4_msgs/px4_msgs/msg/detail/hover_thrust_estimate__functions.c\n'}
[9.065314] (px4_msgs) StdoutLine: {'line': b'-- Up-to-date: /home/maizaied03/ros2_ws/install/px4_msgs/include/px4_msgs/px4_msgs/msg/detail/vehicle_local_position__struct.h\n'}
[9.065424] (px4_msgs) StdoutLine: {'line': b'-- Up-to-date: /home/maizaied03/ros2_ws/install/px4_msgs/include/px4_msgs/px4_msgs/msg/detail/tecs_status__type_support.h\n'}
[9.065483] (px4_msgs) StdoutLine: {'line': b'-- Up-to-date: /home/maizaied03/ros2_ws/install/px4_msgs/include/px4_msgs/px4_msgs/msg/detail/estimator_aid_source1d__functions.h\n'}
[9.065540] (px4_msgs) StdoutLine: {'line': b'-- Up-to-date: /home/maizaied03/ros2_ws/install/px4_msgs/include/px4_msgs/px4_msgs/msg/detail/gimbal_manager_information__type_support.h\n'}
[9.065601] (px4_msgs) StdoutLine: {'line': b'-- Up-to-date: /home/maizaied03/ros2_ws/install/px4_msgs/include/px4_msgs/px4_msgs/msg/detail/estimator_status__functions.c\n'}
[9.065701] (px4_msgs) StdoutLine: {'line': b'-- Up-to-date: /home/maizaied03/ros2_ws/install/px4_msgs/include/px4_msgs/px4_msgs/msg/detail/goto_setpoint__type_support.h\n'}
[9.065760] (px4_msgs) StdoutLine: {'line': b'-- Up-to-date: /home/maizaied03/ros2_ws/install/px4_msgs/include/px4_msgs/px4_msgs/msg/detail/device_information__functions.c\n'}
[9.065837] (px4_msgs) StdoutLine: {'line': b'-- Up-to-date: /home/maizaied03/ros2_ws/install/px4_msgs/include/px4_msgs/px4_msgs/msg/detail/control_allocator_status__type_support.h\n'}
[9.065911] (px4_msgs) StdoutLine: {'line': b'-- Up-to-date: /home/maizaied03/ros2_ws/install/px4_msgs/include/px4_msgs/px4_msgs/msg/detail/fixed_wing_runway_control__type_support.h\n'}
[9.065970] (px4_msgs) StdoutLine: {'line': b'-- Up-to-date: /home/maizaied03/ros2_ws/install/px4_msgs/include/px4_msgs/px4_msgs/msg/detail/gps_inject_data__functions.c\n'}
[9.066027] (px4_msgs) StdoutLine: {'line': b'-- Up-to-date: /home/maizaied03/ros2_ws/install/px4_msgs/include/px4_msgs/px4_msgs/msg/detail/navigator_mission_item__functions.h\n'}
[9.066084] (px4_msgs) StdoutLine: {'line': b'-- Up-to-date: /home/maizaied03/ros2_ws/install/px4_msgs/include/px4_msgs/px4_msgs/msg/detail/esc_status__functions.c\n'}
[9.066145] (px4_msgs) StdoutLine: {'line': b'-- Up-to-date: /home/maizaied03/ros2_ws/install/px4_msgs/include/px4_msgs/px4_msgs/msg/detail/position_setpoint_triplet__type_support.h\n'}
[9.066206] (px4_msgs) StdoutLine: {'line': b'-- Up-to-date: /home/maizaied03/ros2_ws/install/px4_msgs/include/px4_msgs/px4_msgs/msg/detail/estimator_sensor_bias__functions.c\n'}
[9.066268] (px4_msgs) StdoutLine: {'line': b'-- Up-to-date: /home/maizaied03/ros2_ws/install/px4_msgs/include/px4_msgs/px4_msgs/msg/detail/gps_dump__functions.h\n'}
[9.066330] (px4_msgs) StdoutLine: {'line': b'-- Up-to-date: /home/maizaied03/ros2_ws/install/px4_msgs/include/px4_msgs/px4_msgs/msg/detail/message_format_request__functions.h\n'}
[9.066393] (px4_msgs) StdoutLine: {'line': b'-- Up-to-date: /home/maizaied03/ros2_ws/install/px4_msgs/include/px4_msgs/px4_msgs/msg/detail/rtl_time_estimate__struct.h\n'}
[9.066499] (px4_msgs) StdoutLine: {'line': b'-- Up-to-date: /home/maizaied03/ros2_ws/install/px4_msgs/include/px4_msgs/px4_msgs/msg/detail/vehicle_attitude__type_support.h\n'}
[9.066566] (px4_msgs) StdoutLine: {'line': b'-- Up-to-date: /home/maizaied03/ros2_ws/install/px4_msgs/include/px4_msgs/px4_msgs/msg/detail/estimator_bias__type_support.h\n'}
[9.066637] (px4_msgs) StdoutLine: {'line': b'-- Up-to-date: /home/maizaied03/ros2_ws/install/px4_msgs/include/px4_msgs/px4_msgs/msg/detail/wind__functions.h\n'}
[9.066702] (px4_msgs) StdoutLine: {'line': b'-- Up-to-date: /home/maizaied03/ros2_ws/install/px4_msgs/include/px4_msgs/px4_msgs/msg/detail/geofence_status__struct.h\n'}
[9.066765] (px4_msgs) StdoutLine: {'line': b'-- Up-to-date: /home/maizaied03/ros2_ws/install/px4_msgs/include/px4_msgs/px4_msgs/msg/detail/ping__functions.c\n'}
[9.066828] (px4_msgs) StdoutLine: {'line': b'-- Up-to-date: /home/maizaied03/ros2_ws/install/px4_msgs/include/px4_msgs/px4_msgs/msg/detail/vehicle_local_position__functions.c\n'}
[9.066892] (px4_msgs) StdoutLine: {'line': b'-- Up-to-date: /home/maizaied03/ros2_ws/install/px4_msgs/include/px4_msgs/px4_msgs/msg/detail/goto_setpoint__struct.h\n'}
[9.066959] (px4_msgs) StdoutLine: {'line': b'-- Up-to-date: /home/maizaied03/ros2_ws/install/px4_msgs/include/px4_msgs/px4_msgs/msg/detail/landing_gear__type_support.h\n'}
[9.067025] (px4_msgs) StdoutLine: {'line': b'-- Up-to-date: /home/maizaied03/ros2_ws/install/px4_msgs/include/px4_msgs/px4_msgs/msg/detail/parameter_set_value_response__struct.h\n'}
[9.067093] (px4_msgs) StdoutLine: {'line': b'-- Up-to-date: /home/maizaied03/ros2_ws/install/px4_msgs/include/px4_msgs/px4_msgs/msg/detail/internal_combustion_engine_status__functions.h\n'}
[9.067159] (px4_msgs) StdoutLine: {'line': b'-- Up-to-date: /home/maizaied03/ros2_ws/install/px4_msgs/include/px4_msgs/px4_msgs/msg/detail/fixed_wing_longitudinal_setpoint__functions.h\n'}
[9.067226] (px4_msgs) StdoutLine: {'line': b'-- Up-to-date: /home/maizaied03/ros2_ws/install/px4_msgs/include/px4_msgs/px4_msgs/msg/detail/launch_detection_status__functions.c\n'}
[9.067292] (px4_msgs) StdoutLine: {'line': b'-- Up-to-date: /home/maizaied03/ros2_ws/install/px4_msgs/include/px4_msgs/px4_msgs/msg/detail/gimbal_device_set_attitude__functions.h\n'}
[9.067358] (px4_msgs) StdoutLine: {'line': b'-- Up-to-date: /home/maizaied03/ros2_ws/install/px4_msgs/include/px4_msgs/px4_msgs/msg/detail/onboard_computer_status__struct.h\n'}
[9.067424] (px4_msgs) StdoutLine: {'line': b'-- Up-to-date: /home/maizaied03/ros2_ws/install/px4_msgs/include/px4_msgs/px4_msgs/msg/detail/gps_inject_data__functions.h\n'}
[9.067524] (px4_msgs) StdoutLine: {'line': b'-- Up-to-date: /home/maizaied03/ros2_ws/install/px4_msgs/include/px4_msgs/px4_msgs/msg/detail/control_allocator_status__functions.h\n'}
[9.067801] (px4_msgs) StdoutLine: {'line': b'-- Up-to-date: /home/maizaied03/ros2_ws/install/px4_msgs/include/px4_msgs/px4_msgs/msg/detail/estimator_event_flags__type_support.h\n'}
[9.067901] (px4_msgs) StdoutLine: {'line': b'-- Up-to-date: /home/maizaied03/ros2_ws/install/px4_msgs/include/px4_msgs/px4_msgs/msg/detail/gimbal_manager_set_attitude__functions.h\n'}
[9.067973] (px4_msgs) StdoutLine: {'line': b'-- Up-to-date: /home/maizaied03/ros2_ws/install/px4_msgs/include/px4_msgs/px4_msgs/msg/detail/figure_eight_status__struct.h\n'}
[9.068042] (px4_msgs) StdoutLine: {'line': b'-- Up-to-date: /home/maizaied03/ros2_ws/install/px4_msgs/include/px4_msgs/px4_msgs/msg/detail/wind__type_support.h\n'}
[9.068110] (px4_msgs) StdoutLine: {'line': b'-- Up-to-date: /home/maizaied03/ros2_ws/install/px4_msgs/include/px4_msgs/px4_msgs/msg/detail/neural_control__struct.h\n'}
[9.068176] (px4_msgs) StdoutLine: {'line': b'-- Up-to-date: /home/maizaied03/ros2_ws/install/px4_msgs/include/px4_msgs/px4_msgs/msg/detail/gpio_out__functions.h\n'}
[9.068243] (px4_msgs) StdoutLine: {'line': b'-- Up-to-date: /home/maizaied03/ros2_ws/install/px4_msgs/include/px4_msgs/px4_msgs/msg/detail/tecs_status__functions.c\n'}
[9.068309] (px4_msgs) StdoutLine: {'line': b'-- Up-to-date: /home/maizaied03/ros2_ws/install/px4_msgs/include/px4_msgs/px4_msgs/msg/detail/estimator_event_flags__functions.h\n'}
[9.068373] (px4_msgs) StdoutLine: {'line': b'-- Up-to-date: /home/maizaied03/ros2_ws/install/px4_msgs/include/px4_msgs/px4_msgs/msg/detail/sensor_selection__functions.h\n'}
[9.068430] (px4_msgs) StdoutLine: {'line': b'-- Up-to-date: /home/maizaied03/ros2_ws/install/px4_msgs/include/px4_msgs/px4_msgs/msg/detail/mount_orientation__functions.h\n'}
[9.068485] (px4_msgs) StdoutLine: {'line': b'-- Up-to-date: /home/maizaied03/ros2_ws/install/px4_msgs/include/px4_msgs/px4_msgs/msg/detail/geofence_status__type_support.h\n'}
[9.068543] (px4_msgs) StdoutLine: {'line': b'-- Up-to-date: /home/maizaied03/ros2_ws/install/px4_msgs/include/px4_msgs/px4_msgs/msg/detail/flight_phase_estimation__type_support.h\n'}
[9.068606] (px4_msgs) StdoutLine: {'line': b'-- Up-to-date: /home/maizaied03/ros2_ws/install/px4_msgs/include/px4_msgs/px4_msgs/msg/detail/mission_result__struct.h\n'}
[9.068671] (px4_msgs) StdoutLine: {'line': b'-- Up-to-date: /home/maizaied03/ros2_ws/install/px4_msgs/include/px4_msgs/px4_msgs/msg/detail/raptor_input__functions.c\n'}
[9.068727] (px4_msgs) StdoutLine: {'line': b'-- Up-to-date: /home/maizaied03/ros2_ws/install/px4_msgs/include/px4_msgs/px4_msgs/msg/detail/rover_rate_setpoint__struct.h\n'}
[9.068792] (px4_msgs) StdoutLine: {'line': b'-- Up-to-date: /home/maizaied03/ros2_ws/install/px4_msgs/include/px4_msgs/px4_msgs/msg/detail/sensor_combined__functions.c\n'}
[9.068850] (px4_msgs) StdoutLine: {'line': b'-- Up-to-date: /home/maizaied03/ros2_ws/install/px4_msgs/include/px4_msgs/px4_msgs/msg/detail/failsafe_flags__struct.h\n'}
[9.068907] (px4_msgs) StdoutLine: {'line': b'-- Up-to-date: /home/maizaied03/ros2_ws/install/px4_msgs/include/px4_msgs/px4_msgs/msg/detail/sensor_gyro_fft__functions.c\n'}
[9.068964] (px4_msgs) StdoutLine: {'line': b'-- Up-to-date: /home/maizaied03/ros2_ws/install/px4_msgs/include/px4_msgs/px4_msgs/msg/detail/logger_status__functions.h\n'}
[9.069018] (px4_msgs) StdoutLine: {'line': b'-- Up-to-date: /home/maizaied03/ros2_ws/install/px4_msgs/include/px4_msgs/px4_msgs/msg/detail/estimator_bias3d__functions.c\n'}
[9.069074] (px4_msgs) StdoutLine: {'line': b'-- Up-to-date: /home/maizaied03/ros2_ws/install/px4_msgs/include/px4_msgs/px4_msgs/msg/detail/rtl_time_estimate__functions.h\n'}
[9.069132] (px4_msgs) StdoutLine: {'line': b'-- Up-to-date: /home/maizaied03/ros2_ws/install/px4_msgs/include/px4_msgs/px4_msgs/msg/detail/estimator_status__struct.h\n'}
[9.069194] (px4_msgs) StdoutLine: {'line': b'-- Up-to-date: /home/maizaied03/ros2_ws/install/px4_msgs/include/px4_msgs/px4_msgs/msg/detail/velocity_limits__functions.h\n'}
[9.069252] (px4_msgs) StdoutLine: {'line': b'-- Up-to-date: /home/maizaied03/ros2_ws/install/px4_msgs/include/px4_msgs/px4_msgs/msg/detail/gps_dump__struct.h\n'}
[9.069311] (px4_msgs) StdoutLine: {'line': b'-- Up-to-date: /home/maizaied03/ros2_ws/install/px4_msgs/include/px4_msgs/px4_msgs/msg/detail/power_monitor__struct.h\n'}
[9.069369] (px4_msgs) StdoutLine: {'line': b'-- Up-to-date: /home/maizaied03/ros2_ws/install/px4_msgs/include/px4_msgs/px4_msgs/msg/detail/register_ext_component_request__functions.c\n'}
[9.069427] (px4_msgs) StdoutLine: {'line': b'-- Up-to-date: /home/maizaied03/ros2_ws/install/px4_msgs/include/px4_msgs/px4_msgs/msg/detail/vehicle_command_ack__functions.h\n'}
[9.069485] (px4_msgs) StdoutLine: {'line': b'-- Up-to-date: /home/maizaied03/ros2_ws/install/px4_msgs/include/px4_msgs/px4_msgs/msg/detail/yaw_estimator_status__struct.h\n'}
[9.069544] (px4_msgs) StdoutLine: {'line': b'-- Up-to-date: /home/maizaied03/ros2_ws/install/px4_msgs/include/px4_msgs/px4_msgs/msg/detail/gimbal_device_attitude_status__functions.c\n'}
[9.069607] (px4_msgs) StdoutLine: {'line': b'-- Up-to-date: /home/maizaied03/ros2_ws/install/px4_msgs/include/px4_msgs/px4_msgs/msg/detail/cellular_status__functions.c\n'}
[9.069661] (px4_msgs) StdoutLine: {'line': b'-- Up-to-date: /home/maizaied03/ros2_ws/install/px4_msgs/include/px4_msgs/px4_msgs/msg/detail/heater_status__functions.c\n'}
[9.069713] (px4_msgs) StdoutLine: {'line': b'-- Up-to-date: /home/maizaied03/ros2_ws/install/px4_msgs/include/px4_msgs/px4_msgs/msg/detail/estimator_aid_source2d__functions.h\n'}
[9.069769] (px4_msgs) StdoutLine: {'line': b'-- Up-to-date: /home/maizaied03/ros2_ws/install/px4_msgs/include/px4_msgs/px4_msgs/msg/detail/landing_target_innovations__type_support.h\n'}
[9.069829] (px4_msgs) StdoutLine: {'line': b'-- Up-to-date: /home/maizaied03/ros2_ws/install/px4_msgs/include/px4_msgs/px4_msgs/msg/detail/gimbal_manager_set_manual_control__functions.h\n'}
[9.069883] (px4_msgs) StdoutLine: {'line': b'-- Up-to-date: /home/maizaied03/ros2_ws/install/px4_msgs/include/px4_msgs/px4_msgs/msg/detail/esc_report__functions.h\n'}
[9.069938] (px4_msgs) StdoutLine: {'line': b'-- Up-to-date: /home/maizaied03/ros2_ws/install/px4_msgs/include/px4_msgs/px4_msgs/msg/detail/position_setpoint__functions.h\n'}
[9.069995] (px4_msgs) StdoutLine: {'line': b'-- Up-to-date: /home/maizaied03/ros2_ws/install/px4_msgs/include/px4_msgs/px4_msgs/msg/detail/manual_control_switches__functions.c\n'}
[9.070050] (px4_msgs) StdoutLine: {'line': b'-- Up-to-date: /home/maizaied03/ros2_ws/install/px4_msgs/include/px4_msgs/px4_msgs/msg/detail/neural_control__type_support.h\n'}
[9.070105] (px4_msgs) StdoutLine: {'line': b'-- Up-to-date: /home/maizaied03/ros2_ws/install/px4_msgs/include/px4_msgs/px4_msgs/msg/detail/log_message__functions.h\n'}
[9.070161] (px4_msgs) StdoutLine: {'line': b'-- Up-to-date: /home/maizaied03/ros2_ws/install/px4_msgs/include/px4_msgs/px4_msgs/msg/detail/estimator_states__type_support.h\n'}
[9.070216] (px4_msgs) StdoutLine: {'line': b'-- Up-to-date: /home/maizaied03/ros2_ws/install/px4_msgs/include/px4_msgs/px4_msgs/msg/detail/estimator_aid_source3d__type_support.h\n'}
[9.070272] (px4_msgs) StdoutLine: {'line': b'-- Up-to-date: /home/maizaied03/ros2_ws/install/px4_msgs/include/px4_msgs/px4_msgs/msg/detail/qshell_req__struct.h\n'}
[9.070326] (px4_msgs) StdoutLine: {'line': b'-- Up-to-date: /home/maizaied03/ros2_ws/install/px4_msgs/include/px4_msgs/px4_msgs/msg/detail/dataman_response__struct.h\n'}
[9.070384] (px4_msgs) StdoutLine: {'line': b'-- Up-to-date: /home/maizaied03/ros2_ws/install/px4_msgs/include/px4_msgs/px4_msgs/msg/detail/debug_vect__functions.c\n'}
[9.070460] (px4_msgs) StdoutLine: {'line': b'-- Up-to-date: /home/maizaied03/ros2_ws/install/px4_msgs/include/px4_msgs/px4_msgs/msg/detail/vehicle_imu__struct.h\n'}
[9.070598] (px4_msgs) StdoutLine: {'line': b'-- Up-to-date: /home/maizaied03/ros2_ws/install/px4_msgs/include/px4_msgs/px4_msgs/msg/detail/sensor_gyro_fifo__functions.c\n'}
[9.070918] (px4_msgs) StdoutLine: {'line': b'-- Up-to-date: /home/maizaied03/ros2_ws/install/px4_msgs/include/px4_msgs/px4_msgs/msg/detail/differential_pressure__functions.c\n'}
[9.070998] (px4_msgs) StdoutLine: {'line': b'-- Up-to-date: /home/maizaied03/ros2_ws/install/px4_msgs/include/px4_msgs/px4_msgs/msg/detail/vehicle_land_detected__struct.h\n'}
[9.071061] (px4_msgs) StdoutLine: {'line': b'-- Up-to-date: /home/maizaied03/ros2_ws/install/px4_msgs/include/px4_msgs/px4_msgs/msg/detail/rpm__struct.h\n'}
[9.071121] (px4_msgs) StdoutLine: {'line': b'-- Up-to-date: /home/maizaied03/ros2_ws/install/px4_msgs/include/px4_msgs/px4_msgs/msg/detail/trajectory_setpoint6dof__type_support.h\n'}
[9.071230] (px4_msgs) StdoutLine: {'line': b'-- Up-to-date: /home/maizaied03/ros2_ws/install/px4_msgs/include/px4_msgs/px4_msgs/msg/detail/differential_pressure__type_support.h\n'}
[9.071309] (px4_msgs) StdoutLine: {'line': b'-- Up-to-date: /home/maizaied03/ros2_ws/install/px4_msgs/include/px4_msgs/px4_msgs/msg/detail/message_format_request__type_support.h\n'}
[9.071387] (px4_msgs) StdoutLine: {'line': b'-- Up-to-date: /home/maizaied03/ros2_ws/install/px4_msgs/include/px4_msgs/px4_msgs/msg/detail/debug_key_value__functions.h\n'}
[9.071464] (px4_msgs) StdoutLine: {'line': b'-- Up-to-date: /home/maizaied03/ros2_ws/install/px4_msgs/include/px4_msgs/px4_msgs/msg/detail/gpio_out__functions.c\n'}
[9.071527] (px4_msgs) StdoutLine: {'line': b'-- Up-to-date: /home/maizaied03/ros2_ws/install/px4_msgs/include/px4_msgs/px4_msgs/msg/detail/actuator_servos__functions.c\n'}
[9.071706] (px4_msgs) StdoutLine: {'line': b'-- Up-to-date: /home/maizaied03/ros2_ws/install/px4_msgs/include/px4_msgs/px4_msgs/msg/detail/fixed_wing_longitudinal_setpoint__struct.h\n'}
[9.071803] (px4_msgs) StdoutLine: {'line': b'-- Up-to-date: /home/maizaied03/ros2_ws/install/px4_msgs/include/px4_msgs/px4_msgs/msg/detail/sensor_hygrometer__struct.h\n'}
[9.071899] (px4_msgs) StdoutLine: {'line': b'-- Up-to-date: /home/maizaied03/ros2_ws/install/px4_msgs/include/px4_msgs/px4_msgs/msg/detail/mount_orientation__type_support.h\n'}
[9.071966] (px4_msgs) StdoutLine: {'line': b'-- Up-to-date: /home/maizaied03/ros2_ws/install/px4_msgs/include/px4_msgs/px4_msgs/msg/detail/magnetometer_bias_estimate__struct.h\n'}
[9.072030] (px4_msgs) StdoutLine: {'line': b'-- Up-to-date: /home/maizaied03/ros2_ws/install/px4_msgs/include/px4_msgs/px4_msgs/msg/detail/gain_compression__functions.h\n'}
[9.072107] (px4_msgs) StdoutLine: {'line': b'-- Up-to-date: /home/maizaied03/ros2_ws/install/px4_msgs/include/px4_msgs/px4_msgs/msg/detail/led_control__functions.h\n'}
[9.072173] (px4_msgs) StdoutLine: {'line': b'-- Up-to-date: /home/maizaied03/ros2_ws/install/px4_msgs/include/px4_msgs/px4_msgs/msg/detail/estimator_bias__struct.h\n'}
[9.072272] (px4_msgs) StdoutLine: {'line': b'-- Up-to-date: /home/maizaied03/ros2_ws/install/px4_msgs/include/px4_msgs/px4_msgs/msg/detail/tiltrotor_extra_controls__functions.c\n'}
[9.072337] (px4_msgs) StdoutLine: {'line': b'-- Up-to-date: /home/maizaied03/ros2_ws/install/px4_msgs/include/px4_msgs/px4_msgs/msg/detail/rpm__type_support.h\n'}
[9.072402] (px4_msgs) StdoutLine: {'line': b'-- Up-to-date: /home/maizaied03/ros2_ws/install/px4_msgs/include/px4_msgs/px4_msgs/msg/detail/log_message__struct.h\n'}
[9.072465] (px4_msgs) StdoutLine: {'line': b'-- Up-to-date: /home/maizaied03/ros2_ws/install/px4_msgs/include/px4_msgs/px4_msgs/msg/detail/estimator_event_flags__functions.c\n'}
[9.072661] (px4_msgs) StdoutLine: {'line': b'-- Up-to-date: /home/maizaied03/ros2_ws/install/px4_msgs/include/px4_msgs/px4_msgs/msg/detail/orb_test_medium__functions.c\n'}
[9.072744] (px4_msgs) StdoutLine: {'line': b'-- Up-to-date: /home/maizaied03/ros2_ws/install/px4_msgs/include/px4_msgs/px4_msgs/msg/detail/landing_target_pose__functions.h\n'}
[9.072813] (px4_msgs) StdoutLine: {'line': b'-- Up-to-date: /home/maizaied03/ros2_ws/install/px4_msgs/include/px4_msgs/px4_msgs/msg/detail/fixed_wing_longitudinal_setpoint__type_support.h\n'}
[9.072920] (px4_msgs) StdoutLine: {'line': b'-- Up-to-date: /home/maizaied03/ros2_ws/install/px4_msgs/include/px4_msgs/px4_msgs/msg/detail/launch_detection_status__type_support.h\n'}
[9.072988] (px4_msgs) StdoutLine: {'line': b'-- Up-to-date: /home/maizaied03/ros2_ws/install/px4_msgs/include/px4_msgs/px4_msgs/msg/detail/button_event__struct.h\n'}
[9.073054] (px4_msgs) StdoutLine: {'line': b'-- Up-to-date: /home/maizaied03/ros2_ws/install/px4_msgs/include/px4_msgs/px4_msgs/msg/detail/gimbal_device_information__struct.h\n'}
[9.073121] (px4_msgs) StdoutLine: {'line': b'-- Up-to-date: /home/maizaied03/ros2_ws/install/px4_msgs/include/px4_msgs/px4_msgs/msg/detail/pure_pursuit_status__functions.c\n'}
[9.073187] (px4_msgs) StdoutLine: {'line': b'-- Up-to-date: /home/maizaied03/ros2_ws/install/px4_msgs/include/px4_msgs/px4_msgs/msg/detail/actuator_servos__type_support.h\n'}
[9.073252] (px4_msgs) StdoutLine: {'line': b'-- Up-to-date: /home/maizaied03/ros2_ws/install/px4_msgs/include/px4_msgs/px4_msgs/msg/detail/vehicle_local_position_setpoint__struct.h\n'}
[9.073318] (px4_msgs) StdoutLine: {'line': b'-- Up-to-date: /home/maizaied03/ros2_ws/install/px4_msgs/include/px4_msgs/px4_msgs/msg/detail/failure_detector_status__struct.h\n'}
[9.073398] (px4_msgs) StdoutLine: {'line': b'-- Up-to-date: /home/maizaied03/ros2_ws/install/px4_msgs/include/px4_msgs/px4_msgs/msg/detail/sensor_temp__type_support.h\n'}
[9.073467] (px4_msgs) StdoutLine: {'line': b'-- Up-to-date: /home/maizaied03/ros2_ws/install/px4_msgs/include/px4_msgs/px4_msgs/msg/detail/heater_status__type_support.h\n'}
[9.073638] (px4_msgs) StdoutLine: {'line': b'-- Up-to-date: /home/maizaied03/ros2_ws/install/px4_msgs/include/px4_msgs/px4_msgs/msg/detail/failure_detector_status__type_support.h\n'}
[9.073704] (px4_msgs) StdoutLine: {'line': b'-- Up-to-date: /home/maizaied03/ros2_ws/install/px4_msgs/include/px4_msgs/px4_msgs/msg/detail/orb_test_medium__type_support.h\n'}
[9.073770] (px4_msgs) StdoutLine: {'line': b'-- Up-to-date: /home/maizaied03/ros2_ws/install/px4_msgs/include/px4_msgs/px4_msgs/msg/detail/sensor_gyro_fft__functions.h\n'}
[9.073833] (px4_msgs) StdoutLine: {'line': b'-- Up-to-date: /home/maizaied03/ros2_ws/install/px4_msgs/include/px4_msgs/px4_msgs/msg/detail/rate_ctrl_status__functions.c\n'}
[9.073897] (px4_msgs) StdoutLine: {'line': b'-- Up-to-date: /home/maizaied03/ros2_ws/install/px4_msgs/include/px4_msgs/px4_msgs/msg/detail/pwm_input__functions.c\n'}
[9.073960] (px4_msgs) StdoutLine: {'line': b'-- Up-to-date: /home/maizaied03/ros2_ws/install/px4_msgs/include/px4_msgs/px4_msgs/msg/detail/figure_eight_status__type_support.h\n'}
[9.074024] (px4_msgs) StdoutLine: {'line': b'-- Up-to-date: /home/maizaied03/ros2_ws/install/px4_msgs/include/px4_msgs/px4_msgs/msg/detail/uavcan_parameter_request__functions.h\n'}
[9.074088] (px4_msgs) StdoutLine: {'line': b'-- Up-to-date: /home/maizaied03/ros2_ws/install/px4_msgs/include/px4_msgs/px4_msgs/msg/detail/magnetometer_bias_estimate__functions.h\n'}
[9.074152] (px4_msgs) StdoutLine: {'line': b'-- Up-to-date: /home/maizaied03/ros2_ws/install/px4_msgs/include/px4_msgs/px4_msgs/msg/detail/gpio_request__functions.h\n'}
[9.074215] (px4_msgs) StdoutLine: {'line': b'-- Up-to-date: /home/maizaied03/ros2_ws/install/px4_msgs/include/px4_msgs/px4_msgs/msg/detail/esc_status__functions.h\n'}
[9.074308] (px4_msgs) StdoutLine: {'line': b'-- Up-to-date: /home/maizaied03/ros2_ws/install/px4_msgs/include/px4_msgs/px4_msgs/msg/detail/sensor_accel__functions.c\n'}
[9.074368] (px4_msgs) StdoutLine: {'line': b'-- Up-to-date: /home/maizaied03/ros2_ws/install/px4_msgs/include/px4_msgs/px4_msgs/msg/detail/vehicle_status__functions.h\n'}
[9.074440] (px4_msgs) StdoutLine: {'line': b'-- Up-to-date: /home/maizaied03/ros2_ws/install/px4_msgs/include/px4_msgs/px4_msgs/msg/detail/fixed_wing_lateral_setpoint__struct.h\n'}
[9.074496] (px4_msgs) StdoutLine: {'line': b'-- Up-to-date: /home/maizaied03/ros2_ws/install/px4_msgs/include/px4_msgs/px4_msgs/msg/detail/fixed_wing_runway_control__functions.h\n'}
[9.074551] (px4_msgs) StdoutLine: {'line': b'-- Up-to-date: /home/maizaied03/ros2_ws/install/px4_msgs/include/px4_msgs/px4_msgs/msg/detail/vehicle_command__functions.h\n'}
[9.074619] (px4_msgs) StdoutLine: {'line': b'-- Up-to-date: /home/maizaied03/ros2_ws/install/px4_msgs/include/px4_msgs/px4_msgs/msg/detail/battery_info__functions.c\n'}
[9.074686] (px4_msgs) StdoutLine: {'line': b'-- Up-to-date: /home/maizaied03/ros2_ws/install/px4_msgs/include/px4_msgs/px4_msgs/msg/detail/gimbal_manager_set_manual_control__functions.c\n'}
[9.074749] (px4_msgs) StdoutLine: {'line': b'-- Up-to-date: /home/maizaied03/ros2_ws/install/px4_msgs/include/px4_msgs/px4_msgs/msg/detail/vehicle_thrust_setpoint__functions.h\n'}
[9.074809] (px4_msgs) StdoutLine: {'line': b'-- Up-to-date: /home/maizaied03/ros2_ws/install/px4_msgs/include/px4_msgs/px4_msgs/msg/detail/vehicle_magnetometer__functions.h\n'}
[9.074868] (px4_msgs) StdoutLine: {'line': b'-- Up-to-date: /home/maizaied03/ros2_ws/install/px4_msgs/include/px4_msgs/px4_msgs/msg/detail/debug_value__functions.c\n'}
[9.074957] (px4_msgs) StdoutLine: {'line': b'-- Up-to-date: /home/maizaied03/ros2_ws/install/px4_msgs/include/px4_msgs/px4_msgs/msg/detail/follow_target_status__functions.c\n'}
[9.075017] (px4_msgs) StdoutLine: {'line': b'-- Up-to-date: /home/maizaied03/ros2_ws/install/px4_msgs/include/px4_msgs/px4_msgs/msg/detail/gimbal_device_information__functions.c\n'}
[9.075078] (px4_msgs) StdoutLine: {'line': b'-- Up-to-date: /home/maizaied03/ros2_ws/install/px4_msgs/include/px4_msgs/px4_msgs/msg/detail/qshell_req__type_support.h\n'}
[9.075137] (px4_msgs) StdoutLine: {'line': b'-- Up-to-date: /home/maizaied03/ros2_ws/install/px4_msgs/include/px4_msgs/px4_msgs/msg/detail/parameter_update__functions.h\n'}
[9.075198] (px4_msgs) StdoutLine: {'line': b'-- Up-to-date: /home/maizaied03/ros2_ws/install/px4_msgs/include/px4_msgs/px4_msgs/msg/detail/mode_completed__functions.c\n'}
[9.075262] (px4_msgs) StdoutLine: {'line': b'-- Up-to-date: /home/maizaied03/ros2_ws/install/px4_msgs/include/px4_msgs/px4_msgs/msg/detail/rover_speed_status__type_support.h\n'}
[9.075321] (px4_msgs) StdoutLine: {'line': b'-- Up-to-date: /home/maizaied03/ros2_ws/install/px4_msgs/include/px4_msgs/px4_msgs/msg/detail/dataman_response__functions.h\n'}
[9.075380] (px4_msgs) StdoutLine: {'line': b'-- Up-to-date: /home/maizaied03/ros2_ws/install/px4_msgs/include/px4_msgs/px4_msgs/msg/detail/vehicle_odometry__functions.h\n'}
[9.075459] (px4_msgs) StdoutLine: {'line': b'-- Up-to-date: /home/maizaied03/ros2_ws/install/px4_msgs/include/px4_msgs/px4_msgs/msg/detail/vtx__functions.h\n'}
[9.075559] (px4_msgs) StdoutLine: {'line': b'-- Up-to-date: /home/maizaied03/ros2_ws/install/px4_msgs/include/px4_msgs/px4_msgs/msg/detail/gps_dump__type_support.h\n'}
[9.075655] (px4_msgs) StdoutLine: {'line': b'-- Up-to-date: /home/maizaied03/ros2_ws/install/px4_msgs/include/px4_msgs/px4_msgs/msg/detail/dronecan_node_status__functions.c\n'}
[9.075745] (px4_msgs) StdoutLine: {'line': b'-- Up-to-date: /home/maizaied03/ros2_ws/install/px4_msgs/include/px4_msgs/px4_msgs/msg/detail/gimbal_device_attitude_status__struct.h\n'}
[9.075821] (px4_msgs) StdoutLine: {'line': b'-- Up-to-date: /home/maizaied03/ros2_ws/install/px4_msgs/include/px4_msgs/px4_msgs/msg/detail/button_event__functions.c\n'}
[9.075880] (px4_msgs) StdoutLine: {'line': b'-- Up-to-date: /home/maizaied03/ros2_ws/install/px4_msgs/include/px4_msgs/px4_msgs/msg/detail/actuator_servos_trim__struct.h\n'}
[9.075940] (px4_msgs) StdoutLine: {'line': b'-- Up-to-date: /home/maizaied03/ros2_ws/install/px4_msgs/include/px4_msgs/px4_msgs/msg/detail/arming_check_request__functions.h\n'}
[9.075999] (px4_msgs) StdoutLine: {'line': b'-- Up-to-date: /home/maizaied03/ros2_ws/install/px4_msgs/include/px4_msgs/px4_msgs/msg/detail/device_information__type_support.h\n'}
[9.076060] (px4_msgs) StdoutLine: {'line': b'-- Up-to-date: /home/maizaied03/ros2_ws/install/px4_msgs/include/px4_msgs/px4_msgs/msg/detail/manual_control_setpoint__struct.h\n'}
[9.076120] (px4_msgs) StdoutLine: {'line': b'-- Up-to-date: /home/maizaied03/ros2_ws/install/px4_msgs/include/px4_msgs/px4_msgs/msg/detail/vehicle_land_detected__functions.h\n'}
[9.076181] (px4_msgs) StdoutLine: {'line': b'-- Up-to-date: /home/maizaied03/ros2_ws/install/px4_msgs/include/px4_msgs/px4_msgs/msg/detail/fixed_wing_runway_control__struct.h\n'}
[9.076239] (px4_msgs) StdoutLine: {'line': b'-- Up-to-date: /home/maizaied03/ros2_ws/install/px4_msgs/include/px4_msgs/px4_msgs/msg/detail/mavlink_tunnel__functions.c\n'}
[9.076298] (px4_msgs) StdoutLine: {'line': b'-- Up-to-date: /home/maizaied03/ros2_ws/install/px4_msgs/include/px4_msgs/px4_msgs/msg/detail/open_drone_id_system__functions.h\n'}
[9.076358] (px4_msgs) StdoutLine: {'line': b'-- Up-to-date: /home/maizaied03/ros2_ws/install/px4_msgs/include/px4_msgs/px4_msgs/msg/detail/vehicle_local_position_setpoint__functions.c\n'}
[9.076418] (px4_msgs) StdoutLine: {'line': b'-- Up-to-date: /home/maizaied03/ros2_ws/install/px4_msgs/include/px4_msgs/px4_msgs/msg/detail/gimbal_device_information__type_support.h\n'}
[9.076478] (px4_msgs) StdoutLine: {'line': b'-- Up-to-date: /home/maizaied03/ros2_ws/install/px4_msgs/include/px4_msgs/px4_msgs/msg/detail/actuator_controls_status__struct.h\n'}
[9.076538] (px4_msgs) StdoutLine: {'line': b'-- Up-to-date: /home/maizaied03/ros2_ws/install/px4_msgs/include/px4_msgs/px4_msgs/msg/detail/adc_report__functions.h\n'}
[9.076600] (px4_msgs) StdoutLine: {'line': b'-- Up-to-date: /home/maizaied03/ros2_ws/install/px4_msgs/include/px4_msgs/px4_msgs/msg/detail/power_button_state__functions.h\n'}
[9.076838] (px4_msgs) StdoutLine: {'line': b'-- Up-to-date: /home/maizaied03/ros2_ws/install/px4_msgs/include/px4_msgs/px4_msgs/msg/detail/camera_trigger__type_support.h\n'}
[9.076924] (px4_msgs) StdoutLine: {'line': b'-- Up-to-date: /home/maizaied03/ros2_ws/install/px4_msgs/include/px4_msgs/px4_msgs/msg/detail/autotune_attitude_control_status__type_support.h\n'}
[9.077044] (px4_msgs) StdoutLine: {'line': b'-- Up-to-date: /home/maizaied03/ros2_ws/install/px4_msgs/include/px4_msgs/px4_msgs/msg/detail/vehicle_local_position_setpoint__functions.h\n'}
[9.077124] (px4_msgs) StdoutLine: {'line': b'-- Up-to-date: /home/maizaied03/ros2_ws/install/px4_msgs/include/px4_msgs/px4_msgs/msg/detail/raptor_status__struct.h\n'}
[9.077202] (px4_msgs) StdoutLine: {'line': b'-- Up-to-date: /home/maizaied03/ros2_ws/install/px4_msgs/include/px4_msgs/px4_msgs/msg/detail/gimbal_manager_status__struct.h\n'}
[9.077281] (px4_msgs) StdoutLine: {'line': b'-- Up-to-date: /home/maizaied03/ros2_ws/install/px4_msgs/include/px4_msgs/px4_msgs/msg/detail/parameter_reset_request__struct.h\n'}
[9.077437] (px4_msgs) StdoutLine: {'line': b'-- Up-to-date: /home/maizaied03/ros2_ws/install/px4_msgs/include/px4_msgs/px4_msgs/msg/detail/control_allocator_status__struct.h\n'}
[9.077520] (px4_msgs) StdoutLine: {'line': b'-- Up-to-date: /home/maizaied03/ros2_ws/install/px4_msgs/include/px4_msgs/px4_msgs/msg/detail/open_drone_id_self_id__type_support.h\n'}
[9.077609] (px4_msgs) StdoutLine: {'line': b'-- Up-to-date: /home/maizaied03/ros2_ws/install/px4_msgs/include/px4_msgs/px4_msgs/msg/detail/offboard_control_mode__functions.c\n'}
[9.077780] (px4_msgs) StdoutLine: {'line': b'-- Up-to-date: /home/maizaied03/ros2_ws/install/px4_msgs/include/px4_msgs/px4_msgs/msg/detail/orbit_status__type_support.h\n'}
[9.077864] (px4_msgs) StdoutLine: {'line': b'-- Up-to-date: /home/maizaied03/ros2_ws/install/px4_msgs/include/px4_msgs/px4_msgs/msg/detail/sensor_gyro__functions.c\n'}
[9.077943] (px4_msgs) StdoutLine: {'line': b'-- Up-to-date: /home/maizaied03/ros2_ws/install/px4_msgs/include/px4_msgs/px4_msgs/msg/detail/qshell_retval__functions.c\n'}
[9.078037] (px4_msgs) StdoutLine: {'line': b'-- Up-to-date: /home/maizaied03/ros2_ws/install/px4_msgs/include/px4_msgs/px4_msgs/msg/detail/sensor_baro__functions.h\n'}
[9.078118] (px4_msgs) StdoutLine: {'line': b'-- Up-to-date: /home/maizaied03/ros2_ws/install/px4_msgs/include/px4_msgs/px4_msgs/msg/detail/estimator_aid_source1d__struct.h\n'}
[9.078197] (px4_msgs) StdoutLine: {'line': b'-- Up-to-date: /home/maizaied03/ros2_ws/install/px4_msgs/include/px4_msgs/px4_msgs/msg/detail/px4io_status__functions.c\n'}
[9.078351] (px4_msgs) StdoutLine: {'line': b'-- Up-to-date: /home/maizaied03/ros2_ws/install/px4_msgs/include/px4_msgs/px4_msgs/msg/detail/rover_attitude_setpoint__functions.h\n'}
[9.078429] (px4_msgs) StdoutLine: {'line': b'-- Up-to-date: /home/maizaied03/ros2_ws/install/px4_msgs/include/px4_msgs/px4_msgs/msg/detail/airspeed_validated__type_support.h\n'}
[9.078507] (px4_msgs) StdoutLine: {'line': b'-- Up-to-date: /home/maizaied03/ros2_ws/install/px4_msgs/include/px4_msgs/px4_msgs/msg/detail/led_control__functions.c\n'}
[9.078595] (px4_msgs) StdoutLine: {'line': b'-- Up-to-date: /home/maizaied03/ros2_ws/install/px4_msgs/include/px4_msgs/px4_msgs/msg/detail/landing_gear__functions.c\n'}
[9.078734] (px4_msgs) StdoutLine: {'line': b'-- Up-to-date: /home/maizaied03/ros2_ws/install/px4_msgs/include/px4_msgs/px4_msgs/msg/detail/gripper__functions.c\n'}
[9.078798] (px4_msgs) StdoutLine: {'line': b'-- Up-to-date: /home/maizaied03/ros2_ws/install/px4_msgs/include/px4_msgs/px4_msgs/msg/detail/gpio_config__type_support.h\n'}
[9.078858] (px4_msgs) StdoutLine: {'line': b'-- Up-to-date: /home/maizaied03/ros2_ws/install/px4_msgs/include/px4_msgs/px4_msgs/msg/detail/radio_status__type_support.h\n'}
[9.078917] (px4_msgs) StdoutLine: {'line': b'-- Up-to-date: /home/maizaied03/ros2_ws/install/px4_msgs/include/px4_msgs/px4_msgs/msg/detail/actuator_test__struct.h\n'}
[9.078978] (px4_msgs) StdoutLine: {'line': b'-- Up-to-date: /home/maizaied03/ros2_ws/install/px4_msgs/include/px4_msgs/px4_msgs/msg/detail/geofence_status__functions.h\n'}
[9.079037] (px4_msgs) StdoutLine: {'line': b'-- Up-to-date: /home/maizaied03/ros2_ws/install/px4_msgs/include/px4_msgs/px4_msgs/msg/detail/power_monitor__functions.c\n'}
[9.079109] (px4_msgs) StdoutLine: {'line': b'-- Up-to-date: /home/maizaied03/ros2_ws/install/px4_msgs/include/px4_msgs/px4_msgs/msg/detail/fuel_tank_status__functions.h\n'}
[9.079170] (px4_msgs) StdoutLine: {'line': b'-- Up-to-date: /home/maizaied03/ros2_ws/install/px4_msgs/include/px4_msgs/px4_msgs/msg/detail/vehicle_torque_setpoint__type_support.h\n'}
[9.079230] (px4_msgs) StdoutLine: {'line': b'-- Up-to-date: /home/maizaied03/ros2_ws/install/px4_msgs/include/px4_msgs/px4_msgs/msg/detail/manual_control_switches__type_support.h\n'}
[9.079291] (px4_msgs) StdoutLine: {'line': b'-- Up-to-date: /home/maizaied03/ros2_ws/install/px4_msgs/include/px4_msgs/px4_msgs/msg/detail/open_drone_id_system__type_support.h\n'}
[9.079350] (px4_msgs) StdoutLine: {'line': b'-- Up-to-date: /home/maizaied03/ros2_ws/install/px4_msgs/include/px4_msgs/px4_msgs/msg/detail/estimator_status__functions.h\n'}
[9.079409] (px4_msgs) StdoutLine: {'line': b'-- Up-to-date: /home/maizaied03/ros2_ws/install/px4_msgs/include/px4_msgs/px4_msgs/msg/detail/ulog_stream_ack__struct.h\n'}
[9.079467] (px4_msgs) StdoutLine: {'line': b'-- Up-to-date: /home/maizaied03/ros2_ws/install/px4_msgs/include/px4_msgs/px4_msgs/msg/detail/mag_worker_data__functions.c\n'}
[9.079527] (px4_msgs) StdoutLine: {'line': b'-- Up-to-date: /home/maizaied03/ros2_ws/install/px4_msgs/include/px4_msgs/px4_msgs/msg/detail/rover_speed_status__struct.h\n'}
[9.079587] (px4_msgs) StdoutLine: {'line': b'-- Up-to-date: /home/maizaied03/ros2_ws/install/px4_msgs/include/px4_msgs/px4_msgs/msg/detail/cellular_status__struct.h\n'}
[9.079742] (px4_msgs) StdoutLine: {'line': b'-- Up-to-date: /home/maizaied03/ros2_ws/install/px4_msgs/include/px4_msgs/px4_msgs/msg/detail/open_drone_id_arm_status__functions.c\n'}
[9.079804] (px4_msgs) StdoutLine: {'line': b'-- Up-to-date: /home/maizaied03/ros2_ws/install/px4_msgs/include/px4_msgs/px4_msgs/msg/detail/rover_rate_status__struct.h\n'}
[9.079862] (px4_msgs) StdoutLine: {'line': b'-- Up-to-date: /home/maizaied03/ros2_ws/install/px4_msgs/include/px4_msgs/px4_msgs/msg/detail/rc_parameter_map__struct.h\n'}
[9.079922] (px4_msgs) StdoutLine: {'line': b'-- Up-to-date: /home/maizaied03/ros2_ws/install/px4_msgs/include/px4_msgs/px4_msgs/msg/detail/vehicle_land_detected__type_support.h\n'}
[9.079981] (px4_msgs) StdoutLine: {'line': b'-- Up-to-date: /home/maizaied03/ros2_ws/install/px4_msgs/include/px4_msgs/px4_msgs/msg/detail/distance_sensor_mode_change_request__type_support.h\n'}
[9.080156] (px4_msgs) StdoutLine: {'line': b'-- Up-to-date: /home/maizaied03/ros2_ws/install/px4_msgs/include/px4_msgs/px4_msgs/msg/detail/failsafe_flags__functions.c\n'}
[9.080221] (px4_msgs) StdoutLine: {'line': b'-- Up-to-date: /home/maizaied03/ros2_ws/install/px4_msgs/include/px4_msgs/px4_msgs/msg/detail/vehicle_angular_acceleration_setpoint__struct.h\n'}
[9.080282] (px4_msgs) StdoutLine: {'line': b'-- Up-to-date: /home/maizaied03/ros2_ws/install/px4_msgs/include/px4_msgs/px4_msgs/msg/detail/battery_info__functions.h\n'}
[9.080340] (px4_msgs) StdoutLine: {'line': b'-- Up-to-date: /home/maizaied03/ros2_ws/install/px4_msgs/include/px4_msgs/px4_msgs/msg/detail/gripper__functions.h\n'}
[9.080413] (px4_msgs) StdoutLine: {'line': b'-- Up-to-date: /home/maizaied03/ros2_ws/install/px4_msgs/include/px4_msgs/px4_msgs/msg/detail/vehicle_roi__struct.h\n'}
[9.080475] (px4_msgs) StdoutLine: {'line': b'-- Up-to-date: /home/maizaied03/ros2_ws/install/px4_msgs/include/px4_msgs/px4_msgs/msg/detail/internal_combustion_engine_status__functions.c\n'}
[9.080535] (px4_msgs) StdoutLine: {'line': b'-- Up-to-date: /home/maizaied03/ros2_ws/install/px4_msgs/include/px4_msgs/px4_msgs/msg/detail/vtol_vehicle_status__functions.c\n'}
[9.080597] (px4_msgs) StdoutLine: {'line': b'-- Up-to-date: /home/maizaied03/ros2_ws/install/px4_msgs/include/px4_msgs/px4_msgs/msg/detail/power_button_state__type_support.h\n'}
[9.080762] (px4_msgs) StdoutLine: {'line': b'-- Up-to-date: /home/maizaied03/ros2_ws/install/px4_msgs/include/px4_msgs/px4_msgs/msg/detail/vehicle_roi__functions.c\n'}
[9.080825] (px4_msgs) StdoutLine: {'line': b'-- Up-to-date: /home/maizaied03/ros2_ws/install/px4_msgs/include/px4_msgs/px4_msgs/msg/detail/actuator_servos_trim__functions.c\n'}
[9.080884] (px4_msgs) StdoutLine: {'line': b'-- Up-to-date: /home/maizaied03/ros2_ws/install/px4_msgs/include/px4_msgs/px4_msgs/msg/detail/ping__struct.h\n'}
[9.080987] (px4_msgs) StdoutLine: {'line': b'-- Up-to-date: /home/maizaied03/ros2_ws/install/px4_msgs/include/px4_msgs/px4_msgs/msg/detail/telemetry_status__type_support.h\n'}
[9.081043] (px4_msgs) StdoutLine: {'line': b'-- Up-to-date: /home/maizaied03/ros2_ws/install/px4_msgs/include/px4_msgs/px4_msgs/msg/detail/mag_worker_data__type_support.h\n'}
[9.081099] (px4_msgs) StdoutLine: {'line': b'-- Up-to-date: /home/maizaied03/ros2_ws/install/px4_msgs/include/px4_msgs/px4_msgs/msg/detail/ekf2_timestamps__struct.h\n'}
[9.081156] (px4_msgs) StdoutLine: {'line': b'-- Up-to-date: /home/maizaied03/ros2_ws/install/px4_msgs/include/px4_msgs/px4_msgs/msg/detail/vehicle_control_mode__functions.h\n'}
[9.081211] (px4_msgs) StdoutLine: {'line': b'-- Up-to-date: /home/maizaied03/ros2_ws/install/px4_msgs/include/px4_msgs/px4_msgs/msg/detail/internal_combustion_engine_status__type_support.h\n'}
[9.081276] (px4_msgs) StdoutLine: {'line': b'-- Up-to-date: /home/maizaied03/ros2_ws/install/px4_msgs/include/px4_msgs/px4_msgs/msg/detail/vehicle_constraints__type_support.h\n'}
[9.081341] (px4_msgs) StdoutLine: {'line': b'-- Up-to-date: /home/maizaied03/ros2_ws/install/px4_msgs/include/px4_msgs/px4_msgs/msg/detail/fixed_wing_longitudinal_setpoint__functions.c\n'}
[9.081407] (px4_msgs) StdoutLine: {'line': b'-- Up-to-date: /home/maizaied03/ros2_ws/install/px4_msgs/include/px4_msgs/px4_msgs/msg/detail/parameter_update__functions.c\n'}
[9.081470] (px4_msgs) StdoutLine: {'line': b'-- Up-to-date: /home/maizaied03/ros2_ws/install/px4_msgs/include/px4_msgs/px4_msgs/msg/detail/failure_detector_status__functions.h\n'}
[9.081535] (px4_msgs) StdoutLine: {'line': b'-- Up-to-date: /home/maizaied03/ros2_ws/install/px4_msgs/include/px4_msgs/px4_msgs/msg/detail/vehicle_magnetometer__struct.h\n'}
[9.081604] (px4_msgs) StdoutLine: {'line': b'-- Up-to-date: /home/maizaied03/ros2_ws/install/px4_msgs/include/px4_msgs/px4_msgs/msg/detail/mavlink_log__functions.c\n'}
[9.081762] (px4_msgs) StdoutLine: {'line': b'-- Up-to-date: /home/maizaied03/ros2_ws/install/px4_msgs/include/px4_msgs/px4_msgs/msg/detail/dataman_request__struct.h\n'}
[9.081849] (px4_msgs) StdoutLine: {'line': b'-- Up-to-date: /home/maizaied03/ros2_ws/install/px4_msgs/include/px4_msgs/px4_msgs/msg/detail/flight_phase_estimation__functions.h\n'}
[9.081914] (px4_msgs) StdoutLine: {'line': b'-- Up-to-date: /home/maizaied03/ros2_ws/install/px4_msgs/include/px4_msgs/px4_msgs/msg/detail/actuator_controls_status__functions.h\n'}
[9.081979] (px4_msgs) StdoutLine: {'line': b'-- Up-to-date: /home/maizaied03/ros2_ws/install/px4_msgs/include/px4_msgs/px4_msgs/msg/detail/vehicle_attitude__struct.h\n'}
[9.082040] (px4_msgs) StdoutLine: {'line': b'-- Up-to-date: /home/maizaied03/ros2_ws/install/px4_msgs/include/px4_msgs/px4_msgs/msg/detail/irlock_report__functions.c\n'}
[9.082119] (px4_msgs) StdoutLine: {'line': b'-- Up-to-date: /home/maizaied03/ros2_ws/install/px4_msgs/include/px4_msgs/px4_msgs/msg/detail/register_ext_component_request__functions.h\n'}
[9.082181] (px4_msgs) StdoutLine: {'line': b'-- Up-to-date: /home/maizaied03/ros2_ws/install/px4_msgs/include/px4_msgs/px4_msgs/msg/detail/camera_capture__type_support.h\n'}
[9.082242] (px4_msgs) StdoutLine: {'line': b'-- Up-to-date: /home/maizaied03/ros2_ws/install/px4_msgs/include/px4_msgs/px4_msgs/msg/detail/wheel_encoders__functions.h\n'}
[9.082301] (px4_msgs) StdoutLine: {'line': b'-- Up-to-date: /home/maizaied03/ros2_ws/install/px4_msgs/include/px4_msgs/px4_msgs/msg/detail/heater_status__functions.h\n'}
[9.082362] (px4_msgs) StdoutLine: {'line': b'-- Up-to-date: /home/maizaied03/ros2_ws/install/px4_msgs/include/px4_msgs/px4_msgs/msg/detail/vehicle_land_detected__functions.c\n'}
[9.082571] (px4_msgs) StdoutLine: {'line': b'-- Up-to-date: /home/maizaied03/ros2_ws/install/px4_msgs/include/px4_msgs/px4_msgs/msg/detail/rover_steering_setpoint__struct.h\n'}
[9.082697] (px4_msgs) StdoutLine: {'line': b'-- Up-to-date: /home/maizaied03/ros2_ws/install/px4_msgs/include/px4_msgs/px4_msgs/msg/detail/mission__functions.c\n'}
[9.082799] (px4_msgs) StdoutLine: {'line': b'-- Up-to-date: /home/maizaied03/ros2_ws/install/px4_msgs/include/px4_msgs/px4_msgs/msg/detail/debug_vect__struct.h\n'}
[9.082864] (px4_msgs) StdoutLine: {'line': b'-- Up-to-date: /home/maizaied03/ros2_ws/install/px4_msgs/include/px4_msgs/px4_msgs/msg/detail/gimbal_manager_status__functions.c\n'}
[9.082927] (px4_msgs) StdoutLine: {'line': b'-- Up-to-date: /home/maizaied03/ros2_ws/install/px4_msgs/include/px4_msgs/px4_msgs/msg/detail/rover_speed_setpoint__functions.h\n'}
[9.082996] (px4_msgs) StdoutLine: {'line': b'-- Up-to-date: /home/maizaied03/ros2_ws/install/px4_msgs/include/px4_msgs/px4_msgs/msg/detail/distance_sensor__struct.h\n'}
[9.083068] (px4_msgs) StdoutLine: {'line': b'-- Up-to-date: /home/maizaied03/ros2_ws/install/px4_msgs/include/px4_msgs/px4_msgs/msg/detail/manual_control_setpoint__functions.c\n'}
[9.083144] (px4_msgs) StdoutLine: {'line': b'-- Up-to-date: /home/maizaied03/ros2_ws/install/px4_msgs/include/px4_msgs/px4_msgs/msg/detail/gimbal_manager_information__struct.h\n'}
[9.083217] (px4_msgs) StdoutLine: {'line': b'-- Up-to-date: /home/maizaied03/ros2_ws/install/px4_msgs/include/px4_msgs/px4_msgs/msg/detail/parameter_set_used_request__type_support.h\n'}
[9.083318] (px4_msgs) StdoutLine: {'line': b'-- Up-to-date: /home/maizaied03/ros2_ws/install/px4_msgs/include/px4_msgs/px4_msgs/msg/detail/navigator_mission_item__type_support.h\n'}
[9.083490] (px4_msgs) StdoutLine: {'line': b'-- Up-to-date: /home/maizaied03/ros2_ws/install/px4_msgs/include/px4_msgs/px4_msgs/msg/detail/open_drone_id_self_id__functions.h\n'}
[9.083610] (px4_msgs) StdoutLine: {'line': b'-- Up-to-date: /home/maizaied03/ros2_ws/install/px4_msgs/include/px4_msgs/px4_msgs/msg/detail/rover_attitude_setpoint__struct.h\n'}
[9.083744] (px4_msgs) StdoutLine: {'line': b'-- Up-to-date: /home/maizaied03/ros2_ws/install/px4_msgs/include/px4_msgs/px4_msgs/msg/detail/mission_result__functions.h\n'}
[9.083820] (px4_msgs) StdoutLine: {'line': b'-- Up-to-date: /home/maizaied03/ros2_ws/install/px4_msgs/include/px4_msgs/px4_msgs/msg/detail/message_format_request__struct.h\n'}
[9.083885] (px4_msgs) StdoutLine: {'line': b'-- Up-to-date: /home/maizaied03/ros2_ws/install/px4_msgs/include/px4_msgs/px4_msgs/msg/detail/config_overrides__functions.c\n'}
[9.084013] (px4_msgs) StdoutLine: {'line': b'-- Up-to-date: /home/maizaied03/ros2_ws/install/px4_msgs/include/px4_msgs/px4_msgs/msg/detail/cellular_status__functions.h\n'}
[9.084081] (px4_msgs) StdoutLine: {'line': b'-- Up-to-date: /home/maizaied03/ros2_ws/install/px4_msgs/include/px4_msgs/px4_msgs/msg/detail/button_event__type_support.h\n'}
[9.084145] (px4_msgs) StdoutLine: {'line': b'-- Up-to-date: /home/maizaied03/ros2_ws/install/px4_msgs/include/px4_msgs/px4_msgs/msg/detail/normalized_unsigned_setpoint__type_support.h\n'}
[9.084209] (px4_msgs) StdoutLine: {'line': b'-- Up-to-date: /home/maizaied03/ros2_ws/install/px4_msgs/include/px4_msgs/px4_msgs/msg/detail/actuator_armed__struct.h\n'}
[9.084273] (px4_msgs) StdoutLine: {'line': b'-- Up-to-date: /home/maizaied03/ros2_ws/install/px4_msgs/include/px4_msgs/px4_msgs/msg/detail/actuator_outputs__struct.h\n'}
[9.084336] (px4_msgs) StdoutLine: {'line': b'-- Up-to-date: /home/maizaied03/ros2_ws/install/px4_msgs/include/px4_msgs/px4_msgs/msg/detail/camera_status__functions.c\n'}
[9.084399] (px4_msgs) StdoutLine: {'line': b'-- Up-to-date: /home/maizaied03/ros2_ws/install/px4_msgs/include/px4_msgs/px4_msgs/msg/detail/distance_sensor__functions.h\n'}
[9.084464] (px4_msgs) StdoutLine: {'line': b'-- Up-to-date: /home/maizaied03/ros2_ws/install/px4_msgs/include/px4_msgs/px4_msgs/msg/detail/sensor_accel_fifo__struct.h\n'}
[9.084528] (px4_msgs) StdoutLine: {'line': b'-- Up-to-date: /home/maizaied03/ros2_ws/install/px4_msgs/include/px4_msgs/px4_msgs/msg/detail/rover_rate_status__type_support.h\n'}
[9.084728] (px4_msgs) StdoutLine: {'line': b'-- Up-to-date: /home/maizaied03/ros2_ws/install/px4_msgs/include/px4_msgs/px4_msgs/msg/detail/cpuload__struct.h\n'}
[9.084833] (px4_msgs) StdoutLine: {'line': b'-- Up-to-date: /home/maizaied03/ros2_ws/install/px4_msgs/include/px4_msgs/px4_msgs/msg/detail/trajectory_setpoint__struct.h\n'}
[9.084905] (px4_msgs) StdoutLine: {'line': b'-- Up-to-date: /home/maizaied03/ros2_ws/install/px4_msgs/include/px4_msgs/px4_msgs/msg/detail/camera_capture__functions.h\n'}
[9.085278] (px4_msgs) StdoutLine: {'line': b'-- Up-to-date: /home/maizaied03/ros2_ws/install/px4_msgs/include/px4_msgs/px4_msgs/msg/detail/landing_gear_wheel__type_support.h\n'}
[9.085346] (px4_msgs) StdoutLine: {'line': b'-- Up-to-date: /home/maizaied03/ros2_ws/install/px4_msgs/include/px4_msgs/px4_msgs/msg/detail/estimator_aid_source3d__functions.h\n'}
[9.085413] (px4_msgs) StdoutLine: {'line': b'-- Up-to-date: /home/maizaied03/ros2_ws/install/px4_msgs/include/px4_msgs/px4_msgs/msg/detail/airspeed_wind__functions.h\n'}
[9.085476] (px4_msgs) StdoutLine: {'line': b'-- Up-to-date: /home/maizaied03/ros2_ws/install/px4_msgs/include/px4_msgs/px4_msgs/msg/detail/vehicle_optical_flow_vel__functions.c\n'}
[9.085539] (px4_msgs) StdoutLine: {'line': b'-- Up-to-date: /home/maizaied03/ros2_ws/install/px4_msgs/include/px4_msgs/px4_msgs/msg/detail/vehicle_imu_status__functions.c\n'}
[9.085604] (px4_msgs) StdoutLine: {'line': b'-- Up-to-date: /home/maizaied03/ros2_ws/install/px4_msgs/include/px4_msgs/px4_msgs/msg/detail/sensor_gnss_relative__type_support.h\n'}
[9.085716] (px4_msgs) StdoutLine: {'line': b'-- Up-to-date: /home/maizaied03/ros2_ws/install/px4_msgs/include/px4_msgs/px4_msgs/msg/detail/sensor_gnss_relative__functions.c\n'}
[9.085778] (px4_msgs) StdoutLine: {'line': b'-- Up-to-date: /home/maizaied03/ros2_ws/install/px4_msgs/include/px4_msgs/px4_msgs/msg/detail/sensor_correction__type_support.h\n'}
[9.085841] (px4_msgs) StdoutLine: {'line': b'-- Up-to-date: /home/maizaied03/ros2_ws/install/px4_msgs/include/px4_msgs/px4_msgs/msg/detail/open_drone_id_operator_id__functions.c\n'}
[9.085906] (px4_msgs) StdoutLine: {'line': b'-- Up-to-date: /home/maizaied03/ros2_ws/install/px4_msgs/include/px4_msgs/px4_msgs/msg/detail/geofence_result__functions.h\n'}
[9.085969] (px4_msgs) StdoutLine: {'line': b'-- Up-to-date: /home/maizaied03/ros2_ws/install/px4_msgs/include/px4_msgs/px4_msgs/msg/detail/mavlink_tunnel__type_support.h\n'}
[9.086130] (px4_msgs) StdoutLine: {'line': b'-- Up-to-date: /home/maizaied03/ros2_ws/install/px4_msgs/include/px4_msgs/px4_msgs/msg/detail/estimator_aid_source3d__struct.h\n'}
[9.086194] (px4_msgs) StdoutLine: {'line': b'-- Up-to-date: /home/maizaied03/ros2_ws/install/px4_msgs/include/px4_msgs/px4_msgs/msg/detail/radio_status__functions.h\n'}
[9.086260] (px4_msgs) StdoutLine: {'line': b'-- Up-to-date: /home/maizaied03/ros2_ws/install/px4_msgs/include/px4_msgs/px4_msgs/msg/detail/vehicle_global_position__functions.h\n'}
[9.086330] (px4_msgs) StdoutLine: {'line': b'-- Up-to-date: /home/maizaied03/ros2_ws/install/px4_msgs/include/px4_msgs/px4_msgs/msg/detail/follow_target_estimator__struct.h\n'}
[9.086399] (px4_msgs) StdoutLine: {'line': b'-- Up-to-date: /home/maizaied03/ros2_ws/install/px4_msgs/include/px4_msgs/px4_msgs/msg/detail/gimbal_device_information__functions.h\n'}
[9.086536] (px4_msgs) StdoutLine: {'line': b'-- Up-to-date: /home/maizaied03/ros2_ws/install/px4_msgs/include/px4_msgs/px4_msgs/msg/detail/vehicle_local_position_setpoint__type_support.h\n'}
[9.086649] (px4_msgs) StdoutLine: {'line': b'-- Up-to-date: /home/maizaied03/ros2_ws/install/px4_msgs/include/px4_msgs/px4_msgs/msg/detail/gimbal_device_set_attitude__functions.c\n'}
[9.086778] (px4_msgs) StdoutLine: {'line': b'-- Up-to-date: /home/maizaied03/ros2_ws/install/px4_msgs/include/px4_msgs/px4_msgs/msg/detail/raptor_input__type_support.h\n'}
[9.086850] (px4_msgs) StdoutLine: {'line': b'-- Up-to-date: /home/maizaied03/ros2_ws/install/px4_msgs/include/px4_msgs/px4_msgs/msg/detail/takeoff_status__type_support.h\n'}
[9.086919] (px4_msgs) StdoutLine: {'line': b'-- Up-to-date: /home/maizaied03/ros2_ws/install/px4_msgs/include/px4_msgs/px4_msgs/msg/detail/orbit_status__struct.h\n'}
[9.086987] (px4_msgs) StdoutLine: {'line': b'-- Up-to-date: /home/maizaied03/ros2_ws/install/px4_msgs/include/px4_msgs/px4_msgs/msg/detail/led_control__type_support.h\n'}
[9.087075] (px4_msgs) StdoutLine: {'line': b'-- Up-to-date: /home/maizaied03/ros2_ws/install/px4_msgs/include/px4_msgs/px4_msgs/msg/detail/logger_status__type_support.h\n'}
[9.087142] (px4_msgs) StdoutLine: {'line': b'-- Up-to-date: /home/maizaied03/ros2_ws/install/px4_msgs/include/px4_msgs/px4_msgs/msg/detail/vtol_vehicle_status__functions.h\n'}
[9.087278] (px4_msgs) StdoutLine: {'line': b'-- Up-to-date: /home/maizaied03/ros2_ws/install/px4_msgs/include/px4_msgs/px4_msgs/msg/detail/ulog_stream__type_support.h\n'}
[9.087344] (px4_msgs) StdoutLine: {'line': b'-- Up-to-date: /home/maizaied03/ros2_ws/install/px4_msgs/include/px4_msgs/px4_msgs/msg/detail/fixed_wing_lateral_guidance_status__struct.h\n'}
[9.087414] (px4_msgs) StdoutLine: {'line': b'-- Up-to-date: /home/maizaied03/ros2_ws/install/px4_msgs/include/px4_msgs/px4_msgs/msg/detail/vehicle_command__functions.c\n'}
[9.087486] (px4_msgs) StdoutLine: {'line': b'-- Up-to-date: /home/maizaied03/ros2_ws/install/px4_msgs/include/px4_msgs/px4_msgs/msg/detail/dataman_request__type_support.h\n'}
[9.087553] (px4_msgs) StdoutLine: {'line': b'-- Up-to-date: /home/maizaied03/ros2_ws/install/px4_msgs/include/px4_msgs/px4_msgs/msg/detail/gpio_config__struct.h\n'}
[9.087635] (px4_msgs) StdoutLine: {'line': b'-- Up-to-date: /home/maizaied03/ros2_ws/install/px4_msgs/include/px4_msgs/px4_msgs/msg/detail/estimator_selector_status__functions.c\n'}
[9.087732] (px4_msgs) StdoutLine: {'line': b'-- Up-to-date: /home/maizaied03/ros2_ws/install/px4_msgs/include/px4_msgs/px4_msgs/msg/detail/fixed_wing_lateral_status__struct.h\n'}
[9.087803] (px4_msgs) StdoutLine: {'line': b'-- Up-to-date: /home/maizaied03/ros2_ws/install/px4_msgs/include/px4_msgs/px4_msgs/msg/detail/raptor_input__struct.h\n'}
[9.087951] (px4_msgs) StdoutLine: {'line': b'-- Up-to-date: /home/maizaied03/ros2_ws/install/px4_msgs/include/px4_msgs/px4_msgs/msg/detail/trajectory_setpoint__type_support.h\n'}
[9.088020] (px4_msgs) StdoutLine: {'line': b'-- Up-to-date: /home/maizaied03/ros2_ws/install/px4_msgs/include/px4_msgs/px4_msgs/msg/detail/timesync_status__functions.h\n'}
[9.088094] (px4_msgs) StdoutLine: {'line': b'-- Up-to-date: /home/maizaied03/ros2_ws/install/px4_msgs/include/px4_msgs/px4_msgs/msg/detail/dataman_response__type_support.h\n'}
[9.088257] (px4_msgs) StdoutLine: {'line': b'-- Up-to-date: /home/maizaied03/ros2_ws/install/px4_msgs/include/px4_msgs/px4_msgs/msg/detail/gimbal_manager_information__functions.h\n'}
[9.088351] (px4_msgs) StdoutLine: {'line': b'-- Up-to-date: /home/maizaied03/ros2_ws/install/px4_msgs/include/px4_msgs/px4_msgs/msg/detail/fixed_wing_lateral_setpoint__functions.h\n'}
[9.088423] (px4_msgs) StdoutLine: {'line': b'-- Up-to-date: /home/maizaied03/ros2_ws/install/px4_msgs/include/px4_msgs/px4_msgs/msg/detail/ulog_stream__struct.h\n'}
[9.088547] (px4_msgs) StdoutLine: {'line': b'-- Up-to-date: /home/maizaied03/ros2_ws/install/px4_msgs/include/px4_msgs/px4_msgs/msg/detail/actuator_outputs__functions.h\n'}
[9.088649] (px4_msgs) StdoutLine: {'line': b'-- Up-to-date: /home/maizaied03/ros2_ws/install/px4_msgs/include/px4_msgs/px4_msgs/msg/detail/geofence_status__functions.c\n'}
[9.088761] (px4_msgs) StdoutLine: {'line': b'-- Up-to-date: /home/maizaied03/ros2_ws/install/px4_msgs/include/px4_msgs/px4_msgs/msg/detail/gpio_request__type_support.h\n'}
[9.088831] (px4_msgs) StdoutLine: {'line': b'-- Up-to-date: /home/maizaied03/ros2_ws/install/px4_msgs/include/px4_msgs/px4_msgs/msg/detail/collision_constraints__struct.h\n'}
[9.088899] (px4_msgs) StdoutLine: {'line': b'-- Up-to-date: /home/maizaied03/ros2_ws/install/px4_msgs/include/px4_msgs/px4_msgs/msg/detail/magnetometer_bias_estimate__type_support.h\n'}
[9.088967] (px4_msgs) StdoutLine: {'line': b'-- Up-to-date: /home/maizaied03/ros2_ws/install/px4_msgs/include/px4_msgs/px4_msgs/msg/detail/vehicle_rates_setpoint__type_support.h\n'}
[9.089038] (px4_msgs) StdoutLine: {'line': b'-- Up-to-date: /home/maizaied03/ros2_ws/install/px4_msgs/include/px4_msgs/px4_msgs/msg/detail/logger_status__functions.c\n'}
[9.089106] (px4_msgs) StdoutLine: {'line': b'-- Up-to-date: /home/maizaied03/ros2_ws/install/px4_msgs/include/px4_msgs/px4_msgs/msg/detail/message_format_response__struct.h\n'}
[9.089174] (px4_msgs) StdoutLine: {'line': b'-- Up-to-date: /home/maizaied03/ros2_ws/install/px4_msgs/include/px4_msgs/px4_msgs/msg/detail/sensor_airflow__functions.c\n'}
[9.089245] (px4_msgs) StdoutLine: {'line': b'-- Up-to-date: /home/maizaied03/ros2_ws/install/px4_msgs/include/px4_msgs/px4_msgs/msg/detail/adc_report__struct.h\n'}
[9.089334] (px4_msgs) StdoutLine: {'line': b'-- Up-to-date: /home/maizaied03/ros2_ws/install/px4_msgs/include/px4_msgs/px4_msgs/msg/detail/timesync_status__type_support.h\n'}
[9.089405] (px4_msgs) StdoutLine: {'line': b'-- Up-to-date: /home/maizaied03/ros2_ws/install/px4_msgs/include/px4_msgs/px4_msgs/msg/detail/obstacle_distance__type_support.h\n'}
[9.089472] (px4_msgs) StdoutLine: {'line': b'-- Up-to-date: /home/maizaied03/ros2_ws/install/px4_msgs/include/px4_msgs/px4_msgs/msg/detail/gripper__type_support.h\n'}
[9.089540] (px4_msgs) StdoutLine: {'line': b'-- Up-to-date: /home/maizaied03/ros2_ws/install/px4_msgs/include/px4_msgs/px4_msgs/msg/detail/fixed_wing_lateral_status__functions.c\n'}
[9.089611] (px4_msgs) StdoutLine: {'line': b'-- Up-to-date: /home/maizaied03/ros2_ws/install/px4_msgs/include/px4_msgs/px4_msgs/msg/detail/camera_capture__struct.h\n'}
[9.089842] (px4_msgs) StdoutLine: {'line': b'-- Up-to-date: /home/maizaied03/ros2_ws/install/px4_msgs/include/px4_msgs/px4_msgs/msg/detail/sensor_accel_fifo__functions.c\n'}
[9.089909] (px4_msgs) StdoutLine: {'line': b'-- Up-to-date: /home/maizaied03/ros2_ws/install/px4_msgs/include/px4_msgs/px4_msgs/msg/detail/sensor_gps__functions.c\n'}
[9.090009] (px4_msgs) StdoutLine: {'line': b'-- Up-to-date: /home/maizaied03/ros2_ws/install/px4_msgs/include/px4_msgs/px4_msgs/msg/detail/rc_channels__type_support.h\n'}
[9.090077] (px4_msgs) StdoutLine: {'line': b'-- Up-to-date: /home/maizaied03/ros2_ws/install/px4_msgs/include/px4_msgs/px4_msgs/msg/detail/power_monitor__functions.h\n'}
[9.090147] (px4_msgs) StdoutLine: {'line': b'-- Up-to-date: /home/maizaied03/ros2_ws/install/px4_msgs/include/px4_msgs/px4_msgs/msg/detail/gpio_in__type_support.h\n'}
[9.090267] (px4_msgs) StdoutLine: {'line': b'-- Up-to-date: /home/maizaied03/ros2_ws/install/px4_msgs/include/px4_msgs/px4_msgs/msg/detail/parameter_set_used_request__struct.h\n'}
[9.090341] (px4_msgs) StdoutLine: {'line': b'-- Up-to-date: /home/maizaied03/ros2_ws/install/px4_msgs/include/px4_msgs/px4_msgs/msg/detail/rover_speed_status__functions.h\n'}
[9.090415] (px4_msgs) StdoutLine: {'line': b'-- Up-to-date: /home/maizaied03/ros2_ws/install/px4_msgs/include/px4_msgs/px4_msgs/msg/detail/rtl_status__functions.c\n'}
[9.090489] (px4_msgs) StdoutLine: {'line': b'-- Up-to-date: /home/maizaied03/ros2_ws/install/px4_msgs/include/px4_msgs/px4_msgs/msg/detail/goto_setpoint__functions.h\n'}
[9.090561] (px4_msgs) StdoutLine: {'line': b'-- Up-to-date: /home/maizaied03/ros2_ws/install/px4_msgs/include/px4_msgs/px4_msgs/msg/detail/adc_report__functions.c\n'}
[9.090720] (px4_msgs) StdoutLine: {'line': b'-- Up-to-date: /home/maizaied03/ros2_ws/install/px4_msgs/include/px4_msgs/px4_msgs/msg/detail/distance_sensor_mode_change_request__functions.c\n'}
[9.090826] (px4_msgs) StdoutLine: {'line': b'-- Up-to-date: /home/maizaied03/ros2_ws/install/px4_msgs/include/px4_msgs/px4_msgs/msg/detail/lateral_control_configuration__type_support.h\n'}
[9.090939] (px4_msgs) StdoutLine: {'line': b'-- Up-to-date: /home/maizaied03/ros2_ws/install/px4_msgs/include/px4_msgs/px4_msgs/msg/detail/debug_key_value__type_support.h\n'}
[9.091050] (px4_msgs) StdoutLine: {'line': b'-- Up-to-date: /home/maizaied03/ros2_ws/install/px4_msgs/include/px4_msgs/px4_msgs/msg/detail/rtl_status__struct.h\n'}
[9.091129] (px4_msgs) StdoutLine: {'line': b'-- Up-to-date: /home/maizaied03/ros2_ws/install/px4_msgs/include/px4_msgs/px4_msgs/msg/detail/hover_thrust_estimate__functions.h\n'}
[9.091205] (px4_msgs) StdoutLine: {'line': b'-- Up-to-date: /home/maizaied03/ros2_ws/install/px4_msgs/include/px4_msgs/px4_msgs/msg/detail/satellite_info__functions.c\n'}
[9.091301] (px4_msgs) StdoutLine: {'line': b'-- Up-to-date: /home/maizaied03/ros2_ws/install/px4_msgs/include/px4_msgs/px4_msgs/msg/detail/normalized_unsigned_setpoint__struct.h\n'}
[9.091376] (px4_msgs) StdoutLine: {'line': b'-- Up-to-date: /home/maizaied03/ros2_ws/install/px4_msgs/include/px4_msgs/px4_msgs/msg/detail/gimbal_controls__functions.c\n'}
[9.091545] (px4_msgs) StdoutLine: {'line': b'-- Up-to-date: /home/maizaied03/ros2_ws/install/px4_msgs/include/px4_msgs/px4_msgs/msg/detail/unregister_ext_component__functions.h\n'}
[9.091654] (px4_msgs) StdoutLine: {'line': b'-- Up-to-date: /home/maizaied03/ros2_ws/install/px4_msgs/include/px4_msgs/px4_msgs/msg/detail/vehicle_command_ack__type_support.h\n'}
[9.091734] (px4_msgs) StdoutLine: {'line': b'-- Up-to-date: /home/maizaied03/ros2_ws/install/px4_msgs/include/px4_msgs/px4_msgs/msg/detail/vehicle_attitude_setpoint__functions.h\n'}
[9.091811] (px4_msgs) StdoutLine: {'line': b'-- Up-to-date: /home/maizaied03/ros2_ws/install/px4_msgs/include/px4_msgs/px4_msgs/msg/detail/neural_control__functions.h\n'}
[9.091885] (px4_msgs) StdoutLine: {'line': b'-- Up-to-date: /home/maizaied03/ros2_ws/install/px4_msgs/include/px4_msgs/px4_msgs/msg/detail/vehicle_optical_flow__functions.h\n'}
[9.091960] (px4_msgs) StdoutLine: {'line': b'-- Up-to-date: /home/maizaied03/ros2_ws/install/px4_msgs/include/px4_msgs/px4_msgs/msg/detail/sensor_combined__type_support.h\n'}
[9.092037] (px4_msgs) StdoutLine: {'line': b'-- Up-to-date: /home/maizaied03/ros2_ws/install/px4_msgs/include/px4_msgs/px4_msgs/msg/detail/estimator_aid_source2d__functions.c\n'}
[9.092112] (px4_msgs) StdoutLine: {'line': b'-- Up-to-date: /home/maizaied03/ros2_ws/install/px4_msgs/include/px4_msgs/px4_msgs/msg/detail/landing_gear_wheel__struct.h\n'}
[9.092177] (px4_msgs) StdoutLine: {'line': b'-- Up-to-date: /home/maizaied03/ros2_ws/install/px4_msgs/include/px4_msgs/px4_msgs/msg/detail/rover_throttle_setpoint__struct.h\n'}
[9.092267] (px4_msgs) StdoutLine: {'line': b'-- Up-to-date: /home/maizaied03/ros2_ws/install/px4_msgs/include/px4_msgs/px4_msgs/msg/detail/vehicle_air_data__struct.h\n'}
[9.092397] (px4_msgs) StdoutLine: {'line': b'-- Up-to-date: /home/maizaied03/ros2_ws/install/px4_msgs/include/px4_msgs/px4_msgs/msg/detail/vehicle_optical_flow__type_support.h\n'}
[9.092480] (px4_msgs) StdoutLine: {'line': b'-- Up-to-date: /home/maizaied03/ros2_ws/install/px4_msgs/include/px4_msgs/px4_msgs/msg/detail/irlock_report__functions.h\n'}
[9.092541] (px4_msgs) StdoutLine: {'line': b'-- Up-to-date: /home/maizaied03/ros2_ws/install/px4_msgs/include/px4_msgs/px4_msgs/msg/detail/ulog_stream__functions.c\n'}
[9.092644] (px4_msgs) StdoutLine: {'line': b'-- Up-to-date: /home/maizaied03/ros2_ws/install/px4_msgs/include/px4_msgs/px4_msgs/msg/detail/raptor_status__functions.c\n'}
[9.092717] (px4_msgs) StdoutLine: {'line': b'-- Up-to-date: /home/maizaied03/ros2_ws/install/px4_msgs/include/px4_msgs/px4_msgs/msg/detail/uavcan_parameter_value__functions.c\n'}
[9.092777] (px4_msgs) StdoutLine: {'line': b'-- Up-to-date: /home/maizaied03/ros2_ws/install/px4_msgs/include/px4_msgs/px4_msgs/msg/detail/vehicle_status__struct.h\n'}
[9.092837] (px4_msgs) StdoutLine: {'line': b'-- Up-to-date: /home/maizaied03/ros2_ws/install/px4_msgs/include/px4_msgs/px4_msgs/msg/detail/gps_inject_data__struct.h\n'}
[9.092896] (px4_msgs) StdoutLine: {'line': b'-- Up-to-date: /home/maizaied03/ros2_ws/install/px4_msgs/include/px4_msgs/px4_msgs/msg/detail/rover_speed_setpoint__functions.c\n'}
[9.092965] (px4_msgs) StdoutLine: {'line': b'-- Up-to-date: /home/maizaied03/ros2_ws/install/px4_msgs/include/px4_msgs/px4_msgs/msg/detail/rc_channels__struct.h\n'}
[9.093025] (px4_msgs) StdoutLine: {'line': b'-- Up-to-date: /home/maizaied03/ros2_ws/install/px4_msgs/include/px4_msgs/px4_msgs/msg/detail/estimator_gps_status__functions.c\n'}
[9.093094] (px4_msgs) StdoutLine: {'line': b'-- Up-to-date: /home/maizaied03/ros2_ws/install/px4_msgs/include/px4_msgs/px4_msgs/msg/detail/raptor_input__functions.h\n'}
[9.093203] (px4_msgs) StdoutLine: {'line': b'-- Up-to-date: /home/maizaied03/ros2_ws/install/px4_msgs/include/px4_msgs/px4_msgs/msg/detail/register_ext_component_reply__type_support.h\n'}
[9.093264] (px4_msgs) StdoutLine: {'line': b'-- Up-to-date: /home/maizaied03/ros2_ws/install/px4_msgs/include/px4_msgs/px4_msgs/msg/detail/manual_control_switches__struct.h\n'}
[9.093324] (px4_msgs) StdoutLine: {'line': b'-- Up-to-date: /home/maizaied03/ros2_ws/install/px4_msgs/include/px4_msgs/px4_msgs/msg/detail/vehicle_imu__functions.c\n'}
[9.093383] (px4_msgs) StdoutLine: {'line': b'-- Up-to-date: /home/maizaied03/ros2_ws/install/px4_msgs/include/px4_msgs/px4_msgs/msg/detail/estimator_states__functions.c\n'}
[9.093470] (px4_msgs) StdoutLine: {'line': b'-- Up-to-date: /home/maizaied03/ros2_ws/install/px4_msgs/include/px4_msgs/px4_msgs/msg/detail/parameter_set_value_request__struct.h\n'}
[9.093597] (px4_msgs) StdoutLine: {'line': b'-- Up-to-date: /home/maizaied03/ros2_ws/install/px4_msgs/include/px4_msgs/px4_msgs/msg/detail/gpio_config__functions.h\n'}
[9.093678] (px4_msgs) StdoutLine: {'line': b'-- Up-to-date: /home/maizaied03/ros2_ws/install/px4_msgs/include/px4_msgs/px4_msgs/msg/detail/fixed_wing_lateral_setpoint__functions.c\n'}
[9.093752] (px4_msgs) StdoutLine: {'line': b'-- Up-to-date: /home/maizaied03/ros2_ws/install/px4_msgs/include/px4_msgs/px4_msgs/msg/detail/uavcan_parameter_value__functions.h\n'}
[9.093813] (px4_msgs) StdoutLine: {'line': b'-- Up-to-date: /home/maizaied03/ros2_ws/install/px4_msgs/include/px4_msgs/px4_msgs/msg/detail/mavlink_log__type_support.h\n'}
[9.093872] (px4_msgs) StdoutLine: {'line': b'-- Up-to-date: /home/maizaied03/ros2_ws/install/px4_msgs/include/px4_msgs/px4_msgs/msg/detail/gain_compression__functions.c\n'}
[9.093930] (px4_msgs) StdoutLine: {'line': b'-- Up-to-date: /home/maizaied03/ros2_ws/install/px4_msgs/include/px4_msgs/px4_msgs/msg/detail/sensor_gnss_relative__functions.h\n'}
[9.093987] (px4_msgs) StdoutLine: {'line': b'-- Up-to-date: /home/maizaied03/ros2_ws/install/px4_msgs/include/px4_msgs/px4_msgs/msg/detail/navigator_status__functions.h\n'}
[9.094125] (px4_msgs) StdoutLine: {'line': b'-- Up-to-date: /home/maizaied03/ros2_ws/install/px4_msgs/include/px4_msgs/px4_msgs/msg/detail/vehicle_imu_status__struct.h\n'}
[9.094205] (px4_msgs) StdoutLine: {'line': b'-- Up-to-date: /home/maizaied03/ros2_ws/install/px4_msgs/include/px4_msgs/px4_msgs/msg/detail/sensor_optical_flow__functions.c\n'}
[9.094263] (px4_msgs) StdoutLine: {'line': b'-- Up-to-date: /home/maizaied03/ros2_ws/install/px4_msgs/include/px4_msgs/px4_msgs/msg/detail/vehicle_air_data__functions.h\n'}
[9.094321] (px4_msgs) StdoutLine: {'line': b'-- Up-to-date: /home/maizaied03/ros2_ws/install/px4_msgs/include/px4_msgs/px4_msgs/msg/detail/gimbal_manager_information__functions.c\n'}
[9.094379] (px4_msgs) StdoutLine: {'line': b'-- Up-to-date: /home/maizaied03/ros2_ws/install/px4_msgs/include/px4_msgs/px4_msgs/msg/detail/pwm_input__functions.h\n'}
[9.094436] (px4_msgs) StdoutLine: {'line': b'-- Up-to-date: /home/maizaied03/ros2_ws/install/px4_msgs/include/px4_msgs/px4_msgs/msg/detail/iridiumsbd_status__functions.h\n'}
[9.094492] (px4_msgs) StdoutLine: {'line': b'-- Up-to-date: /home/maizaied03/ros2_ws/install/px4_msgs/include/px4_msgs/px4_msgs/msg/detail/vehicle_status__functions.c\n'}
[9.094549] (px4_msgs) StdoutLine: {'line': b'-- Up-to-date: /home/maizaied03/ros2_ws/install/px4_msgs/include/px4_msgs/px4_msgs/msg/detail/arming_check_request__type_support.h\n'}
[9.094742] (px4_msgs) StdoutLine: {'line': b'-- Up-to-date: /home/maizaied03/ros2_ws/install/px4_msgs/include/px4_msgs/px4_msgs/msg/detail/position_setpoint_triplet__struct.h\n'}
[9.094820] (px4_msgs) StdoutLine: {'line': b'-- Up-to-date: /home/maizaied03/ros2_ws/install/px4_msgs/include/px4_msgs/px4_msgs/msg/detail/fixed_wing_lateral_status__functions.h\n'}
[9.094879] (px4_msgs) StdoutLine: {'line': b'-- Up-to-date: /home/maizaied03/ros2_ws/install/px4_msgs/include/px4_msgs/px4_msgs/msg/detail/mode_completed__type_support.h\n'}
[9.094936] (px4_msgs) StdoutLine: {'line': b'-- Up-to-date: /home/maizaied03/ros2_ws/install/px4_msgs/include/px4_msgs/px4_msgs/msg/detail/vehicle_torque_setpoint__functions.c\n'}
[9.094993] (px4_msgs) StdoutLine: {'line': b'-- Up-to-date: /home/maizaied03/ros2_ws/install/px4_msgs/include/px4_msgs/px4_msgs/msg/detail/gimbal_manager_status__functions.h\n'}
[9.095049] (px4_msgs) StdoutLine: {'line': b'-- Up-to-date: /home/maizaied03/ros2_ws/install/px4_msgs/include/px4_msgs/px4_msgs/msg/detail/mission__struct.h\n'}
[9.095106] (px4_msgs) StdoutLine: {'line': b'-- Up-to-date: /home/maizaied03/ros2_ws/install/px4_msgs/include/px4_msgs/px4_msgs/msg/detail/sensor_gyro_fifo__type_support.h\n'}
[9.095164] (px4_msgs) StdoutLine: {'line': b'-- Up-to-date: /home/maizaied03/ros2_ws/install/px4_msgs/include/px4_msgs/px4_msgs/msg/detail/tecs_status__struct.h\n'}
[9.095225] (px4_msgs) StdoutLine: {'line': b'-- Up-to-date: /home/maizaied03/ros2_ws/install/px4_msgs/include/px4_msgs/px4_msgs/msg/detail/offboard_control_mode__type_support.h\n'}
[9.095288] (px4_msgs) StdoutLine: {'line': b'-- Up-to-date: /home/maizaied03/ros2_ws/install/px4_msgs/include/px4_msgs/px4_msgs/msg/detail/collision_constraints__functions.h\n'}
[9.095350] (px4_msgs) StdoutLine: {'line': b'-- Up-to-date: /home/maizaied03/ros2_ws/install/px4_msgs/include/px4_msgs/px4_msgs/msg/detail/vehicle_odometry__type_support.h\n'}
[9.095413] (px4_msgs) StdoutLine: {'line': b'-- Up-to-date: /home/maizaied03/ros2_ws/install/px4_msgs/include/px4_msgs/px4_msgs/msg/detail/sensor_accel__struct.h\n'}
[9.095475] (px4_msgs) StdoutLine: {'line': b'-- Up-to-date: /home/maizaied03/ros2_ws/install/px4_msgs/include/px4_msgs/px4_msgs/msg/detail/sensor_preflight_mag__type_support.h\n'}
[9.095538] (px4_msgs) StdoutLine: {'line': b'-- Up-to-date: /home/maizaied03/ros2_ws/install/px4_msgs/include/px4_msgs/px4_msgs/msg/detail/vehicle_optical_flow_vel__functions.h\n'}
[9.095605] (px4_msgs) StdoutLine: {'line': b'-- Up-to-date: /home/maizaied03/ros2_ws/install/px4_msgs/include/px4_msgs/px4_msgs/msg/detail/lateral_control_configuration__struct.h\n'}
[9.095842] (px4_msgs) StdoutLine: {'line': b'-- Up-to-date: /home/maizaied03/ros2_ws/install/px4_msgs/include/px4_msgs/px4_msgs/msg/detail/parameter_update__type_support.h\n'}
[9.095922] (px4_msgs) StdoutLine: {'line': b'-- Up-to-date: /home/maizaied03/ros2_ws/install/px4_msgs/include/px4_msgs/px4_msgs/msg/detail/rate_ctrl_status__struct.h\n'}
[9.095986] (px4_msgs) StdoutLine: {'line': b'-- Up-to-date: /home/maizaied03/ros2_ws/install/px4_msgs/include/px4_msgs/px4_msgs/msg/detail/airspeed_validated__struct.h\n'}
[9.096050] (px4_msgs) StdoutLine: {'line': b'-- Up-to-date: /home/maizaied03/ros2_ws/install/px4_msgs/include/px4_msgs/px4_msgs/msg/detail/orb_test_medium__struct.h\n'}
[9.096111] (px4_msgs) StdoutLine: {'line': b'-- Up-to-date: /home/maizaied03/ros2_ws/install/px4_msgs/include/px4_msgs/px4_msgs/msg/detail/vehicle_command__type_support.h\n'}
[9.096174] (px4_msgs) StdoutLine: {'line': b'-- Up-to-date: /home/maizaied03/ros2_ws/install/px4_msgs/include/px4_msgs/px4_msgs/msg/detail/camera_trigger__functions.h\n'}
[9.096238] (px4_msgs) StdoutLine: {'line': b'-- Up-to-date: /home/maizaied03/ros2_ws/install/px4_msgs/include/px4_msgs/px4_msgs/msg/detail/rover_throttle_setpoint__type_support.h\n'}
[9.096301] (px4_msgs) StdoutLine: {'line': b'-- Up-to-date: /home/maizaied03/ros2_ws/install/px4_msgs/include/px4_msgs/px4_msgs/msg/detail/system_power__type_support.h\n'}
[9.096364] (px4_msgs) StdoutLine: {'line': b'-- Up-to-date: /home/maizaied03/ros2_ws/install/px4_msgs/include/px4_msgs/px4_msgs/msg/detail/mount_orientation__struct.h\n'}
[9.096549] (px4_msgs) StdoutLine: {'line': b'-- Up-to-date: /home/maizaied03/ros2_ws/install/px4_msgs/include/px4_msgs/px4_msgs/msg/detail/transponder_report__functions.c\n'}
[9.096653] (px4_msgs) StdoutLine: {'line': b'-- Up-to-date: /home/maizaied03/ros2_ws/install/px4_msgs/include/px4_msgs/px4_msgs/msg/detail/open_drone_id_self_id__functions.c\n'}
[9.096764] (px4_msgs) StdoutLine: {'line': b'-- Up-to-date: /home/maizaied03/ros2_ws/install/px4_msgs/include/px4_msgs/px4_msgs/msg/detail/position_controller_landing_status__struct.h\n'}
[9.096828] (px4_msgs) StdoutLine: {'line': b'-- Up-to-date: /home/maizaied03/ros2_ws/install/px4_msgs/include/px4_msgs/px4_msgs/msg/detail/battery_status__functions.c\n'}
[9.096891] (px4_msgs) StdoutLine: {'line': b'-- Up-to-date: /home/maizaied03/ros2_ws/install/px4_msgs/include/px4_msgs/px4_msgs/msg/detail/debug_vect__functions.h\n'}
[9.096954] (px4_msgs) StdoutLine: {'line': b'-- Up-to-date: /home/maizaied03/ros2_ws/install/px4_msgs/include/px4_msgs/px4_msgs/msg/detail/timesync_status__struct.h\n'}
[9.097017] (px4_msgs) StdoutLine: {'line': b'-- Up-to-date: /home/maizaied03/ros2_ws/install/px4_msgs/include/px4_msgs/px4_msgs/msg/detail/estimator_bias3d__type_support.h\n'}
[9.097080] (px4_msgs) StdoutLine: {'line': b'-- Up-to-date: /home/maizaied03/ros2_ws/install/px4_msgs/include/px4_msgs/px4_msgs/msg/detail/cpuload__type_support.h\n'}
[9.097164] (px4_msgs) StdoutLine: {'line': b'-- Up-to-date: /home/maizaied03/ros2_ws/install/px4_msgs/include/px4_msgs/px4_msgs/msg/detail/sensors_status_imu__functions.h\n'}
[9.097222] (px4_msgs) StdoutLine: {'line': b'-- Up-to-date: /home/maizaied03/ros2_ws/install/px4_msgs/include/px4_msgs/px4_msgs/msg/detail/sensor_gnss_status__functions.c\n'}
[9.097280] (px4_msgs) StdoutLine: {'line': b'-- Up-to-date: /home/maizaied03/ros2_ws/install/px4_msgs/include/px4_msgs/px4_msgs/msg/detail/gimbal_manager_status__type_support.h\n'}
[9.097337] (px4_msgs) StdoutLine: {'line': b'-- Up-to-date: /home/maizaied03/ros2_ws/install/px4_msgs/include/px4_msgs/px4_msgs/msg/detail/dronecan_node_status__functions.h\n'}
[9.097394] (px4_msgs) StdoutLine: {'line': b'-- Up-to-date: /home/maizaied03/ros2_ws/install/px4_msgs/include/px4_msgs/px4_msgs/msg/detail/position_setpoint_triplet__functions.c\n'}
[9.097451] (px4_msgs) StdoutLine: {'line': b'-- Up-to-date: /home/maizaied03/ros2_ws/install/px4_msgs/include/px4_msgs/px4_msgs/msg/detail/sensor_airflow__struct.h\n'}
[9.097511] (px4_msgs) StdoutLine: {'line': b'-- Up-to-date: /home/maizaied03/ros2_ws/install/px4_msgs/include/px4_msgs/px4_msgs/msg/detail/vehicle_command_ack__functions.c\n'}
[9.097560] (px4_msgs) StdoutLine: {'line': b'-- Up-to-date: /home/maizaied03/ros2_ws/install/px4_msgs/include/px4_msgs/px4_msgs/msg/detail/config_overrides__struct.h\n'}
[9.097832] (px4_msgs) StdoutLine: {'line': b'-- Up-to-date: /home/maizaied03/ros2_ws/install/px4_msgs/include/px4_msgs/px4_msgs/msg/detail/dronecan_node_status__struct.h\n'}
[9.097885] (px4_msgs) StdoutLine: {'line': b'-- Up-to-date: /home/maizaied03/ros2_ws/install/px4_msgs/include/px4_msgs/px4_msgs/msg/detail/rover_speed_status__functions.c\n'}
[9.097934] (px4_msgs) StdoutLine: {'line': b'-- Up-to-date: /home/maizaied03/ros2_ws/install/px4_msgs/include/px4_msgs/px4_msgs/msg/detail/rate_ctrl_status__type_support.h\n'}
[9.097982] (px4_msgs) StdoutLine: {'line': b'-- Up-to-date: /home/maizaied03/ros2_ws/install/px4_msgs/include/px4_msgs/px4_msgs/msg/detail/sensor_accel__type_support.h\n'}
[9.098031] (px4_msgs) StdoutLine: {'line': b'-- Up-to-date: /home/maizaied03/ros2_ws/install/px4_msgs/include/px4_msgs/px4_msgs/msg/detail/raptor_status__type_support.h\n'}
[9.098112] (px4_msgs) StdoutLine: {'line': b'-- Up-to-date: /home/maizaied03/ros2_ws/install/px4_msgs/include/px4_msgs/px4_msgs/msg/detail/event__functions.c\n'}
[9.098163] (px4_msgs) StdoutLine: {'line': b'-- Up-to-date: /home/maizaied03/ros2_ws/install/px4_msgs/include/px4_msgs/px4_msgs/msg/detail/vehicle_odometry__functions.c\n'}
[9.098212] (px4_msgs) StdoutLine: {'line': b'-- Up-to-date: /home/maizaied03/ros2_ws/install/px4_msgs/include/px4_msgs/px4_msgs/msg/detail/vehicle_thrust_setpoint__functions.c\n'}
[9.098343] (px4_msgs) StdoutLine: {'line': b'-- Up-to-date: /home/maizaied03/ros2_ws/install/px4_msgs/include/px4_msgs/px4_msgs/msg/detail/position_setpoint_triplet__functions.h\n'}
[9.098392] (px4_msgs) StdoutLine: {'line': b'-- Up-to-date: /home/maizaied03/ros2_ws/install/px4_msgs/include/px4_msgs/px4_msgs/msg/detail/yaw_estimator_status__functions.c\n'}
[9.098443] (px4_msgs) StdoutLine: {'line': b'-- Up-to-date: /home/maizaied03/ros2_ws/install/px4_msgs/include/px4_msgs/px4_msgs/msg/detail/open_drone_id_operator_id__functions.h\n'}
[9.098492] (px4_msgs) StdoutLine: {'line': b'-- Up-to-date: /home/maizaied03/ros2_ws/install/px4_msgs/include/px4_msgs/px4_msgs/msg/detail/uavcan_parameter_request__functions.c\n'}
[9.098538] (px4_msgs) StdoutLine: {'line': b'-- Up-to-date: /home/maizaied03/ros2_ws/install/px4_msgs/include/px4_msgs/px4_msgs/msg/detail/vehicle_roi__functions.h\n'}
[9.098586] (px4_msgs) StdoutLine: {'line': b'-- Up-to-date: /home/maizaied03/ros2_ws/install/px4_msgs/include/px4_msgs/px4_msgs/msg/detail/orb_test__functions.c\n'}
[9.098671] (px4_msgs) StdoutLine: {'line': b'-- Up-to-date: /home/maizaied03/ros2_ws/install/px4_msgs/include/px4_msgs/px4_msgs/msg/detail/uavcan_parameter_request__type_support.h\n'}
[9.098721] (px4_msgs) StdoutLine: {'line': b'-- Up-to-date: /home/maizaied03/ros2_ws/install/px4_msgs/include/px4_msgs/px4_msgs/msg/detail/dataman_request__functions.c\n'}
[9.098770] (px4_msgs) StdoutLine: {'line': b'-- Up-to-date: /home/maizaied03/ros2_ws/install/px4_msgs/include/px4_msgs/px4_msgs/msg/detail/gripper__struct.h\n'}
[9.098923] (px4_msgs) StdoutLine: {'line': b'-- Up-to-date: /home/maizaied03/ros2_ws/install/px4_msgs/include/px4_msgs/px4_msgs/msg/detail/vehicle_optical_flow__struct.h\n'}
[9.098974] (px4_msgs) StdoutLine: {'line': b'-- Up-to-date: /home/maizaied03/ros2_ws/install/px4_msgs/include/px4_msgs/px4_msgs/msg/detail/actuator_test__functions.h\n'}
[9.099025] (px4_msgs) StdoutLine: {'line': b'-- Up-to-date: /home/maizaied03/ros2_ws/install/px4_msgs/include/px4_msgs/px4_msgs/msg/detail/gimbal_device_attitude_status__functions.h\n'}
[9.099074] (px4_msgs) StdoutLine: {'line': b'-- Up-to-date: /home/maizaied03/ros2_ws/install/px4_msgs/include/px4_msgs/px4_msgs/msg/detail/longitudinal_control_configuration__functions.h\n'}
[9.099128] (px4_msgs) StdoutLine: {'line': b'-- Up-to-date: /home/maizaied03/ros2_ws/install/px4_msgs/include/px4_msgs/px4_msgs/msg/detail/gimbal_manager_set_attitude__functions.c\n'}
[9.099182] (px4_msgs) StdoutLine: {'line': b'-- Up-to-date: /home/maizaied03/ros2_ws/install/px4_msgs/include/px4_msgs/px4_msgs/msg/detail/sensor_optical_flow__type_support.h\n'}
[9.099249] (px4_msgs) StdoutLine: {'line': b'-- Up-to-date: /home/maizaied03/ros2_ws/install/px4_msgs/include/px4_msgs/px4_msgs/msg/detail/rover_speed_setpoint__type_support.h\n'}
[9.099361] (px4_msgs) StdoutLine: {'line': b'-- Up-to-date: /home/maizaied03/ros2_ws/install/px4_msgs/include/px4_msgs/px4_msgs/msg/detail/internal_combustion_engine_control__functions.c\n'}
[9.099418] (px4_msgs) StdoutLine: {'line': b'-- Up-to-date: /home/maizaied03/ros2_ws/install/px4_msgs/include/px4_msgs/px4_msgs/msg/detail/sensor_gnss_status__struct.h\n'}
[9.099473] (px4_msgs) StdoutLine: {'line': b'-- Up-to-date: /home/maizaied03/ros2_ws/install/px4_msgs/include/px4_msgs/px4_msgs/msg/detail/register_ext_component_reply__functions.c\n'}
[9.099560] (px4_msgs) StdoutLine: {'line': b'-- Up-to-date: /home/maizaied03/ros2_ws/install/px4_msgs/include/px4_msgs/px4_msgs/msg/detail/sensors_status_imu__type_support.h\n'}
[9.099649] (px4_msgs) StdoutLine: {'line': b'-- Up-to-date: /home/maizaied03/ros2_ws/install/px4_msgs/include/px4_msgs/px4_msgs/msg/detail/wheel_encoders__type_support.h\n'}
[9.099734] (px4_msgs) StdoutLine: {'line': b'-- Up-to-date: /home/maizaied03/ros2_ws/install/px4_msgs/include/px4_msgs/px4_msgs/msg/detail/trajectory_setpoint6dof__struct.h\n'}
[9.099789] (px4_msgs) StdoutLine: {'line': b'-- Up-to-date: /home/maizaied03/ros2_ws/install/px4_msgs/include/px4_msgs/px4_msgs/msg/detail/distance_sensor_mode_change_request__struct.h\n'}
[9.099844] (px4_msgs) StdoutLine: {'line': b'-- Up-to-date: /home/maizaied03/ros2_ws/install/px4_msgs/include/px4_msgs/px4_msgs/msg/detail/manual_control_switches__functions.h\n'}
[9.099911] (px4_msgs) StdoutLine: {'line': b'-- Up-to-date: /home/maizaied03/ros2_ws/install/px4_msgs/include/px4_msgs/px4_msgs/msg/detail/logger_status__struct.h\n'}
[9.099965] (px4_msgs) StdoutLine: {'line': b'-- Up-to-date: /home/maizaied03/ros2_ws/install/px4_msgs/include/px4_msgs/px4_msgs/msg/detail/sensor_mag__type_support.h\n'}
[9.100018] (px4_msgs) StdoutLine: {'line': b'-- Up-to-date: /home/maizaied03/ros2_ws/install/px4_msgs/include/px4_msgs/px4_msgs/msg/detail/estimator_aid_source3d__functions.c\n'}
[9.100098] (px4_msgs) StdoutLine: {'line': b'-- Up-to-date: /home/maizaied03/ros2_ws/install/px4_msgs/include/px4_msgs/px4_msgs/msg/detail/health_report__functions.h\n'}
[9.100153] (px4_msgs) StdoutLine: {'line': b'-- Up-to-date: /home/maizaied03/ros2_ws/install/px4_msgs/include/px4_msgs/px4_msgs/msg/detail/vehicle_acceleration__type_support.h\n'}
[9.100207] (px4_msgs) StdoutLine: {'line': b'-- Up-to-date: /home/maizaied03/ros2_ws/install/px4_msgs/include/px4_msgs/px4_msgs/msg/detail/estimator_status_flags__type_support.h\n'}
[9.100259] (px4_msgs) StdoutLine: {'line': b'-- Up-to-date: /home/maizaied03/ros2_ws/install/px4_msgs/include/px4_msgs/px4_msgs/msg/detail/rc_parameter_map__type_support.h\n'}
[9.100311] (px4_msgs) StdoutLine: {'line': b'-- Up-to-date: /home/maizaied03/ros2_ws/install/px4_msgs/include/px4_msgs/px4_msgs/msg/detail/gimbal_device_set_attitude__struct.h\n'}
[9.100429] (px4_msgs) StdoutLine: {'line': b'-- Up-to-date: /home/maizaied03/ros2_ws/install/px4_msgs/include/px4_msgs/px4_msgs/msg/detail/vehicle_imu_status__functions.h\n'}
[9.100481] (px4_msgs) StdoutLine: {'line': b'-- Up-to-date: /home/maizaied03/ros2_ws/install/px4_msgs/include/px4_msgs/px4_msgs/msg/detail/task_stack_info__type_support.h\n'}
[9.100532] (px4_msgs) StdoutLine: {'line': b'-- Up-to-date: /home/maizaied03/ros2_ws/install/px4_msgs/include/px4_msgs/px4_msgs/msg/detail/open_drone_id_system__functions.c\n'}
[9.100584] (px4_msgs) StdoutLine: {'line': b'-- Up-to-date: /home/maizaied03/ros2_ws/install/px4_msgs/include/px4_msgs/px4_msgs/msg/detail/autotune_attitude_control_status__functions.c\n'}
[9.100694] (px4_msgs) StdoutLine: {'line': b'-- Up-to-date: /home/maizaied03/ros2_ws/install/px4_msgs/include/px4_msgs/px4_msgs/msg/detail/trajectory_setpoint6dof__functions.h\n'}
[9.100747] (px4_msgs) StdoutLine: {'line': b'-- Up-to-date: /home/maizaied03/ros2_ws/install/px4_msgs/include/px4_msgs/px4_msgs/msg/detail/landing_target_pose__functions.c\n'}
[9.100850] (px4_msgs) StdoutLine: {'line': b'-- Up-to-date: /home/maizaied03/ros2_ws/install/px4_msgs/include/px4_msgs/px4_msgs/msg/detail/ulog_stream_ack__functions.h\n'}
[9.100902] (px4_msgs) StdoutLine: {'line': b'-- Up-to-date: /home/maizaied03/ros2_ws/install/px4_msgs/include/px4_msgs/px4_msgs/msg/detail/vehicle_optical_flow_vel__type_support.h\n'}
[9.101031] (px4_msgs) StdoutLine: {'line': b'-- Up-to-date: /home/maizaied03/ros2_ws/install/px4_msgs/include/px4_msgs/px4_msgs/msg/detail/figure_eight_status__functions.c\n'}
[9.101092] (px4_msgs) StdoutLine: {'line': b'-- Up-to-date: /home/maizaied03/ros2_ws/install/px4_msgs/include/px4_msgs/px4_msgs/msg/detail/camera_trigger__functions.c\n'}
[9.101152] (px4_msgs) StdoutLine: {'line': b'-- Up-to-date: /home/maizaied03/ros2_ws/install/px4_msgs/include/px4_msgs/px4_msgs/msg/detail/camera_trigger__struct.h\n'}
[9.101214] (px4_msgs) StdoutLine: {'line': b'-- Up-to-date: /home/maizaied03/ros2_ws/install/px4_msgs/include/px4_msgs/px4_msgs/msg/detail/telemetry_status__functions.c\n'}
[9.101272] (px4_msgs) StdoutLine: {'line': b'-- Up-to-date: /home/maizaied03/ros2_ws/install/px4_msgs/include/px4_msgs/px4_msgs/msg/detail/fixed_wing_lateral_guidance_status__functions.h\n'}
[9.101328] (px4_msgs) StdoutLine: {'line': b'-- Up-to-date: /home/maizaied03/ros2_ws/install/px4_msgs/include/px4_msgs/px4_msgs/msg/detail/orb_test__type_support.h\n'}
[9.101388] (px4_msgs) StdoutLine: {'line': b'-- Up-to-date: /home/maizaied03/ros2_ws/install/px4_msgs/include/px4_msgs/px4_msgs/msg/detail/sensor_preflight_mag__functions.c\n'}
[9.101445] (px4_msgs) StdoutLine: {'line': b'-- Up-to-date: /home/maizaied03/ros2_ws/install/px4_msgs/include/px4_msgs/px4_msgs/msg/detail/launch_detection_status__struct.h\n'}
[9.101524] (px4_msgs) StdoutLine: {'line': b'-- Up-to-date: /home/maizaied03/ros2_ws/install/px4_msgs/include/px4_msgs/px4_msgs/msg/detail/mavlink_log__struct.h\n'}
[9.101581] (px4_msgs) StdoutLine: {'line': b'-- Up-to-date: /home/maizaied03/ros2_ws/install/px4_msgs/include/px4_msgs/px4_msgs/msg/detail/ekf2_timestamps__functions.c\n'}
[9.101752] (px4_msgs) StdoutLine: {'line': b'-- Up-to-date: /home/maizaied03/ros2_ws/install/px4_msgs/include/px4_msgs/px4_msgs/msg/detail/velocity_limits__type_support.h\n'}
[9.101812] (px4_msgs) StdoutLine: {'line': b'-- Up-to-date: /home/maizaied03/ros2_ws/install/px4_msgs/include/px4_msgs/px4_msgs/msg/detail/sensor_combined__struct.h\n'}
[9.101869] (px4_msgs) StdoutLine: {'line': b'-- Up-to-date: /home/maizaied03/ros2_ws/install/px4_msgs/include/px4_msgs/px4_msgs/msg/detail/battery_status__functions.h\n'}
[9.101954] (px4_msgs) StdoutLine: {'line': b'-- Up-to-date: /home/maizaied03/ros2_ws/install/px4_msgs/include/px4_msgs/px4_msgs/msg/detail/vehicle_magnetometer__functions.c\n'}
[9.102023] (px4_msgs) StdoutLine: {'line': b'-- Up-to-date: /home/maizaied03/ros2_ws/install/px4_msgs/include/px4_msgs/px4_msgs/msg/detail/estimator_innovations__functions.h\n'}
[9.102081] (px4_msgs) StdoutLine: {'line': b'-- Up-to-date: /home/maizaied03/ros2_ws/install/px4_msgs/include/px4_msgs/px4_msgs/msg/detail/rover_rate_setpoint__functions.h\n'}
[9.102138] (px4_msgs) StdoutLine: {'line': b'-- Up-to-date: /home/maizaied03/ros2_ws/install/px4_msgs/include/px4_msgs/px4_msgs/msg/detail/home_position__type_support.h\n'}
[9.102225] (px4_msgs) StdoutLine: {'line': b'-- Up-to-date: /home/maizaied03/ros2_ws/install/px4_msgs/include/px4_msgs/px4_msgs/msg/detail/obstacle_distance__functions.c\n'}
[9.102288] (px4_msgs) StdoutLine: {'line': b'-- Up-to-date: /home/maizaied03/ros2_ws/install/px4_msgs/include/px4_msgs/px4_msgs/msg/detail/vehicle_angular_acceleration_setpoint__type_support.h\n'}
[9.102350] (px4_msgs) StdoutLine: {'line': b'-- Up-to-date: /home/maizaied03/ros2_ws/install/px4_msgs/include/px4_msgs/px4_msgs/msg/detail/vehicle_angular_velocity__functions.c\n'}
[9.102412] (px4_msgs) StdoutLine: {'line': b'-- Up-to-date: /home/maizaied03/ros2_ws/install/px4_msgs/include/px4_msgs/px4_msgs/msg/detail/debug_key_value__struct.h\n'}
[9.102524] (px4_msgs) StdoutLine: {'line': b'-- Up-to-date: /home/maizaied03/ros2_ws/install/px4_msgs/include/px4_msgs/px4_msgs/msg/detail/position_controller_status__functions.h\n'}
[9.102625] (px4_msgs) StdoutLine: {'line': b'-- Up-to-date: /home/maizaied03/ros2_ws/install/px4_msgs/include/px4_msgs/px4_msgs/msg/detail/yaw_estimator_status__type_support.h\n'}
[9.102716] (px4_msgs) StdoutLine: {'line': b'-- Up-to-date: /home/maizaied03/ros2_ws/install/px4_msgs/include/px4_msgs/px4_msgs/msg/detail/hover_thrust_estimate__type_support.h\n'}
[9.102802] (px4_msgs) StdoutLine: {'line': b'-- Up-to-date: /home/maizaied03/ros2_ws/install/px4_msgs/include/px4_msgs/px4_msgs/msg/detail/transponder_report__functions.h\n'}
[9.102865] (px4_msgs) StdoutLine: {'line': b'-- Up-to-date: /home/maizaied03/ros2_ws/install/px4_msgs/include/px4_msgs/px4_msgs/msg/detail/debug_key_value__functions.c\n'}
[9.102927] (px4_msgs) StdoutLine: {'line': b'-- Up-to-date: /home/maizaied03/ros2_ws/install/px4_msgs/include/px4_msgs/px4_msgs/msg/detail/position_controller_status__functions.c\n'}
[9.103018] (px4_msgs) StdoutLine: {'line': b'-- Up-to-date: /home/maizaied03/ros2_ws/install/px4_msgs/include/px4_msgs/px4_msgs/msg/detail/parameter_update__struct.h\n'}
[9.103106] (px4_msgs) StdoutLine: {'line': b'-- Up-to-date: /home/maizaied03/ros2_ws/install/px4_msgs/include/px4_msgs/px4_msgs/msg/detail/sensor_accel_fifo__type_support.h\n'}
[9.103172] (px4_msgs) StdoutLine: {'line': b'-- Up-to-date: /home/maizaied03/ros2_ws/install/px4_msgs/include/px4_msgs/px4_msgs/msg/detail/irlock_report__struct.h\n'}
[9.103241] (px4_msgs) StdoutLine: {'line': b'-- Up-to-date: /home/maizaied03/ros2_ws/install/px4_msgs/include/px4_msgs/px4_msgs/msg/detail/radio_status__struct.h\n'}
[9.103310] (px4_msgs) StdoutLine: {'line': b'-- Up-to-date: /home/maizaied03/ros2_ws/install/px4_msgs/include/px4_msgs/px4_msgs/msg/detail/landing_target_innovations__functions.h\n'}
[9.103413] (px4_msgs) StdoutLine: {'line': b'-- Up-to-date: /home/maizaied03/ros2_ws/install/px4_msgs/include/px4_msgs/px4_msgs/msg/detail/tiltrotor_extra_controls__struct.h\n'}
[9.103500] (px4_msgs) StdoutLine: {'line': b'-- Up-to-date: /home/maizaied03/ros2_ws/install/px4_msgs/include/px4_msgs/px4_msgs/msg/detail/longitudinal_control_configuration__type_support.h\n'}
[9.103570] (px4_msgs) StdoutLine: {'line': b'-- Up-to-date: /home/maizaied03/ros2_ws/install/px4_msgs/include/px4_msgs/px4_msgs/msg/detail/rover_attitude_status__type_support.h\n'}
[9.103676] (px4_msgs) StdoutLine: {'line': b'-- Up-to-date: /home/maizaied03/ros2_ws/install/px4_msgs/include/px4_msgs/px4_msgs/msg/detail/sensor_baro__type_support.h\n'}
[9.103774] (px4_msgs) StdoutLine: {'line': b'-- Up-to-date: /home/maizaied03/ros2_ws/install/px4_msgs/include/px4_msgs/px4_msgs/msg/detail/esc_report__struct.h\n'}
[9.103843] (px4_msgs) StdoutLine: {'line': b'-- Up-to-date: /home/maizaied03/ros2_ws/install/px4_msgs/include/px4_msgs/px4_msgs/msg/detail/px4io_status__type_support.h\n'}
[9.103912] (px4_msgs) StdoutLine: {'line': b'-- Up-to-date: /home/maizaied03/ros2_ws/install/px4_msgs/include/px4_msgs/px4_msgs/msg/detail/sensors_status__functions.h\n'}
[9.103982] (px4_msgs) StdoutLine: {'line': b'-- Up-to-date: /home/maizaied03/ros2_ws/install/px4_msgs/include/px4_msgs/px4_msgs/msg/detail/landing_target_pose__type_support.h\n'}
[9.104088] (px4_msgs) StdoutLine: {'line': b'-- Up-to-date: /home/maizaied03/ros2_ws/install/px4_msgs/include/px4_msgs/px4_msgs/msg/detail/qshell_req__functions.c\n'}
[9.104147] (px4_msgs) StdoutLine: {'line': b'-- Up-to-date: /home/maizaied03/ros2_ws/install/px4_msgs/include/px4_msgs/px4_msgs/msg/detail/message_format_response__functions.c\n'}
[9.104223] (px4_msgs) StdoutLine: {'line': b'-- Up-to-date: /home/maizaied03/ros2_ws/install/px4_msgs/include/px4_msgs/px4_msgs/msg/detail/estimator_aid_source2d__type_support.h\n'}
[9.104282] (px4_msgs) StdoutLine: {'line': b'-- Up-to-date: /home/maizaied03/ros2_ws/install/px4_msgs/include/px4_msgs/px4_msgs/msg/detail/estimator_bias3d__struct.h\n'}
[9.104340] (px4_msgs) StdoutLine: {'line': b'-- Up-to-date: /home/maizaied03/ros2_ws/install/px4_msgs/include/px4_msgs/px4_msgs/msg/detail/estimator_event_flags__struct.h\n'}
[9.104440] (px4_msgs) StdoutLine: {'line': b'-- Up-to-date: /home/maizaied03/ros2_ws/install/px4_msgs/include/px4_msgs/px4_msgs/msg/detail/battery_status__struct.h\n'}
[9.104499] (px4_msgs) StdoutLine: {'line': b'-- Up-to-date: /home/maizaied03/ros2_ws/install/px4_msgs/include/px4_msgs/px4_msgs/msg/detail/ulog_stream_ack__functions.c\n'}
[9.104556] (px4_msgs) StdoutLine: {'line': b'-- Up-to-date: /home/maizaied03/ros2_ws/install/px4_msgs/include/px4_msgs/px4_msgs/msg/detail/esc_status__struct.h\n'}
[9.104654] (px4_msgs) StdoutLine: {'line': b'-- Up-to-date: /home/maizaied03/ros2_ws/install/px4_msgs/include/px4_msgs/px4_msgs/msg/detail/vehicle_global_position__struct.h\n'}
[9.104749] (px4_msgs) StdoutLine: {'line': b'-- Up-to-date: /home/maizaied03/ros2_ws/install/px4_msgs/include/px4_msgs/px4_msgs/msg/detail/position_controller_status__type_support.h\n'}
[9.104832] (px4_msgs) StdoutLine: {'line': b'-- Up-to-date: /home/maizaied03/ros2_ws/install/px4_msgs/include/px4_msgs/px4_msgs/msg/detail/px4io_status__functions.h\n'}
[9.104891] (px4_msgs) StdoutLine: {'line': b'-- Up-to-date: /home/maizaied03/ros2_ws/install/px4_msgs/include/px4_msgs/px4_msgs/msg/detail/rover_attitude_setpoint__functions.c\n'}
[9.104948] (px4_msgs) StdoutLine: {'line': b'-- Up-to-date: /home/maizaied03/ros2_ws/install/px4_msgs/include/px4_msgs/px4_msgs/msg/detail/satellite_info__functions.h\n'}
[9.105005] (px4_msgs) StdoutLine: {'line': b'-- Up-to-date: /home/maizaied03/ros2_ws/install/px4_msgs/include/px4_msgs/px4_msgs/msg/detail/actuator_controls_status__functions.c\n'}
[9.105103] (px4_msgs) StdoutLine: {'line': b'-- Up-to-date: /home/maizaied03/ros2_ws/install/px4_msgs/include/px4_msgs/px4_msgs/msg/detail/system_power__functions.h\n'}
[9.105162] (px4_msgs) StdoutLine: {'line': b'-- Up-to-date: /home/maizaied03/ros2_ws/install/px4_msgs/include/px4_msgs/px4_msgs/msg/detail/gimbal_manager_set_attitude__struct.h\n'}
[9.105245] (px4_msgs) StdoutLine: {'line': b'-- Up-to-date: /home/maizaied03/ros2_ws/install/px4_msgs/include/px4_msgs/px4_msgs/msg/detail/vehicle_angular_velocity__functions.h\n'}
[9.105299] (px4_msgs) StdoutLine: {'line': b'-- Up-to-date: /home/maizaied03/ros2_ws/install/px4_msgs/include/px4_msgs/px4_msgs/msg/detail/rover_position_setpoint__struct.h\n'}
[9.105356] (px4_msgs) StdoutLine: {'line': b'-- Up-to-date: /home/maizaied03/ros2_ws/install/px4_msgs/include/px4_msgs/px4_msgs/msg/detail/actuator_armed__type_support.h\n'}
[9.105413] (px4_msgs) StdoutLine: {'line': b'-- Up-to-date: /home/maizaied03/ros2_ws/install/px4_msgs/include/px4_msgs/px4_msgs/msg/detail/position_controller_landing_status__type_support.h\n'}
[9.105471] (px4_msgs) StdoutLine: {'line': b'-- Up-to-date: /home/maizaied03/ros2_ws/install/px4_msgs/include/px4_msgs/px4_msgs/msg/detail/parameter_set_value_response__functions.c\n'}
[9.105528] (px4_msgs) StdoutLine: {'line': b'-- Up-to-date: /home/maizaied03/ros2_ws/install/px4_msgs/include/px4_msgs/px4_msgs/msg/detail/rover_rate_setpoint__functions.c\n'}
[9.105585] (px4_msgs) StdoutLine: {'line': b'-- Up-to-date: /home/maizaied03/ros2_ws/install/px4_msgs/include/px4_msgs/px4_msgs/msg/detail/vehicle_command_ack__struct.h\n'}
[9.105699] (px4_msgs) StdoutLine: {'line': b'-- Up-to-date: /home/maizaied03/ros2_ws/install/px4_msgs/include/px4_msgs/px4_msgs/msg/detail/open_drone_id_operator_id__type_support.h\n'}
[9.105759] (px4_msgs) StdoutLine: {'line': b'-- Up-to-date: /home/maizaied03/ros2_ws/install/px4_msgs/include/px4_msgs/px4_msgs/msg/detail/sensor_preflight_mag__struct.h\n'}
[9.105836] (px4_msgs) StdoutLine: {'line': b'-- Up-to-date: /home/maizaied03/ros2_ws/install/px4_msgs/include/px4_msgs/px4_msgs/msg/detail/follow_target__struct.h\n'}
[9.105894] (px4_msgs) StdoutLine: {'line': b'-- Up-to-date: /home/maizaied03/ros2_ws/install/px4_msgs/include/px4_msgs/px4_msgs/msg/detail/cpuload__functions.h\n'}
[9.105951] (px4_msgs) StdoutLine: {'line': b'-- Up-to-date: /home/maizaied03/ros2_ws/install/px4_msgs/include/px4_msgs/px4_msgs/msg/detail/estimator_selector_status__type_support.h\n'}
[9.106051] (px4_msgs) StdoutLine: {'line': b'-- Up-to-date: /home/maizaied03/ros2_ws/install/px4_msgs/include/px4_msgs/px4_msgs/msg/detail/sensor_airflow__type_support.h\n'}
[9.106126] (px4_msgs) StdoutLine: {'line': b'-- Up-to-date: /home/maizaied03/ros2_ws/install/px4_msgs/include/px4_msgs/px4_msgs/msg/detail/task_stack_info__functions.c\n'}
[9.106222] (px4_msgs) StdoutLine: {'line': b'-- Up-to-date: /home/maizaied03/ros2_ws/install/px4_msgs/include/px4_msgs/px4_msgs/msg/detail/gpio_request__struct.h\n'}
[9.106310] (px4_msgs) StdoutLine: {'line': b'-- Up-to-date: /home/maizaied03/ros2_ws/install/px4_msgs/include/px4_msgs/px4_msgs/msg/detail/vehicle_imu_status__type_support.h\n'}
[9.106424] (px4_msgs) StdoutLine: {'line': b'-- Up-to-date: /home/maizaied03/ros2_ws/install/px4_msgs/include/px4_msgs/px4_msgs/msg/detail/pwm_input__struct.h\n'}
[9.106501] (px4_msgs) StdoutLine: {'line': b'-- Up-to-date: /home/maizaied03/ros2_ws/install/px4_msgs/include/px4_msgs/px4_msgs/msg/detail/sensor_gyro_fft__struct.h\n'}
[9.106577] (px4_msgs) StdoutLine: {'line': b'-- Up-to-date: /home/maizaied03/ros2_ws/install/px4_msgs/include/px4_msgs/px4_msgs/msg/detail/register_ext_component_reply__struct.h\n'}
[9.106708] (px4_msgs) StdoutLine: {'line': b'-- Up-to-date: /home/maizaied03/ros2_ws/install/px4_msgs/include/px4_msgs/px4_msgs/msg/detail/can_interface_status__type_support.h\n'}
[9.106813] (px4_msgs) StdoutLine: {'line': b'-- Up-to-date: /home/maizaied03/ros2_ws/install/px4_msgs/include/px4_msgs/px4_msgs/msg/detail/rover_steering_setpoint__functions.c\n'}
[9.106994] (px4_msgs) StdoutLine: {'line': b'-- Up-to-date: /home/maizaied03/ros2_ws/install/px4_msgs/include/px4_msgs/px4_msgs/msg/detail/vehicle_local_position__type_support.h\n'}
[9.107080] (px4_msgs) StdoutLine: {'line': b'-- Up-to-date: /home/maizaied03/ros2_ws/install/px4_msgs/include/px4_msgs/px4_msgs/msg/detail/radio_status__functions.c\n'}
[9.107170] (px4_msgs) StdoutLine: {'line': b'-- Up-to-date: /home/maizaied03/ros2_ws/install/px4_msgs/include/px4_msgs/px4_msgs/msg/detail/tecs_status__functions.h\n'}
[9.107237] (px4_msgs) StdoutLine: {'line': b'-- Up-to-date: /home/maizaied03/ros2_ws/install/px4_msgs/include/px4_msgs/px4_msgs/msg/detail/message_format_response__functions.h\n'}
[9.107320] (px4_msgs) StdoutLine: {'line': b'-- Up-to-date: /home/maizaied03/ros2_ws/install/px4_msgs/include/px4_msgs/px4_msgs/msg/detail/takeoff_status__struct.h\n'}
[9.107384] (px4_msgs) StdoutLine: {'line': b'-- Up-to-date: /home/maizaied03/ros2_ws/install/px4_msgs/include/px4_msgs/px4_msgs/msg/detail/vehicle_attitude_setpoint__struct.h\n'}
[9.107449] (px4_msgs) StdoutLine: {'line': b'-- Up-to-date: /home/maizaied03/ros2_ws/install/px4_msgs/include/px4_msgs/px4_msgs/msg/detail/sensor_gyro__type_support.h\n'}
[9.107513] (px4_msgs) StdoutLine: {'line': b'-- Up-to-date: /home/maizaied03/ros2_ws/install/px4_msgs/include/px4_msgs/px4_msgs/msg/detail/gpio_out__struct.h\n'}
[9.107574] (px4_msgs) StdoutLine: {'line': b'-- Up-to-date: /home/maizaied03/ros2_ws/install/px4_msgs/include/px4_msgs/px4_msgs/msg/detail/sensor_mag__struct.h\n'}
[9.107691] (px4_msgs) StdoutLine: {'line': b'-- Up-to-date: /home/maizaied03/ros2_ws/install/px4_msgs/include/px4_msgs/px4_msgs/msg/detail/position_controller_landing_status__functions.c\n'}
[9.107791] (px4_msgs) StdoutLine: {'line': b'-- Up-to-date: /home/maizaied03/ros2_ws/install/px4_msgs/include/px4_msgs/px4_msgs/msg/detail/mission_result__functions.c\n'}
[9.107897] (px4_msgs) StdoutLine: {'line': b'-- Up-to-date: /home/maizaied03/ros2_ws/install/px4_msgs/include/px4_msgs/px4_msgs/msg/detail/battery_status__type_support.h\n'}
[9.107962] (px4_msgs) StdoutLine: {'line': b'-- Up-to-date: /home/maizaied03/ros2_ws/install/px4_msgs/include/px4_msgs/px4_msgs/msg/detail/health_report__type_support.h\n'}
[9.108021] (px4_msgs) StdoutLine: {'line': b'-- Up-to-date: /home/maizaied03/ros2_ws/install/px4_msgs/include/px4_msgs/px4_msgs/msg/detail/parameter_set_value_request__functions.c\n'}
[9.108101] (px4_msgs) StdoutLine: {'line': b'-- Up-to-date: /home/maizaied03/ros2_ws/install/px4_msgs/include/px4_msgs/px4_msgs/msg/detail/failsafe_flags__type_support.h\n'}
[9.108188] (px4_msgs) StdoutLine: {'line': b'-- Up-to-date: /home/maizaied03/ros2_ws/install/px4_msgs/include/px4_msgs/px4_msgs/msg/detail/rtl_time_estimate__type_support.h\n'}
[9.108245] (px4_msgs) StdoutLine: {'line': b'-- Up-to-date: /home/maizaied03/ros2_ws/install/px4_msgs/include/px4_msgs/px4_msgs/msg/detail/sensor_correction__struct.h\n'}
[9.108329] (px4_msgs) StdoutLine: {'line': b'-- Up-to-date: /home/maizaied03/ros2_ws/install/px4_msgs/include/px4_msgs/px4_msgs/msg/detail/rover_speed_setpoint__struct.h\n'}
[9.108406] (px4_msgs) StdoutLine: {'line': b'-- Up-to-date: /home/maizaied03/ros2_ws/install/px4_msgs/include/px4_msgs/px4_msgs/msg/detail/ekf2_timestamps__functions.h\n'}
[9.108465] (px4_msgs) StdoutLine: {'line': b'-- Up-to-date: /home/maizaied03/ros2_ws/install/px4_msgs/include/px4_msgs/px4_msgs/msg/detail/vtol_vehicle_status__struct.h\n'}
[9.108541] (px4_msgs) StdoutLine: {'line': b'-- Up-to-date: /home/maizaied03/ros2_ws/install/px4_msgs/include/px4_msgs/px4_msgs/msg/detail/airspeed__functions.c\n'}
[9.108629] (px4_msgs) StdoutLine: {'line': b'-- Up-to-date: /home/maizaied03/ros2_ws/install/px4_msgs/include/px4_msgs/px4_msgs/msg/detail/sensor_mag__functions.c\n'}
[9.108699] (px4_msgs) StdoutLine: {'line': b'-- Up-to-date: /home/maizaied03/ros2_ws/install/px4_msgs/include/px4_msgs/px4_msgs/msg/detail/rover_attitude_setpoint__type_support.h\n'}
[9.108756] (px4_msgs) StdoutLine: {'line': b'-- Up-to-date: /home/maizaied03/ros2_ws/install/px4_msgs/include/px4_msgs/px4_msgs/msg/detail/flight_phase_estimation__struct.h\n'}
[9.108810] (px4_msgs) StdoutLine: {'line': b'-- Up-to-date: /home/maizaied03/ros2_ws/install/px4_msgs/include/px4_msgs/px4_msgs/msg/detail/raptor_status__functions.h\n'}
[9.108865] (px4_msgs) StdoutLine: {'line': b'-- Up-to-date: /home/maizaied03/ros2_ws/install/px4_msgs/include/px4_msgs/px4_msgs/msg/detail/actuator_motors__type_support.h\n'}
[9.108918] (px4_msgs) StdoutLine: {'line': b'-- Up-to-date: /home/maizaied03/ros2_ws/install/px4_msgs/include/px4_msgs/px4_msgs/msg/detail/open_drone_id_operator_id__struct.h\n'}
[9.108972] (px4_msgs) StdoutLine: {'line': b'-- Up-to-date: /home/maizaied03/ros2_ws/install/px4_msgs/include/px4_msgs/px4_msgs/msg/detail/takeoff_status__functions.h\n'}
[9.109027] (px4_msgs) StdoutLine: {'line': b'-- Up-to-date: /home/maizaied03/ros2_ws/install/px4_msgs/include/px4_msgs/px4_msgs/msg/detail/mavlink_log__functions.h\n'}
[9.109082] (px4_msgs) StdoutLine: {'line': b'-- Up-to-date: /home/maizaied03/ros2_ws/install/px4_msgs/include/px4_msgs/px4_msgs/msg/detail/sensor_temp__functions.c\n'}
[9.109149] (px4_msgs) StdoutLine: {'line': b'-- Up-to-date: /home/maizaied03/ros2_ws/install/px4_msgs/include/px4_msgs/px4_msgs/msg/detail/sensor_gnss_relative__struct.h\n'}
[9.109224] (px4_msgs) StdoutLine: {'line': b'-- Up-to-date: /home/maizaied03/ros2_ws/install/px4_msgs/include/px4_msgs/px4_msgs/msg/detail/orbit_status__functions.h\n'}
[9.109281] (px4_msgs) StdoutLine: {'line': b'-- Up-to-date: /home/maizaied03/ros2_ws/install/px4_msgs/include/px4_msgs/px4_msgs/msg/detail/estimator_gps_status__functions.h\n'}
[9.109338] (px4_msgs) StdoutLine: {'line': b'-- Up-to-date: /home/maizaied03/ros2_ws/install/px4_msgs/include/px4_msgs/px4_msgs/msg/detail/tune_control__functions.c\n'}
[9.109395] (px4_msgs) StdoutLine: {'line': b'-- Up-to-date: /home/maizaied03/ros2_ws/install/px4_msgs/include/px4_msgs/px4_msgs/msg/detail/actuator_servos_trim__functions.h\n'}
[9.109475] (px4_msgs) StdoutLine: {'line': b'-- Up-to-date: /home/maizaied03/ros2_ws/install/px4_msgs/include/px4_msgs/px4_msgs/msg/detail/health_report__functions.c\n'}
[9.109535] (px4_msgs) StdoutLine: {'line': b'-- Up-to-date: /home/maizaied03/ros2_ws/install/px4_msgs/include/px4_msgs/px4_msgs/msg/detail/landing_gear__struct.h\n'}
[9.109625] (px4_msgs) StdoutLine: {'line': b'-- Up-to-date: /home/maizaied03/ros2_ws/install/px4_msgs/include/px4_msgs/px4_msgs/msg/detail/sensor_gyro_fft__type_support.h\n'}
[9.109721] (px4_msgs) StdoutLine: {'line': b'-- Up-to-date: /home/maizaied03/ros2_ws/install/px4_msgs/include/px4_msgs/px4_msgs/msg/detail/arming_check_reply__functions.c\n'}
[9.109806] (px4_msgs) StdoutLine: {'line': b'-- Up-to-date: /home/maizaied03/ros2_ws/install/px4_msgs/include/px4_msgs/px4_msgs/msg/detail/home_position__functions.h\n'}
[9.109864] (px4_msgs) StdoutLine: {'line': b'-- Up-to-date: /home/maizaied03/ros2_ws/install/px4_msgs/include/px4_msgs/px4_msgs/msg/detail/takeoff_status__functions.c\n'}
[9.109922] (px4_msgs) StdoutLine: {'line': b'-- Up-to-date: /home/maizaied03/ros2_ws/install/px4_msgs/include/px4_msgs/px4_msgs/msg/detail/landing_gear_wheel__functions.c\n'}
[9.110016] (px4_msgs) StdoutLine: {'line': b'-- Up-to-date: /home/maizaied03/ros2_ws/install/px4_msgs/include/px4_msgs/px4_msgs/msg/detail/sensor_hygrometer__type_support.h\n'}
[9.110100] (px4_msgs) StdoutLine: {'line': b'-- Up-to-date: /home/maizaied03/ros2_ws/install/px4_msgs/include/px4_msgs/px4_msgs/msg/detail/vehicle_acceleration__functions.c\n'}
[9.110186] (px4_msgs) StdoutLine: {'line': b'-- Up-to-date: /home/maizaied03/ros2_ws/install/px4_msgs/include/px4_msgs/px4_msgs/msg/detail/sensors_status__type_support.h\n'}
[9.110256] (px4_msgs) StdoutLine: {'line': b'-- Up-to-date: /home/maizaied03/ros2_ws/install/px4_msgs/include/px4_msgs/px4_msgs/msg/detail/estimator_innovations__functions.c\n'}
[9.110326] (px4_msgs) StdoutLine: {'line': b'-- Up-to-date: /home/maizaied03/ros2_ws/install/px4_msgs/include/px4_msgs/px4_msgs/msg/detail/estimator_selector_status__struct.h\n'}
[9.110394] (px4_msgs) StdoutLine: {'line': b'-- Up-to-date: /home/maizaied03/ros2_ws/install/px4_msgs/include/px4_msgs/px4_msgs/msg/detail/estimator_sensor_bias__struct.h\n'}
[9.110463] (px4_msgs) StdoutLine: {'line': b'-- Up-to-date: /home/maizaied03/ros2_ws/install/px4_msgs/include/px4_msgs/px4_msgs/msg/detail/fuel_tank_status__functions.c\n'}
[9.110565] (px4_msgs) StdoutLine: {'line': b'-- Up-to-date: /home/maizaied03/ros2_ws/install/px4_msgs/include/px4_msgs/px4_msgs/msg/detail/differential_pressure__functions.h\n'}
[9.110669] (px4_msgs) StdoutLine: {'line': b'-- Up-to-date: /home/maizaied03/ros2_ws/install/px4_msgs/include/px4_msgs/px4_msgs/msg/detail/vehicle_thrust_setpoint__type_support.h\n'}
[9.110764] (px4_msgs) StdoutLine: {'line': b'-- Up-to-date: /home/maizaied03/ros2_ws/install/px4_msgs/include/px4_msgs/px4_msgs/msg/detail/mount_orientation__functions.c\n'}
[9.110833] (px4_msgs) StdoutLine: {'line': b'-- Up-to-date: /home/maizaied03/ros2_ws/install/px4_msgs/include/px4_msgs/px4_msgs/msg/detail/distance_sensor_mode_change_request__functions.h\n'}
[9.110959] (px4_msgs) StdoutLine: {'line': b'-- Up-to-date: /home/maizaied03/ros2_ws/install/px4_msgs/include/px4_msgs/px4_msgs/msg/detail/camera_status__functions.h\n'}
[9.111031] (px4_msgs) StdoutLine: {'line': b'-- Up-to-date: /home/maizaied03/ros2_ws/install/px4_msgs/include/px4_msgs/px4_msgs/msg/detail/fixed_wing_lateral_guidance_status__functions.c\n'}
[9.111092] (px4_msgs) StdoutLine: {'line': b'-- Up-to-date: /home/maizaied03/ros2_ws/install/px4_msgs/include/px4_msgs/px4_msgs/msg/detail/position_setpoint__functions.c\n'}
[9.111152] (px4_msgs) StdoutLine: {'line': b'-- Up-to-date: /home/maizaied03/ros2_ws/install/px4_msgs/include/px4_msgs/px4_msgs/msg/detail/collision_constraints__type_support.h\n'}
[9.111214] (px4_msgs) StdoutLine: {'line': b'-- Up-to-date: /home/maizaied03/ros2_ws/install/px4_msgs/include/px4_msgs/px4_msgs/msg/detail/estimator_gps_status__type_support.h\n'}
[9.111310] (px4_msgs) StdoutLine: {'line': b'-- Up-to-date: /home/maizaied03/ros2_ws/install/px4_msgs/include/px4_msgs/px4_msgs/msg/detail/launch_detection_status__functions.h\n'}
[9.111371] (px4_msgs) StdoutLine: {'line': b'-- Up-to-date: /home/maizaied03/ros2_ws/install/px4_msgs/include/px4_msgs/px4_msgs/msg/detail/sensor_temp__struct.h\n'}
[9.111431] (px4_msgs) StdoutLine: {'line': b'-- Up-to-date: /home/maizaied03/ros2_ws/install/px4_msgs/include/px4_msgs/px4_msgs/msg/detail/manual_control_setpoint__functions.h\n'}
[9.111533] (px4_msgs) StdoutLine: {'line': b'-- Up-to-date: /home/maizaied03/ros2_ws/install/px4_msgs/include/px4_msgs/px4_msgs/msg/detail/internal_combustion_engine_control__functions.h\n'}
[9.111617] (px4_msgs) StdoutLine: {'line': b'-- Up-to-date: /home/maizaied03/ros2_ws/install/px4_msgs/include/px4_msgs/px4_msgs/msg/detail/qshell_retval__struct.h\n'}
[9.111681] (px4_msgs) StdoutLine: {'line': b'-- Up-to-date: /home/maizaied03/ros2_ws/install/px4_msgs/include/px4_msgs/px4_msgs/msg/detail/sensor_gyro__functions.h\n'}
[9.111738] (px4_msgs) StdoutLine: {'line': b'-- Up-to-date: /home/maizaied03/ros2_ws/install/px4_msgs/include/px4_msgs/px4_msgs/msg/detail/gpio_request__functions.c\n'}
[9.111795] (px4_msgs) StdoutLine: {'line': b'-- Up-to-date: /home/maizaied03/ros2_ws/install/px4_msgs/include/px4_msgs/px4_msgs/msg/detail/iridiumsbd_status__type_support.h\n'}
[9.111854] (px4_msgs) StdoutLine: {'line': b'-- Up-to-date: /home/maizaied03/ros2_ws/install/px4_msgs/include/px4_msgs/px4_msgs/msg/detail/fixed_wing_lateral_setpoint__type_support.h\n'}
[9.111916] (px4_msgs) StdoutLine: {'line': b'-- Up-to-date: /home/maizaied03/ros2_ws/install/px4_msgs/include/px4_msgs/px4_msgs/msg/detail/wheel_encoders__struct.h\n'}
[9.112008] (px4_msgs) StdoutLine: {'line': b'-- Up-to-date: /home/maizaied03/ros2_ws/install/px4_msgs/include/px4_msgs/px4_msgs/msg/detail/follow_target__type_support.h\n'}
[9.112099] (px4_msgs) StdoutLine: {'line': b'-- Up-to-date: /home/maizaied03/ros2_ws/install/px4_msgs/include/px4_msgs/px4_msgs/msg/detail/action_request__struct.h\n'}
[9.112174] (px4_msgs) StdoutLine: {'line': b'-- Up-to-date: /home/maizaied03/ros2_ws/install/px4_msgs/include/px4_msgs/px4_msgs/msg/detail/gpio_out__type_support.h\n'}
[9.112239] (px4_msgs) StdoutLine: {'line': b'-- Up-to-date: /home/maizaied03/ros2_ws/install/px4_msgs/include/px4_msgs/px4_msgs/msg/detail/actuator_servos__functions.h\n'}
[9.112299] (px4_msgs) StdoutLine: {'line': b'-- Up-to-date: /home/maizaied03/ros2_ws/install/px4_msgs/include/px4_msgs/px4_msgs/msg/detail/vehicle_thrust_setpoint__struct.h\n'}
[9.112360] (px4_msgs) StdoutLine: {'line': b'-- Up-to-date: /home/maizaied03/ros2_ws/install/px4_msgs/include/px4_msgs/px4_msgs/msg/detail/landing_gear__functions.h\n'}
[9.112420] (px4_msgs) StdoutLine: {'line': b'-- Up-to-date: /home/maizaied03/ros2_ws/install/px4_msgs/include/px4_msgs/px4_msgs/msg/detail/lateral_control_configuration__functions.h\n'}
[9.112479] (px4_msgs) StdoutLine: {'line': b'-- Up-to-date: /home/maizaied03/ros2_ws/install/px4_msgs/include/px4_msgs/px4_msgs/msg/detail/parameter_reset_request__type_support.h\n'}
[9.112569] (px4_msgs) StdoutLine: {'line': b'-- Up-to-date: /home/maizaied03/ros2_ws/install/px4_msgs/include/px4_msgs/px4_msgs/msg/detail/gimbal_manager_set_attitude__type_support.h\n'}
[9.112655] (px4_msgs) StdoutLine: {'line': b'-- Up-to-date: /home/maizaied03/ros2_ws/install/px4_msgs/include/px4_msgs/px4_msgs/msg/detail/sensor_gyro__struct.h\n'}
[9.112732] (px4_msgs) StdoutLine: {'line': b'-- Up-to-date: /home/maizaied03/ros2_ws/install/px4_msgs/include/px4_msgs/px4_msgs/msg/detail/estimator_innovations__type_support.h\n'}
[9.112791] (px4_msgs) StdoutLine: {'line': b'-- Up-to-date: /home/maizaied03/ros2_ws/install/px4_msgs/include/px4_msgs/px4_msgs/msg/detail/obstacle_distance__struct.h\n'}
[9.112848] (px4_msgs) StdoutLine: {'line': b'-- Up-to-date: /home/maizaied03/ros2_ws/install/px4_msgs/include/px4_msgs/px4_msgs/msg/detail/sensor_uwb__type_support.h\n'}
[9.112905] (px4_msgs) StdoutLine: {'line': b'-- Up-to-date: /home/maizaied03/ros2_ws/install/px4_msgs/include/px4_msgs/px4_msgs/msg/detail/vtx__struct.h\n'}
[9.112963] (px4_msgs) StdoutLine: {'line': b'-- Up-to-date: /home/maizaied03/ros2_ws/install/px4_msgs/include/px4_msgs/px4_msgs/msg/detail/debug_array__functions.c\n'}
[9.113021] (px4_msgs) StdoutLine: {'line': b'-- Up-to-date: /home/maizaied03/ros2_ws/install/px4_msgs/include/px4_msgs/px4_msgs/msg/detail/vehicle_control_mode__functions.c\n'}
[9.113090] (px4_msgs) StdoutLine: {'line': b'-- Up-to-date: /home/maizaied03/ros2_ws/install/px4_msgs/include/px4_msgs/px4_msgs/msg/detail/sensors_status__functions.c\n'}
[9.113202] (px4_msgs) StdoutLine: {'line': b'-- Up-to-date: /home/maizaied03/ros2_ws/install/px4_msgs/include/px4_msgs/px4_msgs/msg/detail/mavlink_tunnel__struct.h\n'}
[9.113300] (px4_msgs) StdoutLine: {'line': b'-- Up-to-date: /home/maizaied03/ros2_ws/install/px4_msgs/include/px4_msgs/px4_msgs/msg/detail/actuator_test__functions.c\n'}
[9.113385] (px4_msgs) StdoutLine: {'line': b'-- Up-to-date: /home/maizaied03/ros2_ws/install/px4_msgs/include/px4_msgs/px4_msgs/msg/detail/navigator_mission_item__struct.h\n'}
[9.113445] (px4_msgs) StdoutLine: {'line': b'-- Up-to-date: /home/maizaied03/ros2_ws/install/px4_msgs/include/px4_msgs/px4_msgs/msg/detail/trajectory_setpoint__functions.c\n'}
[9.113503] (px4_msgs) StdoutLine: {'line': b'-- Up-to-date: /home/maizaied03/ros2_ws/install/px4_msgs/include/px4_msgs/px4_msgs/msg/detail/vehicle_acceleration__functions.h\n'}
[9.113560] (px4_msgs) StdoutLine: {'line': b'-- Up-to-date: /home/maizaied03/ros2_ws/install/px4_msgs/include/px4_msgs/px4_msgs/msg/detail/message_format_request__functions.c\n'}
[9.113664] (px4_msgs) StdoutLine: {'line': b'-- Up-to-date: /home/maizaied03/ros2_ws/install/px4_msgs/include/px4_msgs/px4_msgs/msg/detail/landing_gear_wheel__functions.h\n'}
[9.113749] (px4_msgs) StdoutLine: {'line': b'-- Up-to-date: /home/maizaied03/ros2_ws/install/px4_msgs/include/px4_msgs/px4_msgs/msg/detail/hover_thrust_estimate__struct.h\n'}
[9.113830] (px4_msgs) StdoutLine: {'line': b'-- Up-to-date: /home/maizaied03/ros2_ws/install/px4_msgs/include/px4_msgs/px4_msgs/msg/detail/sensor_gps__functions.h\n'}
[9.113890] (px4_msgs) StdoutLine: {'line': b'-- Up-to-date: /home/maizaied03/ros2_ws/install/px4_msgs/include/px4_msgs/px4_msgs/msg/detail/pps_capture__type_support.h\n'}
[9.113950] (px4_msgs) StdoutLine: {'line': b'-- Up-to-date: /home/maizaied03/ros2_ws/install/px4_msgs/include/px4_msgs/px4_msgs/msg/detail/gimbal_controls__functions.h\n'}
[9.114008] (px4_msgs) StdoutLine: {'line': b'-- Up-to-date: /home/maizaied03/ros2_ws/install/px4_msgs/include/px4_msgs/px4_msgs/msg/detail/normalized_unsigned_setpoint__functions.c\n'}
[9.114069] (px4_msgs) StdoutLine: {'line': b'-- Up-to-date: /home/maizaied03/ros2_ws/install/px4_msgs/include/px4_msgs/px4_msgs/msg/detail/sensor_optical_flow__functions.h\n'}
[9.114166] (px4_msgs) StdoutLine: {'line': b'-- Up-to-date: /home/maizaied03/ros2_ws/install/px4_msgs/include/px4_msgs/px4_msgs/msg/detail/input_rc__type_support.h\n'}
[9.114233] (px4_msgs) StdoutLine: {'line': b'-- Up-to-date: /home/maizaied03/ros2_ws/install/px4_msgs/include/px4_msgs/px4_msgs/msg/detail/event__type_support.h\n'}
[9.114318] (px4_msgs) StdoutLine: {'line': b'-- Up-to-date: /home/maizaied03/ros2_ws/install/px4_msgs/include/px4_msgs/px4_msgs/msg/detail/ulog_stream__functions.h\n'}
[9.114402] (px4_msgs) StdoutLine: {'line': b'-- Up-to-date: /home/maizaied03/ros2_ws/install/px4_msgs/include/px4_msgs/px4_msgs/msg/detail/vehicle_constraints__struct.h\n'}
[9.114470] (px4_msgs) StdoutLine: {'line': b'-- Up-to-date: /home/maizaied03/ros2_ws/install/px4_msgs/include/px4_msgs/px4_msgs/msg/detail/rpm__functions.c\n'}
[9.114541] (px4_msgs) StdoutLine: {'line': b'-- Up-to-date: /home/maizaied03/ros2_ws/install/px4_msgs/include/px4_msgs/px4_msgs/msg/detail/sensor_temp__functions.h\n'}
[9.114649] (px4_msgs) StdoutLine: {'line': b'-- Up-to-date: /home/maizaied03/ros2_ws/install/px4_msgs/include/px4_msgs/px4_msgs/msg/detail/satellite_info__struct.h\n'}
[9.114746] (px4_msgs) StdoutLine: {'line': b'-- Up-to-date: /home/maizaied03/ros2_ws/install/px4_msgs/include/px4_msgs/px4_msgs/msg/detail/rover_position_setpoint__type_support.h\n'}
[9.114815] (px4_msgs) StdoutLine: {'line': b'-- Up-to-date: /home/maizaied03/ros2_ws/install/px4_msgs/include/px4_msgs/px4_msgs/msg/detail/position_setpoint__struct.h\n'}
[9.114882] (px4_msgs) StdoutLine: {'line': b'-- Up-to-date: /home/maizaied03/ros2_ws/install/px4_msgs/include/px4_msgs/px4_msgs/msg/detail/vehicle_roi__type_support.h\n'}
[9.114950] (px4_msgs) StdoutLine: {'line': b'-- Up-to-date: /home/maizaied03/ros2_ws/install/px4_msgs/include/px4_msgs/px4_msgs/msg/detail/debug_value__functions.h\n'}
[9.115049] (px4_msgs) StdoutLine: {'line': b'-- Up-to-date: /home/maizaied03/ros2_ws/install/px4_msgs/include/px4_msgs/px4_msgs/msg/detail/longitudinal_control_configuration__struct.h\n'}
[9.115111] (px4_msgs) StdoutLine: {'line': b'-- Up-to-date: /home/maizaied03/ros2_ws/install/px4_msgs/include/px4_msgs/px4_msgs/msg/detail/register_ext_component_request__type_support.h\n'}
[9.115223] (px4_msgs) StdoutLine: {'line': b'-- Up-to-date: /home/maizaied03/ros2_ws/install/px4_msgs/include/px4_msgs/px4_msgs/msg/detail/follow_target__functions.h\n'}
[9.115312] (px4_msgs) StdoutLine: {'line': b'-- Up-to-date: /home/maizaied03/ros2_ws/install/px4_msgs/include/px4_msgs/px4_msgs/msg/detail/actuator_outputs__type_support.h\n'}
[9.115376] (px4_msgs) StdoutLine: {'line': b'-- Up-to-date: /home/maizaied03/ros2_ws/install/px4_msgs/include/px4_msgs/px4_msgs/msg/detail/control_allocator_status__functions.c\n'}
[9.115440] (px4_msgs) StdoutLine: {'line': b'-- Up-to-date: /home/maizaied03/ros2_ws/install/px4_msgs/include/px4_msgs/px4_msgs/msg/detail/open_drone_id_arm_status__struct.h\n'}
[9.115501] (px4_msgs) StdoutLine: {'line': b'-- Up-to-date: /home/maizaied03/ros2_ws/install/px4_msgs/include/px4_msgs/px4_msgs/msg/detail/vehicle_global_position__type_support.h\n'}
[9.115563] (px4_msgs) StdoutLine: {'line': b'-- Up-to-date: /home/maizaied03/ros2_ws/install/px4_msgs/include/px4_msgs/px4_msgs/msg/detail/mavlink_tunnel__functions.h\n'}
[9.115648] (px4_msgs) StdoutLine: {'line': b'-- Up-to-date: /home/maizaied03/ros2_ws/install/px4_msgs/include/px4_msgs/px4_msgs/msg/detail/follow_target_estimator__type_support.h\n'}
[9.115709] (px4_msgs) StdoutLine: {'line': b'-- Up-to-date: /home/maizaied03/ros2_ws/install/px4_msgs/include/px4_msgs/px4_msgs/msg/detail/flight_phase_estimation__functions.c\n'}
[9.115771] (px4_msgs) StdoutLine: {'line': b'-- Up-to-date: /home/maizaied03/ros2_ws/install/px4_msgs/include/px4_msgs/px4_msgs/msg/detail/tiltrotor_extra_controls__functions.h\n'}
[9.115827] (px4_msgs) StdoutLine: {'line': b'-- Up-to-date: /home/maizaied03/ros2_ws/install/px4_msgs/include/px4_msgs/px4_msgs/msg/detail/action_request__type_support.h\n'}
[9.115881] (px4_msgs) StdoutLine: {'line': b'-- Up-to-date: /home/maizaied03/ros2_ws/install/px4_msgs/include/px4_msgs/px4_msgs/msg/detail/rover_throttle_setpoint__functions.c\n'}
[9.115935] (px4_msgs) StdoutLine: {'line': b'-- Up-to-date: /home/maizaied03/ros2_ws/install/px4_msgs/include/px4_msgs/px4_msgs/msg/detail/distance_sensor__functions.c\n'}
[9.116016] (px4_msgs) StdoutLine: {'line': b'-- Up-to-date: /home/maizaied03/ros2_ws/install/px4_msgs/include/px4_msgs/px4_msgs/msg/detail/power_button_state__functions.c\n'}
[9.116075] (px4_msgs) StdoutLine: {'line': b'-- Up-to-date: /home/maizaied03/ros2_ws/install/px4_msgs/include/px4_msgs/px4_msgs/msg/detail/rc_parameter_map__functions.c\n'}
[9.116128] (px4_msgs) StdoutLine: {'line': b'-- Up-to-date: /home/maizaied03/ros2_ws/install/px4_msgs/include/px4_msgs/px4_msgs/msg/detail/onboard_computer_status__type_support.h\n'}
[9.116185] (px4_msgs) StdoutLine: {'line': b'-- Up-to-date: /home/maizaied03/ros2_ws/install/px4_msgs/include/px4_msgs/px4_msgs/msg/detail/system_power__functions.c\n'}
[9.116240] (px4_msgs) StdoutLine: {'line': b'-- Up-to-date: /home/maizaied03/ros2_ws/install/px4_msgs/include/px4_msgs/px4_msgs/msg/detail/open_drone_id_arm_status__type_support.h\n'}
[9.116295] (px4_msgs) StdoutLine: {'line': b'-- Up-to-date: /home/maizaied03/ros2_ws/install/px4_msgs/include/px4_msgs/px4_msgs/msg/detail/sensor_correction__functions.c\n'}
[9.116350] (px4_msgs) StdoutLine: {'line': b'-- Up-to-date: /home/maizaied03/ros2_ws/install/px4_msgs/include/px4_msgs/px4_msgs/msg/detail/vehicle_angular_velocity__struct.h\n'}
[9.116404] (px4_msgs) StdoutLine: {'line': b'-- Up-to-date: /home/maizaied03/ros2_ws/install/px4_msgs/include/px4_msgs/px4_msgs/msg/detail/vehicle_imu__functions.h\n'}
[9.116457] (px4_msgs) StdoutLine: {'line': b'-- Up-to-date: /home/maizaied03/ros2_ws/install/px4_msgs/include/px4_msgs/px4_msgs/msg/detail/rtl_time_estimate__functions.c\n'}
[9.116521] (px4_msgs) StdoutLine: {'line': b'-- Up-to-date: /home/maizaied03/ros2_ws/install/px4_msgs/include/px4_msgs/px4_msgs/msg/detail/vehicle_angular_acceleration_setpoint__functions.c\n'}
[9.116579] (px4_msgs) StdoutLine: {'line': b'-- Up-to-date: /home/maizaied03/ros2_ws/install/px4_msgs/include/px4_msgs/px4_msgs/msg/detail/camera_status__struct.h\n'}
[9.116643] (px4_msgs) StdoutLine: {'line': b'-- Up-to-date: /home/maizaied03/ros2_ws/install/px4_msgs/include/px4_msgs/px4_msgs/msg/detail/navigator_status__functions.c\n'}
[9.116700] (px4_msgs) StdoutLine: {'line': b'-- Up-to-date: /home/maizaied03/ros2_ws/install/px4_msgs/include/px4_msgs/px4_msgs/msg/detail/pps_capture__struct.h\n'}
[9.116759] (px4_msgs) StdoutLine: {'line': b'-- Up-to-date: /home/maizaied03/ros2_ws/install/px4_msgs/include/px4_msgs/px4_msgs/msg/detail/arming_check_reply__functions.h\n'}
[9.116816] (px4_msgs) StdoutLine: {'line': b'-- Up-to-date: /home/maizaied03/ros2_ws/install/px4_msgs/include/px4_msgs/px4_msgs/msg/detail/orb_test_large__functions.c\n'}
[9.116873] (px4_msgs) StdoutLine: {'line': b'-- Up-to-date: /home/maizaied03/ros2_ws/install/px4_msgs/include/px4_msgs/px4_msgs/msg/detail/tiltrotor_extra_controls__type_support.h\n'}
[9.116943] (px4_msgs) StdoutLine: {'line': b'-- Up-to-date: /home/maizaied03/ros2_ws/install/px4_msgs/include/px4_msgs/px4_msgs/msg/detail/estimator_selector_status__functions.h\n'}
[9.116998] (px4_msgs) StdoutLine: {'line': b'-- Up-to-date: /home/maizaied03/ros2_ws/install/px4_msgs/include/px4_msgs/px4_msgs/msg/detail/actuator_armed__functions.h\n'}
[9.117056] (px4_msgs) StdoutLine: {'line': b'-- Up-to-date: /home/maizaied03/ros2_ws/install/px4_msgs/include/px4_msgs/px4_msgs/msg/detail/vtol_vehicle_status__type_support.h\n'}
[9.117112] (px4_msgs) StdoutLine: {'line': b'-- Up-to-date: /home/maizaied03/ros2_ws/install/px4_msgs/include/px4_msgs/px4_msgs/msg/detail/arming_check_reply__type_support.h\n'}
[9.117183] (px4_msgs) StdoutLine: {'line': b'-- Up-to-date: /home/maizaied03/ros2_ws/install/px4_msgs/include/px4_msgs/px4_msgs/msg/detail/qshell_retval__functions.h\n'}
[9.117237] (px4_msgs) StdoutLine: {'line': b'-- Up-to-date: /home/maizaied03/ros2_ws/install/px4_msgs/include/px4_msgs/px4_msgs/msg/detail/pps_capture__functions.c\n'}
[9.117293] (px4_msgs) StdoutLine: {'line': b'-- Up-to-date: /home/maizaied03/ros2_ws/install/px4_msgs/include/px4_msgs/px4_msgs/msg/detail/sensor_hygrometer__functions.h\n'}
[9.117350] (px4_msgs) StdoutLine: {'line': b'-- Up-to-date: /home/maizaied03/ros2_ws/install/px4_msgs/include/px4_msgs/px4_msgs/msg/detail/device_information__functions.h\n'}
[9.117408] (px4_msgs) StdoutLine: {'line': b'-- Up-to-date: /home/maizaied03/ros2_ws/install/px4_msgs/include/px4_msgs/px4_msgs/msg/detail/autotune_attitude_control_status__functions.h\n'}
[9.117466] (px4_msgs) StdoutLine: {'line': b'-- Up-to-date: /home/maizaied03/ros2_ws/install/px4_msgs/include/px4_msgs/px4_msgs/msg/detail/generator_status__functions.c\n'}
[9.117537] (px4_msgs) StdoutLine: {'line': b'-- Up-to-date: /home/maizaied03/ros2_ws/install/px4_msgs/include/px4_msgs/px4_msgs/msg/detail/rover_rate_status__functions.h\n'}
[9.117621] (px4_msgs) StdoutLine: {'line': b'-- Up-to-date: /home/maizaied03/ros2_ws/install/px4_msgs/include/px4_msgs/px4_msgs/msg/detail/rover_position_setpoint__functions.h\n'}
[9.117694] (px4_msgs) StdoutLine: {'line': b'-- Up-to-date: /home/maizaied03/ros2_ws/install/px4_msgs/include/px4_msgs/px4_msgs/msg/detail/parameter_set_used_request__functions.c\n'}
[9.117774] (px4_msgs) StdoutLine: {'line': b'-- Up-to-date: /home/maizaied03/ros2_ws/install/px4_msgs/include/px4_msgs/px4_msgs/msg/detail/unregister_ext_component__struct.h\n'}
[9.117863] (px4_msgs) StdoutLine: {'line': b'-- Up-to-date: /home/maizaied03/ros2_ws/install/px4_msgs/include/px4_msgs/px4_msgs/msg/detail/iridiumsbd_status__struct.h\n'}
[9.117928] (px4_msgs) StdoutLine: {'line': b'-- Up-to-date: /home/maizaied03/ros2_ws/install/px4_msgs/include/px4_msgs/px4_msgs/msg/detail/internal_combustion_engine_control__struct.h\n'}
[9.118019] (px4_msgs) StdoutLine: {'line': b'-- Up-to-date: /home/maizaied03/ros2_ws/install/px4_msgs/include/px4_msgs/px4_msgs/msg/detail/actuator_controls_status__type_support.h\n'}
[9.118083] (px4_msgs) StdoutLine: {'line': b'-- Up-to-date: /home/maizaied03/ros2_ws/install/px4_msgs/include/px4_msgs/px4_msgs/msg/detail/generator_status__functions.h\n'}
[9.118182] (px4_msgs) StdoutLine: {'line': b'-- Up-to-date: /home/maizaied03/ros2_ws/install/px4_msgs/include/px4_msgs/px4_msgs/msg/detail/actuator_armed__functions.c\n'}
[9.118276] (px4_msgs) StdoutLine: {'line': b'-- Up-to-date: /home/maizaied03/ros2_ws/install/px4_msgs/include/px4_msgs/px4_msgs/msg/detail/onboard_computer_status__functions.c\n'}
[9.118341] (px4_msgs) StdoutLine: {'line': b'-- Up-to-date: /home/maizaied03/ros2_ws/install/px4_msgs/include/px4_msgs/px4_msgs/msg/detail/action_request__functions.h\n'}
[9.118403] (px4_msgs) StdoutLine: {'line': b'-- Up-to-date: /home/maizaied03/ros2_ws/install/px4_msgs/include/px4_msgs/px4_msgs/msg/detail/generator_status__struct.h\n'}
[9.118466] (px4_msgs) StdoutLine: {'line': b'-- Up-to-date: /home/maizaied03/ros2_ws/install/px4_msgs/include/px4_msgs/px4_msgs/msg/detail/differential_pressure__struct.h\n'}
[9.118529] (px4_msgs) StdoutLine: {'line': b'-- Up-to-date: /home/maizaied03/ros2_ws/install/px4_msgs/include/px4_msgs/px4_msgs/msg/detail/geofence_result__functions.c\n'}
[9.118594] (px4_msgs) StdoutLine: {'line': b'-- Up-to-date: /home/maizaied03/ros2_ws/install/px4_msgs/include/px4_msgs/px4_msgs/msg/detail/arming_check_request__struct.h\n'}
[9.118732] (px4_msgs) StdoutLine: {'line': b'-- Up-to-date: /home/maizaied03/ros2_ws/install/px4_msgs/include/px4_msgs/px4_msgs/msg/detail/rc_channels__functions.h\n'}
[9.118829] (px4_msgs) StdoutLine: {'line': b'-- Up-to-date: /home/maizaied03/ros2_ws/install/px4_msgs/include/px4_msgs/px4_msgs/msg/detail/orb_test__functions.h\n'}
[9.118904] (px4_msgs) StdoutLine: {'line': b'-- Up-to-date: /home/maizaied03/ros2_ws/install/px4_msgs/include/px4_msgs/px4_msgs/msg/detail/battery_info__type_support.h\n'}
[9.118971] (px4_msgs) StdoutLine: {'line': b'-- Up-to-date: /home/maizaied03/ros2_ws/install/px4_msgs/include/px4_msgs/px4_msgs/msg/detail/gpio_in__struct.h\n'}
[9.119034] (px4_msgs) StdoutLine: {'line': b'-- Up-to-date: /home/maizaied03/ros2_ws/install/px4_msgs/include/px4_msgs/px4_msgs/msg/detail/orbit_status__functions.c\n'}
[9.119099] (px4_msgs) StdoutLine: {'line': b'-- Up-to-date: /home/maizaied03/ros2_ws/install/px4_msgs/include/px4_msgs/px4_msgs/msg/detail/navigator_status__struct.h\n'}
[9.119163] (px4_msgs) StdoutLine: {'line': b'-- Up-to-date: /home/maizaied03/ros2_ws/install/px4_msgs/include/px4_msgs/px4_msgs/msg/detail/px4io_status__struct.h\n'}
[9.119240] (px4_msgs) StdoutLine: {'line': b'-- Up-to-date: /home/maizaied03/ros2_ws/install/px4_msgs/include/px4_msgs/px4_msgs/msg/detail/vehicle_acceleration__struct.h\n'}
[9.119304] (px4_msgs) StdoutLine: {'line': b'-- Up-to-date: /home/maizaied03/ros2_ws/install/px4_msgs/include/px4_msgs/px4_msgs/msg/detail/mode_completed__struct.h\n'}
[9.119370] (px4_msgs) StdoutLine: {'line': b'-- Up-to-date: /home/maizaied03/ros2_ws/install/px4_msgs/include/px4_msgs/px4_msgs/msg/detail/landing_target_innovations__functions.c\n'}
[9.119434] (px4_msgs) StdoutLine: {'line': b'-- Up-to-date: /home/maizaied03/ros2_ws/install/px4_msgs/include/px4_msgs/px4_msgs/msg/detail/vehicle_global_position__functions.c\n'}
[9.119498] (px4_msgs) StdoutLine: {'line': b'-- Up-to-date: /home/maizaied03/ros2_ws/install/px4_msgs/include/px4_msgs/px4_msgs/msg/detail/mode_completed__functions.h\n'}
[9.119562] (px4_msgs) StdoutLine: {'line': b'-- Up-to-date: /home/maizaied03/ros2_ws/install/px4_msgs/include/px4_msgs/px4_msgs/msg/detail/landing_target_pose__struct.h\n'}
[9.119714] (px4_msgs) StdoutLine: {'line': b'-- Up-to-date: /home/maizaied03/ros2_ws/install/px4_msgs/include/px4_msgs/px4_msgs/msg/detail/yaw_estimator_status__functions.h\n'}
[9.119806] (px4_msgs) StdoutLine: {'line': b'-- Up-to-date: /home/maizaied03/ros2_ws/install/px4_msgs/include/px4_msgs/px4_msgs/msg/detail/velocity_limits__struct.h\n'}
[9.119899] (px4_msgs) StdoutLine: {'line': b'-- Up-to-date: /home/maizaied03/ros2_ws/install/px4_msgs/include/px4_msgs/px4_msgs/msg/detail/debug_array__functions.h\n'}
[9.119967] (px4_msgs) StdoutLine: {'line': b'-- Up-to-date: /home/maizaied03/ros2_ws/install/px4_msgs/include/px4_msgs/px4_msgs/msg/detail/action_request__functions.c\n'}
[9.120056] (px4_msgs) StdoutLine: {'line': b'-- Up-to-date: /home/maizaied03/ros2_ws/install/px4_msgs/include/px4_msgs/px4_msgs/msg/detail/orb_test_large__functions.h\n'}
[9.120139] (px4_msgs) StdoutLine: {'line': b'-- Up-to-date: /home/maizaied03/ros2_ws/install/px4_msgs/include/px4_msgs/px4_msgs/msg/detail/log_message__type_support.h\n'}
[9.120205] (px4_msgs) StdoutLine: {'line': b'-- Up-to-date: /home/maizaied03/ros2_ws/install/px4_msgs/include/px4_msgs/px4_msgs/msg/detail/wind__struct.h\n'}
[9.120277] (px4_msgs) StdoutLine: {'line': b'-- Up-to-date: /home/maizaied03/ros2_ws/install/px4_msgs/include/px4_msgs/px4_msgs/msg/detail/actuator_servos__struct.h\n'}
[9.120341] (px4_msgs) StdoutLine: {'line': b'-- Up-to-date: /home/maizaied03/ros2_ws/install/px4_msgs/include/px4_msgs/px4_msgs/msg/detail/gain_compression__type_support.h\n'}
[9.120406] (px4_msgs) StdoutLine: {'line': b'-- Up-to-date: /home/maizaied03/ros2_ws/install/px4_msgs/include/px4_msgs/px4_msgs/msg/detail/rover_rate_status__functions.c\n'}
[9.120470] (px4_msgs) StdoutLine: {'line': b'-- Up-to-date: /home/maizaied03/ros2_ws/install/px4_msgs/include/px4_msgs/px4_msgs/msg/detail/geofence_result__type_support.h\n'}
[9.120531] (px4_msgs) StdoutLine: {'line': b'-- Up-to-date: /home/maizaied03/ros2_ws/install/px4_msgs/include/px4_msgs/px4_msgs/msg/detail/vehicle_optical_flow_vel__struct.h\n'}
[9.120588] (px4_msgs) StdoutLine: {'line': b'-- Up-to-date: /home/maizaied03/ros2_ws/install/px4_msgs/include/px4_msgs/px4_msgs/msg/detail/vehicle_attitude_setpoint__type_support.h\n'}
[9.120713] (px4_msgs) StdoutLine: {'line': b'-- Up-to-date: /home/maizaied03/ros2_ws/install/px4_msgs/include/px4_msgs/px4_msgs/msg/detail/internal_combustion_engine_status__struct.h\n'}
[9.120797] (px4_msgs) StdoutLine: {'line': b'-- Up-to-date: /home/maizaied03/ros2_ws/install/px4_msgs/include/px4_msgs/px4_msgs/msg/detail/sensor_baro__functions.c\n'}
[9.120858] (px4_msgs) StdoutLine: {'line': b'-- Up-to-date: /home/maizaied03/ros2_ws/install/px4_msgs/include/px4_msgs/px4_msgs/msg/detail/orb_test_large__type_support.h\n'}
[9.120916] (px4_msgs) StdoutLine: {'line': b'-- Up-to-date: /home/maizaied03/ros2_ws/install/px4_msgs/include/px4_msgs/px4_msgs/msg/detail/orb_test__struct.h\n'}
[9.120974] (px4_msgs) StdoutLine: {'line': b'-- Up-to-date: /home/maizaied03/ros2_ws/install/px4_msgs/include/px4_msgs/px4_msgs/msg/detail/gpio_in__functions.h\n'}
[9.121031] (px4_msgs) StdoutLine: {'line': b'-- Up-to-date: /home/maizaied03/ros2_ws/install/px4_msgs/include/px4_msgs/px4_msgs/msg/detail/sensor_uwb__struct.h\n'}
[9.121087] (px4_msgs) StdoutLine: {'line': b'-- Up-to-date: /home/maizaied03/ros2_ws/install/px4_msgs/include/px4_msgs/px4_msgs/msg/detail/register_ext_component_reply__functions.h\n'}
[9.121154] (px4_msgs) StdoutLine: {'line': b'-- Up-to-date: /home/maizaied03/ros2_ws/install/px4_msgs/include/px4_msgs/px4_msgs/msg/detail/open_drone_id_system__struct.h\n'}
[9.121212] (px4_msgs) StdoutLine: {'line': b'-- Up-to-date: /home/maizaied03/ros2_ws/install/px4_msgs/include/px4_msgs/px4_msgs/msg/detail/vehicle_local_position__functions.h\n'}
[9.121269] (px4_msgs) StdoutLine: {'line': b'-- Up-to-date: /home/maizaied03/ros2_ws/install/px4_msgs/include/px4_msgs/px4_msgs/msg/detail/mission__functions.h\n'}
[9.121326] (px4_msgs) StdoutLine: {'line': b'-- Up-to-date: /home/maizaied03/ros2_ws/install/px4_msgs/include/px4_msgs/px4_msgs/msg/detail/ulog_stream_ack__type_support.h\n'}
[9.121383] (px4_msgs) StdoutLine: {'line': b'-- Up-to-date: /home/maizaied03/ros2_ws/install/px4_msgs/include/px4_msgs/px4_msgs/msg/detail/orb_test_large__struct.h\n'}
[9.121441] (px4_msgs) StdoutLine: {'line': b'-- Up-to-date: /home/maizaied03/ros2_ws/install/px4_msgs/include/px4_msgs/px4_msgs/msg/detail/camera_capture__functions.c\n'}
[9.121579] (px4_msgs) StdoutLine: {'line': b'-- Up-to-date: /home/maizaied03/ros2_ws/install/px4_msgs/include/px4_msgs/px4_msgs/msg/detail/orb_test_medium__functions.h\n'}
[9.121675] (px4_msgs) StdoutLine: {'line': b'-- Up-to-date: /home/maizaied03/ros2_ws/install/px4_msgs/include/px4_msgs/px4_msgs/msg/detail/parameter_set_value_response__type_support.h\n'}
[9.121752] (px4_msgs) StdoutLine: {'line': b'-- Up-to-date: /home/maizaied03/ros2_ws/install/px4_msgs/include/px4_msgs/px4_msgs/msg/detail/estimator_bias__functions.h\n'}
[9.121835] (px4_msgs) StdoutLine: {'line': b'-- Up-to-date: /home/maizaied03/ros2_ws/install/px4_msgs/include/px4_msgs/px4_msgs/msg/detail/actuator_motors__struct.h\n'}
[9.121905] (px4_msgs) StdoutLine: {'line': b'-- Up-to-date: /home/maizaied03/ros2_ws/install/px4_msgs/include/px4_msgs/px4_msgs/msg/detail/sensor_optical_flow__struct.h\n'}
[9.121964] (px4_msgs) StdoutLine: {'line': b'-- Up-to-date: /home/maizaied03/ros2_ws/install/px4_msgs/include/px4_msgs/px4_msgs/msg/detail/device_information__struct.h\n'}
[9.122022] (px4_msgs) StdoutLine: {'line': b'-- Up-to-date: /home/maizaied03/ros2_ws/install/px4_msgs/include/px4_msgs/px4_msgs/msg/detail/lateral_control_configuration__functions.c\n'}
[9.122079] (px4_msgs) StdoutLine: {'line': b'-- Up-to-date: /home/maizaied03/ros2_ws/install/px4_msgs/include/px4_msgs/px4_msgs/msg/detail/sensor_combined__functions.h\n'}
[9.122136] (px4_msgs) StdoutLine: {'line': b'-- Up-to-date: /home/maizaied03/ros2_ws/install/px4_msgs/include/px4_msgs/px4_msgs/msg/detail/airspeed_wind__functions.c\n'}
[9.122199] (px4_msgs) StdoutLine: {'line': b'-- Up-to-date: /home/maizaied03/ros2_ws/install/px4_msgs/include/px4_msgs/px4_msgs/msg/detail/sensor_preflight_mag__functions.h\n'}
[9.122277] (px4_msgs) StdoutLine: {'line': b'-- Up-to-date: /home/maizaied03/ros2_ws/install/px4_msgs/include/px4_msgs/px4_msgs/msg/detail/estimator_sensor_bias__functions.h\n'}
[9.122394] (px4_msgs) StdoutLine: {'line': b'-- Up-to-date: /home/maizaied03/ros2_ws/install/px4_msgs/include/px4_msgs/px4_msgs/msg/detail/register_ext_component_request__struct.h\n'}
[9.122462] (px4_msgs) StdoutLine: {'line': b'-- Up-to-date: /home/maizaied03/ros2_ws/install/px4_msgs/include/px4_msgs/px4_msgs/msg/detail/tune_control__functions.h\n'}
[9.122529] (px4_msgs) StdoutLine: {'line': b'-- Up-to-date: /home/maizaied03/ros2_ws/install/px4_msgs/include/px4_msgs/px4_msgs/msg/detail/mission__type_support.h\n'}
[9.122626] (px4_msgs) StdoutLine: {'line': b'-- Up-to-date: /home/maizaied03/ros2_ws/install/px4_msgs/include/px4_msgs/px4_msgs/msg/detail/telemetry_status__struct.h\n'}
[9.122714] (px4_msgs) StdoutLine: {'line': b'-- Up-to-date: /home/maizaied03/ros2_ws/install/px4_msgs/include/px4_msgs/px4_msgs/msg/detail/input_rc__functions.h\n'}
[9.122798] (px4_msgs) StdoutLine: {'line': b'-- Up-to-date: /home/maizaied03/ros2_ws/install/px4_msgs/include/px4_msgs/px4_msgs/msg/detail/airspeed_validated__functions.c\n'}
[9.122866] (px4_msgs) StdoutLine: {'line': b'-- Up-to-date: /home/maizaied03/ros2_ws/install/px4_msgs/include/px4_msgs/px4_msgs/msg/detail/uavcan_parameter_value__type_support.h\n'}
[9.122932] (px4_msgs) StdoutLine: {'line': b'-- Up-to-date: /home/maizaied03/ros2_ws/install/px4_msgs/include/px4_msgs/px4_msgs/msg/detail/telemetry_status__functions.h\n'}
[9.123001] (px4_msgs) StdoutLine: {'line': b'-- Up-to-date: /home/maizaied03/ros2_ws/install/px4_msgs/include/px4_msgs/px4_msgs/msg/detail/rover_attitude_status__struct.h\n'}
[9.123067] (px4_msgs) StdoutLine: {'line': b'-- Up-to-date: /home/maizaied03/ros2_ws/install/px4_msgs/include/px4_msgs/px4_msgs/msg/detail/estimator_aid_source2d__struct.h\n'}
[9.123133] (px4_msgs) StdoutLine: {'line': b'-- Up-to-date: /home/maizaied03/ros2_ws/install/px4_msgs/include/px4_msgs/px4_msgs/msg/detail/airspeed__struct.h\n'}
[9.123198] (px4_msgs) StdoutLine: {'line': b'-- Up-to-date: /home/maizaied03/ros2_ws/install/px4_msgs/include/px4_msgs/px4_msgs/msg/detail/sensor_gps__struct.h\n'}
[9.123272] (px4_msgs) StdoutLine: {'line': b'-- Up-to-date: /home/maizaied03/ros2_ws/install/px4_msgs/include/px4_msgs/px4_msgs/msg/detail/vtx__type_support.h\n'}
[9.123337] (px4_msgs) StdoutLine: {'line': b'-- Up-to-date: /home/maizaied03/ros2_ws/install/px4_msgs/include/px4_msgs/px4_msgs/msg/detail/airspeed_wind__struct.h\n'}
[9.123402] (px4_msgs) StdoutLine: {'line': b'-- Up-to-date: /home/maizaied03/ros2_ws/install/px4_msgs/include/px4_msgs/px4_msgs/msg/detail/gimbal_controls__type_support.h\n'}
[9.123533] (px4_msgs) StdoutLine: {'line': b'-- Up-to-date: /home/maizaied03/ros2_ws/install/px4_msgs/include/px4_msgs/px4_msgs/msg/detail/wind__functions.c\n'}
[9.123670] (px4_msgs) StdoutLine: {'line': b'-- Up-to-date: /home/maizaied03/ros2_ws/install/px4_msgs/include/px4_msgs/px4_msgs/msg/detail/debug_value__struct.h\n'}
[9.123748] (px4_msgs) StdoutLine: {'line': b'-- Up-to-date: /home/maizaied03/ros2_ws/install/px4_msgs/include/px4_msgs/px4_msgs/msg/detail/esc_status__type_support.h\n'}
[9.123813] (px4_msgs) StdoutLine: {'line': b'-- Up-to-date: /home/maizaied03/ros2_ws/install/px4_msgs/include/px4_msgs/px4_msgs/msg/detail/magnetometer_bias_estimate__functions.c\n'}
[9.123878] (px4_msgs) StdoutLine: {'line': b'-- Up-to-date: /home/maizaied03/ros2_ws/install/px4_msgs/include/px4_msgs/px4_msgs/msg/detail/trajectory_setpoint__functions.h\n'}
[9.123937] (px4_msgs) StdoutLine: {'line': b'-- Up-to-date: /home/maizaied03/ros2_ws/install/px4_msgs/include/px4_msgs/px4_msgs/msg/detail/estimator_aid_source1d__type_support.h\n'}
[9.123998] (px4_msgs) StdoutLine: {'line': b'-- Up-to-date: /home/maizaied03/ros2_ws/install/px4_msgs/include/px4_msgs/px4_msgs/msg/detail/gps_inject_data__type_support.h\n'}
[9.124059] (px4_msgs) StdoutLine: {'line': b'-- Up-to-date: /home/maizaied03/ros2_ws/install/px4_msgs/include/px4_msgs/px4_msgs/msg/detail/transponder_report__struct.h\n'}
[9.124115] (px4_msgs) StdoutLine: {'line': b'-- Up-to-date: /home/maizaied03/ros2_ws/install/px4_msgs/include/px4_msgs/px4_msgs/msg/detail/rtl_status__functions.h\n'}
[9.124171] (px4_msgs) StdoutLine: {'line': b'-- Up-to-date: /home/maizaied03/ros2_ws/install/px4_msgs/include/px4_msgs/px4_msgs/msg/detail/estimator_states__functions.h\n'}
[9.124227] (px4_msgs) StdoutLine: {'line': b'-- Up-to-date: /home/maizaied03/ros2_ws/install/px4_msgs/include/px4_msgs/px4_msgs/msg/detail/rate_ctrl_status__functions.h\n'}
[9.124284] (px4_msgs) StdoutLine: {'line': b'-- Up-to-date: /home/maizaied03/ros2_ws/install/px4_msgs/include/px4_msgs/px4_msgs/msg/detail/arming_check_request__functions.c\n'}
[9.124341] (px4_msgs) StdoutLine: {'line': b'-- Up-to-date: /home/maizaied03/ros2_ws/install/px4_msgs/include/px4_msgs/px4_msgs/msg/detail/estimator_status__type_support.h\n'}
[9.124407] (px4_msgs) StdoutLine: {'line': b'-- Up-to-date: /home/maizaied03/ros2_ws/install/px4_msgs/include/px4_msgs/px4_msgs/msg/detail/internal_combustion_engine_control__type_support.h\n'}
[9.124466] (px4_msgs) StdoutLine: {'line': b'-- Up-to-date: /home/maizaied03/ros2_ws/install/px4_msgs/include/px4_msgs/px4_msgs/msg/detail/tune_control__type_support.h\n'}
[9.124523] (px4_msgs) StdoutLine: {'line': b'-- Up-to-date: /home/maizaied03/ros2_ws/install/px4_msgs/include/px4_msgs/px4_msgs/msg/detail/follow_target__functions.c\n'}
[9.124651] (px4_msgs) StdoutLine: {'line': b'-- Up-to-date: /home/maizaied03/ros2_ws/install/px4_msgs/include/px4_msgs/px4_msgs/msg/detail/vehicle_torque_setpoint__functions.h\n'}
[9.124744] (px4_msgs) StdoutLine: {'line': b'-- Up-to-date: /home/maizaied03/ros2_ws/install/px4_msgs/include/px4_msgs/px4_msgs/msg/detail/vehicle_constraints__functions.h\n'}
[9.124804] (px4_msgs) StdoutLine: {'line': b'-- Up-to-date: /home/maizaied03/ros2_ws/install/px4_msgs/include/px4_msgs/px4_msgs/msg/detail/gimbal_device_attitude_status__type_support.h\n'}
[9.124862] (px4_msgs) StdoutLine: {'line': b'-- Up-to-date: /home/maizaied03/ros2_ws/install/px4_msgs/include/px4_msgs/px4_msgs/msg/detail/parameter_reset_request__functions.c\n'}
[9.124919] (px4_msgs) StdoutLine: {'line': b'-- Up-to-date: /home/maizaied03/ros2_ws/install/px4_msgs/include/px4_msgs/px4_msgs/msg/detail/pure_pursuit_status__functions.h\n'}
[9.125027] (px4_msgs) StdoutLine: {'line': b'-- Up-to-date: /home/maizaied03/ros2_ws/install/px4_msgs/include/px4_msgs/px4_msgs/msg/detail/cellular_status__type_support.h\n'}
[9.125085] (px4_msgs) StdoutLine: {'line': b'-- Up-to-date: /home/maizaied03/ros2_ws/install/px4_msgs/include/px4_msgs/px4_msgs/msg/detail/ekf2_timestamps__type_support.h\n'}
[9.125144] (px4_msgs) StdoutLine: {'line': b'-- Up-to-date: /home/maizaied03/ros2_ws/install/px4_msgs/include/px4_msgs/px4_msgs/msg/detail/system_power__struct.h\n'}
[9.125201] (px4_msgs) StdoutLine: {'line': b'-- Up-to-date: /home/maizaied03/ros2_ws/install/px4_msgs/include/px4_msgs/px4_msgs/msg/detail/actuator_servos_trim__type_support.h\n'}
[9.125258] (px4_msgs) StdoutLine: {'line': b'-- Up-to-date: /home/maizaied03/ros2_ws/install/px4_msgs/include/px4_msgs/px4_msgs/msg/detail/follow_target_estimator__functions.h\n'}
[9.125315] (px4_msgs) StdoutLine: {'line': b'-- Up-to-date: /home/maizaied03/ros2_ws/install/px4_msgs/include/px4_msgs/px4_msgs/msg/detail/onboard_computer_status__functions.h\n'}
[9.125372] (px4_msgs) StdoutLine: {'line': b'-- Up-to-date: /home/maizaied03/ros2_ws/install/px4_msgs/include/px4_msgs/px4_msgs/msg/detail/unregister_ext_component__functions.c\n'}
[9.125441] (px4_msgs) StdoutLine: {'line': b'-- Up-to-date: /home/maizaied03/ros2_ws/install/px4_msgs/include/px4_msgs/px4_msgs/msg/detail/navigator_status__type_support.h\n'}
[9.125499] (px4_msgs) StdoutLine: {'line': b'-- Up-to-date: /home/maizaied03/ros2_ws/install/px4_msgs/include/px4_msgs/px4_msgs/msg/detail/vehicle_angular_velocity__type_support.h\n'}
[9.125555] (px4_msgs) StdoutLine: {'line': b'-- Up-to-date: /home/maizaied03/ros2_ws/install/px4_msgs/include/px4_msgs/px4_msgs/msg/detail/sensors_status_imu__functions.c\n'}
[9.125684] (px4_msgs) StdoutLine: {'line': b'-- Up-to-date: /home/maizaied03/ros2_ws/install/px4_msgs/include/px4_msgs/px4_msgs/msg/detail/airspeed_wind__type_support.h\n'}
[9.125767] (px4_msgs) StdoutLine: {'line': b'-- Up-to-date: /home/maizaied03/ros2_ws/install/px4_msgs/include/px4_msgs/px4_msgs/msg/detail/airspeed__functions.h\n'}
[9.125825] (px4_msgs) StdoutLine: {'line': b'-- Up-to-date: /home/maizaied03/ros2_ws/install/px4_msgs/include/px4_msgs/px4_msgs/msg/detail/wheel_encoders__functions.c\n'}
[9.125882] (px4_msgs) StdoutLine: {'line': b'-- Up-to-date: /home/maizaied03/ros2_ws/install/px4_msgs/include/px4_msgs/px4_msgs/msg/detail/sensor_selection__type_support.h\n'}
[9.125950] (px4_msgs) StdoutLine: {'line': b'-- Up-to-date: /home/maizaied03/ros2_ws/install/px4_msgs/include/px4_msgs/px4_msgs/msg/detail/fuel_tank_status__struct.h\n'}
[9.126019] (px4_msgs) StdoutLine: {'line': b'-- Up-to-date: /home/maizaied03/ros2_ws/install/px4_msgs/include/px4_msgs/px4_msgs/msg/detail/gimbal_controls__struct.h\n'}
[9.126090] (px4_msgs) StdoutLine: {'line': b'-- Up-to-date: /home/maizaied03/ros2_ws/install/px4_msgs/include/px4_msgs/px4_msgs/msg/detail/position_setpoint__type_support.h\n'}
[9.126159] (px4_msgs) StdoutLine: {'line': b'-- Up-to-date: /home/maizaied03/ros2_ws/install/px4_msgs/include/px4_msgs/px4_msgs/msg/detail/ping__functions.h\n'}
[9.126228] (px4_msgs) StdoutLine: {'line': b'-- Up-to-date: /home/maizaied03/ros2_ws/install/px4_msgs/include/px4_msgs/px4_msgs/msg/detail/vehicle_air_data__type_support.h\n'}
[9.126300] (px4_msgs) StdoutLine: {'line': b'-- Up-to-date: /home/maizaied03/ros2_ws/install/px4_msgs/include/px4_msgs/px4_msgs/msg/detail/velocity_limits__functions.c\n'}
[9.126371] (px4_msgs) StdoutLine: {'line': b'-- Up-to-date: /home/maizaied03/ros2_ws/install/px4_msgs/include/px4_msgs/px4_msgs/msg/detail/pwm_input__type_support.h\n'}
[9.126454] (px4_msgs) StdoutLine: {'line': b'-- Up-to-date: /home/maizaied03/ros2_ws/install/px4_msgs/include/px4_msgs/px4_msgs/msg/detail/dataman_request__functions.h\n'}
[9.126524] (px4_msgs) StdoutLine: {'line': b'-- Up-to-date: /home/maizaied03/ros2_ws/install/px4_msgs/include/px4_msgs/px4_msgs/msg/detail/vehicle_constraints__functions.c\n'}
[9.126694] (px4_msgs) StdoutLine: {'line': b'-- Up-to-date: /home/maizaied03/ros2_ws/install/px4_msgs/include/px4_msgs/px4_msgs/msg/detail/sensor_gyro_fifo__struct.h\n'}
[9.126800] (px4_msgs) StdoutLine: {'line': b'-- Up-to-date: /home/maizaied03/ros2_ws/install/px4_msgs/include/px4_msgs/px4_msgs/msg/detail/geofence_result__struct.h\n'}
[9.126896] (px4_msgs) StdoutLine: {'line': b'-- Up-to-date: /home/maizaied03/ros2_ws/install/px4_msgs/include/px4_msgs/px4_msgs/msg/detail/parameter_set_value_request__type_support.h\n'}
[9.126992] (px4_msgs) StdoutLine: {'line': b'-- Up-to-date: /home/maizaied03/ros2_ws/install/px4_msgs/include/px4_msgs/px4_msgs/msg/detail/estimator_gps_status__struct.h\n'}
[9.127096] (px4_msgs) StdoutLine: {'line': b'-- Up-to-date: /home/maizaied03/ros2_ws/install/px4_msgs/include/px4_msgs/px4_msgs/msg/detail/position_controller_status__struct.h\n'}
[9.127170] (px4_msgs) StdoutLine: {'line': b'-- Up-to-date: /home/maizaied03/ros2_ws/install/px4_msgs/include/px4_msgs/px4_msgs/msg/detail/position_controller_landing_status__functions.h\n'}
[9.127295] (px4_msgs) StdoutLine: {'line': b'-- Up-to-date: /home/maizaied03/ros2_ws/install/px4_msgs/include/px4_msgs/px4_msgs/msg/detail/trajectory_setpoint6dof__functions.c\n'}
[9.127392] (px4_msgs) StdoutLine: {'line': b'-- Up-to-date: /home/maizaied03/ros2_ws/install/px4_msgs/include/px4_msgs/px4_msgs/msg/detail/landing_target_innovations__struct.h\n'}
[9.127465] (px4_msgs) StdoutLine: {'line': b'-- Up-to-date: /home/maizaied03/ros2_ws/install/px4_msgs/include/px4_msgs/px4_msgs/msg/detail/power_button_state__struct.h\n'}
[9.127579] (px4_msgs) StdoutLine: {'line': b'-- Up-to-date: /home/maizaied03/ros2_ws/install/px4_msgs/include/px4_msgs/px4_msgs/msg/detail/estimator_status_flags__functions.c\n'}
[9.127673] (px4_msgs) StdoutLine: {'line': b'-- Up-to-date: /home/maizaied03/ros2_ws/install/px4_msgs/include/px4_msgs/px4_msgs/msg/detail/parameter_reset_request__functions.h\n'}
[9.127752] (px4_msgs) StdoutLine: {'line': b'-- Up-to-date: /home/maizaied03/ros2_ws/install/px4_msgs/include/px4_msgs/px4_msgs/msg/detail/led_control__struct.h\n'}
[9.127812] (px4_msgs) StdoutLine: {'line': b'-- Up-to-date: /home/maizaied03/ros2_ws/install/px4_msgs/include/px4_msgs/px4_msgs/msg/detail/health_report__struct.h\n'}
[9.127870] (px4_msgs) StdoutLine: {'line': b'-- Up-to-date: /home/maizaied03/ros2_ws/install/px4_msgs/include/px4_msgs/px4_msgs/msg/detail/pps_capture__functions.h\n'}
[9.127926] (px4_msgs) StdoutLine: {'line': b'-- Up-to-date: /home/maizaied03/ros2_ws/install/px4_msgs/include/px4_msgs/px4_msgs/msg/detail/input_rc__struct.h\n'}
[9.128032] (px4_msgs) StdoutLine: {'line': b'-- Up-to-date: /home/maizaied03/ros2_ws/install/px4_msgs/include/px4_msgs/px4_msgs/msg/detail/camera_status__type_support.h\n'}
[9.128090] (px4_msgs) StdoutLine: {'line': b'-- Up-to-date: /home/maizaied03/ros2_ws/install/px4_msgs/include/px4_msgs/px4_msgs/msg/detail/vehicle_odometry__struct.h\n'}
[9.128147] (px4_msgs) StdoutLine: {'line': b'-- Up-to-date: /home/maizaied03/ros2_ws/install/px4_msgs/include/px4_msgs/px4_msgs/msg/detail/offboard_control_mode__struct.h\n'}
[9.128237] (px4_msgs) StdoutLine: {'line': b'-- Up-to-date: /home/maizaied03/ros2_ws/install/px4_msgs/include/px4_msgs/px4_msgs/msg/detail/normalized_unsigned_setpoint__functions.h\n'}
[9.128339] (px4_msgs) StdoutLine: {'line': b'-- Up-to-date: /home/maizaied03/ros2_ws/install/px4_msgs/include/px4_msgs/px4_msgs/msg/detail/power_monitor__type_support.h\n'}
[9.128398] (px4_msgs) StdoutLine: {'line': b'-- Up-to-date: /home/maizaied03/ros2_ws/install/px4_msgs/include/px4_msgs/px4_msgs/msg/detail/vehicle_rates_setpoint__functions.c\n'}
[9.128457] (px4_msgs) StdoutLine: {'line': b'-- Up-to-date: /home/maizaied03/ros2_ws/install/px4_msgs/include/px4_msgs/px4_msgs/msg/detail/home_position__struct.h\n'}
[9.128516] (px4_msgs) StdoutLine: {'line': b'-- Up-to-date: /home/maizaied03/ros2_ws/install/px4_msgs/include/px4_msgs/px4_msgs/msg/detail/rtl_status__type_support.h\n'}
[9.128576] (px4_msgs) StdoutLine: {'line': b'-- Up-to-date: /home/maizaied03/ros2_ws/install/px4_msgs/include/px4_msgs/px4_msgs/msg/detail/tune_control__struct.h\n'}
[9.128670] (px4_msgs) StdoutLine: {'line': b'-- Up-to-date: /home/maizaied03/ros2_ws/install/px4_msgs/include/px4_msgs/px4_msgs/msg/detail/qshell_retval__type_support.h\n'}
[9.128727] (px4_msgs) StdoutLine: {'line': b'-- Up-to-date: /home/maizaied03/ros2_ws/install/px4_msgs/include/px4_msgs/px4_msgs/msg/detail/fixed_wing_runway_control__functions.c\n'}
[9.128782] (px4_msgs) StdoutLine: {'line': b'-- Up-to-date: /home/maizaied03/ros2_ws/install/px4_msgs/include/px4_msgs/px4_msgs/msg/detail/vehicle_rates_setpoint__struct.h\n'}
[9.128838] (px4_msgs) StdoutLine: {'line': b'-- Up-to-date: /home/maizaied03/ros2_ws/install/px4_msgs/include/px4_msgs/px4_msgs/msg/detail/follow_target_status__type_support.h\n'}
[9.128902] (px4_msgs) StdoutLine: {'line': b'-- Up-to-date: /home/maizaied03/ros2_ws/install/px4_msgs/include/px4_msgs/px4_msgs/msg/detail/home_position__functions.c\n'}
[9.128957] (px4_msgs) StdoutLine: {'line': b'-- Up-to-date: /home/maizaied03/ros2_ws/install/px4_msgs/include/px4_msgs/px4_msgs/msg/detail/rover_rate_setpoint__type_support.h\n'}
[9.129013] (px4_msgs) StdoutLine: {'line': b'-- Up-to-date: /home/maizaied03/ros2_ws/install/px4_msgs/include/px4_msgs/px4_msgs/msg/detail/irlock_report__type_support.h\n'}
[9.129083] (px4_msgs) StdoutLine: {'line': b'-- Up-to-date: /home/maizaied03/ros2_ws/install/px4_msgs/include/px4_msgs/px4_msgs/msg/detail/gimbal_device_set_attitude__type_support.h\n'}
[9.129137] (px4_msgs) StdoutLine: {'line': b'-- Up-to-date: /home/maizaied03/ros2_ws/install/px4_msgs/include/px4_msgs/px4_msgs/msg/detail/vehicle_attitude__functions.c\n'}
[9.129196] (px4_msgs) StdoutLine: {'line': b'-- Up-to-date: /home/maizaied03/ros2_ws/install/px4_msgs/include/px4_msgs/px4_msgs/msg/detail/esc_report__functions.c\n'}
[9.129258] (px4_msgs) StdoutLine: {'line': b'-- Up-to-date: /home/maizaied03/ros2_ws/install/px4_msgs/include/px4_msgs/px4_msgs/msg/detail/sensor_accel__functions.h\n'}
[9.129318] (px4_msgs) StdoutLine: {'line': b'-- Up-to-date: /home/maizaied03/ros2_ws/install/px4_msgs/include/px4_msgs/px4_msgs/msg/detail/rover_steering_setpoint__functions.h\n'}
[9.129378] (px4_msgs) StdoutLine: {'line': b'-- Up-to-date: /home/maizaied03/ros2_ws/install/px4_msgs/include/px4_msgs/px4_msgs/msg/detail/gimbal_manager_set_manual_control__struct.h\n'}
[9.129440] (px4_msgs) StdoutLine: {'line': b'-- Up-to-date: /home/maizaied03/ros2_ws/install/px4_msgs/include/px4_msgs/px4_msgs/msg/detail/debug_vect__type_support.h\n'}
[9.129500] (px4_msgs) StdoutLine: {'line': b'-- Up-to-date: /home/maizaied03/ros2_ws/install/px4_msgs/include/px4_msgs/px4_msgs/msg/detail/follow_target_status__functions.h\n'}
[9.129567] (px4_msgs) StdoutLine: {'line': b'-- Up-to-date: /home/maizaied03/ros2_ws/install/px4_msgs/include/px4_msgs/px4_msgs/msg/detail/gpio_config__functions.c\n'}
[9.129636] (px4_msgs) StdoutLine: {'line': b'-- Up-to-date: /home/maizaied03/ros2_ws/install/px4_msgs/include/px4_msgs/px4_msgs/msg/detail/sensor_gnss_status__functions.h\n'}
[9.129703] (px4_msgs) StdoutLine: {'line': b'-- Up-to-date: /home/maizaied03/ros2_ws/install/px4_msgs/include/px4_msgs/px4_msgs/msg/detail/mag_worker_data__struct.h\n'}
[9.129782] (px4_msgs) StdoutLine: {'line': b'-- Up-to-date: /home/maizaied03/ros2_ws/install/px4_msgs/include/px4_msgs/px4_msgs/msg/detail/rover_steering_setpoint__type_support.h\n'}
[9.129845] (px4_msgs) StdoutLine: {'line': b'-- Up-to-date: /home/maizaied03/ros2_ws/install/px4_msgs/include/px4_msgs/px4_msgs/msg/detail/rover_attitude_status__functions.h\n'}
[9.129911] (px4_msgs) StdoutLine: {'line': b'-- Up-to-date: /home/maizaied03/ros2_ws/install/px4_msgs/include/px4_msgs/px4_msgs/msg/detail/fixed_wing_lateral_status__type_support.h\n'}
[9.129975] (px4_msgs) StdoutLine: {'line': b'-- Up-to-date: /home/maizaied03/ros2_ws/install/px4_msgs/include/px4_msgs/px4_msgs/msg/detail/sensor_uwb__functions.c\n'}
[9.130040] (px4_msgs) StdoutLine: {'line': b'-- Up-to-date: /home/maizaied03/ros2_ws/install/px4_msgs/include/px4_msgs/px4_msgs/msg/message_format_response.h\n'}
[9.130129] (px4_msgs) StdoutLine: {'line': b'-- Up-to-date: /home/maizaied03/ros2_ws/install/px4_msgs/include/px4_msgs/px4_msgs/msg/airspeed.h\n'}
[9.130194] (px4_msgs) StdoutLine: {'line': b'-- Up-to-date: /home/maizaied03/ros2_ws/install/px4_msgs/include/px4_msgs/px4_msgs/msg/sensor_selection.h\n'}
[9.130259] (px4_msgs) StdoutLine: {'line': b'-- Up-to-date: /home/maizaied03/ros2_ws/install/px4_msgs/include/px4_msgs/px4_msgs/msg/wheel_encoders.h\n'}
[9.130367] (px4_msgs) StdoutLine: {'line': b'-- Up-to-date: /home/maizaied03/ros2_ws/install/px4_msgs/include/px4_msgs/px4_msgs/msg/estimator_gps_status.h\n'}
[9.130455] (px4_msgs) StdoutLine: {'line': b'-- Up-to-date: /home/maizaied03/ros2_ws/install/px4_msgs/include/px4_msgs/px4_msgs/msg/sensor_hygrometer.h\n'}
[9.130513] (px4_msgs) StdoutLine: {'line': b'-- Up-to-date: /home/maizaied03/ros2_ws/install/px4_msgs/include/px4_msgs/px4_msgs/msg/goto_setpoint.h\n'}
[9.130569] (px4_msgs) StdoutLine: {'line': b'-- Up-to-date: /home/maizaied03/ros2_ws/install/px4_msgs/include/px4_msgs/px4_msgs/msg/actuator_servos_trim.h\n'}
[9.130675] (px4_msgs) StdoutLine: {'line': b'-- Up-to-date: /home/maizaied03/ros2_ws/install/px4_msgs/include/px4_msgs/px4_msgs/msg/open_drone_id_arm_status.h\n'}
[9.130760] (px4_msgs) StdoutLine: {'line': b'-- Up-to-date: /home/maizaied03/ros2_ws/install/px4_msgs/include/px4_msgs/px4_msgs/msg/gimbal_device_information.h\n'}
[9.130819] (px4_msgs) StdoutLine: {'line': b'-- Up-to-date: /home/maizaied03/ros2_ws/install/px4_msgs/include/px4_msgs/px4_msgs/msg/flight_phase_estimation.h\n'}
[9.130877] (px4_msgs) StdoutLine: {'line': b'-- Up-to-date: /home/maizaied03/ros2_ws/install/px4_msgs/include/px4_msgs/px4_msgs/msg/iridiumsbd_status.h\n'}
[9.130934] (px4_msgs) StdoutLine: {'line': b'-- Up-to-date: /home/maizaied03/ros2_ws/install/px4_msgs/include/px4_msgs/px4_msgs/msg/debug_vect.h\n'}
[9.131004] (px4_msgs) StdoutLine: {'line': b'-- Up-to-date: /home/maizaied03/ros2_ws/install/px4_msgs/include/px4_msgs/px4_msgs/msg/actuator_servos.h\n'}
[9.131062] (px4_msgs) StdoutLine: {'line': b'-- Up-to-date: /home/maizaied03/ros2_ws/install/px4_msgs/include/px4_msgs/px4_msgs/msg/vehicle_magnetometer.h\n'}
[9.131120] (px4_msgs) StdoutLine: {'line': b'-- Up-to-date: /home/maizaied03/ros2_ws/install/px4_msgs/include/px4_msgs/px4_msgs/msg/sensor_preflight_mag.h\n'}
[9.131181] (px4_msgs) StdoutLine: {'line': b'-- Up-to-date: /home/maizaied03/ros2_ws/install/px4_msgs/include/px4_msgs/px4_msgs/msg/vehicle_optical_flow.h\n'}
[9.131240] (px4_msgs) StdoutLine: {'line': b'-- Up-to-date: /home/maizaied03/ros2_ws/install/px4_msgs/include/px4_msgs/px4_msgs/msg/gripper.h\n'}
[9.131299] (px4_msgs) StdoutLine: {'line': b'-- Up-to-date: /home/maizaied03/ros2_ws/install/px4_msgs/include/px4_msgs/px4_msgs/msg/transponder_report.h\n'}
[9.131428] (px4_msgs) StdoutLine: {'line': b'-- Up-to-date: /home/maizaied03/ros2_ws/install/px4_msgs/include/px4_msgs/px4_msgs/msg/log_message.h\n'}
[9.131514] (px4_msgs) StdoutLine: {'line': b'-- Up-to-date: /home/maizaied03/ros2_ws/install/px4_msgs/include/px4_msgs/px4_msgs/msg/estimator_aid_source2d.h\n'}
[9.131606] (px4_msgs) StdoutLine: {'line': b'-- Up-to-date: /home/maizaied03/ros2_ws/install/px4_msgs/include/px4_msgs/px4_msgs/msg/fixed_wing_lateral_setpoint.h\n'}
[9.131704] (px4_msgs) StdoutLine: {'line': b'-- Up-to-date: /home/maizaied03/ros2_ws/install/px4_msgs/include/px4_msgs/px4_msgs/msg/ulog_stream_ack.h\n'}
[9.131789] (px4_msgs) StdoutLine: {'line': b'-- Up-to-date: /home/maizaied03/ros2_ws/install/px4_msgs/include/px4_msgs/px4_msgs/msg/rpm.h\n'}
[9.131880] (px4_msgs) StdoutLine: {'line': b'-- Up-to-date: /home/maizaied03/ros2_ws/install/px4_msgs/include/px4_msgs/px4_msgs/msg/vehicle_local_position.h\n'}
[9.131941] (px4_msgs) StdoutLine: {'line': b'-- Up-to-date: /home/maizaied03/ros2_ws/install/px4_msgs/include/px4_msgs/px4_msgs/msg/failsafe_flags.h\n'}
[9.132000] (px4_msgs) StdoutLine: {'line': b'-- Up-to-date: /home/maizaied03/ros2_ws/install/px4_msgs/include/px4_msgs/px4_msgs/msg/sensors_status_imu.h\n'}
[9.132105] (px4_msgs) StdoutLine: {'line': b'-- Up-to-date: /home/maizaied03/ros2_ws/install/px4_msgs/include/px4_msgs/px4_msgs/msg/estimator_aid_source3d.h\n'}
[9.132170] (px4_msgs) StdoutLine: {'line': b'-- Up-to-date: /home/maizaied03/ros2_ws/install/px4_msgs/include/px4_msgs/px4_msgs/msg/estimator_event_flags.h\n'}
[9.132237] (px4_msgs) StdoutLine: {'line': b'-- Up-to-date: /home/maizaied03/ros2_ws/install/px4_msgs/include/px4_msgs/px4_msgs/msg/register_ext_component_reply.h\n'}
[9.132303] (px4_msgs) StdoutLine: {'line': b'-- Up-to-date: /home/maizaied03/ros2_ws/install/px4_msgs/include/px4_msgs/px4_msgs/msg/gimbal_device_attitude_status.h\n'}
[9.132368] (px4_msgs) StdoutLine: {'line': b'-- Up-to-date: /home/maizaied03/ros2_ws/install/px4_msgs/include/px4_msgs/px4_msgs/msg/vehicle_odometry.h\n'}
[9.132445] (px4_msgs) StdoutLine: {'line': b'-- Up-to-date: /home/maizaied03/ros2_ws/install/px4_msgs/include/px4_msgs/px4_msgs/msg/geofence_status.h\n'}
[9.132560] (px4_msgs) StdoutLine: {'line': b'-- Up-to-date: /home/maizaied03/ros2_ws/install/px4_msgs/include/px4_msgs/px4_msgs/msg/differential_pressure.h\n'}
[9.132666] (px4_msgs) StdoutLine: {'line': b'-- Up-to-date: /home/maizaied03/ros2_ws/install/px4_msgs/include/px4_msgs/px4_msgs/msg/ekf2_timestamps.h\n'}
[9.132762] (px4_msgs) StdoutLine: {'line': b'-- Up-to-date: /home/maizaied03/ros2_ws/install/px4_msgs/include/px4_msgs/px4_msgs/msg/irlock_report.h\n'}
[9.132854] (px4_msgs) StdoutLine: {'line': b'-- Up-to-date: /home/maizaied03/ros2_ws/install/px4_msgs/include/px4_msgs/px4_msgs/msg/airspeed_validated.h\n'}
[9.132952] (px4_msgs) StdoutLine: {'line': b'-- Up-to-date: /home/maizaied03/ros2_ws/install/px4_msgs/include/px4_msgs/px4_msgs/msg/obstacle_distance.h\n'}
[9.133053] (px4_msgs) StdoutLine: {'line': b'-- Up-to-date: /home/maizaied03/ros2_ws/install/px4_msgs/include/px4_msgs/px4_msgs/msg/vehicle_land_detected.h\n'}
[9.133122] (px4_msgs) StdoutLine: {'line': b'-- Up-to-date: /home/maizaied03/ros2_ws/install/px4_msgs/include/px4_msgs/px4_msgs/msg/system_power.h\n'}
[9.133189] (px4_msgs) StdoutLine: {'line': b'-- Up-to-date: /home/maizaied03/ros2_ws/install/px4_msgs/include/px4_msgs/px4_msgs/msg/longitudinal_control_configuration.h\n'}
[9.133248] (px4_msgs) StdoutLine: {'line': b'-- Up-to-date: /home/maizaied03/ros2_ws/install/px4_msgs/include/px4_msgs/px4_msgs/msg/rc_parameter_map.h\n'}
[9.133305] (px4_msgs) StdoutLine: {'line': b'-- Up-to-date: /home/maizaied03/ros2_ws/install/px4_msgs/include/px4_msgs/px4_msgs/msg/mode_completed.h\n'}
[9.133374] (px4_msgs) StdoutLine: {'line': b'-- Up-to-date: /home/maizaied03/ros2_ws/install/px4_msgs/include/px4_msgs/px4_msgs/msg/orb_test_large.h\n'}
[9.133492] (px4_msgs) StdoutLine: {'line': b'-- Up-to-date: /home/maizaied03/ros2_ws/install/px4_msgs/include/px4_msgs/px4_msgs/msg/sensor_baro.h\n'}
[9.133551] (px4_msgs) StdoutLine: {'line': b'-- Up-to-date: /home/maizaied03/ros2_ws/install/px4_msgs/include/px4_msgs/px4_msgs/msg/vehicle_air_data.h\n'}
[9.133660] (px4_msgs) StdoutLine: {'line': b'-- Up-to-date: /home/maizaied03/ros2_ws/install/px4_msgs/include/px4_msgs/px4_msgs/msg/airspeed_wind.h\n'}
[9.133736] (px4_msgs) StdoutLine: {'line': b'-- Up-to-date: /home/maizaied03/ros2_ws/install/px4_msgs/include/px4_msgs/px4_msgs/msg/vehicle_angular_velocity.h\n'}
[9.133802] (px4_msgs) StdoutLine: {'line': b'-- Up-to-date: /home/maizaied03/ros2_ws/install/px4_msgs/include/px4_msgs/px4_msgs/msg/rover_steering_setpoint.h\n'}
[9.133864] (px4_msgs) StdoutLine: {'line': b'-- Up-to-date: /home/maizaied03/ros2_ws/install/px4_msgs/include/px4_msgs/px4_msgs/msg/sensor_gps.h\n'}
[9.133926] (px4_msgs) StdoutLine: {'line': b'-- Up-to-date: /home/maizaied03/ros2_ws/install/px4_msgs/include/px4_msgs/px4_msgs/msg/power_button_state.h\n'}
[9.133986] (px4_msgs) StdoutLine: {'line': b'-- Up-to-date: /home/maizaied03/ros2_ws/install/px4_msgs/include/px4_msgs/px4_msgs/msg/parameter_reset_request.h\n'}
[9.134083] (px4_msgs) StdoutLine: {'line': b'-- Up-to-date: /home/maizaied03/ros2_ws/install/px4_msgs/include/px4_msgs/px4_msgs/msg/distance_sensor.h\n'}
[9.134229] (px4_msgs) StdoutLine: {'line': b'-- Up-to-date: /home/maizaied03/ros2_ws/install/px4_msgs/include/px4_msgs/px4_msgs/msg/generator_status.h\n'}
[9.134289] (px4_msgs) StdoutLine: {'line': b'-- Up-to-date: /home/maizaied03/ros2_ws/install/px4_msgs/include/px4_msgs/px4_msgs/msg/fuel_tank_status.h\n'}
[9.134351] (px4_msgs) StdoutLine: {'line': b'-- Up-to-date: /home/maizaied03/ros2_ws/install/px4_msgs/include/px4_msgs/px4_msgs/msg/cellular_status.h\n'}
[9.134409] (px4_msgs) StdoutLine: {'line': b'-- Up-to-date: /home/maizaied03/ros2_ws/install/px4_msgs/include/px4_msgs/px4_msgs/msg/parameter_set_value_request.h\n'}
[9.134466] (px4_msgs) StdoutLine: {'line': b'-- Up-to-date: /home/maizaied03/ros2_ws/install/px4_msgs/include/px4_msgs/px4_msgs/msg/vehicle_imu.h\n'}
[9.134523] (px4_msgs) StdoutLine: {'line': b'-- Up-to-date: /home/maizaied03/ros2_ws/install/px4_msgs/include/px4_msgs/px4_msgs/msg/pwm_input.h\n'}
[9.134657] (px4_msgs) StdoutLine: {'line': b'-- Up-to-date: /home/maizaied03/ros2_ws/install/px4_msgs/include/px4_msgs/px4_msgs/msg/estimator_sensor_bias.h\n'}
[9.134756] (px4_msgs) StdoutLine: {'line': b'-- Up-to-date: /home/maizaied03/ros2_ws/install/px4_msgs/include/px4_msgs/px4_msgs/msg/position_setpoint.h\n'}
[9.134828] (px4_msgs) StdoutLine: {'line': b'-- Up-to-date: /home/maizaied03/ros2_ws/install/px4_msgs/include/px4_msgs/px4_msgs/msg/pure_pursuit_status.h\n'}
[9.134886] (px4_msgs) StdoutLine: {'line': b'-- Up-to-date: /home/maizaied03/ros2_ws/install/px4_msgs/include/px4_msgs/px4_msgs/msg/vehicle_attitude.h\n'}
[9.134943] (px4_msgs) StdoutLine: {'line': b'-- Up-to-date: /home/maizaied03/ros2_ws/install/px4_msgs/include/px4_msgs/px4_msgs/msg/estimator_status.h\n'}
[9.135048] (px4_msgs) StdoutLine: {'line': b'-- Up-to-date: /home/maizaied03/ros2_ws/install/px4_msgs/include/px4_msgs/px4_msgs/msg/camera_status.h\n'}
[9.135118] (px4_msgs) StdoutLine: {'line': b'-- Up-to-date: /home/maizaied03/ros2_ws/install/px4_msgs/include/px4_msgs/px4_msgs/msg/register_ext_component_request.h\n'}
[9.135196] (px4_msgs) StdoutLine: {'line': b'-- Up-to-date: /home/maizaied03/ros2_ws/install/px4_msgs/include/px4_msgs/px4_msgs/msg/vehicle_status.h\n'}
[9.135272] (px4_msgs) StdoutLine: {'line': b'-- Up-to-date: /home/maizaied03/ros2_ws/install/px4_msgs/include/px4_msgs/px4_msgs/msg/estimator_states.h\n'}
[9.135435] (px4_msgs) StdoutLine: {'line': b'-- Up-to-date: /home/maizaied03/ros2_ws/install/px4_msgs/include/px4_msgs/px4_msgs/msg/input_rc.h\n'}
[9.135527] (px4_msgs) StdoutLine: {'line': b'-- Up-to-date: /home/maizaied03/ros2_ws/install/px4_msgs/include/px4_msgs/px4_msgs/msg/rover_speed_setpoint.h\n'}
[9.135609] (px4_msgs) StdoutLine: {'line': b'-- Up-to-date: /home/maizaied03/ros2_ws/install/px4_msgs/include/px4_msgs/px4_msgs/msg/esc_report.h\n'}
[9.135739] (px4_msgs) StdoutLine: {'line': b'-- Up-to-date: /home/maizaied03/ros2_ws/install/px4_msgs/include/px4_msgs/px4_msgs/msg/actuator_controls_status.h\n'}
[9.135852] (px4_msgs) StdoutLine: {'line': b'-- Up-to-date: /home/maizaied03/ros2_ws/install/px4_msgs/include/px4_msgs/px4_msgs/srv\n'}
[9.135948] (px4_msgs) StdoutLine: {'line': b'-- Up-to-date: /home/maizaied03/ros2_ws/install/px4_msgs/include/px4_msgs/px4_msgs/srv/vehicle_command.h\n'}
[9.136020] (px4_msgs) StdoutLine: {'line': b'-- Up-to-date: /home/maizaied03/ros2_ws/install/px4_msgs/include/px4_msgs/px4_msgs/srv/detail\n'}
[9.136079] (px4_msgs) StdoutLine: {'line': b'-- Up-to-date: /home/maizaied03/ros2_ws/install/px4_msgs/include/px4_msgs/px4_msgs/srv/detail/vehicle_command__struct.h\n'}
[9.136138] (px4_msgs) StdoutLine: {'line': b'-- Up-to-date: /home/maizaied03/ros2_ws/install/px4_msgs/include/px4_msgs/px4_msgs/srv/detail/vehicle_command__functions.h\n'}
[9.136196] (px4_msgs) StdoutLine: {'line': b'-- Up-to-date: /home/maizaied03/ros2_ws/install/px4_msgs/include/px4_msgs/px4_msgs/srv/detail/vehicle_command__functions.c\n'}
[9.136253] (px4_msgs) StdoutLine: {'line': b'-- Up-to-date: /home/maizaied03/ros2_ws/install/px4_msgs/include/px4_msgs/px4_msgs/srv/detail/vehicle_command__type_support.h\n'}
[9.136321] (px4_msgs) StdoutLine: {'line': b'-- Up-to-date: /home/maizaied03/ros2_ws/install/px4_msgs/share/px4_msgs/environment/library_path.sh\n'}
[9.136379] (px4_msgs) StdoutLine: {'line': b'-- Up-to-date: /home/maizaied03/ros2_ws/install/px4_msgs/share/px4_msgs/environment/library_path.dsv\n'}
[9.136437] (px4_msgs) StdoutLine: {'line': b'-- Up-to-date: /home/maizaied03/ros2_ws/install/px4_msgs/lib/libpx4_msgs__rosidl_generator_c.so\n'}
[9.136495] (px4_msgs) StdoutLine: {'line': b'-- Up-to-date: /home/maizaied03/ros2_ws/install/px4_msgs/include/px4_msgs/px4_msgs\n'}
[9.136553] (px4_msgs) StdoutLine: {'line': b'-- Up-to-date: /home/maizaied03/ros2_ws/install/px4_msgs/include/px4_msgs/px4_msgs/msg\n'}
[9.136651] (px4_msgs) StdoutLine: {'line': b'-- Up-to-date: /home/maizaied03/ros2_ws/install/px4_msgs/include/px4_msgs/px4_msgs/msg/rosidl_typesupport_fastrtps_c__visibility_control.h\n'}
[9.136779] (px4_msgs) StdoutLine: {'line': b'-- Up-to-date: /home/maizaied03/ros2_ws/install/px4_msgs/include/px4_msgs/px4_msgs/msg/detail\n'}
[9.136865] (px4_msgs) StdoutLine: {'line': b'-- Up-to-date: /home/maizaied03/ros2_ws/install/px4_msgs/include/px4_msgs/px4_msgs/msg/detail/estimator_status_flags__rosidl_typesupport_fastrtps_c.h\n'}
[9.136953] (px4_msgs) StdoutLine: {'line': b'-- Up-to-date: /home/maizaied03/ros2_ws/install/px4_msgs/include/px4_msgs/px4_msgs/msg/detail/fixed_wing_lateral_setpoint__rosidl_typesupport_fastrtps_c.h\n'}
[9.137015] (px4_msgs) StdoutLine: {'line': b'-- Up-to-date: /home/maizaied03/ros2_ws/install/px4_msgs/include/px4_msgs/px4_msgs/msg/detail/system_power__rosidl_typesupport_fastrtps_c.h\n'}
[9.137110] (px4_msgs) StdoutLine: {'line': b'-- Up-to-date: /home/maizaied03/ros2_ws/install/px4_msgs/include/px4_msgs/px4_msgs/msg/detail/vehicle_torque_setpoint__rosidl_typesupport_fastrtps_c.h\n'}
[9.137190] (px4_msgs) StdoutLine: {'line': b'-- Up-to-date: /home/maizaied03/ros2_ws/install/px4_msgs/include/px4_msgs/px4_msgs/msg/detail/esc_report__rosidl_typesupport_fastrtps_c.h\n'}
[9.137249] (px4_msgs) StdoutLine: {'line': b'-- Up-to-date: /home/maizaied03/ros2_ws/install/px4_msgs/include/px4_msgs/px4_msgs/msg/detail/vehicle_angular_velocity__rosidl_typesupport_fastrtps_c.h\n'}
[9.137306] (px4_msgs) StdoutLine: {'line': b'-- Up-to-date: /home/maizaied03/ros2_ws/install/px4_msgs/include/px4_msgs/px4_msgs/msg/detail/parameter_update__rosidl_typesupport_fastrtps_c.h\n'}
[9.137363] (px4_msgs) StdoutLine: {'line': b'-- Up-to-date: /home/maizaied03/ros2_ws/install/px4_msgs/include/px4_msgs/px4_msgs/msg/detail/parameter_set_value_request__rosidl_typesupport_fastrtps_c.h\n'}
[9.137430] (px4_msgs) StdoutLine: {'line': b'-- Up-to-date: /home/maizaied03/ros2_ws/install/px4_msgs/include/px4_msgs/px4_msgs/msg/detail/qshell_req__rosidl_typesupport_fastrtps_c.h\n'}
[9.137492] (px4_msgs) StdoutLine: {'line': b'-- Up-to-date: /home/maizaied03/ros2_ws/install/px4_msgs/include/px4_msgs/px4_msgs/msg/detail/actuator_servos_trim__rosidl_typesupport_fastrtps_c.h\n'}
[9.137548] (px4_msgs) StdoutLine: {'line': b'-- Up-to-date: /home/maizaied03/ros2_ws/install/px4_msgs/include/px4_msgs/px4_msgs/msg/detail/vehicle_global_position__rosidl_typesupport_fastrtps_c.h\n'}
[9.137642] (px4_msgs) StdoutLine: {'line': b'-- Up-to-date: /home/maizaied03/ros2_ws/install/px4_msgs/include/px4_msgs/px4_msgs/msg/detail/orb_test_large__rosidl_typesupport_fastrtps_c.h\n'}
[9.137742] (px4_msgs) StdoutLine: {'line': b'-- Up-to-date: /home/maizaied03/ros2_ws/install/px4_msgs/include/px4_msgs/px4_msgs/msg/detail/gimbal_device_attitude_status__rosidl_typesupport_fastrtps_c.h\n'}
[9.137801] (px4_msgs) StdoutLine: {'line': b'-- Up-to-date: /home/maizaied03/ros2_ws/install/px4_msgs/include/px4_msgs/px4_msgs/msg/detail/tune_control__rosidl_typesupport_fastrtps_c.h\n'}
[9.137884] (px4_msgs) StdoutLine: {'line': b'-- Up-to-date: /home/maizaied03/ros2_ws/install/px4_msgs/include/px4_msgs/px4_msgs/msg/detail/open_drone_id_self_id__rosidl_typesupport_fastrtps_c.h\n'}
[9.137968] (px4_msgs) StdoutLine: {'line': b'-- Up-to-date: /home/maizaied03/ros2_ws/install/px4_msgs/include/px4_msgs/px4_msgs/msg/detail/manual_control_setpoint__rosidl_typesupport_fastrtps_c.h\n'}
[9.138039] (px4_msgs) StdoutLine: {'line': b'-- Up-to-date: /home/maizaied03/ros2_ws/install/px4_msgs/include/px4_msgs/px4_msgs/msg/detail/mode_completed__rosidl_typesupport_fastrtps_c.h\n'}
[9.138126] (px4_msgs) StdoutLine: {'line': b'-- Up-to-date: /home/maizaied03/ros2_ws/install/px4_msgs/include/px4_msgs/px4_msgs/msg/detail/sensor_accel_fifo__rosidl_typesupport_fastrtps_c.h\n'}
[9.138191] (px4_msgs) StdoutLine: {'line': b'-- Up-to-date: /home/maizaied03/ros2_ws/install/px4_msgs/include/px4_msgs/px4_msgs/msg/detail/action_request__rosidl_typesupport_fastrtps_c.h\n'}
[9.138253] (px4_msgs) StdoutLine: {'line': b'-- Up-to-date: /home/maizaied03/ros2_ws/install/px4_msgs/include/px4_msgs/px4_msgs/msg/detail/rover_throttle_setpoint__rosidl_typesupport_fastrtps_c.h\n'}
[9.138316] (px4_msgs) StdoutLine: {'line': b'-- Up-to-date: /home/maizaied03/ros2_ws/install/px4_msgs/include/px4_msgs/px4_msgs/msg/detail/vehicle_air_data__rosidl_typesupport_fastrtps_c.h\n'}
[9.138379] (px4_msgs) StdoutLine: {'line': b'-- Up-to-date: /home/maizaied03/ros2_ws/install/px4_msgs/include/px4_msgs/px4_msgs/msg/detail/sensor_gnss_relative__rosidl_typesupport_fastrtps_c.h\n'}
[9.138442] (px4_msgs) StdoutLine: {'line': b'-- Up-to-date: /home/maizaied03/ros2_ws/install/px4_msgs/include/px4_msgs/px4_msgs/msg/detail/vehicle_constraints__rosidl_typesupport_fastrtps_c.h\n'}
[9.138506] (px4_msgs) StdoutLine: {'line': b'-- Up-to-date: /home/maizaied03/ros2_ws/install/px4_msgs/include/px4_msgs/px4_msgs/msg/detail/dataman_response__rosidl_typesupport_fastrtps_c.h\n'}
[9.138568] (px4_msgs) StdoutLine: {'line': b'-- Up-to-date: /home/maizaied03/ros2_ws/install/px4_msgs/include/px4_msgs/px4_msgs/msg/detail/manual_control_switches__rosidl_typesupport_fastrtps_c.h\n'}
[9.138681] (px4_msgs) StdoutLine: {'line': b'-- Up-to-date: /home/maizaied03/ros2_ws/install/px4_msgs/include/px4_msgs/px4_msgs/msg/detail/airspeed_wind__rosidl_typesupport_fastrtps_c.h\n'}
[9.138756] (px4_msgs) StdoutLine: {'line': b'-- Up-to-date: /home/maizaied03/ros2_ws/install/px4_msgs/include/px4_msgs/px4_msgs/msg/detail/sensor_mag__rosidl_typesupport_fastrtps_c.h\n'}
[9.138820] (px4_msgs) StdoutLine: {'line': b'-- Up-to-date: /home/maizaied03/ros2_ws/install/px4_msgs/include/px4_msgs/px4_msgs/msg/detail/gimbal_manager_set_attitude__rosidl_typesupport_fastrtps_c.h\n'}
[9.138883] (px4_msgs) StdoutLine: {'line': b'-- Up-to-date: /home/maizaied03/ros2_ws/install/px4_msgs/include/px4_msgs/px4_msgs/msg/detail/rc_channels__rosidl_typesupport_fastrtps_c.h\n'}
[9.138956] (px4_msgs) StdoutLine: {'line': b'-- Up-to-date: /home/maizaied03/ros2_ws/install/px4_msgs/include/px4_msgs/px4_msgs/msg/detail/vehicle_local_position_setpoint__rosidl_typesupport_fastrtps_c.h\n'}
[9.139038] (px4_msgs) StdoutLine: {'line': b'-- Up-to-date: /home/maizaied03/ros2_ws/install/px4_msgs/include/px4_msgs/px4_msgs/msg/detail/vehicle_local_position__rosidl_typesupport_fastrtps_c.h\n'}
[9.139114] (px4_msgs) StdoutLine: {'line': b'-- Up-to-date: /home/maizaied03/ros2_ws/install/px4_msgs/include/px4_msgs/px4_msgs/msg/detail/gain_compression__rosidl_typesupport_fastrtps_c.h\n'}
[9.139189] (px4_msgs) StdoutLine: {'line': b'-- Up-to-date: /home/maizaied03/ros2_ws/install/px4_msgs/include/px4_msgs/px4_msgs/msg/detail/wheel_encoders__rosidl_typesupport_fastrtps_c.h\n'}
[9.139262] (px4_msgs) StdoutLine: {'line': b'-- Up-to-date: /home/maizaied03/ros2_ws/install/px4_msgs/include/px4_msgs/px4_msgs/msg/detail/mission_result__rosidl_typesupport_fastrtps_c.h\n'}
[9.139335] (px4_msgs) StdoutLine: {'line': b'-- Up-to-date: /home/maizaied03/ros2_ws/install/px4_msgs/include/px4_msgs/px4_msgs/msg/detail/estimator_selector_status__rosidl_typesupport_fastrtps_c.h\n'}
[9.139410] (px4_msgs) StdoutLine: {'line': b'-- Up-to-date: /home/maizaied03/ros2_ws/install/px4_msgs/include/px4_msgs/px4_msgs/msg/detail/sensor_temp__rosidl_typesupport_fastrtps_c.h\n'}
[9.139485] (px4_msgs) StdoutLine: {'line': b'-- Up-to-date: /home/maizaied03/ros2_ws/install/px4_msgs/include/px4_msgs/px4_msgs/msg/detail/task_stack_info__rosidl_typesupport_fastrtps_c.h\n'}
[9.139664] (px4_msgs) StdoutLine: {'line': b'-- Up-to-date: /home/maizaied03/ros2_ws/install/px4_msgs/include/px4_msgs/px4_msgs/msg/detail/navigator_status__rosidl_typesupport_fastrtps_c.h\n'}
[9.139795] (px4_msgs) StdoutLine: {'line': b'-- Up-to-date: /home/maizaied03/ros2_ws/install/px4_msgs/include/px4_msgs/px4_msgs/msg/detail/generator_status__rosidl_typesupport_fastrtps_c.h\n'}
[9.139889] (px4_msgs) StdoutLine: {'line': b'-- Up-to-date: /home/maizaied03/ros2_ws/install/px4_msgs/include/px4_msgs/px4_msgs/msg/detail/neural_control__rosidl_typesupport_fastrtps_c.h\n'}
[9.140003] (px4_msgs) StdoutLine: {'line': b'-- Up-to-date: /home/maizaied03/ros2_ws/install/px4_msgs/include/px4_msgs/px4_msgs/msg/detail/button_event__rosidl_typesupport_fastrtps_c.h\n'}
[9.140124] (px4_msgs) StdoutLine: {'line': b'-- Up-to-date: /home/maizaied03/ros2_ws/install/px4_msgs/include/px4_msgs/px4_msgs/msg/detail/mag_worker_data__rosidl_typesupport_fastrtps_c.h\n'}
[9.140202] (px4_msgs) StdoutLine: {'line': b'-- Up-to-date: /home/maizaied03/ros2_ws/install/px4_msgs/include/px4_msgs/px4_msgs/msg/detail/pps_capture__rosidl_typesupport_fastrtps_c.h\n'}
[9.140278] (px4_msgs) StdoutLine: {'line': b'-- Up-to-date: /home/maizaied03/ros2_ws/install/px4_msgs/include/px4_msgs/px4_msgs/msg/detail/uavcan_parameter_request__rosidl_typesupport_fastrtps_c.h\n'}
[9.140352] (px4_msgs) StdoutLine: {'line': b'-- Up-to-date: /home/maizaied03/ros2_ws/install/px4_msgs/include/px4_msgs/px4_msgs/msg/detail/sensor_optical_flow__rosidl_typesupport_fastrtps_c.h\n'}
[9.140426] (px4_msgs) StdoutLine: {'line': b'-- Up-to-date: /home/maizaied03/ros2_ws/install/px4_msgs/include/px4_msgs/px4_msgs/msg/detail/landing_gear_wheel__rosidl_typesupport_fastrtps_c.h\n'}
[9.140552] (px4_msgs) StdoutLine: {'line': b'-- Up-to-date: /home/maizaied03/ros2_ws/install/px4_msgs/include/px4_msgs/px4_msgs/msg/detail/unregister_ext_component__rosidl_typesupport_fastrtps_c.h\n'}
[9.140613] (px4_msgs) StdoutLine: {'line': b'-- Up-to-date: /home/maizaied03/ros2_ws/install/px4_msgs/include/px4_msgs/px4_msgs/msg/detail/iridiumsbd_status__rosidl_typesupport_fastrtps_c.h\n'}
[9.140672] (px4_msgs) StdoutLine: {'line': b'-- Up-to-date: /home/maizaied03/ros2_ws/install/px4_msgs/include/px4_msgs/px4_msgs/msg/detail/collision_constraints__rosidl_typesupport_fastrtps_c.h\n'}
[9.140728] (px4_msgs) StdoutLine: {'line': b'-- Up-to-date: /home/maizaied03/ros2_ws/install/px4_msgs/include/px4_msgs/px4_msgs/msg/detail/estimator_event_flags__rosidl_typesupport_fastrtps_c.h\n'}
[9.140782] (px4_msgs) StdoutLine: {'line': b'-- Up-to-date: /home/maizaied03/ros2_ws/install/px4_msgs/include/px4_msgs/px4_msgs/msg/detail/vehicle_acceleration__rosidl_typesupport_fastrtps_c.h\n'}
[9.140836] (px4_msgs) StdoutLine: {'line': b'-- Up-to-date: /home/maizaied03/ros2_ws/install/px4_msgs/include/px4_msgs/px4_msgs/msg/detail/rover_speed_setpoint__rosidl_typesupport_fastrtps_c.h\n'}
[9.140889] (px4_msgs) StdoutLine: {'line': b'-- Up-to-date: /home/maizaied03/ros2_ws/install/px4_msgs/include/px4_msgs/px4_msgs/msg/detail/rover_attitude_status__rosidl_typesupport_fastrtps_c.h\n'}
[9.140943] (px4_msgs) StdoutLine: {'line': b'-- Up-to-date: /home/maizaied03/ros2_ws/install/px4_msgs/include/px4_msgs/px4_msgs/msg/detail/parameter_reset_request__rosidl_typesupport_fastrtps_c.h\n'}
[9.140996] (px4_msgs) StdoutLine: {'line': b'-- Up-to-date: /home/maizaied03/ros2_ws/install/px4_msgs/include/px4_msgs/px4_msgs/msg/detail/rpm__rosidl_typesupport_fastrtps_c.h\n'}
[9.141051] (px4_msgs) StdoutLine: {'line': b'-- Up-to-date: /home/maizaied03/ros2_ws/install/px4_msgs/include/px4_msgs/px4_msgs/msg/detail/rover_rate_status__rosidl_typesupport_fastrtps_c.h\n'}
[9.141107] (px4_msgs) StdoutLine: {'line': b'-- Up-to-date: /home/maizaied03/ros2_ws/install/px4_msgs/include/px4_msgs/px4_msgs/msg/detail/ekf2_timestamps__rosidl_typesupport_fastrtps_c.h\n'}
[9.141161] (px4_msgs) StdoutLine: {'line': b'-- Up-to-date: /home/maizaied03/ros2_ws/install/px4_msgs/include/px4_msgs/px4_msgs/msg/detail/position_controller_landing_status__rosidl_typesupport_fastrtps_c.h\n'}
[9.141217] (px4_msgs) StdoutLine: {'line': b'-- Up-to-date: /home/maizaied03/ros2_ws/install/px4_msgs/include/px4_msgs/px4_msgs/msg/detail/message_format_response__rosidl_typesupport_fastrtps_c.h\n'}
[9.141270] (px4_msgs) StdoutLine: {'line': b'-- Up-to-date: /home/maizaied03/ros2_ws/install/px4_msgs/include/px4_msgs/px4_msgs/msg/detail/satellite_info__rosidl_typesupport_fastrtps_c.h\n'}
[9.141342] (px4_msgs) StdoutLine: {'line': b'-- Up-to-date: /home/maizaied03/ros2_ws/install/px4_msgs/include/px4_msgs/px4_msgs/msg/detail/sensor_uwb__rosidl_typesupport_fastrtps_c.h\n'}
[9.141396] (px4_msgs) StdoutLine: {'line': b'-- Up-to-date: /home/maizaied03/ros2_ws/install/px4_msgs/include/px4_msgs/px4_msgs/msg/detail/trajectory_setpoint6dof__rosidl_typesupport_fastrtps_c.h\n'}
[9.141453] (px4_msgs) StdoutLine: {'line': b'-- Up-to-date: /home/maizaied03/ros2_ws/install/px4_msgs/include/px4_msgs/px4_msgs/msg/detail/geofence_result__rosidl_typesupport_fastrtps_c.h\n'}
[9.141506] (px4_msgs) StdoutLine: {'line': b'-- Up-to-date: /home/maizaied03/ros2_ws/install/px4_msgs/include/px4_msgs/px4_msgs/msg/detail/estimator_bias__rosidl_typesupport_fastrtps_c.h\n'}
[9.141561] (px4_msgs) StdoutLine: {'line': b'-- Up-to-date: /home/maizaied03/ros2_ws/install/px4_msgs/include/px4_msgs/px4_msgs/msg/detail/actuator_test__rosidl_typesupport_fastrtps_c.h\n'}
[9.141628] (px4_msgs) StdoutLine: {'line': b'-- Up-to-date: /home/maizaied03/ros2_ws/install/px4_msgs/include/px4_msgs/px4_msgs/msg/detail/orb_test__rosidl_typesupport_fastrtps_c.h\n'}
[9.141685] (px4_msgs) StdoutLine: {'line': b'-- Up-to-date: /home/maizaied03/ros2_ws/install/px4_msgs/include/px4_msgs/px4_msgs/msg/detail/autotune_attitude_control_status__rosidl_typesupport_fastrtps_c.h\n'}
[9.141739] (px4_msgs) StdoutLine: {'line': b'-- Up-to-date: /home/maizaied03/ros2_ws/install/px4_msgs/include/px4_msgs/px4_msgs/msg/detail/offboard_control_mode__rosidl_typesupport_fastrtps_c.h\n'}
[9.141793] (px4_msgs) StdoutLine: {'line': b'-- Up-to-date: /home/maizaied03/ros2_ws/install/px4_msgs/include/px4_msgs/px4_msgs/msg/detail/rtl_time_estimate__rosidl_typesupport_fastrtps_c.h\n'}
[9.141845] (px4_msgs) StdoutLine: {'line': b'-- Up-to-date: /home/maizaied03/ros2_ws/install/px4_msgs/include/px4_msgs/px4_msgs/msg/detail/sensor_gnss_status__rosidl_typesupport_fastrtps_c.h\n'}
[9.141903] (px4_msgs) StdoutLine: {'line': b'-- Up-to-date: /home/maizaied03/ros2_ws/install/px4_msgs/include/px4_msgs/px4_msgs/msg/detail/actuator_motors__rosidl_typesupport_fastrtps_c.h\n'}
[9.141958] (px4_msgs) StdoutLine: {'line': b'-- Up-to-date: /home/maizaied03/ros2_ws/install/px4_msgs/include/px4_msgs/px4_msgs/msg/detail/log_message__rosidl_typesupport_fastrtps_c.h\n'}
[9.142014] (px4_msgs) StdoutLine: {'line': b'-- Up-to-date: /home/maizaied03/ros2_ws/install/px4_msgs/include/px4_msgs/px4_msgs/msg/detail/timesync_status__rosidl_typesupport_fastrtps_c.h\n'}
[9.142074] (px4_msgs) StdoutLine: {'line': b'-- Up-to-date: /home/maizaied03/ros2_ws/install/px4_msgs/include/px4_msgs/px4_msgs/msg/detail/gimbal_controls__rosidl_typesupport_fastrtps_c.h\n'}
[9.142149] (px4_msgs) StdoutLine: {'line': b'-- Up-to-date: /home/maizaied03/ros2_ws/install/px4_msgs/include/px4_msgs/px4_msgs/msg/detail/input_rc__rosidl_typesupport_fastrtps_c.h\n'}
[9.142204] (px4_msgs) StdoutLine: {'line': b'-- Up-to-date: /home/maizaied03/ros2_ws/install/px4_msgs/include/px4_msgs/px4_msgs/msg/detail/heater_status__rosidl_typesupport_fastrtps_c.h\n'}
[9.142257] (px4_msgs) StdoutLine: {'line': b'-- Up-to-date: /home/maizaied03/ros2_ws/install/px4_msgs/include/px4_msgs/px4_msgs/msg/detail/mavlink_log__rosidl_typesupport_fastrtps_c.h\n'}
[9.142310] (px4_msgs) StdoutLine: {'line': b'-- Up-to-date: /home/maizaied03/ros2_ws/install/px4_msgs/include/px4_msgs/px4_msgs/msg/detail/sensor_correction__rosidl_typesupport_fastrtps_c.h\n'}
[9.142365] (px4_msgs) StdoutLine: {'line': b'-- Up-to-date: /home/maizaied03/ros2_ws/install/px4_msgs/include/px4_msgs/px4_msgs/msg/detail/estimator_states__rosidl_typesupport_fastrtps_c.h\n'}
[9.142420] (px4_msgs) StdoutLine: {'line': b'-- Up-to-date: /home/maizaied03/ros2_ws/install/px4_msgs/include/px4_msgs/px4_msgs/msg/detail/vehicle_thrust_setpoint__rosidl_typesupport_fastrtps_c.h\n'}
[9.142474] (px4_msgs) StdoutLine: {'line': b'-- Up-to-date: /home/maizaied03/ros2_ws/install/px4_msgs/include/px4_msgs/px4_msgs/msg/detail/camera_trigger__rosidl_typesupport_fastrtps_c.h\n'}
[9.142528] (px4_msgs) StdoutLine: {'line': b'-- Up-to-date: /home/maizaied03/ros2_ws/install/px4_msgs/include/px4_msgs/px4_msgs/msg/detail/radio_status__rosidl_typesupport_fastrtps_c.h\n'}
[9.142578] (px4_msgs) StdoutLine: {'line': b'-- Up-to-date: /home/maizaied03/ros2_ws/install/px4_msgs/include/px4_msgs/px4_msgs/msg/detail/gimbal_manager_set_manual_control__rosidl_typesupport_fastrtps_c.h\n'}
[9.142638] (px4_msgs) StdoutLine: {'line': b'-- Up-to-date: /home/maizaied03/ros2_ws/install/px4_msgs/include/px4_msgs/px4_msgs/msg/detail/sensor_baro__rosidl_typesupport_fastrtps_c.h\n'}
[9.142696] (px4_msgs) StdoutLine: {'line': b'-- Up-to-date: /home/maizaied03/ros2_ws/install/px4_msgs/include/px4_msgs/px4_msgs/msg/detail/open_drone_id_system__rosidl_typesupport_fastrtps_c.h\n'}
[9.142752] (px4_msgs) StdoutLine: {'line': b'-- Up-to-date: /home/maizaied03/ros2_ws/install/px4_msgs/include/px4_msgs/px4_msgs/msg/detail/sensor_accel__rosidl_typesupport_fastrtps_c.h\n'}
[9.142807] (px4_msgs) StdoutLine: {'line': b'-- Up-to-date: /home/maizaied03/ros2_ws/install/px4_msgs/include/px4_msgs/px4_msgs/msg/detail/gpio_in__rosidl_typesupport_fastrtps_c.h\n'}
[9.142862] (px4_msgs) StdoutLine: {'line': b'-- Up-to-date: /home/maizaied03/ros2_ws/install/px4_msgs/include/px4_msgs/px4_msgs/msg/detail/arming_check_reply__rosidl_typesupport_fastrtps_c.h\n'}
[9.142917] (px4_msgs) StdoutLine: {'line': b'-- Up-to-date: /home/maizaied03/ros2_ws/install/px4_msgs/include/px4_msgs/px4_msgs/msg/detail/uavcan_parameter_value__rosidl_typesupport_fastrtps_c.h\n'}
[9.142971] (px4_msgs) StdoutLine: {'line': b'-- Up-to-date: /home/maizaied03/ros2_ws/install/px4_msgs/include/px4_msgs/px4_msgs/msg/detail/raptor_input__rosidl_typesupport_fastrtps_c.h\n'}
[9.143023] (px4_msgs) StdoutLine: {'line': b'-- Up-to-date: /home/maizaied03/ros2_ws/install/px4_msgs/include/px4_msgs/px4_msgs/msg/detail/tiltrotor_extra_controls__rosidl_typesupport_fastrtps_c.h\n'}
[9.143076] (px4_msgs) StdoutLine: {'line': b'-- Up-to-date: /home/maizaied03/ros2_ws/install/px4_msgs/include/px4_msgs/px4_msgs/msg/detail/failsafe_flags__rosidl_typesupport_fastrtps_c.h\n'}
[9.143130] (px4_msgs) StdoutLine: {'line': b'-- Up-to-date: /home/maizaied03/ros2_ws/install/px4_msgs/include/px4_msgs/px4_msgs/msg/detail/position_controller_status__rosidl_typesupport_fastrtps_c.h\n'}
[9.143184] (px4_msgs) StdoutLine: {'line': b'-- Up-to-date: /home/maizaied03/ros2_ws/install/px4_msgs/include/px4_msgs/px4_msgs/msg/detail/battery_status__rosidl_typesupport_fastrtps_c.h\n'}
[9.143237] (px4_msgs) StdoutLine: {'line': b'-- Up-to-date: /home/maizaied03/ros2_ws/install/px4_msgs/include/px4_msgs/px4_msgs/msg/detail/vehicle_optical_flow_vel__rosidl_typesupport_fastrtps_c.h\n'}
[9.143291] (px4_msgs) StdoutLine: {'line': b'-- Up-to-date: /home/maizaied03/ros2_ws/install/px4_msgs/include/px4_msgs/px4_msgs/msg/detail/sensor_gyro_fifo__rosidl_typesupport_fastrtps_c.h\n'}
[9.143343] (px4_msgs) StdoutLine: {'line': b'-- Up-to-date: /home/maizaied03/ros2_ws/install/px4_msgs/include/px4_msgs/px4_msgs/msg/detail/airspeed_validated__rosidl_typesupport_fastrtps_c.h\n'}
[9.143398] (px4_msgs) StdoutLine: {'line': b'-- Up-to-date: /home/maizaied03/ros2_ws/install/px4_msgs/include/px4_msgs/px4_msgs/msg/detail/goto_setpoint__rosidl_typesupport_fastrtps_c.h\n'}
[9.143450] (px4_msgs) StdoutLine: {'line': b'-- Up-to-date: /home/maizaied03/ros2_ws/install/px4_msgs/include/px4_msgs/px4_msgs/msg/detail/vtx__rosidl_typesupport_fastrtps_c.h\n'}
[9.143504] (px4_msgs) StdoutLine: {'line': b'-- Up-to-date: /home/maizaied03/ros2_ws/install/px4_msgs/include/px4_msgs/px4_msgs/msg/detail/rover_rate_setpoint__rosidl_typesupport_fastrtps_c.h\n'}
[9.143560] (px4_msgs) StdoutLine: {'line': b'-- Up-to-date: /home/maizaied03/ros2_ws/install/px4_msgs/include/px4_msgs/px4_msgs/msg/detail/mount_orientation__rosidl_typesupport_fastrtps_c.h\n'}
[9.143617] (px4_msgs) StdoutLine: {'line': b'-- Up-to-date: /home/maizaied03/ros2_ws/install/px4_msgs/include/px4_msgs/px4_msgs/msg/detail/mavlink_tunnel__rosidl_typesupport_fastrtps_c.h\n'}
[9.143679] (px4_msgs) StdoutLine: {'line': b'-- Up-to-date: /home/maizaied03/ros2_ws/install/px4_msgs/include/px4_msgs/px4_msgs/msg/detail/lateral_control_configuration__rosidl_typesupport_fastrtps_c.h\n'}
[9.143734] (px4_msgs) StdoutLine: {'line': b'-- Up-to-date: /home/maizaied03/ros2_ws/install/px4_msgs/include/px4_msgs/px4_msgs/msg/detail/debug_value__rosidl_typesupport_fastrtps_c.h\n'}
[9.143787] (px4_msgs) StdoutLine: {'line': b'-- Up-to-date: /home/maizaied03/ros2_ws/install/px4_msgs/include/px4_msgs/px4_msgs/msg/detail/gps_inject_data__rosidl_typesupport_fastrtps_c.h\n'}
[9.143840] (px4_msgs) StdoutLine: {'line': b'-- Up-to-date: /home/maizaied03/ros2_ws/install/px4_msgs/include/px4_msgs/px4_msgs/msg/detail/transponder_report__rosidl_typesupport_fastrtps_c.h\n'}
[9.143894] (px4_msgs) StdoutLine: {'line': b'-- Up-to-date: /home/maizaied03/ros2_ws/install/px4_msgs/include/px4_msgs/px4_msgs/msg/detail/estimator_sensor_bias__rosidl_typesupport_fastrtps_c.h\n'}
[9.143947] (px4_msgs) StdoutLine: {'line': b'-- Up-to-date: /home/maizaied03/ros2_ws/install/px4_msgs/include/px4_msgs/px4_msgs/msg/detail/actuator_controls_status__rosidl_typesupport_fastrtps_c.h\n'}
[9.144000] (px4_msgs) StdoutLine: {'line': b'-- Up-to-date: /home/maizaied03/ros2_ws/install/px4_msgs/include/px4_msgs/px4_msgs/msg/detail/battery_info__rosidl_typesupport_fastrtps_c.h\n'}
[9.144055] (px4_msgs) StdoutLine: {'line': b'-- Up-to-date: /home/maizaied03/ros2_ws/install/px4_msgs/include/px4_msgs/px4_msgs/msg/detail/parameter_set_value_response__rosidl_typesupport_fastrtps_c.h\n'}
[9.144109] (px4_msgs) StdoutLine: {'line': b'-- Up-to-date: /home/maizaied03/ros2_ws/install/px4_msgs/include/px4_msgs/px4_msgs/msg/detail/vehicle_odometry__rosidl_typesupport_fastrtps_c.h\n'}
[9.144162] (px4_msgs) StdoutLine: {'line': b'-- Up-to-date: /home/maizaied03/ros2_ws/install/px4_msgs/include/px4_msgs/px4_msgs/msg/detail/estimator_aid_source3d__rosidl_typesupport_fastrtps_c.h\n'}
[9.144215] (px4_msgs) StdoutLine: {'line': b'-- Up-to-date: /home/maizaied03/ros2_ws/install/px4_msgs/include/px4_msgs/px4_msgs/msg/detail/config_overrides__rosidl_typesupport_fastrtps_c.h\n'}
[9.144268] (px4_msgs) StdoutLine: {'line': b'-- Up-to-date: /home/maizaied03/ros2_ws/install/px4_msgs/include/px4_msgs/px4_msgs/msg/detail/cellular_status__rosidl_typesupport_fastrtps_c.h\n'}
[9.144320] (px4_msgs) StdoutLine: {'line': b'-- Up-to-date: /home/maizaied03/ros2_ws/install/px4_msgs/include/px4_msgs/px4_msgs/msg/detail/velocity_limits__rosidl_typesupport_fastrtps_c.h\n'}
[9.144374] (px4_msgs) StdoutLine: {'line': b'-- Up-to-date: /home/maizaied03/ros2_ws/install/px4_msgs/include/px4_msgs/px4_msgs/msg/detail/esc_status__rosidl_typesupport_fastrtps_c.h\n'}
[9.144427] (px4_msgs) StdoutLine: {'line': b'-- Up-to-date: /home/maizaied03/ros2_ws/install/px4_msgs/include/px4_msgs/px4_msgs/msg/detail/failure_detector_status__rosidl_typesupport_fastrtps_c.h\n'}
[9.144480] (px4_msgs) StdoutLine: {'line': b'-- Up-to-date: /home/maizaied03/ros2_ws/install/px4_msgs/include/px4_msgs/px4_msgs/msg/detail/sensor_gps__rosidl_typesupport_fastrtps_c.h\n'}
[9.144534] (px4_msgs) StdoutLine: {'line': b'-- Up-to-date: /home/maizaied03/ros2_ws/install/px4_msgs/include/px4_msgs/px4_msgs/msg/detail/tecs_status__rosidl_typesupport_fastrtps_c.h\n'}
[9.144598] (px4_msgs) StdoutLine: {'line': b'-- Up-to-date: /home/maizaied03/ros2_ws/install/px4_msgs/include/px4_msgs/px4_msgs/msg/detail/magnetometer_bias_estimate__rosidl_typesupport_fastrtps_c.h\n'}
[9.144661] (px4_msgs) StdoutLine: {'line': b'-- Up-to-date: /home/maizaied03/ros2_ws/install/px4_msgs/include/px4_msgs/px4_msgs/msg/detail/sensor_combined__rosidl_typesupport_fastrtps_c.h\n'}
[9.144721] (px4_msgs) StdoutLine: {'line': b'-- Up-to-date: /home/maizaied03/ros2_ws/install/px4_msgs/include/px4_msgs/px4_msgs/msg/detail/debug_key_value__rosidl_typesupport_fastrtps_c.h\n'}
[9.144779] (px4_msgs) StdoutLine: {'line': b'-- Up-to-date: /home/maizaied03/ros2_ws/install/px4_msgs/include/px4_msgs/px4_msgs/msg/detail/navigator_mission_item__rosidl_typesupport_fastrtps_c.h\n'}
[9.144832] (px4_msgs) StdoutLine: {'line': b'-- Up-to-date: /home/maizaied03/ros2_ws/install/px4_msgs/include/px4_msgs/px4_msgs/msg/detail/takeoff_status__rosidl_typesupport_fastrtps_c.h\n'}
[9.144886] (px4_msgs) StdoutLine: {'line': b'-- Up-to-date: /home/maizaied03/ros2_ws/install/px4_msgs/include/px4_msgs/px4_msgs/msg/detail/sensor_gyro_fft__rosidl_typesupport_fastrtps_c.h\n'}
[9.144939] (px4_msgs) StdoutLine: {'line': b'-- Up-to-date: /home/maizaied03/ros2_ws/install/px4_msgs/include/px4_msgs/px4_msgs/msg/detail/logger_status__rosidl_typesupport_fastrtps_c.h\n'}
[9.144992] (px4_msgs) StdoutLine: {'line': b'-- Up-to-date: /home/maizaied03/ros2_ws/install/px4_msgs/include/px4_msgs/px4_msgs/msg/detail/vehicle_angular_acceleration_setpoint__rosidl_typesupport_fastrtps_c.h\n'}
[9.145048] (px4_msgs) StdoutLine: {'line': b'-- Up-to-date: /home/maizaied03/ros2_ws/install/px4_msgs/include/px4_msgs/px4_msgs/msg/detail/distance_sensor__rosidl_typesupport_fastrtps_c.h\n'}
[9.145102] (px4_msgs) StdoutLine: {'line': b'-- Up-to-date: /home/maizaied03/ros2_ws/install/px4_msgs/include/px4_msgs/px4_msgs/msg/detail/fixed_wing_longitudinal_setpoint__rosidl_typesupport_fastrtps_c.h\n'}
[9.145157] (px4_msgs) StdoutLine: {'line': b'-- Up-to-date: /home/maizaied03/ros2_ws/install/px4_msgs/include/px4_msgs/px4_msgs/msg/detail/fixed_wing_runway_control__rosidl_typesupport_fastrtps_c.h\n'}
[9.145215] (px4_msgs) StdoutLine: {'line': b'-- Up-to-date: /home/maizaied03/ros2_ws/install/px4_msgs/include/px4_msgs/px4_msgs/msg/detail/position_setpoint_triplet__rosidl_typesupport_fastrtps_c.h\n'}
[9.145274] (-) TimerEvent: {}
[9.145436] (px4_msgs) StdoutLine: {'line': b'-- Up-to-date: /home/maizaied03/ros2_ws/install/px4_msgs/include/px4_msgs/px4_msgs/msg/detail/estimator_gps_status__rosidl_typesupport_fastrtps_c.h\n'}
[9.145549] (px4_msgs) StdoutLine: {'line': b'-- Up-to-date: /home/maizaied03/ros2_ws/install/px4_msgs/include/px4_msgs/px4_msgs/msg/detail/estimator_bias3d__rosidl_typesupport_fastrtps_c.h\n'}
[9.145643] (px4_msgs) StdoutLine: {'line': b'-- Up-to-date: /home/maizaied03/ros2_ws/install/px4_msgs/include/px4_msgs/px4_msgs/msg/detail/vehicle_status__rosidl_typesupport_fastrtps_c.h\n'}
[9.145705] (px4_msgs) StdoutLine: {'line': b'-- Up-to-date: /home/maizaied03/ros2_ws/install/px4_msgs/include/px4_msgs/px4_msgs/msg/detail/longitudinal_control_configuration__rosidl_typesupport_fastrtps_c.h\n'}
[9.145774] (px4_msgs) StdoutLine: {'line': b'-- Up-to-date: /home/maizaied03/ros2_ws/install/px4_msgs/include/px4_msgs/px4_msgs/msg/detail/orb_test_medium__rosidl_typesupport_fastrtps_c.h\n'}
[9.145835] (px4_msgs) StdoutLine: {'line': b'-- Up-to-date: /home/maizaied03/ros2_ws/install/px4_msgs/include/px4_msgs/px4_msgs/msg/detail/sensor_hygrometer__rosidl_typesupport_fastrtps_c.h\n'}
[9.145890] (px4_msgs) StdoutLine: {'line': b'-- Up-to-date: /home/maizaied03/ros2_ws/install/px4_msgs/include/px4_msgs/px4_msgs/msg/detail/estimator_innovations__rosidl_typesupport_fastrtps_c.h\n'}
[9.145946] (px4_msgs) StdoutLine: {'line': b'-- Up-to-date: /home/maizaied03/ros2_ws/install/px4_msgs/include/px4_msgs/px4_msgs/msg/detail/event__rosidl_typesupport_fastrtps_c.h\n'}
[9.146007] (px4_msgs) StdoutLine: {'line': b'-- Up-to-date: /home/maizaied03/ros2_ws/install/px4_msgs/include/px4_msgs/px4_msgs/msg/detail/dronecan_node_status__rosidl_typesupport_fastrtps_c.h\n'}
[9.146064] (px4_msgs) StdoutLine: {'line': b'-- Up-to-date: /home/maizaied03/ros2_ws/install/px4_msgs/include/px4_msgs/px4_msgs/msg/detail/follow_target_status__rosidl_typesupport_fastrtps_c.h\n'}
[9.146121] (px4_msgs) StdoutLine: {'line': b'-- Up-to-date: /home/maizaied03/ros2_ws/install/px4_msgs/include/px4_msgs/px4_msgs/msg/detail/vehicle_command_ack__rosidl_typesupport_fastrtps_c.h\n'}
[9.146189] (px4_msgs) StdoutLine: {'line': b'-- Up-to-date: /home/maizaied03/ros2_ws/install/px4_msgs/include/px4_msgs/px4_msgs/msg/detail/register_ext_component_request__rosidl_typesupport_fastrtps_c.h\n'}
[9.146245] (px4_msgs) StdoutLine: {'line': b'-- Up-to-date: /home/maizaied03/ros2_ws/install/px4_msgs/include/px4_msgs/px4_msgs/msg/detail/differential_pressure__rosidl_typesupport_fastrtps_c.h\n'}
[9.146312] (px4_msgs) StdoutLine: {'line': b'-- Up-to-date: /home/maizaied03/ros2_ws/install/px4_msgs/include/px4_msgs/px4_msgs/msg/detail/camera_status__rosidl_typesupport_fastrtps_c.h\n'}
[9.146368] (px4_msgs) StdoutLine: {'line': b'-- Up-to-date: /home/maizaied03/ros2_ws/install/px4_msgs/include/px4_msgs/px4_msgs/msg/detail/vehicle_roi__rosidl_typesupport_fastrtps_c.h\n'}
[9.146426] (px4_msgs) StdoutLine: {'line': b'-- Up-to-date: /home/maizaied03/ros2_ws/install/px4_msgs/include/px4_msgs/px4_msgs/msg/detail/follow_target_estimator__rosidl_typesupport_fastrtps_c.h\n'}
[9.146498] (px4_msgs) StdoutLine: {'line': b'-- Up-to-date: /home/maizaied03/ros2_ws/install/px4_msgs/include/px4_msgs/px4_msgs/msg/detail/sensors_status__rosidl_typesupport_fastrtps_c.h\n'}
[9.146554] (px4_msgs) StdoutLine: {'line': b'-- Up-to-date: /home/maizaied03/ros2_ws/install/px4_msgs/include/px4_msgs/px4_msgs/msg/detail/vehicle_control_mode__rosidl_typesupport_fastrtps_c.h\n'}
[9.146619] (px4_msgs) StdoutLine: {'line': b'-- Up-to-date: /home/maizaied03/ros2_ws/install/px4_msgs/include/px4_msgs/px4_msgs/msg/detail/vtol_vehicle_status__rosidl_typesupport_fastrtps_c.h\n'}
[9.146680] (px4_msgs) StdoutLine: {'line': b'-- Up-to-date: /home/maizaied03/ros2_ws/install/px4_msgs/include/px4_msgs/px4_msgs/msg/detail/actuator_outputs__rosidl_typesupport_fastrtps_c.h\n'}
[9.146755] (px4_msgs) StdoutLine: {'line': b'-- Up-to-date: /home/maizaied03/ros2_ws/install/px4_msgs/include/px4_msgs/px4_msgs/msg/detail/gpio_config__rosidl_typesupport_fastrtps_c.h\n'}
[9.146814] (px4_msgs) StdoutLine: {'line': b'-- Up-to-date: /home/maizaied03/ros2_ws/install/px4_msgs/include/px4_msgs/px4_msgs/msg/detail/trajectory_setpoint__rosidl_typesupport_fastrtps_c.h\n'}
[9.146870] (px4_msgs) StdoutLine: {'line': b'-- Up-to-date: /home/maizaied03/ros2_ws/install/px4_msgs/include/px4_msgs/px4_msgs/msg/detail/vehicle_attitude_setpoint__rosidl_typesupport_fastrtps_c.h\n'}
[9.146927] (px4_msgs) StdoutLine: {'line': b'-- Up-to-date: /home/maizaied03/ros2_ws/install/px4_msgs/include/px4_msgs/px4_msgs/msg/detail/internal_combustion_engine_control__rosidl_typesupport_fastrtps_c.h\n'}
[9.146983] (px4_msgs) StdoutLine: {'line': b'-- Up-to-date: /home/maizaied03/ros2_ws/install/px4_msgs/include/px4_msgs/px4_msgs/msg/detail/dataman_request__rosidl_typesupport_fastrtps_c.h\n'}
[9.147040] (px4_msgs) StdoutLine: {'line': b'-- Up-to-date: /home/maizaied03/ros2_ws/install/px4_msgs/include/px4_msgs/px4_msgs/msg/detail/register_ext_component_reply__rosidl_typesupport_fastrtps_c.h\n'}
[9.147096] (px4_msgs) StdoutLine: {'line': b'-- Up-to-date: /home/maizaied03/ros2_ws/install/px4_msgs/include/px4_msgs/px4_msgs/msg/detail/device_information__rosidl_typesupport_fastrtps_c.h\n'}
[9.147160] (px4_msgs) StdoutLine: {'line': b'-- Up-to-date: /home/maizaied03/ros2_ws/install/px4_msgs/include/px4_msgs/px4_msgs/msg/detail/geofence_status__rosidl_typesupport_fastrtps_c.h\n'}
[9.147217] (px4_msgs) StdoutLine: {'line': b'-- Up-to-date: /home/maizaied03/ros2_ws/install/px4_msgs/include/px4_msgs/px4_msgs/msg/detail/mission__rosidl_typesupport_fastrtps_c.h\n'}
[9.147273] (px4_msgs) StdoutLine: {'line': b'-- Up-to-date: /home/maizaied03/ros2_ws/install/px4_msgs/include/px4_msgs/px4_msgs/msg/detail/ping__rosidl_typesupport_fastrtps_c.h\n'}
[9.147329] (px4_msgs) StdoutLine: {'line': b'-- Up-to-date: /home/maizaied03/ros2_ws/install/px4_msgs/include/px4_msgs/px4_msgs/msg/detail/actuator_servos__rosidl_typesupport_fastrtps_c.h\n'}
[9.147392] (px4_msgs) StdoutLine: {'line': b'-- Up-to-date: /home/maizaied03/ros2_ws/install/px4_msgs/include/px4_msgs/px4_msgs/msg/detail/gpio_out__rosidl_typesupport_fastrtps_c.h\n'}
[9.147440] (px4_msgs) StdoutLine: {'line': b'-- Up-to-date: /home/maizaied03/ros2_ws/install/px4_msgs/include/px4_msgs/px4_msgs/msg/detail/rover_position_setpoint__rosidl_typesupport_fastrtps_c.h\n'}
[9.147493] (px4_msgs) StdoutLine: {'line': b'-- Up-to-date: /home/maizaied03/ros2_ws/install/px4_msgs/include/px4_msgs/px4_msgs/msg/detail/power_monitor__rosidl_typesupport_fastrtps_c.h\n'}
[9.147544] (px4_msgs) StdoutLine: {'line': b'-- Up-to-date: /home/maizaied03/ros2_ws/install/px4_msgs/include/px4_msgs/px4_msgs/msg/detail/raptor_status__rosidl_typesupport_fastrtps_c.h\n'}
[9.147598] (px4_msgs) StdoutLine: {'line': b'-- Up-to-date: /home/maizaied03/ros2_ws/install/px4_msgs/include/px4_msgs/px4_msgs/msg/detail/vehicle_magnetometer__rosidl_typesupport_fastrtps_c.h\n'}
[9.147654] (px4_msgs) StdoutLine: {'line': b'-- Up-to-date: /home/maizaied03/ros2_ws/install/px4_msgs/include/px4_msgs/px4_msgs/msg/detail/launch_detection_status__rosidl_typesupport_fastrtps_c.h\n'}
[9.147706] (px4_msgs) StdoutLine: {'line': b'-- Up-to-date: /home/maizaied03/ros2_ws/install/px4_msgs/include/px4_msgs/px4_msgs/msg/detail/figure_eight_status__rosidl_typesupport_fastrtps_c.h\n'}
[9.147755] (px4_msgs) StdoutLine: {'line': b'-- Up-to-date: /home/maizaied03/ros2_ws/install/px4_msgs/include/px4_msgs/px4_msgs/msg/detail/vehicle_land_detected__rosidl_typesupport_fastrtps_c.h\n'}
[9.147820] (px4_msgs) StdoutLine: {'line': b'-- Up-to-date: /home/maizaied03/ros2_ws/install/px4_msgs/include/px4_msgs/px4_msgs/msg/detail/ulog_stream__rosidl_typesupport_fastrtps_c.h\n'}
[9.147874] (px4_msgs) StdoutLine: {'line': b'-- Up-to-date: /home/maizaied03/ros2_ws/install/px4_msgs/include/px4_msgs/px4_msgs/msg/detail/internal_combustion_engine_status__rosidl_typesupport_fastrtps_c.h\n'}
[9.147928] (px4_msgs) StdoutLine: {'line': b'-- Up-to-date: /home/maizaied03/ros2_ws/install/px4_msgs/include/px4_msgs/px4_msgs/msg/detail/open_drone_id_arm_status__rosidl_typesupport_fastrtps_c.h\n'}
[9.147985] (px4_msgs) StdoutLine: {'line': b'-- Up-to-date: /home/maizaied03/ros2_ws/install/px4_msgs/include/px4_msgs/px4_msgs/msg/detail/gimbal_device_information__rosidl_typesupport_fastrtps_c.h\n'}
[9.148038] (px4_msgs) StdoutLine: {'line': b'-- Up-to-date: /home/maizaied03/ros2_ws/install/px4_msgs/include/px4_msgs/px4_msgs/msg/detail/sensor_selection__rosidl_typesupport_fastrtps_c.h\n'}
[9.148091] (px4_msgs) StdoutLine: {'line': b'-- Up-to-date: /home/maizaied03/ros2_ws/install/px4_msgs/include/px4_msgs/px4_msgs/msg/detail/gpio_request__rosidl_typesupport_fastrtps_c.h\n'}
[9.148146] (px4_msgs) StdoutLine: {'line': b'-- Up-to-date: /home/maizaied03/ros2_ws/install/px4_msgs/include/px4_msgs/px4_msgs/msg/detail/onboard_computer_status__rosidl_typesupport_fastrtps_c.h\n'}
[9.148201] (px4_msgs) StdoutLine: {'line': b'-- Up-to-date: /home/maizaied03/ros2_ws/install/px4_msgs/include/px4_msgs/px4_msgs/msg/detail/gimbal_manager_status__rosidl_typesupport_fastrtps_c.h\n'}
[9.148260] (px4_msgs) StdoutLine: {'line': b'-- Up-to-date: /home/maizaied03/ros2_ws/install/px4_msgs/include/px4_msgs/px4_msgs/msg/detail/px4io_status__rosidl_typesupport_fastrtps_c.h\n'}
[9.148316] (px4_msgs) StdoutLine: {'line': b'-- Up-to-date: /home/maizaied03/ros2_ws/install/px4_msgs/include/px4_msgs/px4_msgs/msg/detail/camera_capture__rosidl_typesupport_fastrtps_c.h\n'}
[9.148373] (px4_msgs) StdoutLine: {'line': b'-- Up-to-date: /home/maizaied03/ros2_ws/install/px4_msgs/include/px4_msgs/px4_msgs/msg/detail/distance_sensor_mode_change_request__rosidl_typesupport_fastrtps_c.h\n'}
[9.148442] (px4_msgs) StdoutLine: {'line': b'-- Up-to-date: /home/maizaied03/ros2_ws/install/px4_msgs/include/px4_msgs/px4_msgs/msg/detail/sensor_airflow__rosidl_typesupport_fastrtps_c.h\n'}
[9.148496] (px4_msgs) StdoutLine: {'line': b'-- Up-to-date: /home/maizaied03/ros2_ws/install/px4_msgs/include/px4_msgs/px4_msgs/msg/detail/control_allocator_status__rosidl_typesupport_fastrtps_c.h\n'}
[9.148555] (px4_msgs) StdoutLine: {'line': b'-- Up-to-date: /home/maizaied03/ros2_ws/install/px4_msgs/include/px4_msgs/px4_msgs/msg/detail/pwm_input__rosidl_typesupport_fastrtps_c.h\n'}
[9.148626] (px4_msgs) StdoutLine: {'line': b'-- Up-to-date: /home/maizaied03/ros2_ws/install/px4_msgs/include/px4_msgs/px4_msgs/msg/detail/fixed_wing_lateral_guidance_status__rosidl_typesupport_fastrtps_c.h\n'}
[9.148684] (px4_msgs) StdoutLine: {'line': b'-- Up-to-date: /home/maizaied03/ros2_ws/install/px4_msgs/include/px4_msgs/px4_msgs/msg/detail/rate_ctrl_status__rosidl_typesupport_fastrtps_c.h\n'}
[9.148748] (px4_msgs) StdoutLine: {'line': b'-- Up-to-date: /home/maizaied03/ros2_ws/install/px4_msgs/include/px4_msgs/px4_msgs/msg/detail/pure_pursuit_status__rosidl_typesupport_fastrtps_c.h\n'}
[9.148805] (px4_msgs) StdoutLine: {'line': b'-- Up-to-date: /home/maizaied03/ros2_ws/install/px4_msgs/include/px4_msgs/px4_msgs/msg/detail/message_format_request__rosidl_typesupport_fastrtps_c.h\n'}
[9.148863] (px4_msgs) StdoutLine: {'line': b'-- Up-to-date: /home/maizaied03/ros2_ws/install/px4_msgs/include/px4_msgs/px4_msgs/msg/detail/vehicle_rates_setpoint__rosidl_typesupport_fastrtps_c.h\n'}
[9.148920] (px4_msgs) StdoutLine: {'line': b'-- Up-to-date: /home/maizaied03/ros2_ws/install/px4_msgs/include/px4_msgs/px4_msgs/msg/detail/fuel_tank_status__rosidl_typesupport_fastrtps_c.h\n'}
[9.148975] (px4_msgs) StdoutLine: {'line': b'-- Up-to-date: /home/maizaied03/ros2_ws/install/px4_msgs/include/px4_msgs/px4_msgs/msg/detail/gimbal_manager_information__rosidl_typesupport_fastrtps_c.h\n'}
[9.149029] (px4_msgs) StdoutLine: {'line': b'-- Up-to-date: /home/maizaied03/ros2_ws/install/px4_msgs/include/px4_msgs/px4_msgs/msg/detail/open_drone_id_operator_id__rosidl_typesupport_fastrtps_c.h\n'}
[9.149084] (px4_msgs) StdoutLine: {'line': b'-- Up-to-date: /home/maizaied03/ros2_ws/install/px4_msgs/include/px4_msgs/px4_msgs/msg/detail/follow_target__rosidl_typesupport_fastrtps_c.h\n'}
[9.149142] (px4_msgs) StdoutLine: {'line': b'-- Up-to-date: /home/maizaied03/ros2_ws/install/px4_msgs/include/px4_msgs/px4_msgs/msg/detail/yaw_estimator_status__rosidl_typesupport_fastrtps_c.h\n'}
[9.149199] (px4_msgs) StdoutLine: {'line': b'-- Up-to-date: /home/maizaied03/ros2_ws/install/px4_msgs/include/px4_msgs/px4_msgs/msg/detail/arming_check_request__rosidl_typesupport_fastrtps_c.h\n'}
[9.149255] (px4_msgs) StdoutLine: {'line': b'-- Up-to-date: /home/maizaied03/ros2_ws/install/px4_msgs/include/px4_msgs/px4_msgs/msg/detail/health_report__rosidl_typesupport_fastrtps_c.h\n'}
[9.149309] (px4_msgs) StdoutLine: {'line': b'-- Up-to-date: /home/maizaied03/ros2_ws/install/px4_msgs/include/px4_msgs/px4_msgs/msg/detail/irlock_report__rosidl_typesupport_fastrtps_c.h\n'}
[9.149365] (px4_msgs) StdoutLine: {'line': b'-- Up-to-date: /home/maizaied03/ros2_ws/install/px4_msgs/include/px4_msgs/px4_msgs/msg/detail/vehicle_attitude__rosidl_typesupport_fastrtps_c.h\n'}
[9.149430] (px4_msgs) StdoutLine: {'line': b'-- Up-to-date: /home/maizaied03/ros2_ws/install/px4_msgs/include/px4_msgs/px4_msgs/msg/detail/debug_vect__rosidl_typesupport_fastrtps_c.h\n'}
[9.149509] (px4_msgs) StdoutLine: {'line': b'-- Up-to-date: /home/maizaied03/ros2_ws/install/px4_msgs/include/px4_msgs/px4_msgs/msg/detail/telemetry_status__rosidl_typesupport_fastrtps_c.h\n'}
[9.149566] (px4_msgs) StdoutLine: {'line': b'-- Up-to-date: /home/maizaied03/ros2_ws/install/px4_msgs/include/px4_msgs/px4_msgs/msg/detail/home_position__rosidl_typesupport_fastrtps_c.h\n'}
[9.149666] (px4_msgs) StdoutLine: {'line': b'-- Up-to-date: /home/maizaied03/ros2_ws/install/px4_msgs/include/px4_msgs/px4_msgs/msg/detail/estimator_aid_source1d__rosidl_typesupport_fastrtps_c.h\n'}
[9.149756] (px4_msgs) StdoutLine: {'line': b'-- Up-to-date: /home/maizaied03/ros2_ws/install/px4_msgs/include/px4_msgs/px4_msgs/msg/detail/vehicle_imu__rosidl_typesupport_fastrtps_c.h\n'}
[9.149818] (px4_msgs) StdoutLine: {'line': b'-- Up-to-date: /home/maizaied03/ros2_ws/install/px4_msgs/include/px4_msgs/px4_msgs/msg/detail/sensors_status_imu__rosidl_typesupport_fastrtps_c.h\n'}
[9.149886] (px4_msgs) StdoutLine: {'line': b'-- Up-to-date: /home/maizaied03/ros2_ws/install/px4_msgs/include/px4_msgs/px4_msgs/msg/detail/landing_gear__rosidl_typesupport_fastrtps_c.h\n'}
[9.150007] (px4_msgs) StdoutLine: {'line': b'-- Up-to-date: /home/maizaied03/ros2_ws/install/px4_msgs/include/px4_msgs/px4_msgs/msg/detail/ulog_stream_ack__rosidl_typesupport_fastrtps_c.h\n'}
[9.150069] (px4_msgs) StdoutLine: {'line': b'-- Up-to-date: /home/maizaied03/ros2_ws/install/px4_msgs/include/px4_msgs/px4_msgs/msg/detail/parameter_set_used_request__rosidl_typesupport_fastrtps_c.h\n'}
[9.150129] (px4_msgs) StdoutLine: {'line': b'-- Up-to-date: /home/maizaied03/ros2_ws/install/px4_msgs/include/px4_msgs/px4_msgs/msg/detail/sensor_gyro__rosidl_typesupport_fastrtps_c.h\n'}
[9.150188] (px4_msgs) StdoutLine: {'line': b'-- Up-to-date: /home/maizaied03/ros2_ws/install/px4_msgs/include/px4_msgs/px4_msgs/msg/detail/hover_thrust_estimate__rosidl_typesupport_fastrtps_c.h\n'}
[9.150244] (px4_msgs) StdoutLine: {'line': b'-- Up-to-date: /home/maizaied03/ros2_ws/install/px4_msgs/include/px4_msgs/px4_msgs/msg/detail/power_button_state__rosidl_typesupport_fastrtps_c.h\n'}
[9.150302] (px4_msgs) StdoutLine: {'line': b'-- Up-to-date: /home/maizaied03/ros2_ws/install/px4_msgs/include/px4_msgs/px4_msgs/msg/detail/normalized_unsigned_setpoint__rosidl_typesupport_fastrtps_c.h\n'}
[9.150360] (px4_msgs) StdoutLine: {'line': b'-- Up-to-date: /home/maizaied03/ros2_ws/install/px4_msgs/include/px4_msgs/px4_msgs/msg/detail/landing_target_pose__rosidl_typesupport_fastrtps_c.h\n'}
[9.150422] (px4_msgs) StdoutLine: {'line': b'-- Up-to-date: /home/maizaied03/ros2_ws/install/px4_msgs/include/px4_msgs/px4_msgs/msg/detail/flight_phase_estimation__rosidl_typesupport_fastrtps_c.h\n'}
[9.150485] (px4_msgs) StdoutLine: {'line': b'-- Up-to-date: /home/maizaied03/ros2_ws/install/px4_msgs/include/px4_msgs/px4_msgs/msg/detail/gimbal_device_set_attitude__rosidl_typesupport_fastrtps_c.h\n'}
[9.150740] (px4_msgs) StdoutLine: {'line': b'-- Up-to-date: /home/maizaied03/ros2_ws/install/px4_msgs/include/px4_msgs/px4_msgs/msg/detail/vehicle_imu_status__rosidl_typesupport_fastrtps_c.h\n'}
[9.150864] (px4_msgs) StdoutLine: {'line': b'-- Up-to-date: /home/maizaied03/ros2_ws/install/px4_msgs/include/px4_msgs/px4_msgs/msg/detail/actuator_armed__rosidl_typesupport_fastrtps_c.h\n'}
[9.150927] (px4_msgs) StdoutLine: {'line': b'-- Up-to-date: /home/maizaied03/ros2_ws/install/px4_msgs/include/px4_msgs/px4_msgs/msg/detail/can_interface_status__rosidl_typesupport_fastrtps_c.h\n'}
[9.150983] (px4_msgs) StdoutLine: {'line': b'-- Up-to-date: /home/maizaied03/ros2_ws/install/px4_msgs/include/px4_msgs/px4_msgs/msg/detail/fixed_wing_lateral_status__rosidl_typesupport_fastrtps_c.h\n'}
[9.151036] (px4_msgs) StdoutLine: {'line': b'-- Up-to-date: /home/maizaied03/ros2_ws/install/px4_msgs/include/px4_msgs/px4_msgs/msg/detail/landing_target_innovations__rosidl_typesupport_fastrtps_c.h\n'}
[9.151089] (px4_msgs) StdoutLine: {'line': b'-- Up-to-date: /home/maizaied03/ros2_ws/install/px4_msgs/include/px4_msgs/px4_msgs/msg/detail/rover_steering_setpoint__rosidl_typesupport_fastrtps_c.h\n'}
[9.151142] (px4_msgs) StdoutLine: {'line': b'-- Up-to-date: /home/maizaied03/ros2_ws/install/px4_msgs/include/px4_msgs/px4_msgs/msg/detail/rover_attitude_setpoint__rosidl_typesupport_fastrtps_c.h\n'}
[9.151194] (px4_msgs) StdoutLine: {'line': b'-- Up-to-date: /home/maizaied03/ros2_ws/install/px4_msgs/include/px4_msgs/px4_msgs/msg/detail/obstacle_distance__rosidl_typesupport_fastrtps_c.h\n'}
[9.151253] (px4_msgs) StdoutLine: {'line': b'-- Up-to-date: /home/maizaied03/ros2_ws/install/px4_msgs/include/px4_msgs/px4_msgs/msg/detail/sensor_preflight_mag__rosidl_typesupport_fastrtps_c.h\n'}
[9.151317] (px4_msgs) StdoutLine: {'line': b'-- Up-to-date: /home/maizaied03/ros2_ws/install/px4_msgs/include/px4_msgs/px4_msgs/msg/detail/rc_parameter_map__rosidl_typesupport_fastrtps_c.h\n'}
[9.151380] (px4_msgs) StdoutLine: {'line': b'-- Up-to-date: /home/maizaied03/ros2_ws/install/px4_msgs/include/px4_msgs/px4_msgs/msg/detail/estimator_status__rosidl_typesupport_fastrtps_c.h\n'}
[9.151446] (px4_msgs) StdoutLine: {'line': b'-- Up-to-date: /home/maizaied03/ros2_ws/install/px4_msgs/include/px4_msgs/px4_msgs/msg/detail/gps_dump__rosidl_typesupport_fastrtps_c.h\n'}
[9.151516] (px4_msgs) StdoutLine: {'line': b'-- Up-to-date: /home/maizaied03/ros2_ws/install/px4_msgs/include/px4_msgs/px4_msgs/msg/detail/estimator_aid_source2d__rosidl_typesupport_fastrtps_c.h\n'}
[9.151579] (px4_msgs) StdoutLine: {'line': b'-- Up-to-date: /home/maizaied03/ros2_ws/install/px4_msgs/include/px4_msgs/px4_msgs/msg/detail/led_control__rosidl_typesupport_fastrtps_c.h\n'}
[9.151688] (px4_msgs) StdoutLine: {'line': b'-- Up-to-date: /home/maizaied03/ros2_ws/install/px4_msgs/include/px4_msgs/px4_msgs/msg/detail/debug_array__rosidl_typesupport_fastrtps_c.h\n'}
[9.151760] (px4_msgs) StdoutLine: {'line': b'-- Up-to-date: /home/maizaied03/ros2_ws/install/px4_msgs/include/px4_msgs/px4_msgs/msg/detail/rover_speed_status__rosidl_typesupport_fastrtps_c.h\n'}
[9.151825] (px4_msgs) StdoutLine: {'line': b'-- Up-to-date: /home/maizaied03/ros2_ws/install/px4_msgs/include/px4_msgs/px4_msgs/msg/detail/position_setpoint__rosidl_typesupport_fastrtps_c.h\n'}
[9.151889] (px4_msgs) StdoutLine: {'line': b'-- Up-to-date: /home/maizaied03/ros2_ws/install/px4_msgs/include/px4_msgs/px4_msgs/msg/detail/vehicle_command__rosidl_typesupport_fastrtps_c.h\n'}
[9.151952] (px4_msgs) StdoutLine: {'line': b'-- Up-to-date: /home/maizaied03/ros2_ws/install/px4_msgs/include/px4_msgs/px4_msgs/msg/detail/orbit_status__rosidl_typesupport_fastrtps_c.h\n'}
[9.152015] (px4_msgs) StdoutLine: {'line': b'-- Up-to-date: /home/maizaied03/ros2_ws/install/px4_msgs/include/px4_msgs/px4_msgs/msg/detail/vehicle_optical_flow__rosidl_typesupport_fastrtps_c.h\n'}
[9.152079] (px4_msgs) StdoutLine: {'line': b'-- Up-to-date: /home/maizaied03/ros2_ws/install/px4_msgs/include/px4_msgs/px4_msgs/msg/detail/wind__rosidl_typesupport_fastrtps_c.h\n'}
[9.152149] (px4_msgs) StdoutLine: {'line': b'-- Up-to-date: /home/maizaied03/ros2_ws/install/px4_msgs/include/px4_msgs/px4_msgs/msg/detail/airspeed__rosidl_typesupport_fastrtps_c.h\n'}
[9.152214] (px4_msgs) StdoutLine: {'line': b'-- Up-to-date: /home/maizaied03/ros2_ws/install/px4_msgs/include/px4_msgs/px4_msgs/msg/detail/adc_report__rosidl_typesupport_fastrtps_c.h\n'}
[9.152281] (px4_msgs) StdoutLine: {'line': b'-- Up-to-date: /home/maizaied03/ros2_ws/install/px4_msgs/include/px4_msgs/px4_msgs/msg/detail/rtl_status__rosidl_typesupport_fastrtps_c.h\n'}
[9.152346] (px4_msgs) StdoutLine: {'line': b'-- Up-to-date: /home/maizaied03/ros2_ws/install/px4_msgs/include/px4_msgs/px4_msgs/msg/detail/gripper__rosidl_typesupport_fastrtps_c.h\n'}
[9.152413] (px4_msgs) StdoutLine: {'line': b'-- Up-to-date: /home/maizaied03/ros2_ws/install/px4_msgs/include/px4_msgs/px4_msgs/msg/detail/cpuload__rosidl_typesupport_fastrtps_c.h\n'}
[9.152479] (px4_msgs) StdoutLine: {'line': b'-- Up-to-date: /home/maizaied03/ros2_ws/install/px4_msgs/include/px4_msgs/px4_msgs/msg/detail/qshell_retval__rosidl_typesupport_fastrtps_c.h\n'}
[9.152546] (px4_msgs) StdoutLine: {'line': b'-- Up-to-date: /home/maizaied03/ros2_ws/install/px4_msgs/include/px4_msgs/px4_msgs/srv\n'}
[9.152715] (px4_msgs) StdoutLine: {'line': b'-- Up-to-date: /home/maizaied03/ros2_ws/install/px4_msgs/include/px4_msgs/px4_msgs/srv/detail\n'}
[9.152935] (px4_msgs) StdoutLine: {'line': b'-- Up-to-date: /home/maizaied03/ros2_ws/install/px4_msgs/include/px4_msgs/px4_msgs/srv/detail/vehicle_command__rosidl_typesupport_fastrtps_c.h\n'}
[9.152993] (px4_msgs) StdoutLine: {'line': b'-- Up-to-date: /home/maizaied03/ros2_ws/install/px4_msgs/lib/libpx4_msgs__rosidl_typesupport_fastrtps_c.so\n'}
[9.153050] (px4_msgs) StdoutLine: {'line': b'-- Up-to-date: /home/maizaied03/ros2_ws/install/px4_msgs/include/px4_msgs/px4_msgs\n'}
[9.153108] (px4_msgs) StdoutLine: {'line': b'-- Up-to-date: /home/maizaied03/ros2_ws/install/px4_msgs/include/px4_msgs/px4_msgs/msg\n'}
[9.153166] (px4_msgs) StdoutLine: {'line': b'-- Up-to-date: /home/maizaied03/ros2_ws/install/px4_msgs/include/px4_msgs/px4_msgs/msg/failure_detector_status.hpp\n'}
[9.153221] (px4_msgs) StdoutLine: {'line': b'-- Up-to-date: /home/maizaied03/ros2_ws/install/px4_msgs/include/px4_msgs/px4_msgs/msg/radio_status.hpp\n'}
[9.153293] (px4_msgs) StdoutLine: {'line': b'-- Up-to-date: /home/maizaied03/ros2_ws/install/px4_msgs/include/px4_msgs/px4_msgs/msg/rate_ctrl_status.hpp\n'}
[9.153349] (px4_msgs) StdoutLine: {'line': b'-- Up-to-date: /home/maizaied03/ros2_ws/install/px4_msgs/include/px4_msgs/px4_msgs/msg/debug_value.hpp\n'}
[9.153405] (px4_msgs) StdoutLine: {'line': b'-- Up-to-date: /home/maizaied03/ros2_ws/install/px4_msgs/include/px4_msgs/px4_msgs/msg/ekf2_timestamps.hpp\n'}
[9.153462] (px4_msgs) StdoutLine: {'line': b'-- Up-to-date: /home/maizaied03/ros2_ws/install/px4_msgs/include/px4_msgs/px4_msgs/msg/estimator_sensor_bias.hpp\n'}
[9.153518] (px4_msgs) StdoutLine: {'line': b'-- Up-to-date: /home/maizaied03/ros2_ws/install/px4_msgs/include/px4_msgs/px4_msgs/msg/home_position.hpp\n'}
[9.153577] (px4_msgs) StdoutLine: {'line': b'-- Up-to-date: /home/maizaied03/ros2_ws/install/px4_msgs/include/px4_msgs/px4_msgs/msg/distance_sensor_mode_change_request.hpp\n'}
[9.153742] (px4_msgs) StdoutLine: {'line': b'-- Up-to-date: /home/maizaied03/ros2_ws/install/px4_msgs/include/px4_msgs/px4_msgs/msg/flight_phase_estimation.hpp\n'}
[9.153822] (px4_msgs) StdoutLine: {'line': b'-- Up-to-date: /home/maizaied03/ros2_ws/install/px4_msgs/include/px4_msgs/px4_msgs/msg/message_format_request.hpp\n'}
[9.153879] (px4_msgs) StdoutLine: {'line': b'-- Up-to-date: /home/maizaied03/ros2_ws/install/px4_msgs/include/px4_msgs/px4_msgs/msg/task_stack_info.hpp\n'}
[9.153935] (px4_msgs) StdoutLine: {'line': b'-- Up-to-date: /home/maizaied03/ros2_ws/install/px4_msgs/include/px4_msgs/px4_msgs/msg/sensor_gyro_fifo.hpp\n'}
[9.153991] (px4_msgs) StdoutLine: {'line': b'-- Up-to-date: /home/maizaied03/ros2_ws/install/px4_msgs/include/px4_msgs/px4_msgs/msg/landing_gear_wheel.hpp\n'}
[9.154048] (px4_msgs) StdoutLine: {'line': b'-- Up-to-date: /home/maizaied03/ros2_ws/install/px4_msgs/include/px4_msgs/px4_msgs/msg/wind.hpp\n'}
[9.154102] (px4_msgs) StdoutLine: {'line': b'-- Up-to-date: /home/maizaied03/ros2_ws/install/px4_msgs/include/px4_msgs/px4_msgs/msg/distance_sensor.hpp\n'}
[9.154159] (px4_msgs) StdoutLine: {'line': b'-- Up-to-date: /home/maizaied03/ros2_ws/install/px4_msgs/include/px4_msgs/px4_msgs/msg/rc_channels.hpp\n'}
[9.154215] (px4_msgs) StdoutLine: {'line': b'-- Up-to-date: /home/maizaied03/ros2_ws/install/px4_msgs/include/px4_msgs/px4_msgs/msg/mount_orientation.hpp\n'}
[9.154271] (px4_msgs) StdoutLine: {'line': b'-- Up-to-date: /home/maizaied03/ros2_ws/install/px4_msgs/include/px4_msgs/px4_msgs/msg/longitudinal_control_configuration.hpp\n'}
[9.154327] (px4_msgs) StdoutLine: {'line': b'-- Up-to-date: /home/maizaied03/ros2_ws/install/px4_msgs/include/px4_msgs/px4_msgs/msg/launch_detection_status.hpp\n'}
[9.154385] (px4_msgs) StdoutLine: {'line': b'-- Up-to-date: /home/maizaied03/ros2_ws/install/px4_msgs/include/px4_msgs/px4_msgs/msg/rover_steering_setpoint.hpp\n'}
[9.154442] (px4_msgs) StdoutLine: {'line': b'-- Up-to-date: /home/maizaied03/ros2_ws/install/px4_msgs/include/px4_msgs/px4_msgs/msg/log_message.hpp\n'}
[9.154515] (px4_msgs) StdoutLine: {'line': b'-- Up-to-date: /home/maizaied03/ros2_ws/install/px4_msgs/include/px4_msgs/px4_msgs/msg/fixed_wing_runway_control.hpp\n'}
[9.154587] (px4_msgs) StdoutLine: {'line': b'-- Up-to-date: /home/maizaied03/ros2_ws/install/px4_msgs/include/px4_msgs/px4_msgs/msg/register_ext_component_reply.hpp\n'}
[9.154676] (px4_msgs) StdoutLine: {'line': b'-- Up-to-date: /home/maizaied03/ros2_ws/install/px4_msgs/include/px4_msgs/px4_msgs/msg/follow_target_status.hpp\n'}
[9.154751] (px4_msgs) StdoutLine: {'line': b'-- Up-to-date: /home/maizaied03/ros2_ws/install/px4_msgs/include/px4_msgs/px4_msgs/msg/estimator_status.hpp\n'}
[9.154825] (px4_msgs) StdoutLine: {'line': b'-- Up-to-date: /home/maizaied03/ros2_ws/install/px4_msgs/include/px4_msgs/px4_msgs/msg/velocity_limits.hpp\n'}
[9.154899] (px4_msgs) StdoutLine: {'line': b'-- Up-to-date: /home/maizaied03/ros2_ws/install/px4_msgs/include/px4_msgs/px4_msgs/msg/vehicle_attitude_setpoint.hpp\n'}
[9.154972] (px4_msgs) StdoutLine: {'line': b'-- Up-to-date: /home/maizaied03/ros2_ws/install/px4_msgs/include/px4_msgs/px4_msgs/msg/sensor_uwb.hpp\n'}
[9.155079] (px4_msgs) StdoutLine: {'line': b'-- Up-to-date: /home/maizaied03/ros2_ws/install/px4_msgs/include/px4_msgs/px4_msgs/msg/battery_info.hpp\n'}
[9.155155] (px4_msgs) StdoutLine: {'line': b'-- Up-to-date: /home/maizaied03/ros2_ws/install/px4_msgs/include/px4_msgs/px4_msgs/msg/position_controller_status.hpp\n'}
[9.155366] (px4_msgs) StdoutLine: {'line': b'-- Up-to-date: /home/maizaied03/ros2_ws/install/px4_msgs/include/px4_msgs/px4_msgs/msg/sensor_gyro.hpp\n'}
[9.155444] (px4_msgs) StdoutLine: {'line': b'-- Up-to-date: /home/maizaied03/ros2_ws/install/px4_msgs/include/px4_msgs/px4_msgs/msg/lateral_control_configuration.hpp\n'}
[9.155521] (px4_msgs) StdoutLine: {'line': b'-- Up-to-date: /home/maizaied03/ros2_ws/install/px4_msgs/include/px4_msgs/px4_msgs/msg/internal_combustion_engine_status.hpp\n'}
[9.155753] (px4_msgs) StdoutLine: {'line': b'-- Up-to-date: /home/maizaied03/ros2_ws/install/px4_msgs/include/px4_msgs/px4_msgs/msg/arming_check_reply.hpp\n'}
[9.155868] (px4_msgs) StdoutLine: {'line': b'-- Up-to-date: /home/maizaied03/ros2_ws/install/px4_msgs/include/px4_msgs/px4_msgs/msg/message_format_response.hpp\n'}
[9.155956] (px4_msgs) StdoutLine: {'line': b'-- Up-to-date: /home/maizaied03/ros2_ws/install/px4_msgs/include/px4_msgs/px4_msgs/msg/actuator_outputs.hpp\n'}
[9.156014] (px4_msgs) StdoutLine: {'line': b'-- Up-to-date: /home/maizaied03/ros2_ws/install/px4_msgs/include/px4_msgs/px4_msgs/msg/sensor_preflight_mag.hpp\n'}
[9.156069] (px4_msgs) StdoutLine: {'line': b'-- Up-to-date: /home/maizaied03/ros2_ws/install/px4_msgs/include/px4_msgs/px4_msgs/msg/gpio_config.hpp\n'}
[9.156122] (px4_msgs) StdoutLine: {'line': b'-- Up-to-date: /home/maizaied03/ros2_ws/install/px4_msgs/include/px4_msgs/px4_msgs/msg/uavcan_parameter_request.hpp\n'}
[9.156177] (px4_msgs) StdoutLine: {'line': b'-- Up-to-date: /home/maizaied03/ros2_ws/install/px4_msgs/include/px4_msgs/px4_msgs/msg/estimator_aid_source2d.hpp\n'}
[9.156254] (px4_msgs) StdoutLine: {'line': b'-- Up-to-date: /home/maizaied03/ros2_ws/install/px4_msgs/include/px4_msgs/px4_msgs/msg/dataman_request.hpp\n'}
[9.156308] (px4_msgs) StdoutLine: {'line': b'-- Up-to-date: /home/maizaied03/ros2_ws/install/px4_msgs/include/px4_msgs/px4_msgs/msg/position_setpoint.hpp\n'}
[9.156361] (px4_msgs) StdoutLine: {'line': b'-- Up-to-date: /home/maizaied03/ros2_ws/install/px4_msgs/include/px4_msgs/px4_msgs/msg/fixed_wing_longitudinal_setpoint.hpp\n'}
[9.156414] (px4_msgs) StdoutLine: {'line': b'-- Up-to-date: /home/maizaied03/ros2_ws/install/px4_msgs/include/px4_msgs/px4_msgs/msg/iridiumsbd_status.hpp\n'}
[9.156468] (px4_msgs) StdoutLine: {'line': b'-- Up-to-date: /home/maizaied03/ros2_ws/install/px4_msgs/include/px4_msgs/px4_msgs/msg/manual_control_switches.hpp\n'}
[9.156521] (px4_msgs) StdoutLine: {'line': b'-- Up-to-date: /home/maizaied03/ros2_ws/install/px4_msgs/include/px4_msgs/px4_msgs/msg/estimator_innovations.hpp\n'}
[9.156574] (px4_msgs) StdoutLine: {'line': b'-- Up-to-date: /home/maizaied03/ros2_ws/install/px4_msgs/include/px4_msgs/px4_msgs/msg/pure_pursuit_status.hpp\n'}
[9.156642] (px4_msgs) StdoutLine: {'line': b'-- Up-to-date: /home/maizaied03/ros2_ws/install/px4_msgs/include/px4_msgs/px4_msgs/msg/estimator_event_flags.hpp\n'}
[9.156697] (px4_msgs) StdoutLine: {'line': b'-- Up-to-date: /home/maizaied03/ros2_ws/install/px4_msgs/include/px4_msgs/px4_msgs/msg/camera_capture.hpp\n'}
[9.156758] (px4_msgs) StdoutLine: {'line': b'-- Up-to-date: /home/maizaied03/ros2_ws/install/px4_msgs/include/px4_msgs/px4_msgs/msg/goto_setpoint.hpp\n'}
[9.156826] (px4_msgs) StdoutLine: {'line': b'-- Up-to-date: /home/maizaied03/ros2_ws/install/px4_msgs/include/px4_msgs/px4_msgs/msg/dronecan_node_status.hpp\n'}
[9.156893] (px4_msgs) StdoutLine: {'line': b'-- Up-to-date: /home/maizaied03/ros2_ws/install/px4_msgs/include/px4_msgs/px4_msgs/msg/sensor_accel.hpp\n'}
[9.156963] (px4_msgs) StdoutLine: {'line': b'-- Up-to-date: /home/maizaied03/ros2_ws/install/px4_msgs/include/px4_msgs/px4_msgs/msg/airspeed.hpp\n'}
[9.157037] (px4_msgs) StdoutLine: {'line': b'-- Up-to-date: /home/maizaied03/ros2_ws/install/px4_msgs/include/px4_msgs/px4_msgs/msg/mavlink_tunnel.hpp\n'}
[9.157103] (px4_msgs) StdoutLine: {'line': b'-- Up-to-date: /home/maizaied03/ros2_ws/install/px4_msgs/include/px4_msgs/px4_msgs/msg/sensor_gnss_relative.hpp\n'}
[9.157169] (px4_msgs) StdoutLine: {'line': b'-- Up-to-date: /home/maizaied03/ros2_ws/install/px4_msgs/include/px4_msgs/px4_msgs/msg/orb_test_large.hpp\n'}
[9.157234] (px4_msgs) StdoutLine: {'line': b'-- Up-to-date: /home/maizaied03/ros2_ws/install/px4_msgs/include/px4_msgs/px4_msgs/msg/unregister_ext_component.hpp\n'}
[9.157300] (px4_msgs) StdoutLine: {'line': b'-- Up-to-date: /home/maizaied03/ros2_ws/install/px4_msgs/include/px4_msgs/px4_msgs/msg/px4io_status.hpp\n'}
[9.157369] (px4_msgs) StdoutLine: {'line': b'-- Up-to-date: /home/maizaied03/ros2_ws/install/px4_msgs/include/px4_msgs/px4_msgs/msg/vehicle_control_mode.hpp\n'}
[9.157437] (px4_msgs) StdoutLine: {'line': b'-- Up-to-date: /home/maizaied03/ros2_ws/install/px4_msgs/include/px4_msgs/px4_msgs/msg/actuator_servos_trim.hpp\n'}
[9.157505] (px4_msgs) StdoutLine: {'line': b'-- Up-to-date: /home/maizaied03/ros2_ws/install/px4_msgs/include/px4_msgs/px4_msgs/msg/sensor_gps.hpp\n'}
[9.157572] (px4_msgs) StdoutLine: {'line': b'-- Up-to-date: /home/maizaied03/ros2_ws/install/px4_msgs/include/px4_msgs/px4_msgs/msg/parameter_update.hpp\n'}
[9.157653] (px4_msgs) StdoutLine: {'line': b'-- Up-to-date: /home/maizaied03/ros2_ws/install/px4_msgs/include/px4_msgs/px4_msgs/msg/navigator_status.hpp\n'}
[9.157726] (px4_msgs) StdoutLine: {'line': b'-- Up-to-date: /home/maizaied03/ros2_ws/install/px4_msgs/include/px4_msgs/px4_msgs/msg/estimator_gps_status.hpp\n'}
[9.157800] (px4_msgs) StdoutLine: {'line': b'-- Up-to-date: /home/maizaied03/ros2_ws/install/px4_msgs/include/px4_msgs/px4_msgs/msg/rosidl_generator_cpp__visibility_control.hpp\n'}
[9.157870] (px4_msgs) StdoutLine: {'line': b'-- Up-to-date: /home/maizaied03/ros2_ws/install/px4_msgs/include/px4_msgs/px4_msgs/msg/dataman_response.hpp\n'}
[9.157939] (px4_msgs) StdoutLine: {'line': b'-- Up-to-date: /home/maizaied03/ros2_ws/install/px4_msgs/include/px4_msgs/px4_msgs/msg/rtl_time_estimate.hpp\n'}
[9.158009] (px4_msgs) StdoutLine: {'line': b'-- Up-to-date: /home/maizaied03/ros2_ws/install/px4_msgs/include/px4_msgs/px4_msgs/msg/parameter_set_value_response.hpp\n'}
[9.158084] (px4_msgs) StdoutLine: {'line': b'-- Up-to-date: /home/maizaied03/ros2_ws/install/px4_msgs/include/px4_msgs/px4_msgs/msg/cpuload.hpp\n'}
[9.158151] (px4_msgs) StdoutLine: {'line': b'-- Up-to-date: /home/maizaied03/ros2_ws/install/px4_msgs/include/px4_msgs/px4_msgs/msg/sensor_mag.hpp\n'}
[9.158215] (px4_msgs) StdoutLine: {'line': b'-- Up-to-date: /home/maizaied03/ros2_ws/install/px4_msgs/include/px4_msgs/px4_msgs/msg/sensor_baro.hpp\n'}
[9.158271] (px4_msgs) StdoutLine: {'line': b'-- Up-to-date: /home/maizaied03/ros2_ws/install/px4_msgs/include/px4_msgs/px4_msgs/msg/rover_rate_setpoint.hpp\n'}
[9.158328] (px4_msgs) StdoutLine: {'line': b'-- Up-to-date: /home/maizaied03/ros2_ws/install/px4_msgs/include/px4_msgs/px4_msgs/msg/cellular_status.hpp\n'}
[9.158386] (px4_msgs) StdoutLine: {'line': b'-- Up-to-date: /home/maizaied03/ros2_ws/install/px4_msgs/include/px4_msgs/px4_msgs/msg/vehicle_command.hpp\n'}
[9.158443] (px4_msgs) StdoutLine: {'line': b'-- Up-to-date: /home/maizaied03/ros2_ws/install/px4_msgs/include/px4_msgs/px4_msgs/msg/open_drone_id_system.hpp\n'}
[9.158501] (px4_msgs) StdoutLine: {'line': b'-- Up-to-date: /home/maizaied03/ros2_ws/install/px4_msgs/include/px4_msgs/px4_msgs/msg/gimbal_manager_status.hpp\n'}
[9.158557] (px4_msgs) StdoutLine: {'line': b'-- Up-to-date: /home/maizaied03/ros2_ws/install/px4_msgs/include/px4_msgs/px4_msgs/msg/normalized_unsigned_setpoint.hpp\n'}
[9.158620] (px4_msgs) StdoutLine: {'line': b'-- Up-to-date: /home/maizaied03/ros2_ws/install/px4_msgs/include/px4_msgs/px4_msgs/msg/parameter_reset_request.hpp\n'}
[9.158802] (px4_msgs) StdoutLine: {'line': b'-- Up-to-date: /home/maizaied03/ros2_ws/install/px4_msgs/include/px4_msgs/px4_msgs/msg/vehicle_constraints.hpp\n'}
[9.158969] (px4_msgs) StdoutLine: {'line': b'-- Up-to-date: /home/maizaied03/ros2_ws/install/px4_msgs/include/px4_msgs/px4_msgs/msg/esc_report.hpp\n'}
[9.159027] (px4_msgs) StdoutLine: {'line': b'-- Up-to-date: /home/maizaied03/ros2_ws/install/px4_msgs/include/px4_msgs/px4_msgs/msg/sensor_correction.hpp\n'}
[9.159084] (px4_msgs) StdoutLine: {'line': b'-- Up-to-date: /home/maizaied03/ros2_ws/install/px4_msgs/include/px4_msgs/px4_msgs/msg/trajectory_setpoint.hpp\n'}
[9.159140] (px4_msgs) StdoutLine: {'line': b'-- Up-to-date: /home/maizaied03/ros2_ws/install/px4_msgs/include/px4_msgs/px4_msgs/msg/obstacle_distance.hpp\n'}
[9.159194] (px4_msgs) StdoutLine: {'line': b'-- Up-to-date: /home/maizaied03/ros2_ws/install/px4_msgs/include/px4_msgs/px4_msgs/msg/actuator_motors.hpp\n'}
[9.159250] (px4_msgs) StdoutLine: {'line': b'-- Up-to-date: /home/maizaied03/ros2_ws/install/px4_msgs/include/px4_msgs/px4_msgs/msg/figure_eight_status.hpp\n'}
[9.159305] (px4_msgs) StdoutLine: {'line': b'-- Up-to-date: /home/maizaied03/ros2_ws/install/px4_msgs/include/px4_msgs/px4_msgs/msg/sensor_airflow.hpp\n'}
[9.159358] (px4_msgs) StdoutLine: {'line': b'-- Up-to-date: /home/maizaied03/ros2_ws/install/px4_msgs/include/px4_msgs/px4_msgs/msg/gimbal_device_set_attitude.hpp\n'}
[9.159410] (px4_msgs) StdoutLine: {'line': b'-- Up-to-date: /home/maizaied03/ros2_ws/install/px4_msgs/include/px4_msgs/px4_msgs/msg/takeoff_status.hpp\n'}
[9.159464] (px4_msgs) StdoutLine: {'line': b'-- Up-to-date: /home/maizaied03/ros2_ws/install/px4_msgs/include/px4_msgs/px4_msgs/msg/gpio_in.hpp\n'}
[9.159518] (px4_msgs) StdoutLine: {'line': b'-- Up-to-date: /home/maizaied03/ros2_ws/install/px4_msgs/include/px4_msgs/px4_msgs/msg/uavcan_parameter_value.hpp\n'}
[9.159570] (px4_msgs) StdoutLine: {'line': b'-- Up-to-date: /home/maizaied03/ros2_ws/install/px4_msgs/include/px4_msgs/px4_msgs/msg/autotune_attitude_control_status.hpp\n'}
[9.159640] (px4_msgs) StdoutLine: {'line': b'-- Up-to-date: /home/maizaied03/ros2_ws/install/px4_msgs/include/px4_msgs/px4_msgs/msg/sensor_temp.hpp\n'}
[9.159696] (px4_msgs) StdoutLine: {'line': b'-- Up-to-date: /home/maizaied03/ros2_ws/install/px4_msgs/include/px4_msgs/px4_msgs/msg/event.hpp\n'}
[9.159751] (px4_msgs) StdoutLine: {'line': b'-- Up-to-date: /home/maizaied03/ros2_ws/install/px4_msgs/include/px4_msgs/px4_msgs/msg/vehicle_optical_flow_vel.hpp\n'}
[9.159806] (px4_msgs) StdoutLine: {'line': b'-- Up-to-date: /home/maizaied03/ros2_ws/install/px4_msgs/include/px4_msgs/px4_msgs/msg/arming_check_request.hpp\n'}
[9.159863] (px4_msgs) StdoutLine: {'line': b'-- Up-to-date: /home/maizaied03/ros2_ws/install/px4_msgs/include/px4_msgs/px4_msgs/msg/vehicle_local_position.hpp\n'}
[9.159916] (px4_msgs) StdoutLine: {'line': b'-- Up-to-date: /home/maizaied03/ros2_ws/install/px4_msgs/include/px4_msgs/px4_msgs/msg/geofence_status.hpp\n'}
[9.159971] (px4_msgs) StdoutLine: {'line': b'-- Up-to-date: /home/maizaied03/ros2_ws/install/px4_msgs/include/px4_msgs/px4_msgs/msg/internal_combustion_engine_control.hpp\n'}
[9.160031] (px4_msgs) StdoutLine: {'line': b'-- Up-to-date: /home/maizaied03/ros2_ws/install/px4_msgs/include/px4_msgs/px4_msgs/msg/wheel_encoders.hpp\n'}
[9.160101] (px4_msgs) StdoutLine: {'line': b'-- Up-to-date: /home/maizaied03/ros2_ws/install/px4_msgs/include/px4_msgs/px4_msgs/msg/gimbal_manager_information.hpp\n'}
[9.160188] (px4_msgs) StdoutLine: {'line': b'-- Up-to-date: /home/maizaied03/ros2_ws/install/px4_msgs/include/px4_msgs/px4_msgs/msg/airspeed_wind.hpp\n'}
[9.160277] (px4_msgs) StdoutLine: {'line': b'-- Up-to-date: /home/maizaied03/ros2_ws/install/px4_msgs/include/px4_msgs/px4_msgs/msg/vehicle_angular_acceleration_setpoint.hpp\n'}
[9.160365] (px4_msgs) StdoutLine: {'line': b'-- Up-to-date: /home/maizaied03/ros2_ws/install/px4_msgs/include/px4_msgs/px4_msgs/msg/gps_dump.hpp\n'}
[9.160453] (px4_msgs) StdoutLine: {'line': b'-- Up-to-date: /home/maizaied03/ros2_ws/install/px4_msgs/include/px4_msgs/px4_msgs/msg/satellite_info.hpp\n'}
[9.160539] (px4_msgs) StdoutLine: {'line': b'-- Up-to-date: /home/maizaied03/ros2_ws/install/px4_msgs/include/px4_msgs/px4_msgs/msg/rover_speed_status.hpp\n'}
[9.160639] (px4_msgs) StdoutLine: {'line': b'-- Up-to-date: /home/maizaied03/ros2_ws/install/px4_msgs/include/px4_msgs/px4_msgs/msg/fixed_wing_lateral_status.hpp\n'}
[9.160728] (px4_msgs) StdoutLine: {'line': b'-- Up-to-date: /home/maizaied03/ros2_ws/install/px4_msgs/include/px4_msgs/px4_msgs/msg/action_request.hpp\n'}
[9.160816] (px4_msgs) StdoutLine: {'line': b'-- Up-to-date: /home/maizaied03/ros2_ws/install/px4_msgs/include/px4_msgs/px4_msgs/msg/vehicle_attitude.hpp\n'}
[9.160909] (px4_msgs) StdoutLine: {'line': b'-- Up-to-date: /home/maizaied03/ros2_ws/install/px4_msgs/include/px4_msgs/px4_msgs/msg/vehicle_thrust_setpoint.hpp\n'}
[9.160976] (px4_msgs) StdoutLine: {'line': b'-- Up-to-date: /home/maizaied03/ros2_ws/install/px4_msgs/include/px4_msgs/px4_msgs/msg/neural_control.hpp\n'}
[9.161045] (px4_msgs) StdoutLine: {'line': b'-- Up-to-date: /home/maizaied03/ros2_ws/install/px4_msgs/include/px4_msgs/px4_msgs/msg/tecs_status.hpp\n'}
[9.161109] (px4_msgs) StdoutLine: {'line': b'-- Up-to-date: /home/maizaied03/ros2_ws/install/px4_msgs/include/px4_msgs/px4_msgs/msg/gimbal_manager_set_manual_control.hpp\n'}
[9.161176] (px4_msgs) StdoutLine: {'line': b'-- Up-to-date: /home/maizaied03/ros2_ws/install/px4_msgs/include/px4_msgs/px4_msgs/msg/sensor_selection.hpp\n'}
[9.161242] (px4_msgs) StdoutLine: {'line': b'-- Up-to-date: /home/maizaied03/ros2_ws/install/px4_msgs/include/px4_msgs/px4_msgs/msg/camera_trigger.hpp\n'}
[9.161307] (px4_msgs) StdoutLine: {'line': b'-- Up-to-date: /home/maizaied03/ros2_ws/install/px4_msgs/include/px4_msgs/px4_msgs/msg/actuator_armed.hpp\n'}
[9.161371] (px4_msgs) StdoutLine: {'line': b'-- Up-to-date: /home/maizaied03/ros2_ws/install/px4_msgs/include/px4_msgs/px4_msgs/msg/differential_pressure.hpp\n'}
[9.161439] (px4_msgs) StdoutLine: {'line': b'-- Up-to-date: /home/maizaied03/ros2_ws/install/px4_msgs/include/px4_msgs/px4_msgs/msg/position_setpoint_triplet.hpp\n'}
[9.161505] (px4_msgs) StdoutLine: {'line': b'-- Up-to-date: /home/maizaied03/ros2_ws/install/px4_msgs/include/px4_msgs/px4_msgs/msg/raptor_status.hpp\n'}
[9.161570] (px4_msgs) StdoutLine: {'line': b'-- Up-to-date: /home/maizaied03/ros2_ws/install/px4_msgs/include/px4_msgs/px4_msgs/msg/can_interface_status.hpp\n'}
[9.161642] (px4_msgs) StdoutLine: {'line': b'-- Up-to-date: /home/maizaied03/ros2_ws/install/px4_msgs/include/px4_msgs/px4_msgs/msg/orbit_status.hpp\n'}
[9.161709] (px4_msgs) StdoutLine: {'line': b'-- Up-to-date: /home/maizaied03/ros2_ws/install/px4_msgs/include/px4_msgs/px4_msgs/msg/gimbal_device_information.hpp\n'}
[9.161773] (px4_msgs) StdoutLine: {'line': b'-- Up-to-date: /home/maizaied03/ros2_ws/install/px4_msgs/include/px4_msgs/px4_msgs/msg/parameter_set_value_request.hpp\n'}
[9.161839] (px4_msgs) StdoutLine: {'line': b'-- Up-to-date: /home/maizaied03/ros2_ws/install/px4_msgs/include/px4_msgs/px4_msgs/msg/sensor_accel_fifo.hpp\n'}
[9.161906] (px4_msgs) StdoutLine: {'line': b'-- Up-to-date: /home/maizaied03/ros2_ws/install/px4_msgs/include/px4_msgs/px4_msgs/msg/timesync_status.hpp\n'}
[9.161968] (px4_msgs) StdoutLine: {'line': b'-- Up-to-date: /home/maizaied03/ros2_ws/install/px4_msgs/include/px4_msgs/px4_msgs/msg/camera_status.hpp\n'}
[9.162022] (px4_msgs) StdoutLine: {'line': b'-- Up-to-date: /home/maizaied03/ros2_ws/install/px4_msgs/include/px4_msgs/px4_msgs/msg/hover_thrust_estimate.hpp\n'}
[9.162077] (px4_msgs) StdoutLine: {'line': b'-- Up-to-date: /home/maizaied03/ros2_ws/install/px4_msgs/include/px4_msgs/px4_msgs/msg/heater_status.hpp\n'}
[9.162132] (px4_msgs) StdoutLine: {'line': b'-- Up-to-date: /home/maizaied03/ros2_ws/install/px4_msgs/include/px4_msgs/px4_msgs/msg/follow_target_estimator.hpp\n'}
[9.162187] (px4_msgs) StdoutLine: {'line': b'-- Up-to-date: /home/maizaied03/ros2_ws/install/px4_msgs/include/px4_msgs/px4_msgs/msg/estimator_selector_status.hpp\n'}
[9.162240] (px4_msgs) StdoutLine: {'line': b'-- Up-to-date: /home/maizaied03/ros2_ws/install/px4_msgs/include/px4_msgs/px4_msgs/msg/gpio_out.hpp\n'}
[9.162299] (px4_msgs) StdoutLine: {'line': b'-- Up-to-date: /home/maizaied03/ros2_ws/install/px4_msgs/include/px4_msgs/px4_msgs/msg/tiltrotor_extra_controls.hpp\n'}
[9.162351] (px4_msgs) StdoutLine: {'line': b'-- Up-to-date: /home/maizaied03/ros2_ws/install/px4_msgs/include/px4_msgs/px4_msgs/msg/gimbal_controls.hpp\n'}
[9.162408] (px4_msgs) StdoutLine: {'line': b'-- Up-to-date: /home/maizaied03/ros2_ws/install/px4_msgs/include/px4_msgs/px4_msgs/msg/vehicle_odometry.hpp\n'}
[9.162461] (px4_msgs) StdoutLine: {'line': b'-- Up-to-date: /home/maizaied03/ros2_ws/install/px4_msgs/include/px4_msgs/px4_msgs/msg/rover_rate_status.hpp\n'}
[9.162630] (px4_msgs) StdoutLine: {'line': b'-- Up-to-date: /home/maizaied03/ros2_ws/install/px4_msgs/include/px4_msgs/px4_msgs/msg/sensor_optical_flow.hpp\n'}
[9.162695] (px4_msgs) StdoutLine: {'line': b'-- Up-to-date: /home/maizaied03/ros2_ws/install/px4_msgs/include/px4_msgs/px4_msgs/msg/orb_test.hpp\n'}
[9.162752] (px4_msgs) StdoutLine: {'line': b'-- Up-to-date: /home/maizaied03/ros2_ws/install/px4_msgs/include/px4_msgs/px4_msgs/msg/position_controller_landing_status.hpp\n'}
[9.162809] (px4_msgs) StdoutLine: {'line': b'-- Up-to-date: /home/maizaied03/ros2_ws/install/px4_msgs/include/px4_msgs/px4_msgs/msg/generator_status.hpp\n'}
[9.162865] (px4_msgs) StdoutLine: {'line': b'-- Up-to-date: /home/maizaied03/ros2_ws/install/px4_msgs/include/px4_msgs/px4_msgs/msg/parameter_set_used_request.hpp\n'}
[9.162920] (px4_msgs) StdoutLine: {'line': b'-- Up-to-date: /home/maizaied03/ros2_ws/install/px4_msgs/include/px4_msgs/px4_msgs/msg/rover_throttle_setpoint.hpp\n'}
[9.162975] (px4_msgs) StdoutLine: {'line': b'-- Up-to-date: /home/maizaied03/ros2_ws/install/px4_msgs/include/px4_msgs/px4_msgs/msg/sensors_status_imu.hpp\n'}
[9.163031] (px4_msgs) StdoutLine: {'line': b'-- Up-to-date: /home/maizaied03/ros2_ws/install/px4_msgs/include/px4_msgs/px4_msgs/msg/ulog_stream_ack.hpp\n'}
[9.163086] (px4_msgs) StdoutLine: {'line': b'-- Up-to-date: /home/maizaied03/ros2_ws/install/px4_msgs/include/px4_msgs/px4_msgs/msg/logger_status.hpp\n'}
[9.163141] (px4_msgs) StdoutLine: {'line': b'-- Up-to-date: /home/maizaied03/ros2_ws/install/px4_msgs/include/px4_msgs/px4_msgs/msg/gpio_request.hpp\n'}
[9.163197] (px4_msgs) StdoutLine: {'line': b'-- Up-to-date: /home/maizaied03/ros2_ws/install/px4_msgs/include/px4_msgs/px4_msgs/msg/mavlink_log.hpp\n'}
[9.163439] (px4_msgs) StdoutLine: {'line': b'-- Up-to-date: /home/maizaied03/ros2_ws/install/px4_msgs/include/px4_msgs/px4_msgs/msg/open_drone_id_operator_id.hpp\n'}
[9.163498] (px4_msgs) StdoutLine: {'line': b'-- Up-to-date: /home/maizaied03/ros2_ws/install/px4_msgs/include/px4_msgs/px4_msgs/msg/adc_report.hpp\n'}
[9.163555] (px4_msgs) StdoutLine: {'line': b'-- Up-to-date: /home/maizaied03/ros2_ws/install/px4_msgs/include/px4_msgs/px4_msgs/msg/sensor_combined.hpp\n'}
[9.163698] (px4_msgs) StdoutLine: {'line': b'-- Up-to-date: /home/maizaied03/ros2_ws/install/px4_msgs/include/px4_msgs/px4_msgs/msg/rover_position_setpoint.hpp\n'}
[9.165211] (px4_msgs) StdoutLine: {'line': b'-- Up-to-date: /home/maizaied03/ros2_ws/install/px4_msgs/include/px4_msgs/px4_msgs/msg/input_rc.hpp\n'}
[9.165281] (px4_msgs) StdoutLine: {'line': b'-- Up-to-date: /home/maizaied03/ros2_ws/install/px4_msgs/include/px4_msgs/px4_msgs/msg/vehicle_magnetometer.hpp\n'}
[9.165331] (px4_msgs) StdoutLine: {'line': b'-- Up-to-date: /home/maizaied03/ros2_ws/install/px4_msgs/include/px4_msgs/px4_msgs/msg/onboard_computer_status.hpp\n'}
[9.165378] (px4_msgs) StdoutLine: {'line': b'-- Up-to-date: /home/maizaied03/ros2_ws/install/px4_msgs/include/px4_msgs/px4_msgs/msg/actuator_test.hpp\n'}
[9.165425] (px4_msgs) StdoutLine: {'line': b'-- Up-to-date: /home/maizaied03/ros2_ws/install/px4_msgs/include/px4_msgs/px4_msgs/msg/rover_attitude_setpoint.hpp\n'}
[9.165474] (px4_msgs) StdoutLine: {'line': b'-- Up-to-date: /home/maizaied03/ros2_ws/install/px4_msgs/include/px4_msgs/px4_msgs/msg/tune_control.hpp\n'}
[9.165521] (px4_msgs) StdoutLine: {'line': b'-- Up-to-date: /home/maizaied03/ros2_ws/install/px4_msgs/include/px4_msgs/px4_msgs/msg/gimbal_manager_set_attitude.hpp\n'}
[9.165573] (px4_msgs) StdoutLine: {'line': b'-- Up-to-date: /home/maizaied03/ros2_ws/install/px4_msgs/include/px4_msgs/px4_msgs/msg/collision_constraints.hpp\n'}
[9.165634] (px4_msgs) StdoutLine: {'line': b'-- Up-to-date: /home/maizaied03/ros2_ws/install/px4_msgs/include/px4_msgs/px4_msgs/msg/navigator_mission_item.hpp\n'}
[9.165686] (px4_msgs) StdoutLine: {'line': b'-- Up-to-date: /home/maizaied03/ros2_ws/install/px4_msgs/include/px4_msgs/px4_msgs/msg/debug_array.hpp\n'}
[9.165734] (px4_msgs) StdoutLine: {'line': b'-- Up-to-date: /home/maizaied03/ros2_ws/install/px4_msgs/include/px4_msgs/px4_msgs/msg/rover_attitude_status.hpp\n'}
[9.165788] (px4_msgs) StdoutLine: {'line': b'-- Up-to-date: /home/maizaied03/ros2_ws/install/px4_msgs/include/px4_msgs/px4_msgs/msg/ulog_stream.hpp\n'}
[9.165843] (px4_msgs) StdoutLine: {'line': b'-- Up-to-date: /home/maizaied03/ros2_ws/install/px4_msgs/include/px4_msgs/px4_msgs/msg/estimator_aid_source3d.hpp\n'}
[9.165897] (px4_msgs) StdoutLine: {'line': b'-- Up-to-date: /home/maizaied03/ros2_ws/install/px4_msgs/include/px4_msgs/px4_msgs/msg/vehicle_imu_status.hpp\n'}
[9.165950] (px4_msgs) StdoutLine: {'line': b'-- Up-to-date: /home/maizaied03/ros2_ws/install/px4_msgs/include/px4_msgs/px4_msgs/msg/open_drone_id_self_id.hpp\n'}
[9.166008] (px4_msgs) StdoutLine: {'line': b'-- Up-to-date: /home/maizaied03/ros2_ws/install/px4_msgs/include/px4_msgs/px4_msgs/msg/transponder_report.hpp\n'}
[9.166064] (px4_msgs) StdoutLine: {'line': b'-- Up-to-date: /home/maizaied03/ros2_ws/install/px4_msgs/include/px4_msgs/px4_msgs/msg/vehicle_air_data.hpp\n'}
[9.166119] (px4_msgs) StdoutLine: {'line': b'-- Up-to-date: /home/maizaied03/ros2_ws/install/px4_msgs/include/px4_msgs/px4_msgs/msg/estimator_status_flags.hpp\n'}
[9.166179] (px4_msgs) StdoutLine: {'line': b'-- Up-to-date: /home/maizaied03/ros2_ws/install/px4_msgs/include/px4_msgs/px4_msgs/msg/estimator_states.hpp\n'}
[9.166234] (px4_msgs) StdoutLine: {'line': b'-- Up-to-date: /home/maizaied03/ros2_ws/install/px4_msgs/include/px4_msgs/px4_msgs/msg/estimator_aid_source1d.hpp\n'}
[9.166290] (px4_msgs) StdoutLine: {'line': b'-- Up-to-date: /home/maizaied03/ros2_ws/install/px4_msgs/include/px4_msgs/px4_msgs/msg/vehicle_global_position.hpp\n'}
[9.166347] (px4_msgs) StdoutLine: {'line': b'-- Up-to-date: /home/maizaied03/ros2_ws/install/px4_msgs/include/px4_msgs/px4_msgs/msg/landing_target_pose.hpp\n'}
[9.166405] (px4_msgs) StdoutLine: {'line': b'-- Up-to-date: /home/maizaied03/ros2_ws/install/px4_msgs/include/px4_msgs/px4_msgs/msg/health_report.hpp\n'}
[9.166464] (px4_msgs) StdoutLine: {'line': b'-- Up-to-date: /home/maizaied03/ros2_ws/install/px4_msgs/include/px4_msgs/px4_msgs/msg/qshell_retval.hpp\n'}
[9.166515] (px4_msgs) StdoutLine: {'line': b'-- Up-to-date: /home/maizaied03/ros2_ws/install/px4_msgs/include/px4_msgs/px4_msgs/msg/config_overrides.hpp\n'}
[9.166568] (px4_msgs) StdoutLine: {'line': b'-- Up-to-date: /home/maizaied03/ros2_ws/install/px4_msgs/include/px4_msgs/px4_msgs/msg/fuel_tank_status.hpp\n'}
[9.166632] (px4_msgs) StdoutLine: {'line': b'-- Up-to-date: /home/maizaied03/ros2_ws/install/px4_msgs/include/px4_msgs/px4_msgs/msg/detail\n'}
[9.166687] (px4_msgs) StdoutLine: {'line': b'-- Up-to-date: /home/maizaied03/ros2_ws/install/px4_msgs/include/px4_msgs/px4_msgs/msg/detail/estimator_aid_source3d__type_support.hpp\n'}
[9.166742] (px4_msgs) StdoutLine: {'line': b'-- Up-to-date: /home/maizaied03/ros2_ws/install/px4_msgs/include/px4_msgs/px4_msgs/msg/detail/debug_value__type_support.hpp\n'}
[9.166795] (px4_msgs) StdoutLine: {'line': b'-- Up-to-date: /home/maizaied03/ros2_ws/install/px4_msgs/include/px4_msgs/px4_msgs/msg/detail/register_ext_component_request__traits.hpp\n'}
[9.166850] (px4_msgs) StdoutLine: {'line': b'-- Up-to-date: /home/maizaied03/ros2_ws/install/px4_msgs/include/px4_msgs/px4_msgs/msg/detail/vehicle_command__type_support.hpp\n'}
[9.166908] (px4_msgs) StdoutLine: {'line': b'-- Up-to-date: /home/maizaied03/ros2_ws/install/px4_msgs/include/px4_msgs/px4_msgs/msg/detail/button_event__struct.hpp\n'}
[9.166973] (px4_msgs) StdoutLine: {'line': b'-- Up-to-date: /home/maizaied03/ros2_ws/install/px4_msgs/include/px4_msgs/px4_msgs/msg/detail/follow_target_estimator__traits.hpp\n'}
[9.167032] (px4_msgs) StdoutLine: {'line': b'-- Up-to-date: /home/maizaied03/ros2_ws/install/px4_msgs/include/px4_msgs/px4_msgs/msg/detail/collision_constraints__type_support.hpp\n'}
[9.167089] (px4_msgs) StdoutLine: {'line': b'-- Up-to-date: /home/maizaied03/ros2_ws/install/px4_msgs/include/px4_msgs/px4_msgs/msg/detail/vehicle_imu__type_support.hpp\n'}
[9.167152] (px4_msgs) StdoutLine: {'line': b'-- Up-to-date: /home/maizaied03/ros2_ws/install/px4_msgs/include/px4_msgs/px4_msgs/msg/detail/gimbal_device_information__builder.hpp\n'}
[9.167233] (px4_msgs) StdoutLine: {'line': b'-- Up-to-date: /home/maizaied03/ros2_ws/install/px4_msgs/include/px4_msgs/px4_msgs/msg/detail/sensor_gnss_relative__traits.hpp\n'}
[9.167316] (px4_msgs) StdoutLine: {'line': b'-- Up-to-date: /home/maizaied03/ros2_ws/install/px4_msgs/include/px4_msgs/px4_msgs/msg/detail/config_overrides__struct.hpp\n'}
[9.167399] (px4_msgs) StdoutLine: {'line': b'-- Up-to-date: /home/maizaied03/ros2_ws/install/px4_msgs/include/px4_msgs/px4_msgs/msg/detail/rover_speed_setpoint__type_support.hpp\n'}
[9.167481] (px4_msgs) StdoutLine: {'line': b'-- Up-to-date: /home/maizaied03/ros2_ws/install/px4_msgs/include/px4_msgs/px4_msgs/msg/detail/vehicle_command_ack__struct.hpp\n'}
[9.167563] (px4_msgs) StdoutLine: {'line': b'-- Up-to-date: /home/maizaied03/ros2_ws/install/px4_msgs/include/px4_msgs/px4_msgs/msg/detail/debug_value__struct.hpp\n'}
[9.167658] (px4_msgs) StdoutLine: {'line': b'-- Up-to-date: /home/maizaied03/ros2_ws/install/px4_msgs/include/px4_msgs/px4_msgs/msg/detail/orb_test_large__struct.hpp\n'}
[9.167744] (px4_msgs) StdoutLine: {'line': b'-- Up-to-date: /home/maizaied03/ros2_ws/install/px4_msgs/include/px4_msgs/px4_msgs/msg/detail/vtol_vehicle_status__builder.hpp\n'}
[9.167827] (px4_msgs) StdoutLine: {'line': b'-- Up-to-date: /home/maizaied03/ros2_ws/install/px4_msgs/include/px4_msgs/px4_msgs/msg/detail/control_allocator_status__type_support.hpp\n'}
[9.167908] (px4_msgs) StdoutLine: {'line': b'-- Up-to-date: /home/maizaied03/ros2_ws/install/px4_msgs/include/px4_msgs/px4_msgs/msg/detail/vehicle_constraints__struct.hpp\n'}
[9.167973] (px4_msgs) StdoutLine: {'line': b'-- Up-to-date: /home/maizaied03/ros2_ws/install/px4_msgs/include/px4_msgs/px4_msgs/msg/detail/vehicle_command__traits.hpp\n'}
[9.168038] (px4_msgs) StdoutLine: {'line': b'-- Up-to-date: /home/maizaied03/ros2_ws/install/px4_msgs/include/px4_msgs/px4_msgs/msg/detail/parameter_set_value_response__type_support.hpp\n'}
[9.168110] (px4_msgs) StdoutLine: {'line': b'-- Up-to-date: /home/maizaied03/ros2_ws/install/px4_msgs/include/px4_msgs/px4_msgs/msg/detail/gimbal_controls__struct.hpp\n'}
[9.168178] (px4_msgs) StdoutLine: {'line': b'-- Up-to-date: /home/maizaied03/ros2_ws/install/px4_msgs/include/px4_msgs/px4_msgs/msg/detail/vehicle_control_mode__traits.hpp\n'}
[9.168256] (px4_msgs) StdoutLine: {'line': b'-- Up-to-date: /home/maizaied03/ros2_ws/install/px4_msgs/include/px4_msgs/px4_msgs/msg/detail/vehicle_angular_velocity__struct.hpp\n'}
[9.168324] (px4_msgs) StdoutLine: {'line': b'-- Up-to-date: /home/maizaied03/ros2_ws/install/px4_msgs/include/px4_msgs/px4_msgs/msg/detail/estimator_aid_source2d__traits.hpp\n'}
[9.168390] (px4_msgs) StdoutLine: {'line': b'-- Up-to-date: /home/maizaied03/ros2_ws/install/px4_msgs/include/px4_msgs/px4_msgs/msg/detail/vehicle_magnetometer__type_support.hpp\n'}
[9.168455] (px4_msgs) StdoutLine: {'line': b'-- Up-to-date: /home/maizaied03/ros2_ws/install/px4_msgs/include/px4_msgs/px4_msgs/msg/detail/sensor_gps__builder.hpp\n'}
[9.168523] (px4_msgs) StdoutLine: {'line': b'-- Up-to-date: /home/maizaied03/ros2_ws/install/px4_msgs/include/px4_msgs/px4_msgs/msg/detail/pure_pursuit_status__builder.hpp\n'}
[9.168597] (px4_msgs) StdoutLine: {'line': b'-- Up-to-date: /home/maizaied03/ros2_ws/install/px4_msgs/include/px4_msgs/px4_msgs/msg/detail/sensor_baro__struct.hpp\n'}
[9.168669] (px4_msgs) StdoutLine: {'line': b'-- Up-to-date: /home/maizaied03/ros2_ws/install/px4_msgs/include/px4_msgs/px4_msgs/msg/detail/sensor_hygrometer__struct.hpp\n'}
[9.168753] (px4_msgs) StdoutLine: {'line': b'-- Up-to-date: /home/maizaied03/ros2_ws/install/px4_msgs/include/px4_msgs/px4_msgs/msg/detail/navigator_mission_item__traits.hpp\n'}
[9.168810] (px4_msgs) StdoutLine: {'line': b'-- Up-to-date: /home/maizaied03/ros2_ws/install/px4_msgs/include/px4_msgs/px4_msgs/msg/detail/control_allocator_status__struct.hpp\n'}
[9.168867] (px4_msgs) StdoutLine: {'line': b'-- Up-to-date: /home/maizaied03/ros2_ws/install/px4_msgs/include/px4_msgs/px4_msgs/msg/detail/estimator_event_flags__type_support.hpp\n'}
[9.168921] (px4_msgs) StdoutLine: {'line': b'-- Up-to-date: /home/maizaied03/ros2_ws/install/px4_msgs/include/px4_msgs/px4_msgs/msg/detail/sensor_gyro_fifo__traits.hpp\n'}
[9.168979] (px4_msgs) StdoutLine: {'line': b'-- Up-to-date: /home/maizaied03/ros2_ws/install/px4_msgs/include/px4_msgs/px4_msgs/msg/detail/gpio_in__struct.hpp\n'}
[9.169035] (px4_msgs) StdoutLine: {'line': b'-- Up-to-date: /home/maizaied03/ros2_ws/install/px4_msgs/include/px4_msgs/px4_msgs/msg/detail/vtol_vehicle_status__type_support.hpp\n'}
[9.169091] (px4_msgs) StdoutLine: {'line': b'-- Up-to-date: /home/maizaied03/ros2_ws/install/px4_msgs/include/px4_msgs/px4_msgs/msg/detail/estimator_states__type_support.hpp\n'}
[9.169146] (px4_msgs) StdoutLine: {'line': b'-- Up-to-date: /home/maizaied03/ros2_ws/install/px4_msgs/include/px4_msgs/px4_msgs/msg/detail/estimator_bias3d__type_support.hpp\n'}
[9.169201] (px4_msgs) StdoutLine: {'line': b'-- Up-to-date: /home/maizaied03/ros2_ws/install/px4_msgs/include/px4_msgs/px4_msgs/msg/detail/airspeed__traits.hpp\n'}
[9.169270] (px4_msgs) StdoutLine: {'line': b'-- Up-to-date: /home/maizaied03/ros2_ws/install/px4_msgs/include/px4_msgs/px4_msgs/msg/detail/gps_dump__traits.hpp\n'}
[9.169326] (px4_msgs) StdoutLine: {'line': b'-- Up-to-date: /home/maizaied03/ros2_ws/install/px4_msgs/include/px4_msgs/px4_msgs/msg/detail/rpm__struct.hpp\n'}
[9.169386] (px4_msgs) StdoutLine: {'line': b'-- Up-to-date: /home/maizaied03/ros2_ws/install/px4_msgs/include/px4_msgs/px4_msgs/msg/detail/vehicle_land_detected__struct.hpp\n'}
[9.169441] (px4_msgs) StdoutLine: {'line': b'-- Up-to-date: /home/maizaied03/ros2_ws/install/px4_msgs/include/px4_msgs/px4_msgs/msg/detail/wheel_encoders__traits.hpp\n'}
[9.169496] (px4_msgs) StdoutLine: {'line': b'-- Up-to-date: /home/maizaied03/ros2_ws/install/px4_msgs/include/px4_msgs/px4_msgs/msg/detail/action_request__struct.hpp\n'}
[9.169548] (px4_msgs) StdoutLine: {'line': b'-- Up-to-date: /home/maizaied03/ros2_ws/install/px4_msgs/include/px4_msgs/px4_msgs/msg/detail/pure_pursuit_status__type_support.hpp\n'}
[9.169606] (px4_msgs) StdoutLine: {'line': b'-- Up-to-date: /home/maizaied03/ros2_ws/install/px4_msgs/include/px4_msgs/px4_msgs/msg/detail/geofence_status__struct.hpp\n'}
[9.169668] (px4_msgs) StdoutLine: {'line': b'-- Up-to-date: /home/maizaied03/ros2_ws/install/px4_msgs/include/px4_msgs/px4_msgs/msg/detail/fuel_tank_status__traits.hpp\n'}
[9.169723] (px4_msgs) StdoutLine: {'line': b'-- Up-to-date: /home/maizaied03/ros2_ws/install/px4_msgs/include/px4_msgs/px4_msgs/msg/detail/distance_sensor__traits.hpp\n'}
[9.169781] (px4_msgs) StdoutLine: {'line': b'-- Up-to-date: /home/maizaied03/ros2_ws/install/px4_msgs/include/px4_msgs/px4_msgs/msg/detail/vehicle_attitude__traits.hpp\n'}
[9.169836] (px4_msgs) StdoutLine: {'line': b'-- Up-to-date: /home/maizaied03/ros2_ws/install/px4_msgs/include/px4_msgs/px4_msgs/msg/detail/fixed_wing_lateral_setpoint__type_support.hpp\n'}
[9.169909] (px4_msgs) StdoutLine: {'line': b'-- Up-to-date: /home/maizaied03/ros2_ws/install/px4_msgs/include/px4_msgs/px4_msgs/msg/detail/actuator_test__builder.hpp\n'}
[9.169994] (px4_msgs) StdoutLine: {'line': b'-- Up-to-date: /home/maizaied03/ros2_ws/install/px4_msgs/include/px4_msgs/px4_msgs/msg/detail/goto_setpoint__struct.hpp\n'}
[9.170074] (px4_msgs) StdoutLine: {'line': b'-- Up-to-date: /home/maizaied03/ros2_ws/install/px4_msgs/include/px4_msgs/px4_msgs/msg/detail/vehicle_angular_acceleration_setpoint__struct.hpp\n'}
[9.170164] (px4_msgs) StdoutLine: {'line': b'-- Up-to-date: /home/maizaied03/ros2_ws/install/px4_msgs/include/px4_msgs/px4_msgs/msg/detail/takeoff_status__type_support.hpp\n'}
[9.170247] (px4_msgs) StdoutLine: {'line': b'-- Up-to-date: /home/maizaied03/ros2_ws/install/px4_msgs/include/px4_msgs/px4_msgs/msg/detail/gps_inject_data__traits.hpp\n'}
[9.170330] (px4_msgs) StdoutLine: {'line': b'-- Up-to-date: /home/maizaied03/ros2_ws/install/px4_msgs/include/px4_msgs/px4_msgs/msg/detail/sensor_gnss_status__struct.hpp\n'}
[9.170412] (px4_msgs) StdoutLine: {'line': b'-- Up-to-date: /home/maizaied03/ros2_ws/install/px4_msgs/include/px4_msgs/px4_msgs/msg/detail/estimator_selector_status__struct.hpp\n'}
[9.170496] (px4_msgs) StdoutLine: {'line': b'-- Up-to-date: /home/maizaied03/ros2_ws/install/px4_msgs/include/px4_msgs/px4_msgs/msg/detail/velocity_limits__builder.hpp\n'}
[9.170579] (px4_msgs) StdoutLine: {'line': b'-- Up-to-date: /home/maizaied03/ros2_ws/install/px4_msgs/include/px4_msgs/px4_msgs/msg/detail/launch_detection_status__struct.hpp\n'}
[9.170669] (px4_msgs) StdoutLine: {'line': b'-- Up-to-date: /home/maizaied03/ros2_ws/install/px4_msgs/include/px4_msgs/px4_msgs/msg/detail/gps_dump__struct.hpp\n'}
[9.170748] (px4_msgs) StdoutLine: {'line': b'-- Up-to-date: /home/maizaied03/ros2_ws/install/px4_msgs/include/px4_msgs/px4_msgs/msg/detail/camera_capture__type_support.hpp\n'}
[9.170820] (px4_msgs) StdoutLine: {'line': b'-- Up-to-date: /home/maizaied03/ros2_ws/install/px4_msgs/include/px4_msgs/px4_msgs/msg/detail/vehicle_imu__struct.hpp\n'}
[9.170887] (px4_msgs) StdoutLine: {'line': b'-- Up-to-date: /home/maizaied03/ros2_ws/install/px4_msgs/include/px4_msgs/px4_msgs/msg/detail/orbit_status__builder.hpp\n'}
[9.170948] (px4_msgs) StdoutLine: {'line': b'-- Up-to-date: /home/maizaied03/ros2_ws/install/px4_msgs/include/px4_msgs/px4_msgs/msg/detail/sensor_hygrometer__builder.hpp\n'}
[9.171009] (px4_msgs) StdoutLine: {'line': b'-- Up-to-date: /home/maizaied03/ros2_ws/install/px4_msgs/include/px4_msgs/px4_msgs/msg/detail/orbit_status__traits.hpp\n'}
[9.171074] (px4_msgs) StdoutLine: {'line': b'-- Up-to-date: /home/maizaied03/ros2_ws/install/px4_msgs/include/px4_msgs/px4_msgs/msg/detail/takeoff_status__traits.hpp\n'}
[9.171139] (px4_msgs) StdoutLine: {'line': b'-- Up-to-date: /home/maizaied03/ros2_ws/install/px4_msgs/include/px4_msgs/px4_msgs/msg/detail/vehicle_constraints__traits.hpp\n'}
[9.171201] (px4_msgs) StdoutLine: {'line': b'-- Up-to-date: /home/maizaied03/ros2_ws/install/px4_msgs/include/px4_msgs/px4_msgs/msg/detail/arming_check_request__type_support.hpp\n'}
[9.171264] (px4_msgs) StdoutLine: {'line': b'-- Up-to-date: /home/maizaied03/ros2_ws/install/px4_msgs/include/px4_msgs/px4_msgs/msg/detail/vtx__builder.hpp\n'}
[9.171331] (px4_msgs) StdoutLine: {'line': b'-- Up-to-date: /home/maizaied03/ros2_ws/install/px4_msgs/include/px4_msgs/px4_msgs/msg/detail/orbit_status__struct.hpp\n'}
[9.171396] (px4_msgs) StdoutLine: {'line': b'-- Up-to-date: /home/maizaied03/ros2_ws/install/px4_msgs/include/px4_msgs/px4_msgs/msg/detail/battery_info__builder.hpp\n'}
[9.171462] (px4_msgs) StdoutLine: {'line': b'-- Up-to-date: /home/maizaied03/ros2_ws/install/px4_msgs/include/px4_msgs/px4_msgs/msg/detail/vehicle_magnetometer__traits.hpp\n'}
[9.171536] (px4_msgs) StdoutLine: {'line': b'-- Up-to-date: /home/maizaied03/ros2_ws/install/px4_msgs/include/px4_msgs/px4_msgs/msg/detail/tiltrotor_extra_controls__traits.hpp\n'}
[9.171622] (px4_msgs) StdoutLine: {'line': b'-- Up-to-date: /home/maizaied03/ros2_ws/install/px4_msgs/include/px4_msgs/px4_msgs/msg/detail/mag_worker_data__builder.hpp\n'}
[9.171697] (px4_msgs) StdoutLine: {'line': b'-- Up-to-date: /home/maizaied03/ros2_ws/install/px4_msgs/include/px4_msgs/px4_msgs/msg/detail/sensor_preflight_mag__builder.hpp\n'}
[9.171763] (px4_msgs) StdoutLine: {'line': b'-- Up-to-date: /home/maizaied03/ros2_ws/install/px4_msgs/include/px4_msgs/px4_msgs/msg/detail/sensor_gps__traits.hpp\n'}
[9.171824] (px4_msgs) StdoutLine: {'line': b'-- Up-to-date: /home/maizaied03/ros2_ws/install/px4_msgs/include/px4_msgs/px4_msgs/msg/detail/actuator_armed__builder.hpp\n'}
[9.171892] (px4_msgs) StdoutLine: {'line': b'-- Up-to-date: /home/maizaied03/ros2_ws/install/px4_msgs/include/px4_msgs/px4_msgs/msg/detail/launch_detection_status__builder.hpp\n'}
[9.171953] (px4_msgs) StdoutLine: {'line': b'-- Up-to-date: /home/maizaied03/ros2_ws/install/px4_msgs/include/px4_msgs/px4_msgs/msg/detail/sensor_airflow__struct.hpp\n'}
[9.172009] (px4_msgs) StdoutLine: {'line': b'-- Up-to-date: /home/maizaied03/ros2_ws/install/px4_msgs/include/px4_msgs/px4_msgs/msg/detail/wheel_encoders__struct.hpp\n'}
[9.172063] (px4_msgs) StdoutLine: {'line': b'-- Up-to-date: /home/maizaied03/ros2_ws/install/px4_msgs/include/px4_msgs/px4_msgs/msg/detail/flight_phase_estimation__traits.hpp\n'}
[9.172118] (px4_msgs) StdoutLine: {'line': b'-- Up-to-date: /home/maizaied03/ros2_ws/install/px4_msgs/include/px4_msgs/px4_msgs/msg/detail/vehicle_roi__type_support.hpp\n'}
[9.172175] (px4_msgs) StdoutLine: {'line': b'-- Up-to-date: /home/maizaied03/ros2_ws/install/px4_msgs/include/px4_msgs/px4_msgs/msg/detail/actuator_servos__type_support.hpp\n'}
[9.172229] (px4_msgs) StdoutLine: {'line': b'-- Up-to-date: /home/maizaied03/ros2_ws/install/px4_msgs/include/px4_msgs/px4_msgs/msg/detail/sensor_airflow__type_support.hpp\n'}
[9.172289] (px4_msgs) StdoutLine: {'line': b'-- Up-to-date: /home/maizaied03/ros2_ws/install/px4_msgs/include/px4_msgs/px4_msgs/msg/detail/estimator_selector_status__traits.hpp\n'}
[9.172347] (px4_msgs) StdoutLine: {'line': b'-- Up-to-date: /home/maizaied03/ros2_ws/install/px4_msgs/include/px4_msgs/px4_msgs/msg/detail/normalized_unsigned_setpoint__traits.hpp\n'}
[9.172403] (px4_msgs) StdoutLine: {'line': b'-- Up-to-date: /home/maizaied03/ros2_ws/install/px4_msgs/include/px4_msgs/px4_msgs/msg/detail/yaw_estimator_status__type_support.hpp\n'}
[9.172455] (px4_msgs) StdoutLine: {'line': b'-- Up-to-date: /home/maizaied03/ros2_ws/install/px4_msgs/include/px4_msgs/px4_msgs/msg/detail/tiltrotor_extra_controls__builder.hpp\n'}
[9.172510] (px4_msgs) StdoutLine: {'line': b'-- Up-to-date: /home/maizaied03/ros2_ws/install/px4_msgs/include/px4_msgs/px4_msgs/msg/detail/arming_check_request__struct.hpp\n'}
[9.172570] (px4_msgs) StdoutLine: {'line': b'-- Up-to-date: /home/maizaied03/ros2_ws/install/px4_msgs/include/px4_msgs/px4_msgs/msg/detail/landing_gear__struct.hpp\n'}
[9.172637] (px4_msgs) StdoutLine: {'line': b'-- Up-to-date: /home/maizaied03/ros2_ws/install/px4_msgs/include/px4_msgs/px4_msgs/msg/detail/log_message__traits.hpp\n'}
[9.172694] (px4_msgs) StdoutLine: {'line': b'-- Up-to-date: /home/maizaied03/ros2_ws/install/px4_msgs/include/px4_msgs/px4_msgs/msg/detail/vehicle_angular_acceleration_setpoint__traits.hpp\n'}
[9.172760] (px4_msgs) StdoutLine: {'line': b'-- Up-to-date: /home/maizaied03/ros2_ws/install/px4_msgs/include/px4_msgs/px4_msgs/msg/detail/vehicle_imu_status__struct.hpp\n'}
[9.172843] (px4_msgs) StdoutLine: {'line': b'-- Up-to-date: /home/maizaied03/ros2_ws/install/px4_msgs/include/px4_msgs/px4_msgs/msg/detail/goto_setpoint__type_support.hpp\n'}
[9.172925] (px4_msgs) StdoutLine: {'line': b'-- Up-to-date: /home/maizaied03/ros2_ws/install/px4_msgs/include/px4_msgs/px4_msgs/msg/detail/uavcan_parameter_value__struct.hpp\n'}
[9.173010] (px4_msgs) StdoutLine: {'line': b'-- Up-to-date: /home/maizaied03/ros2_ws/install/px4_msgs/include/px4_msgs/px4_msgs/msg/detail/vehicle_angular_velocity__builder.hpp\n'}
[9.173093] (px4_msgs) StdoutLine: {'line': b'-- Up-to-date: /home/maizaied03/ros2_ws/install/px4_msgs/include/px4_msgs/px4_msgs/msg/detail/sensor_gyro_fifo__builder.hpp\n'}
[9.173179] (px4_msgs) StdoutLine: {'line': b'-- Up-to-date: /home/maizaied03/ros2_ws/install/px4_msgs/include/px4_msgs/px4_msgs/msg/detail/gimbal_controls__traits.hpp\n'}
[9.173262] (px4_msgs) StdoutLine: {'line': b'-- Up-to-date: /home/maizaied03/ros2_ws/install/px4_msgs/include/px4_msgs/px4_msgs/msg/detail/logger_status__type_support.hpp\n'}
[9.173342] (px4_msgs) StdoutLine: {'line': b'-- Up-to-date: /home/maizaied03/ros2_ws/install/px4_msgs/include/px4_msgs/px4_msgs/msg/detail/vehicle_attitude_setpoint__traits.hpp\n'}
[9.173429] (px4_msgs) StdoutLine: {'line': b'-- Up-to-date: /home/maizaied03/ros2_ws/install/px4_msgs/include/px4_msgs/px4_msgs/msg/detail/geofence_result__builder.hpp\n'}
[9.173509] (px4_msgs) StdoutLine: {'line': b'-- Up-to-date: /home/maizaied03/ros2_ws/install/px4_msgs/include/px4_msgs/px4_msgs/msg/detail/neural_control__type_support.hpp\n'}
[9.173588] (px4_msgs) StdoutLine: {'line': b'-- Up-to-date: /home/maizaied03/ros2_ws/install/px4_msgs/include/px4_msgs/px4_msgs/msg/detail/led_control__traits.hpp\n'}
[9.173680] (px4_msgs) StdoutLine: {'line': b'-- Up-to-date: /home/maizaied03/ros2_ws/install/px4_msgs/include/px4_msgs/px4_msgs/msg/detail/distance_sensor_mode_change_request__traits.hpp\n'}
[9.173771] (px4_msgs) StdoutLine: {'line': b'-- Up-to-date: /home/maizaied03/ros2_ws/install/px4_msgs/include/px4_msgs/px4_msgs/msg/detail/parameter_reset_request__traits.hpp\n'}
[9.173857] (px4_msgs) StdoutLine: {'line': b'-- Up-to-date: /home/maizaied03/ros2_ws/install/px4_msgs/include/px4_msgs/px4_msgs/msg/detail/position_setpoint__type_support.hpp\n'}
[9.173939] (px4_msgs) StdoutLine: {'line': b'-- Up-to-date: /home/maizaied03/ros2_ws/install/px4_msgs/include/px4_msgs/px4_msgs/msg/detail/parameter_reset_request__struct.hpp\n'}
[9.173996] (px4_msgs) StdoutLine: {'line': b'-- Up-to-date: /home/maizaied03/ros2_ws/install/px4_msgs/include/px4_msgs/px4_msgs/msg/detail/lateral_control_configuration__builder.hpp\n'}
[9.174051] (px4_msgs) StdoutLine: {'line': b'-- Up-to-date: /home/maizaied03/ros2_ws/install/px4_msgs/include/px4_msgs/px4_msgs/msg/detail/iridiumsbd_status__struct.hpp\n'}
[9.174114] (px4_msgs) StdoutLine: {'line': b'-- Up-to-date: /home/maizaied03/ros2_ws/install/px4_msgs/include/px4_msgs/px4_msgs/msg/detail/neural_control__traits.hpp\n'}
[9.174175] (px4_msgs) StdoutLine: {'line': b'-- Up-to-date: /home/maizaied03/ros2_ws/install/px4_msgs/include/px4_msgs/px4_msgs/msg/detail/battery_info__traits.hpp\n'}
[9.174229] (px4_msgs) StdoutLine: {'line': b'-- Up-to-date: /home/maizaied03/ros2_ws/install/px4_msgs/include/px4_msgs/px4_msgs/msg/detail/sensor_combined__struct.hpp\n'}
[9.174284] (px4_msgs) StdoutLine: {'line': b'-- Up-to-date: /home/maizaied03/ros2_ws/install/px4_msgs/include/px4_msgs/px4_msgs/msg/detail/distance_sensor__builder.hpp\n'}
[9.174336] (px4_msgs) StdoutLine: {'line': b'-- Up-to-date: /home/maizaied03/ros2_ws/install/px4_msgs/include/px4_msgs/px4_msgs/msg/detail/fuel_tank_status__type_support.hpp\n'}
[9.174392] (px4_msgs) StdoutLine: {'line': b'-- Up-to-date: /home/maizaied03/ros2_ws/install/px4_msgs/include/px4_msgs/px4_msgs/msg/detail/vehicle_global_position__traits.hpp\n'}
[9.174444] (px4_msgs) StdoutLine: {'line': b'-- Up-to-date: /home/maizaied03/ros2_ws/install/px4_msgs/include/px4_msgs/px4_msgs/msg/detail/mavlink_tunnel__struct.hpp\n'}
[9.174497] (px4_msgs) StdoutLine: {'line': b'-- Up-to-date: /home/maizaied03/ros2_ws/install/px4_msgs/include/px4_msgs/px4_msgs/msg/detail/camera_capture__builder.hpp\n'}
[9.174555] (px4_msgs) StdoutLine: {'line': b'-- Up-to-date: /home/maizaied03/ros2_ws/install/px4_msgs/include/px4_msgs/px4_msgs/msg/detail/airspeed_validated__type_support.hpp\n'}
[9.174622] (px4_msgs) StdoutLine: {'line': b'-- Up-to-date: /home/maizaied03/ros2_ws/install/px4_msgs/include/px4_msgs/px4_msgs/msg/detail/event__type_support.hpp\n'}
[9.174680] (px4_msgs) StdoutLine: {'line': b'-- Up-to-date: /home/maizaied03/ros2_ws/install/px4_msgs/include/px4_msgs/px4_msgs/msg/detail/vehicle_optical_flow__builder.hpp\n'}
[9.174740] (px4_msgs) StdoutLine: {'line': b'-- Up-to-date: /home/maizaied03/ros2_ws/install/px4_msgs/include/px4_msgs/px4_msgs/msg/detail/gps_inject_data__type_support.hpp\n'}
[9.174805] (px4_msgs) StdoutLine: {'line': b'-- Up-to-date: /home/maizaied03/ros2_ws/install/px4_msgs/include/px4_msgs/px4_msgs/msg/detail/figure_eight_status__type_support.hpp\n'}
[9.174870] (px4_msgs) StdoutLine: {'line': b'-- Up-to-date: /home/maizaied03/ros2_ws/install/px4_msgs/include/px4_msgs/px4_msgs/msg/detail/position_controller_status__type_support.hpp\n'}
[9.174938] (px4_msgs) StdoutLine: {'line': b'-- Up-to-date: /home/maizaied03/ros2_ws/install/px4_msgs/include/px4_msgs/px4_msgs/msg/detail/actuator_armed__type_support.hpp\n'}
[9.174998] (px4_msgs) StdoutLine: {'line': b'-- Up-to-date: /home/maizaied03/ros2_ws/install/px4_msgs/include/px4_msgs/px4_msgs/msg/detail/sensor_temp__traits.hpp\n'}
[9.175060] (px4_msgs) StdoutLine: {'line': b'-- Up-to-date: /home/maizaied03/ros2_ws/install/px4_msgs/include/px4_msgs/px4_msgs/msg/detail/uavcan_parameter_request__struct.hpp\n'}
[9.175118] (px4_msgs) StdoutLine: {'line': b'-- Up-to-date: /home/maizaied03/ros2_ws/install/px4_msgs/include/px4_msgs/px4_msgs/msg/detail/airspeed__builder.hpp\n'}
[9.175178] (px4_msgs) StdoutLine: {'line': b'-- Up-to-date: /home/maizaied03/ros2_ws/install/px4_msgs/include/px4_msgs/px4_msgs/msg/detail/rover_attitude_setpoint__builder.hpp\n'}
[9.175242] (px4_msgs) StdoutLine: {'line': b'-- Up-to-date: /home/maizaied03/ros2_ws/install/px4_msgs/include/px4_msgs/px4_msgs/msg/detail/actuator_servos__builder.hpp\n'}
[9.175306] (px4_msgs) StdoutLine: {'line': b'-- Up-to-date: /home/maizaied03/ros2_ws/install/px4_msgs/include/px4_msgs/px4_msgs/msg/detail/fixed_wing_lateral_guidance_status__builder.hpp\n'}
[9.175369] (px4_msgs) StdoutLine: {'line': b'-- Up-to-date: /home/maizaied03/ros2_ws/install/px4_msgs/include/px4_msgs/px4_msgs/msg/detail/arming_check_reply__traits.hpp\n'}
[9.175428] (px4_msgs) StdoutLine: {'line': b'-- Up-to-date: /home/maizaied03/ros2_ws/install/px4_msgs/include/px4_msgs/px4_msgs/msg/detail/rover_attitude_status__traits.hpp\n'}
[9.175488] (px4_msgs) StdoutLine: {'line': b'-- Up-to-date: /home/maizaied03/ros2_ws/install/px4_msgs/include/px4_msgs/px4_msgs/msg/detail/camera_capture__struct.hpp\n'}
[9.175548] (px4_msgs) StdoutLine: {'line': b'-- Up-to-date: /home/maizaied03/ros2_ws/install/px4_msgs/include/px4_msgs/px4_msgs/msg/detail/parameter_update__struct.hpp\n'}
[9.175617] (px4_msgs) StdoutLine: {'line': b'-- Up-to-date: /home/maizaied03/ros2_ws/install/px4_msgs/include/px4_msgs/px4_msgs/msg/detail/longitudinal_control_configuration__struct.hpp\n'}
[9.175682] (px4_msgs) StdoutLine: {'line': b'-- Up-to-date: /home/maizaied03/ros2_ws/install/px4_msgs/include/px4_msgs/px4_msgs/msg/detail/debug_vect__type_support.hpp\n'}
[9.175752] (px4_msgs) StdoutLine: {'line': b'-- Up-to-date: /home/maizaied03/ros2_ws/install/px4_msgs/include/px4_msgs/px4_msgs/msg/detail/sensor_baro__traits.hpp\n'}
[9.175814] (px4_msgs) StdoutLine: {'line': b'-- Up-to-date: /home/maizaied03/ros2_ws/install/px4_msgs/include/px4_msgs/px4_msgs/msg/detail/airspeed_wind__builder.hpp\n'}
[9.175872] (px4_msgs) StdoutLine: {'line': b'-- Up-to-date: /home/maizaied03/ros2_ws/install/px4_msgs/include/px4_msgs/px4_msgs/msg/detail/trajectory_setpoint6dof__builder.hpp\n'}
[9.175936] (px4_msgs) StdoutLine: {'line': b'-- Up-to-date: /home/maizaied03/ros2_ws/install/px4_msgs/include/px4_msgs/px4_msgs/msg/detail/input_rc__traits.hpp\n'}
[9.176000] (px4_msgs) StdoutLine: {'line': b'-- Up-to-date: /home/maizaied03/ros2_ws/install/px4_msgs/include/px4_msgs/px4_msgs/msg/detail/estimator_status_flags__struct.hpp\n'}
[9.176080] (px4_msgs) StdoutLine: {'line': b'-- Up-to-date: /home/maizaied03/ros2_ws/install/px4_msgs/include/px4_msgs/px4_msgs/msg/detail/radio_status__struct.hpp\n'}
[9.176161] (px4_msgs) StdoutLine: {'line': b'-- Up-to-date: /home/maizaied03/ros2_ws/install/px4_msgs/include/px4_msgs/px4_msgs/msg/detail/input_rc__struct.hpp\n'}
[9.176244] (px4_msgs) StdoutLine: {'line': b'-- Up-to-date: /home/maizaied03/ros2_ws/install/px4_msgs/include/px4_msgs/px4_msgs/msg/detail/gimbal_manager_set_attitude__traits.hpp\n'}
[9.176325] (px4_msgs) StdoutLine: {'line': b'-- Up-to-date: /home/maizaied03/ros2_ws/install/px4_msgs/include/px4_msgs/px4_msgs/msg/detail/health_report__traits.hpp\n'}
[9.176412] (px4_msgs) StdoutLine: {'line': b'-- Up-to-date: /home/maizaied03/ros2_ws/install/px4_msgs/include/px4_msgs/px4_msgs/msg/detail/flight_phase_estimation__builder.hpp\n'}
[9.176489] (px4_msgs) StdoutLine: {'line': b'-- Up-to-date: /home/maizaied03/ros2_ws/install/px4_msgs/include/px4_msgs/px4_msgs/msg/detail/sensors_status_imu__builder.hpp\n'}
[9.176568] (px4_msgs) StdoutLine: {'line': b'-- Up-to-date: /home/maizaied03/ros2_ws/install/px4_msgs/include/px4_msgs/px4_msgs/msg/detail/airspeed__type_support.hpp\n'}
[9.176652] (px4_msgs) StdoutLine: {'line': b'-- Up-to-date: /home/maizaied03/ros2_ws/install/px4_msgs/include/px4_msgs/px4_msgs/msg/detail/follow_target_status__struct.hpp\n'}
[9.176730] (px4_msgs) StdoutLine: {'line': b'-- Up-to-date: /home/maizaied03/ros2_ws/install/px4_msgs/include/px4_msgs/px4_msgs/msg/detail/differential_pressure__builder.hpp\n'}
[9.176813] (px4_msgs) StdoutLine: {'line': b'-- Up-to-date: /home/maizaied03/ros2_ws/install/px4_msgs/include/px4_msgs/px4_msgs/msg/detail/transponder_report__traits.hpp\n'}
[9.176880] (px4_msgs) StdoutLine: {'line': b'-- Up-to-date: /home/maizaied03/ros2_ws/install/px4_msgs/include/px4_msgs/px4_msgs/msg/detail/satellite_info__struct.hpp\n'}
[9.176945] (px4_msgs) StdoutLine: {'line': b'-- Up-to-date: /home/maizaied03/ros2_ws/install/px4_msgs/include/px4_msgs/px4_msgs/msg/detail/rover_throttle_setpoint__builder.hpp\n'}
[9.177008] (px4_msgs) StdoutLine: {'line': b'-- Up-to-date: /home/maizaied03/ros2_ws/install/px4_msgs/include/px4_msgs/px4_msgs/msg/detail/battery_info__struct.hpp\n'}
[9.177073] (px4_msgs) StdoutLine: {'line': b'-- Up-to-date: /home/maizaied03/ros2_ws/install/px4_msgs/include/px4_msgs/px4_msgs/msg/detail/rtl_time_estimate__type_support.hpp\n'}
[9.177138] (px4_msgs) StdoutLine: {'line': b'-- Up-to-date: /home/maizaied03/ros2_ws/install/px4_msgs/include/px4_msgs/px4_msgs/msg/detail/estimator_bias__builder.hpp\n'}
[9.177198] (px4_msgs) StdoutLine: {'line': b'-- Up-to-date: /home/maizaied03/ros2_ws/install/px4_msgs/include/px4_msgs/px4_msgs/msg/detail/vehicle_command_ack__type_support.hpp\n'}
[9.177259] (px4_msgs) StdoutLine: {'line': b'-- Up-to-date: /home/maizaied03/ros2_ws/install/px4_msgs/include/px4_msgs/px4_msgs/msg/detail/open_drone_id_system__struct.hpp\n'}
[9.177316] (px4_msgs) StdoutLine: {'line': b'-- Up-to-date: /home/maizaied03/ros2_ws/install/px4_msgs/include/px4_msgs/px4_msgs/msg/detail/actuator_servos_trim__builder.hpp\n'}
[9.177378] (px4_msgs) StdoutLine: {'line': b'-- Up-to-date: /home/maizaied03/ros2_ws/install/px4_msgs/include/px4_msgs/px4_msgs/msg/detail/timesync_status__traits.hpp\n'}
[9.177442] (px4_msgs) StdoutLine: {'line': b'-- Up-to-date: /home/maizaied03/ros2_ws/install/px4_msgs/include/px4_msgs/px4_msgs/msg/detail/rover_position_setpoint__builder.hpp\n'}
[9.177505] (px4_msgs) StdoutLine: {'line': b'-- Up-to-date: /home/maizaied03/ros2_ws/install/px4_msgs/include/px4_msgs/px4_msgs/msg/detail/rpm__traits.hpp\n'}
[9.177566] (px4_msgs) StdoutLine: {'line': b'-- Up-to-date: /home/maizaied03/ros2_ws/install/px4_msgs/include/px4_msgs/px4_msgs/msg/detail/longitudinal_control_configuration__traits.hpp\n'}
[9.177632] (px4_msgs) StdoutLine: {'line': b'-- Up-to-date: /home/maizaied03/ros2_ws/install/px4_msgs/include/px4_msgs/px4_msgs/msg/detail/sensor_mag__traits.hpp\n'}
[9.177690] (px4_msgs) StdoutLine: {'line': b'-- Up-to-date: /home/maizaied03/ros2_ws/install/px4_msgs/include/px4_msgs/px4_msgs/msg/detail/landing_gear_wheel__type_support.hpp\n'}
[9.177749] (px4_msgs) StdoutLine: {'line': b'-- Up-to-date: /home/maizaied03/ros2_ws/install/px4_msgs/include/px4_msgs/px4_msgs/msg/detail/config_overrides__builder.hpp\n'}
[9.177810] (px4_msgs) StdoutLine: {'line': b'-- Up-to-date: /home/maizaied03/ros2_ws/install/px4_msgs/include/px4_msgs/px4_msgs/msg/detail/gpio_out__type_support.hpp\n'}
[9.177876] (px4_msgs) StdoutLine: {'line': b'-- Up-to-date: /home/maizaied03/ros2_ws/install/px4_msgs/include/px4_msgs/px4_msgs/msg/detail/rc_parameter_map__builder.hpp\n'}
[9.177941] (px4_msgs) StdoutLine: {'line': b'-- Up-to-date: /home/maizaied03/ros2_ws/install/px4_msgs/include/px4_msgs/px4_msgs/msg/detail/actuator_outputs__builder.hpp\n'}
[9.178015] (px4_msgs) StdoutLine: {'line': b'-- Up-to-date: /home/maizaied03/ros2_ws/install/px4_msgs/include/px4_msgs/px4_msgs/msg/detail/debug_array__type_support.hpp\n'}
[9.178077] (px4_msgs) StdoutLine: {'line': b'-- Up-to-date: /home/maizaied03/ros2_ws/install/px4_msgs/include/px4_msgs/px4_msgs/msg/detail/trajectory_setpoint6dof__type_support.hpp\n'}
[9.178137] (px4_msgs) StdoutLine: {'line': b'-- Up-to-date: /home/maizaied03/ros2_ws/install/px4_msgs/include/px4_msgs/px4_msgs/msg/detail/vehicle_optical_flow__type_support.hpp\n'}
[9.178196] (px4_msgs) StdoutLine: {'line': b'-- Up-to-date: /home/maizaied03/ros2_ws/install/px4_msgs/include/px4_msgs/px4_msgs/msg/detail/velocity_limits__traits.hpp\n'}
[9.178253] (px4_msgs) StdoutLine: {'line': b'-- Up-to-date: /home/maizaied03/ros2_ws/install/px4_msgs/include/px4_msgs/px4_msgs/msg/detail/mission_result__builder.hpp\n'}
[9.178310] (px4_msgs) StdoutLine: {'line': b'-- Up-to-date: /home/maizaied03/ros2_ws/install/px4_msgs/include/px4_msgs/px4_msgs/msg/detail/wind__struct.hpp\n'}
[9.178368] (px4_msgs) StdoutLine: {'line': b'-- Up-to-date: /home/maizaied03/ros2_ws/install/px4_msgs/include/px4_msgs/px4_msgs/msg/detail/px4io_status__type_support.hpp\n'}
[9.178423] (px4_msgs) StdoutLine: {'line': b'-- Up-to-date: /home/maizaied03/ros2_ws/install/px4_msgs/include/px4_msgs/px4_msgs/msg/detail/vehicle_local_position_setpoint__builder.hpp\n'}
[9.178482] (px4_msgs) StdoutLine: {'line': b'-- Up-to-date: /home/maizaied03/ros2_ws/install/px4_msgs/include/px4_msgs/px4_msgs/msg/detail/vehicle_acceleration__builder.hpp\n'}
[9.178634] (px4_msgs) StdoutLine: {'line': b'-- Up-to-date: /home/maizaied03/ros2_ws/install/px4_msgs/include/px4_msgs/px4_msgs/msg/detail/estimator_gps_status__struct.hpp\n'}
[9.178701] (px4_msgs) StdoutLine: {'line': b'-- Up-to-date: /home/maizaied03/ros2_ws/install/px4_msgs/include/px4_msgs/px4_msgs/msg/detail/tune_control__builder.hpp\n'}
[9.178776] (px4_msgs) StdoutLine: {'line': b'-- Up-to-date: /home/maizaied03/ros2_ws/install/px4_msgs/include/px4_msgs/px4_msgs/msg/detail/vehicle_roi__builder.hpp\n'}
[9.178852] (px4_msgs) StdoutLine: {'line': b'-- Up-to-date: /home/maizaied03/ros2_ws/install/px4_msgs/include/px4_msgs/px4_msgs/msg/detail/event__struct.hpp\n'}
[9.178924] (px4_msgs) StdoutLine: {'line': b'-- Up-to-date: /home/maizaied03/ros2_ws/install/px4_msgs/include/px4_msgs/px4_msgs/msg/detail/radio_status__traits.hpp\n'}
[9.178999] (px4_msgs) StdoutLine: {'line': b'-- Up-to-date: /home/maizaied03/ros2_ws/install/px4_msgs/include/px4_msgs/px4_msgs/msg/detail/message_format_request__struct.hpp\n'}
[9.179072] (px4_msgs) StdoutLine: {'line': b'-- Up-to-date: /home/maizaied03/ros2_ws/install/px4_msgs/include/px4_msgs/px4_msgs/msg/detail/ping__builder.hpp\n'}
[9.179151] (px4_msgs) StdoutLine: {'line': b'-- Up-to-date: /home/maizaied03/ros2_ws/install/px4_msgs/include/px4_msgs/px4_msgs/msg/detail/gripper__builder.hpp\n'}
[9.179227] (px4_msgs) StdoutLine: {'line': b'-- Up-to-date: /home/maizaied03/ros2_ws/install/px4_msgs/include/px4_msgs/px4_msgs/msg/detail/open_drone_id_operator_id__struct.hpp\n'}
[9.179307] (px4_msgs) StdoutLine: {'line': b'-- Up-to-date: /home/maizaied03/ros2_ws/install/px4_msgs/include/px4_msgs/px4_msgs/msg/detail/offboard_control_mode__builder.hpp\n'}
[9.179387] (px4_msgs) StdoutLine: {'line': b'-- Up-to-date: /home/maizaied03/ros2_ws/install/px4_msgs/include/px4_msgs/px4_msgs/msg/detail/estimator_sensor_bias__builder.hpp\n'}
[9.179471] (px4_msgs) StdoutLine: {'line': b'-- Up-to-date: /home/maizaied03/ros2_ws/install/px4_msgs/include/px4_msgs/px4_msgs/msg/detail/sensor_optical_flow__type_support.hpp\n'}
[9.179550] (px4_msgs) StdoutLine: {'line': b'-- Up-to-date: /home/maizaied03/ros2_ws/install/px4_msgs/include/px4_msgs/px4_msgs/msg/detail/esc_report__struct.hpp\n'}
[9.179639] (px4_msgs) StdoutLine: {'line': b'-- Up-to-date: /home/maizaied03/ros2_ws/install/px4_msgs/include/px4_msgs/px4_msgs/msg/detail/open_drone_id_operator_id__builder.hpp\n'}
[9.179717] (px4_msgs) StdoutLine: {'line': b'-- Up-to-date: /home/maizaied03/ros2_ws/install/px4_msgs/include/px4_msgs/px4_msgs/msg/detail/sensor_mag__builder.hpp\n'}
[9.179796] (px4_msgs) StdoutLine: {'line': b'-- Up-to-date: /home/maizaied03/ros2_ws/install/px4_msgs/include/px4_msgs/px4_msgs/msg/detail/failure_detector_status__traits.hpp\n'}
[9.179881] (px4_msgs) StdoutLine: {'line': b'-- Up-to-date: /home/maizaied03/ros2_ws/install/px4_msgs/include/px4_msgs/px4_msgs/msg/detail/vehicle_command__struct.hpp\n'}
[9.179959] (px4_msgs) StdoutLine: {'line': b'-- Up-to-date: /home/maizaied03/ros2_ws/install/px4_msgs/include/px4_msgs/px4_msgs/msg/detail/ulog_stream_ack__type_support.hpp\n'}
[9.180015] (px4_msgs) StdoutLine: {'line': b'-- Up-to-date: /home/maizaied03/ros2_ws/install/px4_msgs/include/px4_msgs/px4_msgs/msg/detail/ekf2_timestamps__traits.hpp\n'}
[9.180070] (px4_msgs) StdoutLine: {'line': b'-- Up-to-date: /home/maizaied03/ros2_ws/install/px4_msgs/include/px4_msgs/px4_msgs/msg/detail/vehicle_thrust_setpoint__traits.hpp\n'}
[9.180122] (px4_msgs) StdoutLine: {'line': b'-- Up-to-date: /home/maizaied03/ros2_ws/install/px4_msgs/include/px4_msgs/px4_msgs/msg/detail/position_controller_landing_status__struct.hpp\n'}
[9.180175] (px4_msgs) StdoutLine: {'line': b'-- Up-to-date: /home/maizaied03/ros2_ws/install/px4_msgs/include/px4_msgs/px4_msgs/msg/detail/tiltrotor_extra_controls__struct.hpp\n'}
[9.180229] (px4_msgs) StdoutLine: {'line': b'-- Up-to-date: /home/maizaied03/ros2_ws/install/px4_msgs/include/px4_msgs/px4_msgs/msg/detail/follow_target_status__builder.hpp\n'}
[9.180285] (px4_msgs) StdoutLine: {'line': b'-- Up-to-date: /home/maizaied03/ros2_ws/install/px4_msgs/include/px4_msgs/px4_msgs/msg/detail/position_setpoint_triplet__builder.hpp\n'}
[9.180348] (px4_msgs) StdoutLine: {'line': b'-- Up-to-date: /home/maizaied03/ros2_ws/install/px4_msgs/include/px4_msgs/px4_msgs/msg/detail/estimator_bias3d__builder.hpp\n'}
[9.180409] (px4_msgs) StdoutLine: {'line': b'-- Up-to-date: /home/maizaied03/ros2_ws/install/px4_msgs/include/px4_msgs/px4_msgs/msg/detail/can_interface_status__struct.hpp\n'}
[9.180468] (px4_msgs) StdoutLine: {'line': b'-- Up-to-date: /home/maizaied03/ros2_ws/install/px4_msgs/include/px4_msgs/px4_msgs/msg/detail/follow_target_status__traits.hpp\n'}
[9.180528] (px4_msgs) StdoutLine: {'line': b'-- Up-to-date: /home/maizaied03/ros2_ws/install/px4_msgs/include/px4_msgs/px4_msgs/msg/detail/px4io_status__builder.hpp\n'}
[9.180595] (px4_msgs) StdoutLine: {'line': b'-- Up-to-date: /home/maizaied03/ros2_ws/install/px4_msgs/include/px4_msgs/px4_msgs/msg/detail/arming_check_reply__builder.hpp\n'}
[9.180660] (px4_msgs) StdoutLine: {'line': b'-- Up-to-date: /home/maizaied03/ros2_ws/install/px4_msgs/include/px4_msgs/px4_msgs/msg/detail/pps_capture__builder.hpp\n'}
[9.180716] (px4_msgs) StdoutLine: {'line': b'-- Up-to-date: /home/maizaied03/ros2_ws/install/px4_msgs/include/px4_msgs/px4_msgs/msg/detail/actuator_controls_status__type_support.hpp\n'}
[9.180771] (px4_msgs) StdoutLine: {'line': b'-- Up-to-date: /home/maizaied03/ros2_ws/install/px4_msgs/include/px4_msgs/px4_msgs/msg/detail/manual_control_switches__builder.hpp\n'}
[9.180837] (px4_msgs) StdoutLine: {'line': b'-- Up-to-date: /home/maizaied03/ros2_ws/install/px4_msgs/include/px4_msgs/px4_msgs/msg/detail/vehicle_angular_acceleration_setpoint__builder.hpp\n'}
[9.180905] (px4_msgs) StdoutLine: {'line': b'-- Up-to-date: /home/maizaied03/ros2_ws/install/px4_msgs/include/px4_msgs/px4_msgs/msg/detail/rover_throttle_setpoint__traits.hpp\n'}
[9.180973] (px4_msgs) StdoutLine: {'line': b'-- Up-to-date: /home/maizaied03/ros2_ws/install/px4_msgs/include/px4_msgs/px4_msgs/msg/detail/open_drone_id_self_id__traits.hpp\n'}
[9.181039] (px4_msgs) StdoutLine: {'line': b'-- Up-to-date: /home/maizaied03/ros2_ws/install/px4_msgs/include/px4_msgs/px4_msgs/msg/detail/gpio_out__builder.hpp\n'}
[9.181103] (px4_msgs) StdoutLine: {'line': b'-- Up-to-date: /home/maizaied03/ros2_ws/install/px4_msgs/include/px4_msgs/px4_msgs/msg/detail/unregister_ext_component__traits.hpp\n'}
[9.181176] (px4_msgs) StdoutLine: {'line': b'-- Up-to-date: /home/maizaied03/ros2_ws/install/px4_msgs/include/px4_msgs/px4_msgs/msg/detail/gpio_config__builder.hpp\n'}
[9.181241] (px4_msgs) StdoutLine: {'line': b'-- Up-to-date: /home/maizaied03/ros2_ws/install/px4_msgs/include/px4_msgs/px4_msgs/msg/detail/autotune_attitude_control_status__traits.hpp\n'}
[9.181306] (px4_msgs) StdoutLine: {'line': b'-- Up-to-date: /home/maizaied03/ros2_ws/install/px4_msgs/include/px4_msgs/px4_msgs/msg/detail/mavlink_tunnel__type_support.hpp\n'}
[9.181364] (px4_msgs) StdoutLine: {'line': b'-- Up-to-date: /home/maizaied03/ros2_ws/install/px4_msgs/include/px4_msgs/px4_msgs/msg/detail/rover_steering_setpoint__builder.hpp\n'}
[9.181424] (px4_msgs) StdoutLine: {'line': b'-- Up-to-date: /home/maizaied03/ros2_ws/install/px4_msgs/include/px4_msgs/px4_msgs/msg/detail/message_format_request__type_support.hpp\n'}
[9.181481] (px4_msgs) StdoutLine: {'line': b'-- Up-to-date: /home/maizaied03/ros2_ws/install/px4_msgs/include/px4_msgs/px4_msgs/msg/detail/debug_value__traits.hpp\n'}
[9.181541] (px4_msgs) StdoutLine: {'line': b'-- Up-to-date: /home/maizaied03/ros2_ws/install/px4_msgs/include/px4_msgs/px4_msgs/msg/detail/heater_status__builder.hpp\n'}
[9.181605] (px4_msgs) StdoutLine: {'line': b'-- Up-to-date: /home/maizaied03/ros2_ws/install/px4_msgs/include/px4_msgs/px4_msgs/msg/detail/autotune_attitude_control_status__type_support.hpp\n'}
[9.181675] (px4_msgs) StdoutLine: {'line': b'-- Up-to-date: /home/maizaied03/ros2_ws/install/px4_msgs/include/px4_msgs/px4_msgs/msg/detail/position_setpoint_triplet__traits.hpp\n'}
[9.181742] (px4_msgs) StdoutLine: {'line': b'-- Up-to-date: /home/maizaied03/ros2_ws/install/px4_msgs/include/px4_msgs/px4_msgs/msg/detail/sensor_hygrometer__type_support.hpp\n'}
[9.181804] (px4_msgs) StdoutLine: {'line': b'-- Up-to-date: /home/maizaied03/ros2_ws/install/px4_msgs/include/px4_msgs/px4_msgs/msg/detail/hover_thrust_estimate__traits.hpp\n'}
[9.181867] (px4_msgs) StdoutLine: {'line': b'-- Up-to-date: /home/maizaied03/ros2_ws/install/px4_msgs/include/px4_msgs/px4_msgs/msg/detail/pwm_input__builder.hpp\n'}
[9.181930] (px4_msgs) StdoutLine: {'line': b'-- Up-to-date: /home/maizaied03/ros2_ws/install/px4_msgs/include/px4_msgs/px4_msgs/msg/detail/sensors_status_imu__type_support.hpp\n'}
[9.181993] (px4_msgs) StdoutLine: {'line': b'-- Up-to-date: /home/maizaied03/ros2_ws/install/px4_msgs/include/px4_msgs/px4_msgs/msg/detail/vtx__traits.hpp\n'}
[9.182057] (px4_msgs) StdoutLine: {'line': b'-- Up-to-date: /home/maizaied03/ros2_ws/install/px4_msgs/include/px4_msgs/px4_msgs/msg/detail/position_setpoint_triplet__struct.hpp\n'}
[9.182128] (px4_msgs) StdoutLine: {'line': b'-- Up-to-date: /home/maizaied03/ros2_ws/install/px4_msgs/include/px4_msgs/px4_msgs/msg/detail/unregister_ext_component__struct.hpp\n'}
[9.182302] (px4_msgs) StdoutLine: {'line': b'-- Up-to-date: /home/maizaied03/ros2_ws/install/px4_msgs/include/px4_msgs/px4_msgs/msg/detail/estimator_bias__traits.hpp\n'}
[9.182388] (px4_msgs) StdoutLine: {'line': b'-- Up-to-date: /home/maizaied03/ros2_ws/install/px4_msgs/include/px4_msgs/px4_msgs/msg/detail/sensor_uwb__struct.hpp\n'}
[9.182461] (px4_msgs) StdoutLine: {'line': b'-- Up-to-date: /home/maizaied03/ros2_ws/install/px4_msgs/include/px4_msgs/px4_msgs/msg/detail/estimator_aid_source1d__traits.hpp\n'}
[9.182544] (px4_msgs) StdoutLine: {'line': b'-- Up-to-date: /home/maizaied03/ros2_ws/install/px4_msgs/include/px4_msgs/px4_msgs/msg/detail/normalized_unsigned_setpoint__builder.hpp\n'}
[9.182626] (px4_msgs) StdoutLine: {'line': b'-- Up-to-date: /home/maizaied03/ros2_ws/install/px4_msgs/include/px4_msgs/px4_msgs/msg/detail/health_report__type_support.hpp\n'}
[9.182705] (px4_msgs) StdoutLine: {'line': b'-- Up-to-date: /home/maizaied03/ros2_ws/install/px4_msgs/include/px4_msgs/px4_msgs/msg/detail/vehicle_roi__struct.hpp\n'}
[9.182776] (px4_msgs) StdoutLine: {'line': b'-- Up-to-date: /home/maizaied03/ros2_ws/install/px4_msgs/include/px4_msgs/px4_msgs/msg/detail/fixed_wing_runway_control__builder.hpp\n'}
[9.182847] (px4_msgs) StdoutLine: {'line': b'-- Up-to-date: /home/maizaied03/ros2_ws/install/px4_msgs/include/px4_msgs/px4_msgs/msg/detail/device_information__struct.hpp\n'}
[9.182913] (px4_msgs) StdoutLine: {'line': b'-- Up-to-date: /home/maizaied03/ros2_ws/install/px4_msgs/include/px4_msgs/px4_msgs/msg/detail/battery_status__builder.hpp\n'}
[9.182978] (px4_msgs) StdoutLine: {'line': b'-- Up-to-date: /home/maizaied03/ros2_ws/install/px4_msgs/include/px4_msgs/px4_msgs/msg/detail/sensor_gyro_fft__traits.hpp\n'}
[9.183038] (px4_msgs) StdoutLine: {'line': b'-- Up-to-date: /home/maizaied03/ros2_ws/install/px4_msgs/include/px4_msgs/px4_msgs/msg/detail/vehicle_torque_setpoint__builder.hpp\n'}
[9.183097] (px4_msgs) StdoutLine: {'line': b'-- Up-to-date: /home/maizaied03/ros2_ws/install/px4_msgs/include/px4_msgs/px4_msgs/msg/detail/position_setpoint__traits.hpp\n'}
[9.183157] (px4_msgs) StdoutLine: {'line': b'-- Up-to-date: /home/maizaied03/ros2_ws/install/px4_msgs/include/px4_msgs/px4_msgs/msg/detail/sensor_accel_fifo__builder.hpp\n'}
[9.183217] (px4_msgs) StdoutLine: {'line': b'-- Up-to-date: /home/maizaied03/ros2_ws/install/px4_msgs/include/px4_msgs/px4_msgs/msg/detail/estimator_states__builder.hpp\n'}
[9.183279] (px4_msgs) StdoutLine: {'line': b'-- Up-to-date: /home/maizaied03/ros2_ws/install/px4_msgs/include/px4_msgs/px4_msgs/msg/detail/sensor_uwb__type_support.hpp\n'}
[9.183344] (px4_msgs) StdoutLine: {'line': b'-- Up-to-date: /home/maizaied03/ros2_ws/install/px4_msgs/include/px4_msgs/px4_msgs/msg/detail/landing_target_innovations__type_support.hpp\n'}
[9.183459] (px4_msgs) StdoutLine: {'line': b'-- Up-to-date: /home/maizaied03/ros2_ws/install/px4_msgs/include/px4_msgs/px4_msgs/msg/detail/unregister_ext_component__type_support.hpp\n'}
[9.183525] (px4_msgs) StdoutLine: {'line': b'-- Up-to-date: /home/maizaied03/ros2_ws/install/px4_msgs/include/px4_msgs/px4_msgs/msg/detail/vehicle_imu__traits.hpp\n'}
[9.183594] (px4_msgs) StdoutLine: {'line': b'-- Up-to-date: /home/maizaied03/ros2_ws/install/px4_msgs/include/px4_msgs/px4_msgs/msg/detail/gpio_config__type_support.hpp\n'}
[9.183658] (px4_msgs) StdoutLine: {'line': b'-- Up-to-date: /home/maizaied03/ros2_ws/install/px4_msgs/include/px4_msgs/px4_msgs/msg/detail/lateral_control_configuration__struct.hpp\n'}
[9.183716] (px4_msgs) StdoutLine: {'line': b'-- Up-to-date: /home/maizaied03/ros2_ws/install/px4_msgs/include/px4_msgs/px4_msgs/msg/detail/goto_setpoint__traits.hpp\n'}
[9.183775] (px4_msgs) StdoutLine: {'line': b'-- Up-to-date: /home/maizaied03/ros2_ws/install/px4_msgs/include/px4_msgs/px4_msgs/msg/detail/battery_status__struct.hpp\n'}
[9.183839] (px4_msgs) StdoutLine: {'line': b'-- Up-to-date: /home/maizaied03/ros2_ws/install/px4_msgs/include/px4_msgs/px4_msgs/msg/detail/rover_speed_setpoint__builder.hpp\n'}
[9.183898] (px4_msgs) StdoutLine: {'line': b'-- Up-to-date: /home/maizaied03/ros2_ws/install/px4_msgs/include/px4_msgs/px4_msgs/msg/detail/airspeed_validated__traits.hpp\n'}
[9.183957] (px4_msgs) StdoutLine: {'line': b'-- Up-to-date: /home/maizaied03/ros2_ws/install/px4_msgs/include/px4_msgs/px4_msgs/msg/detail/button_event__traits.hpp\n'}
[9.184017] (px4_msgs) StdoutLine: {'line': b'-- Up-to-date: /home/maizaied03/ros2_ws/install/px4_msgs/include/px4_msgs/px4_msgs/msg/detail/yaw_estimator_status__traits.hpp\n'}
[9.184077] (px4_msgs) StdoutLine: {'line': b'-- Up-to-date: /home/maizaied03/ros2_ws/install/px4_msgs/include/px4_msgs/px4_msgs/msg/detail/mavlink_log__type_support.hpp\n'}
[9.184142] (px4_msgs) StdoutLine: {'line': b'-- Up-to-date: /home/maizaied03/ros2_ws/install/px4_msgs/include/px4_msgs/px4_msgs/msg/detail/parameter_set_value_request__builder.hpp\n'}
[9.184206] (px4_msgs) StdoutLine: {'line': b'-- Up-to-date: /home/maizaied03/ros2_ws/install/px4_msgs/include/px4_msgs/px4_msgs/msg/detail/longitudinal_control_configuration__builder.hpp\n'}
[9.184272] (px4_msgs) StdoutLine: {'line': b'-- Up-to-date: /home/maizaied03/ros2_ws/install/px4_msgs/include/px4_msgs/px4_msgs/msg/detail/mag_worker_data__type_support.hpp\n'}
[9.184338] (px4_msgs) StdoutLine: {'line': b'-- Up-to-date: /home/maizaied03/ros2_ws/install/px4_msgs/include/px4_msgs/px4_msgs/msg/detail/gimbal_device_information__traits.hpp\n'}
[9.184402] (px4_msgs) StdoutLine: {'line': b'-- Up-to-date: /home/maizaied03/ros2_ws/install/px4_msgs/include/px4_msgs/px4_msgs/msg/detail/device_information__builder.hpp\n'}
[9.184462] (px4_msgs) StdoutLine: {'line': b'-- Up-to-date: /home/maizaied03/ros2_ws/install/px4_msgs/include/px4_msgs/px4_msgs/msg/detail/failure_detector_status__type_support.hpp\n'}
[9.184528] (px4_msgs) StdoutLine: {'line': b'-- Up-to-date: /home/maizaied03/ros2_ws/install/px4_msgs/include/px4_msgs/px4_msgs/msg/detail/rover_attitude_status__type_support.hpp\n'}
[9.184597] (px4_msgs) StdoutLine: {'line': b'-- Up-to-date: /home/maizaied03/ros2_ws/install/px4_msgs/include/px4_msgs/px4_msgs/msg/detail/orb_test__type_support.hpp\n'}
[9.184674] (px4_msgs) StdoutLine: {'line': b'-- Up-to-date: /home/maizaied03/ros2_ws/install/px4_msgs/include/px4_msgs/px4_msgs/msg/detail/mission__builder.hpp\n'}
[9.184737] (px4_msgs) StdoutLine: {'line': b'-- Up-to-date: /home/maizaied03/ros2_ws/install/px4_msgs/include/px4_msgs/px4_msgs/msg/detail/position_controller_landing_status__type_support.hpp\n'}
[9.184811] (px4_msgs) StdoutLine: {'line': b'-- Up-to-date: /home/maizaied03/ros2_ws/install/px4_msgs/include/px4_msgs/px4_msgs/msg/detail/action_request__builder.hpp\n'}
[9.184887] (px4_msgs) StdoutLine: {'line': b'-- Up-to-date: /home/maizaied03/ros2_ws/install/px4_msgs/include/px4_msgs/px4_msgs/msg/detail/esc_report__type_support.hpp\n'}
[9.184967] (px4_msgs) StdoutLine: {'line': b'-- Up-to-date: /home/maizaied03/ros2_ws/install/px4_msgs/include/px4_msgs/px4_msgs/msg/detail/fixed_wing_lateral_setpoint__struct.hpp\n'}
[9.185040] (px4_msgs) StdoutLine: {'line': b'-- Up-to-date: /home/maizaied03/ros2_ws/install/px4_msgs/include/px4_msgs/px4_msgs/msg/detail/ekf2_timestamps__builder.hpp\n'}
[9.185116] (px4_msgs) StdoutLine: {'line': b'-- Up-to-date: /home/maizaied03/ros2_ws/install/px4_msgs/include/px4_msgs/px4_msgs/msg/detail/parameter_update__builder.hpp\n'}
[9.185193] (px4_msgs) StdoutLine: {'line': b'-- Up-to-date: /home/maizaied03/ros2_ws/install/px4_msgs/include/px4_msgs/px4_msgs/msg/detail/failsafe_flags__type_support.hpp\n'}
[9.185266] (px4_msgs) StdoutLine: {'line': b'-- Up-to-date: /home/maizaied03/ros2_ws/install/px4_msgs/include/px4_msgs/px4_msgs/msg/detail/gimbal_manager_status__struct.hpp\n'}
[9.185341] (px4_msgs) StdoutLine: {'line': b'-- Up-to-date: /home/maizaied03/ros2_ws/install/px4_msgs/include/px4_msgs/px4_msgs/msg/detail/estimator_bias3d__traits.hpp\n'}
[9.185419] (px4_msgs) StdoutLine: {'line': b'-- Up-to-date: /home/maizaied03/ros2_ws/install/px4_msgs/include/px4_msgs/px4_msgs/msg/detail/position_controller_status__struct.hpp\n'}
[9.185491] (px4_msgs) StdoutLine: {'line': b'-- Up-to-date: /home/maizaied03/ros2_ws/install/px4_msgs/include/px4_msgs/px4_msgs/msg/detail/follow_target__traits.hpp\n'}
[9.185542] (px4_msgs) StdoutLine: {'line': b'-- Up-to-date: /home/maizaied03/ros2_ws/install/px4_msgs/include/px4_msgs/px4_msgs/msg/detail/mag_worker_data__traits.hpp\n'}
[9.185583] (px4_msgs) StdoutLine: {'line': b'-- Up-to-date: /home/maizaied03/ros2_ws/install/px4_msgs/include/px4_msgs/px4_msgs/msg/detail/cpuload__builder.hpp\n'}
[9.185644] (px4_msgs) StdoutLine: {'line': b'-- Up-to-date: /home/maizaied03/ros2_ws/install/px4_msgs/include/px4_msgs/px4_msgs/msg/detail/airspeed_wind__type_support.hpp\n'}
[9.185686] (px4_msgs) StdoutLine: {'line': b'-- Up-to-date: /home/maizaied03/ros2_ws/install/px4_msgs/include/px4_msgs/px4_msgs/msg/detail/actuator_outputs__traits.hpp\n'}
[9.185726] (px4_msgs) StdoutLine: {'line': b'-- Up-to-date: /home/maizaied03/ros2_ws/install/px4_msgs/include/px4_msgs/px4_msgs/msg/detail/fixed_wing_runway_control__struct.hpp\n'}
[9.185765] (px4_msgs) StdoutLine: {'line': b'-- Up-to-date: /home/maizaied03/ros2_ws/install/px4_msgs/include/px4_msgs/px4_msgs/msg/detail/orb_test__traits.hpp\n'}
[9.185805] (px4_msgs) StdoutLine: {'line': b'-- Up-to-date: /home/maizaied03/ros2_ws/install/px4_msgs/include/px4_msgs/px4_msgs/msg/detail/vehicle_attitude_setpoint__struct.hpp\n'}
[9.185845] (px4_msgs) StdoutLine: {'line': b'-- Up-to-date: /home/maizaied03/ros2_ws/install/px4_msgs/include/px4_msgs/px4_msgs/msg/detail/sensors_status_imu__struct.hpp\n'}
[9.185886] (px4_msgs) StdoutLine: {'line': b'-- Up-to-date: /home/maizaied03/ros2_ws/install/px4_msgs/include/px4_msgs/px4_msgs/msg/detail/event__traits.hpp\n'}
[9.185932] (px4_msgs) StdoutLine: {'line': b'-- Up-to-date: /home/maizaied03/ros2_ws/install/px4_msgs/include/px4_msgs/px4_msgs/msg/detail/actuator_armed__traits.hpp\n'}
[9.185997] (px4_msgs) StdoutLine: {'line': b'-- Up-to-date: /home/maizaied03/ros2_ws/install/px4_msgs/include/px4_msgs/px4_msgs/msg/detail/esc_status__struct.hpp\n'}
[9.186066] (px4_msgs) StdoutLine: {'line': b'-- Up-to-date: /home/maizaied03/ros2_ws/install/px4_msgs/include/px4_msgs/px4_msgs/msg/detail/landing_gear_wheel__struct.hpp\n'}
[9.186150] (px4_msgs) StdoutLine: {'line': b'-- Up-to-date: /home/maizaied03/ros2_ws/install/px4_msgs/include/px4_msgs/px4_msgs/msg/detail/navigator_mission_item__type_support.hpp\n'}
[9.186210] (px4_msgs) StdoutLine: {'line': b'-- Up-to-date: /home/maizaied03/ros2_ws/install/px4_msgs/include/px4_msgs/px4_msgs/msg/detail/sensor_accel__builder.hpp\n'}
[9.186266] (px4_msgs) StdoutLine: {'line': b'-- Up-to-date: /home/maizaied03/ros2_ws/install/px4_msgs/include/px4_msgs/px4_msgs/msg/detail/offboard_control_mode__struct.hpp\n'}
[9.186324] (px4_msgs) StdoutLine: {'line': b'-- Up-to-date: /home/maizaied03/ros2_ws/install/px4_msgs/include/px4_msgs/px4_msgs/msg/detail/sensor_combined__builder.hpp\n'}
[9.186382] (px4_msgs) StdoutLine: {'line': b'-- Up-to-date: /home/maizaied03/ros2_ws/install/px4_msgs/include/px4_msgs/px4_msgs/msg/detail/estimator_innovations__traits.hpp\n'}
[9.186441] (px4_msgs) StdoutLine: {'line': b'-- Up-to-date: /home/maizaied03/ros2_ws/install/px4_msgs/include/px4_msgs/px4_msgs/msg/detail/rover_rate_status__traits.hpp\n'}
[9.186499] (px4_msgs) StdoutLine: {'line': b'-- Up-to-date: /home/maizaied03/ros2_ws/install/px4_msgs/include/px4_msgs/px4_msgs/msg/detail/tune_control__type_support.hpp\n'}
[9.186556] (px4_msgs) StdoutLine: {'line': b'-- Up-to-date: /home/maizaied03/ros2_ws/install/px4_msgs/include/px4_msgs/px4_msgs/msg/detail/tiltrotor_extra_controls__type_support.hpp\n'}
[9.186616] (px4_msgs) StdoutLine: {'line': b'-- Up-to-date: /home/maizaied03/ros2_ws/install/px4_msgs/include/px4_msgs/px4_msgs/msg/detail/actuator_controls_status__struct.hpp\n'}
[9.186682] (px4_msgs) StdoutLine: {'line': b'-- Up-to-date: /home/maizaied03/ros2_ws/install/px4_msgs/include/px4_msgs/px4_msgs/msg/detail/gimbal_device_set_attitude__builder.hpp\n'}
[9.186739] (px4_msgs) StdoutLine: {'line': b'-- Up-to-date: /home/maizaied03/ros2_ws/install/px4_msgs/include/px4_msgs/px4_msgs/msg/detail/gpio_in__builder.hpp\n'}
[9.186797] (px4_msgs) StdoutLine: {'line': b'-- Up-to-date: /home/maizaied03/ros2_ws/install/px4_msgs/include/px4_msgs/px4_msgs/msg/detail/rover_attitude_setpoint__type_support.hpp\n'}
[9.186859] (px4_msgs) StdoutLine: {'line': b'-- Up-to-date: /home/maizaied03/ros2_ws/install/px4_msgs/include/px4_msgs/px4_msgs/msg/detail/velocity_limits__struct.hpp\n'}
[9.186921] (px4_msgs) StdoutLine: {'line': b'-- Up-to-date: /home/maizaied03/ros2_ws/install/px4_msgs/include/px4_msgs/px4_msgs/msg/detail/vehicle_angular_acceleration_setpoint__type_support.hpp\n'}
[9.186976] (px4_msgs) StdoutLine: {'line': b'-- Up-to-date: /home/maizaied03/ros2_ws/install/px4_msgs/include/px4_msgs/px4_msgs/msg/detail/gpio_out__traits.hpp\n'}
[9.187032] (px4_msgs) StdoutLine: {'line': b'-- Up-to-date: /home/maizaied03/ros2_ws/install/px4_msgs/include/px4_msgs/px4_msgs/msg/detail/gimbal_device_attitude_status__builder.hpp\n'}
[9.187093] (px4_msgs) StdoutLine: {'line': b'-- Up-to-date: /home/maizaied03/ros2_ws/install/px4_msgs/include/px4_msgs/px4_msgs/msg/detail/collision_constraints__traits.hpp\n'}
[9.187154] (px4_msgs) StdoutLine: {'line': b'-- Up-to-date: /home/maizaied03/ros2_ws/install/px4_msgs/include/px4_msgs/px4_msgs/msg/detail/message_format_request__builder.hpp\n'}
[9.187216] (px4_msgs) StdoutLine: {'line': b'-- Up-to-date: /home/maizaied03/ros2_ws/install/px4_msgs/include/px4_msgs/px4_msgs/msg/detail/message_format_response__type_support.hpp\n'}
[9.187278] (px4_msgs) StdoutLine: {'line': b'-- Up-to-date: /home/maizaied03/ros2_ws/install/px4_msgs/include/px4_msgs/px4_msgs/msg/detail/action_request__type_support.hpp\n'}
[9.187344] (px4_msgs) StdoutLine: {'line': b'-- Up-to-date: /home/maizaied03/ros2_ws/install/px4_msgs/include/px4_msgs/px4_msgs/msg/detail/raptor_input__traits.hpp\n'}
[9.187402] (px4_msgs) StdoutLine: {'line': b'-- Up-to-date: /home/maizaied03/ros2_ws/install/px4_msgs/include/px4_msgs/px4_msgs/msg/detail/input_rc__builder.hpp\n'}
[9.187460] (px4_msgs) StdoutLine: {'line': b'-- Up-to-date: /home/maizaied03/ros2_ws/install/px4_msgs/include/px4_msgs/px4_msgs/msg/detail/obstacle_distance__builder.hpp\n'}
[9.187523] (px4_msgs) StdoutLine: {'line': b'-- Up-to-date: /home/maizaied03/ros2_ws/install/px4_msgs/include/px4_msgs/px4_msgs/msg/detail/sensor_airflow__builder.hpp\n'}
[9.187586] (px4_msgs) StdoutLine: {'line': b'-- Up-to-date: /home/maizaied03/ros2_ws/install/px4_msgs/include/px4_msgs/px4_msgs/msg/detail/fixed_wing_lateral_guidance_status__struct.hpp\n'}
[9.187657] (px4_msgs) StdoutLine: {'line': b'-- Up-to-date: /home/maizaied03/ros2_ws/install/px4_msgs/include/px4_msgs/px4_msgs/msg/detail/battery_info__type_support.hpp\n'}
[9.187719] (px4_msgs) StdoutLine: {'line': b'-- Up-to-date: /home/maizaied03/ros2_ws/install/px4_msgs/include/px4_msgs/px4_msgs/msg/detail/vehicle_imu_status__builder.hpp\n'}
[9.187780] (px4_msgs) StdoutLine: {'line': b'-- Up-to-date: /home/maizaied03/ros2_ws/install/px4_msgs/include/px4_msgs/px4_msgs/msg/detail/uavcan_parameter_request__type_support.hpp\n'}
[9.187840] (px4_msgs) StdoutLine: {'line': b'-- Up-to-date: /home/maizaied03/ros2_ws/install/px4_msgs/include/px4_msgs/px4_msgs/msg/detail/transponder_report__type_support.hpp\n'}
[9.187896] (px4_msgs) StdoutLine: {'line': b'-- Up-to-date: /home/maizaied03/ros2_ws/install/px4_msgs/include/px4_msgs/px4_msgs/msg/detail/figure_eight_status__struct.hpp\n'}
[9.187955] (px4_msgs) StdoutLine: {'line': b'-- Up-to-date: /home/maizaied03/ros2_ws/install/px4_msgs/include/px4_msgs/px4_msgs/msg/detail/failsafe_flags__struct.hpp\n'}
[9.188017] (px4_msgs) StdoutLine: {'line': b'-- Up-to-date: /home/maizaied03/ros2_ws/install/px4_msgs/include/px4_msgs/px4_msgs/msg/detail/sensor_gyro_fifo__struct.hpp\n'}
[9.188079] (px4_msgs) StdoutLine: {'line': b'-- Up-to-date: /home/maizaied03/ros2_ws/install/px4_msgs/include/px4_msgs/px4_msgs/msg/detail/debug_array__builder.hpp\n'}
[9.188151] (px4_msgs) StdoutLine: {'line': b'-- Up-to-date: /home/maizaied03/ros2_ws/install/px4_msgs/include/px4_msgs/px4_msgs/msg/detail/estimator_gps_status__builder.hpp\n'}
[9.188241] (px4_msgs) StdoutLine: {'line': b'-- Up-to-date: /home/maizaied03/ros2_ws/install/px4_msgs/include/px4_msgs/px4_msgs/msg/detail/debug_key_value__struct.hpp\n'}
[9.188331] (px4_msgs) StdoutLine: {'line': b'-- Up-to-date: /home/maizaied03/ros2_ws/install/px4_msgs/include/px4_msgs/px4_msgs/msg/detail/qshell_req__traits.hpp\n'}
[9.188428] (px4_msgs) StdoutLine: {'line': b'-- Up-to-date: /home/maizaied03/ros2_ws/install/px4_msgs/include/px4_msgs/px4_msgs/msg/detail/register_ext_component_reply__builder.hpp\n'}
[9.188514] (px4_msgs) StdoutLine: {'line': b'-- Up-to-date: /home/maizaied03/ros2_ws/install/px4_msgs/include/px4_msgs/px4_msgs/msg/detail/sensor_gyro__type_support.hpp\n'}
[9.188607] (px4_msgs) StdoutLine: {'line': b'-- Up-to-date: /home/maizaied03/ros2_ws/install/px4_msgs/include/px4_msgs/px4_msgs/msg/detail/mission__struct.hpp\n'}
[9.188710] (px4_msgs) StdoutLine: {'line': b'-- Up-to-date: /home/maizaied03/ros2_ws/install/px4_msgs/include/px4_msgs/px4_msgs/msg/detail/gimbal_manager_status__traits.hpp\n'}
[9.188800] (px4_msgs) StdoutLine: {'line': b'-- Up-to-date: /home/maizaied03/ros2_ws/install/px4_msgs/include/px4_msgs/px4_msgs/msg/detail/rate_ctrl_status__builder.hpp\n'}
[9.188898] (px4_msgs) StdoutLine: {'line': b'-- Up-to-date: /home/maizaied03/ros2_ws/install/px4_msgs/include/px4_msgs/px4_msgs/msg/detail/open_drone_id_arm_status__struct.hpp\n'}
[9.188960] (px4_msgs) StdoutLine: {'line': b'-- Up-to-date: /home/maizaied03/ros2_ws/install/px4_msgs/include/px4_msgs/px4_msgs/msg/detail/rover_position_setpoint__traits.hpp\n'}
[9.189019] (px4_msgs) StdoutLine: {'line': b'-- Up-to-date: /home/maizaied03/ros2_ws/install/px4_msgs/include/px4_msgs/px4_msgs/msg/detail/fixed_wing_longitudinal_setpoint__type_support.hpp\n'}
[9.189086] (px4_msgs) StdoutLine: {'line': b'-- Up-to-date: /home/maizaied03/ros2_ws/install/px4_msgs/include/px4_msgs/px4_msgs/msg/detail/actuator_servos_trim__traits.hpp\n'}
[9.189155] (px4_msgs) StdoutLine: {'line': b'-- Up-to-date: /home/maizaied03/ros2_ws/install/px4_msgs/include/px4_msgs/px4_msgs/msg/detail/fixed_wing_runway_control__traits.hpp\n'}
[9.189220] (px4_msgs) StdoutLine: {'line': b'-- Up-to-date: /home/maizaied03/ros2_ws/install/px4_msgs/include/px4_msgs/px4_msgs/msg/detail/estimator_aid_source3d__builder.hpp\n'}
[9.189283] (px4_msgs) StdoutLine: {'line': b'-- Up-to-date: /home/maizaied03/ros2_ws/install/px4_msgs/include/px4_msgs/px4_msgs/msg/detail/differential_pressure__type_support.hpp\n'}
[9.189344] (px4_msgs) StdoutLine: {'line': b'-- Up-to-date: /home/maizaied03/ros2_ws/install/px4_msgs/include/px4_msgs/px4_msgs/msg/detail/dataman_request__type_support.hpp\n'}
[9.189407] (px4_msgs) StdoutLine: {'line': b'-- Up-to-date: /home/maizaied03/ros2_ws/install/px4_msgs/include/px4_msgs/px4_msgs/msg/detail/landing_target_pose__traits.hpp\n'}
[9.189467] (px4_msgs) StdoutLine: {'line': b'-- Up-to-date: /home/maizaied03/ros2_ws/install/px4_msgs/include/px4_msgs/px4_msgs/msg/detail/mission__type_support.hpp\n'}
[9.189529] (px4_msgs) StdoutLine: {'line': b'-- Up-to-date: /home/maizaied03/ros2_ws/install/px4_msgs/include/px4_msgs/px4_msgs/msg/detail/distance_sensor_mode_change_request__struct.hpp\n'}
[9.189598] (px4_msgs) StdoutLine: {'line': b'-- Up-to-date: /home/maizaied03/ros2_ws/install/px4_msgs/include/px4_msgs/px4_msgs/msg/detail/fixed_wing_lateral_status__type_support.hpp\n'}
[9.189669] (px4_msgs) StdoutLine: {'line': b'-- Up-to-date: /home/maizaied03/ros2_ws/install/px4_msgs/include/px4_msgs/px4_msgs/msg/detail/mavlink_log__traits.hpp\n'}
[9.189731] (px4_msgs) StdoutLine: {'line': b'-- Up-to-date: /home/maizaied03/ros2_ws/install/px4_msgs/include/px4_msgs/px4_msgs/msg/detail/vehicle_angular_velocity__traits.hpp\n'}
[9.189797] (px4_msgs) StdoutLine: {'line': b'-- Up-to-date: /home/maizaied03/ros2_ws/install/px4_msgs/include/px4_msgs/px4_msgs/msg/detail/distance_sensor_mode_change_request__type_support.hpp\n'}
[9.189853] (px4_msgs) StdoutLine: {'line': b'-- Up-to-date: /home/maizaied03/ros2_ws/install/px4_msgs/include/px4_msgs/px4_msgs/msg/detail/power_monitor__struct.hpp\n'}
[9.189911] (px4_msgs) StdoutLine: {'line': b'-- Up-to-date: /home/maizaied03/ros2_ws/install/px4_msgs/include/px4_msgs/px4_msgs/msg/detail/ping__struct.hpp\n'}
[9.189967] (px4_msgs) StdoutLine: {'line': b'-- Up-to-date: /home/maizaied03/ros2_ws/install/px4_msgs/include/px4_msgs/px4_msgs/msg/detail/landing_gear__traits.hpp\n'}
[9.190023] (px4_msgs) StdoutLine: {'line': b'-- Up-to-date: /home/maizaied03/ros2_ws/install/px4_msgs/include/px4_msgs/px4_msgs/msg/detail/collision_constraints__builder.hpp\n'}
[9.190080] (px4_msgs) StdoutLine: {'line': b'-- Up-to-date: /home/maizaied03/ros2_ws/install/px4_msgs/include/px4_msgs/px4_msgs/msg/detail/gimbal_device_set_attitude__struct.hpp\n'}
[9.190138] (px4_msgs) StdoutLine: {'line': b'-- Up-to-date: /home/maizaied03/ros2_ws/install/px4_msgs/include/px4_msgs/px4_msgs/msg/detail/gripper__traits.hpp\n'}
[9.190197] (px4_msgs) StdoutLine: {'line': b'-- Up-to-date: /home/maizaied03/ros2_ws/install/px4_msgs/include/px4_msgs/px4_msgs/msg/detail/vehicle_command_ack__builder.hpp\n'}
[9.190253] (px4_msgs) StdoutLine: {'line': b'-- Up-to-date: /home/maizaied03/ros2_ws/install/px4_msgs/include/px4_msgs/px4_msgs/msg/detail/ulog_stream_ack__struct.hpp\n'}
[9.190308] (px4_msgs) StdoutLine: {'line': b'-- Up-to-date: /home/maizaied03/ros2_ws/install/px4_msgs/include/px4_msgs/px4_msgs/msg/detail/vehicle_rates_setpoint__traits.hpp\n'}
[9.190367] (px4_msgs) StdoutLine: {'line': b'-- Up-to-date: /home/maizaied03/ros2_ws/install/px4_msgs/include/px4_msgs/px4_msgs/msg/detail/battery_status__type_support.hpp\n'}
[9.190439] (px4_msgs) StdoutLine: {'line': b'-- Up-to-date: /home/maizaied03/ros2_ws/install/px4_msgs/include/px4_msgs/px4_msgs/msg/detail/sensor_gyro__struct.hpp\n'}
[9.190499] (px4_msgs) StdoutLine: {'line': b'-- Up-to-date: /home/maizaied03/ros2_ws/install/px4_msgs/include/px4_msgs/px4_msgs/msg/detail/parameter_set_value_request__struct.hpp\n'}
[9.190552] (px4_msgs) StdoutLine: {'line': b'-- Up-to-date: /home/maizaied03/ros2_ws/install/px4_msgs/include/px4_msgs/px4_msgs/msg/detail/home_position__builder.hpp\n'}
[9.190618] (px4_msgs) StdoutLine: {'line': b'-- Up-to-date: /home/maizaied03/ros2_ws/install/px4_msgs/include/px4_msgs/px4_msgs/msg/detail/register_ext_component_reply__struct.hpp\n'}
[9.190678] (px4_msgs) StdoutLine: {'line': b'-- Up-to-date: /home/maizaied03/ros2_ws/install/px4_msgs/include/px4_msgs/px4_msgs/msg/detail/gimbal_manager_status__type_support.hpp\n'}
[9.190738] (px4_msgs) StdoutLine: {'line': b'-- Up-to-date: /home/maizaied03/ros2_ws/install/px4_msgs/include/px4_msgs/px4_msgs/msg/detail/landing_gear__type_support.hpp\n'}
[9.190796] (px4_msgs) StdoutLine: {'line': b'-- Up-to-date: /home/maizaied03/ros2_ws/install/px4_msgs/include/px4_msgs/px4_msgs/msg/detail/adc_report__struct.hpp\n'}
[9.190878] (px4_msgs) StdoutLine: {'line': b'-- Up-to-date: /home/maizaied03/ros2_ws/install/px4_msgs/include/px4_msgs/px4_msgs/msg/detail/follow_target_estimator__type_support.hpp\n'}
[9.190947] (px4_msgs) StdoutLine: {'line': b'-- Up-to-date: /home/maizaied03/ros2_ws/install/px4_msgs/include/px4_msgs/px4_msgs/msg/detail/mount_orientation__type_support.hpp\n'}
[9.191014] (px4_msgs) StdoutLine: {'line': b'-- Up-to-date: /home/maizaied03/ros2_ws/install/px4_msgs/include/px4_msgs/px4_msgs/msg/detail/power_monitor__traits.hpp\n'}
[9.191082] (px4_msgs) StdoutLine: {'line': b'-- Up-to-date: /home/maizaied03/ros2_ws/install/px4_msgs/include/px4_msgs/px4_msgs/msg/detail/raptor_status__struct.hpp\n'}
[9.191151] (px4_msgs) StdoutLine: {'line': b'-- Up-to-date: /home/maizaied03/ros2_ws/install/px4_msgs/include/px4_msgs/px4_msgs/msg/detail/rover_speed_setpoint__struct.hpp\n'}
[9.191224] (px4_msgs) StdoutLine: {'line': b'-- Up-to-date: /home/maizaied03/ros2_ws/install/px4_msgs/include/px4_msgs/px4_msgs/msg/detail/parameter_set_used_request__type_support.hpp\n'}
[9.191296] (px4_msgs) StdoutLine: {'line': b'-- Up-to-date: /home/maizaied03/ros2_ws/install/px4_msgs/include/px4_msgs/px4_msgs/msg/detail/led_control__struct.hpp\n'}
[9.191363] (px4_msgs) StdoutLine: {'line': b'-- Up-to-date: /home/maizaied03/ros2_ws/install/px4_msgs/include/px4_msgs/px4_msgs/msg/detail/vehicle_rates_setpoint__type_support.hpp\n'}
[9.191431] (px4_msgs) StdoutLine: {'line': b'-- Up-to-date: /home/maizaied03/ros2_ws/install/px4_msgs/include/px4_msgs/px4_msgs/msg/detail/fixed_wing_longitudinal_setpoint__builder.hpp\n'}
[9.191498] (px4_msgs) StdoutLine: {'line': b'-- Up-to-date: /home/maizaied03/ros2_ws/install/px4_msgs/include/px4_msgs/px4_msgs/msg/detail/register_ext_component_request__struct.hpp\n'}
[9.191566] (px4_msgs) StdoutLine: {'line': b'-- Up-to-date: /home/maizaied03/ros2_ws/install/px4_msgs/include/px4_msgs/px4_msgs/msg/detail/hover_thrust_estimate__builder.hpp\n'}
[9.191649] (px4_msgs) StdoutLine: {'line': b'-- Up-to-date: /home/maizaied03/ros2_ws/install/px4_msgs/include/px4_msgs/px4_msgs/msg/detail/launch_detection_status__traits.hpp\n'}
[9.191723] (px4_msgs) StdoutLine: {'line': b'-- Up-to-date: /home/maizaied03/ros2_ws/install/px4_msgs/include/px4_msgs/px4_msgs/msg/detail/geofence_status__type_support.hpp\n'}
[9.191798] (px4_msgs) StdoutLine: {'line': b'-- Up-to-date: /home/maizaied03/ros2_ws/install/px4_msgs/include/px4_msgs/px4_msgs/msg/detail/sensors_status_imu__traits.hpp\n'}
[9.191876] (px4_msgs) StdoutLine: {'line': b'-- Up-to-date: /home/maizaied03/ros2_ws/install/px4_msgs/include/px4_msgs/px4_msgs/msg/detail/sensor_gnss_status__traits.hpp\n'}
[9.191947] (px4_msgs) StdoutLine: {'line': b'-- Up-to-date: /home/maizaied03/ros2_ws/install/px4_msgs/include/px4_msgs/px4_msgs/msg/detail/ping__traits.hpp\n'}
[9.192020] (px4_msgs) StdoutLine: {'line': b'-- Up-to-date: /home/maizaied03/ros2_ws/install/px4_msgs/include/px4_msgs/px4_msgs/msg/detail/px4io_status__struct.hpp\n'}
[9.192100] (px4_msgs) StdoutLine: {'line': b'-- Up-to-date: /home/maizaied03/ros2_ws/install/px4_msgs/include/px4_msgs/px4_msgs/msg/detail/yaw_estimator_status__struct.hpp\n'}
[9.192178] (px4_msgs) StdoutLine: {'line': b'-- Up-to-date: /home/maizaied03/ros2_ws/install/px4_msgs/include/px4_msgs/px4_msgs/msg/detail/debug_value__builder.hpp\n'}
[9.192232] (px4_msgs) StdoutLine: {'line': b'-- Up-to-date: /home/maizaied03/ros2_ws/install/px4_msgs/include/px4_msgs/px4_msgs/msg/detail/gpio_config__traits.hpp\n'}
[9.192274] (px4_msgs) StdoutLine: {'line': b'-- Up-to-date: /home/maizaied03/ros2_ws/install/px4_msgs/include/px4_msgs/px4_msgs/msg/detail/rover_position_setpoint__type_support.hpp\n'}
[9.192307] (px4_msgs) StdoutLine: {'line': b'-- Up-to-date: /home/maizaied03/ros2_ws/install/px4_msgs/include/px4_msgs/px4_msgs/msg/detail/open_drone_id_system__traits.hpp\n'}
[9.192339] (px4_msgs) StdoutLine: {'line': b'-- Up-to-date: /home/maizaied03/ros2_ws/install/px4_msgs/include/px4_msgs/px4_msgs/msg/detail/parameter_set_used_request__struct.hpp\n'}
[9.192374] (px4_msgs) StdoutLine: {'line': b'-- Up-to-date: /home/maizaied03/ros2_ws/install/px4_msgs/include/px4_msgs/px4_msgs/msg/detail/vehicle_acceleration__type_support.hpp\n'}
[9.192405] (px4_msgs) StdoutLine: {'line': b'-- Up-to-date: /home/maizaied03/ros2_ws/install/px4_msgs/include/px4_msgs/px4_msgs/msg/detail/mavlink_tunnel__builder.hpp\n'}
[9.192436] (px4_msgs) StdoutLine: {'line': b'-- Up-to-date: /home/maizaied03/ros2_ws/install/px4_msgs/include/px4_msgs/px4_msgs/msg/detail/geofence_result__struct.hpp\n'}
[9.192468] (px4_msgs) StdoutLine: {'line': b'-- Up-to-date: /home/maizaied03/ros2_ws/install/px4_msgs/include/px4_msgs/px4_msgs/msg/detail/failure_detector_status__builder.hpp\n'}
[9.192498] (px4_msgs) StdoutLine: {'line': b'-- Up-to-date: /home/maizaied03/ros2_ws/install/px4_msgs/include/px4_msgs/px4_msgs/msg/detail/dronecan_node_status__builder.hpp\n'}
[9.192529] (px4_msgs) StdoutLine: {'line': b'-- Up-to-date: /home/maizaied03/ros2_ws/install/px4_msgs/include/px4_msgs/px4_msgs/msg/detail/ulog_stream_ack__traits.hpp\n'}
[9.192560] (px4_msgs) StdoutLine: {'line': b'-- Up-to-date: /home/maizaied03/ros2_ws/install/px4_msgs/include/px4_msgs/px4_msgs/msg/detail/logger_status__traits.hpp\n'}
[9.192597] (px4_msgs) StdoutLine: {'line': b'-- Up-to-date: /home/maizaied03/ros2_ws/install/px4_msgs/include/px4_msgs/px4_msgs/msg/detail/estimator_gps_status__type_support.hpp\n'}
[9.192636] (px4_msgs) StdoutLine: {'line': b'-- Up-to-date: /home/maizaied03/ros2_ws/install/px4_msgs/include/px4_msgs/px4_msgs/msg/detail/position_controller_status__builder.hpp\n'}
[9.192687] (px4_msgs) StdoutLine: {'line': b'-- Up-to-date: /home/maizaied03/ros2_ws/install/px4_msgs/include/px4_msgs/px4_msgs/msg/detail/estimator_event_flags__traits.hpp\n'}
[9.192739] (px4_msgs) StdoutLine: {'line': b'-- Up-to-date: /home/maizaied03/ros2_ws/install/px4_msgs/include/px4_msgs/px4_msgs/msg/detail/power_monitor__type_support.hpp\n'}
[9.192793] (px4_msgs) StdoutLine: {'line': b'-- Up-to-date: /home/maizaied03/ros2_ws/install/px4_msgs/include/px4_msgs/px4_msgs/msg/detail/sensor_correction__struct.hpp\n'}
[9.192852] (px4_msgs) StdoutLine: {'line': b'-- Up-to-date: /home/maizaied03/ros2_ws/install/px4_msgs/include/px4_msgs/px4_msgs/msg/detail/gimbal_device_information__type_support.hpp\n'}
[9.192910] (px4_msgs) StdoutLine: {'line': b'-- Up-to-date: /home/maizaied03/ros2_ws/install/px4_msgs/include/px4_msgs/px4_msgs/msg/detail/gpio_request__type_support.hpp\n'}
[9.192967] (px4_msgs) StdoutLine: {'line': b'-- Up-to-date: /home/maizaied03/ros2_ws/install/px4_msgs/include/px4_msgs/px4_msgs/msg/detail/orbit_status__type_support.hpp\n'}
[9.193022] (px4_msgs) StdoutLine: {'line': b'-- Up-to-date: /home/maizaied03/ros2_ws/install/px4_msgs/include/px4_msgs/px4_msgs/msg/detail/rtl_status__builder.hpp\n'}
[9.193075] (px4_msgs) StdoutLine: {'line': b'-- Up-to-date: /home/maizaied03/ros2_ws/install/px4_msgs/include/px4_msgs/px4_msgs/msg/detail/gimbal_manager_information__struct.hpp\n'}
[9.193133] (px4_msgs) StdoutLine: {'line': b'-- Up-to-date: /home/maizaied03/ros2_ws/install/px4_msgs/include/px4_msgs/px4_msgs/msg/detail/system_power__traits.hpp\n'}
[9.193189] (px4_msgs) StdoutLine: {'line': b'-- Up-to-date: /home/maizaied03/ros2_ws/install/px4_msgs/include/px4_msgs/px4_msgs/msg/detail/irlock_report__builder.hpp\n'}
[9.193249] (px4_msgs) StdoutLine: {'line': b'-- Up-to-date: /home/maizaied03/ros2_ws/install/px4_msgs/include/px4_msgs/px4_msgs/msg/detail/estimator_innovations__type_support.hpp\n'}
[9.193308] (px4_msgs) StdoutLine: {'line': b'-- Up-to-date: /home/maizaied03/ros2_ws/install/px4_msgs/include/px4_msgs/px4_msgs/msg/detail/rover_throttle_setpoint__struct.hpp\n'}
[9.193365] (px4_msgs) StdoutLine: {'line': b'-- Up-to-date: /home/maizaied03/ros2_ws/install/px4_msgs/include/px4_msgs/px4_msgs/msg/detail/pps_capture__traits.hpp\n'}
[9.193421] (px4_msgs) StdoutLine: {'line': b'-- Up-to-date: /home/maizaied03/ros2_ws/install/px4_msgs/include/px4_msgs/px4_msgs/msg/detail/heater_status__type_support.hpp\n'}
[9.193484] (px4_msgs) StdoutLine: {'line': b'-- Up-to-date: /home/maizaied03/ros2_ws/install/px4_msgs/include/px4_msgs/px4_msgs/msg/detail/vehicle_local_position__type_support.hpp\n'}
[9.193542] (px4_msgs) StdoutLine: {'line': b'-- Up-to-date: /home/maizaied03/ros2_ws/install/px4_msgs/include/px4_msgs/px4_msgs/msg/detail/gpio_in__traits.hpp\n'}
[9.193603] (px4_msgs) StdoutLine: {'line': b'-- Up-to-date: /home/maizaied03/ros2_ws/install/px4_msgs/include/px4_msgs/px4_msgs/msg/detail/actuator_test__struct.hpp\n'}
[9.193662] (px4_msgs) StdoutLine: {'line': b'-- Up-to-date: /home/maizaied03/ros2_ws/install/px4_msgs/include/px4_msgs/px4_msgs/msg/detail/vehicle_land_detected__traits.hpp\n'}
[9.193721] (px4_msgs) StdoutLine: {'line': b'-- Up-to-date: /home/maizaied03/ros2_ws/install/px4_msgs/include/px4_msgs/px4_msgs/msg/detail/control_allocator_status__traits.hpp\n'}
[9.193818] (px4_msgs) StdoutLine: {'line': b'-- Up-to-date: /home/maizaied03/ros2_ws/install/px4_msgs/include/px4_msgs/px4_msgs/msg/detail/internal_combustion_engine_status__builder.hpp\n'}
[9.193923] (px4_msgs) StdoutLine: {'line': b'-- Up-to-date: /home/maizaied03/ros2_ws/install/px4_msgs/include/px4_msgs/px4_msgs/msg/detail/vehicle_optical_flow_vel__type_support.hpp\n'}
[9.194039] (px4_msgs) StdoutLine: {'line': b'-- Up-to-date: /home/maizaied03/ros2_ws/install/px4_msgs/include/px4_msgs/px4_msgs/msg/detail/generator_status__builder.hpp\n'}
[9.194160] (px4_msgs) StdoutLine: {'line': b'-- Up-to-date: /home/maizaied03/ros2_ws/install/px4_msgs/include/px4_msgs/px4_msgs/msg/detail/geofence_status__traits.hpp\n'}
[9.194272] (px4_msgs) StdoutLine: {'line': b'-- Up-to-date: /home/maizaied03/ros2_ws/install/px4_msgs/include/px4_msgs/px4_msgs/msg/detail/rover_speed_status__builder.hpp\n'}
[9.194381] (px4_msgs) StdoutLine: {'line': b'-- Up-to-date: /home/maizaied03/ros2_ws/install/px4_msgs/include/px4_msgs/px4_msgs/msg/detail/rover_rate_status__builder.hpp\n'}
[9.194489] (px4_msgs) StdoutLine: {'line': b'-- Up-to-date: /home/maizaied03/ros2_ws/install/px4_msgs/include/px4_msgs/px4_msgs/msg/detail/failsafe_flags__traits.hpp\n'}
[9.194603] (px4_msgs) StdoutLine: {'line': b'-- Up-to-date: /home/maizaied03/ros2_ws/install/px4_msgs/include/px4_msgs/px4_msgs/msg/detail/sensor_airflow__traits.hpp\n'}
[9.194723] (px4_msgs) StdoutLine: {'line': b'-- Up-to-date: /home/maizaied03/ros2_ws/install/px4_msgs/include/px4_msgs/px4_msgs/msg/detail/dronecan_node_status__type_support.hpp\n'}
[9.194831] (px4_msgs) StdoutLine: {'line': b'-- Up-to-date: /home/maizaied03/ros2_ws/install/px4_msgs/include/px4_msgs/px4_msgs/msg/detail/navigator_mission_item__struct.hpp\n'}
[9.194935] (px4_msgs) StdoutLine: {'line': b'-- Up-to-date: /home/maizaied03/ros2_ws/install/px4_msgs/include/px4_msgs/px4_msgs/msg/detail/manual_control_setpoint__struct.hpp\n'}
[9.194994] (px4_msgs) StdoutLine: {'line': b'-- Up-to-date: /home/maizaied03/ros2_ws/install/px4_msgs/include/px4_msgs/px4_msgs/msg/detail/camera_status__struct.hpp\n'}
[9.195053] (px4_msgs) StdoutLine: {'line': b'-- Up-to-date: /home/maizaied03/ros2_ws/install/px4_msgs/include/px4_msgs/px4_msgs/msg/detail/rtl_time_estimate__struct.hpp\n'}
[9.195115] (px4_msgs) StdoutLine: {'line': b'-- Up-to-date: /home/maizaied03/ros2_ws/install/px4_msgs/include/px4_msgs/px4_msgs/msg/detail/generator_status__type_support.hpp\n'}
[9.195176] (px4_msgs) StdoutLine: {'line': b'-- Up-to-date: /home/maizaied03/ros2_ws/install/px4_msgs/include/px4_msgs/px4_msgs/msg/detail/sensor_temp__builder.hpp\n'}
[9.195229] (px4_msgs) StdoutLine: {'line': b'-- Up-to-date: /home/maizaied03/ros2_ws/install/px4_msgs/include/px4_msgs/px4_msgs/msg/detail/position_setpoint_triplet__type_support.hpp\n'}
[9.195290] (px4_msgs) StdoutLine: {'line': b'-- Up-to-date: /home/maizaied03/ros2_ws/install/px4_msgs/include/px4_msgs/px4_msgs/msg/detail/task_stack_info__type_support.hpp\n'}
[9.195345] (px4_msgs) StdoutLine: {'line': b'-- Up-to-date: /home/maizaied03/ros2_ws/install/px4_msgs/include/px4_msgs/px4_msgs/msg/detail/vtol_vehicle_status__struct.hpp\n'}
[9.195399] (px4_msgs) StdoutLine: {'line': b'-- Up-to-date: /home/maizaied03/ros2_ws/install/px4_msgs/include/px4_msgs/px4_msgs/msg/detail/failure_detector_status__struct.hpp\n'}
[9.195449] (px4_msgs) StdoutLine: {'line': b'-- Up-to-date: /home/maizaied03/ros2_ws/install/px4_msgs/include/px4_msgs/px4_msgs/msg/detail/rover_steering_setpoint__struct.hpp\n'}
[9.195504] (px4_msgs) StdoutLine: {'line': b'-- Up-to-date: /home/maizaied03/ros2_ws/install/px4_msgs/include/px4_msgs/px4_msgs/msg/detail/sensors_status__traits.hpp\n'}
[9.195559] (px4_msgs) StdoutLine: {'line': b'-- Up-to-date: /home/maizaied03/ros2_ws/install/px4_msgs/include/px4_msgs/px4_msgs/msg/detail/arming_check_request__builder.hpp\n'}
[9.195789] (px4_msgs) StdoutLine: {'line': b'-- Up-to-date: /home/maizaied03/ros2_ws/install/px4_msgs/include/px4_msgs/px4_msgs/msg/detail/manual_control_switches__type_support.hpp\n'}
[9.195855] (px4_msgs) StdoutLine: {'line': b'-- Up-to-date: /home/maizaied03/ros2_ws/install/px4_msgs/include/px4_msgs/px4_msgs/msg/detail/onboard_computer_status__struct.hpp\n'}
[9.195910] (px4_msgs) StdoutLine: {'line': b'-- Up-to-date: /home/maizaied03/ros2_ws/install/px4_msgs/include/px4_msgs/px4_msgs/msg/detail/gimbal_device_attitude_status__type_support.hpp\n'}
[9.195964] (px4_msgs) StdoutLine: {'line': b'-- Up-to-date: /home/maizaied03/ros2_ws/install/px4_msgs/include/px4_msgs/px4_msgs/msg/detail/message_format_response__builder.hpp\n'}
[9.196013] (px4_msgs) StdoutLine: {'line': b'-- Up-to-date: /home/maizaied03/ros2_ws/install/px4_msgs/include/px4_msgs/px4_msgs/msg/detail/position_controller_status__traits.hpp\n'}
[9.196067] (px4_msgs) StdoutLine: {'line': b'-- Up-to-date: /home/maizaied03/ros2_ws/install/px4_msgs/include/px4_msgs/px4_msgs/msg/detail/irlock_report__type_support.hpp\n'}
[9.196121] (px4_msgs) StdoutLine: {'line': b'-- Up-to-date: /home/maizaied03/ros2_ws/install/px4_msgs/include/px4_msgs/px4_msgs/msg/detail/fixed_wing_lateral_status__builder.hpp\n'}
[9.196176] (px4_msgs) StdoutLine: {'line': b'-- Up-to-date: /home/maizaied03/ros2_ws/install/px4_msgs/include/px4_msgs/px4_msgs/msg/detail/ping__type_support.hpp\n'}
[9.196229] (px4_msgs) StdoutLine: {'line': b'-- Up-to-date: /home/maizaied03/ros2_ws/install/px4_msgs/include/px4_msgs/px4_msgs/msg/detail/can_interface_status__builder.hpp\n'}
[9.196282] (px4_msgs) StdoutLine: {'line': b'-- Up-to-date: /home/maizaied03/ros2_ws/install/px4_msgs/include/px4_msgs/px4_msgs/msg/detail/orb_test_medium__type_support.hpp\n'}
[9.196340] (px4_msgs) StdoutLine: {'line': b'-- Up-to-date: /home/maizaied03/ros2_ws/install/px4_msgs/include/px4_msgs/px4_msgs/msg/detail/power_monitor__builder.hpp\n'}
[9.196400] (px4_msgs) StdoutLine: {'line': b'-- Up-to-date: /home/maizaied03/ros2_ws/install/px4_msgs/include/px4_msgs/px4_msgs/msg/detail/open_drone_id_arm_status__type_support.hpp\n'}
[9.196459] (px4_msgs) StdoutLine: {'line': b'-- Up-to-date: /home/maizaied03/ros2_ws/install/px4_msgs/include/px4_msgs/px4_msgs/msg/detail/gpio_config__struct.hpp\n'}
[9.196516] (px4_msgs) StdoutLine: {'line': b'-- Up-to-date: /home/maizaied03/ros2_ws/install/px4_msgs/include/px4_msgs/px4_msgs/msg/detail/airspeed_validated__builder.hpp\n'}
[9.196574] (px4_msgs) StdoutLine: {'line': b'-- Up-to-date: /home/maizaied03/ros2_ws/install/px4_msgs/include/px4_msgs/px4_msgs/msg/detail/vehicle_attitude__type_support.hpp\n'}
[9.196638] (px4_msgs) StdoutLine: {'line': b'-- Up-to-date: /home/maizaied03/ros2_ws/install/px4_msgs/include/px4_msgs/px4_msgs/msg/detail/logger_status__builder.hpp\n'}
[9.196701] (px4_msgs) StdoutLine: {'line': b'-- Up-to-date: /home/maizaied03/ros2_ws/install/px4_msgs/include/px4_msgs/px4_msgs/msg/detail/uavcan_parameter_value__type_support.hpp\n'}
[9.196762] (px4_msgs) StdoutLine: {'line': b'-- Up-to-date: /home/maizaied03/ros2_ws/install/px4_msgs/include/px4_msgs/px4_msgs/msg/detail/vehicle_constraints__type_support.hpp\n'}
[9.196822] (px4_msgs) StdoutLine: {'line': b'-- Up-to-date: /home/maizaied03/ros2_ws/install/px4_msgs/include/px4_msgs/px4_msgs/msg/detail/onboard_computer_status__type_support.hpp\n'}
[9.196897] (px4_msgs) StdoutLine: {'line': b'-- Up-to-date: /home/maizaied03/ros2_ws/install/px4_msgs/include/px4_msgs/px4_msgs/msg/detail/log_message__struct.hpp\n'}
[9.197002] (px4_msgs) StdoutLine: {'line': b'-- Up-to-date: /home/maizaied03/ros2_ws/install/px4_msgs/include/px4_msgs/px4_msgs/msg/detail/rc_channels__struct.hpp\n'}
[9.197110] (px4_msgs) StdoutLine: {'line': b'-- Up-to-date: /home/maizaied03/ros2_ws/install/px4_msgs/include/px4_msgs/px4_msgs/msg/detail/gain_compression__traits.hpp\n'}
[9.197209] (px4_msgs) StdoutLine: {'line': b'-- Up-to-date: /home/maizaied03/ros2_ws/install/px4_msgs/include/px4_msgs/px4_msgs/msg/detail/fixed_wing_longitudinal_setpoint__traits.hpp\n'}
[9.197399] (px4_msgs) StdoutLine: {'line': b'-- Up-to-date: /home/maizaied03/ros2_ws/install/px4_msgs/include/px4_msgs/px4_msgs/msg/detail/dronecan_node_status__struct.hpp\n'}
[9.197510] (px4_msgs) StdoutLine: {'line': b'-- Up-to-date: /home/maizaied03/ros2_ws/install/px4_msgs/include/px4_msgs/px4_msgs/msg/detail/camera_status__traits.hpp\n'}
[9.197617] (px4_msgs) StdoutLine: {'line': b'-- Up-to-date: /home/maizaied03/ros2_ws/install/px4_msgs/include/px4_msgs/px4_msgs/msg/detail/pps_capture__struct.hpp\n'}
[9.197726] (px4_msgs) StdoutLine: {'line': b'-- Up-to-date: /home/maizaied03/ros2_ws/install/px4_msgs/include/px4_msgs/px4_msgs/msg/detail/failsafe_flags__builder.hpp\n'}
[9.197819] (px4_msgs) StdoutLine: {'line': b'-- Up-to-date: /home/maizaied03/ros2_ws/install/px4_msgs/include/px4_msgs/px4_msgs/msg/detail/obstacle_distance__traits.hpp\n'}
[9.197880] (px4_msgs) StdoutLine: {'line': b'-- Up-to-date: /home/maizaied03/ros2_ws/install/px4_msgs/include/px4_msgs/px4_msgs/msg/detail/internal_combustion_engine_control__builder.hpp\n'}
[9.197942] (px4_msgs) StdoutLine: {'line': b'-- Up-to-date: /home/maizaied03/ros2_ws/install/px4_msgs/include/px4_msgs/px4_msgs/msg/detail/vtx__struct.hpp\n'}
[9.198003] (px4_msgs) StdoutLine: {'line': b'-- Up-to-date: /home/maizaied03/ros2_ws/install/px4_msgs/include/px4_msgs/px4_msgs/msg/detail/vehicle_optical_flow_vel__struct.hpp\n'}
[9.198064] (px4_msgs) StdoutLine: {'line': b'-- Up-to-date: /home/maizaied03/ros2_ws/install/px4_msgs/include/px4_msgs/px4_msgs/msg/detail/sensor_selection__builder.hpp\n'}
[9.198128] (px4_msgs) StdoutLine: {'line': b'-- Up-to-date: /home/maizaied03/ros2_ws/install/px4_msgs/include/px4_msgs/px4_msgs/msg/detail/actuator_servos__traits.hpp\n'}
[9.198190] (px4_msgs) StdoutLine: {'line': b'-- Up-to-date: /home/maizaied03/ros2_ws/install/px4_msgs/include/px4_msgs/px4_msgs/msg/detail/ulog_stream__traits.hpp\n'}
[9.198251] (px4_msgs) StdoutLine: {'line': b'-- Up-to-date: /home/maizaied03/ros2_ws/install/px4_msgs/include/px4_msgs/px4_msgs/msg/detail/velocity_limits__type_support.hpp\n'}
[9.198311] (px4_msgs) StdoutLine: {'line': b'-- Up-to-date: /home/maizaied03/ros2_ws/install/px4_msgs/include/px4_msgs/px4_msgs/msg/detail/fixed_wing_lateral_setpoint__traits.hpp\n'}
[9.198370] (px4_msgs) StdoutLine: {'line': b'-- Up-to-date: /home/maizaied03/ros2_ws/install/px4_msgs/include/px4_msgs/px4_msgs/msg/detail/rover_rate_setpoint__traits.hpp\n'}
[9.198442] (px4_msgs) StdoutLine: {'line': b'-- Up-to-date: /home/maizaied03/ros2_ws/install/px4_msgs/include/px4_msgs/px4_msgs/msg/detail/pwm_input__type_support.hpp\n'}
[9.198508] (px4_msgs) StdoutLine: {'line': b'-- Up-to-date: /home/maizaied03/ros2_ws/install/px4_msgs/include/px4_msgs/px4_msgs/msg/detail/airspeed__struct.hpp\n'}
[9.198573] (px4_msgs) StdoutLine: {'line': b'-- Up-to-date: /home/maizaied03/ros2_ws/install/px4_msgs/include/px4_msgs/px4_msgs/msg/detail/rtl_status__traits.hpp\n'}
[9.198644] (px4_msgs) StdoutLine: {'line': b'-- Up-to-date: /home/maizaied03/ros2_ws/install/px4_msgs/include/px4_msgs/px4_msgs/msg/detail/vehicle_control_mode__type_support.hpp\n'}
[9.198709] (px4_msgs) StdoutLine: {'line': b'-- Up-to-date: /home/maizaied03/ros2_ws/install/px4_msgs/include/px4_msgs/px4_msgs/msg/detail/estimator_states__traits.hpp\n'}
[9.198771] (px4_msgs) StdoutLine: {'line': b'-- Up-to-date: /home/maizaied03/ros2_ws/install/px4_msgs/include/px4_msgs/px4_msgs/msg/detail/esc_status__builder.hpp\n'}
[9.198831] (px4_msgs) StdoutLine: {'line': b'-- Up-to-date: /home/maizaied03/ros2_ws/install/px4_msgs/include/px4_msgs/px4_msgs/msg/detail/estimator_aid_source1d__type_support.hpp\n'}
[9.198892] (px4_msgs) StdoutLine: {'line': b'-- Up-to-date: /home/maizaied03/ros2_ws/install/px4_msgs/include/px4_msgs/px4_msgs/msg/detail/neural_control__struct.hpp\n'}
[9.198950] (px4_msgs) StdoutLine: {'line': b'-- Up-to-date: /home/maizaied03/ros2_ws/install/px4_msgs/include/px4_msgs/px4_msgs/msg/detail/orb_test_medium__traits.hpp\n'}
[9.199009] (px4_msgs) StdoutLine: {'line': b'-- Up-to-date: /home/maizaied03/ros2_ws/install/px4_msgs/include/px4_msgs/px4_msgs/msg/detail/debug_key_value__builder.hpp\n'}
[9.199056] (px4_msgs) StdoutLine: {'line': b'-- Up-to-date: /home/maizaied03/ros2_ws/install/px4_msgs/include/px4_msgs/px4_msgs/msg/detail/sensor_optical_flow__builder.hpp\n'}
[9.199107] (px4_msgs) StdoutLine: {'line': b'-- Up-to-date: /home/maizaied03/ros2_ws/install/px4_msgs/include/px4_msgs/px4_msgs/msg/detail/rover_steering_setpoint__type_support.hpp\n'}
[9.199163] (px4_msgs) StdoutLine: {'line': b'-- Up-to-date: /home/maizaied03/ros2_ws/install/px4_msgs/include/px4_msgs/px4_msgs/msg/detail/estimator_gps_status__traits.hpp\n'}
[9.199221] (px4_msgs) StdoutLine: {'line': b'-- Up-to-date: /home/maizaied03/ros2_ws/install/px4_msgs/include/px4_msgs/px4_msgs/msg/detail/gripper__struct.hpp\n'}
[9.199279] (px4_msgs) StdoutLine: {'line': b'-- Up-to-date: /home/maizaied03/ros2_ws/install/px4_msgs/include/px4_msgs/px4_msgs/msg/detail/landing_target_pose__type_support.hpp\n'}
[9.199336] (px4_msgs) StdoutLine: {'line': b'-- Up-to-date: /home/maizaied03/ros2_ws/install/px4_msgs/include/px4_msgs/px4_msgs/msg/detail/gps_dump__builder.hpp\n'}
[9.199391] (px4_msgs) StdoutLine: {'line': b'-- Up-to-date: /home/maizaied03/ros2_ws/install/px4_msgs/include/px4_msgs/px4_msgs/msg/detail/estimator_status__struct.hpp\n'}
[9.199444] (px4_msgs) StdoutLine: {'line': b'-- Up-to-date: /home/maizaied03/ros2_ws/install/px4_msgs/include/px4_msgs/px4_msgs/msg/detail/sensor_gnss_relative__builder.hpp\n'}
[9.199498] (px4_msgs) StdoutLine: {'line': b'-- Up-to-date: /home/maizaied03/ros2_ws/install/px4_msgs/include/px4_msgs/px4_msgs/msg/detail/transponder_report__builder.hpp\n'}
[9.199557] (px4_msgs) StdoutLine: {'line': b'-- Up-to-date: /home/maizaied03/ros2_ws/install/px4_msgs/include/px4_msgs/px4_msgs/msg/detail/actuator_outputs__struct.hpp\n'}
[9.199619] (px4_msgs) StdoutLine: {'line': b'-- Up-to-date: /home/maizaied03/ros2_ws/install/px4_msgs/include/px4_msgs/px4_msgs/msg/detail/satellite_info__type_support.hpp\n'}
[9.199682] (px4_msgs) StdoutLine: {'line': b'-- Up-to-date: /home/maizaied03/ros2_ws/install/px4_msgs/include/px4_msgs/px4_msgs/msg/detail/parameter_set_value_request__type_support.hpp\n'}
[9.199747] (px4_msgs) StdoutLine: {'line': b'-- Up-to-date: /home/maizaied03/ros2_ws/install/px4_msgs/include/px4_msgs/px4_msgs/msg/detail/vehicle_global_position__struct.hpp\n'}
[9.199815] (px4_msgs) StdoutLine: {'line': b'-- Up-to-date: /home/maizaied03/ros2_ws/install/px4_msgs/include/px4_msgs/px4_msgs/msg/detail/ulog_stream__type_support.hpp\n'}
[9.199885] (px4_msgs) StdoutLine: {'line': b'-- Up-to-date: /home/maizaied03/ros2_ws/install/px4_msgs/include/px4_msgs/px4_msgs/msg/detail/sensor_correction__type_support.hpp\n'}
[9.199952] (px4_msgs) StdoutLine: {'line': b'-- Up-to-date: /home/maizaied03/ros2_ws/install/px4_msgs/include/px4_msgs/px4_msgs/msg/detail/gimbal_manager_status__builder.hpp\n'}
[9.200020] (px4_msgs) StdoutLine: {'line': b'-- Up-to-date: /home/maizaied03/ros2_ws/install/px4_msgs/include/px4_msgs/px4_msgs/msg/detail/longitudinal_control_configuration__type_support.hpp\n'}
[9.200085] (px4_msgs) StdoutLine: {'line': b'-- Up-to-date: /home/maizaied03/ros2_ws/install/px4_msgs/include/px4_msgs/px4_msgs/msg/detail/obstacle_distance__type_support.hpp\n'}
[9.200149] (px4_msgs) StdoutLine: {'line': b'-- Up-to-date: /home/maizaied03/ros2_ws/install/px4_msgs/include/px4_msgs/px4_msgs/msg/detail/irlock_report__traits.hpp\n'}
[9.200214] (px4_msgs) StdoutLine: {'line': b'-- Up-to-date: /home/maizaied03/ros2_ws/install/px4_msgs/include/px4_msgs/px4_msgs/msg/detail/sensor_gyro_fft__struct.hpp\n'}
[9.200281] (px4_msgs) StdoutLine: {'line': b'-- Up-to-date: /home/maizaied03/ros2_ws/install/px4_msgs/include/px4_msgs/px4_msgs/msg/detail/power_button_state__type_support.hpp\n'}
[9.200348] (px4_msgs) StdoutLine: {'line': b'-- Up-to-date: /home/maizaied03/ros2_ws/install/px4_msgs/include/px4_msgs/px4_msgs/msg/detail/mode_completed__traits.hpp\n'}
[9.200417] (px4_msgs) StdoutLine: {'line': b'-- Up-to-date: /home/maizaied03/ros2_ws/install/px4_msgs/include/px4_msgs/px4_msgs/msg/detail/can_interface_status__type_support.hpp\n'}
[9.200484] (px4_msgs) StdoutLine: {'line': b'-- Up-to-date: /home/maizaied03/ros2_ws/install/px4_msgs/include/px4_msgs/px4_msgs/msg/detail/vehicle_command__builder.hpp\n'}
[9.200552] (px4_msgs) StdoutLine: {'line': b'-- Up-to-date: /home/maizaied03/ros2_ws/install/px4_msgs/include/px4_msgs/px4_msgs/msg/detail/esc_report__traits.hpp\n'}
[9.200621] (px4_msgs) StdoutLine: {'line': b'-- Up-to-date: /home/maizaied03/ros2_ws/install/px4_msgs/include/px4_msgs/px4_msgs/msg/detail/estimator_sensor_bias__struct.hpp\n'}
[9.200685] (px4_msgs) StdoutLine: {'line': b'-- Up-to-date: /home/maizaied03/ros2_ws/install/px4_msgs/include/px4_msgs/px4_msgs/msg/detail/estimator_selector_status__type_support.hpp\n'}
[9.200749] (px4_msgs) StdoutLine: {'line': b'-- Up-to-date: /home/maizaied03/ros2_ws/install/px4_msgs/include/px4_msgs/px4_msgs/msg/detail/mission_result__traits.hpp\n'}
[9.200812] (px4_msgs) StdoutLine: {'line': b'-- Up-to-date: /home/maizaied03/ros2_ws/install/px4_msgs/include/px4_msgs/px4_msgs/msg/detail/adc_report__builder.hpp\n'}
[9.200873] (px4_msgs) StdoutLine: {'line': b'-- Up-to-date: /home/maizaied03/ros2_ws/install/px4_msgs/include/px4_msgs/px4_msgs/msg/detail/uavcan_parameter_value__builder.hpp\n'}
[9.200945] (px4_msgs) StdoutLine: {'line': b'-- Up-to-date: /home/maizaied03/ros2_ws/install/px4_msgs/include/px4_msgs/px4_msgs/msg/detail/arming_check_reply__type_support.hpp\n'}
[9.201020] (px4_msgs) StdoutLine: {'line': b'-- Up-to-date: /home/maizaied03/ros2_ws/install/px4_msgs/include/px4_msgs/px4_msgs/msg/detail/rover_rate_setpoint__struct.hpp\n'}
[9.201093] (px4_msgs) StdoutLine: {'line': b'-- Up-to-date: /home/maizaied03/ros2_ws/install/px4_msgs/include/px4_msgs/px4_msgs/msg/detail/gimbal_device_information__struct.hpp\n'}
[9.201167] (px4_msgs) StdoutLine: {'line': b'-- Up-to-date: /home/maizaied03/ros2_ws/install/px4_msgs/include/px4_msgs/px4_msgs/msg/detail/led_control__builder.hpp\n'}
[9.201242] (px4_msgs) StdoutLine: {'line': b'-- Up-to-date: /home/maizaied03/ros2_ws/install/px4_msgs/include/px4_msgs/px4_msgs/msg/detail/qshell_retval__type_support.hpp\n'}
[9.201316] (px4_msgs) StdoutLine: {'line': b'-- Up-to-date: /home/maizaied03/ros2_ws/install/px4_msgs/include/px4_msgs/px4_msgs/msg/detail/rover_rate_setpoint__builder.hpp\n'}
[9.201386] (px4_msgs) StdoutLine: {'line': b'-- Up-to-date: /home/maizaied03/ros2_ws/install/px4_msgs/include/px4_msgs/px4_msgs/msg/detail/vehicle_status__struct.hpp\n'}
[9.201459] (px4_msgs) StdoutLine: {'line': b'-- Up-to-date: /home/maizaied03/ros2_ws/install/px4_msgs/include/px4_msgs/px4_msgs/msg/detail/ulog_stream__struct.hpp\n'}
[9.201528] (px4_msgs) StdoutLine: {'line': b'-- Up-to-date: /home/maizaied03/ros2_ws/install/px4_msgs/include/px4_msgs/px4_msgs/msg/detail/normalized_unsigned_setpoint__type_support.hpp\n'}
[9.201597] (px4_msgs) StdoutLine: {'line': b'-- Up-to-date: /home/maizaied03/ros2_ws/install/px4_msgs/include/px4_msgs/px4_msgs/msg/detail/vehicle_torque_setpoint__traits.hpp\n'}
[9.201669] (px4_msgs) StdoutLine: {'line': b'-- Up-to-date: /home/maizaied03/ros2_ws/install/px4_msgs/include/px4_msgs/px4_msgs/msg/detail/unregister_ext_component__builder.hpp\n'}
[9.201746] (px4_msgs) StdoutLine: {'line': b'-- Up-to-date: /home/maizaied03/ros2_ws/install/px4_msgs/include/px4_msgs/px4_msgs/msg/detail/vehicle_local_position__struct.hpp\n'}
[9.201809] (px4_msgs) StdoutLine: {'line': b'-- Up-to-date: /home/maizaied03/ros2_ws/install/px4_msgs/include/px4_msgs/px4_msgs/msg/detail/follow_target__builder.hpp\n'}
[9.201869] (px4_msgs) StdoutLine: {'line': b'-- Up-to-date: /home/maizaied03/ros2_ws/install/px4_msgs/include/px4_msgs/px4_msgs/msg/detail/fixed_wing_lateral_setpoint__builder.hpp\n'}
[9.201929] (px4_msgs) StdoutLine: {'line': b'-- Up-to-date: /home/maizaied03/ros2_ws/install/px4_msgs/include/px4_msgs/px4_msgs/msg/detail/open_drone_id_self_id__type_support.hpp\n'}
[9.201988] (px4_msgs) StdoutLine: {'line': b'-- Up-to-date: /home/maizaied03/ros2_ws/install/px4_msgs/include/px4_msgs/px4_msgs/msg/detail/raptor_status__traits.hpp\n'}
[9.202044] (px4_msgs) StdoutLine: {'line': b'-- Up-to-date: /home/maizaied03/ros2_ws/install/px4_msgs/include/px4_msgs/px4_msgs/msg/detail/estimator_aid_source1d__struct.hpp\n'}
[9.202099] (px4_msgs) StdoutLine: {'line': b'-- Up-to-date: /home/maizaied03/ros2_ws/install/px4_msgs/include/px4_msgs/px4_msgs/msg/detail/config_overrides__type_support.hpp\n'}
[9.202150] (px4_msgs) StdoutLine: {'line': b'-- Up-to-date: /home/maizaied03/ros2_ws/install/px4_msgs/include/px4_msgs/px4_msgs/msg/detail/system_power__struct.hpp\n'}
[9.202204] (px4_msgs) StdoutLine: {'line': b'-- Up-to-date: /home/maizaied03/ros2_ws/install/px4_msgs/include/px4_msgs/px4_msgs/msg/detail/estimator_status_flags__builder.hpp\n'}
[9.202259] (px4_msgs) StdoutLine: {'line': b'-- Up-to-date: /home/maizaied03/ros2_ws/install/px4_msgs/include/px4_msgs/px4_msgs/msg/detail/satellite_info__traits.hpp\n'}
[9.202316] (px4_msgs) StdoutLine: {'line': b'-- Up-to-date: /home/maizaied03/ros2_ws/install/px4_msgs/include/px4_msgs/px4_msgs/msg/detail/register_ext_component_request__builder.hpp\n'}
[9.202375] (px4_msgs) StdoutLine: {'line': b'-- Up-to-date: /home/maizaied03/ros2_ws/install/px4_msgs/include/px4_msgs/px4_msgs/msg/detail/debug_vect__traits.hpp\n'}
[9.202433] (px4_msgs) StdoutLine: {'line': b'-- Up-to-date: /home/maizaied03/ros2_ws/install/px4_msgs/include/px4_msgs/px4_msgs/msg/detail/vehicle_global_position__builder.hpp\n'}
[9.202498] (px4_msgs) StdoutLine: {'line': b'-- Up-to-date: /home/maizaied03/ros2_ws/install/px4_msgs/include/px4_msgs/px4_msgs/msg/detail/sensor_correction__traits.hpp\n'}
[9.202555] (px4_msgs) StdoutLine: {'line': b'-- Up-to-date: /home/maizaied03/ros2_ws/install/px4_msgs/include/px4_msgs/px4_msgs/msg/detail/estimator_aid_source2d__type_support.hpp\n'}
[9.202621] (px4_msgs) StdoutLine: {'line': b'-- Up-to-date: /home/maizaied03/ros2_ws/install/px4_msgs/include/px4_msgs/px4_msgs/msg/detail/landing_target_pose__builder.hpp\n'}
[9.202677] (px4_msgs) StdoutLine: {'line': b'-- Up-to-date: /home/maizaied03/ros2_ws/install/px4_msgs/include/px4_msgs/px4_msgs/msg/detail/task_stack_info__traits.hpp\n'}
[9.202730] (px4_msgs) StdoutLine: {'line': b'-- Up-to-date: /home/maizaied03/ros2_ws/install/px4_msgs/include/px4_msgs/px4_msgs/msg/detail/satellite_info__builder.hpp\n'}
[9.202783] (px4_msgs) StdoutLine: {'line': b'-- Up-to-date: /home/maizaied03/ros2_ws/install/px4_msgs/include/px4_msgs/px4_msgs/msg/detail/sensor_accel_fifo__traits.hpp\n'}
[9.202841] (px4_msgs) StdoutLine: {'line': b'-- Up-to-date: /home/maizaied03/ros2_ws/install/px4_msgs/include/px4_msgs/px4_msgs/msg/detail/tune_control__struct.hpp\n'}
[9.202895] (px4_msgs) StdoutLine: {'line': b'-- Up-to-date: /home/maizaied03/ros2_ws/install/px4_msgs/include/px4_msgs/px4_msgs/msg/detail/orb_test_medium__struct.hpp\n'}
[9.202981] (px4_msgs) StdoutLine: {'line': b'-- Up-to-date: /home/maizaied03/ros2_ws/install/px4_msgs/include/px4_msgs/px4_msgs/msg/detail/dronecan_node_status__traits.hpp\n'}
[9.203064] (px4_msgs) StdoutLine: {'line': b'-- Up-to-date: /home/maizaied03/ros2_ws/install/px4_msgs/include/px4_msgs/px4_msgs/msg/detail/timesync_status__builder.hpp\n'}
[9.203146] (px4_msgs) StdoutLine: {'line': b'-- Up-to-date: /home/maizaied03/ros2_ws/install/px4_msgs/include/px4_msgs/px4_msgs/msg/detail/internal_combustion_engine_control__traits.hpp\n'}
[9.203229] (px4_msgs) StdoutLine: {'line': b'-- Up-to-date: /home/maizaied03/ros2_ws/install/px4_msgs/include/px4_msgs/px4_msgs/msg/detail/debug_key_value__traits.hpp\n'}
[9.203312] (px4_msgs) StdoutLine: {'line': b'-- Up-to-date: /home/maizaied03/ros2_ws/install/px4_msgs/include/px4_msgs/px4_msgs/msg/detail/mount_orientation__traits.hpp\n'}
[9.203394] (px4_msgs) StdoutLine: {'line': b'-- Up-to-date: /home/maizaied03/ros2_ws/install/px4_msgs/include/px4_msgs/px4_msgs/msg/detail/estimator_aid_source2d__builder.hpp\n'}
[9.203472] (px4_msgs) StdoutLine: {'line': b'-- Up-to-date: /home/maizaied03/ros2_ws/install/px4_msgs/include/px4_msgs/px4_msgs/msg/detail/vehicle_thrust_setpoint__builder.hpp\n'}
[9.203556] (px4_msgs) StdoutLine: {'line': b'-- Up-to-date: /home/maizaied03/ros2_ws/install/px4_msgs/include/px4_msgs/px4_msgs/msg/detail/iridiumsbd_status__traits.hpp\n'}
[9.203655] (px4_msgs) StdoutLine: {'line': b'-- Up-to-date: /home/maizaied03/ros2_ws/install/px4_msgs/include/px4_msgs/px4_msgs/msg/detail/dataman_request__struct.hpp\n'}
[9.203731] (px4_msgs) StdoutLine: {'line': b'-- Up-to-date: /home/maizaied03/ros2_ws/install/px4_msgs/include/px4_msgs/px4_msgs/msg/detail/estimator_innovations__struct.hpp\n'}
[9.203807] (px4_msgs) StdoutLine: {'line': b'-- Up-to-date: /home/maizaied03/ros2_ws/install/px4_msgs/include/px4_msgs/px4_msgs/msg/detail/manual_control_switches__traits.hpp\n'}
[9.203883] (px4_msgs) StdoutLine: {'line': b'-- Up-to-date: /home/maizaied03/ros2_ws/install/px4_msgs/include/px4_msgs/px4_msgs/msg/detail/raptor_status__type_support.hpp\n'}
[9.203941] (px4_msgs) StdoutLine: {'line': b'-- Up-to-date: /home/maizaied03/ros2_ws/install/px4_msgs/include/px4_msgs/px4_msgs/msg/detail/gpio_request__builder.hpp\n'}
[9.203998] (px4_msgs) StdoutLine: {'line': b'-- Up-to-date: /home/maizaied03/ros2_ws/install/px4_msgs/include/px4_msgs/px4_msgs/msg/detail/log_message__type_support.hpp\n'}
[9.204054] (px4_msgs) StdoutLine: {'line': b'-- Up-to-date: /home/maizaied03/ros2_ws/install/px4_msgs/include/px4_msgs/px4_msgs/msg/detail/sensor_temp__type_support.hpp\n'}
[9.204116] (px4_msgs) StdoutLine: {'line': b'-- Up-to-date: /home/maizaied03/ros2_ws/install/px4_msgs/include/px4_msgs/px4_msgs/msg/detail/parameter_reset_request__builder.hpp\n'}
[9.204177] (px4_msgs) StdoutLine: {'line': b'-- Up-to-date: /home/maizaied03/ros2_ws/install/px4_msgs/include/px4_msgs/px4_msgs/msg/detail/sensor_preflight_mag__struct.hpp\n'}
[9.204238] (px4_msgs) StdoutLine: {'line': b'-- Up-to-date: /home/maizaied03/ros2_ws/install/px4_msgs/include/px4_msgs/px4_msgs/msg/detail/rtl_time_estimate__builder.hpp\n'}
[9.204299] (px4_msgs) StdoutLine: {'line': b'-- Up-to-date: /home/maizaied03/ros2_ws/install/px4_msgs/include/px4_msgs/px4_msgs/msg/detail/actuator_servos__struct.hpp\n'}
[9.204361] (px4_msgs) StdoutLine: {'line': b'-- Up-to-date: /home/maizaied03/ros2_ws/install/px4_msgs/include/px4_msgs/px4_msgs/msg/detail/flight_phase_estimation__struct.hpp\n'}
[9.204418] (px4_msgs) StdoutLine: {'line': b'-- Up-to-date: /home/maizaied03/ros2_ws/install/px4_msgs/include/px4_msgs/px4_msgs/msg/detail/follow_target__struct.hpp\n'}
[9.204475] (px4_msgs) StdoutLine: {'line': b'-- Up-to-date: /home/maizaied03/ros2_ws/install/px4_msgs/include/px4_msgs/px4_msgs/msg/detail/differential_pressure__struct.hpp\n'}
[9.204534] (px4_msgs) StdoutLine: {'line': b'-- Up-to-date: /home/maizaied03/ros2_ws/install/px4_msgs/include/px4_msgs/px4_msgs/msg/detail/actuator_servos_trim__struct.hpp\n'}
[9.204597] (px4_msgs) StdoutLine: {'line': b'-- Up-to-date: /home/maizaied03/ros2_ws/install/px4_msgs/include/px4_msgs/px4_msgs/msg/detail/dataman_request__builder.hpp\n'}
[9.204663] (px4_msgs) StdoutLine: {'line': b'-- Up-to-date: /home/maizaied03/ros2_ws/install/px4_msgs/include/px4_msgs/px4_msgs/msg/detail/transponder_report__struct.hpp\n'}
[9.204720] (px4_msgs) StdoutLine: {'line': b'-- Up-to-date: /home/maizaied03/ros2_ws/install/px4_msgs/include/px4_msgs/px4_msgs/msg/detail/camera_status__type_support.hpp\n'}
[9.204775] (px4_msgs) StdoutLine: {'line': b'-- Up-to-date: /home/maizaied03/ros2_ws/install/px4_msgs/include/px4_msgs/px4_msgs/msg/detail/debug_array__struct.hpp\n'}
[9.204827] (px4_msgs) StdoutLine: {'line': b'-- Up-to-date: /home/maizaied03/ros2_ws/install/px4_msgs/include/px4_msgs/px4_msgs/msg/detail/follow_target__type_support.hpp\n'}
[9.204880] (px4_msgs) StdoutLine: {'line': b'-- Up-to-date: /home/maizaied03/ros2_ws/install/px4_msgs/include/px4_msgs/px4_msgs/msg/detail/rc_parameter_map__traits.hpp\n'}
[9.204934] (px4_msgs) StdoutLine: {'line': b'-- Up-to-date: /home/maizaied03/ros2_ws/install/px4_msgs/include/px4_msgs/px4_msgs/msg/detail/manual_control_switches__struct.hpp\n'}
[9.204989] (px4_msgs) StdoutLine: {'line': b'-- Up-to-date: /home/maizaied03/ros2_ws/install/px4_msgs/include/px4_msgs/px4_msgs/msg/detail/mode_completed__builder.hpp\n'}
[9.205047] (px4_msgs) StdoutLine: {'line': b'-- Up-to-date: /home/maizaied03/ros2_ws/install/px4_msgs/include/px4_msgs/px4_msgs/msg/detail/vehicle_air_data__traits.hpp\n'}
[9.205115] (px4_msgs) StdoutLine: {'line': b'-- Up-to-date: /home/maizaied03/ros2_ws/install/px4_msgs/include/px4_msgs/px4_msgs/msg/detail/vehicle_attitude_setpoint__builder.hpp\n'}
[9.205186] (px4_msgs) StdoutLine: {'line': b'-- Up-to-date: /home/maizaied03/ros2_ws/install/px4_msgs/include/px4_msgs/px4_msgs/msg/detail/position_setpoint__struct.hpp\n'}
[9.205254] (px4_msgs) StdoutLine: {'line': b'-- Up-to-date: /home/maizaied03/ros2_ws/install/px4_msgs/include/px4_msgs/px4_msgs/msg/detail/vehicle_local_position__traits.hpp\n'}
[9.205324] (px4_msgs) StdoutLine: {'line': b'-- Up-to-date: /home/maizaied03/ros2_ws/install/px4_msgs/include/px4_msgs/px4_msgs/msg/detail/vehicle_imu_status__traits.hpp\n'}
[9.205395] (px4_msgs) StdoutLine: {'line': b'-- Up-to-date: /home/maizaied03/ros2_ws/install/px4_msgs/include/px4_msgs/px4_msgs/msg/detail/position_setpoint__builder.hpp\n'}
[9.205466] (px4_msgs) StdoutLine: {'line': b'-- Up-to-date: /home/maizaied03/ros2_ws/install/px4_msgs/include/px4_msgs/px4_msgs/msg/detail/uavcan_parameter_value__traits.hpp\n'}
[9.205537] (px4_msgs) StdoutLine: {'line': b'-- Up-to-date: /home/maizaied03/ros2_ws/install/px4_msgs/include/px4_msgs/px4_msgs/msg/detail/follow_target_status__type_support.hpp\n'}
[9.205616] (px4_msgs) StdoutLine: {'line': b'-- Up-to-date: /home/maizaied03/ros2_ws/install/px4_msgs/include/px4_msgs/px4_msgs/msg/detail/dataman_request__traits.hpp\n'}
[9.205691] (px4_msgs) StdoutLine: {'line': b'-- Up-to-date: /home/maizaied03/ros2_ws/install/px4_msgs/include/px4_msgs/px4_msgs/msg/detail/gimbal_manager_set_attitude__builder.hpp\n'}
[9.205760] (px4_msgs) StdoutLine: {'line': b'-- Up-to-date: /home/maizaied03/ros2_ws/install/px4_msgs/include/px4_msgs/px4_msgs/msg/detail/internal_combustion_engine_status__struct.hpp\n'}
[9.205840] (px4_msgs) StdoutLine: {'line': b'-- Up-to-date: /home/maizaied03/ros2_ws/install/px4_msgs/include/px4_msgs/px4_msgs/msg/detail/wheel_encoders__builder.hpp\n'}
[9.205914] (px4_msgs) StdoutLine: {'line': b'-- Up-to-date: /home/maizaied03/ros2_ws/install/px4_msgs/include/px4_msgs/px4_msgs/msg/detail/fixed_wing_lateral_guidance_status__traits.hpp\n'}
[9.205992] (px4_msgs) StdoutLine: {'line': b'-- Up-to-date: /home/maizaied03/ros2_ws/install/px4_msgs/include/px4_msgs/px4_msgs/msg/detail/sensor_hygrometer__traits.hpp\n'}
[9.206070] (px4_msgs) StdoutLine: {'line': b'-- Up-to-date: /home/maizaied03/ros2_ws/install/px4_msgs/include/px4_msgs/px4_msgs/msg/detail/parameter_set_value_response__builder.hpp\n'}
[9.206149] (px4_msgs) StdoutLine: {'line': b'-- Up-to-date: /home/maizaied03/ros2_ws/install/px4_msgs/include/px4_msgs/px4_msgs/msg/detail/fixed_wing_lateral_status__struct.hpp\n'}
[9.206226] (px4_msgs) StdoutLine: {'line': b'-- Up-to-date: /home/maizaied03/ros2_ws/install/px4_msgs/include/px4_msgs/px4_msgs/msg/detail/input_rc__type_support.hpp\n'}
[9.206296] (px4_msgs) StdoutLine: {'line': b'-- Up-to-date: /home/maizaied03/ros2_ws/install/px4_msgs/include/px4_msgs/px4_msgs/msg/detail/estimator_aid_source3d__struct.hpp\n'}
[9.206365] (px4_msgs) StdoutLine: {'line': b'-- Up-to-date: /home/maizaied03/ros2_ws/install/px4_msgs/include/px4_msgs/px4_msgs/msg/detail/estimator_sensor_bias__type_support.hpp\n'}
[9.206435] (px4_msgs) StdoutLine: {'line': b'-- Up-to-date: /home/maizaied03/ros2_ws/install/px4_msgs/include/px4_msgs/px4_msgs/msg/detail/vehicle_control_mode__builder.hpp\n'}
[9.206504] (px4_msgs) StdoutLine: {'line': b'-- Up-to-date: /home/maizaied03/ros2_ws/install/px4_msgs/include/px4_msgs/px4_msgs/msg/detail/magnetometer_bias_estimate__builder.hpp\n'}
[9.206598] (px4_msgs) StdoutLine: {'line': b'-- Up-to-date: /home/maizaied03/ros2_ws/install/px4_msgs/include/px4_msgs/px4_msgs/msg/detail/estimator_event_flags__struct.hpp\n'}
[9.206683] (px4_msgs) StdoutLine: {'line': b'-- Up-to-date: /home/maizaied03/ros2_ws/install/px4_msgs/include/px4_msgs/px4_msgs/msg/detail/gimbal_controls__builder.hpp\n'}
[9.206762] (px4_msgs) StdoutLine: {'line': b'-- Up-to-date: /home/maizaied03/ros2_ws/install/px4_msgs/include/px4_msgs/px4_msgs/msg/detail/vehicle_control_mode__struct.hpp\n'}
[9.206840] (px4_msgs) StdoutLine: {'line': b'-- Up-to-date: /home/maizaied03/ros2_ws/install/px4_msgs/include/px4_msgs/px4_msgs/msg/detail/can_interface_status__traits.hpp\n'}
[9.206919] (px4_msgs) StdoutLine: {'line': b'-- Up-to-date: /home/maizaied03/ros2_ws/install/px4_msgs/include/px4_msgs/px4_msgs/msg/detail/telemetry_status__struct.hpp\n'}
[9.206998] (px4_msgs) StdoutLine: {'line': b'-- Up-to-date: /home/maizaied03/ros2_ws/install/px4_msgs/include/px4_msgs/px4_msgs/msg/detail/vehicle_attitude__struct.hpp\n'}
[9.207082] (px4_msgs) StdoutLine: {'line': b'-- Up-to-date: /home/maizaied03/ros2_ws/install/px4_msgs/include/px4_msgs/px4_msgs/msg/detail/register_ext_component_reply__type_support.hpp\n'}
[9.207140] (px4_msgs) StdoutLine: {'line': b'-- Up-to-date: /home/maizaied03/ros2_ws/install/px4_msgs/include/px4_msgs/px4_msgs/msg/detail/offboard_control_mode__traits.hpp\n'}
[9.207198] (px4_msgs) StdoutLine: {'line': b'-- Up-to-date: /home/maizaied03/ros2_ws/install/px4_msgs/include/px4_msgs/px4_msgs/msg/detail/distance_sensor__type_support.hpp\n'}
[9.207256] (px4_msgs) StdoutLine: {'line': b'-- Up-to-date: /home/maizaied03/ros2_ws/install/px4_msgs/include/px4_msgs/px4_msgs/msg/detail/vehicle_local_position_setpoint__type_support.hpp\n'}
[9.207315] (px4_msgs) StdoutLine: {'line': b'-- Up-to-date: /home/maizaied03/ros2_ws/install/px4_msgs/include/px4_msgs/px4_msgs/msg/detail/sensors_status__builder.hpp\n'}
[9.207373] (px4_msgs) StdoutLine: {'line': b'-- Up-to-date: /home/maizaied03/ros2_ws/install/px4_msgs/include/px4_msgs/px4_msgs/msg/detail/open_drone_id_self_id__builder.hpp\n'}
[9.207431] (px4_msgs) StdoutLine: {'line': b'-- Up-to-date: /home/maizaied03/ros2_ws/install/px4_msgs/include/px4_msgs/px4_msgs/msg/detail/manual_control_setpoint__type_support.hpp\n'}
[9.207487] (px4_msgs) StdoutLine: {'line': b'-- Up-to-date: /home/maizaied03/ros2_ws/install/px4_msgs/include/px4_msgs/px4_msgs/msg/detail/estimator_status_flags__traits.hpp\n'}
[9.207547] (px4_msgs) StdoutLine: {'line': b'-- Up-to-date: /home/maizaied03/ros2_ws/install/px4_msgs/include/px4_msgs/px4_msgs/msg/detail/vehicle_acceleration__struct.hpp\n'}
[9.207608] (px4_msgs) StdoutLine: {'line': b'-- Up-to-date: /home/maizaied03/ros2_ws/install/px4_msgs/include/px4_msgs/px4_msgs/msg/detail/orb_test__builder.hpp\n'}
[9.207674] (px4_msgs) StdoutLine: {'line': b'-- Up-to-date: /home/maizaied03/ros2_ws/install/px4_msgs/include/px4_msgs/px4_msgs/msg/detail/vehicle_odometry__builder.hpp\n'}
[9.207735] (px4_msgs) StdoutLine: {'line': b'-- Up-to-date: /home/maizaied03/ros2_ws/install/px4_msgs/include/px4_msgs/px4_msgs/msg/detail/qshell_req__struct.hpp\n'}
[9.207793] (px4_msgs) StdoutLine: {'line': b'-- Up-to-date: /home/maizaied03/ros2_ws/install/px4_msgs/include/px4_msgs/px4_msgs/msg/detail/vehicle_local_position__builder.hpp\n'}
[9.207852] (px4_msgs) StdoutLine: {'line': b'-- Up-to-date: /home/maizaied03/ros2_ws/install/px4_msgs/include/px4_msgs/px4_msgs/msg/detail/mount_orientation__builder.hpp\n'}
[9.207910] (px4_msgs) StdoutLine: {'line': b'-- Up-to-date: /home/maizaied03/ros2_ws/install/px4_msgs/include/px4_msgs/px4_msgs/msg/detail/pps_capture__type_support.hpp\n'}
[9.207969] (px4_msgs) StdoutLine: {'line': b'-- Up-to-date: /home/maizaied03/ros2_ws/install/px4_msgs/include/px4_msgs/px4_msgs/msg/detail/sensor_temp__struct.hpp\n'}
[9.208027] (px4_msgs) StdoutLine: {'line': b'-- Up-to-date: /home/maizaied03/ros2_ws/install/px4_msgs/include/px4_msgs/px4_msgs/msg/detail/flight_phase_estimation__type_support.hpp\n'}
[9.208085] (px4_msgs) StdoutLine: {'line': b'-- Up-to-date: /home/maizaied03/ros2_ws/install/px4_msgs/include/px4_msgs/px4_msgs/msg/detail/esc_status__traits.hpp\n'}
[9.208146] (px4_msgs) StdoutLine: {'line': b'-- Up-to-date: /home/maizaied03/ros2_ws/install/px4_msgs/include/px4_msgs/px4_msgs/msg/detail/sensor_selection__traits.hpp\n'}
[9.208205] (px4_msgs) StdoutLine: {'line': b'-- Up-to-date: /home/maizaied03/ros2_ws/install/px4_msgs/include/px4_msgs/px4_msgs/msg/detail/debug_vect__builder.hpp\n'}
[9.208261] (px4_msgs) StdoutLine: {'line': b'-- Up-to-date: /home/maizaied03/ros2_ws/install/px4_msgs/include/px4_msgs/px4_msgs/msg/detail/gain_compression__type_support.hpp\n'}
[9.208319] (px4_msgs) StdoutLine: {'line': b'-- Up-to-date: /home/maizaied03/ros2_ws/install/px4_msgs/include/px4_msgs/px4_msgs/msg/detail/uavcan_parameter_request__traits.hpp\n'}
[9.208377] (px4_msgs) StdoutLine: {'line': b'-- Up-to-date: /home/maizaied03/ros2_ws/install/px4_msgs/include/px4_msgs/px4_msgs/msg/detail/adc_report__traits.hpp\n'}
[9.208434] (px4_msgs) StdoutLine: {'line': b'-- Up-to-date: /home/maizaied03/ros2_ws/install/px4_msgs/include/px4_msgs/px4_msgs/msg/detail/gain_compression__builder.hpp\n'}
[9.208492] (px4_msgs) StdoutLine: {'line': b'-- Up-to-date: /home/maizaied03/ros2_ws/install/px4_msgs/include/px4_msgs/px4_msgs/msg/detail/vehicle_roi__traits.hpp\n'}
[9.208553] (px4_msgs) StdoutLine: {'line': b'-- Up-to-date: /home/maizaied03/ros2_ws/install/px4_msgs/include/px4_msgs/px4_msgs/msg/detail/timesync_status__type_support.hpp\n'}
[9.208617] (px4_msgs) StdoutLine: {'line': b'-- Up-to-date: /home/maizaied03/ros2_ws/install/px4_msgs/include/px4_msgs/px4_msgs/msg/detail/airspeed_wind__struct.hpp\n'}
[9.208680] (px4_msgs) StdoutLine: {'line': b'-- Up-to-date: /home/maizaied03/ros2_ws/install/px4_msgs/include/px4_msgs/px4_msgs/msg/detail/navigator_status__builder.hpp\n'}
[9.208739] (px4_msgs) StdoutLine: {'line': b'-- Up-to-date: /home/maizaied03/ros2_ws/install/px4_msgs/include/px4_msgs/px4_msgs/msg/detail/vehicle_optical_flow__traits.hpp\n'}
[9.208796] (px4_msgs) StdoutLine: {'line': b'-- Up-to-date: /home/maizaied03/ros2_ws/install/px4_msgs/include/px4_msgs/px4_msgs/msg/detail/debug_array__traits.hpp\n'}
[9.208854] (px4_msgs) StdoutLine: {'line': b'-- Up-to-date: /home/maizaied03/ros2_ws/install/px4_msgs/include/px4_msgs/px4_msgs/msg/detail/ulog_stream__builder.hpp\n'}
[9.208913] (px4_msgs) StdoutLine: {'line': b'-- Up-to-date: /home/maizaied03/ros2_ws/install/px4_msgs/include/px4_msgs/px4_msgs/msg/detail/parameter_set_value_response__struct.hpp\n'}
[9.208971] (px4_msgs) StdoutLine: {'line': b'-- Up-to-date: /home/maizaied03/ros2_ws/install/px4_msgs/include/px4_msgs/px4_msgs/msg/detail/cpuload__type_support.hpp\n'}
[9.209033] (px4_msgs) StdoutLine: {'line': b'-- Up-to-date: /home/maizaied03/ros2_ws/install/px4_msgs/include/px4_msgs/px4_msgs/msg/detail/camera_trigger__traits.hpp\n'}
[9.209173] (px4_msgs) StdoutLine: {'line': b'-- Up-to-date: /home/maizaied03/ros2_ws/install/px4_msgs/include/px4_msgs/px4_msgs/msg/detail/open_drone_id_operator_id__type_support.hpp\n'}
[9.209305] (px4_msgs) StdoutLine: {'line': b'-- Up-to-date: /home/maizaied03/ros2_ws/install/px4_msgs/include/px4_msgs/px4_msgs/msg/detail/rover_rate_status__struct.hpp\n'}
[9.209437] (px4_msgs) StdoutLine: {'line': b'-- Up-to-date: /home/maizaied03/ros2_ws/install/px4_msgs/include/px4_msgs/px4_msgs/msg/detail/rc_channels__traits.hpp\n'}
[9.209569] (px4_msgs) StdoutLine: {'line': b'-- Up-to-date: /home/maizaied03/ros2_ws/install/px4_msgs/include/px4_msgs/px4_msgs/msg/detail/actuator_motors__type_support.hpp\n'}
[9.209712] (px4_msgs) StdoutLine: {'line': b'-- Up-to-date: /home/maizaied03/ros2_ws/install/px4_msgs/include/px4_msgs/px4_msgs/msg/detail/irlock_report__struct.hpp\n'}
[9.209817] (px4_msgs) StdoutLine: {'line': b'-- Up-to-date: /home/maizaied03/ros2_ws/install/px4_msgs/include/px4_msgs/px4_msgs/msg/detail/estimator_status_flags__type_support.hpp\n'}
[9.209901] (px4_msgs) StdoutLine: {'line': b'-- Up-to-date: /home/maizaied03/ros2_ws/install/px4_msgs/include/px4_msgs/px4_msgs/msg/detail/camera_status__builder.hpp\n'}
[9.209983] (px4_msgs) StdoutLine: {'line': b'-- Up-to-date: /home/maizaied03/ros2_ws/install/px4_msgs/include/px4_msgs/px4_msgs/msg/detail/radio_status__type_support.hpp\n'}
[9.210066] (px4_msgs) StdoutLine: {'line': b'-- Up-to-date: /home/maizaied03/ros2_ws/install/px4_msgs/include/px4_msgs/px4_msgs/msg/detail/vehicle_odometry__type_support.hpp\n'}
[9.210150] (px4_msgs) StdoutLine: {'line': b'-- Up-to-date: /home/maizaied03/ros2_ws/install/px4_msgs/include/px4_msgs/px4_msgs/msg/detail/rc_parameter_map__struct.hpp\n'}
[9.210234] (px4_msgs) StdoutLine: {'line': b'-- Up-to-date: /home/maizaied03/ros2_ws/install/px4_msgs/include/px4_msgs/px4_msgs/msg/detail/airspeed_wind__traits.hpp\n'}
[9.210316] (px4_msgs) StdoutLine: {'line': b'-- Up-to-date: /home/maizaied03/ros2_ws/install/px4_msgs/include/px4_msgs/px4_msgs/msg/detail/register_ext_component_reply__traits.hpp\n'}
[9.210400] (px4_msgs) StdoutLine: {'line': b'-- Up-to-date: /home/maizaied03/ros2_ws/install/px4_msgs/include/px4_msgs/px4_msgs/msg/detail/open_drone_id_arm_status__traits.hpp\n'}
[9.210483] (px4_msgs) StdoutLine: {'line': b'-- Up-to-date: /home/maizaied03/ros2_ws/install/px4_msgs/include/px4_msgs/px4_msgs/msg/detail/sensor_uwb__builder.hpp\n'}
[9.210566] (px4_msgs) StdoutLine: {'line': b'-- Up-to-date: /home/maizaied03/ros2_ws/install/px4_msgs/include/px4_msgs/px4_msgs/msg/detail/button_event__builder.hpp\n'}
[9.210660] (px4_msgs) StdoutLine: {'line': b'-- Up-to-date: /home/maizaied03/ros2_ws/install/px4_msgs/include/px4_msgs/px4_msgs/msg/detail/home_position__traits.hpp\n'}
[9.210745] (px4_msgs) StdoutLine: {'line': b'-- Up-to-date: /home/maizaied03/ros2_ws/install/px4_msgs/include/px4_msgs/px4_msgs/msg/detail/open_drone_id_arm_status__builder.hpp\n'}
[9.210836] (px4_msgs) StdoutLine: {'line': b'-- Up-to-date: /home/maizaied03/ros2_ws/install/px4_msgs/include/px4_msgs/px4_msgs/msg/detail/radio_status__builder.hpp\n'}
[9.210918] (px4_msgs) StdoutLine: {'line': b'-- Up-to-date: /home/maizaied03/ros2_ws/install/px4_msgs/include/px4_msgs/px4_msgs/msg/detail/internal_combustion_engine_control__struct.hpp\n'}
[9.211000] (px4_msgs) StdoutLine: {'line': b'-- Up-to-date: /home/maizaied03/ros2_ws/install/px4_msgs/include/px4_msgs/px4_msgs/msg/detail/fixed_wing_longitudinal_setpoint__struct.hpp\n'}
[9.211083] (px4_msgs) StdoutLine: {'line': b'-- Up-to-date: /home/maizaied03/ros2_ws/install/px4_msgs/include/px4_msgs/px4_msgs/msg/detail/heater_status__traits.hpp\n'}
[9.211172] (px4_msgs) StdoutLine: {'line': b'-- Up-to-date: /home/maizaied03/ros2_ws/install/px4_msgs/include/px4_msgs/px4_msgs/msg/detail/actuator_servos_trim__type_support.hpp\n'}
[9.211229] (px4_msgs) StdoutLine: {'line': b'-- Up-to-date: /home/maizaied03/ros2_ws/install/px4_msgs/include/px4_msgs/px4_msgs/msg/detail/gimbal_manager_set_attitude__type_support.hpp\n'}
[9.211290] (px4_msgs) StdoutLine: {'line': b'-- Up-to-date: /home/maizaied03/ros2_ws/install/px4_msgs/include/px4_msgs/px4_msgs/msg/detail/raptor_input__builder.hpp\n'}
[9.211348] (px4_msgs) StdoutLine: {'line': b'-- Up-to-date: /home/maizaied03/ros2_ws/install/px4_msgs/include/px4_msgs/px4_msgs/msg/detail/sensor_combined__traits.hpp\n'}
[9.211408] (px4_msgs) StdoutLine: {'line': b'-- Up-to-date: /home/maizaied03/ros2_ws/install/px4_msgs/include/px4_msgs/px4_msgs/msg/detail/raptor_input__struct.hpp\n'}
[9.211466] (px4_msgs) StdoutLine: {'line': b'-- Up-to-date: /home/maizaied03/ros2_ws/install/px4_msgs/include/px4_msgs/px4_msgs/msg/detail/estimator_bias__type_support.hpp\n'}
[9.211525] (px4_msgs) StdoutLine: {'line': b'-- Up-to-date: /home/maizaied03/ros2_ws/install/px4_msgs/include/px4_msgs/px4_msgs/msg/detail/rover_steering_setpoint__traits.hpp\n'}
[9.211582] (px4_msgs) StdoutLine: {'line': b'-- Up-to-date: /home/maizaied03/ros2_ws/install/px4_msgs/include/px4_msgs/px4_msgs/msg/detail/rover_rate_status__type_support.hpp\n'}
[9.211646] (px4_msgs) StdoutLine: {'line': b'-- Up-to-date: /home/maizaied03/ros2_ws/install/px4_msgs/include/px4_msgs/px4_msgs/msg/detail/qshell_retval__builder.hpp\n'}
[9.211705] (px4_msgs) StdoutLine: {'line': b'-- Up-to-date: /home/maizaied03/ros2_ws/install/px4_msgs/include/px4_msgs/px4_msgs/msg/detail/tune_control__traits.hpp\n'}
[9.211763] (px4_msgs) StdoutLine: {'line': b'-- Up-to-date: /home/maizaied03/ros2_ws/install/px4_msgs/include/px4_msgs/px4_msgs/msg/detail/action_request__traits.hpp\n'}
[9.211821] (px4_msgs) StdoutLine: {'line': b'-- Up-to-date: /home/maizaied03/ros2_ws/install/px4_msgs/include/px4_msgs/px4_msgs/msg/detail/tecs_status__traits.hpp\n'}
[9.211878] (px4_msgs) StdoutLine: {'line': b'-- Up-to-date: /home/maizaied03/ros2_ws/install/px4_msgs/include/px4_msgs/px4_msgs/msg/detail/gripper__type_support.hpp\n'}
[9.211936] (px4_msgs) StdoutLine: {'line': b'-- Up-to-date: /home/maizaied03/ros2_ws/install/px4_msgs/include/px4_msgs/px4_msgs/msg/detail/estimator_innovations__builder.hpp\n'}
[9.211992] (px4_msgs) StdoutLine: {'line': b'-- Up-to-date: /home/maizaied03/ros2_ws/install/px4_msgs/include/px4_msgs/px4_msgs/msg/detail/actuator_test__traits.hpp\n'}
[9.212049] (px4_msgs) StdoutLine: {'line': b'-- Up-to-date: /home/maizaied03/ros2_ws/install/px4_msgs/include/px4_msgs/px4_msgs/msg/detail/rtl_time_estimate__traits.hpp\n'}
[9.212106] (px4_msgs) StdoutLine: {'line': b'-- Up-to-date: /home/maizaied03/ros2_ws/install/px4_msgs/include/px4_msgs/px4_msgs/msg/detail/sensor_correction__builder.hpp\n'}
[9.212163] (px4_msgs) StdoutLine: {'line': b'-- Up-to-date: /home/maizaied03/ros2_ws/install/px4_msgs/include/px4_msgs/px4_msgs/msg/detail/sensor_uwb__traits.hpp\n'}
[9.212221] (px4_msgs) StdoutLine: {'line': b'-- Up-to-date: /home/maizaied03/ros2_ws/install/px4_msgs/include/px4_msgs/px4_msgs/msg/detail/task_stack_info__struct.hpp\n'}
[9.212278] (px4_msgs) StdoutLine: {'line': b'-- Up-to-date: /home/maizaied03/ros2_ws/install/px4_msgs/include/px4_msgs/px4_msgs/msg/detail/vehicle_imu_status__type_support.hpp\n'}
[9.212336] (px4_msgs) StdoutLine: {'line': b'-- Up-to-date: /home/maizaied03/ros2_ws/install/px4_msgs/include/px4_msgs/px4_msgs/msg/detail/sensor_preflight_mag__traits.hpp\n'}
[9.212394] (px4_msgs) StdoutLine: {'line': b'-- Up-to-date: /home/maizaied03/ros2_ws/install/px4_msgs/include/px4_msgs/px4_msgs/msg/detail/rover_speed_status__struct.hpp\n'}
[9.212452] (px4_msgs) StdoutLine: {'line': b'-- Up-to-date: /home/maizaied03/ros2_ws/install/px4_msgs/include/px4_msgs/px4_msgs/msg/detail/pwm_input__traits.hpp\n'}
[9.212509] (px4_msgs) StdoutLine: {'line': b'-- Up-to-date: /home/maizaied03/ros2_ws/install/px4_msgs/include/px4_msgs/px4_msgs/msg/detail/cellular_status__type_support.hpp\n'}
[9.212566] (px4_msgs) StdoutLine: {'line': b'-- Up-to-date: /home/maizaied03/ros2_ws/install/px4_msgs/include/px4_msgs/px4_msgs/msg/detail/magnetometer_bias_estimate__traits.hpp\n'}
[9.212632] (px4_msgs) StdoutLine: {'line': b'-- Up-to-date: /home/maizaied03/ros2_ws/install/px4_msgs/include/px4_msgs/px4_msgs/msg/detail/mission__traits.hpp\n'}
[9.212697] (px4_msgs) StdoutLine: {'line': b'-- Up-to-date: /home/maizaied03/ros2_ws/install/px4_msgs/include/px4_msgs/px4_msgs/msg/detail/telemetry_status__builder.hpp\n'}
[9.212756] (px4_msgs) StdoutLine: {'line': b'-- Up-to-date: /home/maizaied03/ros2_ws/install/px4_msgs/include/px4_msgs/px4_msgs/msg/detail/onboard_computer_status__traits.hpp\n'}
[9.212814] (px4_msgs) StdoutLine: {'line': b'-- Up-to-date: /home/maizaied03/ros2_ws/install/px4_msgs/include/px4_msgs/px4_msgs/msg/detail/landing_target_pose__struct.hpp\n'}
[9.212876] (px4_msgs) StdoutLine: {'line': b'-- Up-to-date: /home/maizaied03/ros2_ws/install/px4_msgs/include/px4_msgs/px4_msgs/msg/detail/vehicle_rates_setpoint__builder.hpp\n'}
[9.212933] (px4_msgs) StdoutLine: {'line': b'-- Up-to-date: /home/maizaied03/ros2_ws/install/px4_msgs/include/px4_msgs/px4_msgs/msg/detail/sensor_gnss_relative__type_support.hpp\n'}
[9.212992] (px4_msgs) StdoutLine: {'line': b'-- Up-to-date: /home/maizaied03/ros2_ws/install/px4_msgs/include/px4_msgs/px4_msgs/msg/detail/gimbal_manager_information__traits.hpp\n'}
[9.213051] (px4_msgs) StdoutLine: {'line': b'-- Up-to-date: /home/maizaied03/ros2_ws/install/px4_msgs/include/px4_msgs/px4_msgs/msg/detail/rover_rate_setpoint__type_support.hpp\n'}
[9.213119] (px4_msgs) StdoutLine: {'line': b'-- Up-to-date: /home/maizaied03/ros2_ws/install/px4_msgs/include/px4_msgs/px4_msgs/msg/detail/orb_test_large__traits.hpp\n'}
[9.213190] (px4_msgs) StdoutLine: {'line': b'-- Up-to-date: /home/maizaied03/ros2_ws/install/px4_msgs/include/px4_msgs/px4_msgs/msg/detail/qshell_req__builder.hpp\n'}
[9.213262] (px4_msgs) StdoutLine: {'line': b'-- Up-to-date: /home/maizaied03/ros2_ws/install/px4_msgs/include/px4_msgs/px4_msgs/msg/detail/sensor_accel__struct.hpp\n'}
[9.213333] (px4_msgs) StdoutLine: {'line': b'-- Up-to-date: /home/maizaied03/ros2_ws/install/px4_msgs/include/px4_msgs/px4_msgs/msg/detail/trajectory_setpoint__struct.hpp\n'}
[9.213403] (px4_msgs) StdoutLine: {'line': b'-- Up-to-date: /home/maizaied03/ros2_ws/install/px4_msgs/include/px4_msgs/px4_msgs/msg/detail/rtl_status__struct.hpp\n'}
[9.213474] (px4_msgs) StdoutLine: {'line': b'-- Up-to-date: /home/maizaied03/ros2_ws/install/px4_msgs/include/px4_msgs/px4_msgs/msg/detail/navigator_status__type_support.hpp\n'}
[9.213544] (px4_msgs) StdoutLine: {'line': b'-- Up-to-date: /home/maizaied03/ros2_ws/install/px4_msgs/include/px4_msgs/px4_msgs/msg/detail/orb_test_large__type_support.hpp\n'}
[9.213621] (px4_msgs) StdoutLine: {'line': b'-- Up-to-date: /home/maizaied03/ros2_ws/install/px4_msgs/include/px4_msgs/px4_msgs/msg/detail/mode_completed__type_support.hpp\n'}
[9.213697] (px4_msgs) StdoutLine: {'line': b'-- Up-to-date: /home/maizaied03/ros2_ws/install/px4_msgs/include/px4_msgs/px4_msgs/msg/detail/vehicle_local_position_setpoint__struct.hpp\n'}
[9.213768] (px4_msgs) StdoutLine: {'line': b'-- Up-to-date: /home/maizaied03/ros2_ws/install/px4_msgs/include/px4_msgs/px4_msgs/msg/detail/vehicle_status__type_support.hpp\n'}
[9.213846] (px4_msgs) StdoutLine: {'line': b'-- Up-to-date: /home/maizaied03/ros2_ws/install/px4_msgs/include/px4_msgs/px4_msgs/msg/detail/ulog_stream_ack__builder.hpp\n'}
[9.213925] (px4_msgs) StdoutLine: {'line': b'-- Up-to-date: /home/maizaied03/ros2_ws/install/px4_msgs/include/px4_msgs/px4_msgs/msg/detail/rover_attitude_status__builder.hpp\n'}
[9.214006] (px4_msgs) StdoutLine: {'line': b'-- Up-to-date: /home/maizaied03/ros2_ws/install/px4_msgs/include/px4_msgs/px4_msgs/msg/detail/gimbal_manager_set_manual_control__builder.hpp\n'}
[9.214087] (px4_msgs) StdoutLine: {'line': b'-- Up-to-date: /home/maizaied03/ros2_ws/install/px4_msgs/include/px4_msgs/px4_msgs/msg/detail/device_information__type_support.hpp\n'}
[9.214167] (px4_msgs) StdoutLine: {'line': b'-- Up-to-date: /home/maizaied03/ros2_ws/install/px4_msgs/include/px4_msgs/px4_msgs/msg/detail/parameter_set_used_request__builder.hpp\n'}
[9.214249] (px4_msgs) StdoutLine: {'line': b'-- Up-to-date: /home/maizaied03/ros2_ws/install/px4_msgs/include/px4_msgs/px4_msgs/msg/detail/vehicle_constraints__builder.hpp\n'}
[9.214334] (px4_msgs) StdoutLine: {'line': b'-- Up-to-date: /home/maizaied03/ros2_ws/install/px4_msgs/include/px4_msgs/px4_msgs/msg/detail/trajectory_setpoint__builder.hpp\n'}
[9.214415] (px4_msgs) StdoutLine: {'line': b'-- Up-to-date: /home/maizaied03/ros2_ws/install/px4_msgs/include/px4_msgs/px4_msgs/msg/detail/manual_control_setpoint__traits.hpp\n'}
[9.214495] (px4_msgs) StdoutLine: {'line': b'-- Up-to-date: /home/maizaied03/ros2_ws/install/px4_msgs/include/px4_msgs/px4_msgs/msg/detail/trajectory_setpoint6dof__struct.hpp\n'}
[9.214578] (px4_msgs) StdoutLine: {'line': b'-- Up-to-date: /home/maizaied03/ros2_ws/install/px4_msgs/include/px4_msgs/px4_msgs/msg/detail/rover_speed_status__traits.hpp\n'}
[9.214699] (px4_msgs) StdoutLine: {'line': b'-- Up-to-date: /home/maizaied03/ros2_ws/install/px4_msgs/include/px4_msgs/px4_msgs/msg/detail/rover_position_setpoint__struct.hpp\n'}
[9.214784] (px4_msgs) StdoutLine: {'line': b'-- Up-to-date: /home/maizaied03/ros2_ws/install/px4_msgs/include/px4_msgs/px4_msgs/msg/detail/wheel_encoders__type_support.hpp\n'}
[9.214863] (px4_msgs) StdoutLine: {'line': b'-- Up-to-date: /home/maizaied03/ros2_ws/install/px4_msgs/include/px4_msgs/px4_msgs/msg/detail/vehicle_rates_setpoint__struct.hpp\n'}
[9.214943] (px4_msgs) StdoutLine: {'line': b'-- Up-to-date: /home/maizaied03/ros2_ws/install/px4_msgs/include/px4_msgs/px4_msgs/msg/detail/mavlink_log__builder.hpp\n'}
[9.215023] (px4_msgs) StdoutLine: {'line': b'-- Up-to-date: /home/maizaied03/ros2_ws/install/px4_msgs/include/px4_msgs/px4_msgs/msg/detail/vehicle_torque_setpoint__struct.hpp\n'}
[9.215102] (px4_msgs) StdoutLine: {'line': b'-- Up-to-date: /home/maizaied03/ros2_ws/install/px4_msgs/include/px4_msgs/px4_msgs/msg/detail/neural_control__builder.hpp\n'}
[9.215167] (px4_msgs) StdoutLine: {'line': b'-- Up-to-date: /home/maizaied03/ros2_ws/install/px4_msgs/include/px4_msgs/px4_msgs/msg/detail/sensor_gyro__traits.hpp\n'}
[9.215223] (px4_msgs) StdoutLine: {'line': b'-- Up-to-date: /home/maizaied03/ros2_ws/install/px4_msgs/include/px4_msgs/px4_msgs/msg/detail/dataman_response__struct.hpp\n'}
[9.215291] (px4_msgs) StdoutLine: {'line': b'-- Up-to-date: /home/maizaied03/ros2_ws/install/px4_msgs/include/px4_msgs/px4_msgs/msg/detail/vehicle_optical_flow__struct.hpp\n'}
[9.215349] (px4_msgs) StdoutLine: {'line': b'-- Up-to-date: /home/maizaied03/ros2_ws/install/px4_msgs/include/px4_msgs/px4_msgs/msg/detail/iridiumsbd_status__builder.hpp\n'}
[9.215408] (px4_msgs) StdoutLine: {'line': b'-- Up-to-date: /home/maizaied03/ros2_ws/install/px4_msgs/include/px4_msgs/px4_msgs/msg/detail/fuel_tank_status__struct.hpp\n'}
[9.215465] (px4_msgs) StdoutLine: {'line': b'-- Up-to-date: /home/maizaied03/ros2_ws/install/px4_msgs/include/px4_msgs/px4_msgs/msg/detail/system_power__builder.hpp\n'}
[9.215522] (px4_msgs) StdoutLine: {'line': b'-- Up-to-date: /home/maizaied03/ros2_ws/install/px4_msgs/include/px4_msgs/px4_msgs/msg/detail/home_position__struct.hpp\n'}
[9.215579] (px4_msgs) StdoutLine: {'line': b'-- Up-to-date: /home/maizaied03/ros2_ws/install/px4_msgs/include/px4_msgs/px4_msgs/msg/detail/sensor_accel_fifo__type_support.hpp\n'}
[9.215644] (px4_msgs) StdoutLine: {'line': b'-- Up-to-date: /home/maizaied03/ros2_ws/install/px4_msgs/include/px4_msgs/px4_msgs/msg/detail/estimator_status__traits.hpp\n'}
[9.215706] (px4_msgs) StdoutLine: {'line': b'-- Up-to-date: /home/maizaied03/ros2_ws/install/px4_msgs/include/px4_msgs/px4_msgs/msg/detail/raptor_input__type_support.hpp\n'}
[9.215763] (px4_msgs) StdoutLine: {'line': b'-- Up-to-date: /home/maizaied03/ros2_ws/install/px4_msgs/include/px4_msgs/px4_msgs/msg/detail/actuator_test__type_support.hpp\n'}
[9.215820] (px4_msgs) StdoutLine: {'line': b'-- Up-to-date: /home/maizaied03/ros2_ws/install/px4_msgs/include/px4_msgs/px4_msgs/msg/detail/rover_attitude_setpoint__struct.hpp\n'}
[9.215878] (px4_msgs) StdoutLine: {'line': b'-- Up-to-date: /home/maizaied03/ros2_ws/install/px4_msgs/include/px4_msgs/px4_msgs/msg/detail/landing_target_innovations__struct.hpp\n'}
[9.215939] (px4_msgs) StdoutLine: {'line': b'-- Up-to-date: /home/maizaied03/ros2_ws/install/px4_msgs/include/px4_msgs/px4_msgs/msg/detail/sensor_selection__type_support.hpp\n'}
[9.215997] (px4_msgs) StdoutLine: {'line': b'-- Up-to-date: /home/maizaied03/ros2_ws/install/px4_msgs/include/px4_msgs/px4_msgs/msg/detail/launch_detection_status__type_support.hpp\n'}
[9.216054] (px4_msgs) StdoutLine: {'line': b'-- Up-to-date: /home/maizaied03/ros2_ws/install/px4_msgs/include/px4_msgs/px4_msgs/msg/detail/gpio_request__struct.hpp\n'}
[9.216112] (px4_msgs) StdoutLine: {'line': b'-- Up-to-date: /home/maizaied03/ros2_ws/install/px4_msgs/include/px4_msgs/px4_msgs/msg/detail/fixed_wing_lateral_guidance_status__type_support.hpp\n'}
[9.216169] (px4_msgs) StdoutLine: {'line': b'-- Up-to-date: /home/maizaied03/ros2_ws/install/px4_msgs/include/px4_msgs/px4_msgs/msg/detail/follow_target_estimator__struct.hpp\n'}
[9.216226] (px4_msgs) StdoutLine: {'line': b'-- Up-to-date: /home/maizaied03/ros2_ws/install/px4_msgs/include/px4_msgs/px4_msgs/msg/detail/sensor_gps__type_support.hpp\n'}
[9.216284] (px4_msgs) StdoutLine: {'line': b'-- Up-to-date: /home/maizaied03/ros2_ws/install/px4_msgs/include/px4_msgs/px4_msgs/msg/detail/actuator_controls_status__traits.hpp\n'}
[9.216341] (px4_msgs) StdoutLine: {'line': b'-- Up-to-date: /home/maizaied03/ros2_ws/install/px4_msgs/include/px4_msgs/px4_msgs/msg/detail/sensor_optical_flow__struct.hpp\n'}
[9.216398] (px4_msgs) StdoutLine: {'line': b'-- Up-to-date: /home/maizaied03/ros2_ws/install/px4_msgs/include/px4_msgs/px4_msgs/msg/detail/config_overrides__traits.hpp\n'}
[9.216455] (px4_msgs) StdoutLine: {'line': b'-- Up-to-date: /home/maizaied03/ros2_ws/install/px4_msgs/include/px4_msgs/px4_msgs/msg/detail/rate_ctrl_status__traits.hpp\n'}
[9.216513] (px4_msgs) StdoutLine: {'line': b'-- Up-to-date: /home/maizaied03/ros2_ws/install/px4_msgs/include/px4_msgs/px4_msgs/msg/detail/mission_result__struct.hpp\n'}
[9.216570] (px4_msgs) StdoutLine: {'line': b'-- Up-to-date: /home/maizaied03/ros2_ws/install/px4_msgs/include/px4_msgs/px4_msgs/msg/detail/sensor_gyro_fifo__type_support.hpp\n'}
[9.216636] (px4_msgs) StdoutLine: {'line': b'-- Up-to-date: /home/maizaied03/ros2_ws/install/px4_msgs/include/px4_msgs/px4_msgs/msg/detail/sensor_gnss_status__type_support.hpp\n'}
[9.216696] (px4_msgs) StdoutLine: {'line': b'-- Up-to-date: /home/maizaied03/ros2_ws/install/px4_msgs/include/px4_msgs/px4_msgs/msg/detail/ekf2_timestamps__type_support.hpp\n'}
[9.216754] (px4_msgs) StdoutLine: {'line': b'-- Up-to-date: /home/maizaied03/ros2_ws/install/px4_msgs/include/px4_msgs/px4_msgs/msg/detail/actuator_controls_status__builder.hpp\n'}
[9.216812] (px4_msgs) StdoutLine: {'line': b'-- Up-to-date: /home/maizaied03/ros2_ws/install/px4_msgs/include/px4_msgs/px4_msgs/msg/detail/rover_throttle_setpoint__type_support.hpp\n'}
[9.216871] (px4_msgs) StdoutLine: {'line': b'-- Up-to-date: /home/maizaied03/ros2_ws/install/px4_msgs/include/px4_msgs/px4_msgs/msg/detail/normalized_unsigned_setpoint__struct.hpp\n'}
[9.216928] (px4_msgs) StdoutLine: {'line': b'-- Up-to-date: /home/maizaied03/ros2_ws/install/px4_msgs/include/px4_msgs/px4_msgs/msg/detail/gps_inject_data__builder.hpp\n'}
[9.216984] (px4_msgs) StdoutLine: {'line': b'-- Up-to-date: /home/maizaied03/ros2_ws/install/px4_msgs/include/px4_msgs/px4_msgs/msg/detail/vehicle_odometry__traits.hpp\n'}
[9.217043] (px4_msgs) StdoutLine: {'line': b'-- Up-to-date: /home/maizaied03/ros2_ws/install/px4_msgs/include/px4_msgs/px4_msgs/msg/detail/figure_eight_status__traits.hpp\n'}
[9.217130] (px4_msgs) StdoutLine: {'line': b'-- Up-to-date: /home/maizaied03/ros2_ws/install/px4_msgs/include/px4_msgs/px4_msgs/msg/detail/rc_channels__builder.hpp\n'}
[9.217223] (px4_msgs) StdoutLine: {'line': b'-- Up-to-date: /home/maizaied03/ros2_ws/install/px4_msgs/include/px4_msgs/px4_msgs/msg/detail/cellular_status__builder.hpp\n'}
[9.217310] (px4_msgs) StdoutLine: {'line': b'-- Up-to-date: /home/maizaied03/ros2_ws/install/px4_msgs/include/px4_msgs/px4_msgs/msg/detail/sensor_gyro_fft__type_support.hpp\n'}
[9.217397] (px4_msgs) StdoutLine: {'line': b'-- Up-to-date: /home/maizaied03/ros2_ws/install/px4_msgs/include/px4_msgs/px4_msgs/msg/detail/pure_pursuit_status__struct.hpp\n'}
[9.217487] (px4_msgs) StdoutLine: {'line': b'-- Up-to-date: /home/maizaied03/ros2_ws/install/px4_msgs/include/px4_msgs/px4_msgs/msg/detail/open_drone_id_operator_id__traits.hpp\n'}
[9.217574] (px4_msgs) StdoutLine: {'line': b'-- Up-to-date: /home/maizaied03/ros2_ws/install/px4_msgs/include/px4_msgs/px4_msgs/msg/detail/gimbal_manager_information__builder.hpp\n'}
[9.217669] (px4_msgs) StdoutLine: {'line': b'-- Up-to-date: /home/maizaied03/ros2_ws/install/px4_msgs/include/px4_msgs/px4_msgs/msg/detail/estimator_states__struct.hpp\n'}
[9.217758] (px4_msgs) StdoutLine: {'line': b'-- Up-to-date: /home/maizaied03/ros2_ws/install/px4_msgs/include/px4_msgs/px4_msgs/msg/detail/task_stack_info__builder.hpp\n'}
[9.217844] (px4_msgs) StdoutLine: {'line': b'-- Up-to-date: /home/maizaied03/ros2_ws/install/px4_msgs/include/px4_msgs/px4_msgs/msg/detail/sensor_optical_flow__traits.hpp\n'}
[9.217926] (px4_msgs) StdoutLine: {'line': b'-- Up-to-date: /home/maizaied03/ros2_ws/install/px4_msgs/include/px4_msgs/px4_msgs/msg/detail/gps_inject_data__struct.hpp\n'}
[9.218005] (px4_msgs) StdoutLine: {'line': b'-- Up-to-date: /home/maizaied03/ros2_ws/install/px4_msgs/include/px4_msgs/px4_msgs/msg/detail/rpm__builder.hpp\n'}
[9.218085] (px4_msgs) StdoutLine: {'line': b'-- Up-to-date: /home/maizaied03/ros2_ws/install/px4_msgs/include/px4_msgs/px4_msgs/msg/detail/power_button_state__builder.hpp\n'}
[9.218165] (px4_msgs) StdoutLine: {'line': b'-- Up-to-date: /home/maizaied03/ros2_ws/install/px4_msgs/include/px4_msgs/px4_msgs/msg/detail/estimator_status__type_support.hpp\n'}
[9.218247] (px4_msgs) StdoutLine: {'line': b'-- Up-to-date: /home/maizaied03/ros2_ws/install/px4_msgs/include/px4_msgs/px4_msgs/msg/detail/gpio_request__traits.hpp\n'}
[9.218328] (px4_msgs) StdoutLine: {'line': b'-- Up-to-date: /home/maizaied03/ros2_ws/install/px4_msgs/include/px4_msgs/px4_msgs/msg/detail/parameter_update__traits.hpp\n'}
[9.218408] (px4_msgs) StdoutLine: {'line': b'-- Up-to-date: /home/maizaied03/ros2_ws/install/px4_msgs/include/px4_msgs/px4_msgs/msg/detail/actuator_motors__builder.hpp\n'}
[9.218491] (px4_msgs) StdoutLine: {'line': b'-- Up-to-date: /home/maizaied03/ros2_ws/install/px4_msgs/include/px4_msgs/px4_msgs/msg/detail/gimbal_device_set_attitude__type_support.hpp\n'}
[9.218572] (px4_msgs) StdoutLine: {'line': b'-- Up-to-date: /home/maizaied03/ros2_ws/install/px4_msgs/include/px4_msgs/px4_msgs/msg/detail/geofence_result__traits.hpp\n'}
[9.218662] (px4_msgs) StdoutLine: {'line': b'-- Up-to-date: /home/maizaied03/ros2_ws/install/px4_msgs/include/px4_msgs/px4_msgs/msg/detail/actuator_motors__struct.hpp\n'}
[9.218746] (px4_msgs) StdoutLine: {'line': b'-- Up-to-date: /home/maizaied03/ros2_ws/install/px4_msgs/include/px4_msgs/px4_msgs/msg/detail/open_drone_id_self_id__struct.hpp\n'}
[9.218825] (px4_msgs) StdoutLine: {'line': b'-- Up-to-date: /home/maizaied03/ros2_ws/install/px4_msgs/include/px4_msgs/px4_msgs/msg/detail/vehicle_air_data__struct.hpp\n'}
[9.218905] (px4_msgs) StdoutLine: {'line': b'-- Up-to-date: /home/maizaied03/ros2_ws/install/px4_msgs/include/px4_msgs/px4_msgs/msg/detail/iridiumsbd_status__type_support.hpp\n'}
[9.218986] (px4_msgs) StdoutLine: {'line': b'-- Up-to-date: /home/maizaied03/ros2_ws/install/px4_msgs/include/px4_msgs/px4_msgs/msg/detail/yaw_estimator_status__builder.hpp\n'}
[9.219068] (px4_msgs) StdoutLine: {'line': b'-- Up-to-date: /home/maizaied03/ros2_ws/install/px4_msgs/include/px4_msgs/px4_msgs/msg/detail/offboard_control_mode__type_support.hpp\n'}
[9.219138] (px4_msgs) StdoutLine: {'line': b'-- Up-to-date: /home/maizaied03/ros2_ws/install/px4_msgs/include/px4_msgs/px4_msgs/msg/detail/lateral_control_configuration__traits.hpp\n'}
[9.219196] (px4_msgs) StdoutLine: {'line': b'-- Up-to-date: /home/maizaied03/ros2_ws/install/px4_msgs/include/px4_msgs/px4_msgs/msg/detail/gimbal_device_set_attitude__traits.hpp\n'}
[9.219254] (px4_msgs) StdoutLine: {'line': b'-- Up-to-date: /home/maizaied03/ros2_ws/install/px4_msgs/include/px4_msgs/px4_msgs/msg/detail/rtl_status__type_support.hpp\n'}
[9.219317] (px4_msgs) StdoutLine: {'line': b'-- Up-to-date: /home/maizaied03/ros2_ws/install/px4_msgs/include/px4_msgs/px4_msgs/msg/detail/telemetry_status__type_support.hpp\n'}
[9.219374] (px4_msgs) StdoutLine: {'line': b'-- Up-to-date: /home/maizaied03/ros2_ws/install/px4_msgs/include/px4_msgs/px4_msgs/msg/detail/rpm__type_support.hpp\n'}
[9.219437] (px4_msgs) StdoutLine: {'line': b'-- Up-to-date: /home/maizaied03/ros2_ws/install/px4_msgs/include/px4_msgs/px4_msgs/msg/detail/sensor_accel_fifo__struct.hpp\n'}
[9.219496] (px4_msgs) StdoutLine: {'line': b'-- Up-to-date: /home/maizaied03/ros2_ws/install/px4_msgs/include/px4_msgs/px4_msgs/msg/detail/px4io_status__traits.hpp\n'}
[9.219554] (px4_msgs) StdoutLine: {'line': b'-- Up-to-date: /home/maizaied03/ros2_ws/install/px4_msgs/include/px4_msgs/px4_msgs/msg/detail/takeoff_status__struct.hpp\n'}
[9.219616] (px4_msgs) StdoutLine: {'line': b'-- Up-to-date: /home/maizaied03/ros2_ws/install/px4_msgs/include/px4_msgs/px4_msgs/msg/detail/follow_target_estimator__builder.hpp\n'}
[9.219677] (px4_msgs) StdoutLine: {'line': b'-- Up-to-date: /home/maizaied03/ros2_ws/install/px4_msgs/include/px4_msgs/px4_msgs/msg/detail/landing_gear_wheel__traits.hpp\n'}
[9.219741] (px4_msgs) StdoutLine: {'line': b'-- Up-to-date: /home/maizaied03/ros2_ws/install/px4_msgs/include/px4_msgs/px4_msgs/msg/detail/vehicle_local_position_setpoint__traits.hpp\n'}
[9.219800] (px4_msgs) StdoutLine: {'line': b'-- Up-to-date: /home/maizaied03/ros2_ws/install/px4_msgs/include/px4_msgs/px4_msgs/msg/detail/sensor_mag__type_support.hpp\n'}
[9.219857] (px4_msgs) StdoutLine: {'line': b'-- Up-to-date: /home/maizaied03/ros2_ws/install/px4_msgs/include/px4_msgs/px4_msgs/msg/detail/sensor_gps__struct.hpp\n'}
[9.219914] (px4_msgs) StdoutLine: {'line': b'-- Up-to-date: /home/maizaied03/ros2_ws/install/px4_msgs/include/px4_msgs/px4_msgs/msg/detail/vehicle_land_detected__builder.hpp\n'}
[9.219973] (px4_msgs) StdoutLine: {'line': b'-- Up-to-date: /home/maizaied03/ros2_ws/install/px4_msgs/include/px4_msgs/px4_msgs/msg/detail/rover_speed_status__type_support.hpp\n'}
[9.220030] (px4_msgs) StdoutLine: {'line': b'-- Up-to-date: /home/maizaied03/ros2_ws/install/px4_msgs/include/px4_msgs/px4_msgs/msg/detail/vehicle_magnetometer__builder.hpp\n'}
[9.220091] (px4_msgs) StdoutLine: {'line': b'-- Up-to-date: /home/maizaied03/ros2_ws/install/px4_msgs/include/px4_msgs/px4_msgs/msg/detail/sensor_preflight_mag__type_support.hpp\n'}
[9.220149] (px4_msgs) StdoutLine: {'line': b'-- Up-to-date: /home/maizaied03/ros2_ws/install/px4_msgs/include/px4_msgs/px4_msgs/msg/detail/rover_attitude_status__struct.hpp\n'}
[9.220206] (px4_msgs) StdoutLine: {'line': b'-- Up-to-date: /home/maizaied03/ros2_ws/install/px4_msgs/include/px4_msgs/px4_msgs/msg/detail/raptor_status__builder.hpp\n'}
[9.220263] (px4_msgs) StdoutLine: {'line': b'-- Up-to-date: /home/maizaied03/ros2_ws/install/px4_msgs/include/px4_msgs/px4_msgs/msg/detail/distance_sensor__struct.hpp\n'}
[9.220321] (px4_msgs) StdoutLine: {'line': b'-- Up-to-date: /home/maizaied03/ros2_ws/install/px4_msgs/include/px4_msgs/px4_msgs/msg/detail/navigator_status__traits.hpp\n'}
[9.220379] (px4_msgs) StdoutLine: {'line': b'-- Up-to-date: /home/maizaied03/ros2_ws/install/px4_msgs/include/px4_msgs/px4_msgs/msg/detail/qshell_retval__struct.hpp\n'}
[9.220437] (px4_msgs) StdoutLine: {'line': b'-- Up-to-date: /home/maizaied03/ros2_ws/install/px4_msgs/include/px4_msgs/px4_msgs/msg/detail/vehicle_torque_setpoint__type_support.hpp\n'}
[9.220496] (px4_msgs) StdoutLine: {'line': b'-- Up-to-date: /home/maizaied03/ros2_ws/install/px4_msgs/include/px4_msgs/px4_msgs/msg/detail/sensor_selection__struct.hpp\n'}
[9.220552] (px4_msgs) StdoutLine: {'line': b'-- Up-to-date: /home/maizaied03/ros2_ws/install/px4_msgs/include/px4_msgs/px4_msgs/msg/detail/obstacle_distance__struct.hpp\n'}
[9.220615] (px4_msgs) StdoutLine: {'line': b'-- Up-to-date: /home/maizaied03/ros2_ws/install/px4_msgs/include/px4_msgs/px4_msgs/msg/detail/estimator_event_flags__builder.hpp\n'}
[9.220679] (px4_msgs) StdoutLine: {'line': b'-- Up-to-date: /home/maizaied03/ros2_ws/install/px4_msgs/include/px4_msgs/px4_msgs/msg/detail/vehicle_thrust_setpoint__struct.hpp\n'}
[9.220736] (px4_msgs) StdoutLine: {'line': b'-- Up-to-date: /home/maizaied03/ros2_ws/install/px4_msgs/include/px4_msgs/px4_msgs/msg/detail/tecs_status__type_support.hpp\n'}
[9.220794] (px4_msgs) StdoutLine: {'line': b'-- Up-to-date: /home/maizaied03/ros2_ws/install/px4_msgs/include/px4_msgs/px4_msgs/msg/detail/system_power__type_support.hpp\n'}
[9.220875] (px4_msgs) StdoutLine: {'line': b'-- Up-to-date: /home/maizaied03/ros2_ws/install/px4_msgs/include/px4_msgs/px4_msgs/msg/detail/arming_check_request__traits.hpp\n'}
[9.220964] (px4_msgs) StdoutLine: {'line': b'-- Up-to-date: /home/maizaied03/ros2_ws/install/px4_msgs/include/px4_msgs/px4_msgs/msg/detail/vehicle_imu__builder.hpp\n'}
[9.221055] (px4_msgs) StdoutLine: {'line': b'-- Up-to-date: /home/maizaied03/ros2_ws/install/px4_msgs/include/px4_msgs/px4_msgs/msg/detail/control_allocator_status__builder.hpp\n'}
[9.221148] (px4_msgs) StdoutLine: {'line': b'-- Up-to-date: /home/maizaied03/ros2_ws/install/px4_msgs/include/px4_msgs/px4_msgs/msg/detail/vehicle_command_ack__traits.hpp\n'}
[9.221238] (px4_msgs) StdoutLine: {'line': b'-- Up-to-date: /home/maizaied03/ros2_ws/install/px4_msgs/include/px4_msgs/px4_msgs/msg/detail/qshell_retval__traits.hpp\n'}
[9.221327] (px4_msgs) StdoutLine: {'line': b'-- Up-to-date: /home/maizaied03/ros2_ws/install/px4_msgs/include/px4_msgs/px4_msgs/msg/detail/cpuload__traits.hpp\n'}
[9.221416] (px4_msgs) StdoutLine: {'line': b'-- Up-to-date: /home/maizaied03/ros2_ws/install/px4_msgs/include/px4_msgs/px4_msgs/msg/detail/estimator_aid_source3d__traits.hpp\n'}
[9.221509] (px4_msgs) StdoutLine: {'line': b'-- Up-to-date: /home/maizaied03/ros2_ws/install/px4_msgs/include/px4_msgs/px4_msgs/msg/detail/estimator_bias__struct.hpp\n'}
[9.221602] (px4_msgs) StdoutLine: {'line': b'-- Up-to-date: /home/maizaied03/ros2_ws/install/px4_msgs/include/px4_msgs/px4_msgs/msg/detail/debug_vect__struct.hpp\n'}
[9.221699] (px4_msgs) StdoutLine: {'line': b'-- Up-to-date: /home/maizaied03/ros2_ws/install/px4_msgs/include/px4_msgs/px4_msgs/msg/detail/autotune_attitude_control_status__struct.hpp\n'}
[9.221789] (px4_msgs) StdoutLine: {'line': b'-- Up-to-date: /home/maizaied03/ros2_ws/install/px4_msgs/include/px4_msgs/px4_msgs/msg/detail/esc_status__type_support.hpp\n'}
[9.221880] (px4_msgs) StdoutLine: {'line': b'-- Up-to-date: /home/maizaied03/ros2_ws/install/px4_msgs/include/px4_msgs/px4_msgs/msg/detail/vehicle_global_position__type_support.hpp\n'}
[9.221970] (px4_msgs) StdoutLine: {'line': b'-- Up-to-date: /home/maizaied03/ros2_ws/install/px4_msgs/include/px4_msgs/px4_msgs/msg/detail/estimator_bias3d__struct.hpp\n'}
[9.222067] (px4_msgs) StdoutLine: {'line': b'-- Up-to-date: /home/maizaied03/ros2_ws/install/px4_msgs/include/px4_msgs/px4_msgs/msg/detail/qshell_req__type_support.hpp\n'}
[9.222165] (px4_msgs) StdoutLine: {'line': b'-- Up-to-date: /home/maizaied03/ros2_ws/install/px4_msgs/include/px4_msgs/px4_msgs/msg/detail/orb_test_medium__builder.hpp\n'}
[9.222224] (px4_msgs) StdoutLine: {'line': b'-- Up-to-date: /home/maizaied03/ros2_ws/install/px4_msgs/include/px4_msgs/px4_msgs/msg/detail/vehicle_land_detected__type_support.hpp\n'}
[9.222282] (px4_msgs) StdoutLine: {'line': b'-- Up-to-date: /home/maizaied03/ros2_ws/install/px4_msgs/include/px4_msgs/px4_msgs/msg/detail/gimbal_manager_information__type_support.hpp\n'}
[9.222340] (px4_msgs) StdoutLine: {'line': b'-- Up-to-date: /home/maizaied03/ros2_ws/install/px4_msgs/include/px4_msgs/px4_msgs/msg/detail/orb_test__struct.hpp\n'}
[9.222397] (px4_msgs) StdoutLine: {'line': b'-- Up-to-date: /home/maizaied03/ros2_ws/install/px4_msgs/include/px4_msgs/px4_msgs/msg/detail/hover_thrust_estimate__type_support.hpp\n'}
[9.222457] (px4_msgs) StdoutLine: {'line': b'-- Up-to-date: /home/maizaied03/ros2_ws/install/px4_msgs/include/px4_msgs/px4_msgs/msg/detail/vehicle_attitude_setpoint__type_support.hpp\n'}
[9.222515] (px4_msgs) StdoutLine: {'line': b'-- Up-to-date: /home/maizaied03/ros2_ws/install/px4_msgs/include/px4_msgs/px4_msgs/msg/detail/collision_constraints__struct.hpp\n'}
[9.222574] (px4_msgs) StdoutLine: {'line': b'-- Up-to-date: /home/maizaied03/ros2_ws/install/px4_msgs/include/px4_msgs/px4_msgs/msg/detail/autotune_attitude_control_status__builder.hpp\n'}
[9.222633] (px4_msgs) StdoutLine: {'line': b'-- Up-to-date: /home/maizaied03/ros2_ws/install/px4_msgs/include/px4_msgs/px4_msgs/msg/detail/vtol_vehicle_status__traits.hpp\n'}
[9.222689] (px4_msgs) StdoutLine: {'line': b'-- Up-to-date: /home/maizaied03/ros2_ws/install/px4_msgs/include/px4_msgs/px4_msgs/msg/detail/hover_thrust_estimate__struct.hpp\n'}
[9.222731] (px4_msgs) StdoutLine: {'line': b'-- Up-to-date: /home/maizaied03/ros2_ws/install/px4_msgs/include/px4_msgs/px4_msgs/msg/detail/actuator_motors__traits.hpp\n'}
[9.222764] (px4_msgs) StdoutLine: {'line': b'-- Up-to-date: /home/maizaied03/ros2_ws/install/px4_msgs/include/px4_msgs/px4_msgs/msg/detail/vehicle_angular_velocity__type_support.hpp\n'}
[9.222795] (px4_msgs) StdoutLine: {'line': b'-- Up-to-date: /home/maizaied03/ros2_ws/install/px4_msgs/include/px4_msgs/px4_msgs/msg/detail/uavcan_parameter_request__builder.hpp\n'}
[9.222827] (px4_msgs) StdoutLine: {'line': b'-- Up-to-date: /home/maizaied03/ros2_ws/install/px4_msgs/include/px4_msgs/px4_msgs/msg/detail/register_ext_component_request__type_support.hpp\n'}
[9.222858] (px4_msgs) StdoutLine: {'line': b'-- Up-to-date: /home/maizaied03/ros2_ws/install/px4_msgs/include/px4_msgs/px4_msgs/msg/detail/device_information__traits.hpp\n'}
[9.222890] (px4_msgs) StdoutLine: {'line': b'-- Up-to-date: /home/maizaied03/ros2_ws/install/px4_msgs/include/px4_msgs/px4_msgs/msg/detail/vehicle_air_data__builder.hpp\n'}
[9.222920] (px4_msgs) StdoutLine: {'line': b'-- Up-to-date: /home/maizaied03/ros2_ws/install/px4_msgs/include/px4_msgs/px4_msgs/msg/detail/position_controller_landing_status__builder.hpp\n'}
[9.222967] (px4_msgs) StdoutLine: {'line': b'-- Up-to-date: /home/maizaied03/ros2_ws/install/px4_msgs/include/px4_msgs/px4_msgs/msg/detail/heater_status__struct.hpp\n'}
[9.223016] (px4_msgs) StdoutLine: {'line': b'-- Up-to-date: /home/maizaied03/ros2_ws/install/px4_msgs/include/px4_msgs/px4_msgs/msg/detail/health_report__struct.hpp\n'}
[9.223049] (px4_msgs) StdoutLine: {'line': b'-- Up-to-date: /home/maizaied03/ros2_ws/install/px4_msgs/include/px4_msgs/px4_msgs/msg/detail/position_controller_landing_status__traits.hpp\n'}
[9.223081] (px4_msgs) StdoutLine: {'line': b'-- Up-to-date: /home/maizaied03/ros2_ws/install/px4_msgs/include/px4_msgs/px4_msgs/msg/detail/open_drone_id_system__builder.hpp\n'}
[9.223113] (px4_msgs) StdoutLine: {'line': b'-- Up-to-date: /home/maizaied03/ros2_ws/install/px4_msgs/include/px4_msgs/px4_msgs/msg/detail/message_format_request__traits.hpp\n'}
[9.223151] (px4_msgs) StdoutLine: {'line': b'-- Up-to-date: /home/maizaied03/ros2_ws/install/px4_msgs/include/px4_msgs/px4_msgs/msg/detail/sensor_accel__type_support.hpp\n'}
[9.223206] (px4_msgs) StdoutLine: {'line': b'-- Up-to-date: /home/maizaied03/ros2_ws/install/px4_msgs/include/px4_msgs/px4_msgs/msg/detail/gain_compression__struct.hpp\n'}
[9.223253] (px4_msgs) StdoutLine: {'line': b'-- Up-to-date: /home/maizaied03/ros2_ws/install/px4_msgs/include/px4_msgs/px4_msgs/msg/detail/orb_test_large__builder.hpp\n'}
[9.223312] (px4_msgs) StdoutLine: {'line': b'-- Up-to-date: /home/maizaied03/ros2_ws/install/px4_msgs/include/px4_msgs/px4_msgs/msg/detail/gps_dump__type_support.hpp\n'}
[9.223378] (px4_msgs) StdoutLine: {'line': b'-- Up-to-date: /home/maizaied03/ros2_ws/install/px4_msgs/include/px4_msgs/px4_msgs/msg/detail/esc_report__builder.hpp\n'}
[9.223443] (px4_msgs) StdoutLine: {'line': b'-- Up-to-date: /home/maizaied03/ros2_ws/install/px4_msgs/include/px4_msgs/px4_msgs/msg/detail/trajectory_setpoint__type_support.hpp\n'}
[9.223506] (px4_msgs) StdoutLine: {'line': b'-- Up-to-date: /home/maizaied03/ros2_ws/install/px4_msgs/include/px4_msgs/px4_msgs/msg/detail/geofence_status__builder.hpp\n'}
[9.223560] (px4_msgs) StdoutLine: {'line': b'-- Up-to-date: /home/maizaied03/ros2_ws/install/px4_msgs/include/px4_msgs/px4_msgs/msg/detail/vehicle_odometry__struct.hpp\n'}
[9.223624] (px4_msgs) StdoutLine: {'line': b'-- Up-to-date: /home/maizaied03/ros2_ws/install/px4_msgs/include/px4_msgs/px4_msgs/msg/detail/distance_sensor_mode_change_request__builder.hpp\n'}
[9.223681] (px4_msgs) StdoutLine: {'line': b'-- Up-to-date: /home/maizaied03/ros2_ws/install/px4_msgs/include/px4_msgs/px4_msgs/msg/detail/mission_result__type_support.hpp\n'}
[9.223730] (px4_msgs) StdoutLine: {'line': b'-- Up-to-date: /home/maizaied03/ros2_ws/install/px4_msgs/include/px4_msgs/px4_msgs/msg/detail/generator_status__traits.hpp\n'}
[9.223778] (px4_msgs) StdoutLine: {'line': b'-- Up-to-date: /home/maizaied03/ros2_ws/install/px4_msgs/include/px4_msgs/px4_msgs/msg/detail/fixed_wing_runway_control__type_support.hpp\n'}
[9.223826] (px4_msgs) StdoutLine: {'line': b'-- Up-to-date: /home/maizaied03/ros2_ws/install/px4_msgs/include/px4_msgs/px4_msgs/msg/detail/actuator_armed__struct.hpp\n'}
[9.223875] (px4_msgs) StdoutLine: {'line': b'-- Up-to-date: /home/maizaied03/ros2_ws/install/px4_msgs/include/px4_msgs/px4_msgs/msg/detail/pwm_input__struct.hpp\n'}
[9.223925] (px4_msgs) StdoutLine: {'line': b'-- Up-to-date: /home/maizaied03/ros2_ws/install/px4_msgs/include/px4_msgs/px4_msgs/msg/detail/sensor_baro__type_support.hpp\n'}
[9.223977] (px4_msgs) StdoutLine: {'line': b'-- Up-to-date: /home/maizaied03/ros2_ws/install/px4_msgs/include/px4_msgs/px4_msgs/msg/detail/dataman_response__type_support.hpp\n'}
[9.224027] (px4_msgs) StdoutLine: {'line': b'-- Up-to-date: /home/maizaied03/ros2_ws/install/px4_msgs/include/px4_msgs/px4_msgs/msg/detail/rover_speed_setpoint__traits.hpp\n'}
[9.224105] (px4_msgs) StdoutLine: {'line': b'-- Up-to-date: /home/maizaied03/ros2_ws/install/px4_msgs/include/px4_msgs/px4_msgs/msg/detail/estimator_aid_source2d__struct.hpp\n'}
[9.224187] (px4_msgs) StdoutLine: {'line': b'-- Up-to-date: /home/maizaied03/ros2_ws/install/px4_msgs/include/px4_msgs/px4_msgs/msg/detail/cellular_status__struct.hpp\n'}
[9.224269] (px4_msgs) StdoutLine: {'line': b'-- Up-to-date: /home/maizaied03/ros2_ws/install/px4_msgs/include/px4_msgs/px4_msgs/msg/detail/tecs_status__struct.hpp\n'}
[9.224352] (px4_msgs) StdoutLine: {'line': b'-- Up-to-date: /home/maizaied03/ros2_ws/install/px4_msgs/include/px4_msgs/px4_msgs/msg/detail/camera_trigger__type_support.hpp\n'}
[9.224434] (px4_msgs) StdoutLine: {'line': b'-- Up-to-date: /home/maizaied03/ros2_ws/install/px4_msgs/include/px4_msgs/px4_msgs/msg/detail/sensor_gyro__builder.hpp\n'}
[9.224519] (px4_msgs) StdoutLine: {'line': b'-- Up-to-date: /home/maizaied03/ros2_ws/install/px4_msgs/include/px4_msgs/px4_msgs/msg/detail/goto_setpoint__builder.hpp\n'}
[9.224611] (px4_msgs) StdoutLine: {'line': b'-- Up-to-date: /home/maizaied03/ros2_ws/install/px4_msgs/include/px4_msgs/px4_msgs/msg/detail/mount_orientation__struct.hpp\n'}
[9.224717] (px4_msgs) StdoutLine: {'line': b'-- Up-to-date: /home/maizaied03/ros2_ws/install/px4_msgs/include/px4_msgs/px4_msgs/msg/detail/dataman_response__builder.hpp\n'}
[9.224807] (px4_msgs) StdoutLine: {'line': b'-- Up-to-date: /home/maizaied03/ros2_ws/install/px4_msgs/include/px4_msgs/px4_msgs/msg/detail/message_format_response__struct.hpp\n'}
[9.224897] (px4_msgs) StdoutLine: {'line': b'-- Up-to-date: /home/maizaied03/ros2_ws/install/px4_msgs/include/px4_msgs/px4_msgs/msg/detail/cellular_status__traits.hpp\n'}
[9.224968] (px4_msgs) StdoutLine: {'line': b'-- Up-to-date: /home/maizaied03/ros2_ws/install/px4_msgs/include/px4_msgs/px4_msgs/msg/detail/vehicle_acceleration__traits.hpp\n'}
[9.225046] (px4_msgs) StdoutLine: {'line': b'-- Up-to-date: /home/maizaied03/ros2_ws/install/px4_msgs/include/px4_msgs/px4_msgs/msg/detail/gimbal_manager_set_manual_control__type_support.hpp\n'}
[9.225123] (px4_msgs) StdoutLine: {'line': b'-- Up-to-date: /home/maizaied03/ros2_ws/install/px4_msgs/include/px4_msgs/px4_msgs/msg/detail/parameter_set_value_request__traits.hpp\n'}
[9.225200] (px4_msgs) StdoutLine: {'line': b'-- Up-to-date: /home/maizaied03/ros2_ws/install/px4_msgs/include/px4_msgs/px4_msgs/msg/detail/mavlink_tunnel__traits.hpp\n'}
[9.225290] (px4_msgs) StdoutLine: {'line': b'-- Up-to-date: /home/maizaied03/ros2_ws/install/px4_msgs/include/px4_msgs/px4_msgs/msg/detail/home_position__type_support.hpp\n'}
[9.225365] (px4_msgs) StdoutLine: {'line': b'-- Up-to-date: /home/maizaied03/ros2_ws/install/px4_msgs/include/px4_msgs/px4_msgs/msg/detail/power_button_state__struct.hpp\n'}
[9.225437] (px4_msgs) StdoutLine: {'line': b'-- Up-to-date: /home/maizaied03/ros2_ws/install/px4_msgs/include/px4_msgs/px4_msgs/msg/detail/message_format_response__traits.hpp\n'}
[9.225507] (px4_msgs) StdoutLine: {'line': b'-- Up-to-date: /home/maizaied03/ros2_ws/install/px4_msgs/include/px4_msgs/px4_msgs/msg/detail/button_event__type_support.hpp\n'}
[9.225576] (px4_msgs) StdoutLine: {'line': b'-- Up-to-date: /home/maizaied03/ros2_ws/install/px4_msgs/include/px4_msgs/px4_msgs/msg/detail/gpio_out__struct.hpp\n'}
[9.225743] (px4_msgs) StdoutLine: {'line': b'-- Up-to-date: /home/maizaied03/ros2_ws/install/px4_msgs/include/px4_msgs/px4_msgs/msg/detail/actuator_outputs__type_support.hpp\n'}
[9.225820] (px4_msgs) StdoutLine: {'line': b'-- Up-to-date: /home/maizaied03/ros2_ws/install/px4_msgs/include/px4_msgs/px4_msgs/msg/detail/rate_ctrl_status__struct.hpp\n'}
[9.225895] (px4_msgs) StdoutLine: {'line': b'-- Up-to-date: /home/maizaied03/ros2_ws/install/px4_msgs/include/px4_msgs/px4_msgs/msg/detail/rate_ctrl_status__type_support.hpp\n'}
[9.225973] (px4_msgs) StdoutLine: {'line': b'-- Up-to-date: /home/maizaied03/ros2_ws/install/px4_msgs/include/px4_msgs/px4_msgs/msg/detail/vehicle_air_data__type_support.hpp\n'}
[9.226049] (px4_msgs) StdoutLine: {'line': b'-- Up-to-date: /home/maizaied03/ros2_ws/install/px4_msgs/include/px4_msgs/px4_msgs/msg/detail/vehicle_magnetometer__struct.hpp\n'}
[9.226107] (px4_msgs) StdoutLine: {'line': b'-- Up-to-date: /home/maizaied03/ros2_ws/install/px4_msgs/include/px4_msgs/px4_msgs/msg/detail/ekf2_timestamps__struct.hpp\n'}
[9.226166] (px4_msgs) StdoutLine: {'line': b'-- Up-to-date: /home/maizaied03/ros2_ws/install/px4_msgs/include/px4_msgs/px4_msgs/msg/detail/parameter_set_value_response__traits.hpp\n'}
[9.226218] (px4_msgs) StdoutLine: {'line': b'-- Up-to-date: /home/maizaied03/ros2_ws/install/px4_msgs/include/px4_msgs/px4_msgs/msg/detail/geofence_result__type_support.hpp\n'}
[9.226270] (px4_msgs) StdoutLine: {'line': b'-- Up-to-date: /home/maizaied03/ros2_ws/install/px4_msgs/include/px4_msgs/px4_msgs/msg/detail/vehicle_status__builder.hpp\n'}
[9.226323] (px4_msgs) StdoutLine: {'line': b'-- Up-to-date: /home/maizaied03/ros2_ws/install/px4_msgs/include/px4_msgs/px4_msgs/msg/detail/landing_gear_wheel__builder.hpp\n'}
[9.226374] (px4_msgs) StdoutLine: {'line': b'-- Up-to-date: /home/maizaied03/ros2_ws/install/px4_msgs/include/px4_msgs/px4_msgs/msg/detail/wind__builder.hpp\n'}
[9.226426] (px4_msgs) StdoutLine: {'line': b'-- Up-to-date: /home/maizaied03/ros2_ws/install/px4_msgs/include/px4_msgs/px4_msgs/msg/detail/landing_gear__builder.hpp\n'}
[9.226478] (px4_msgs) StdoutLine: {'line': b'-- Up-to-date: /home/maizaied03/ros2_ws/install/px4_msgs/include/px4_msgs/px4_msgs/msg/detail/estimator_sensor_bias__traits.hpp\n'}
[9.226529] (px4_msgs) StdoutLine: {'line': b'-- Up-to-date: /home/maizaied03/ros2_ws/install/px4_msgs/include/px4_msgs/px4_msgs/msg/detail/timesync_status__struct.hpp\n'}
[9.226581] (px4_msgs) StdoutLine: {'line': b'-- Up-to-date: /home/maizaied03/ros2_ws/install/px4_msgs/include/px4_msgs/px4_msgs/msg/detail/sensor_mag__struct.hpp\n'}
[9.226644] (px4_msgs) StdoutLine: {'line': b'-- Up-to-date: /home/maizaied03/ros2_ws/install/px4_msgs/include/px4_msgs/px4_msgs/msg/detail/estimator_selector_status__builder.hpp\n'}
[9.226698] (px4_msgs) StdoutLine: {'line': b'-- Up-to-date: /home/maizaied03/ros2_ws/install/px4_msgs/include/px4_msgs/px4_msgs/msg/detail/gimbal_device_attitude_status__traits.hpp\n'}
[9.226749] (px4_msgs) StdoutLine: {'line': b'-- Up-to-date: /home/maizaied03/ros2_ws/install/px4_msgs/include/px4_msgs/px4_msgs/msg/detail/figure_eight_status__builder.hpp\n'}
[9.226798] (px4_msgs) StdoutLine: {'line': b'-- Up-to-date: /home/maizaied03/ros2_ws/install/px4_msgs/include/px4_msgs/px4_msgs/msg/detail/parameter_update__type_support.hpp\n'}
[9.226853] (px4_msgs) StdoutLine: {'line': b'-- Up-to-date: /home/maizaied03/ros2_ws/install/px4_msgs/include/px4_msgs/px4_msgs/msg/detail/internal_combustion_engine_control__type_support.hpp\n'}
[9.226908] (px4_msgs) StdoutLine: {'line': b'-- Up-to-date: /home/maizaied03/ros2_ws/install/px4_msgs/include/px4_msgs/px4_msgs/msg/detail/lateral_control_configuration__type_support.hpp\n'}
[9.226959] (px4_msgs) StdoutLine: {'line': b'-- Up-to-date: /home/maizaied03/ros2_ws/install/px4_msgs/include/px4_msgs/px4_msgs/msg/detail/sensor_baro__builder.hpp\n'}
[9.227006] (px4_msgs) StdoutLine: {'line': b'-- Up-to-date: /home/maizaied03/ros2_ws/install/px4_msgs/include/px4_msgs/px4_msgs/msg/detail/logger_status__struct.hpp\n'}
[9.227055] (px4_msgs) StdoutLine: {'line': b'-- Up-to-date: /home/maizaied03/ros2_ws/install/px4_msgs/include/px4_msgs/px4_msgs/msg/detail/adc_report__type_support.hpp\n'}
[9.227104] (px4_msgs) StdoutLine: {'line': b'-- Up-to-date: /home/maizaied03/ros2_ws/install/px4_msgs/include/px4_msgs/px4_msgs/msg/detail/estimator_status__builder.hpp\n'}
[9.227160] (px4_msgs) StdoutLine: {'line': b'-- Up-to-date: /home/maizaied03/ros2_ws/install/px4_msgs/include/px4_msgs/px4_msgs/msg/detail/rc_channels__type_support.hpp\n'}
[9.227210] (px4_msgs) StdoutLine: {'line': b'-- Up-to-date: /home/maizaied03/ros2_ws/install/px4_msgs/include/px4_msgs/px4_msgs/msg/detail/led_control__type_support.hpp\n'}
[9.227266] (px4_msgs) StdoutLine: {'line': b'-- Up-to-date: /home/maizaied03/ros2_ws/install/px4_msgs/include/px4_msgs/px4_msgs/msg/detail/open_drone_id_system__type_support.hpp\n'}
[9.227316] (px4_msgs) StdoutLine: {'line': b'-- Up-to-date: /home/maizaied03/ros2_ws/install/px4_msgs/include/px4_msgs/px4_msgs/msg/detail/magnetometer_bias_estimate__struct.hpp\n'}
[9.227368] (px4_msgs) StdoutLine: {'line': b'-- Up-to-date: /home/maizaied03/ros2_ws/install/px4_msgs/include/px4_msgs/px4_msgs/msg/detail/vehicle_optical_flow_vel__builder.hpp\n'}
[9.227421] (px4_msgs) StdoutLine: {'line': b'-- Up-to-date: /home/maizaied03/ros2_ws/install/px4_msgs/include/px4_msgs/px4_msgs/msg/detail/magnetometer_bias_estimate__type_support.hpp\n'}
[9.227476] (px4_msgs) StdoutLine: {'line': b'-- Up-to-date: /home/maizaied03/ros2_ws/install/px4_msgs/include/px4_msgs/px4_msgs/msg/detail/sensors_status__type_support.hpp\n'}
[9.227529] (px4_msgs) StdoutLine: {'line': b'-- Up-to-date: /home/maizaied03/ros2_ws/install/px4_msgs/include/px4_msgs/px4_msgs/msg/detail/sensor_combined__type_support.hpp\n'}
[9.227584] (px4_msgs) StdoutLine: {'line': b'-- Up-to-date: /home/maizaied03/ros2_ws/install/px4_msgs/include/px4_msgs/px4_msgs/msg/detail/wind__traits.hpp\n'}
[9.227643] (px4_msgs) StdoutLine: {'line': b'-- Up-to-date: /home/maizaied03/ros2_ws/install/px4_msgs/include/px4_msgs/px4_msgs/msg/detail/camera_trigger__struct.hpp\n'}
[9.227698] (px4_msgs) StdoutLine: {'line': b'-- Up-to-date: /home/maizaied03/ros2_ws/install/px4_msgs/include/px4_msgs/px4_msgs/msg/detail/power_button_state__traits.hpp\n'}
[9.227749] (px4_msgs) StdoutLine: {'line': b'-- Up-to-date: /home/maizaied03/ros2_ws/install/px4_msgs/include/px4_msgs/px4_msgs/msg/detail/event__builder.hpp\n'}
[9.227804] (px4_msgs) StdoutLine: {'line': b'-- Up-to-date: /home/maizaied03/ros2_ws/install/px4_msgs/include/px4_msgs/px4_msgs/msg/detail/internal_combustion_engine_status__type_support.hpp\n'}
[9.227868] (px4_msgs) StdoutLine: {'line': b'-- Up-to-date: /home/maizaied03/ros2_ws/install/px4_msgs/include/px4_msgs/px4_msgs/msg/detail/sensor_gyro_fft__builder.hpp\n'}
[9.227943] (px4_msgs) StdoutLine: {'line': b'-- Up-to-date: /home/maizaied03/ros2_ws/install/px4_msgs/include/px4_msgs/px4_msgs/msg/detail/pure_pursuit_status__traits.hpp\n'}
[9.228009] (px4_msgs) StdoutLine: {'line': b'-- Up-to-date: /home/maizaied03/ros2_ws/install/px4_msgs/include/px4_msgs/px4_msgs/msg/detail/mag_worker_data__struct.hpp\n'}
[9.228071] (px4_msgs) StdoutLine: {'line': b'-- Up-to-date: /home/maizaied03/ros2_ws/install/px4_msgs/include/px4_msgs/px4_msgs/msg/detail/vehicle_optical_flow_vel__traits.hpp\n'}
[9.228140] (px4_msgs) StdoutLine: {'line': b'-- Up-to-date: /home/maizaied03/ros2_ws/install/px4_msgs/include/px4_msgs/px4_msgs/msg/detail/landing_target_innovations__builder.hpp\n'}
[9.228202] (px4_msgs) StdoutLine: {'line': b'-- Up-to-date: /home/maizaied03/ros2_ws/install/px4_msgs/include/px4_msgs/px4_msgs/msg/detail/gimbal_device_attitude_status__struct.hpp\n'}
[9.228262] (px4_msgs) StdoutLine: {'line': b'-- Up-to-date: /home/maizaied03/ros2_ws/install/px4_msgs/include/px4_msgs/px4_msgs/msg/detail/vehicle_attitude__builder.hpp\n'}
[9.228322] (px4_msgs) StdoutLine: {'line': b'-- Up-to-date: /home/maizaied03/ros2_ws/install/px4_msgs/include/px4_msgs/px4_msgs/msg/detail/rc_parameter_map__type_support.hpp\n'}
[9.228381] (px4_msgs) StdoutLine: {'line': b'-- Up-to-date: /home/maizaied03/ros2_ws/install/px4_msgs/include/px4_msgs/px4_msgs/msg/detail/parameter_reset_request__type_support.hpp\n'}
[9.228438] (px4_msgs) StdoutLine: {'line': b'-- Up-to-date: /home/maizaied03/ros2_ws/install/px4_msgs/include/px4_msgs/px4_msgs/msg/detail/trajectory_setpoint6dof__traits.hpp\n'}
[9.228500] (px4_msgs) StdoutLine: {'line': b'-- Up-to-date: /home/maizaied03/ros2_ws/install/px4_msgs/include/px4_msgs/px4_msgs/msg/detail/camera_trigger__builder.hpp\n'}
[9.228560] (px4_msgs) StdoutLine: {'line': b'-- Up-to-date: /home/maizaied03/ros2_ws/install/px4_msgs/include/px4_msgs/px4_msgs/msg/detail/differential_pressure__traits.hpp\n'}
[9.228636] (px4_msgs) StdoutLine: {'line': b'-- Up-to-date: /home/maizaied03/ros2_ws/install/px4_msgs/include/px4_msgs/px4_msgs/msg/detail/rover_attitude_setpoint__traits.hpp\n'}
[9.228703] (px4_msgs) StdoutLine: {'line': b'-- Up-to-date: /home/maizaied03/ros2_ws/install/px4_msgs/include/px4_msgs/px4_msgs/msg/detail/takeoff_status__builder.hpp\n'}
[9.228768] (px4_msgs) StdoutLine: {'line': b'-- Up-to-date: /home/maizaied03/ros2_ws/install/px4_msgs/include/px4_msgs/px4_msgs/msg/detail/vtx__type_support.hpp\n'}
[9.228823] (px4_msgs) StdoutLine: {'line': b'-- Up-to-date: /home/maizaied03/ros2_ws/install/px4_msgs/include/px4_msgs/px4_msgs/msg/detail/estimator_aid_source1d__builder.hpp\n'}
[9.228881] (px4_msgs) StdoutLine: {'line': b'-- Up-to-date: /home/maizaied03/ros2_ws/install/px4_msgs/include/px4_msgs/px4_msgs/msg/detail/mavlink_log__struct.hpp\n'}
[9.228943] (px4_msgs) StdoutLine: {'line': b'-- Up-to-date: /home/maizaied03/ros2_ws/install/px4_msgs/include/px4_msgs/px4_msgs/msg/detail/sensor_accel__traits.hpp\n'}
[9.229003] (px4_msgs) StdoutLine: {'line': b'-- Up-to-date: /home/maizaied03/ros2_ws/install/px4_msgs/include/px4_msgs/px4_msgs/msg/detail/debug_key_value__type_support.hpp\n'}
[9.229069] (px4_msgs) StdoutLine: {'line': b'-- Up-to-date: /home/maizaied03/ros2_ws/install/px4_msgs/include/px4_msgs/px4_msgs/msg/detail/generator_status__struct.hpp\n'}
[9.229135] (px4_msgs) StdoutLine: {'line': b'-- Up-to-date: /home/maizaied03/ros2_ws/install/px4_msgs/include/px4_msgs/px4_msgs/msg/detail/sensor_gnss_relative__struct.hpp\n'}
[9.229202] (px4_msgs) StdoutLine: {'line': b'-- Up-to-date: /home/maizaied03/ros2_ws/install/px4_msgs/include/px4_msgs/px4_msgs/msg/detail/navigator_status__struct.hpp\n'}
[9.229264] (px4_msgs) StdoutLine: {'line': b'-- Up-to-date: /home/maizaied03/ros2_ws/install/px4_msgs/include/px4_msgs/px4_msgs/msg/detail/onboard_computer_status__builder.hpp\n'}
[9.229327] (px4_msgs) StdoutLine: {'line': b'-- Up-to-date: /home/maizaied03/ros2_ws/install/px4_msgs/include/px4_msgs/px4_msgs/msg/detail/manual_control_setpoint__builder.hpp\n'}
[9.229389] (px4_msgs) StdoutLine: {'line': b'-- Up-to-date: /home/maizaied03/ros2_ws/install/px4_msgs/include/px4_msgs/px4_msgs/msg/detail/navigator_mission_item__builder.hpp\n'}
[9.229458] (px4_msgs) StdoutLine: {'line': b'-- Up-to-date: /home/maizaied03/ros2_ws/install/px4_msgs/include/px4_msgs/px4_msgs/msg/detail/gimbal_controls__type_support.hpp\n'}
[9.229520] (px4_msgs) StdoutLine: {'line': b'-- Up-to-date: /home/maizaied03/ros2_ws/install/px4_msgs/include/px4_msgs/px4_msgs/msg/detail/battery_status__traits.hpp\n'}
[9.229587] (px4_msgs) StdoutLine: {'line': b'-- Up-to-date: /home/maizaied03/ros2_ws/install/px4_msgs/include/px4_msgs/px4_msgs/msg/detail/gimbal_manager_set_manual_control__traits.hpp\n'}
[9.229665] (px4_msgs) StdoutLine: {'line': b'-- Up-to-date: /home/maizaied03/ros2_ws/install/px4_msgs/include/px4_msgs/px4_msgs/msg/detail/gpio_in__type_support.hpp\n'}
[9.229733] (px4_msgs) StdoutLine: {'line': b'-- Up-to-date: /home/maizaied03/ros2_ws/install/px4_msgs/include/px4_msgs/px4_msgs/msg/detail/trajectory_setpoint__traits.hpp\n'}
[9.229801] (px4_msgs) StdoutLine: {'line': b'-- Up-to-date: /home/maizaied03/ros2_ws/install/px4_msgs/include/px4_msgs/px4_msgs/msg/detail/fixed_wing_lateral_status__traits.hpp\n'}
[9.229867] (px4_msgs) StdoutLine: {'line': b'-- Up-to-date: /home/maizaied03/ros2_ws/install/px4_msgs/include/px4_msgs/px4_msgs/msg/detail/tecs_status__builder.hpp\n'}
[9.229937] (px4_msgs) StdoutLine: {'line': b'-- Up-to-date: /home/maizaied03/ros2_ws/install/px4_msgs/include/px4_msgs/px4_msgs/msg/detail/cpuload__struct.hpp\n'}
[9.229996] (px4_msgs) StdoutLine: {'line': b'-- Up-to-date: /home/maizaied03/ros2_ws/install/px4_msgs/include/px4_msgs/px4_msgs/msg/detail/arming_check_reply__struct.hpp\n'}
[9.230070] (px4_msgs) StdoutLine: {'line': b'-- Up-to-date: /home/maizaied03/ros2_ws/install/px4_msgs/include/px4_msgs/px4_msgs/msg/detail/parameter_set_used_request__traits.hpp\n'}
[9.230127] (px4_msgs) StdoutLine: {'line': b'-- Up-to-date: /home/maizaied03/ros2_ws/install/px4_msgs/include/px4_msgs/px4_msgs/msg/detail/sensor_gnss_status__builder.hpp\n'}
[9.230182] (px4_msgs) StdoutLine: {'line': b'-- Up-to-date: /home/maizaied03/ros2_ws/install/px4_msgs/include/px4_msgs/px4_msgs/msg/detail/camera_capture__traits.hpp\n'}
[9.230239] (px4_msgs) StdoutLine: {'line': b'-- Up-to-date: /home/maizaied03/ros2_ws/install/px4_msgs/include/px4_msgs/px4_msgs/msg/detail/dataman_response__traits.hpp\n'}
[9.230296] (px4_msgs) StdoutLine: {'line': b'-- Up-to-date: /home/maizaied03/ros2_ws/install/px4_msgs/include/px4_msgs/px4_msgs/msg/detail/landing_target_innovations__traits.hpp\n'}
[9.230351] (px4_msgs) StdoutLine: {'line': b'-- Up-to-date: /home/maizaied03/ros2_ws/install/px4_msgs/include/px4_msgs/px4_msgs/msg/detail/log_message__builder.hpp\n'}
[9.230406] (px4_msgs) StdoutLine: {'line': b'-- Up-to-date: /home/maizaied03/ros2_ws/install/px4_msgs/include/px4_msgs/px4_msgs/msg/detail/mode_completed__struct.hpp\n'}
[9.230461] (px4_msgs) StdoutLine: {'line': b'-- Up-to-date: /home/maizaied03/ros2_ws/install/px4_msgs/include/px4_msgs/px4_msgs/msg/detail/wind__type_support.hpp\n'}
[9.230516] (px4_msgs) StdoutLine: {'line': b'-- Up-to-date: /home/maizaied03/ros2_ws/install/px4_msgs/include/px4_msgs/px4_msgs/msg/detail/airspeed_validated__struct.hpp\n'}
[9.230569] (px4_msgs) StdoutLine: {'line': b'-- Up-to-date: /home/maizaied03/ros2_ws/install/px4_msgs/include/px4_msgs/px4_msgs/msg/detail/vehicle_thrust_setpoint__type_support.hpp\n'}
[9.230631] (px4_msgs) StdoutLine: {'line': b'-- Up-to-date: /home/maizaied03/ros2_ws/install/px4_msgs/include/px4_msgs/px4_msgs/msg/detail/sensors_status__struct.hpp\n'}
[9.230703] (px4_msgs) StdoutLine: {'line': b'-- Up-to-date: /home/maizaied03/ros2_ws/install/px4_msgs/include/px4_msgs/px4_msgs/msg/detail/internal_combustion_engine_status__traits.hpp\n'}
[9.230756] (px4_msgs) StdoutLine: {'line': b'-- Up-to-date: /home/maizaied03/ros2_ws/install/px4_msgs/include/px4_msgs/px4_msgs/msg/detail/fuel_tank_status__builder.hpp\n'}
[9.230814] (px4_msgs) StdoutLine: {'line': b'-- Up-to-date: /home/maizaied03/ros2_ws/install/px4_msgs/include/px4_msgs/px4_msgs/msg/detail/health_report__builder.hpp\n'}
[9.230877] (px4_msgs) StdoutLine: {'line': b'-- Up-to-date: /home/maizaied03/ros2_ws/install/px4_msgs/include/px4_msgs/px4_msgs/msg/detail/gimbal_manager_set_manual_control__struct.hpp\n'}
[9.230935] (px4_msgs) StdoutLine: {'line': b'-- Up-to-date: /home/maizaied03/ros2_ws/install/px4_msgs/include/px4_msgs/px4_msgs/msg/detail/telemetry_status__traits.hpp\n'}
[9.230995] (px4_msgs) StdoutLine: {'line': b'-- Up-to-date: /home/maizaied03/ros2_ws/install/px4_msgs/include/px4_msgs/px4_msgs/msg/detail/gimbal_manager_set_attitude__struct.hpp\n'}
[9.231057] (px4_msgs) StdoutLine: {'line': b'-- Up-to-date: /home/maizaied03/ros2_ws/install/px4_msgs/include/px4_msgs/px4_msgs/msg/detail/vehicle_status__traits.hpp\n'}
[9.231115] (px4_msgs) StdoutLine: {'line': b'-- Up-to-date: /home/maizaied03/ros2_ws/install/px4_msgs/include/px4_msgs/px4_msgs/msg/irlock_report.hpp\n'}
[9.231172] (px4_msgs) StdoutLine: {'line': b'-- Up-to-date: /home/maizaied03/ros2_ws/install/px4_msgs/include/px4_msgs/px4_msgs/msg/vtx.hpp\n'}
[9.231227] (px4_msgs) StdoutLine: {'line': b'-- Up-to-date: /home/maizaied03/ros2_ws/install/px4_msgs/include/px4_msgs/px4_msgs/msg/vehicle_optical_flow.hpp\n'}
[9.231283] (px4_msgs) StdoutLine: {'line': b'-- Up-to-date: /home/maizaied03/ros2_ws/install/px4_msgs/include/px4_msgs/px4_msgs/msg/system_power.hpp\n'}
[9.231340] (px4_msgs) StdoutLine: {'line': b'-- Up-to-date: /home/maizaied03/ros2_ws/install/px4_msgs/include/px4_msgs/px4_msgs/msg/button_event.hpp\n'}
[9.231397] (px4_msgs) StdoutLine: {'line': b'-- Up-to-date: /home/maizaied03/ros2_ws/install/px4_msgs/include/px4_msgs/px4_msgs/msg/vehicle_status.hpp\n'}
[9.231451] (px4_msgs) StdoutLine: {'line': b'-- Up-to-date: /home/maizaied03/ros2_ws/install/px4_msgs/include/px4_msgs/px4_msgs/msg/vehicle_imu.hpp\n'}
[9.231503] (px4_msgs) StdoutLine: {'line': b'-- Up-to-date: /home/maizaied03/ros2_ws/install/px4_msgs/include/px4_msgs/px4_msgs/msg/vehicle_roi.hpp\n'}
[9.231560] (px4_msgs) StdoutLine: {'line': b'-- Up-to-date: /home/maizaied03/ros2_ws/install/px4_msgs/include/px4_msgs/px4_msgs/msg/esc_status.hpp\n'}
[9.231625] (px4_msgs) StdoutLine: {'line': b'-- Up-to-date: /home/maizaied03/ros2_ws/install/px4_msgs/include/px4_msgs/px4_msgs/msg/gimbal_device_attitude_status.hpp\n'}
[9.231685] (px4_msgs) StdoutLine: {'line': b'-- Up-to-date: /home/maizaied03/ros2_ws/install/px4_msgs/include/px4_msgs/px4_msgs/msg/airspeed_validated.hpp\n'}
[9.231742] (px4_msgs) StdoutLine: {'line': b'-- Up-to-date: /home/maizaied03/ros2_ws/install/px4_msgs/include/px4_msgs/px4_msgs/msg/pps_capture.hpp\n'}
[9.231806] (px4_msgs) StdoutLine: {'line': b'-- Up-to-date: /home/maizaied03/ros2_ws/install/px4_msgs/include/px4_msgs/px4_msgs/msg/led_control.hpp\n'}
[9.231868] (px4_msgs) StdoutLine: {'line': b'-- Up-to-date: /home/maizaied03/ros2_ws/install/px4_msgs/include/px4_msgs/px4_msgs/msg/battery_status.hpp\n'}
[9.231931] (px4_msgs) StdoutLine: {'line': b'-- Up-to-date: /home/maizaied03/ros2_ws/install/px4_msgs/include/px4_msgs/px4_msgs/msg/vehicle_torque_setpoint.hpp\n'}
[9.232081] (px4_msgs) StdoutLine: {'line': b'-- Up-to-date: /home/maizaied03/ros2_ws/install/px4_msgs/include/px4_msgs/px4_msgs/msg/vehicle_land_detected.hpp\n'}
[9.232169] (px4_msgs) StdoutLine: {'line': b'-- Up-to-date: /home/maizaied03/ros2_ws/install/px4_msgs/include/px4_msgs/px4_msgs/msg/vehicle_angular_velocity.hpp\n'}
[9.232257] (px4_msgs) StdoutLine: {'line': b'-- Up-to-date: /home/maizaied03/ros2_ws/install/px4_msgs/include/px4_msgs/px4_msgs/msg/raptor_input.hpp\n'}
[9.232343] (px4_msgs) StdoutLine: {'line': b'-- Up-to-date: /home/maizaied03/ros2_ws/install/px4_msgs/include/px4_msgs/px4_msgs/msg/gripper.hpp\n'}
[9.232429] (px4_msgs) StdoutLine: {'line': b'-- Up-to-date: /home/maizaied03/ros2_ws/install/px4_msgs/include/px4_msgs/px4_msgs/msg/vehicle_local_position_setpoint.hpp\n'}
[9.232511] (px4_msgs) StdoutLine: {'line': b'-- Up-to-date: /home/maizaied03/ros2_ws/install/px4_msgs/include/px4_msgs/px4_msgs/msg/telemetry_status.hpp\n'}
[9.232599] (px4_msgs) StdoutLine: {'line': b'-- Up-to-date: /home/maizaied03/ros2_ws/install/px4_msgs/include/px4_msgs/px4_msgs/msg/vehicle_rates_setpoint.hpp\n'}
[9.232690] (px4_msgs) StdoutLine: {'line': b'-- Up-to-date: /home/maizaied03/ros2_ws/install/px4_msgs/include/px4_msgs/px4_msgs/msg/landing_gear.hpp\n'}
[9.232772] (px4_msgs) StdoutLine: {'line': b'-- Up-to-date: /home/maizaied03/ros2_ws/install/px4_msgs/include/px4_msgs/px4_msgs/msg/vtol_vehicle_status.hpp\n'}
[9.232856] (px4_msgs) StdoutLine: {'line': b'-- Up-to-date: /home/maizaied03/ros2_ws/install/px4_msgs/include/px4_msgs/px4_msgs/msg/mag_worker_data.hpp\n'}
[9.232944] (px4_msgs) StdoutLine: {'line': b'-- Up-to-date: /home/maizaied03/ros2_ws/install/px4_msgs/include/px4_msgs/px4_msgs/msg/manual_control_setpoint.hpp\n'}
[9.233029] (px4_msgs) StdoutLine: {'line': b'-- Up-to-date: /home/maizaied03/ros2_ws/install/px4_msgs/include/px4_msgs/px4_msgs/msg/rpm.hpp\n'}
[9.233121] (px4_msgs) StdoutLine: {'line': b'-- Up-to-date: /home/maizaied03/ros2_ws/install/px4_msgs/include/px4_msgs/px4_msgs/msg/mission_result.hpp\n'}
[9.233173] (px4_msgs) StdoutLine: {'line': b'-- Up-to-date: /home/maizaied03/ros2_ws/install/px4_msgs/include/px4_msgs/px4_msgs/msg/rtl_status.hpp\n'}
[9.233247] (px4_msgs) StdoutLine: {'line': b'-- Up-to-date: /home/maizaied03/ros2_ws/install/px4_msgs/include/px4_msgs/px4_msgs/msg/pwm_input.hpp\n'}
[9.233307] (px4_msgs) StdoutLine: {'line': b'-- Up-to-date: /home/maizaied03/ros2_ws/install/px4_msgs/include/px4_msgs/px4_msgs/msg/gps_inject_data.hpp\n'}
[9.233358] (px4_msgs) StdoutLine: {'line': b'-- Up-to-date: /home/maizaied03/ros2_ws/install/px4_msgs/include/px4_msgs/px4_msgs/msg/debug_vect.hpp\n'}
[9.233408] (px4_msgs) StdoutLine: {'line': b'-- Up-to-date: /home/maizaied03/ros2_ws/install/px4_msgs/include/px4_msgs/px4_msgs/msg/register_ext_component_request.hpp\n'}
[9.233483] (px4_msgs) StdoutLine: {'line': b'-- Up-to-date: /home/maizaied03/ros2_ws/install/px4_msgs/include/px4_msgs/px4_msgs/msg/debug_key_value.hpp\n'}
[9.233549] (px4_msgs) StdoutLine: {'line': b'-- Up-to-date: /home/maizaied03/ros2_ws/install/px4_msgs/include/px4_msgs/px4_msgs/msg/sensor_gyro_fft.hpp\n'}
[9.233612] (px4_msgs) StdoutLine: {'line': b'-- Up-to-date: /home/maizaied03/ros2_ws/install/px4_msgs/include/px4_msgs/px4_msgs/msg/rover_speed_setpoint.hpp\n'}
[9.233676] (px4_msgs) StdoutLine: {'line': b'-- Up-to-date: /home/maizaied03/ros2_ws/install/px4_msgs/include/px4_msgs/px4_msgs/msg/qshell_req.hpp\n'}
[9.233731] (px4_msgs) StdoutLine: {'line': b'-- Up-to-date: /home/maizaied03/ros2_ws/install/px4_msgs/include/px4_msgs/px4_msgs/msg/mode_completed.hpp\n'}
[9.233790] (px4_msgs) StdoutLine: {'line': b'-- Up-to-date: /home/maizaied03/ros2_ws/install/px4_msgs/include/px4_msgs/px4_msgs/msg/fixed_wing_lateral_guidance_status.hpp\n'}
[9.233846] (px4_msgs) StdoutLine: {'line': b'-- Up-to-date: /home/maizaied03/ros2_ws/install/px4_msgs/include/px4_msgs/px4_msgs/msg/actuator_servos.hpp\n'}
[9.233901] (px4_msgs) StdoutLine: {'line': b'-- Up-to-date: /home/maizaied03/ros2_ws/install/px4_msgs/include/px4_msgs/px4_msgs/msg/failsafe_flags.hpp\n'}
[9.233958] (px4_msgs) StdoutLine: {'line': b'-- Up-to-date: /home/maizaied03/ros2_ws/install/px4_msgs/include/px4_msgs/px4_msgs/msg/power_button_state.hpp\n'}
[9.234014] (px4_msgs) StdoutLine: {'line': b'-- Up-to-date: /home/maizaied03/ros2_ws/install/px4_msgs/include/px4_msgs/px4_msgs/msg/landing_target_innovations.hpp\n'}
[9.234069] (px4_msgs) StdoutLine: {'line': b'-- Up-to-date: /home/maizaied03/ros2_ws/install/px4_msgs/include/px4_msgs/px4_msgs/msg/estimator_bias.hpp\n'}
[9.234124] (px4_msgs) StdoutLine: {'line': b'-- Up-to-date: /home/maizaied03/ros2_ws/install/px4_msgs/include/px4_msgs/px4_msgs/msg/mission.hpp\n'}
[9.234191] (px4_msgs) StdoutLine: {'line': b'-- Up-to-date: /home/maizaied03/ros2_ws/install/px4_msgs/include/px4_msgs/px4_msgs/msg/vehicle_command_ack.hpp\n'}
[9.234247] (px4_msgs) StdoutLine: {'line': b'-- Up-to-date: /home/maizaied03/ros2_ws/install/px4_msgs/include/px4_msgs/px4_msgs/msg/follow_target.hpp\n'}
[9.234295] (px4_msgs) StdoutLine: {'line': b'-- Up-to-date: /home/maizaied03/ros2_ws/install/px4_msgs/include/px4_msgs/px4_msgs/msg/open_drone_id_arm_status.hpp\n'}
[9.234345] (px4_msgs) StdoutLine: {'line': b'-- Up-to-date: /home/maizaied03/ros2_ws/install/px4_msgs/include/px4_msgs/px4_msgs/msg/geofence_result.hpp\n'}
[9.234402] (px4_msgs) StdoutLine: {'line': b'-- Up-to-date: /home/maizaied03/ros2_ws/install/px4_msgs/include/px4_msgs/px4_msgs/msg/fixed_wing_lateral_setpoint.hpp\n'}
[9.234464] (px4_msgs) StdoutLine: {'line': b'-- Up-to-date: /home/maizaied03/ros2_ws/install/px4_msgs/include/px4_msgs/px4_msgs/msg/rc_parameter_map.hpp\n'}
[9.234519] (px4_msgs) StdoutLine: {'line': b'-- Up-to-date: /home/maizaied03/ros2_ws/install/px4_msgs/include/px4_msgs/px4_msgs/msg/ping.hpp\n'}
[9.234578] (px4_msgs) StdoutLine: {'line': b'-- Up-to-date: /home/maizaied03/ros2_ws/install/px4_msgs/include/px4_msgs/px4_msgs/msg/device_information.hpp\n'}
[9.234670] (px4_msgs) StdoutLine: {'line': b'-- Up-to-date: /home/maizaied03/ros2_ws/install/px4_msgs/include/px4_msgs/px4_msgs/msg/sensor_hygrometer.hpp\n'}
[9.234705] (px4_msgs) StdoutLine: {'line': b'-- Up-to-date: /home/maizaied03/ros2_ws/install/px4_msgs/include/px4_msgs/px4_msgs/msg/trajectory_setpoint6dof.hpp\n'}
[9.234737] (px4_msgs) StdoutLine: {'line': b'-- Up-to-date: /home/maizaied03/ros2_ws/install/px4_msgs/include/px4_msgs/px4_msgs/msg/yaw_estimator_status.hpp\n'}
[9.234770] (px4_msgs) StdoutLine: {'line': b'-- Up-to-date: /home/maizaied03/ros2_ws/install/px4_msgs/include/px4_msgs/px4_msgs/msg/control_allocator_status.hpp\n'}
[9.234804] (px4_msgs) StdoutLine: {'line': b'-- Up-to-date: /home/maizaied03/ros2_ws/install/px4_msgs/include/px4_msgs/px4_msgs/msg/power_monitor.hpp\n'}
[9.234840] (px4_msgs) StdoutLine: {'line': b'-- Up-to-date: /home/maizaied03/ros2_ws/install/px4_msgs/include/px4_msgs/px4_msgs/msg/estimator_bias3d.hpp\n'}
[9.234899] (px4_msgs) StdoutLine: {'line': b'-- Up-to-date: /home/maizaied03/ros2_ws/install/px4_msgs/include/px4_msgs/px4_msgs/msg/sensors_status.hpp\n'}
[9.234960] (px4_msgs) StdoutLine: {'line': b'-- Up-to-date: /home/maizaied03/ros2_ws/install/px4_msgs/include/px4_msgs/px4_msgs/msg/magnetometer_bias_estimate.hpp\n'}
[9.235019] (px4_msgs) StdoutLine: {'line': b'-- Up-to-date: /home/maizaied03/ros2_ws/install/px4_msgs/include/px4_msgs/px4_msgs/msg/offboard_control_mode.hpp\n'}
[9.235076] (px4_msgs) StdoutLine: {'line': b'-- Up-to-date: /home/maizaied03/ros2_ws/install/px4_msgs/include/px4_msgs/px4_msgs/msg/orb_test_medium.hpp\n'}
[9.235133] (px4_msgs) StdoutLine: {'line': b'-- Up-to-date: /home/maizaied03/ros2_ws/install/px4_msgs/include/px4_msgs/px4_msgs/msg/sensor_gnss_status.hpp\n'}
[9.235208] (px4_msgs) StdoutLine: {'line': b'-- Up-to-date: /home/maizaied03/ros2_ws/install/px4_msgs/include/px4_msgs/px4_msgs/msg/vehicle_acceleration.hpp\n'}
[9.235268] (px4_msgs) StdoutLine: {'line': b'-- Up-to-date: /home/maizaied03/ros2_ws/install/px4_msgs/include/px4_msgs/px4_msgs/msg/actuator_controls_status.hpp\n'}
[9.235323] (px4_msgs) StdoutLine: {'line': b'-- Up-to-date: /home/maizaied03/ros2_ws/install/px4_msgs/include/px4_msgs/px4_msgs/msg/gain_compression.hpp\n'}
[9.235378] (px4_msgs) StdoutLine: {'line': b'-- Up-to-date: /home/maizaied03/ros2_ws/install/px4_msgs/include/px4_msgs/px4_msgs/srv\n'}
[9.235434] (px4_msgs) StdoutLine: {'line': b'-- Up-to-date: /home/maizaied03/ros2_ws/install/px4_msgs/include/px4_msgs/px4_msgs/srv/vehicle_command.hpp\n'}
[9.235490] (px4_msgs) StdoutLine: {'line': b'-- Up-to-date: /home/maizaied03/ros2_ws/install/px4_msgs/include/px4_msgs/px4_msgs/srv/detail\n'}
[9.235547] (px4_msgs) StdoutLine: {'line': b'-- Up-to-date: /home/maizaied03/ros2_ws/install/px4_msgs/include/px4_msgs/px4_msgs/srv/detail/vehicle_command__type_support.hpp\n'}
[9.235617] (px4_msgs) StdoutLine: {'line': b'-- Up-to-date: /home/maizaied03/ros2_ws/install/px4_msgs/include/px4_msgs/px4_msgs/srv/detail/vehicle_command__traits.hpp\n'}
[9.235683] (px4_msgs) StdoutLine: {'line': b'-- Up-to-date: /home/maizaied03/ros2_ws/install/px4_msgs/include/px4_msgs/px4_msgs/srv/detail/vehicle_command__struct.hpp\n'}
[9.235743] (px4_msgs) StdoutLine: {'line': b'-- Up-to-date: /home/maizaied03/ros2_ws/install/px4_msgs/include/px4_msgs/px4_msgs/srv/detail/vehicle_command__builder.hpp\n'}
[9.235800] (px4_msgs) StdoutLine: {'line': b'-- Up-to-date: /home/maizaied03/ros2_ws/install/px4_msgs/include/px4_msgs/px4_msgs\n'}
[9.235857] (px4_msgs) StdoutLine: {'line': b'-- Up-to-date: /home/maizaied03/ros2_ws/install/px4_msgs/include/px4_msgs/px4_msgs/msg\n'}
[9.235918] (px4_msgs) StdoutLine: {'line': b'-- Up-to-date: /home/maizaied03/ros2_ws/install/px4_msgs/include/px4_msgs/px4_msgs/msg/rosidl_typesupport_fastrtps_cpp__visibility_control.h\n'}
[9.235976] (px4_msgs) StdoutLine: {'line': b'-- Up-to-date: /home/maizaied03/ros2_ws/install/px4_msgs/include/px4_msgs/px4_msgs/msg/detail\n'}
[9.236033] (px4_msgs) StdoutLine: {'line': b'-- Up-to-date: /home/maizaied03/ros2_ws/install/px4_msgs/include/px4_msgs/px4_msgs/msg/detail/landing_gear__rosidl_typesupport_fastrtps_cpp.hpp\n'}
[9.236090] (px4_msgs) StdoutLine: {'line': b'-- Up-to-date: /home/maizaied03/ros2_ws/install/px4_msgs/include/px4_msgs/px4_msgs/msg/detail/landing_target_pose__rosidl_typesupport_fastrtps_cpp.hpp\n'}
[9.236147] (px4_msgs) StdoutLine: {'line': b'-- Up-to-date: /home/maizaied03/ros2_ws/install/px4_msgs/include/px4_msgs/px4_msgs/msg/detail/follow_target__rosidl_typesupport_fastrtps_cpp.hpp\n'}
[9.236204] (px4_msgs) StdoutLine: {'line': b'-- Up-to-date: /home/maizaied03/ros2_ws/install/px4_msgs/include/px4_msgs/px4_msgs/msg/detail/goto_setpoint__rosidl_typesupport_fastrtps_cpp.hpp\n'}
[9.236260] (px4_msgs) StdoutLine: {'line': b'-- Up-to-date: /home/maizaied03/ros2_ws/install/px4_msgs/include/px4_msgs/px4_msgs/msg/detail/figure_eight_status__rosidl_typesupport_fastrtps_cpp.hpp\n'}
[9.236316] (px4_msgs) StdoutLine: {'line': b'-- Up-to-date: /home/maizaied03/ros2_ws/install/px4_msgs/include/px4_msgs/px4_msgs/msg/detail/cellular_status__rosidl_typesupport_fastrtps_cpp.hpp\n'}
[9.236370] (px4_msgs) StdoutLine: {'line': b'-- Up-to-date: /home/maizaied03/ros2_ws/install/px4_msgs/include/px4_msgs/px4_msgs/msg/detail/mavlink_tunnel__rosidl_typesupport_fastrtps_cpp.hpp\n'}
[9.236427] (px4_msgs) StdoutLine: {'line': b'-- Up-to-date: /home/maizaied03/ros2_ws/install/px4_msgs/include/px4_msgs/px4_msgs/msg/detail/gimbal_manager_information__rosidl_typesupport_fastrtps_cpp.hpp\n'}
[9.236485] (px4_msgs) StdoutLine: {'line': b'-- Up-to-date: /home/maizaied03/ros2_ws/install/px4_msgs/include/px4_msgs/px4_msgs/msg/detail/task_stack_info__rosidl_typesupport_fastrtps_cpp.hpp\n'}
[9.236547] (px4_msgs) StdoutLine: {'line': b'-- Up-to-date: /home/maizaied03/ros2_ws/install/px4_msgs/include/px4_msgs/px4_msgs/msg/detail/parameter_reset_request__rosidl_typesupport_fastrtps_cpp.hpp\n'}
[9.236608] (px4_msgs) StdoutLine: {'line': b'-- Up-to-date: /home/maizaied03/ros2_ws/install/px4_msgs/include/px4_msgs/px4_msgs/msg/detail/magnetometer_bias_estimate__rosidl_typesupport_fastrtps_cpp.hpp\n'}
[9.236668] (px4_msgs) StdoutLine: {'line': b'-- Up-to-date: /home/maizaied03/ros2_ws/install/px4_msgs/include/px4_msgs/px4_msgs/msg/detail/uavcan_parameter_request__rosidl_typesupport_fastrtps_cpp.hpp\n'}
[9.236724] (px4_msgs) StdoutLine: {'line': b'-- Up-to-date: /home/maizaied03/ros2_ws/install/px4_msgs/include/px4_msgs/px4_msgs/msg/detail/onboard_computer_status__rosidl_typesupport_fastrtps_cpp.hpp\n'}
[9.236779] (px4_msgs) StdoutLine: {'line': b'-- Up-to-date: /home/maizaied03/ros2_ws/install/px4_msgs/include/px4_msgs/px4_msgs/msg/detail/landing_gear_wheel__rosidl_typesupport_fastrtps_cpp.hpp\n'}
[9.236836] (px4_msgs) StdoutLine: {'line': b'-- Up-to-date: /home/maizaied03/ros2_ws/install/px4_msgs/include/px4_msgs/px4_msgs/msg/detail/qshell_retval__rosidl_typesupport_fastrtps_cpp.hpp\n'}
[9.236892] (px4_msgs) StdoutLine: {'line': b'-- Up-to-date: /home/maizaied03/ros2_ws/install/px4_msgs/include/px4_msgs/px4_msgs/msg/detail/control_allocator_status__rosidl_typesupport_fastrtps_cpp.hpp\n'}
[9.236948] (px4_msgs) StdoutLine: {'line': b'-- Up-to-date: /home/maizaied03/ros2_ws/install/px4_msgs/include/px4_msgs/px4_msgs/msg/detail/qshell_req__rosidl_typesupport_fastrtps_cpp.hpp\n'}
[9.237003] (px4_msgs) StdoutLine: {'line': b'-- Up-to-date: /home/maizaied03/ros2_ws/install/px4_msgs/include/px4_msgs/px4_msgs/msg/detail/lateral_control_configuration__rosidl_typesupport_fastrtps_cpp.hpp\n'}
[9.237058] (px4_msgs) StdoutLine: {'line': b'-- Up-to-date: /home/maizaied03/ros2_ws/install/px4_msgs/include/px4_msgs/px4_msgs/msg/detail/raptor_status__rosidl_typesupport_fastrtps_cpp.hpp\n'}
[9.237115] (px4_msgs) StdoutLine: {'line': b'-- Up-to-date: /home/maizaied03/ros2_ws/install/px4_msgs/include/px4_msgs/px4_msgs/msg/detail/vehicle_magnetometer__rosidl_typesupport_fastrtps_cpp.hpp\n'}
[9.237170] (px4_msgs) StdoutLine: {'line': b'-- Up-to-date: /home/maizaied03/ros2_ws/install/px4_msgs/include/px4_msgs/px4_msgs/msg/detail/sensor_gnss_relative__rosidl_typesupport_fastrtps_cpp.hpp\n'}
[9.237222] (px4_msgs) StdoutLine: {'line': b'-- Up-to-date: /home/maizaied03/ros2_ws/install/px4_msgs/include/px4_msgs/px4_msgs/msg/detail/airspeed_wind__rosidl_typesupport_fastrtps_cpp.hpp\n'}
[9.237275] (px4_msgs) StdoutLine: {'line': b'-- Up-to-date: /home/maizaied03/ros2_ws/install/px4_msgs/include/px4_msgs/px4_msgs/msg/detail/normalized_unsigned_setpoint__rosidl_typesupport_fastrtps_cpp.hpp\n'}
[9.237326] (px4_msgs) StdoutLine: {'line': b'-- Up-to-date: /home/maizaied03/ros2_ws/install/px4_msgs/include/px4_msgs/px4_msgs/msg/detail/mag_worker_data__rosidl_typesupport_fastrtps_cpp.hpp\n'}
[9.237378] (px4_msgs) StdoutLine: {'line': b'-- Up-to-date: /home/maizaied03/ros2_ws/install/px4_msgs/include/px4_msgs/px4_msgs/msg/detail/rover_speed_setpoint__rosidl_typesupport_fastrtps_cpp.hpp\n'}
[9.237430] (px4_msgs) StdoutLine: {'line': b'-- Up-to-date: /home/maizaied03/ros2_ws/install/px4_msgs/include/px4_msgs/px4_msgs/msg/detail/debug_vect__rosidl_typesupport_fastrtps_cpp.hpp\n'}
[9.237484] (px4_msgs) StdoutLine: {'line': b'-- Up-to-date: /home/maizaied03/ros2_ws/install/px4_msgs/include/px4_msgs/px4_msgs/msg/detail/rc_parameter_map__rosidl_typesupport_fastrtps_cpp.hpp\n'}
[9.237541] (px4_msgs) StdoutLine: {'line': b'-- Up-to-date: /home/maizaied03/ros2_ws/install/px4_msgs/include/px4_msgs/px4_msgs/msg/detail/vehicle_imu_status__rosidl_typesupport_fastrtps_cpp.hpp\n'}
[9.237599] (px4_msgs) StdoutLine: {'line': b'-- Up-to-date: /home/maizaied03/ros2_ws/install/px4_msgs/include/px4_msgs/px4_msgs/msg/detail/home_position__rosidl_typesupport_fastrtps_cpp.hpp\n'}
[9.237657] (px4_msgs) StdoutLine: {'line': b'-- Up-to-date: /home/maizaied03/ros2_ws/install/px4_msgs/include/px4_msgs/px4_msgs/msg/detail/rover_rate_setpoint__rosidl_typesupport_fastrtps_cpp.hpp\n'}
[9.237763] (px4_msgs) StdoutLine: {'line': b'-- Up-to-date: /home/maizaied03/ros2_ws/install/px4_msgs/include/px4_msgs/px4_msgs/msg/detail/parameter_update__rosidl_typesupport_fastrtps_cpp.hpp\n'}
[9.237827] (px4_msgs) StdoutLine: {'line': b'-- Up-to-date: /home/maizaied03/ros2_ws/install/px4_msgs/include/px4_msgs/px4_msgs/msg/detail/trajectory_setpoint__rosidl_typesupport_fastrtps_cpp.hpp\n'}
[9.237891] (px4_msgs) StdoutLine: {'line': b'-- Up-to-date: /home/maizaied03/ros2_ws/install/px4_msgs/include/px4_msgs/px4_msgs/msg/detail/open_drone_id_system__rosidl_typesupport_fastrtps_cpp.hpp\n'}
[9.237948] (px4_msgs) StdoutLine: {'line': b'-- Up-to-date: /home/maizaied03/ros2_ws/install/px4_msgs/include/px4_msgs/px4_msgs/msg/detail/sensor_gyro__rosidl_typesupport_fastrtps_cpp.hpp\n'}
[9.238018] (px4_msgs) StdoutLine: {'line': b'-- Up-to-date: /home/maizaied03/ros2_ws/install/px4_msgs/include/px4_msgs/px4_msgs/msg/detail/landing_target_innovations__rosidl_typesupport_fastrtps_cpp.hpp\n'}
[9.238086] (px4_msgs) StdoutLine: {'line': b'-- Up-to-date: /home/maizaied03/ros2_ws/install/px4_msgs/include/px4_msgs/px4_msgs/msg/detail/navigator_status__rosidl_typesupport_fastrtps_cpp.hpp\n'}
[9.238154] (px4_msgs) StdoutLine: {'line': b'-- Up-to-date: /home/maizaied03/ros2_ws/install/px4_msgs/include/px4_msgs/px4_msgs/msg/detail/orbit_status__rosidl_typesupport_fastrtps_cpp.hpp\n'}
[9.238227] (px4_msgs) StdoutLine: {'line': b'-- Up-to-date: /home/maizaied03/ros2_ws/install/px4_msgs/include/px4_msgs/px4_msgs/msg/detail/wind__rosidl_typesupport_fastrtps_cpp.hpp\n'}
[9.238285] (px4_msgs) StdoutLine: {'line': b'-- Up-to-date: /home/maizaied03/ros2_ws/install/px4_msgs/include/px4_msgs/px4_msgs/msg/detail/estimator_bias3d__rosidl_typesupport_fastrtps_cpp.hpp\n'}
[9.238345] (px4_msgs) StdoutLine: {'line': b'-- Up-to-date: /home/maizaied03/ros2_ws/install/px4_msgs/include/px4_msgs/px4_msgs/msg/detail/input_rc__rosidl_typesupport_fastrtps_cpp.hpp\n'}
[9.238412] (px4_msgs) StdoutLine: {'line': b'-- Up-to-date: /home/maizaied03/ros2_ws/install/px4_msgs/include/px4_msgs/px4_msgs/msg/detail/iridiumsbd_status__rosidl_typesupport_fastrtps_cpp.hpp\n'}
[9.238473] (px4_msgs) StdoutLine: {'line': b'-- Up-to-date: /home/maizaied03/ros2_ws/install/px4_msgs/include/px4_msgs/px4_msgs/msg/detail/gimbal_controls__rosidl_typesupport_fastrtps_cpp.hpp\n'}
[9.238536] (px4_msgs) StdoutLine: {'line': b'-- Up-to-date: /home/maizaied03/ros2_ws/install/px4_msgs/include/px4_msgs/px4_msgs/msg/detail/open_drone_id_arm_status__rosidl_typesupport_fastrtps_cpp.hpp\n'}
[9.238602] (px4_msgs) StdoutLine: {'line': b'-- Up-to-date: /home/maizaied03/ros2_ws/install/px4_msgs/include/px4_msgs/px4_msgs/msg/detail/can_interface_status__rosidl_typesupport_fastrtps_cpp.hpp\n'}
[9.238671] (px4_msgs) StdoutLine: {'line': b'-- Up-to-date: /home/maizaied03/ros2_ws/install/px4_msgs/include/px4_msgs/px4_msgs/msg/detail/rover_attitude_setpoint__rosidl_typesupport_fastrtps_cpp.hpp\n'}
[9.238734] (px4_msgs) StdoutLine: {'line': b'-- Up-to-date: /home/maizaied03/ros2_ws/install/px4_msgs/include/px4_msgs/px4_msgs/msg/detail/rc_channels__rosidl_typesupport_fastrtps_cpp.hpp\n'}
[9.238795] (px4_msgs) StdoutLine: {'line': b'-- Up-to-date: /home/maizaied03/ros2_ws/install/px4_msgs/include/px4_msgs/px4_msgs/msg/detail/sensor_gnss_status__rosidl_typesupport_fastrtps_cpp.hpp\n'}
[9.238855] (px4_msgs) StdoutLine: {'line': b'-- Up-to-date: /home/maizaied03/ros2_ws/install/px4_msgs/include/px4_msgs/px4_msgs/msg/detail/actuator_controls_status__rosidl_typesupport_fastrtps_cpp.hpp\n'}
[9.238945] (px4_msgs) StdoutLine: {'line': b'-- Up-to-date: /home/maizaied03/ros2_ws/install/px4_msgs/include/px4_msgs/px4_msgs/msg/detail/internal_combustion_engine_status__rosidl_typesupport_fastrtps_cpp.hpp\n'}
[9.239023] (px4_msgs) StdoutLine: {'line': b'-- Up-to-date: /home/maizaied03/ros2_ws/install/px4_msgs/include/px4_msgs/px4_msgs/msg/detail/tecs_status__rosidl_typesupport_fastrtps_cpp.hpp\n'}
[9.239097] (px4_msgs) StdoutLine: {'line': b'-- Up-to-date: /home/maizaied03/ros2_ws/install/px4_msgs/include/px4_msgs/px4_msgs/msg/detail/telemetry_status__rosidl_typesupport_fastrtps_cpp.hpp\n'}
[9.239171] (px4_msgs) StdoutLine: {'line': b'-- Up-to-date: /home/maizaied03/ros2_ws/install/px4_msgs/include/px4_msgs/px4_msgs/msg/detail/vehicle_imu__rosidl_typesupport_fastrtps_cpp.hpp\n'}
[9.239244] (px4_msgs) StdoutLine: {'line': b'-- Up-to-date: /home/maizaied03/ros2_ws/install/px4_msgs/include/px4_msgs/px4_msgs/msg/detail/system_power__rosidl_typesupport_fastrtps_cpp.hpp\n'}
[9.239317] (px4_msgs) StdoutLine: {'line': b'-- Up-to-date: /home/maizaied03/ros2_ws/install/px4_msgs/include/px4_msgs/px4_msgs/msg/detail/power_button_state__rosidl_typesupport_fastrtps_cpp.hpp\n'}
[9.239391] (px4_msgs) StdoutLine: {'line': b'-- Up-to-date: /home/maizaied03/ros2_ws/install/px4_msgs/include/px4_msgs/px4_msgs/msg/detail/autotune_attitude_control_status__rosidl_typesupport_fastrtps_cpp.hpp\n'}
[9.239460] (px4_msgs) StdoutLine: {'line': b'-- Up-to-date: /home/maizaied03/ros2_ws/install/px4_msgs/include/px4_msgs/px4_msgs/msg/detail/raptor_input__rosidl_typesupport_fastrtps_cpp.hpp\n'}
[9.239530] (px4_msgs) StdoutLine: {'line': b'-- Up-to-date: /home/maizaied03/ros2_ws/install/px4_msgs/include/px4_msgs/px4_msgs/msg/detail/distance_sensor__rosidl_typesupport_fastrtps_cpp.hpp\n'}
[9.239658] (px4_msgs) StdoutLine: {'line': b'-- Up-to-date: /home/maizaied03/ros2_ws/install/px4_msgs/include/px4_msgs/px4_msgs/msg/detail/hover_thrust_estimate__rosidl_typesupport_fastrtps_cpp.hpp\n'}
[9.239741] (px4_msgs) StdoutLine: {'line': b'-- Up-to-date: /home/maizaied03/ros2_ws/install/px4_msgs/include/px4_msgs/px4_msgs/msg/detail/rover_attitude_status__rosidl_typesupport_fastrtps_cpp.hpp\n'}
[9.239821] (px4_msgs) StdoutLine: {'line': b'-- Up-to-date: /home/maizaied03/ros2_ws/install/px4_msgs/include/px4_msgs/px4_msgs/msg/detail/actuator_servos__rosidl_typesupport_fastrtps_cpp.hpp\n'}
[9.239878] (px4_msgs) StdoutLine: {'line': b'-- Up-to-date: /home/maizaied03/ros2_ws/install/px4_msgs/include/px4_msgs/px4_msgs/msg/detail/navigator_mission_item__rosidl_typesupport_fastrtps_cpp.hpp\n'}
[9.239953] (px4_msgs) StdoutLine: {'line': b'-- Up-to-date: /home/maizaied03/ros2_ws/install/px4_msgs/include/px4_msgs/px4_msgs/msg/detail/estimator_sensor_bias__rosidl_typesupport_fastrtps_cpp.hpp\n'}
[9.240048] (px4_msgs) StdoutLine: {'line': b'-- Up-to-date: /home/maizaied03/ros2_ws/install/px4_msgs/include/px4_msgs/px4_msgs/msg/detail/open_drone_id_operator_id__rosidl_typesupport_fastrtps_cpp.hpp\n'}
[9.240117] (px4_msgs) StdoutLine: {'line': b'-- Up-to-date: /home/maizaied03/ros2_ws/install/px4_msgs/include/px4_msgs/px4_msgs/msg/detail/sensor_correction__rosidl_typesupport_fastrtps_cpp.hpp\n'}
[9.240179] (px4_msgs) StdoutLine: {'line': b'-- Up-to-date: /home/maizaied03/ros2_ws/install/px4_msgs/include/px4_msgs/px4_msgs/msg/detail/rpm__rosidl_typesupport_fastrtps_cpp.hpp\n'}
[9.240232] (px4_msgs) StdoutLine: {'line': b'-- Up-to-date: /home/maizaied03/ros2_ws/install/px4_msgs/include/px4_msgs/px4_msgs/msg/detail/rover_throttle_setpoint__rosidl_typesupport_fastrtps_cpp.hpp\n'}
[9.240291] (px4_msgs) StdoutLine: {'line': b'-- Up-to-date: /home/maizaied03/ros2_ws/install/px4_msgs/include/px4_msgs/px4_msgs/msg/detail/transponder_report__rosidl_typesupport_fastrtps_cpp.hpp\n'}
[9.240344] (px4_msgs) StdoutLine: {'line': b'-- Up-to-date: /home/maizaied03/ros2_ws/install/px4_msgs/include/px4_msgs/px4_msgs/msg/detail/actuator_test__rosidl_typesupport_fastrtps_cpp.hpp\n'}
[9.240397] (px4_msgs) StdoutLine: {'line': b'-- Up-to-date: /home/maizaied03/ros2_ws/install/px4_msgs/include/px4_msgs/px4_msgs/msg/detail/dataman_request__rosidl_typesupport_fastrtps_cpp.hpp\n'}
[9.240454] (px4_msgs) StdoutLine: {'line': b'-- Up-to-date: /home/maizaied03/ros2_ws/install/px4_msgs/include/px4_msgs/px4_msgs/msg/detail/fixed_wing_longitudinal_setpoint__rosidl_typesupport_fastrtps_cpp.hpp\n'}
[9.240507] (px4_msgs) StdoutLine: {'line': b'-- Up-to-date: /home/maizaied03/ros2_ws/install/px4_msgs/include/px4_msgs/px4_msgs/msg/detail/battery_info__rosidl_typesupport_fastrtps_cpp.hpp\n'}
[9.240559] (px4_msgs) StdoutLine: {'line': b'-- Up-to-date: /home/maizaied03/ros2_ws/install/px4_msgs/include/px4_msgs/px4_msgs/msg/detail/differential_pressure__rosidl_typesupport_fastrtps_cpp.hpp\n'}
[9.240617] (px4_msgs) StdoutLine: {'line': b'-- Up-to-date: /home/maizaied03/ros2_ws/install/px4_msgs/include/px4_msgs/px4_msgs/msg/detail/gain_compression__rosidl_typesupport_fastrtps_cpp.hpp\n'}
[9.240693] (px4_msgs) StdoutLine: {'line': b'-- Up-to-date: /home/maizaied03/ros2_ws/install/px4_msgs/include/px4_msgs/px4_msgs/msg/detail/longitudinal_control_configuration__rosidl_typesupport_fastrtps_cpp.hpp\n'}
[9.240747] (px4_msgs) StdoutLine: {'line': b'-- Up-to-date: /home/maizaied03/ros2_ws/install/px4_msgs/include/px4_msgs/px4_msgs/msg/detail/gpio_request__rosidl_typesupport_fastrtps_cpp.hpp\n'}
[9.240799] (px4_msgs) StdoutLine: {'line': b'-- Up-to-date: /home/maizaied03/ros2_ws/install/px4_msgs/include/px4_msgs/px4_msgs/msg/detail/vehicle_global_position__rosidl_typesupport_fastrtps_cpp.hpp\n'}
[9.240850] (px4_msgs) StdoutLine: {'line': b'-- Up-to-date: /home/maizaied03/ros2_ws/install/px4_msgs/include/px4_msgs/px4_msgs/msg/detail/launch_detection_status__rosidl_typesupport_fastrtps_cpp.hpp\n'}
[9.240901] (px4_msgs) StdoutLine: {'line': b'-- Up-to-date: /home/maizaied03/ros2_ws/install/px4_msgs/include/px4_msgs/px4_msgs/msg/detail/sensor_accel__rosidl_typesupport_fastrtps_cpp.hpp\n'}
[9.240952] (px4_msgs) StdoutLine: {'line': b'-- Up-to-date: /home/maizaied03/ros2_ws/install/px4_msgs/include/px4_msgs/px4_msgs/msg/detail/estimator_aid_source2d__rosidl_typesupport_fastrtps_cpp.hpp\n'}
[9.241003] (px4_msgs) StdoutLine: {'line': b'-- Up-to-date: /home/maizaied03/ros2_ws/install/px4_msgs/include/px4_msgs/px4_msgs/msg/detail/gripper__rosidl_typesupport_fastrtps_cpp.hpp\n'}
[9.241059] (px4_msgs) StdoutLine: {'line': b'-- Up-to-date: /home/maizaied03/ros2_ws/install/px4_msgs/include/px4_msgs/px4_msgs/msg/detail/config_overrides__rosidl_typesupport_fastrtps_cpp.hpp\n'}
[9.241134] (px4_msgs) StdoutLine: {'line': b'-- Up-to-date: /home/maizaied03/ros2_ws/install/px4_msgs/include/px4_msgs/px4_msgs/msg/detail/actuator_motors__rosidl_typesupport_fastrtps_cpp.hpp\n'}
[9.241194] (px4_msgs) StdoutLine: {'line': b'-- Up-to-date: /home/maizaied03/ros2_ws/install/px4_msgs/include/px4_msgs/px4_msgs/msg/detail/orb_test_medium__rosidl_typesupport_fastrtps_cpp.hpp\n'}
[9.241250] (px4_msgs) StdoutLine: {'line': b'-- Up-to-date: /home/maizaied03/ros2_ws/install/px4_msgs/include/px4_msgs/px4_msgs/msg/detail/event__rosidl_typesupport_fastrtps_cpp.hpp\n'}
[9.241305] (px4_msgs) StdoutLine: {'line': b'-- Up-to-date: /home/maizaied03/ros2_ws/install/px4_msgs/include/px4_msgs/px4_msgs/msg/detail/rover_speed_status__rosidl_typesupport_fastrtps_cpp.hpp\n'}
[9.241358] (px4_msgs) StdoutLine: {'line': b'-- Up-to-date: /home/maizaied03/ros2_ws/install/px4_msgs/include/px4_msgs/px4_msgs/msg/detail/camera_status__rosidl_typesupport_fastrtps_cpp.hpp\n'}
[9.241451] (px4_msgs) StdoutLine: {'line': b'-- Up-to-date: /home/maizaied03/ros2_ws/install/px4_msgs/include/px4_msgs/px4_msgs/msg/detail/vehicle_local_position_setpoint__rosidl_typesupport_fastrtps_cpp.hpp\n'}
[9.241513] (px4_msgs) StdoutLine: {'line': b'-- Up-to-date: /home/maizaied03/ros2_ws/install/px4_msgs/include/px4_msgs/px4_msgs/msg/detail/estimator_selector_status__rosidl_typesupport_fastrtps_cpp.hpp\n'}
[9.241568] (px4_msgs) StdoutLine: {'line': b'-- Up-to-date: /home/maizaied03/ros2_ws/install/px4_msgs/include/px4_msgs/px4_msgs/msg/detail/timesync_status__rosidl_typesupport_fastrtps_cpp.hpp\n'}
[9.241648] (px4_msgs) StdoutLine: {'line': b'-- Up-to-date: /home/maizaied03/ros2_ws/install/px4_msgs/include/px4_msgs/px4_msgs/msg/detail/actuator_armed__rosidl_typesupport_fastrtps_cpp.hpp\n'}
[9.241714] (px4_msgs) StdoutLine: {'line': b'-- Up-to-date: /home/maizaied03/ros2_ws/install/px4_msgs/include/px4_msgs/px4_msgs/msg/detail/internal_combustion_engine_control__rosidl_typesupport_fastrtps_cpp.hpp\n'}
[9.241804] (px4_msgs) StdoutLine: {'line': b'-- Up-to-date: /home/maizaied03/ros2_ws/install/px4_msgs/include/px4_msgs/px4_msgs/msg/detail/battery_status__rosidl_typesupport_fastrtps_cpp.hpp\n'}
[9.241861] (px4_msgs) StdoutLine: {'line': b'-- Up-to-date: /home/maizaied03/ros2_ws/install/px4_msgs/include/px4_msgs/px4_msgs/msg/detail/geofence_status__rosidl_typesupport_fastrtps_cpp.hpp\n'}
[9.241916] (px4_msgs) StdoutLine: {'line': b'-- Up-to-date: /home/maizaied03/ros2_ws/install/px4_msgs/include/px4_msgs/px4_msgs/msg/detail/cpuload__rosidl_typesupport_fastrtps_cpp.hpp\n'}
[9.241975] (px4_msgs) StdoutLine: {'line': b'-- Up-to-date: /home/maizaied03/ros2_ws/install/px4_msgs/include/px4_msgs/px4_msgs/msg/detail/sensor_gyro_fifo__rosidl_typesupport_fastrtps_cpp.hpp\n'}
[9.242030] (px4_msgs) StdoutLine: {'line': b'-- Up-to-date: /home/maizaied03/ros2_ws/install/px4_msgs/include/px4_msgs/px4_msgs/msg/detail/ulog_stream_ack__rosidl_typesupport_fastrtps_cpp.hpp\n'}
[9.242085] (px4_msgs) StdoutLine: {'line': b'-- Up-to-date: /home/maizaied03/ros2_ws/install/px4_msgs/include/px4_msgs/px4_msgs/msg/detail/dds_fastrtps\n'}
[9.242141] (px4_msgs) StdoutLine: {'line': b'-- Up-to-date: /home/maizaied03/ros2_ws/install/px4_msgs/include/px4_msgs/px4_msgs/msg/detail/vehicle_air_data__rosidl_typesupport_fastrtps_cpp.hpp\n'}
[9.242200] (px4_msgs) StdoutLine: {'line': b'-- Up-to-date: /home/maizaied03/ros2_ws/install/px4_msgs/include/px4_msgs/px4_msgs/msg/detail/vehicle_odometry__rosidl_typesupport_fastrtps_cpp.hpp\n'}
[9.242261] (px4_msgs) StdoutLine: {'line': b'-- Up-to-date: /home/maizaied03/ros2_ws/install/px4_msgs/include/px4_msgs/px4_msgs/msg/detail/fuel_tank_status__rosidl_typesupport_fastrtps_cpp.hpp\n'}
[9.242318] (px4_msgs) StdoutLine: {'line': b'-- Up-to-date: /home/maizaied03/ros2_ws/install/px4_msgs/include/px4_msgs/px4_msgs/msg/detail/led_control__rosidl_typesupport_fastrtps_cpp.hpp\n'}
[9.242379] (px4_msgs) StdoutLine: {'line': b'-- Up-to-date: /home/maizaied03/ros2_ws/install/px4_msgs/include/px4_msgs/px4_msgs/msg/detail/follow_target_status__rosidl_typesupport_fastrtps_cpp.hpp\n'}
[9.242463] (px4_msgs) StdoutLine: {'line': b'-- Up-to-date: /home/maizaied03/ros2_ws/install/px4_msgs/include/px4_msgs/px4_msgs/msg/detail/register_ext_component_reply__rosidl_typesupport_fastrtps_cpp.hpp\n'}
[9.242516] (px4_msgs) StdoutLine: {'line': b'-- Up-to-date: /home/maizaied03/ros2_ws/install/px4_msgs/include/px4_msgs/px4_msgs/msg/detail/obstacle_distance__rosidl_typesupport_fastrtps_cpp.hpp\n'}
[9.242570] (px4_msgs) StdoutLine: {'line': b'-- Up-to-date: /home/maizaied03/ros2_ws/install/px4_msgs/include/px4_msgs/px4_msgs/msg/detail/vehicle_attitude_setpoint__rosidl_typesupport_fastrtps_cpp.hpp\n'}
[9.242650] (px4_msgs) StdoutLine: {'line': b'-- Up-to-date: /home/maizaied03/ros2_ws/install/px4_msgs/include/px4_msgs/px4_msgs/msg/detail/position_setpoint__rosidl_typesupport_fastrtps_cpp.hpp\n'}
[9.242737] (px4_msgs) StdoutLine: {'line': b'-- Up-to-date: /home/maizaied03/ros2_ws/install/px4_msgs/include/px4_msgs/px4_msgs/msg/detail/vtol_vehicle_status__rosidl_typesupport_fastrtps_cpp.hpp\n'}
[9.242793] (px4_msgs) StdoutLine: {'line': b'-- Up-to-date: /home/maizaied03/ros2_ws/install/px4_msgs/include/px4_msgs/px4_msgs/msg/detail/px4io_status__rosidl_typesupport_fastrtps_cpp.hpp\n'}
[9.242846] (px4_msgs) StdoutLine: {'line': b'-- Up-to-date: /home/maizaied03/ros2_ws/install/px4_msgs/include/px4_msgs/px4_msgs/msg/detail/gimbal_manager_set_manual_control__rosidl_typesupport_fastrtps_cpp.hpp\n'}
[9.242898] (px4_msgs) StdoutLine: {'line': b'-- Up-to-date: /home/maizaied03/ros2_ws/install/px4_msgs/include/px4_msgs/px4_msgs/msg/detail/debug_value__rosidl_typesupport_fastrtps_cpp.hpp\n'}
[9.242962] (px4_msgs) StdoutLine: {'line': b'-- Up-to-date: /home/maizaied03/ros2_ws/install/px4_msgs/include/px4_msgs/px4_msgs/msg/detail/rover_steering_setpoint__rosidl_typesupport_fastrtps_cpp.hpp\n'}
[9.243030] (px4_msgs) StdoutLine: {'line': b'-- Up-to-date: /home/maizaied03/ros2_ws/install/px4_msgs/include/px4_msgs/px4_msgs/msg/detail/ping__rosidl_typesupport_fastrtps_cpp.hpp\n'}
[9.243088] (px4_msgs) StdoutLine: {'line': b'-- Up-to-date: /home/maizaied03/ros2_ws/install/px4_msgs/include/px4_msgs/px4_msgs/msg/detail/sensor_accel_fifo__rosidl_typesupport_fastrtps_cpp.hpp\n'}
[9.243142] (px4_msgs) StdoutLine: {'line': b'-- Up-to-date: /home/maizaied03/ros2_ws/install/px4_msgs/include/px4_msgs/px4_msgs/msg/detail/rover_position_setpoint__rosidl_typesupport_fastrtps_cpp.hpp\n'}
[9.243198] (px4_msgs) StdoutLine: {'line': b'-- Up-to-date: /home/maizaied03/ros2_ws/install/px4_msgs/include/px4_msgs/px4_msgs/msg/detail/vehicle_angular_velocity__rosidl_typesupport_fastrtps_cpp.hpp\n'}
[9.243266] (px4_msgs) StdoutLine: {'line': b'-- Up-to-date: /home/maizaied03/ros2_ws/install/px4_msgs/include/px4_msgs/px4_msgs/msg/detail/vtx__rosidl_typesupport_fastrtps_cpp.hpp\n'}
[9.243338] (px4_msgs) StdoutLine: {'line': b'-- Up-to-date: /home/maizaied03/ros2_ws/install/px4_msgs/include/px4_msgs/px4_msgs/msg/detail/velocity_limits__rosidl_typesupport_fastrtps_cpp.hpp\n'}
[9.243394] (px4_msgs) StdoutLine: {'line': b'-- Up-to-date: /home/maizaied03/ros2_ws/install/px4_msgs/include/px4_msgs/px4_msgs/msg/detail/camera_trigger__rosidl_typesupport_fastrtps_cpp.hpp\n'}
[9.243447] (px4_msgs) StdoutLine: {'line': b'-- Up-to-date: /home/maizaied03/ros2_ws/install/px4_msgs/include/px4_msgs/px4_msgs/msg/detail/sensor_gps__rosidl_typesupport_fastrtps_cpp.hpp\n'}
[9.243542] (px4_msgs) StdoutLine: {'line': b'-- Up-to-date: /home/maizaied03/ros2_ws/install/px4_msgs/include/px4_msgs/px4_msgs/msg/detail/ulog_stream__rosidl_typesupport_fastrtps_cpp.hpp\n'}
[9.243602] (px4_msgs) StdoutLine: {'line': b'-- Up-to-date: /home/maizaied03/ros2_ws/install/px4_msgs/include/px4_msgs/px4_msgs/msg/detail/vehicle_rates_setpoint__rosidl_typesupport_fastrtps_cpp.hpp\n'}
[9.243665] (px4_msgs) StdoutLine: {'line': b'-- Up-to-date: /home/maizaied03/ros2_ws/install/px4_msgs/include/px4_msgs/px4_msgs/msg/detail/estimator_gps_status__rosidl_typesupport_fastrtps_cpp.hpp\n'}
[9.243722] (px4_msgs) StdoutLine: {'line': b'-- Up-to-date: /home/maizaied03/ros2_ws/install/px4_msgs/include/px4_msgs/px4_msgs/msg/detail/mavlink_log__rosidl_typesupport_fastrtps_cpp.hpp\n'}
[9.243801] (px4_msgs) StdoutLine: {'line': b'-- Up-to-date: /home/maizaied03/ros2_ws/install/px4_msgs/include/px4_msgs/px4_msgs/msg/detail/estimator_aid_source3d__rosidl_typesupport_fastrtps_cpp.hpp\n'}
[9.243854] (px4_msgs) StdoutLine: {'line': b'-- Up-to-date: /home/maizaied03/ros2_ws/install/px4_msgs/include/px4_msgs/px4_msgs/msg/detail/sensor_uwb__rosidl_typesupport_fastrtps_cpp.hpp\n'}
[9.243905] (px4_msgs) StdoutLine: {'line': b'-- Up-to-date: /home/maizaied03/ros2_ws/install/px4_msgs/include/px4_msgs/px4_msgs/msg/detail/vehicle_acceleration__rosidl_typesupport_fastrtps_cpp.hpp\n'}
[9.243958] (px4_msgs) StdoutLine: {'line': b'-- Up-to-date: /home/maizaied03/ros2_ws/install/px4_msgs/include/px4_msgs/px4_msgs/msg/detail/generator_status__rosidl_typesupport_fastrtps_cpp.hpp\n'}
[9.244010] (px4_msgs) StdoutLine: {'line': b'-- Up-to-date: /home/maizaied03/ros2_ws/install/px4_msgs/include/px4_msgs/px4_msgs/msg/detail/manual_control_switches__rosidl_typesupport_fastrtps_cpp.hpp\n'}
[9.244061] (px4_msgs) StdoutLine: {'line': b'-- Up-to-date: /home/maizaied03/ros2_ws/install/px4_msgs/include/px4_msgs/px4_msgs/msg/detail/vehicle_attitude__rosidl_typesupport_fastrtps_cpp.hpp\n'}
[9.244113] (px4_msgs) StdoutLine: {'line': b'-- Up-to-date: /home/maizaied03/ros2_ws/install/px4_msgs/include/px4_msgs/px4_msgs/msg/detail/vehicle_command_ack__rosidl_typesupport_fastrtps_cpp.hpp\n'}
[9.244180] (px4_msgs) StdoutLine: {'line': b'-- Up-to-date: /home/maizaied03/ros2_ws/install/px4_msgs/include/px4_msgs/px4_msgs/msg/detail/gimbal_device_information__rosidl_typesupport_fastrtps_cpp.hpp\n'}
[9.244267] (px4_msgs) StdoutLine: {'line': b'-- Up-to-date: /home/maizaied03/ros2_ws/install/px4_msgs/include/px4_msgs/px4_msgs/msg/detail/satellite_info__rosidl_typesupport_fastrtps_cpp.hpp\n'}
[9.244321] (px4_msgs) StdoutLine: {'line': b'-- Up-to-date: /home/maizaied03/ros2_ws/install/px4_msgs/include/px4_msgs/px4_msgs/msg/detail/manual_control_setpoint__rosidl_typesupport_fastrtps_cpp.hpp\n'}
[9.244373] (px4_msgs) StdoutLine: {'line': b'-- Up-to-date: /home/maizaied03/ros2_ws/install/px4_msgs/include/px4_msgs/px4_msgs/msg/detail/gpio_out__rosidl_typesupport_fastrtps_cpp.hpp\n'}
[9.244425] (px4_msgs) StdoutLine: {'line': b'-- Up-to-date: /home/maizaied03/ros2_ws/install/px4_msgs/include/px4_msgs/px4_msgs/msg/detail/yaw_estimator_status__rosidl_typesupport_fastrtps_cpp.hpp\n'}
[9.244492] (px4_msgs) StdoutLine: {'line': b'-- Up-to-date: /home/maizaied03/ros2_ws/install/px4_msgs/include/px4_msgs/px4_msgs/msg/detail/radio_status__rosidl_typesupport_fastrtps_cpp.hpp\n'}
[9.244561] (px4_msgs) StdoutLine: {'line': b'-- Up-to-date: /home/maizaied03/ros2_ws/install/px4_msgs/include/px4_msgs/px4_msgs/msg/detail/tiltrotor_extra_controls__rosidl_typesupport_fastrtps_cpp.hpp\n'}
[9.244650] (px4_msgs) StdoutLine: {'line': b'-- Up-to-date: /home/maizaied03/ros2_ws/install/px4_msgs/include/px4_msgs/px4_msgs/msg/detail/sensor_combined__rosidl_typesupport_fastrtps_cpp.hpp\n'}
[9.244706] (px4_msgs) StdoutLine: {'line': b'-- Up-to-date: /home/maizaied03/ros2_ws/install/px4_msgs/include/px4_msgs/px4_msgs/msg/detail/fixed_wing_lateral_status__rosidl_typesupport_fastrtps_cpp.hpp\n'}
[9.244761] (px4_msgs) StdoutLine: {'line': b'-- Up-to-date: /home/maizaied03/ros2_ws/install/px4_msgs/include/px4_msgs/px4_msgs/msg/detail/parameter_set_value_response__rosidl_typesupport_fastrtps_cpp.hpp\n'}
[9.244826] (px4_msgs) StdoutLine: {'line': b'-- Up-to-date: /home/maizaied03/ros2_ws/install/px4_msgs/include/px4_msgs/px4_msgs/msg/detail/gpio_in__rosidl_typesupport_fastrtps_cpp.hpp\n'}
[9.244919] (px4_msgs) StdoutLine: {'line': b'-- Up-to-date: /home/maizaied03/ros2_ws/install/px4_msgs/include/px4_msgs/px4_msgs/msg/detail/esc_report__rosidl_typesupport_fastrtps_cpp.hpp\n'}
[9.244973] (px4_msgs) StdoutLine: {'line': b'-- Up-to-date: /home/maizaied03/ros2_ws/install/px4_msgs/include/px4_msgs/px4_msgs/msg/detail/fixed_wing_runway_control__rosidl_typesupport_fastrtps_cpp.hpp\n'}
[9.245032] (px4_msgs) StdoutLine: {'line': b'-- Up-to-date: /home/maizaied03/ros2_ws/install/px4_msgs/include/px4_msgs/px4_msgs/msg/detail/estimator_aid_source1d__rosidl_typesupport_fastrtps_cpp.hpp\n'}
[9.245092] (px4_msgs) StdoutLine: {'line': b'-- Up-to-date: /home/maizaied03/ros2_ws/install/px4_msgs/include/px4_msgs/px4_msgs/msg/detail/gimbal_manager_set_attitude__rosidl_typesupport_fastrtps_cpp.hpp\n'}
[9.245152] (px4_msgs) StdoutLine: {'line': b'-- Up-to-date: /home/maizaied03/ros2_ws/install/px4_msgs/include/px4_msgs/px4_msgs/msg/detail/mode_completed__rosidl_typesupport_fastrtps_cpp.hpp\n'}
[9.245212] (px4_msgs) StdoutLine: {'line': b'-- Up-to-date: /home/maizaied03/ros2_ws/install/px4_msgs/include/px4_msgs/px4_msgs/msg/detail/gimbal_manager_status__rosidl_typesupport_fastrtps_cpp.hpp\n'}
[9.245267] (px4_msgs) StdoutLine: {'line': b'-- Up-to-date: /home/maizaied03/ros2_ws/install/px4_msgs/include/px4_msgs/px4_msgs/msg/detail/gps_dump__rosidl_typesupport_fastrtps_cpp.hpp\n'}
[9.245349] (-) TimerEvent: {}
[9.245469] (px4_msgs) StdoutLine: {'line': b'-- Up-to-date: /home/maizaied03/ros2_ws/install/px4_msgs/include/px4_msgs/px4_msgs/msg/detail/camera_capture__rosidl_typesupport_fastrtps_cpp.hpp\n'}
[9.245536] (px4_msgs) StdoutLine: {'line': b'-- Up-to-date: /home/maizaied03/ros2_ws/install/px4_msgs/include/px4_msgs/px4_msgs/msg/detail/dronecan_node_status__rosidl_typesupport_fastrtps_cpp.hpp\n'}
[9.245598] (px4_msgs) StdoutLine: {'line': b'-- Up-to-date: /home/maizaied03/ros2_ws/install/px4_msgs/include/px4_msgs/px4_msgs/msg/detail/rtl_status__rosidl_typesupport_fastrtps_cpp.hpp\n'}
[9.245657] (px4_msgs) StdoutLine: {'line': b'-- Up-to-date: /home/maizaied03/ros2_ws/install/px4_msgs/include/px4_msgs/px4_msgs/msg/detail/mission__rosidl_typesupport_fastrtps_cpp.hpp\n'}
[9.245710] (px4_msgs) StdoutLine: {'line': b'-- Up-to-date: /home/maizaied03/ros2_ws/install/px4_msgs/include/px4_msgs/px4_msgs/msg/detail/failsafe_flags__rosidl_typesupport_fastrtps_cpp.hpp\n'}
[9.245783] (px4_msgs) StdoutLine: {'line': b'-- Up-to-date: /home/maizaied03/ros2_ws/install/px4_msgs/include/px4_msgs/px4_msgs/msg/detail/parameter_set_value_request__rosidl_typesupport_fastrtps_cpp.hpp\n'}
[9.245855] (px4_msgs) StdoutLine: {'line': b'-- Up-to-date: /home/maizaied03/ros2_ws/install/px4_msgs/include/px4_msgs/px4_msgs/msg/detail/actuator_outputs__rosidl_typesupport_fastrtps_cpp.hpp\n'}
[9.245913] (px4_msgs) StdoutLine: {'line': b'-- Up-to-date: /home/maizaied03/ros2_ws/install/px4_msgs/include/px4_msgs/px4_msgs/msg/detail/distance_sensor_mode_change_request__rosidl_typesupport_fastrtps_cpp.hpp\n'}
[9.245971] (px4_msgs) StdoutLine: {'line': b'-- Up-to-date: /home/maizaied03/ros2_ws/install/px4_msgs/include/px4_msgs/px4_msgs/msg/detail/mount_orientation__rosidl_typesupport_fastrtps_cpp.hpp\n'}
[9.246026] (px4_msgs) StdoutLine: {'line': b'-- Up-to-date: /home/maizaied03/ros2_ws/install/px4_msgs/include/px4_msgs/px4_msgs/msg/detail/orb_test__rosidl_typesupport_fastrtps_cpp.hpp\n'}
[9.246097] (px4_msgs) StdoutLine: {'line': b'-- Up-to-date: /home/maizaied03/ros2_ws/install/px4_msgs/include/px4_msgs/px4_msgs/msg/detail/parameter_set_used_request__rosidl_typesupport_fastrtps_cpp.hpp\n'}
[9.246173] (px4_msgs) StdoutLine: {'line': b'-- Up-to-date: /home/maizaied03/ros2_ws/install/px4_msgs/include/px4_msgs/px4_msgs/msg/detail/mission_result__rosidl_typesupport_fastrtps_cpp.hpp\n'}
[9.246230] (px4_msgs) StdoutLine: {'line': b'-- Up-to-date: /home/maizaied03/ros2_ws/install/px4_msgs/include/px4_msgs/px4_msgs/msg/detail/failure_detector_status__rosidl_typesupport_fastrtps_cpp.hpp\n'}
[9.246287] (px4_msgs) StdoutLine: {'line': b'-- Up-to-date: /home/maizaied03/ros2_ws/install/px4_msgs/include/px4_msgs/px4_msgs/msg/detail/sensor_preflight_mag__rosidl_typesupport_fastrtps_cpp.hpp\n'}
[9.246343] (px4_msgs) StdoutLine: {'line': b'-- Up-to-date: /home/maizaied03/ros2_ws/install/px4_msgs/include/px4_msgs/px4_msgs/msg/detail/pps_capture__rosidl_typesupport_fastrtps_cpp.hpp\n'}
[9.246410] (px4_msgs) StdoutLine: {'line': b'-- Up-to-date: /home/maizaied03/ros2_ws/install/px4_msgs/include/px4_msgs/px4_msgs/msg/detail/vehicle_control_mode__rosidl_typesupport_fastrtps_cpp.hpp\n'}
[9.246494] (px4_msgs) StdoutLine: {'line': b'-- Up-to-date: /home/maizaied03/ros2_ws/install/px4_msgs/include/px4_msgs/px4_msgs/msg/detail/estimator_event_flags__rosidl_typesupport_fastrtps_cpp.hpp\n'}
[9.246550] (px4_msgs) StdoutLine: {'line': b'-- Up-to-date: /home/maizaied03/ros2_ws/install/px4_msgs/include/px4_msgs/px4_msgs/msg/detail/geofence_result__rosidl_typesupport_fastrtps_cpp.hpp\n'}
[9.246609] (px4_msgs) StdoutLine: {'line': b'-- Up-to-date: /home/maizaied03/ros2_ws/install/px4_msgs/include/px4_msgs/px4_msgs/msg/detail/vehicle_optical_flow_vel__rosidl_typesupport_fastrtps_cpp.hpp\n'}
[9.246670] (px4_msgs) StdoutLine: {'line': b'-- Up-to-date: /home/maizaied03/ros2_ws/install/px4_msgs/include/px4_msgs/px4_msgs/msg/detail/message_format_request__rosidl_typesupport_fastrtps_cpp.hpp\n'}
[9.246730] (px4_msgs) StdoutLine: {'line': b'-- Up-to-date: /home/maizaied03/ros2_ws/install/px4_msgs/include/px4_msgs/px4_msgs/msg/detail/sensors_status__rosidl_typesupport_fastrtps_cpp.hpp\n'}
[9.246786] (px4_msgs) StdoutLine: {'line': b'-- Up-to-date: /home/maizaied03/ros2_ws/install/px4_msgs/include/px4_msgs/px4_msgs/msg/detail/offboard_control_mode__rosidl_typesupport_fastrtps_cpp.hpp\n'}
[9.246841] (px4_msgs) StdoutLine: {'line': b'-- Up-to-date: /home/maizaied03/ros2_ws/install/px4_msgs/include/px4_msgs/px4_msgs/msg/detail/action_request__rosidl_typesupport_fastrtps_cpp.hpp\n'}
[9.246903] (px4_msgs) StdoutLine: {'line': b'-- Up-to-date: /home/maizaied03/ros2_ws/install/px4_msgs/include/px4_msgs/px4_msgs/msg/detail/dataman_response__rosidl_typesupport_fastrtps_cpp.hpp\n'}
[9.246960] (px4_msgs) StdoutLine: {'line': b'-- Up-to-date: /home/maizaied03/ros2_ws/install/px4_msgs/include/px4_msgs/px4_msgs/msg/detail/log_message__rosidl_typesupport_fastrtps_cpp.hpp\n'}
[9.247017] (px4_msgs) StdoutLine: {'line': b'-- Up-to-date: /home/maizaied03/ros2_ws/install/px4_msgs/include/px4_msgs/px4_msgs/msg/detail/vehicle_optical_flow__rosidl_typesupport_fastrtps_cpp.hpp\n'}
[9.247083] (px4_msgs) StdoutLine: {'line': b'-- Up-to-date: /home/maizaied03/ros2_ws/install/px4_msgs/include/px4_msgs/px4_msgs/msg/detail/arming_check_reply__rosidl_typesupport_fastrtps_cpp.hpp\n'}
[9.247144] (px4_msgs) StdoutLine: {'line': b'-- Up-to-date: /home/maizaied03/ros2_ws/install/px4_msgs/include/px4_msgs/px4_msgs/msg/detail/neural_control__rosidl_typesupport_fastrtps_cpp.hpp\n'}
[9.247206] (px4_msgs) StdoutLine: {'line': b'-- Up-to-date: /home/maizaied03/ros2_ws/install/px4_msgs/include/px4_msgs/px4_msgs/msg/detail/airspeed__rosidl_typesupport_fastrtps_cpp.hpp\n'}
[9.247270] (px4_msgs) StdoutLine: {'line': b'-- Up-to-date: /home/maizaied03/ros2_ws/install/px4_msgs/include/px4_msgs/px4_msgs/msg/detail/sensor_optical_flow__rosidl_typesupport_fastrtps_cpp.hpp\n'}
[9.247331] (px4_msgs) StdoutLine: {'line': b'-- Up-to-date: /home/maizaied03/ros2_ws/install/px4_msgs/include/px4_msgs/px4_msgs/msg/detail/vehicle_thrust_setpoint__rosidl_typesupport_fastrtps_cpp.hpp\n'}
[9.247412] (px4_msgs) StdoutLine: {'line': b'-- Up-to-date: /home/maizaied03/ros2_ws/install/px4_msgs/include/px4_msgs/px4_msgs/msg/detail/vehicle_constraints__rosidl_typesupport_fastrtps_cpp.hpp\n'}
[9.247490] (px4_msgs) StdoutLine: {'line': b'-- Up-to-date: /home/maizaied03/ros2_ws/install/px4_msgs/include/px4_msgs/px4_msgs/msg/detail/vehicle_roi__rosidl_typesupport_fastrtps_cpp.hpp\n'}
[9.247554] (px4_msgs) StdoutLine: {'line': b'-- Up-to-date: /home/maizaied03/ros2_ws/install/px4_msgs/include/px4_msgs/px4_msgs/msg/detail/open_drone_id_self_id__rosidl_typesupport_fastrtps_cpp.hpp\n'}
[9.247626] (px4_msgs) StdoutLine: {'line': b'-- Up-to-date: /home/maizaied03/ros2_ws/install/px4_msgs/include/px4_msgs/px4_msgs/msg/detail/sensor_hygrometer__rosidl_typesupport_fastrtps_cpp.hpp\n'}
[9.247689] (px4_msgs) StdoutLine: {'line': b'-- Up-to-date: /home/maizaied03/ros2_ws/install/px4_msgs/include/px4_msgs/px4_msgs/msg/detail/vehicle_local_position__rosidl_typesupport_fastrtps_cpp.hpp\n'}
[9.247776] (px4_msgs) StdoutLine: {'line': b'-- Up-to-date: /home/maizaied03/ros2_ws/install/px4_msgs/include/px4_msgs/px4_msgs/msg/detail/sensors_status_imu__rosidl_typesupport_fastrtps_cpp.hpp\n'}
[9.247862] (px4_msgs) StdoutLine: {'line': b'-- Up-to-date: /home/maizaied03/ros2_ws/install/px4_msgs/include/px4_msgs/px4_msgs/msg/detail/airspeed_validated__rosidl_typesupport_fastrtps_cpp.hpp\n'}
[9.247930] (px4_msgs) StdoutLine: {'line': b'-- Up-to-date: /home/maizaied03/ros2_ws/install/px4_msgs/include/px4_msgs/px4_msgs/msg/detail/gimbal_device_set_attitude__rosidl_typesupport_fastrtps_cpp.hpp\n'}
[9.247993] (px4_msgs) StdoutLine: {'line': b'-- Up-to-date: /home/maizaied03/ros2_ws/install/px4_msgs/include/px4_msgs/px4_msgs/msg/detail/adc_report__rosidl_typesupport_fastrtps_cpp.hpp\n'}
[9.248057] (px4_msgs) StdoutLine: {'line': b'-- Up-to-date: /home/maizaied03/ros2_ws/install/px4_msgs/include/px4_msgs/px4_msgs/msg/detail/follow_target_estimator__rosidl_typesupport_fastrtps_cpp.hpp\n'}
[9.248133] (px4_msgs) StdoutLine: {'line': b'-- Up-to-date: /home/maizaied03/ros2_ws/install/px4_msgs/include/px4_msgs/px4_msgs/msg/detail/position_setpoint_triplet__rosidl_typesupport_fastrtps_cpp.hpp\n'}
[9.248215] (px4_msgs) StdoutLine: {'line': b'-- Up-to-date: /home/maizaied03/ros2_ws/install/px4_msgs/include/px4_msgs/px4_msgs/msg/detail/gpio_config__rosidl_typesupport_fastrtps_cpp.hpp\n'}
[9.248291] (px4_msgs) StdoutLine: {'line': b'-- Up-to-date: /home/maizaied03/ros2_ws/install/px4_msgs/include/px4_msgs/px4_msgs/msg/detail/position_controller_landing_status__rosidl_typesupport_fastrtps_cpp.hpp\n'}
[9.248354] (px4_msgs) StdoutLine: {'line': b'-- Up-to-date: /home/maizaied03/ros2_ws/install/px4_msgs/include/px4_msgs/px4_msgs/msg/detail/power_monitor__rosidl_typesupport_fastrtps_cpp.hpp\n'}
[9.248421] (px4_msgs) StdoutLine: {'line': b'-- Up-to-date: /home/maizaied03/ros2_ws/install/px4_msgs/include/px4_msgs/px4_msgs/msg/detail/estimator_status_flags__rosidl_typesupport_fastrtps_cpp.hpp\n'}
[9.248489] (px4_msgs) StdoutLine: {'line': b'-- Up-to-date: /home/maizaied03/ros2_ws/install/px4_msgs/include/px4_msgs/px4_msgs/msg/detail/estimator_states__rosidl_typesupport_fastrtps_cpp.hpp\n'}
[9.248553] (px4_msgs) StdoutLine: {'line': b'-- Up-to-date: /home/maizaied03/ros2_ws/install/px4_msgs/include/px4_msgs/px4_msgs/msg/detail/irlock_report__rosidl_typesupport_fastrtps_cpp.hpp\n'}
[9.248626] (px4_msgs) StdoutLine: {'line': b'-- Up-to-date: /home/maizaied03/ros2_ws/install/px4_msgs/include/px4_msgs/px4_msgs/msg/detail/pwm_input__rosidl_typesupport_fastrtps_cpp.hpp\n'}
[9.248701] (px4_msgs) StdoutLine: {'line': b'-- Up-to-date: /home/maizaied03/ros2_ws/install/px4_msgs/include/px4_msgs/px4_msgs/msg/detail/estimator_status__rosidl_typesupport_fastrtps_cpp.hpp\n'}
[9.248768] (px4_msgs) StdoutLine: {'line': b'-- Up-to-date: /home/maizaied03/ros2_ws/install/px4_msgs/include/px4_msgs/px4_msgs/msg/detail/flight_phase_estimation__rosidl_typesupport_fastrtps_cpp.hpp\n'}
[9.248830] (px4_msgs) StdoutLine: {'line': b'-- Up-to-date: /home/maizaied03/ros2_ws/install/px4_msgs/include/px4_msgs/px4_msgs/msg/detail/debug_array__rosidl_typesupport_fastrtps_cpp.hpp\n'}
[9.248895] (px4_msgs) StdoutLine: {'line': b'-- Up-to-date: /home/maizaied03/ros2_ws/install/px4_msgs/include/px4_msgs/px4_msgs/msg/detail/rover_rate_status__rosidl_typesupport_fastrtps_cpp.hpp\n'}
[9.248965] (px4_msgs) StdoutLine: {'line': b'-- Up-to-date: /home/maizaied03/ros2_ws/install/px4_msgs/include/px4_msgs/px4_msgs/msg/detail/trajectory_setpoint6dof__rosidl_typesupport_fastrtps_cpp.hpp\n'}
[9.249018] (px4_msgs) StdoutLine: {'line': b'-- Up-to-date: /home/maizaied03/ros2_ws/install/px4_msgs/include/px4_msgs/px4_msgs/msg/detail/sensor_gyro_fft__rosidl_typesupport_fastrtps_cpp.hpp\n'}
[9.249068] (px4_msgs) StdoutLine: {'line': b'-- Up-to-date: /home/maizaied03/ros2_ws/install/px4_msgs/include/px4_msgs/px4_msgs/msg/detail/button_event__rosidl_typesupport_fastrtps_cpp.hpp\n'}
[9.249118] (px4_msgs) StdoutLine: {'line': b'-- Up-to-date: /home/maizaied03/ros2_ws/install/px4_msgs/include/px4_msgs/px4_msgs/msg/detail/fixed_wing_lateral_guidance_status__rosidl_typesupport_fastrtps_cpp.hpp\n'}
[9.249190] (px4_msgs) StdoutLine: {'line': b'-- Up-to-date: /home/maizaied03/ros2_ws/install/px4_msgs/include/px4_msgs/px4_msgs/msg/detail/sensor_mag__rosidl_typesupport_fastrtps_cpp.hpp\n'}
[9.249254] (px4_msgs) StdoutLine: {'line': b'-- Up-to-date: /home/maizaied03/ros2_ws/install/px4_msgs/include/px4_msgs/px4_msgs/msg/detail/logger_status__rosidl_typesupport_fastrtps_cpp.hpp\n'}
[9.249306] (px4_msgs) StdoutLine: {'line': b'-- Up-to-date: /home/maizaied03/ros2_ws/install/px4_msgs/include/px4_msgs/px4_msgs/msg/detail/tune_control__rosidl_typesupport_fastrtps_cpp.hpp\n'}
[9.249356] (px4_msgs) StdoutLine: {'line': b'-- Up-to-date: /home/maizaied03/ros2_ws/install/px4_msgs/include/px4_msgs/px4_msgs/msg/detail/estimator_innovations__rosidl_typesupport_fastrtps_cpp.hpp\n'}
[9.249407] (px4_msgs) StdoutLine: {'line': b'-- Up-to-date: /home/maizaied03/ros2_ws/install/px4_msgs/include/px4_msgs/px4_msgs/msg/detail/fixed_wing_lateral_setpoint__rosidl_typesupport_fastrtps_cpp.hpp\n'}
[9.249467] (px4_msgs) StdoutLine: {'line': b'-- Up-to-date: /home/maizaied03/ros2_ws/install/px4_msgs/include/px4_msgs/px4_msgs/msg/detail/device_information__rosidl_typesupport_fastrtps_cpp.hpp\n'}
[9.249533] (px4_msgs) StdoutLine: {'line': b'-- Up-to-date: /home/maizaied03/ros2_ws/install/px4_msgs/include/px4_msgs/px4_msgs/msg/detail/vehicle_angular_acceleration_setpoint__rosidl_typesupport_fastrtps_cpp.hpp\n'}
[9.249588] (px4_msgs) StdoutLine: {'line': b'-- Up-to-date: /home/maizaied03/ros2_ws/install/px4_msgs/include/px4_msgs/px4_msgs/msg/detail/sensor_airflow__rosidl_typesupport_fastrtps_cpp.hpp\n'}
[9.249739] (px4_msgs) StdoutLine: {'line': b'-- Up-to-date: /home/maizaied03/ros2_ws/install/px4_msgs/include/px4_msgs/px4_msgs/msg/detail/arming_check_request__rosidl_typesupport_fastrtps_cpp.hpp\n'}
[9.249882] (px4_msgs) StdoutLine: {'line': b'-- Up-to-date: /home/maizaied03/ros2_ws/install/px4_msgs/include/px4_msgs/px4_msgs/msg/detail/sensor_selection__rosidl_typesupport_fastrtps_cpp.hpp\n'}
[9.249984] (px4_msgs) StdoutLine: {'line': b'-- Up-to-date: /home/maizaied03/ros2_ws/install/px4_msgs/include/px4_msgs/px4_msgs/msg/detail/message_format_response__rosidl_typesupport_fastrtps_cpp.hpp\n'}
[9.250065] (px4_msgs) StdoutLine: {'line': b'-- Up-to-date: /home/maizaied03/ros2_ws/install/px4_msgs/include/px4_msgs/px4_msgs/msg/detail/heater_status__rosidl_typesupport_fastrtps_cpp.hpp\n'}
[9.250154] (px4_msgs) StdoutLine: {'line': b'-- Up-to-date: /home/maizaied03/ros2_ws/install/px4_msgs/include/px4_msgs/px4_msgs/msg/detail/sensor_temp__rosidl_typesupport_fastrtps_cpp.hpp\n'}
[9.250239] (px4_msgs) StdoutLine: {'line': b'-- Up-to-date: /home/maizaied03/ros2_ws/install/px4_msgs/include/px4_msgs/px4_msgs/msg/detail/health_report__rosidl_typesupport_fastrtps_cpp.hpp\n'}
[9.250319] (px4_msgs) StdoutLine: {'line': b'-- Up-to-date: /home/maizaied03/ros2_ws/install/px4_msgs/include/px4_msgs/px4_msgs/msg/detail/pure_pursuit_status__rosidl_typesupport_fastrtps_cpp.hpp\n'}
[9.250400] (px4_msgs) StdoutLine: {'line': b'-- Up-to-date: /home/maizaied03/ros2_ws/install/px4_msgs/include/px4_msgs/px4_msgs/msg/detail/orb_test_large__rosidl_typesupport_fastrtps_cpp.hpp\n'}
[9.250492] (px4_msgs) StdoutLine: {'line': b'-- Up-to-date: /home/maizaied03/ros2_ws/install/px4_msgs/include/px4_msgs/px4_msgs/msg/detail/uavcan_parameter_value__rosidl_typesupport_fastrtps_cpp.hpp\n'}
[9.250585] (px4_msgs) StdoutLine: {'line': b'-- Up-to-date: /home/maizaied03/ros2_ws/install/px4_msgs/include/px4_msgs/px4_msgs/msg/detail/estimator_bias__rosidl_typesupport_fastrtps_cpp.hpp\n'}
[9.250729] (px4_msgs) StdoutLine: {'line': b'-- Up-to-date: /home/maizaied03/ros2_ws/install/px4_msgs/include/px4_msgs/px4_msgs/msg/detail/vehicle_land_detected__rosidl_typesupport_fastrtps_cpp.hpp\n'}
[9.250825] (px4_msgs) StdoutLine: {'line': b'-- Up-to-date: /home/maizaied03/ros2_ws/install/px4_msgs/include/px4_msgs/px4_msgs/msg/detail/takeoff_status__rosidl_typesupport_fastrtps_cpp.hpp\n'}
[9.250912] (px4_msgs) StdoutLine: {'line': b'-- Up-to-date: /home/maizaied03/ros2_ws/install/px4_msgs/include/px4_msgs/px4_msgs/msg/detail/vehicle_torque_setpoint__rosidl_typesupport_fastrtps_cpp.hpp\n'}
[9.250969] (px4_msgs) StdoutLine: {'line': b'-- Up-to-date: /home/maizaied03/ros2_ws/install/px4_msgs/include/px4_msgs/px4_msgs/msg/detail/rate_ctrl_status__rosidl_typesupport_fastrtps_cpp.hpp\n'}
[9.251022] (px4_msgs) StdoutLine: {'line': b'-- Up-to-date: /home/maizaied03/ros2_ws/install/px4_msgs/include/px4_msgs/px4_msgs/msg/detail/vehicle_status__rosidl_typesupport_fastrtps_cpp.hpp\n'}
[9.251078] (px4_msgs) StdoutLine: {'line': b'-- Up-to-date: /home/maizaied03/ros2_ws/install/px4_msgs/include/px4_msgs/px4_msgs/msg/detail/vehicle_command__rosidl_typesupport_fastrtps_cpp.hpp\n'}
[9.251135] (px4_msgs) StdoutLine: {'line': b'-- Up-to-date: /home/maizaied03/ros2_ws/install/px4_msgs/include/px4_msgs/px4_msgs/msg/detail/position_controller_status__rosidl_typesupport_fastrtps_cpp.hpp\n'}
[9.251195] (px4_msgs) StdoutLine: {'line': b'-- Up-to-date: /home/maizaied03/ros2_ws/install/px4_msgs/include/px4_msgs/px4_msgs/msg/detail/actuator_servos_trim__rosidl_typesupport_fastrtps_cpp.hpp\n'}
[9.251255] (px4_msgs) StdoutLine: {'line': b'-- Up-to-date: /home/maizaied03/ros2_ws/install/px4_msgs/include/px4_msgs/px4_msgs/msg/detail/ekf2_timestamps__rosidl_typesupport_fastrtps_cpp.hpp\n'}
[9.251314] (px4_msgs) StdoutLine: {'line': b'-- Up-to-date: /home/maizaied03/ros2_ws/install/px4_msgs/include/px4_msgs/px4_msgs/msg/detail/gps_inject_data__rosidl_typesupport_fastrtps_cpp.hpp\n'}
[9.251399] (px4_msgs) StdoutLine: {'line': b'-- Up-to-date: /home/maizaied03/ros2_ws/install/px4_msgs/include/px4_msgs/px4_msgs/msg/detail/collision_constraints__rosidl_typesupport_fastrtps_cpp.hpp\n'}
[9.251453] (px4_msgs) StdoutLine: {'line': b'-- Up-to-date: /home/maizaied03/ros2_ws/install/px4_msgs/include/px4_msgs/px4_msgs/msg/detail/esc_status__rosidl_typesupport_fastrtps_cpp.hpp\n'}
[9.251504] (px4_msgs) StdoutLine: {'line': b'-- Up-to-date: /home/maizaied03/ros2_ws/install/px4_msgs/include/px4_msgs/px4_msgs/msg/detail/sensor_baro__rosidl_typesupport_fastrtps_cpp.hpp\n'}
[9.251562] (px4_msgs) StdoutLine: {'line': b'-- Up-to-date: /home/maizaied03/ros2_ws/install/px4_msgs/include/px4_msgs/px4_msgs/msg/detail/unregister_ext_component__rosidl_typesupport_fastrtps_cpp.hpp\n'}
[9.251629] (px4_msgs) StdoutLine: {'line': b'-- Up-to-date: /home/maizaied03/ros2_ws/install/px4_msgs/include/px4_msgs/px4_msgs/msg/detail/register_ext_component_request__rosidl_typesupport_fastrtps_cpp.hpp\n'}
[9.251727] (px4_msgs) StdoutLine: {'line': b'-- Up-to-date: /home/maizaied03/ros2_ws/install/px4_msgs/include/px4_msgs/px4_msgs/msg/detail/gimbal_device_attitude_status__rosidl_typesupport_fastrtps_cpp.hpp\n'}
[9.251817] (px4_msgs) StdoutLine: {'line': b'-- Up-to-date: /home/maizaied03/ros2_ws/install/px4_msgs/include/px4_msgs/px4_msgs/msg/detail/debug_key_value__rosidl_typesupport_fastrtps_cpp.hpp\n'}
[9.251880] (px4_msgs) StdoutLine: {'line': b'-- Up-to-date: /home/maizaied03/ros2_ws/install/px4_msgs/include/px4_msgs/px4_msgs/msg/detail/wheel_encoders__rosidl_typesupport_fastrtps_cpp.hpp\n'}
[9.251938] (px4_msgs) StdoutLine: {'line': b'-- Up-to-date: /home/maizaied03/ros2_ws/install/px4_msgs/include/px4_msgs/px4_msgs/msg/detail/rtl_time_estimate__rosidl_typesupport_fastrtps_cpp.hpp\n'}
[9.251996] (px4_msgs) StdoutLine: {'line': b'-- Up-to-date: /home/maizaied03/ros2_ws/install/px4_msgs/include/px4_msgs/px4_msgs/srv\n'}
[9.252063] (px4_msgs) StdoutLine: {'line': b'-- Up-to-date: /home/maizaied03/ros2_ws/install/px4_msgs/include/px4_msgs/px4_msgs/srv/detail\n'}
[9.252124] (px4_msgs) StdoutLine: {'line': b'-- Up-to-date: /home/maizaied03/ros2_ws/install/px4_msgs/include/px4_msgs/px4_msgs/srv/detail/dds_fastrtps\n'}
[9.252182] (px4_msgs) StdoutLine: {'line': b'-- Up-to-date: /home/maizaied03/ros2_ws/install/px4_msgs/include/px4_msgs/px4_msgs/srv/detail/vehicle_command__rosidl_typesupport_fastrtps_cpp.hpp\n'}
[9.252248] (px4_msgs) StdoutLine: {'line': b'-- Up-to-date: /home/maizaied03/ros2_ws/install/px4_msgs/lib/libpx4_msgs__rosidl_typesupport_fastrtps_cpp.so\n'}
[9.252312] (px4_msgs) StdoutLine: {'line': b'-- Up-to-date: /home/maizaied03/ros2_ws/install/px4_msgs/include/px4_msgs/px4_msgs\n'}
[9.252372] (px4_msgs) StdoutLine: {'line': b'-- Up-to-date: /home/maizaied03/ros2_ws/install/px4_msgs/include/px4_msgs/px4_msgs/msg\n'}
[9.252461] (px4_msgs) StdoutLine: {'line': b'-- Up-to-date: /home/maizaied03/ros2_ws/install/px4_msgs/include/px4_msgs/px4_msgs/msg/rosidl_typesupport_introspection_c__visibility_control.h\n'}
[9.252523] (px4_msgs) StdoutLine: {'line': b'-- Up-to-date: /home/maizaied03/ros2_ws/install/px4_msgs/include/px4_msgs/px4_msgs/msg/detail\n'}
[9.252586] (px4_msgs) StdoutLine: {'line': b'-- Up-to-date: /home/maizaied03/ros2_ws/install/px4_msgs/include/px4_msgs/px4_msgs/msg/detail/radio_status__type_support.c\n'}
[9.252656] (px4_msgs) StdoutLine: {'line': b'-- Up-to-date: /home/maizaied03/ros2_ws/install/px4_msgs/include/px4_msgs/px4_msgs/msg/detail/satellite_info__type_support.c\n'}
[9.252718] (px4_msgs) StdoutLine: {'line': b'-- Up-to-date: /home/maizaied03/ros2_ws/install/px4_msgs/include/px4_msgs/px4_msgs/msg/detail/vehicle_rates_setpoint__rosidl_typesupport_introspection_c.h\n'}
[9.252777] (px4_msgs) StdoutLine: {'line': b'-- Up-to-date: /home/maizaied03/ros2_ws/install/px4_msgs/include/px4_msgs/px4_msgs/msg/detail/device_information__type_support.c\n'}
[9.252834] (px4_msgs) StdoutLine: {'line': b'-- Up-to-date: /home/maizaied03/ros2_ws/install/px4_msgs/include/px4_msgs/px4_msgs/msg/detail/rover_steering_setpoint__rosidl_typesupport_introspection_c.h\n'}
[9.252891] (px4_msgs) StdoutLine: {'line': b'-- Up-to-date: /home/maizaied03/ros2_ws/install/px4_msgs/include/px4_msgs/px4_msgs/msg/detail/airspeed_validated__type_support.c\n'}
[9.252984] (px4_msgs) StdoutLine: {'line': b'-- Up-to-date: /home/maizaied03/ros2_ws/install/px4_msgs/include/px4_msgs/px4_msgs/msg/detail/arming_check_request__rosidl_typesupport_introspection_c.h\n'}
[9.253085] (px4_msgs) StdoutLine: {'line': b'-- Up-to-date: /home/maizaied03/ros2_ws/install/px4_msgs/include/px4_msgs/px4_msgs/msg/detail/esc_report__type_support.c\n'}
[9.253208] (px4_msgs) StdoutLine: {'line': b'-- Up-to-date: /home/maizaied03/ros2_ws/install/px4_msgs/include/px4_msgs/px4_msgs/msg/detail/manual_control_setpoint__type_support.c\n'}
[9.253283] (px4_msgs) StdoutLine: {'line': b'-- Up-to-date: /home/maizaied03/ros2_ws/install/px4_msgs/include/px4_msgs/px4_msgs/msg/detail/arming_check_request__type_support.c\n'}
[9.253359] (px4_msgs) StdoutLine: {'line': b'-- Up-to-date: /home/maizaied03/ros2_ws/install/px4_msgs/include/px4_msgs/px4_msgs/msg/detail/home_position__type_support.c\n'}
[9.253451] (px4_msgs) StdoutLine: {'line': b'-- Up-to-date: /home/maizaied03/ros2_ws/install/px4_msgs/include/px4_msgs/px4_msgs/msg/detail/magnetometer_bias_estimate__type_support.c\n'}
[9.253548] (px4_msgs) StdoutLine: {'line': b'-- Up-to-date: /home/maizaied03/ros2_ws/install/px4_msgs/include/px4_msgs/px4_msgs/msg/detail/failure_detector_status__rosidl_typesupport_introspection_c.h\n'}
[9.253674] (px4_msgs) StdoutLine: {'line': b'-- Up-to-date: /home/maizaied03/ros2_ws/install/px4_msgs/include/px4_msgs/px4_msgs/msg/detail/vtol_vehicle_status__type_support.c\n'}
[9.253753] (px4_msgs) StdoutLine: {'line': b'-- Up-to-date: /home/maizaied03/ros2_ws/install/px4_msgs/include/px4_msgs/px4_msgs/msg/detail/vehicle_magnetometer__type_support.c\n'}
[9.253836] (px4_msgs) StdoutLine: {'line': b'-- Up-to-date: /home/maizaied03/ros2_ws/install/px4_msgs/include/px4_msgs/px4_msgs/msg/detail/actuator_controls_status__rosidl_typesupport_introspection_c.h\n'}
[9.253929] (px4_msgs) StdoutLine: {'line': b'-- Up-to-date: /home/maizaied03/ros2_ws/install/px4_msgs/include/px4_msgs/px4_msgs/msg/detail/timesync_status__rosidl_typesupport_introspection_c.h\n'}
[9.253984] (px4_msgs) StdoutLine: {'line': b'-- Up-to-date: /home/maizaied03/ros2_ws/install/px4_msgs/include/px4_msgs/px4_msgs/msg/detail/telemetry_status__type_support.c\n'}
[9.254035] (px4_msgs) StdoutLine: {'line': b'-- Up-to-date: /home/maizaied03/ros2_ws/install/px4_msgs/include/px4_msgs/px4_msgs/msg/detail/vehicle_thrust_setpoint__rosidl_typesupport_introspection_c.h\n'}
[9.254097] (px4_msgs) StdoutLine: {'line': b'-- Up-to-date: /home/maizaied03/ros2_ws/install/px4_msgs/include/px4_msgs/px4_msgs/msg/detail/landing_target_innovations__rosidl_typesupport_introspection_c.h\n'}
[9.254149] (px4_msgs) StdoutLine: {'line': b'-- Up-to-date: /home/maizaied03/ros2_ws/install/px4_msgs/include/px4_msgs/px4_msgs/msg/detail/estimator_states__type_support.c\n'}
[9.254202] (px4_msgs) StdoutLine: {'line': b'-- Up-to-date: /home/maizaied03/ros2_ws/install/px4_msgs/include/px4_msgs/px4_msgs/msg/detail/vehicle_command_ack__type_support.c\n'}
[9.254255] (px4_msgs) StdoutLine: {'line': b'-- Up-to-date: /home/maizaied03/ros2_ws/install/px4_msgs/include/px4_msgs/px4_msgs/msg/detail/actuator_servos__type_support.c\n'}
[9.254317] (px4_msgs) StdoutLine: {'line': b'-- Up-to-date: /home/maizaied03/ros2_ws/install/px4_msgs/include/px4_msgs/px4_msgs/msg/detail/parameter_set_used_request__type_support.c\n'}
[9.254379] (px4_msgs) StdoutLine: {'line': b'-- Up-to-date: /home/maizaied03/ros2_ws/install/px4_msgs/include/px4_msgs/px4_msgs/msg/detail/open_drone_id_system__type_support.c\n'}
[9.254439] (px4_msgs) StdoutLine: {'line': b'-- Up-to-date: /home/maizaied03/ros2_ws/install/px4_msgs/include/px4_msgs/px4_msgs/msg/detail/gimbal_device_attitude_status__type_support.c\n'}
[9.254499] (px4_msgs) StdoutLine: {'line': b'-- Up-to-date: /home/maizaied03/ros2_ws/install/px4_msgs/include/px4_msgs/px4_msgs/msg/detail/vehicle_air_data__rosidl_typesupport_introspection_c.h\n'}
[9.254560] (px4_msgs) StdoutLine: {'line': b'-- Up-to-date: /home/maizaied03/ros2_ws/install/px4_msgs/include/px4_msgs/px4_msgs/msg/detail/camera_trigger__type_support.c\n'}
[9.254653] (px4_msgs) StdoutLine: {'line': b'-- Up-to-date: /home/maizaied03/ros2_ws/install/px4_msgs/include/px4_msgs/px4_msgs/msg/detail/register_ext_component_reply__type_support.c\n'}
[9.254714] (px4_msgs) StdoutLine: {'line': b'-- Up-to-date: /home/maizaied03/ros2_ws/install/px4_msgs/include/px4_msgs/px4_msgs/msg/detail/sensors_status__rosidl_typesupport_introspection_c.h\n'}
[9.254799] (px4_msgs) StdoutLine: {'line': b'-- Up-to-date: /home/maizaied03/ros2_ws/install/px4_msgs/include/px4_msgs/px4_msgs/msg/detail/vehicle_magnetometer__rosidl_typesupport_introspection_c.h\n'}
[9.254860] (px4_msgs) StdoutLine: {'line': b'-- Up-to-date: /home/maizaied03/ros2_ws/install/px4_msgs/include/px4_msgs/px4_msgs/msg/detail/gpio_request__rosidl_typesupport_introspection_c.h\n'}
[9.254928] (px4_msgs) StdoutLine: {'line': b'-- Up-to-date: /home/maizaied03/ros2_ws/install/px4_msgs/include/px4_msgs/px4_msgs/msg/detail/parameter_set_value_request__rosidl_typesupport_introspection_c.h\n'}
[9.254991] (px4_msgs) StdoutLine: {'line': b'-- Up-to-date: /home/maizaied03/ros2_ws/install/px4_msgs/include/px4_msgs/px4_msgs/msg/detail/px4io_status__rosidl_typesupport_introspection_c.h\n'}
[9.255055] (px4_msgs) StdoutLine: {'line': b'-- Up-to-date: /home/maizaied03/ros2_ws/install/px4_msgs/include/px4_msgs/px4_msgs/msg/detail/estimator_sensor_bias__rosidl_typesupport_introspection_c.h\n'}
[9.255137] (px4_msgs) StdoutLine: {'line': b'-- Up-to-date: /home/maizaied03/ros2_ws/install/px4_msgs/include/px4_msgs/px4_msgs/msg/detail/sensor_correction__type_support.c\n'}
[9.255229] (px4_msgs) StdoutLine: {'line': b'-- Up-to-date: /home/maizaied03/ros2_ws/install/px4_msgs/include/px4_msgs/px4_msgs/msg/detail/failure_detector_status__type_support.c\n'}
[9.255336] (px4_msgs) StdoutLine: {'line': b'-- Up-to-date: /home/maizaied03/ros2_ws/install/px4_msgs/include/px4_msgs/px4_msgs/msg/detail/vehicle_air_data__type_support.c\n'}
[9.255401] (px4_msgs) StdoutLine: {'line': b'-- Up-to-date: /home/maizaied03/ros2_ws/install/px4_msgs/include/px4_msgs/px4_msgs/msg/detail/cpuload__rosidl_typesupport_introspection_c.h\n'}
[9.255481] (px4_msgs) StdoutLine: {'line': b'-- Up-to-date: /home/maizaied03/ros2_ws/install/px4_msgs/include/px4_msgs/px4_msgs/msg/detail/debug_key_value__type_support.c\n'}
[9.255585] (px4_msgs) StdoutLine: {'line': b'-- Up-to-date: /home/maizaied03/ros2_ws/install/px4_msgs/include/px4_msgs/px4_msgs/msg/detail/logger_status__rosidl_typesupport_introspection_c.h\n'}
[9.255671] (px4_msgs) StdoutLine: {'line': b'-- Up-to-date: /home/maizaied03/ros2_ws/install/px4_msgs/include/px4_msgs/px4_msgs/msg/detail/orb_test__type_support.c\n'}
[9.255736] (px4_msgs) StdoutLine: {'line': b'-- Up-to-date: /home/maizaied03/ros2_ws/install/px4_msgs/include/px4_msgs/px4_msgs/msg/detail/rover_attitude_status__type_support.c\n'}
[9.255804] (px4_msgs) StdoutLine: {'line': b'-- Up-to-date: /home/maizaied03/ros2_ws/install/px4_msgs/include/px4_msgs/px4_msgs/msg/detail/landing_gear__rosidl_typesupport_introspection_c.h\n'}
[9.255866] (px4_msgs) StdoutLine: {'line': b'-- Up-to-date: /home/maizaied03/ros2_ws/install/px4_msgs/include/px4_msgs/px4_msgs/msg/detail/mavlink_tunnel__rosidl_typesupport_introspection_c.h\n'}
[9.255930] (px4_msgs) StdoutLine: {'line': b'-- Up-to-date: /home/maizaied03/ros2_ws/install/px4_msgs/include/px4_msgs/px4_msgs/msg/detail/rover_rate_setpoint__rosidl_typesupport_introspection_c.h\n'}
[9.255995] (px4_msgs) StdoutLine: {'line': b'-- Up-to-date: /home/maizaied03/ros2_ws/install/px4_msgs/include/px4_msgs/px4_msgs/msg/detail/irlock_report__rosidl_typesupport_introspection_c.h\n'}
[9.256069] (px4_msgs) StdoutLine: {'line': b'-- Up-to-date: /home/maizaied03/ros2_ws/install/px4_msgs/include/px4_msgs/px4_msgs/msg/detail/qshell_retval__rosidl_typesupport_introspection_c.h\n'}
[9.256142] (px4_msgs) StdoutLine: {'line': b'-- Up-to-date: /home/maizaied03/ros2_ws/install/px4_msgs/include/px4_msgs/px4_msgs/msg/detail/rover_attitude_status__rosidl_typesupport_introspection_c.h\n'}
[9.256212] (px4_msgs) StdoutLine: {'line': b'-- Up-to-date: /home/maizaied03/ros2_ws/install/px4_msgs/include/px4_msgs/px4_msgs/msg/detail/vehicle_attitude__rosidl_typesupport_introspection_c.h\n'}
[9.256283] (px4_msgs) StdoutLine: {'line': b'-- Up-to-date: /home/maizaied03/ros2_ws/install/px4_msgs/include/px4_msgs/px4_msgs/msg/detail/parameter_set_value_response__type_support.c\n'}
[9.256353] (px4_msgs) StdoutLine: {'line': b'-- Up-to-date: /home/maizaied03/ros2_ws/install/px4_msgs/include/px4_msgs/px4_msgs/msg/detail/config_overrides__rosidl_typesupport_introspection_c.h\n'}
[9.256422] (px4_msgs) StdoutLine: {'line': b'-- Up-to-date: /home/maizaied03/ros2_ws/install/px4_msgs/include/px4_msgs/px4_msgs/msg/detail/vehicle_local_position_setpoint__rosidl_typesupport_introspection_c.h\n'}
[9.256491] (px4_msgs) StdoutLine: {'line': b'-- Up-to-date: /home/maizaied03/ros2_ws/install/px4_msgs/include/px4_msgs/px4_msgs/msg/detail/actuator_outputs__rosidl_typesupport_introspection_c.h\n'}
[9.256574] (px4_msgs) StdoutLine: {'line': b'-- Up-to-date: /home/maizaied03/ros2_ws/install/px4_msgs/include/px4_msgs/px4_msgs/msg/detail/gpio_request__type_support.c\n'}
[9.256703] (px4_msgs) StdoutLine: {'line': b'-- Up-to-date: /home/maizaied03/ros2_ws/install/px4_msgs/include/px4_msgs/px4_msgs/msg/detail/vehicle_imu_status__rosidl_typesupport_introspection_c.h\n'}
[9.256770] (px4_msgs) StdoutLine: {'line': b'-- Up-to-date: /home/maizaied03/ros2_ws/install/px4_msgs/include/px4_msgs/px4_msgs/msg/detail/sensor_accel__type_support.c\n'}
[9.256831] (px4_msgs) StdoutLine: {'line': b'-- Up-to-date: /home/maizaied03/ros2_ws/install/px4_msgs/include/px4_msgs/px4_msgs/msg/detail/neural_control__rosidl_typesupport_introspection_c.h\n'}
[9.256892] (px4_msgs) StdoutLine: {'line': b'-- Up-to-date: /home/maizaied03/ros2_ws/install/px4_msgs/include/px4_msgs/px4_msgs/msg/detail/qshell_req__rosidl_typesupport_introspection_c.h\n'}
[9.256968] (px4_msgs) StdoutLine: {'line': b'-- Up-to-date: /home/maizaied03/ros2_ws/install/px4_msgs/include/px4_msgs/px4_msgs/msg/detail/actuator_motors__type_support.c\n'}
[9.257053] (px4_msgs) StdoutLine: {'line': b'-- Up-to-date: /home/maizaied03/ros2_ws/install/px4_msgs/include/px4_msgs/px4_msgs/msg/detail/estimator_bias__type_support.c\n'}
[9.257115] (px4_msgs) StdoutLine: {'line': b'-- Up-to-date: /home/maizaied03/ros2_ws/install/px4_msgs/include/px4_msgs/px4_msgs/msg/detail/obstacle_distance__type_support.c\n'}
[9.257194] (px4_msgs) StdoutLine: {'line': b'-- Up-to-date: /home/maizaied03/ros2_ws/install/px4_msgs/include/px4_msgs/px4_msgs/msg/detail/cpuload__type_support.c\n'}
[9.257256] (px4_msgs) StdoutLine: {'line': b'-- Up-to-date: /home/maizaied03/ros2_ws/install/px4_msgs/include/px4_msgs/px4_msgs/msg/detail/manual_control_setpoint__rosidl_typesupport_introspection_c.h\n'}
[9.257324] (px4_msgs) StdoutLine: {'line': b'-- Up-to-date: /home/maizaied03/ros2_ws/install/px4_msgs/include/px4_msgs/px4_msgs/msg/detail/estimator_aid_source2d__type_support.c\n'}
[9.257391] (px4_msgs) StdoutLine: {'line': b'-- Up-to-date: /home/maizaied03/ros2_ws/install/px4_msgs/include/px4_msgs/px4_msgs/msg/detail/geofence_result__rosidl_typesupport_introspection_c.h\n'}
[9.257472] (px4_msgs) StdoutLine: {'line': b'-- Up-to-date: /home/maizaied03/ros2_ws/install/px4_msgs/include/px4_msgs/px4_msgs/msg/detail/power_button_state__rosidl_typesupport_introspection_c.h\n'}
[9.257530] (px4_msgs) StdoutLine: {'line': b'-- Up-to-date: /home/maizaied03/ros2_ws/install/px4_msgs/include/px4_msgs/px4_msgs/msg/detail/open_drone_id_operator_id__type_support.c\n'}
[9.257581] (px4_msgs) StdoutLine: {'line': b'-- Up-to-date: /home/maizaied03/ros2_ws/install/px4_msgs/include/px4_msgs/px4_msgs/msg/detail/tiltrotor_extra_controls__rosidl_typesupport_introspection_c.h\n'}
[9.257640] (px4_msgs) StdoutLine: {'line': b'-- Up-to-date: /home/maizaied03/ros2_ws/install/px4_msgs/include/px4_msgs/px4_msgs/msg/detail/airspeed__rosidl_typesupport_introspection_c.h\n'}
[9.257698] (px4_msgs) StdoutLine: {'line': b'-- Up-to-date: /home/maizaied03/ros2_ws/install/px4_msgs/include/px4_msgs/px4_msgs/msg/detail/gpio_config__rosidl_typesupport_introspection_c.h\n'}
[9.257770] (px4_msgs) StdoutLine: {'line': b'-- Up-to-date: /home/maizaied03/ros2_ws/install/px4_msgs/include/px4_msgs/px4_msgs/msg/detail/autotune_attitude_control_status__type_support.c\n'}
[9.257844] (px4_msgs) StdoutLine: {'line': b'-- Up-to-date: /home/maizaied03/ros2_ws/install/px4_msgs/include/px4_msgs/px4_msgs/msg/detail/position_controller_status__type_support.c\n'}
[9.257919] (px4_msgs) StdoutLine: {'line': b'-- Up-to-date: /home/maizaied03/ros2_ws/install/px4_msgs/include/px4_msgs/px4_msgs/msg/detail/tune_control__rosidl_typesupport_introspection_c.h\n'}
[9.257994] (px4_msgs) StdoutLine: {'line': b'-- Up-to-date: /home/maizaied03/ros2_ws/install/px4_msgs/include/px4_msgs/px4_msgs/msg/detail/distance_sensor_mode_change_request__rosidl_typesupport_introspection_c.h\n'}
[9.258069] (px4_msgs) StdoutLine: {'line': b'-- Up-to-date: /home/maizaied03/ros2_ws/install/px4_msgs/include/px4_msgs/px4_msgs/msg/detail/vehicle_constraints__type_support.c\n'}
[9.258142] (px4_msgs) StdoutLine: {'line': b'-- Up-to-date: /home/maizaied03/ros2_ws/install/px4_msgs/include/px4_msgs/px4_msgs/msg/detail/open_drone_id_self_id__rosidl_typesupport_introspection_c.h\n'}
[9.258228] (px4_msgs) StdoutLine: {'line': b'-- Up-to-date: /home/maizaied03/ros2_ws/install/px4_msgs/include/px4_msgs/px4_msgs/msg/detail/gimbal_manager_set_manual_control__rosidl_typesupport_introspection_c.h\n'}
[9.258350] (px4_msgs) StdoutLine: {'line': b'-- Up-to-date: /home/maizaied03/ros2_ws/install/px4_msgs/include/px4_msgs/px4_msgs/msg/detail/gps_dump__rosidl_typesupport_introspection_c.h\n'}
[9.258419] (px4_msgs) StdoutLine: {'line': b'-- Up-to-date: /home/maizaied03/ros2_ws/install/px4_msgs/include/px4_msgs/px4_msgs/msg/detail/raptor_input__type_support.c\n'}
[9.258482] (px4_msgs) StdoutLine: {'line': b'-- Up-to-date: /home/maizaied03/ros2_ws/install/px4_msgs/include/px4_msgs/px4_msgs/msg/detail/sensors_status_imu__type_support.c\n'}
[9.258544] (px4_msgs) StdoutLine: {'line': b'-- Up-to-date: /home/maizaied03/ros2_ws/install/px4_msgs/include/px4_msgs/px4_msgs/msg/detail/dronecan_node_status__rosidl_typesupport_introspection_c.h\n'}
[9.258636] (px4_msgs) StdoutLine: {'line': b'-- Up-to-date: /home/maizaied03/ros2_ws/install/px4_msgs/include/px4_msgs/px4_msgs/msg/detail/follow_target__rosidl_typesupport_introspection_c.h\n'}
[9.258760] (px4_msgs) StdoutLine: {'line': b'-- Up-to-date: /home/maizaied03/ros2_ws/install/px4_msgs/include/px4_msgs/px4_msgs/msg/detail/gpio_config__type_support.c\n'}
[9.258830] (px4_msgs) StdoutLine: {'line': b'-- Up-to-date: /home/maizaied03/ros2_ws/install/px4_msgs/include/px4_msgs/px4_msgs/msg/detail/sensor_optical_flow__rosidl_typesupport_introspection_c.h\n'}
[9.258895] (px4_msgs) StdoutLine: {'line': b'-- Up-to-date: /home/maizaied03/ros2_ws/install/px4_msgs/include/px4_msgs/px4_msgs/msg/detail/vehicle_acceleration__type_support.c\n'}
[9.258959] (px4_msgs) StdoutLine: {'line': b'-- Up-to-date: /home/maizaied03/ros2_ws/install/px4_msgs/include/px4_msgs/px4_msgs/msg/detail/sensor_gyro_fifo__type_support.c\n'}
[9.259034] (px4_msgs) StdoutLine: {'line': b'-- Up-to-date: /home/maizaied03/ros2_ws/install/px4_msgs/include/px4_msgs/px4_msgs/msg/detail/gimbal_manager_set_manual_control__type_support.c\n'}
[9.259142] (px4_msgs) StdoutLine: {'line': b'-- Up-to-date: /home/maizaied03/ros2_ws/install/px4_msgs/include/px4_msgs/px4_msgs/msg/detail/estimator_innovations__type_support.c\n'}
[9.259202] (px4_msgs) StdoutLine: {'line': b'-- Up-to-date: /home/maizaied03/ros2_ws/install/px4_msgs/include/px4_msgs/px4_msgs/msg/detail/sensor_gps__type_support.c\n'}
[9.259262] (px4_msgs) StdoutLine: {'line': b'-- Up-to-date: /home/maizaied03/ros2_ws/install/px4_msgs/include/px4_msgs/px4_msgs/msg/detail/figure_eight_status__type_support.c\n'}
[9.259323] (px4_msgs) StdoutLine: {'line': b'-- Up-to-date: /home/maizaied03/ros2_ws/install/px4_msgs/include/px4_msgs/px4_msgs/msg/detail/pwm_input__rosidl_typesupport_introspection_c.h\n'}
[9.259383] (px4_msgs) StdoutLine: {'line': b'-- Up-to-date: /home/maizaied03/ros2_ws/install/px4_msgs/include/px4_msgs/px4_msgs/msg/detail/vehicle_optical_flow_vel__rosidl_typesupport_introspection_c.h\n'}
[9.259442] (px4_msgs) StdoutLine: {'line': b'-- Up-to-date: /home/maizaied03/ros2_ws/install/px4_msgs/include/px4_msgs/px4_msgs/msg/detail/rover_speed_setpoint__rosidl_typesupport_introspection_c.h\n'}
[9.259530] (px4_msgs) StdoutLine: {'line': b'-- Up-to-date: /home/maizaied03/ros2_ws/install/px4_msgs/include/px4_msgs/px4_msgs/msg/detail/gps_dump__type_support.c\n'}
[9.259606] (px4_msgs) StdoutLine: {'line': b'-- Up-to-date: /home/maizaied03/ros2_ws/install/px4_msgs/include/px4_msgs/px4_msgs/msg/detail/pure_pursuit_status__type_support.c\n'}
[9.259670] (px4_msgs) StdoutLine: {'line': b'-- Up-to-date: /home/maizaied03/ros2_ws/install/px4_msgs/include/px4_msgs/px4_msgs/msg/detail/system_power__type_support.c\n'}
[9.259728] (px4_msgs) StdoutLine: {'line': b'-- Up-to-date: /home/maizaied03/ros2_ws/install/px4_msgs/include/px4_msgs/px4_msgs/msg/detail/rover_attitude_setpoint__rosidl_typesupport_introspection_c.h\n'}
[9.259788] (px4_msgs) StdoutLine: {'line': b'-- Up-to-date: /home/maizaied03/ros2_ws/install/px4_msgs/include/px4_msgs/px4_msgs/msg/detail/autotune_attitude_control_status__rosidl_typesupport_introspection_c.h\n'}
[9.259842] (px4_msgs) StdoutLine: {'line': b'-- Up-to-date: /home/maizaied03/ros2_ws/install/px4_msgs/include/px4_msgs/px4_msgs/msg/detail/actuator_armed__type_support.c\n'}
[9.259897] (px4_msgs) StdoutLine: {'line': b'-- Up-to-date: /home/maizaied03/ros2_ws/install/px4_msgs/include/px4_msgs/px4_msgs/msg/detail/log_message__type_support.c\n'}
[9.259951] (px4_msgs) StdoutLine: {'line': b'-- Up-to-date: /home/maizaied03/ros2_ws/install/px4_msgs/include/px4_msgs/px4_msgs/msg/detail/internal_combustion_engine_status__type_support.c\n'}
[9.260020] (px4_msgs) StdoutLine: {'line': b'-- Up-to-date: /home/maizaied03/ros2_ws/install/px4_msgs/include/px4_msgs/px4_msgs/msg/detail/estimator_status_flags__rosidl_typesupport_introspection_c.h\n'}
[9.260122] (px4_msgs) StdoutLine: {'line': b'-- Up-to-date: /home/maizaied03/ros2_ws/install/px4_msgs/include/px4_msgs/px4_msgs/msg/detail/camera_status__type_support.c\n'}
[9.260181] (px4_msgs) StdoutLine: {'line': b'-- Up-to-date: /home/maizaied03/ros2_ws/install/px4_msgs/include/px4_msgs/px4_msgs/msg/detail/geofence_status__type_support.c\n'}
[9.260244] (px4_msgs) StdoutLine: {'line': b'-- Up-to-date: /home/maizaied03/ros2_ws/install/px4_msgs/include/px4_msgs/px4_msgs/msg/detail/trajectory_setpoint6dof__rosidl_typesupport_introspection_c.h\n'}
[9.260300] (px4_msgs) StdoutLine: {'line': b'-- Up-to-date: /home/maizaied03/ros2_ws/install/px4_msgs/include/px4_msgs/px4_msgs/msg/detail/sensor_baro__rosidl_typesupport_introspection_c.h\n'}
[9.260367] (px4_msgs) StdoutLine: {'line': b'-- Up-to-date: /home/maizaied03/ros2_ws/install/px4_msgs/include/px4_msgs/px4_msgs/msg/detail/ekf2_timestamps__type_support.c\n'}
[9.260445] (px4_msgs) StdoutLine: {'line': b'-- Up-to-date: /home/maizaied03/ros2_ws/install/px4_msgs/include/px4_msgs/px4_msgs/msg/detail/vehicle_command__type_support.c\n'}
[9.260511] (px4_msgs) StdoutLine: {'line': b'-- Up-to-date: /home/maizaied03/ros2_ws/install/px4_msgs/include/px4_msgs/px4_msgs/msg/detail/open_drone_id_system__rosidl_typesupport_introspection_c.h\n'}
[9.260582] (px4_msgs) StdoutLine: {'line': b'-- Up-to-date: /home/maizaied03/ros2_ws/install/px4_msgs/include/px4_msgs/px4_msgs/msg/detail/sensor_combined__rosidl_typesupport_introspection_c.h\n'}
[9.260669] (px4_msgs) StdoutLine: {'line': b'-- Up-to-date: /home/maizaied03/ros2_ws/install/px4_msgs/include/px4_msgs/px4_msgs/msg/detail/gimbal_controls__type_support.c\n'}
[9.260738] (px4_msgs) StdoutLine: {'line': b'-- Up-to-date: /home/maizaied03/ros2_ws/install/px4_msgs/include/px4_msgs/px4_msgs/msg/detail/vehicle_odometry__type_support.c\n'}
[9.260840] (px4_msgs) StdoutLine: {'line': b'-- Up-to-date: /home/maizaied03/ros2_ws/install/px4_msgs/include/px4_msgs/px4_msgs/msg/detail/battery_status__rosidl_typesupport_introspection_c.h\n'}
[9.260912] (px4_msgs) StdoutLine: {'line': b'-- Up-to-date: /home/maizaied03/ros2_ws/install/px4_msgs/include/px4_msgs/px4_msgs/msg/detail/message_format_response__type_support.c\n'}
[9.260983] (px4_msgs) StdoutLine: {'line': b'-- Up-to-date: /home/maizaied03/ros2_ws/install/px4_msgs/include/px4_msgs/px4_msgs/msg/detail/mount_orientation__type_support.c\n'}
[9.261058] (px4_msgs) StdoutLine: {'line': b'-- Up-to-date: /home/maizaied03/ros2_ws/install/px4_msgs/include/px4_msgs/px4_msgs/msg/detail/estimator_event_flags__type_support.c\n'}
[9.261128] (px4_msgs) StdoutLine: {'line': b'-- Up-to-date: /home/maizaied03/ros2_ws/install/px4_msgs/include/px4_msgs/px4_msgs/msg/detail/estimator_status__rosidl_typesupport_introspection_c.h\n'}
[9.261197] (px4_msgs) StdoutLine: {'line': b'-- Up-to-date: /home/maizaied03/ros2_ws/install/px4_msgs/include/px4_msgs/px4_msgs/msg/detail/position_setpoint__rosidl_typesupport_introspection_c.h\n'}
[9.261277] (px4_msgs) StdoutLine: {'line': b'-- Up-to-date: /home/maizaied03/ros2_ws/install/px4_msgs/include/px4_msgs/px4_msgs/msg/detail/landing_target_pose__rosidl_typesupport_introspection_c.h\n'}
[9.261357] (px4_msgs) StdoutLine: {'line': b'-- Up-to-date: /home/maizaied03/ros2_ws/install/px4_msgs/include/px4_msgs/px4_msgs/msg/detail/orb_test_large__type_support.c\n'}
[9.261438] (px4_msgs) StdoutLine: {'line': b'-- Up-to-date: /home/maizaied03/ros2_ws/install/px4_msgs/include/px4_msgs/px4_msgs/msg/detail/pure_pursuit_status__rosidl_typesupport_introspection_c.h\n'}
[9.261519] (px4_msgs) StdoutLine: {'line': b'-- Up-to-date: /home/maizaied03/ros2_ws/install/px4_msgs/include/px4_msgs/px4_msgs/msg/detail/sensor_hygrometer__rosidl_typesupport_introspection_c.h\n'}
[9.261649] (px4_msgs) StdoutLine: {'line': b'-- Up-to-date: /home/maizaied03/ros2_ws/install/px4_msgs/include/px4_msgs/px4_msgs/msg/detail/launch_detection_status__rosidl_typesupport_introspection_c.h\n'}
[9.261727] (px4_msgs) StdoutLine: {'line': b'-- Up-to-date: /home/maizaied03/ros2_ws/install/px4_msgs/include/px4_msgs/px4_msgs/msg/detail/esc_status__rosidl_typesupport_introspection_c.h\n'}
[9.261811] (px4_msgs) StdoutLine: {'line': b'-- Up-to-date: /home/maizaied03/ros2_ws/install/px4_msgs/include/px4_msgs/px4_msgs/msg/detail/vehicle_thrust_setpoint__type_support.c\n'}
[9.261883] (px4_msgs) StdoutLine: {'line': b'-- Up-to-date: /home/maizaied03/ros2_ws/install/px4_msgs/include/px4_msgs/px4_msgs/msg/detail/vehicle_constraints__rosidl_typesupport_introspection_c.h\n'}
[9.261958] (px4_msgs) StdoutLine: {'line': b'-- Up-to-date: /home/maizaied03/ros2_ws/install/px4_msgs/include/px4_msgs/px4_msgs/msg/detail/longitudinal_control_configuration__rosidl_typesupport_introspection_c.h\n'}
[9.262066] (px4_msgs) StdoutLine: {'line': b'-- Up-to-date: /home/maizaied03/ros2_ws/install/px4_msgs/include/px4_msgs/px4_msgs/msg/detail/rover_rate_setpoint__type_support.c\n'}
[9.262145] (px4_msgs) StdoutLine: {'line': b'-- Up-to-date: /home/maizaied03/ros2_ws/install/px4_msgs/include/px4_msgs/px4_msgs/msg/detail/parameter_update__type_support.c\n'}
[9.262196] (px4_msgs) StdoutLine: {'line': b'-- Up-to-date: /home/maizaied03/ros2_ws/install/px4_msgs/include/px4_msgs/px4_msgs/msg/detail/gain_compression__type_support.c\n'}
[9.262247] (px4_msgs) StdoutLine: {'line': b'-- Up-to-date: /home/maizaied03/ros2_ws/install/px4_msgs/include/px4_msgs/px4_msgs/msg/detail/device_information__rosidl_typesupport_introspection_c.h\n'}
[9.262299] (px4_msgs) StdoutLine: {'line': b'-- Up-to-date: /home/maizaied03/ros2_ws/install/px4_msgs/include/px4_msgs/px4_msgs/msg/detail/mode_completed__type_support.c\n'}
[9.262350] (px4_msgs) StdoutLine: {'line': b'-- Up-to-date: /home/maizaied03/ros2_ws/install/px4_msgs/include/px4_msgs/px4_msgs/msg/detail/vehicle_angular_acceleration_setpoint__type_support.c\n'}
[9.262400] (px4_msgs) StdoutLine: {'line': b'-- Up-to-date: /home/maizaied03/ros2_ws/install/px4_msgs/include/px4_msgs/px4_msgs/msg/detail/vehicle_angular_acceleration_setpoint__rosidl_typesupport_introspection_c.h\n'}
[9.262459] (px4_msgs) StdoutLine: {'line': b'-- Up-to-date: /home/maizaied03/ros2_ws/install/px4_msgs/include/px4_msgs/px4_msgs/msg/detail/flight_phase_estimation__type_support.c\n'}
[9.262543] (px4_msgs) StdoutLine: {'line': b'-- Up-to-date: /home/maizaied03/ros2_ws/install/px4_msgs/include/px4_msgs/px4_msgs/msg/detail/estimator_sensor_bias__type_support.c\n'}
[9.262628] (px4_msgs) StdoutLine: {'line': b'-- Up-to-date: /home/maizaied03/ros2_ws/install/px4_msgs/include/px4_msgs/px4_msgs/msg/detail/estimator_selector_status__type_support.c\n'}
[9.262695] (px4_msgs) StdoutLine: {'line': b'-- Up-to-date: /home/maizaied03/ros2_ws/install/px4_msgs/include/px4_msgs/px4_msgs/msg/detail/generator_status__rosidl_typesupport_introspection_c.h\n'}
[9.262757] (px4_msgs) StdoutLine: {'line': b'-- Up-to-date: /home/maizaied03/ros2_ws/install/px4_msgs/include/px4_msgs/px4_msgs/msg/detail/onboard_computer_status__rosidl_typesupport_introspection_c.h\n'}
[9.262820] (px4_msgs) StdoutLine: {'line': b'-- Up-to-date: /home/maizaied03/ros2_ws/install/px4_msgs/include/px4_msgs/px4_msgs/msg/detail/rc_parameter_map__type_support.c\n'}
[9.262886] (px4_msgs) StdoutLine: {'line': b'-- Up-to-date: /home/maizaied03/ros2_ws/install/px4_msgs/include/px4_msgs/px4_msgs/msg/detail/distance_sensor__type_support.c\n'}
[9.262984] (px4_msgs) StdoutLine: {'line': b'-- Up-to-date: /home/maizaied03/ros2_ws/install/px4_msgs/include/px4_msgs/px4_msgs/msg/detail/sensor_gnss_status__type_support.c\n'}
[9.263044] (px4_msgs) StdoutLine: {'line': b'-- Up-to-date: /home/maizaied03/ros2_ws/install/px4_msgs/include/px4_msgs/px4_msgs/msg/detail/internal_combustion_engine_control__type_support.c\n'}
[9.263108] (px4_msgs) StdoutLine: {'line': b'-- Up-to-date: /home/maizaied03/ros2_ws/install/px4_msgs/include/px4_msgs/px4_msgs/msg/detail/vehicle_torque_setpoint__rosidl_typesupport_introspection_c.h\n'}
[9.263169] (px4_msgs) StdoutLine: {'line': b'-- Up-to-date: /home/maizaied03/ros2_ws/install/px4_msgs/include/px4_msgs/px4_msgs/msg/detail/camera_capture__type_support.c\n'}
[9.263226] (px4_msgs) StdoutLine: {'line': b'-- Up-to-date: /home/maizaied03/ros2_ws/install/px4_msgs/include/px4_msgs/px4_msgs/msg/detail/vehicle_torque_setpoint__type_support.c\n'}
[9.263284] (px4_msgs) StdoutLine: {'line': b'-- Up-to-date: /home/maizaied03/ros2_ws/install/px4_msgs/include/px4_msgs/px4_msgs/msg/detail/sensor_optical_flow__type_support.c\n'}
[9.263355] (px4_msgs) StdoutLine: {'line': b'-- Up-to-date: /home/maizaied03/ros2_ws/install/px4_msgs/include/px4_msgs/px4_msgs/msg/detail/iridiumsbd_status__rosidl_typesupport_introspection_c.h\n'}
[9.263439] (px4_msgs) StdoutLine: {'line': b'-- Up-to-date: /home/maizaied03/ros2_ws/install/px4_msgs/include/px4_msgs/px4_msgs/msg/detail/rover_rate_status__type_support.c\n'}
[9.263499] (px4_msgs) StdoutLine: {'line': b'-- Up-to-date: /home/maizaied03/ros2_ws/install/px4_msgs/include/px4_msgs/px4_msgs/msg/detail/failsafe_flags__type_support.c\n'}
[9.263556] (px4_msgs) StdoutLine: {'line': b'-- Up-to-date: /home/maizaied03/ros2_ws/install/px4_msgs/include/px4_msgs/px4_msgs/msg/detail/vehicle_roi__rosidl_typesupport_introspection_c.h\n'}
[9.263620] (px4_msgs) StdoutLine: {'line': b'-- Up-to-date: /home/maizaied03/ros2_ws/install/px4_msgs/include/px4_msgs/px4_msgs/msg/detail/gain_compression__rosidl_typesupport_introspection_c.h\n'}
[9.263680] (px4_msgs) StdoutLine: {'line': b'-- Up-to-date: /home/maizaied03/ros2_ws/install/px4_msgs/include/px4_msgs/px4_msgs/msg/detail/esc_report__rosidl_typesupport_introspection_c.h\n'}
[9.263743] (px4_msgs) StdoutLine: {'line': b'-- Up-to-date: /home/maizaied03/ros2_ws/install/px4_msgs/include/px4_msgs/px4_msgs/msg/detail/follow_target__type_support.c\n'}
[9.263811] (px4_msgs) StdoutLine: {'line': b'-- Up-to-date: /home/maizaied03/ros2_ws/install/px4_msgs/include/px4_msgs/px4_msgs/msg/detail/vehicle_angular_velocity__rosidl_typesupport_introspection_c.h\n'}
[9.263886] (px4_msgs) StdoutLine: {'line': b'-- Up-to-date: /home/maizaied03/ros2_ws/install/px4_msgs/include/px4_msgs/px4_msgs/msg/detail/cellular_status__type_support.c\n'}
[9.263958] (px4_msgs) StdoutLine: {'line': b'-- Up-to-date: /home/maizaied03/ros2_ws/install/px4_msgs/include/px4_msgs/px4_msgs/msg/detail/camera_capture__rosidl_typesupport_introspection_c.h\n'}
[9.264049] (px4_msgs) StdoutLine: {'line': b'-- Up-to-date: /home/maizaied03/ros2_ws/install/px4_msgs/include/px4_msgs/px4_msgs/msg/detail/gimbal_manager_set_attitude__type_support.c\n'}
[9.264123] (px4_msgs) StdoutLine: {'line': b'-- Up-to-date: /home/maizaied03/ros2_ws/install/px4_msgs/include/px4_msgs/px4_msgs/msg/detail/gpio_in__rosidl_typesupport_introspection_c.h\n'}
[9.264210] (px4_msgs) StdoutLine: {'line': b'-- Up-to-date: /home/maizaied03/ros2_ws/install/px4_msgs/include/px4_msgs/px4_msgs/msg/detail/fixed_wing_lateral_guidance_status__rosidl_typesupport_introspection_c.h\n'}
[9.264311] (px4_msgs) StdoutLine: {'line': b'-- Up-to-date: /home/maizaied03/ros2_ws/install/px4_msgs/include/px4_msgs/px4_msgs/msg/detail/uavcan_parameter_value__rosidl_typesupport_introspection_c.h\n'}
[9.264401] (px4_msgs) StdoutLine: {'line': b'-- Up-to-date: /home/maizaied03/ros2_ws/install/px4_msgs/include/px4_msgs/px4_msgs/msg/detail/parameter_set_value_request__type_support.c\n'}
[9.264486] (px4_msgs) StdoutLine: {'line': b'-- Up-to-date: /home/maizaied03/ros2_ws/install/px4_msgs/include/px4_msgs/px4_msgs/msg/detail/vehicle_land_detected__rosidl_typesupport_introspection_c.h\n'}
[9.264569] (px4_msgs) StdoutLine: {'line': b'-- Up-to-date: /home/maizaied03/ros2_ws/install/px4_msgs/include/px4_msgs/px4_msgs/msg/detail/sensor_accel_fifo__rosidl_typesupport_introspection_c.h\n'}
[9.264731] (px4_msgs) StdoutLine: {'line': b'-- Up-to-date: /home/maizaied03/ros2_ws/install/px4_msgs/include/px4_msgs/px4_msgs/msg/detail/sensor_mag__rosidl_typesupport_introspection_c.h\n'}
[9.264822] (px4_msgs) StdoutLine: {'line': b'-- Up-to-date: /home/maizaied03/ros2_ws/install/px4_msgs/include/px4_msgs/px4_msgs/msg/detail/health_report__type_support.c\n'}
[9.264886] (px4_msgs) StdoutLine: {'line': b'-- Up-to-date: /home/maizaied03/ros2_ws/install/px4_msgs/include/px4_msgs/px4_msgs/msg/detail/ulog_stream_ack__type_support.c\n'}
[9.264945] (px4_msgs) StdoutLine: {'line': b'-- Up-to-date: /home/maizaied03/ros2_ws/install/px4_msgs/include/px4_msgs/px4_msgs/msg/detail/dataman_request__rosidl_typesupport_introspection_c.h\n'}
[9.265004] (px4_msgs) StdoutLine: {'line': b'-- Up-to-date: /home/maizaied03/ros2_ws/install/px4_msgs/include/px4_msgs/px4_msgs/msg/detail/geofence_result__type_support.c\n'}
[9.265065] (px4_msgs) StdoutLine: {'line': b'-- Up-to-date: /home/maizaied03/ros2_ws/install/px4_msgs/include/px4_msgs/px4_msgs/msg/detail/irlock_report__type_support.c\n'}
[9.265121] (px4_msgs) StdoutLine: {'line': b'-- Up-to-date: /home/maizaied03/ros2_ws/install/px4_msgs/include/px4_msgs/px4_msgs/msg/detail/pwm_input__type_support.c\n'}
[9.265181] (px4_msgs) StdoutLine: {'line': b'-- Up-to-date: /home/maizaied03/ros2_ws/install/px4_msgs/include/px4_msgs/px4_msgs/msg/detail/fixed_wing_longitudinal_setpoint__type_support.c\n'}
[9.265242] (px4_msgs) StdoutLine: {'line': b'-- Up-to-date: /home/maizaied03/ros2_ws/install/px4_msgs/include/px4_msgs/px4_msgs/msg/detail/hover_thrust_estimate__rosidl_typesupport_introspection_c.h\n'}
[9.265326] (px4_msgs) StdoutLine: {'line': b'-- Up-to-date: /home/maizaied03/ros2_ws/install/px4_msgs/include/px4_msgs/px4_msgs/msg/detail/sensor_preflight_mag__rosidl_typesupport_introspection_c.h\n'}
[9.265383] (px4_msgs) StdoutLine: {'line': b'-- Up-to-date: /home/maizaied03/ros2_ws/install/px4_msgs/include/px4_msgs/px4_msgs/msg/detail/wind__rosidl_typesupport_introspection_c.h\n'}
[9.265439] (px4_msgs) StdoutLine: {'line': b'-- Up-to-date: /home/maizaied03/ros2_ws/install/px4_msgs/include/px4_msgs/px4_msgs/msg/detail/estimator_bias__rosidl_typesupport_introspection_c.h\n'}
[9.265494] (px4_msgs) StdoutLine: {'line': b'-- Up-to-date: /home/maizaied03/ros2_ws/install/px4_msgs/include/px4_msgs/px4_msgs/msg/detail/sensor_gyro__rosidl_typesupport_introspection_c.h\n'}
[9.265549] (px4_msgs) StdoutLine: {'line': b'-- Up-to-date: /home/maizaied03/ros2_ws/install/px4_msgs/include/px4_msgs/px4_msgs/msg/detail/sensor_gyro_fft__rosidl_typesupport_introspection_c.h\n'}
[9.265616] (px4_msgs) StdoutLine: {'line': b'-- Up-to-date: /home/maizaied03/ros2_ws/install/px4_msgs/include/px4_msgs/px4_msgs/msg/detail/fixed_wing_runway_control__type_support.c\n'}
[9.265695] (px4_msgs) StdoutLine: {'line': b'-- Up-to-date: /home/maizaied03/ros2_ws/install/px4_msgs/include/px4_msgs/px4_msgs/msg/detail/unregister_ext_component__type_support.c\n'}
[9.265759] (px4_msgs) StdoutLine: {'line': b'-- Up-to-date: /home/maizaied03/ros2_ws/install/px4_msgs/include/px4_msgs/px4_msgs/msg/detail/gimbal_device_information__rosidl_typesupport_introspection_c.h\n'}
[9.265819] (px4_msgs) StdoutLine: {'line': b'-- Up-to-date: /home/maizaied03/ros2_ws/install/px4_msgs/include/px4_msgs/px4_msgs/msg/detail/fuel_tank_status__rosidl_typesupport_introspection_c.h\n'}
[9.265909] (px4_msgs) StdoutLine: {'line': b'-- Up-to-date: /home/maizaied03/ros2_ws/install/px4_msgs/include/px4_msgs/px4_msgs/msg/detail/mavlink_log__rosidl_typesupport_introspection_c.h\n'}
[9.265972] (px4_msgs) StdoutLine: {'line': b'-- Up-to-date: /home/maizaied03/ros2_ws/install/px4_msgs/include/px4_msgs/px4_msgs/msg/detail/manual_control_switches__rosidl_typesupport_introspection_c.h\n'}
[9.266039] (px4_msgs) StdoutLine: {'line': b'-- Up-to-date: /home/maizaied03/ros2_ws/install/px4_msgs/include/px4_msgs/px4_msgs/msg/detail/sensor_uwb__rosidl_typesupport_introspection_c.h\n'}
[9.266094] (px4_msgs) StdoutLine: {'line': b'-- Up-to-date: /home/maizaied03/ros2_ws/install/px4_msgs/include/px4_msgs/px4_msgs/msg/detail/action_request__type_support.c\n'}
[9.266146] (px4_msgs) StdoutLine: {'line': b'-- Up-to-date: /home/maizaied03/ros2_ws/install/px4_msgs/include/px4_msgs/px4_msgs/msg/detail/estimator_selector_status__rosidl_typesupport_introspection_c.h\n'}
[9.266200] (px4_msgs) StdoutLine: {'line': b'-- Up-to-date: /home/maizaied03/ros2_ws/install/px4_msgs/include/px4_msgs/px4_msgs/msg/detail/tiltrotor_extra_controls__type_support.c\n'}
[9.266266] (px4_msgs) StdoutLine: {'line': b'-- Up-to-date: /home/maizaied03/ros2_ws/install/px4_msgs/include/px4_msgs/px4_msgs/msg/detail/vehicle_global_position__type_support.c\n'}
[9.266401] (px4_msgs) StdoutLine: {'line': b'-- Up-to-date: /home/maizaied03/ros2_ws/install/px4_msgs/include/px4_msgs/px4_msgs/msg/detail/lateral_control_configuration__rosidl_typesupport_introspection_c.h\n'}
[9.266467] (px4_msgs) StdoutLine: {'line': b'-- Up-to-date: /home/maizaied03/ros2_ws/install/px4_msgs/include/px4_msgs/px4_msgs/msg/detail/rover_attitude_setpoint__type_support.c\n'}
[9.266524] (px4_msgs) StdoutLine: {'line': b'-- Up-to-date: /home/maizaied03/ros2_ws/install/px4_msgs/include/px4_msgs/px4_msgs/msg/detail/hover_thrust_estimate__type_support.c\n'}
[9.266571] (px4_msgs) StdoutLine: {'line': b'-- Up-to-date: /home/maizaied03/ros2_ws/install/px4_msgs/include/px4_msgs/px4_msgs/msg/detail/vehicle_status__type_support.c\n'}
[9.266652] (px4_msgs) StdoutLine: {'line': b'-- Up-to-date: /home/maizaied03/ros2_ws/install/px4_msgs/include/px4_msgs/px4_msgs/msg/detail/vehicle_optical_flow__type_support.c\n'}
[9.266702] (px4_msgs) StdoutLine: {'line': b'-- Up-to-date: /home/maizaied03/ros2_ws/install/px4_msgs/include/px4_msgs/px4_msgs/msg/detail/debug_array__type_support.c\n'}
[9.266746] (px4_msgs) StdoutLine: {'line': b'-- Up-to-date: /home/maizaied03/ros2_ws/install/px4_msgs/include/px4_msgs/px4_msgs/msg/detail/gimbal_device_information__type_support.c\n'}
[9.266796] (px4_msgs) StdoutLine: {'line': b'-- Up-to-date: /home/maizaied03/ros2_ws/install/px4_msgs/include/px4_msgs/px4_msgs/msg/detail/rover_position_setpoint__rosidl_typesupport_introspection_c.h\n'}
[9.266843] (px4_msgs) StdoutLine: {'line': b'-- Up-to-date: /home/maizaied03/ros2_ws/install/px4_msgs/include/px4_msgs/px4_msgs/msg/detail/offboard_control_mode__type_support.c\n'}
[9.266888] (px4_msgs) StdoutLine: {'line': b'-- Up-to-date: /home/maizaied03/ros2_ws/install/px4_msgs/include/px4_msgs/px4_msgs/msg/detail/sensor_preflight_mag__type_support.c\n'}
[9.266941] (px4_msgs) StdoutLine: {'line': b'-- Up-to-date: /home/maizaied03/ros2_ws/install/px4_msgs/include/px4_msgs/px4_msgs/msg/detail/estimator_aid_source2d__rosidl_typesupport_introspection_c.h\n'}
[9.266996] (px4_msgs) StdoutLine: {'line': b'-- Up-to-date: /home/maizaied03/ros2_ws/install/px4_msgs/include/px4_msgs/px4_msgs/msg/detail/mavlink_log__type_support.c\n'}
[9.267052] (px4_msgs) StdoutLine: {'line': b'-- Up-to-date: /home/maizaied03/ros2_ws/install/px4_msgs/include/px4_msgs/px4_msgs/msg/detail/internal_combustion_engine_control__rosidl_typesupport_introspection_c.h\n'}
[9.267109] (px4_msgs) StdoutLine: {'line': b'-- Up-to-date: /home/maizaied03/ros2_ws/install/px4_msgs/include/px4_msgs/px4_msgs/msg/detail/differential_pressure__rosidl_typesupport_introspection_c.h\n'}
[9.267147] (px4_msgs) StdoutLine: {'line': b'-- Up-to-date: /home/maizaied03/ros2_ws/install/px4_msgs/include/px4_msgs/px4_msgs/msg/detail/position_setpoint__type_support.c\n'}
[9.267182] (px4_msgs) StdoutLine: {'line': b'-- Up-to-date: /home/maizaied03/ros2_ws/install/px4_msgs/include/px4_msgs/px4_msgs/msg/detail/fuel_tank_status__type_support.c\n'}
[9.267218] (px4_msgs) StdoutLine: {'line': b'-- Up-to-date: /home/maizaied03/ros2_ws/install/px4_msgs/include/px4_msgs/px4_msgs/msg/detail/flight_phase_estimation__rosidl_typesupport_introspection_c.h\n'}
[9.267254] (px4_msgs) StdoutLine: {'line': b'-- Up-to-date: /home/maizaied03/ros2_ws/install/px4_msgs/include/px4_msgs/px4_msgs/msg/detail/tecs_status__rosidl_typesupport_introspection_c.h\n'}
[9.267289] (px4_msgs) StdoutLine: {'line': b'-- Up-to-date: /home/maizaied03/ros2_ws/install/px4_msgs/include/px4_msgs/px4_msgs/msg/detail/camera_status__rosidl_typesupport_introspection_c.h\n'}
[9.267324] (px4_msgs) StdoutLine: {'line': b'-- Up-to-date: /home/maizaied03/ros2_ws/install/px4_msgs/include/px4_msgs/px4_msgs/msg/detail/landing_gear_wheel__rosidl_typesupport_introspection_c.h\n'}
[9.267358] (px4_msgs) StdoutLine: {'line': b'-- Up-to-date: /home/maizaied03/ros2_ws/install/px4_msgs/include/px4_msgs/px4_msgs/msg/detail/rover_speed_status__rosidl_typesupport_introspection_c.h\n'}
[9.267393] (px4_msgs) StdoutLine: {'line': b'-- Up-to-date: /home/maizaied03/ros2_ws/install/px4_msgs/include/px4_msgs/px4_msgs/msg/detail/rc_channels__type_support.c\n'}
[9.267447] (px4_msgs) StdoutLine: {'line': b'-- Up-to-date: /home/maizaied03/ros2_ws/install/px4_msgs/include/px4_msgs/px4_msgs/msg/detail/internal_combustion_engine_status__rosidl_typesupport_introspection_c.h\n'}
[9.267481] (px4_msgs) StdoutLine: {'line': b'-- Up-to-date: /home/maizaied03/ros2_ws/install/px4_msgs/include/px4_msgs/px4_msgs/msg/detail/gps_inject_data__type_support.c\n'}
[9.267513] (px4_msgs) StdoutLine: {'line': b'-- Up-to-date: /home/maizaied03/ros2_ws/install/px4_msgs/include/px4_msgs/px4_msgs/msg/detail/qshell_req__type_support.c\n'}
[9.267545] (px4_msgs) StdoutLine: {'line': b'-- Up-to-date: /home/maizaied03/ros2_ws/install/px4_msgs/include/px4_msgs/px4_msgs/msg/detail/fixed_wing_lateral_status__rosidl_typesupport_introspection_c.h\n'}
[9.267580] (px4_msgs) StdoutLine: {'line': b'-- Up-to-date: /home/maizaied03/ros2_ws/install/px4_msgs/include/px4_msgs/px4_msgs/msg/detail/battery_info__type_support.c\n'}
[9.267636] (px4_msgs) StdoutLine: {'line': b'-- Up-to-date: /home/maizaied03/ros2_ws/install/px4_msgs/include/px4_msgs/px4_msgs/msg/detail/actuator_servos_trim__rosidl_typesupport_introspection_c.h\n'}
[9.267670] (px4_msgs) StdoutLine: {'line': b'-- Up-to-date: /home/maizaied03/ros2_ws/install/px4_msgs/include/px4_msgs/px4_msgs/msg/detail/rover_speed_status__type_support.c\n'}
[9.267706] (px4_msgs) StdoutLine: {'line': b'-- Up-to-date: /home/maizaied03/ros2_ws/install/px4_msgs/include/px4_msgs/px4_msgs/msg/detail/dronecan_node_status__type_support.c\n'}
[9.267739] (px4_msgs) StdoutLine: {'line': b'-- Up-to-date: /home/maizaied03/ros2_ws/install/px4_msgs/include/px4_msgs/px4_msgs/msg/detail/battery_info__rosidl_typesupport_introspection_c.h\n'}
[9.267772] (px4_msgs) StdoutLine: {'line': b'-- Up-to-date: /home/maizaied03/ros2_ws/install/px4_msgs/include/px4_msgs/px4_msgs/msg/detail/follow_target_status__type_support.c\n'}
[9.267804] (px4_msgs) StdoutLine: {'line': b'-- Up-to-date: /home/maizaied03/ros2_ws/install/px4_msgs/include/px4_msgs/px4_msgs/msg/detail/estimator_bias3d__type_support.c\n'}
[9.267838] (px4_msgs) StdoutLine: {'line': b'-- Up-to-date: /home/maizaied03/ros2_ws/install/px4_msgs/include/px4_msgs/px4_msgs/msg/detail/gimbal_device_set_attitude__type_support.c\n'}
[9.267873] (px4_msgs) StdoutLine: {'line': b'-- Up-to-date: /home/maizaied03/ros2_ws/install/px4_msgs/include/px4_msgs/px4_msgs/msg/detail/uavcan_parameter_request__type_support.c\n'}
[9.267907] (px4_msgs) StdoutLine: {'line': b'-- Up-to-date: /home/maizaied03/ros2_ws/install/px4_msgs/include/px4_msgs/px4_msgs/msg/detail/task_stack_info__type_support.c\n'}
[9.267942] (px4_msgs) StdoutLine: {'line': b'-- Up-to-date: /home/maizaied03/ros2_ws/install/px4_msgs/include/px4_msgs/px4_msgs/msg/detail/tecs_status__type_support.c\n'}
[9.267977] (px4_msgs) StdoutLine: {'line': b'-- Up-to-date: /home/maizaied03/ros2_ws/install/px4_msgs/include/px4_msgs/px4_msgs/msg/detail/register_ext_component_request__type_support.c\n'}
[9.268010] (px4_msgs) StdoutLine: {'line': b'-- Up-to-date: /home/maizaied03/ros2_ws/install/px4_msgs/include/px4_msgs/px4_msgs/msg/detail/rpm__rosidl_typesupport_introspection_c.h\n'}
[9.268044] (px4_msgs) StdoutLine: {'line': b'-- Up-to-date: /home/maizaied03/ros2_ws/install/px4_msgs/include/px4_msgs/px4_msgs/msg/detail/goto_setpoint__rosidl_typesupport_introspection_c.h\n'}
[9.268078] (px4_msgs) StdoutLine: {'line': b'-- Up-to-date: /home/maizaied03/ros2_ws/install/px4_msgs/include/px4_msgs/px4_msgs/msg/detail/led_control__rosidl_typesupport_introspection_c.h\n'}
[9.268113] (px4_msgs) StdoutLine: {'line': b'-- Up-to-date: /home/maizaied03/ros2_ws/install/px4_msgs/include/px4_msgs/px4_msgs/msg/detail/unregister_ext_component__rosidl_typesupport_introspection_c.h\n'}
[9.268148] (px4_msgs) StdoutLine: {'line': b'-- Up-to-date: /home/maizaied03/ros2_ws/install/px4_msgs/include/px4_msgs/px4_msgs/msg/detail/estimator_bias3d__rosidl_typesupport_introspection_c.h\n'}
[9.268182] (px4_msgs) StdoutLine: {'line': b'-- Up-to-date: /home/maizaied03/ros2_ws/install/px4_msgs/include/px4_msgs/px4_msgs/msg/detail/ping__rosidl_typesupport_introspection_c.h\n'}
[9.268217] (px4_msgs) StdoutLine: {'line': b'-- Up-to-date: /home/maizaied03/ros2_ws/install/px4_msgs/include/px4_msgs/px4_msgs/msg/detail/parameter_reset_request__type_support.c\n'}
[9.268274] (px4_msgs) StdoutLine: {'line': b'-- Up-to-date: /home/maizaied03/ros2_ws/install/px4_msgs/include/px4_msgs/px4_msgs/msg/detail/orb_test__rosidl_typesupport_introspection_c.h\n'}
[9.268311] (px4_msgs) StdoutLine: {'line': b'-- Up-to-date: /home/maizaied03/ros2_ws/install/px4_msgs/include/px4_msgs/px4_msgs/msg/detail/pps_capture__type_support.c\n'}
[9.268348] (px4_msgs) StdoutLine: {'line': b'-- Up-to-date: /home/maizaied03/ros2_ws/install/px4_msgs/include/px4_msgs/px4_msgs/msg/detail/adc_report__rosidl_typesupport_introspection_c.h\n'}
[9.268394] (px4_msgs) StdoutLine: {'line': b'-- Up-to-date: /home/maizaied03/ros2_ws/install/px4_msgs/include/px4_msgs/px4_msgs/msg/detail/longitudinal_control_configuration__type_support.c\n'}
[9.268438] (px4_msgs) StdoutLine: {'line': b'-- Up-to-date: /home/maizaied03/ros2_ws/install/px4_msgs/include/px4_msgs/px4_msgs/msg/detail/lateral_control_configuration__type_support.c\n'}
[9.268481] (px4_msgs) StdoutLine: {'line': b'-- Up-to-date: /home/maizaied03/ros2_ws/install/px4_msgs/include/px4_msgs/px4_msgs/msg/detail/vehicle_angular_velocity__type_support.c\n'}
[9.268524] (px4_msgs) StdoutLine: {'line': b'-- Up-to-date: /home/maizaied03/ros2_ws/install/px4_msgs/include/px4_msgs/px4_msgs/msg/detail/battery_status__type_support.c\n'}
[9.268603] (px4_msgs) StdoutLine: {'line': b'-- Up-to-date: /home/maizaied03/ros2_ws/install/px4_msgs/include/px4_msgs/px4_msgs/msg/detail/debug_key_value__rosidl_typesupport_introspection_c.h\n'}
[9.268652] (px4_msgs) StdoutLine: {'line': b'-- Up-to-date: /home/maizaied03/ros2_ws/install/px4_msgs/include/px4_msgs/px4_msgs/msg/detail/vehicle_attitude__type_support.c\n'}
[9.268695] (px4_msgs) StdoutLine: {'line': b'-- Up-to-date: /home/maizaied03/ros2_ws/install/px4_msgs/include/px4_msgs/px4_msgs/msg/detail/vehicle_control_mode__type_support.c\n'}
[9.268896] (px4_msgs) StdoutLine: {'line': b'-- Up-to-date: /home/maizaied03/ros2_ws/install/px4_msgs/include/px4_msgs/px4_msgs/msg/detail/airspeed__type_support.c\n'}
[9.268949] (px4_msgs) StdoutLine: {'line': b'-- Up-to-date: /home/maizaied03/ros2_ws/install/px4_msgs/include/px4_msgs/px4_msgs/msg/detail/takeoff_status__type_support.c\n'}
[9.269001] (px4_msgs) StdoutLine: {'line': b'-- Up-to-date: /home/maizaied03/ros2_ws/install/px4_msgs/include/px4_msgs/px4_msgs/msg/detail/estimator_innovations__rosidl_typesupport_introspection_c.h\n'}
[9.269084] (px4_msgs) StdoutLine: {'line': b'-- Up-to-date: /home/maizaied03/ros2_ws/install/px4_msgs/include/px4_msgs/px4_msgs/msg/detail/trajectory_setpoint6dof__type_support.c\n'}
[9.269146] (px4_msgs) StdoutLine: {'line': b'-- Up-to-date: /home/maizaied03/ros2_ws/install/px4_msgs/include/px4_msgs/px4_msgs/msg/detail/rtl_status__type_support.c\n'}
[9.269208] (px4_msgs) StdoutLine: {'line': b'-- Up-to-date: /home/maizaied03/ros2_ws/install/px4_msgs/include/px4_msgs/px4_msgs/msg/detail/sensor_hygrometer__type_support.c\n'}
[9.269254] (px4_msgs) StdoutLine: {'line': b'-- Up-to-date: /home/maizaied03/ros2_ws/install/px4_msgs/include/px4_msgs/px4_msgs/msg/detail/control_allocator_status__rosidl_typesupport_introspection_c.h\n'}
[9.269299] (px4_msgs) StdoutLine: {'line': b'-- Up-to-date: /home/maizaied03/ros2_ws/install/px4_msgs/include/px4_msgs/px4_msgs/msg/detail/message_format_response__rosidl_typesupport_introspection_c.h\n'}
[9.269363] (px4_msgs) StdoutLine: {'line': b'-- Up-to-date: /home/maizaied03/ros2_ws/install/px4_msgs/include/px4_msgs/px4_msgs/msg/detail/mag_worker_data__type_support.c\n'}
[9.269439] (px4_msgs) StdoutLine: {'line': b'-- Up-to-date: /home/maizaied03/ros2_ws/install/px4_msgs/include/px4_msgs/px4_msgs/msg/detail/vehicle_attitude_setpoint__rosidl_typesupport_introspection_c.h\n'}
[9.269483] (px4_msgs) StdoutLine: {'line': b'-- Up-to-date: /home/maizaied03/ros2_ws/install/px4_msgs/include/px4_msgs/px4_msgs/msg/detail/mount_orientation__rosidl_typesupport_introspection_c.h\n'}
[9.269526] (px4_msgs) StdoutLine: {'line': b'-- Up-to-date: /home/maizaied03/ros2_ws/install/px4_msgs/include/px4_msgs/px4_msgs/msg/detail/vtx__type_support.c\n'}
[9.269574] (px4_msgs) StdoutLine: {'line': b'-- Up-to-date: /home/maizaied03/ros2_ws/install/px4_msgs/include/px4_msgs/px4_msgs/msg/detail/sensor_temp__rosidl_typesupport_introspection_c.h\n'}
[9.269631] (px4_msgs) StdoutLine: {'line': b'-- Up-to-date: /home/maizaied03/ros2_ws/install/px4_msgs/include/px4_msgs/px4_msgs/msg/detail/normalized_unsigned_setpoint__type_support.c\n'}
[9.269685] (px4_msgs) StdoutLine: {'line': b'-- Up-to-date: /home/maizaied03/ros2_ws/install/px4_msgs/include/px4_msgs/px4_msgs/msg/detail/rover_speed_setpoint__type_support.c\n'}
[9.269730] (px4_msgs) StdoutLine: {'line': b'-- Up-to-date: /home/maizaied03/ros2_ws/install/px4_msgs/include/px4_msgs/px4_msgs/msg/detail/ulog_stream_ack__rosidl_typesupport_introspection_c.h\n'}
[9.269775] (px4_msgs) StdoutLine: {'line': b'-- Up-to-date: /home/maizaied03/ros2_ws/install/px4_msgs/include/px4_msgs/px4_msgs/msg/detail/orb_test_large__rosidl_typesupport_introspection_c.h\n'}
[9.269820] (px4_msgs) StdoutLine: {'line': b'-- Up-to-date: /home/maizaied03/ros2_ws/install/px4_msgs/include/px4_msgs/px4_msgs/msg/detail/tune_control__type_support.c\n'}
[9.269862] (px4_msgs) StdoutLine: {'line': b'-- Up-to-date: /home/maizaied03/ros2_ws/install/px4_msgs/include/px4_msgs/px4_msgs/msg/detail/landing_target_innovations__type_support.c\n'}
[9.269906] (px4_msgs) StdoutLine: {'line': b'-- Up-to-date: /home/maizaied03/ros2_ws/install/px4_msgs/include/px4_msgs/px4_msgs/msg/detail/gpio_out__type_support.c\n'}
[9.269951] (px4_msgs) StdoutLine: {'line': b'-- Up-to-date: /home/maizaied03/ros2_ws/install/px4_msgs/include/px4_msgs/px4_msgs/msg/detail/actuator_test__rosidl_typesupport_introspection_c.h\n'}
[9.269996] (px4_msgs) StdoutLine: {'line': b'-- Up-to-date: /home/maizaied03/ros2_ws/install/px4_msgs/include/px4_msgs/px4_msgs/msg/detail/pps_capture__rosidl_typesupport_introspection_c.h\n'}
[9.270045] (px4_msgs) StdoutLine: {'line': b'-- Up-to-date: /home/maizaied03/ros2_ws/install/px4_msgs/include/px4_msgs/px4_msgs/msg/detail/logger_status__type_support.c\n'}
[9.270077] (px4_msgs) StdoutLine: {'line': b'-- Up-to-date: /home/maizaied03/ros2_ws/install/px4_msgs/include/px4_msgs/px4_msgs/msg/detail/sensor_gnss_status__rosidl_typesupport_introspection_c.h\n'}
[9.270110] (px4_msgs) StdoutLine: {'line': b'-- Up-to-date: /home/maizaied03/ros2_ws/install/px4_msgs/include/px4_msgs/px4_msgs/msg/detail/estimator_gps_status__rosidl_typesupport_introspection_c.h\n'}
[9.270144] (px4_msgs) StdoutLine: {'line': b'-- Up-to-date: /home/maizaied03/ros2_ws/install/px4_msgs/include/px4_msgs/px4_msgs/msg/detail/rover_steering_setpoint__type_support.c\n'}
[9.270177] (px4_msgs) StdoutLine: {'line': b'-- Up-to-date: /home/maizaied03/ros2_ws/install/px4_msgs/include/px4_msgs/px4_msgs/msg/detail/mag_worker_data__rosidl_typesupport_introspection_c.h\n'}
[9.270244] (px4_msgs) StdoutLine: {'line': b'-- Up-to-date: /home/maizaied03/ros2_ws/install/px4_msgs/include/px4_msgs/px4_msgs/msg/detail/action_request__rosidl_typesupport_introspection_c.h\n'}
[9.270275] (px4_msgs) StdoutLine: {'line': b'-- Up-to-date: /home/maizaied03/ros2_ws/install/px4_msgs/include/px4_msgs/px4_msgs/msg/detail/landing_gear_wheel__type_support.c\n'}
[9.270322] (px4_msgs) StdoutLine: {'line': b'-- Up-to-date: /home/maizaied03/ros2_ws/install/px4_msgs/include/px4_msgs/px4_msgs/msg/detail/open_drone_id_operator_id__rosidl_typesupport_introspection_c.h\n'}
[9.270355] (px4_msgs) StdoutLine: {'line': b'-- Up-to-date: /home/maizaied03/ros2_ws/install/px4_msgs/include/px4_msgs/px4_msgs/msg/detail/actuator_controls_status__type_support.c\n'}
[9.270386] (px4_msgs) StdoutLine: {'line': b'-- Up-to-date: /home/maizaied03/ros2_ws/install/px4_msgs/include/px4_msgs/px4_msgs/msg/detail/ping__type_support.c\n'}
[9.270417] (px4_msgs) StdoutLine: {'line': b'-- Up-to-date: /home/maizaied03/ros2_ws/install/px4_msgs/include/px4_msgs/px4_msgs/msg/detail/sensor_airflow__rosidl_typesupport_introspection_c.h\n'}
[9.270448] (px4_msgs) StdoutLine: {'line': b'-- Up-to-date: /home/maizaied03/ros2_ws/install/px4_msgs/include/px4_msgs/px4_msgs/msg/detail/sensor_combined__type_support.c\n'}
[9.270480] (px4_msgs) StdoutLine: {'line': b'-- Up-to-date: /home/maizaied03/ros2_ws/install/px4_msgs/include/px4_msgs/px4_msgs/msg/detail/sensor_gyro_fifo__rosidl_typesupport_introspection_c.h\n'}
[9.270510] (px4_msgs) StdoutLine: {'line': b'-- Up-to-date: /home/maizaied03/ros2_ws/install/px4_msgs/include/px4_msgs/px4_msgs/msg/detail/rover_rate_status__rosidl_typesupport_introspection_c.h\n'}
[9.270541] (px4_msgs) StdoutLine: {'line': b'-- Up-to-date: /home/maizaied03/ros2_ws/install/px4_msgs/include/px4_msgs/px4_msgs/msg/detail/power_monitor__type_support.c\n'}
[9.270572] (px4_msgs) StdoutLine: {'line': b'-- Up-to-date: /home/maizaied03/ros2_ws/install/px4_msgs/include/px4_msgs/px4_msgs/msg/detail/orbit_status__type_support.c\n'}
[9.270611] (px4_msgs) StdoutLine: {'line': b'-- Up-to-date: /home/maizaied03/ros2_ws/install/px4_msgs/include/px4_msgs/px4_msgs/msg/detail/radio_status__rosidl_typesupport_introspection_c.h\n'}
[9.270648] (px4_msgs) StdoutLine: {'line': b'-- Up-to-date: /home/maizaied03/ros2_ws/install/px4_msgs/include/px4_msgs/px4_msgs/msg/detail/parameter_set_used_request__rosidl_typesupport_introspection_c.h\n'}
[9.270682] (px4_msgs) StdoutLine: {'line': b'-- Up-to-date: /home/maizaied03/ros2_ws/install/px4_msgs/include/px4_msgs/px4_msgs/msg/detail/timesync_status__type_support.c\n'}
[9.270717] (px4_msgs) StdoutLine: {'line': b'-- Up-to-date: /home/maizaied03/ros2_ws/install/px4_msgs/include/px4_msgs/px4_msgs/msg/detail/generator_status__type_support.c\n'}
[9.270751] (px4_msgs) StdoutLine: {'line': b'-- Up-to-date: /home/maizaied03/ros2_ws/install/px4_msgs/include/px4_msgs/px4_msgs/msg/detail/button_event__type_support.c\n'}
[9.270784] (px4_msgs) StdoutLine: {'line': b'-- Up-to-date: /home/maizaied03/ros2_ws/install/px4_msgs/include/px4_msgs/px4_msgs/msg/detail/ulog_stream__rosidl_typesupport_introspection_c.h\n'}
[9.270818] (px4_msgs) StdoutLine: {'line': b'-- Up-to-date: /home/maizaied03/ros2_ws/install/px4_msgs/include/px4_msgs/px4_msgs/msg/detail/gimbal_controls__rosidl_typesupport_introspection_c.h\n'}
[9.270850] (px4_msgs) StdoutLine: {'line': b'-- Up-to-date: /home/maizaied03/ros2_ws/install/px4_msgs/include/px4_msgs/px4_msgs/msg/detail/vehicle_roi__type_support.c\n'}
[9.270882] (px4_msgs) StdoutLine: {'line': b'-- Up-to-date: /home/maizaied03/ros2_ws/install/px4_msgs/include/px4_msgs/px4_msgs/msg/detail/debug_value__type_support.c\n'}
[9.270915] (px4_msgs) StdoutLine: {'line': b'-- Up-to-date: /home/maizaied03/ros2_ws/install/px4_msgs/include/px4_msgs/px4_msgs/msg/detail/estimator_event_flags__rosidl_typesupport_introspection_c.h\n'}
[9.270947] (px4_msgs) StdoutLine: {'line': b'-- Up-to-date: /home/maizaied03/ros2_ws/install/px4_msgs/include/px4_msgs/px4_msgs/msg/detail/follow_target_estimator__type_support.c\n'}
[9.270980] (px4_msgs) StdoutLine: {'line': b'-- Up-to-date: /home/maizaied03/ros2_ws/install/px4_msgs/include/px4_msgs/px4_msgs/msg/detail/onboard_computer_status__type_support.c\n'}
[9.271012] (px4_msgs) StdoutLine: {'line': b'-- Up-to-date: /home/maizaied03/ros2_ws/install/px4_msgs/include/px4_msgs/px4_msgs/msg/detail/yaw_estimator_status__type_support.c\n'}
[9.271045] (px4_msgs) StdoutLine: {'line': b'-- Up-to-date: /home/maizaied03/ros2_ws/install/px4_msgs/include/px4_msgs/px4_msgs/msg/detail/fixed_wing_lateral_guidance_status__type_support.c\n'}
[9.271078] (px4_msgs) StdoutLine: {'line': b'-- Up-to-date: /home/maizaied03/ros2_ws/install/px4_msgs/include/px4_msgs/px4_msgs/msg/detail/airspeed_wind__type_support.c\n'}
[9.271110] (px4_msgs) StdoutLine: {'line': b'-- Up-to-date: /home/maizaied03/ros2_ws/install/px4_msgs/include/px4_msgs/px4_msgs/msg/detail/navigator_status__type_support.c\n'}
[9.271144] (px4_msgs) StdoutLine: {'line': b'-- Up-to-date: /home/maizaied03/ros2_ws/install/px4_msgs/include/px4_msgs/px4_msgs/msg/detail/airspeed_validated__rosidl_typesupport_introspection_c.h\n'}
[9.271176] (px4_msgs) StdoutLine: {'line': b'-- Up-to-date: /home/maizaied03/ros2_ws/install/px4_msgs/include/px4_msgs/px4_msgs/msg/detail/actuator_outputs__type_support.c\n'}
[9.271232] (px4_msgs) StdoutLine: {'line': b'-- Up-to-date: /home/maizaied03/ros2_ws/install/px4_msgs/include/px4_msgs/px4_msgs/msg/detail/vehicle_rates_setpoint__type_support.c\n'}
[9.271269] (px4_msgs) StdoutLine: {'line': b'-- Up-to-date: /home/maizaied03/ros2_ws/install/px4_msgs/include/px4_msgs/px4_msgs/msg/detail/button_event__rosidl_typesupport_introspection_c.h\n'}
[9.271302] (px4_msgs) StdoutLine: {'line': b'-- Up-to-date: /home/maizaied03/ros2_ws/install/px4_msgs/include/px4_msgs/px4_msgs/msg/detail/gripper__type_support.c\n'}
[9.271356] (px4_msgs) StdoutLine: {'line': b'-- Up-to-date: /home/maizaied03/ros2_ws/install/px4_msgs/include/px4_msgs/px4_msgs/msg/detail/trajectory_setpoint__rosidl_typesupport_introspection_c.h\n'}
[9.271391] (px4_msgs) StdoutLine: {'line': b'-- Up-to-date: /home/maizaied03/ros2_ws/install/px4_msgs/include/px4_msgs/px4_msgs/msg/detail/satellite_info__rosidl_typesupport_introspection_c.h\n'}
[9.271424] (px4_msgs) StdoutLine: {'line': b'-- Up-to-date: /home/maizaied03/ros2_ws/install/px4_msgs/include/px4_msgs/px4_msgs/msg/detail/sensor_mag__type_support.c\n'}
[9.271458] (px4_msgs) StdoutLine: {'line': b'-- Up-to-date: /home/maizaied03/ros2_ws/install/px4_msgs/include/px4_msgs/px4_msgs/msg/detail/vehicle_local_position_setpoint__type_support.c\n'}
[9.271490] (px4_msgs) StdoutLine: {'line': b'-- Up-to-date: /home/maizaied03/ros2_ws/install/px4_msgs/include/px4_msgs/px4_msgs/msg/detail/message_format_request__type_support.c\n'}
[9.271523] (px4_msgs) StdoutLine: {'line': b'-- Up-to-date: /home/maizaied03/ros2_ws/install/px4_msgs/include/px4_msgs/px4_msgs/msg/detail/orb_test_medium__rosidl_typesupport_introspection_c.h\n'}
[9.271558] (px4_msgs) StdoutLine: {'line': b'-- Up-to-date: /home/maizaied03/ros2_ws/install/px4_msgs/include/px4_msgs/px4_msgs/msg/detail/navigator_mission_item__type_support.c\n'}
[9.271599] (px4_msgs) StdoutLine: {'line': b'-- Up-to-date: /home/maizaied03/ros2_ws/install/px4_msgs/include/px4_msgs/px4_msgs/msg/detail/sensor_baro__type_support.c\n'}
[9.271640] (px4_msgs) StdoutLine: {'line': b'-- Up-to-date: /home/maizaied03/ros2_ws/install/px4_msgs/include/px4_msgs/px4_msgs/msg/detail/event__rosidl_typesupport_introspection_c.h\n'}
[9.271678] (px4_msgs) StdoutLine: {'line': b'-- Up-to-date: /home/maizaied03/ros2_ws/install/px4_msgs/include/px4_msgs/px4_msgs/msg/detail/arming_check_reply__rosidl_typesupport_introspection_c.h\n'}
[9.271716] (px4_msgs) StdoutLine: {'line': b'-- Up-to-date: /home/maizaied03/ros2_ws/install/px4_msgs/include/px4_msgs/px4_msgs/msg/detail/led_control__type_support.c\n'}
[9.271754] (px4_msgs) StdoutLine: {'line': b'-- Up-to-date: /home/maizaied03/ros2_ws/install/px4_msgs/include/px4_msgs/px4_msgs/msg/detail/sensor_selection__type_support.c\n'}
[9.271795] (px4_msgs) StdoutLine: {'line': b'-- Up-to-date: /home/maizaied03/ros2_ws/install/px4_msgs/include/px4_msgs/px4_msgs/msg/detail/cellular_status__rosidl_typesupport_introspection_c.h\n'}
[9.271832] (px4_msgs) StdoutLine: {'line': b'-- Up-to-date: /home/maizaied03/ros2_ws/install/px4_msgs/include/px4_msgs/px4_msgs/msg/detail/wheel_encoders__rosidl_typesupport_introspection_c.h\n'}
[9.271870] (px4_msgs) StdoutLine: {'line': b'-- Up-to-date: /home/maizaied03/ros2_ws/install/px4_msgs/include/px4_msgs/px4_msgs/msg/detail/magnetometer_bias_estimate__rosidl_typesupport_introspection_c.h\n'}
[9.271907] (px4_msgs) StdoutLine: {'line': b'-- Up-to-date: /home/maizaied03/ros2_ws/install/px4_msgs/include/px4_msgs/px4_msgs/msg/detail/position_setpoint_triplet__type_support.c\n'}
[9.271944] (px4_msgs) StdoutLine: {'line': b'-- Up-to-date: /home/maizaied03/ros2_ws/install/px4_msgs/include/px4_msgs/px4_msgs/msg/detail/geofence_status__rosidl_typesupport_introspection_c.h\n'}
[9.271981] (px4_msgs) StdoutLine: {'line': b'-- Up-to-date: /home/maizaied03/ros2_ws/install/px4_msgs/include/px4_msgs/px4_msgs/msg/detail/position_setpoint_triplet__rosidl_typesupport_introspection_c.h\n'}
[9.272021] (px4_msgs) StdoutLine: {'line': b'-- Up-to-date: /home/maizaied03/ros2_ws/install/px4_msgs/include/px4_msgs/px4_msgs/msg/detail/position_controller_status__rosidl_typesupport_introspection_c.h\n'}
[9.272082] (px4_msgs) StdoutLine: {'line': b'-- Up-to-date: /home/maizaied03/ros2_ws/install/px4_msgs/include/px4_msgs/px4_msgs/msg/detail/mavlink_tunnel__type_support.c\n'}
[9.272119] (px4_msgs) StdoutLine: {'line': b'-- Up-to-date: /home/maizaied03/ros2_ws/install/px4_msgs/include/px4_msgs/px4_msgs/msg/detail/health_report__rosidl_typesupport_introspection_c.h\n'}
[9.272157] (px4_msgs) StdoutLine: {'line': b'-- Up-to-date: /home/maizaied03/ros2_ws/install/px4_msgs/include/px4_msgs/px4_msgs/msg/detail/fixed_wing_lateral_status__type_support.c\n'}
[9.272194] (px4_msgs) StdoutLine: {'line': b'-- Up-to-date: /home/maizaied03/ros2_ws/install/px4_msgs/include/px4_msgs/px4_msgs/msg/detail/airspeed_wind__rosidl_typesupport_introspection_c.h\n'}
[9.272231] (px4_msgs) StdoutLine: {'line': b'-- Up-to-date: /home/maizaied03/ros2_ws/install/px4_msgs/include/px4_msgs/px4_msgs/msg/detail/open_drone_id_arm_status__rosidl_typesupport_introspection_c.h\n'}
[9.272267] (px4_msgs) StdoutLine: {'line': b'-- Up-to-date: /home/maizaied03/ros2_ws/install/px4_msgs/include/px4_msgs/px4_msgs/msg/detail/mission__type_support.c\n'}
[9.272304] (px4_msgs) StdoutLine: {'line': b'-- Up-to-date: /home/maizaied03/ros2_ws/install/px4_msgs/include/px4_msgs/px4_msgs/msg/detail/open_drone_id_self_id__type_support.c\n'}
[9.272342] (px4_msgs) StdoutLine: {'line': b'-- Up-to-date: /home/maizaied03/ros2_ws/install/px4_msgs/include/px4_msgs/px4_msgs/msg/detail/vehicle_local_position__rosidl_typesupport_introspection_c.h\n'}
[9.272419] (px4_msgs) StdoutLine: {'line': b'-- Up-to-date: /home/maizaied03/ros2_ws/install/px4_msgs/include/px4_msgs/px4_msgs/msg/detail/vehicle_global_position__rosidl_typesupport_introspection_c.h\n'}
[9.272455] (px4_msgs) StdoutLine: {'line': b'-- Up-to-date: /home/maizaied03/ros2_ws/install/px4_msgs/include/px4_msgs/px4_msgs/msg/detail/follow_target_estimator__rosidl_typesupport_introspection_c.h\n'}
[9.272497] (px4_msgs) StdoutLine: {'line': b'-- Up-to-date: /home/maizaied03/ros2_ws/install/px4_msgs/include/px4_msgs/px4_msgs/msg/detail/rate_ctrl_status__rosidl_typesupport_introspection_c.h\n'}
[9.272539] (px4_msgs) StdoutLine: {'line': b'-- Up-to-date: /home/maizaied03/ros2_ws/install/px4_msgs/include/px4_msgs/px4_msgs/msg/detail/fixed_wing_runway_control__rosidl_typesupport_introspection_c.h\n'}
[9.272581] (px4_msgs) StdoutLine: {'line': b'-- Up-to-date: /home/maizaied03/ros2_ws/install/px4_msgs/include/px4_msgs/px4_msgs/msg/detail/heater_status__rosidl_typesupport_introspection_c.h\n'}
[9.272633] (px4_msgs) StdoutLine: {'line': b'-- Up-to-date: /home/maizaied03/ros2_ws/install/px4_msgs/include/px4_msgs/px4_msgs/msg/detail/orbit_status__rosidl_typesupport_introspection_c.h\n'}
[9.272680] (px4_msgs) StdoutLine: {'line': b'-- Up-to-date: /home/maizaied03/ros2_ws/install/px4_msgs/include/px4_msgs/px4_msgs/msg/detail/mode_completed__rosidl_typesupport_introspection_c.h\n'}
[9.272726] (px4_msgs) StdoutLine: {'line': b'-- Up-to-date: /home/maizaied03/ros2_ws/install/px4_msgs/include/px4_msgs/px4_msgs/msg/detail/estimator_aid_source1d__rosidl_typesupport_introspection_c.h\n'}
[9.272771] (px4_msgs) StdoutLine: {'line': b'-- Up-to-date: /home/maizaied03/ros2_ws/install/px4_msgs/include/px4_msgs/px4_msgs/msg/detail/uavcan_parameter_value__type_support.c\n'}
[9.272818] (px4_msgs) StdoutLine: {'line': b'-- Up-to-date: /home/maizaied03/ros2_ws/install/px4_msgs/include/px4_msgs/px4_msgs/msg/detail/rate_ctrl_status__type_support.c\n'}
[9.272864] (px4_msgs) StdoutLine: {'line': b'-- Up-to-date: /home/maizaied03/ros2_ws/install/px4_msgs/include/px4_msgs/px4_msgs/msg/detail/gimbal_manager_information__type_support.c\n'}
[9.272914] (px4_msgs) StdoutLine: {'line': b'-- Up-to-date: /home/maizaied03/ros2_ws/install/px4_msgs/include/px4_msgs/px4_msgs/msg/detail/sensor_correction__rosidl_typesupport_introspection_c.h\n'}
[9.272959] (px4_msgs) StdoutLine: {'line': b'-- Up-to-date: /home/maizaied03/ros2_ws/install/px4_msgs/include/px4_msgs/px4_msgs/msg/detail/gps_inject_data__rosidl_typesupport_introspection_c.h\n'}
[9.273036] (px4_msgs) StdoutLine: {'line': b'-- Up-to-date: /home/maizaied03/ros2_ws/install/px4_msgs/include/px4_msgs/px4_msgs/msg/detail/message_format_request__rosidl_typesupport_introspection_c.h\n'}
[9.273077] (px4_msgs) StdoutLine: {'line': b'-- Up-to-date: /home/maizaied03/ros2_ws/install/px4_msgs/include/px4_msgs/px4_msgs/msg/detail/gimbal_manager_information__rosidl_typesupport_introspection_c.h\n'}
[9.273116] (px4_msgs) StdoutLine: {'line': b'-- Up-to-date: /home/maizaied03/ros2_ws/install/px4_msgs/include/px4_msgs/px4_msgs/msg/detail/parameter_set_value_response__rosidl_typesupport_introspection_c.h\n'}
[9.273155] (px4_msgs) StdoutLine: {'line': b'-- Up-to-date: /home/maizaied03/ros2_ws/install/px4_msgs/include/px4_msgs/px4_msgs/msg/detail/fixed_wing_longitudinal_setpoint__rosidl_typesupport_introspection_c.h\n'}
[9.273356] (px4_msgs) StdoutLine: {'line': b'-- Up-to-date: /home/maizaied03/ros2_ws/install/px4_msgs/include/px4_msgs/px4_msgs/msg/detail/vtol_vehicle_status__rosidl_typesupport_introspection_c.h\n'}
[9.273413] (px4_msgs) StdoutLine: {'line': b'-- Up-to-date: /home/maizaied03/ros2_ws/install/px4_msgs/include/px4_msgs/px4_msgs/msg/detail/normalized_unsigned_setpoint__rosidl_typesupport_introspection_c.h\n'}
[9.273466] (px4_msgs) StdoutLine: {'line': b'-- Up-to-date: /home/maizaied03/ros2_ws/install/px4_msgs/include/px4_msgs/px4_msgs/msg/detail/rc_channels__rosidl_typesupport_introspection_c.h\n'}
[9.273520] (px4_msgs) StdoutLine: {'line': b'-- Up-to-date: /home/maizaied03/ros2_ws/install/px4_msgs/include/px4_msgs/px4_msgs/msg/detail/home_position__rosidl_typesupport_introspection_c.h\n'}
[9.273575] (px4_msgs) StdoutLine: {'line': b'-- Up-to-date: /home/maizaied03/ros2_ws/install/px4_msgs/include/px4_msgs/px4_msgs/msg/detail/power_button_state__type_support.c\n'}
[9.273659] (px4_msgs) StdoutLine: {'line': b'-- Up-to-date: /home/maizaied03/ros2_ws/install/px4_msgs/include/px4_msgs/px4_msgs/msg/detail/gimbal_device_attitude_status__rosidl_typesupport_introspection_c.h\n'}
[9.273701] (px4_msgs) StdoutLine: {'line': b'-- Up-to-date: /home/maizaied03/ros2_ws/install/px4_msgs/include/px4_msgs/px4_msgs/msg/detail/vehicle_attitude_setpoint__type_support.c\n'}
[9.273741] (px4_msgs) StdoutLine: {'line': b'-- Up-to-date: /home/maizaied03/ros2_ws/install/px4_msgs/include/px4_msgs/px4_msgs/msg/detail/trajectory_setpoint__type_support.c\n'}
[9.273780] (px4_msgs) StdoutLine: {'line': b'-- Up-to-date: /home/maizaied03/ros2_ws/install/px4_msgs/include/px4_msgs/px4_msgs/msg/detail/actuator_servos__rosidl_typesupport_introspection_c.h\n'}
[9.273825] (px4_msgs) StdoutLine: {'line': b'-- Up-to-date: /home/maizaied03/ros2_ws/install/px4_msgs/include/px4_msgs/px4_msgs/msg/detail/mission_result__type_support.c\n'}
[9.273869] (px4_msgs) StdoutLine: {'line': b'-- Up-to-date: /home/maizaied03/ros2_ws/install/px4_msgs/include/px4_msgs/px4_msgs/msg/detail/vehicle_odometry__rosidl_typesupport_introspection_c.h\n'}
[9.273913] (px4_msgs) StdoutLine: {'line': b'-- Up-to-date: /home/maizaied03/ros2_ws/install/px4_msgs/include/px4_msgs/px4_msgs/msg/detail/dataman_response__type_support.c\n'}
[9.273954] (px4_msgs) StdoutLine: {'line': b'-- Up-to-date: /home/maizaied03/ros2_ws/install/px4_msgs/include/px4_msgs/px4_msgs/msg/detail/differential_pressure__type_support.c\n'}
[9.273995] (px4_msgs) StdoutLine: {'line': b'-- Up-to-date: /home/maizaied03/ros2_ws/install/px4_msgs/include/px4_msgs/px4_msgs/msg/detail/raptor_input__rosidl_typesupport_introspection_c.h\n'}
[9.274036] (px4_msgs) StdoutLine: {'line': b'-- Up-to-date: /home/maizaied03/ros2_ws/install/px4_msgs/include/px4_msgs/px4_msgs/msg/detail/distance_sensor__rosidl_typesupport_introspection_c.h\n'}
[9.274079] (px4_msgs) StdoutLine: {'line': b'-- Up-to-date: /home/maizaied03/ros2_ws/install/px4_msgs/include/px4_msgs/px4_msgs/msg/detail/gpio_in__type_support.c\n'}
[9.274123] (px4_msgs) StdoutLine: {'line': b'-- Up-to-date: /home/maizaied03/ros2_ws/install/px4_msgs/include/px4_msgs/px4_msgs/msg/detail/arming_check_reply__type_support.c\n'}
[9.274165] (px4_msgs) StdoutLine: {'line': b'-- Up-to-date: /home/maizaied03/ros2_ws/install/px4_msgs/include/px4_msgs/px4_msgs/msg/detail/mission_result__rosidl_typesupport_introspection_c.h\n'}
[9.274209] (px4_msgs) StdoutLine: {'line': b'-- Up-to-date: /home/maizaied03/ros2_ws/install/px4_msgs/include/px4_msgs/px4_msgs/msg/detail/sensor_gps__rosidl_typesupport_introspection_c.h\n'}
[9.274249] (px4_msgs) StdoutLine: {'line': b'-- Up-to-date: /home/maizaied03/ros2_ws/install/px4_msgs/include/px4_msgs/px4_msgs/msg/detail/vehicle_imu__rosidl_typesupport_introspection_c.h\n'}
[9.274290] (px4_msgs) StdoutLine: {'line': b'-- Up-to-date: /home/maizaied03/ros2_ws/install/px4_msgs/include/px4_msgs/px4_msgs/msg/detail/gimbal_manager_status__type_support.c\n'}
[9.274331] (px4_msgs) StdoutLine: {'line': b'-- Up-to-date: /home/maizaied03/ros2_ws/install/px4_msgs/include/px4_msgs/px4_msgs/msg/detail/manual_control_switches__type_support.c\n'}
[9.274378] (px4_msgs) StdoutLine: {'line': b'-- Up-to-date: /home/maizaied03/ros2_ws/install/px4_msgs/include/px4_msgs/px4_msgs/msg/detail/sensors_status__type_support.c\n'}
[9.274410] (px4_msgs) StdoutLine: {'line': b'-- Up-to-date: /home/maizaied03/ros2_ws/install/px4_msgs/include/px4_msgs/px4_msgs/msg/detail/follow_target_status__rosidl_typesupport_introspection_c.h\n'}
[9.274442] (px4_msgs) StdoutLine: {'line': b'-- Up-to-date: /home/maizaied03/ros2_ws/install/px4_msgs/include/px4_msgs/px4_msgs/msg/detail/mission__rosidl_typesupport_introspection_c.h\n'}
[9.274477] (px4_msgs) StdoutLine: {'line': b'-- Up-to-date: /home/maizaied03/ros2_ws/install/px4_msgs/include/px4_msgs/px4_msgs/msg/detail/distance_sensor_mode_change_request__type_support.c\n'}
[9.274509] (px4_msgs) StdoutLine: {'line': b'-- Up-to-date: /home/maizaied03/ros2_ws/install/px4_msgs/include/px4_msgs/px4_msgs/msg/detail/collision_constraints__type_support.c\n'}
[9.274541] (px4_msgs) StdoutLine: {'line': b'-- Up-to-date: /home/maizaied03/ros2_ws/install/px4_msgs/include/px4_msgs/px4_msgs/msg/detail/wind__type_support.c\n'}
[9.274573] (px4_msgs) StdoutLine: {'line': b'-- Up-to-date: /home/maizaied03/ros2_ws/install/px4_msgs/include/px4_msgs/px4_msgs/msg/detail/orb_test_medium__type_support.c\n'}
[9.274612] (px4_msgs) StdoutLine: {'line': b'-- Up-to-date: /home/maizaied03/ros2_ws/install/px4_msgs/include/px4_msgs/px4_msgs/msg/detail/navigator_mission_item__rosidl_typesupport_introspection_c.h\n'}
[9.274646] (px4_msgs) StdoutLine: {'line': b'-- Up-to-date: /home/maizaied03/ros2_ws/install/px4_msgs/include/px4_msgs/px4_msgs/msg/detail/iridiumsbd_status__type_support.c\n'}
[9.274680] (px4_msgs) StdoutLine: {'line': b'-- Up-to-date: /home/maizaied03/ros2_ws/install/px4_msgs/include/px4_msgs/px4_msgs/msg/detail/event__type_support.c\n'}
[9.274712] (px4_msgs) StdoutLine: {'line': b'-- Up-to-date: /home/maizaied03/ros2_ws/install/px4_msgs/include/px4_msgs/px4_msgs/msg/detail/actuator_armed__rosidl_typesupport_introspection_c.h\n'}
[9.274744] (px4_msgs) StdoutLine: {'line': b'-- Up-to-date: /home/maizaied03/ros2_ws/install/px4_msgs/include/px4_msgs/px4_msgs/msg/detail/collision_constraints__rosidl_typesupport_introspection_c.h\n'}
[9.274776] (px4_msgs) StdoutLine: {'line': b'-- Up-to-date: /home/maizaied03/ros2_ws/install/px4_msgs/include/px4_msgs/px4_msgs/msg/detail/gpio_out__rosidl_typesupport_introspection_c.h\n'}
[9.274809] (px4_msgs) StdoutLine: {'line': b'-- Up-to-date: /home/maizaied03/ros2_ws/install/px4_msgs/include/px4_msgs/px4_msgs/msg/detail/fixed_wing_lateral_setpoint__type_support.c\n'}
[9.274843] (px4_msgs) StdoutLine: {'line': b'-- Up-to-date: /home/maizaied03/ros2_ws/install/px4_msgs/include/px4_msgs/px4_msgs/msg/detail/fixed_wing_lateral_setpoint__rosidl_typesupport_introspection_c.h\n'}
[9.274902] (px4_msgs) StdoutLine: {'line': b'-- Up-to-date: /home/maizaied03/ros2_ws/install/px4_msgs/include/px4_msgs/px4_msgs/msg/detail/actuator_test__type_support.c\n'}
[9.274936] (px4_msgs) StdoutLine: {'line': b'-- Up-to-date: /home/maizaied03/ros2_ws/install/px4_msgs/include/px4_msgs/px4_msgs/msg/detail/rover_position_setpoint__type_support.c\n'}
[9.274987] (px4_msgs) StdoutLine: {'line': b'-- Up-to-date: /home/maizaied03/ros2_ws/install/px4_msgs/include/px4_msgs/px4_msgs/msg/detail/ekf2_timestamps__rosidl_typesupport_introspection_c.h\n'}
[9.275018] (px4_msgs) StdoutLine: {'line': b'-- Up-to-date: /home/maizaied03/ros2_ws/install/px4_msgs/include/px4_msgs/px4_msgs/msg/detail/takeoff_status__rosidl_typesupport_introspection_c.h\n'}
[9.275052] (px4_msgs) StdoutLine: {'line': b'-- Up-to-date: /home/maizaied03/ros2_ws/install/px4_msgs/include/px4_msgs/px4_msgs/msg/detail/vehicle_optical_flow__rosidl_typesupport_introspection_c.h\n'}
[9.275086] (px4_msgs) StdoutLine: {'line': b'-- Up-to-date: /home/maizaied03/ros2_ws/install/px4_msgs/include/px4_msgs/px4_msgs/msg/detail/estimator_status_flags__type_support.c\n'}
[9.275120] (px4_msgs) StdoutLine: {'line': b'-- Up-to-date: /home/maizaied03/ros2_ws/install/px4_msgs/include/px4_msgs/px4_msgs/msg/detail/vehicle_command_ack__rosidl_typesupport_introspection_c.h\n'}
[9.275153] (px4_msgs) StdoutLine: {'line': b'-- Up-to-date: /home/maizaied03/ros2_ws/install/px4_msgs/include/px4_msgs/px4_msgs/msg/detail/rtl_time_estimate__rosidl_typesupport_introspection_c.h\n'}
[9.275185] (px4_msgs) StdoutLine: {'line': b'-- Up-to-date: /home/maizaied03/ros2_ws/install/px4_msgs/include/px4_msgs/px4_msgs/msg/detail/config_overrides__type_support.c\n'}
[9.275218] (px4_msgs) StdoutLine: {'line': b'-- Up-to-date: /home/maizaied03/ros2_ws/install/px4_msgs/include/px4_msgs/px4_msgs/msg/detail/ulog_stream__type_support.c\n'}
[9.275251] (px4_msgs) StdoutLine: {'line': b'-- Up-to-date: /home/maizaied03/ros2_ws/install/px4_msgs/include/px4_msgs/px4_msgs/msg/detail/input_rc__type_support.c\n'}
[9.275285] (px4_msgs) StdoutLine: {'line': b'-- Up-to-date: /home/maizaied03/ros2_ws/install/px4_msgs/include/px4_msgs/px4_msgs/msg/detail/position_controller_landing_status__rosidl_typesupport_introspection_c.h\n'}
[9.275321] (px4_msgs) StdoutLine: {'line': b'-- Up-to-date: /home/maizaied03/ros2_ws/install/px4_msgs/include/px4_msgs/px4_msgs/msg/detail/debug_array__rosidl_typesupport_introspection_c.h\n'}
[9.275353] (px4_msgs) StdoutLine: {'line': b'-- Up-to-date: /home/maizaied03/ros2_ws/install/px4_msgs/include/px4_msgs/px4_msgs/msg/detail/transponder_report__rosidl_typesupport_introspection_c.h\n'}
[9.275387] (px4_msgs) StdoutLine: {'line': b'-- Up-to-date: /home/maizaied03/ros2_ws/install/px4_msgs/include/px4_msgs/px4_msgs/msg/detail/register_ext_component_request__rosidl_typesupport_introspection_c.h\n'}
[9.275421] (px4_msgs) StdoutLine: {'line': b'-- Up-to-date: /home/maizaied03/ros2_ws/install/px4_msgs/include/px4_msgs/px4_msgs/msg/detail/estimator_gps_status__type_support.c\n'}
[9.275453] (px4_msgs) StdoutLine: {'line': b'-- Up-to-date: /home/maizaied03/ros2_ws/install/px4_msgs/include/px4_msgs/px4_msgs/msg/detail/failsafe_flags__rosidl_typesupport_introspection_c.h\n'}
[9.275486] (px4_msgs) StdoutLine: {'line': b'-- Up-to-date: /home/maizaied03/ros2_ws/install/px4_msgs/include/px4_msgs/px4_msgs/msg/detail/transponder_report__type_support.c\n'}
[9.275518] (px4_msgs) StdoutLine: {'line': b'-- Up-to-date: /home/maizaied03/ros2_ws/install/px4_msgs/include/px4_msgs/px4_msgs/msg/detail/rc_parameter_map__rosidl_typesupport_introspection_c.h\n'}
[9.275550] (px4_msgs) StdoutLine: {'line': b'-- Up-to-date: /home/maizaied03/ros2_ws/install/px4_msgs/include/px4_msgs/px4_msgs/msg/detail/input_rc__rosidl_typesupport_introspection_c.h\n'}
[9.275583] (px4_msgs) StdoutLine: {'line': b'-- Up-to-date: /home/maizaied03/ros2_ws/install/px4_msgs/include/px4_msgs/px4_msgs/msg/detail/debug_value__rosidl_typesupport_introspection_c.h\n'}
[9.275624] (px4_msgs) StdoutLine: {'line': b'-- Up-to-date: /home/maizaied03/ros2_ws/install/px4_msgs/include/px4_msgs/px4_msgs/msg/detail/sensor_temp__type_support.c\n'}
[9.275658] (px4_msgs) StdoutLine: {'line': b'-- Up-to-date: /home/maizaied03/ros2_ws/install/px4_msgs/include/px4_msgs/px4_msgs/msg/detail/can_interface_status__rosidl_typesupport_introspection_c.h\n'}
[9.275690] (px4_msgs) StdoutLine: {'line': b'-- Up-to-date: /home/maizaied03/ros2_ws/install/px4_msgs/include/px4_msgs/px4_msgs/msg/detail/gimbal_manager_status__rosidl_typesupport_introspection_c.h\n'}
[9.275750] (px4_msgs) StdoutLine: {'line': b'-- Up-to-date: /home/maizaied03/ros2_ws/install/px4_msgs/include/px4_msgs/px4_msgs/msg/detail/task_stack_info__rosidl_typesupport_introspection_c.h\n'}
[9.275781] (px4_msgs) StdoutLine: {'line': b'-- Up-to-date: /home/maizaied03/ros2_ws/install/px4_msgs/include/px4_msgs/px4_msgs/msg/detail/adc_report__type_support.c\n'}
[9.275811] (px4_msgs) StdoutLine: {'line': b'-- Up-to-date: /home/maizaied03/ros2_ws/install/px4_msgs/include/px4_msgs/px4_msgs/msg/detail/sensor_gyro_fft__type_support.c\n'}
[9.275843] (px4_msgs) StdoutLine: {'line': b'-- Up-to-date: /home/maizaied03/ros2_ws/install/px4_msgs/include/px4_msgs/px4_msgs/msg/detail/vehicle_imu__type_support.c\n'}
[9.275878] (px4_msgs) StdoutLine: {'line': b'-- Up-to-date: /home/maizaied03/ros2_ws/install/px4_msgs/include/px4_msgs/px4_msgs/msg/detail/dataman_request__type_support.c\n'}
[9.275915] (px4_msgs) StdoutLine: {'line': b'-- Up-to-date: /home/maizaied03/ros2_ws/install/px4_msgs/include/px4_msgs/px4_msgs/msg/detail/vehicle_optical_flow_vel__type_support.c\n'}
[9.275952] (px4_msgs) StdoutLine: {'line': b'-- Up-to-date: /home/maizaied03/ros2_ws/install/px4_msgs/include/px4_msgs/px4_msgs/msg/detail/sensor_selection__rosidl_typesupport_introspection_c.h\n'}
[9.275994] (px4_msgs) StdoutLine: {'line': b'-- Up-to-date: /home/maizaied03/ros2_ws/install/px4_msgs/include/px4_msgs/px4_msgs/msg/detail/system_power__rosidl_typesupport_introspection_c.h\n'}
[9.276031] (px4_msgs) StdoutLine: {'line': b'-- Up-to-date: /home/maizaied03/ros2_ws/install/px4_msgs/include/px4_msgs/px4_msgs/msg/detail/rover_throttle_setpoint__type_support.c\n'}
[9.276088] (px4_msgs) StdoutLine: {'line': b'-- Up-to-date: /home/maizaied03/ros2_ws/install/px4_msgs/include/px4_msgs/px4_msgs/msg/detail/sensor_gnss_relative__type_support.c\n'}
[9.276123] (px4_msgs) StdoutLine: {'line': b'-- Up-to-date: /home/maizaied03/ros2_ws/install/px4_msgs/include/px4_msgs/px4_msgs/msg/detail/vehicle_imu_status__type_support.c\n'}
[9.276157] (px4_msgs) StdoutLine: {'line': b'-- Up-to-date: /home/maizaied03/ros2_ws/install/px4_msgs/include/px4_msgs/px4_msgs/msg/detail/vehicle_land_detected__type_support.c\n'}
[9.276192] (px4_msgs) StdoutLine: {'line': b'-- Up-to-date: /home/maizaied03/ros2_ws/install/px4_msgs/include/px4_msgs/px4_msgs/msg/detail/log_message__rosidl_typesupport_introspection_c.h\n'}
[9.276232] (px4_msgs) StdoutLine: {'line': b'-- Up-to-date: /home/maizaied03/ros2_ws/install/px4_msgs/include/px4_msgs/px4_msgs/msg/detail/sensors_status_imu__rosidl_typesupport_introspection_c.h\n'}
[9.276269] (px4_msgs) StdoutLine: {'line': b'-- Up-to-date: /home/maizaied03/ros2_ws/install/px4_msgs/include/px4_msgs/px4_msgs/msg/detail/control_allocator_status__type_support.c\n'}
[9.276307] (px4_msgs) StdoutLine: {'line': b'-- Up-to-date: /home/maizaied03/ros2_ws/install/px4_msgs/include/px4_msgs/px4_msgs/msg/detail/vehicle_acceleration__rosidl_typesupport_introspection_c.h\n'}
[9.276345] (px4_msgs) StdoutLine: {'line': b'-- Up-to-date: /home/maizaied03/ros2_ws/install/px4_msgs/include/px4_msgs/px4_msgs/msg/detail/gimbal_device_set_attitude__rosidl_typesupport_introspection_c.h\n'}
[9.276383] (px4_msgs) StdoutLine: {'line': b'-- Up-to-date: /home/maizaied03/ros2_ws/install/px4_msgs/include/px4_msgs/px4_msgs/msg/detail/estimator_aid_source3d__rosidl_typesupport_introspection_c.h\n'}
[9.276433] (px4_msgs) StdoutLine: {'line': b'-- Up-to-date: /home/maizaied03/ros2_ws/install/px4_msgs/include/px4_msgs/px4_msgs/msg/detail/yaw_estimator_status__rosidl_typesupport_introspection_c.h\n'}
[9.276491] (px4_msgs) StdoutLine: {'line': b'-- Up-to-date: /home/maizaied03/ros2_ws/install/px4_msgs/include/px4_msgs/px4_msgs/msg/detail/landing_gear__type_support.c\n'}
[9.276538] (px4_msgs) StdoutLine: {'line': b'-- Up-to-date: /home/maizaied03/ros2_ws/install/px4_msgs/include/px4_msgs/px4_msgs/msg/detail/sensor_gyro__type_support.c\n'}
[9.276577] (px4_msgs) StdoutLine: {'line': b'-- Up-to-date: /home/maizaied03/ros2_ws/install/px4_msgs/include/px4_msgs/px4_msgs/msg/detail/sensor_accel_fifo__type_support.c\n'}
[9.276664] (px4_msgs) StdoutLine: {'line': b'-- Up-to-date: /home/maizaied03/ros2_ws/install/px4_msgs/include/px4_msgs/px4_msgs/msg/detail/vehicle_control_mode__rosidl_typesupport_introspection_c.h\n'}
[9.276702] (px4_msgs) StdoutLine: {'line': b'-- Up-to-date: /home/maizaied03/ros2_ws/install/px4_msgs/include/px4_msgs/px4_msgs/msg/detail/position_controller_landing_status__type_support.c\n'}
[9.276738] (px4_msgs) StdoutLine: {'line': b'-- Up-to-date: /home/maizaied03/ros2_ws/install/px4_msgs/include/px4_msgs/px4_msgs/msg/detail/rtl_status__rosidl_typesupport_introspection_c.h\n'}
[9.276774] (px4_msgs) StdoutLine: {'line': b'-- Up-to-date: /home/maizaied03/ros2_ws/install/px4_msgs/include/px4_msgs/px4_msgs/msg/detail/offboard_control_mode__rosidl_typesupport_introspection_c.h\n'}
[9.276827] (px4_msgs) StdoutLine: {'line': b'-- Up-to-date: /home/maizaied03/ros2_ws/install/px4_msgs/include/px4_msgs/px4_msgs/msg/detail/sensor_accel__rosidl_typesupport_introspection_c.h\n'}
[9.276865] (px4_msgs) StdoutLine: {'line': b'-- Up-to-date: /home/maizaied03/ros2_ws/install/px4_msgs/include/px4_msgs/px4_msgs/msg/detail/figure_eight_status__rosidl_typesupport_introspection_c.h\n'}
[9.276900] (px4_msgs) StdoutLine: {'line': b'-- Up-to-date: /home/maizaied03/ros2_ws/install/px4_msgs/include/px4_msgs/px4_msgs/msg/detail/register_ext_component_reply__rosidl_typesupport_introspection_c.h\n'}
[9.276936] (px4_msgs) StdoutLine: {'line': b'-- Up-to-date: /home/maizaied03/ros2_ws/install/px4_msgs/include/px4_msgs/px4_msgs/msg/detail/can_interface_status__type_support.c\n'}
[9.276973] (px4_msgs) StdoutLine: {'line': b'-- Up-to-date: /home/maizaied03/ros2_ws/install/px4_msgs/include/px4_msgs/px4_msgs/msg/detail/parameter_reset_request__rosidl_typesupport_introspection_c.h\n'}
[9.277011] (px4_msgs) StdoutLine: {'line': b'-- Up-to-date: /home/maizaied03/ros2_ws/install/px4_msgs/include/px4_msgs/px4_msgs/msg/detail/gimbal_manager_set_attitude__rosidl_typesupport_introspection_c.h\n'}
[9.277046] (px4_msgs) StdoutLine: {'line': b'-- Up-to-date: /home/maizaied03/ros2_ws/install/px4_msgs/include/px4_msgs/px4_msgs/msg/detail/qshell_retval__type_support.c\n'}
[9.277080] (px4_msgs) StdoutLine: {'line': b'-- Up-to-date: /home/maizaied03/ros2_ws/install/px4_msgs/include/px4_msgs/px4_msgs/msg/detail/sensor_airflow__type_support.c\n'}
[9.277114] (px4_msgs) StdoutLine: {'line': b'-- Up-to-date: /home/maizaied03/ros2_ws/install/px4_msgs/include/px4_msgs/px4_msgs/msg/detail/raptor_status__type_support.c\n'}
[9.277148] (px4_msgs) StdoutLine: {'line': b'-- Up-to-date: /home/maizaied03/ros2_ws/install/px4_msgs/include/px4_msgs/px4_msgs/msg/detail/parameter_update__rosidl_typesupport_introspection_c.h\n'}
[9.277204] (px4_msgs) StdoutLine: {'line': b'-- Up-to-date: /home/maizaied03/ros2_ws/install/px4_msgs/include/px4_msgs/px4_msgs/msg/detail/velocity_limits__rosidl_typesupport_introspection_c.h\n'}
[9.277240] (px4_msgs) StdoutLine: {'line': b'-- Up-to-date: /home/maizaied03/ros2_ws/install/px4_msgs/include/px4_msgs/px4_msgs/msg/detail/uavcan_parameter_request__rosidl_typesupport_introspection_c.h\n'}
[9.277278] (px4_msgs) StdoutLine: {'line': b'-- Up-to-date: /home/maizaied03/ros2_ws/install/px4_msgs/include/px4_msgs/px4_msgs/msg/detail/goto_setpoint__type_support.c\n'}
[9.277314] (px4_msgs) StdoutLine: {'line': b'-- Up-to-date: /home/maizaied03/ros2_ws/install/px4_msgs/include/px4_msgs/px4_msgs/msg/detail/vtx__rosidl_typesupport_introspection_c.h\n'}
[9.277348] (px4_msgs) StdoutLine: {'line': b'-- Up-to-date: /home/maizaied03/ros2_ws/install/px4_msgs/include/px4_msgs/px4_msgs/msg/detail/gripper__rosidl_typesupport_introspection_c.h\n'}
[9.277383] (px4_msgs) StdoutLine: {'line': b'-- Up-to-date: /home/maizaied03/ros2_ws/install/px4_msgs/include/px4_msgs/px4_msgs/msg/detail/rpm__type_support.c\n'}
[9.277417] (px4_msgs) StdoutLine: {'line': b'-- Up-to-date: /home/maizaied03/ros2_ws/install/px4_msgs/include/px4_msgs/px4_msgs/msg/detail/esc_status__type_support.c\n'}
[9.277454] (px4_msgs) StdoutLine: {'line': b'-- Up-to-date: /home/maizaied03/ros2_ws/install/px4_msgs/include/px4_msgs/px4_msgs/msg/detail/vehicle_local_position__type_support.c\n'}
[9.277488] (px4_msgs) StdoutLine: {'line': b'-- Up-to-date: /home/maizaied03/ros2_ws/install/px4_msgs/include/px4_msgs/px4_msgs/msg/detail/wheel_encoders__type_support.c\n'}
[9.277540] (px4_msgs) StdoutLine: {'line': b'-- Up-to-date: /home/maizaied03/ros2_ws/install/px4_msgs/include/px4_msgs/px4_msgs/msg/detail/estimator_status__type_support.c\n'}
[9.277576] (px4_msgs) StdoutLine: {'line': b'-- Up-to-date: /home/maizaied03/ros2_ws/install/px4_msgs/include/px4_msgs/px4_msgs/msg/detail/velocity_limits__type_support.c\n'}
[9.277631] (px4_msgs) StdoutLine: {'line': b'-- Up-to-date: /home/maizaied03/ros2_ws/install/px4_msgs/include/px4_msgs/px4_msgs/msg/detail/heater_status__type_support.c\n'}
[9.277668] (px4_msgs) StdoutLine: {'line': b'-- Up-to-date: /home/maizaied03/ros2_ws/install/px4_msgs/include/px4_msgs/px4_msgs/msg/detail/dataman_response__rosidl_typesupport_introspection_c.h\n'}
[9.277703] (px4_msgs) StdoutLine: {'line': b'-- Up-to-date: /home/maizaied03/ros2_ws/install/px4_msgs/include/px4_msgs/px4_msgs/msg/detail/navigator_status__rosidl_typesupport_introspection_c.h\n'}
[9.277739] (px4_msgs) StdoutLine: {'line': b'-- Up-to-date: /home/maizaied03/ros2_ws/install/px4_msgs/include/px4_msgs/px4_msgs/msg/detail/sensor_uwb__type_support.c\n'}
[9.277774] (px4_msgs) StdoutLine: {'line': b'-- Up-to-date: /home/maizaied03/ros2_ws/install/px4_msgs/include/px4_msgs/px4_msgs/msg/detail/debug_vect__type_support.c\n'}
[9.277808] (px4_msgs) StdoutLine: {'line': b'-- Up-to-date: /home/maizaied03/ros2_ws/install/px4_msgs/include/px4_msgs/px4_msgs/msg/detail/rtl_time_estimate__type_support.c\n'}
[9.277843] (px4_msgs) StdoutLine: {'line': b'-- Up-to-date: /home/maizaied03/ros2_ws/install/px4_msgs/include/px4_msgs/px4_msgs/msg/detail/telemetry_status__rosidl_typesupport_introspection_c.h\n'}
[9.277877] (px4_msgs) StdoutLine: {'line': b'-- Up-to-date: /home/maizaied03/ros2_ws/install/px4_msgs/include/px4_msgs/px4_msgs/msg/detail/power_monitor__rosidl_typesupport_introspection_c.h\n'}
[9.277909] (px4_msgs) StdoutLine: {'line': b'-- Up-to-date: /home/maizaied03/ros2_ws/install/px4_msgs/include/px4_msgs/px4_msgs/msg/detail/open_drone_id_arm_status__type_support.c\n'}
[9.277940] (px4_msgs) StdoutLine: {'line': b'-- Up-to-date: /home/maizaied03/ros2_ws/install/px4_msgs/include/px4_msgs/px4_msgs/msg/detail/raptor_status__rosidl_typesupport_introspection_c.h\n'}
[9.277974] (px4_msgs) StdoutLine: {'line': b'-- Up-to-date: /home/maizaied03/ros2_ws/install/px4_msgs/include/px4_msgs/px4_msgs/msg/detail/px4io_status__type_support.c\n'}
[9.278007] (px4_msgs) StdoutLine: {'line': b'-- Up-to-date: /home/maizaied03/ros2_ws/install/px4_msgs/include/px4_msgs/px4_msgs/msg/detail/actuator_servos_trim__type_support.c\n'}
[9.278057] (px4_msgs) StdoutLine: {'line': b'-- Up-to-date: /home/maizaied03/ros2_ws/install/px4_msgs/include/px4_msgs/px4_msgs/msg/detail/launch_detection_status__type_support.c\n'}
[9.278088] (px4_msgs) StdoutLine: {'line': b'-- Up-to-date: /home/maizaied03/ros2_ws/install/px4_msgs/include/px4_msgs/px4_msgs/msg/detail/estimator_states__rosidl_typesupport_introspection_c.h\n'}
[9.278118] (px4_msgs) StdoutLine: {'line': b'-- Up-to-date: /home/maizaied03/ros2_ws/install/px4_msgs/include/px4_msgs/px4_msgs/msg/detail/rover_throttle_setpoint__rosidl_typesupport_introspection_c.h\n'}
[9.278150] (px4_msgs) StdoutLine: {'line': b'-- Up-to-date: /home/maizaied03/ros2_ws/install/px4_msgs/include/px4_msgs/px4_msgs/msg/detail/vehicle_status__rosidl_typesupport_introspection_c.h\n'}
[9.278180] (px4_msgs) StdoutLine: {'line': b'-- Up-to-date: /home/maizaied03/ros2_ws/install/px4_msgs/include/px4_msgs/px4_msgs/msg/detail/actuator_motors__rosidl_typesupport_introspection_c.h\n'}
[9.278211] (px4_msgs) StdoutLine: {'line': b'-- Up-to-date: /home/maizaied03/ros2_ws/install/px4_msgs/include/px4_msgs/px4_msgs/msg/detail/vehicle_command__rosidl_typesupport_introspection_c.h\n'}
[9.278243] (px4_msgs) StdoutLine: {'line': b'-- Up-to-date: /home/maizaied03/ros2_ws/install/px4_msgs/include/px4_msgs/px4_msgs/msg/detail/landing_target_pose__type_support.c\n'}
[9.278276] (px4_msgs) StdoutLine: {'line': b'-- Up-to-date: /home/maizaied03/ros2_ws/install/px4_msgs/include/px4_msgs/px4_msgs/msg/detail/sensor_gnss_relative__rosidl_typesupport_introspection_c.h\n'}
[9.278310] (px4_msgs) StdoutLine: {'line': b'-- Up-to-date: /home/maizaied03/ros2_ws/install/px4_msgs/include/px4_msgs/px4_msgs/msg/detail/estimator_aid_source3d__type_support.c\n'}
[9.278358] (px4_msgs) StdoutLine: {'line': b'-- Up-to-date: /home/maizaied03/ros2_ws/install/px4_msgs/include/px4_msgs/px4_msgs/msg/detail/neural_control__type_support.c\n'}
[9.278388] (px4_msgs) StdoutLine: {'line': b'-- Up-to-date: /home/maizaied03/ros2_ws/install/px4_msgs/include/px4_msgs/px4_msgs/msg/detail/camera_trigger__rosidl_typesupport_introspection_c.h\n'}
[9.278419] (px4_msgs) StdoutLine: {'line': b'-- Up-to-date: /home/maizaied03/ros2_ws/install/px4_msgs/include/px4_msgs/px4_msgs/msg/detail/obstacle_distance__rosidl_typesupport_introspection_c.h\n'}
[9.278450] (px4_msgs) StdoutLine: {'line': b'-- Up-to-date: /home/maizaied03/ros2_ws/install/px4_msgs/include/px4_msgs/px4_msgs/msg/detail/estimator_aid_source1d__type_support.c\n'}
[9.278496] (px4_msgs) StdoutLine: {'line': b'-- Up-to-date: /home/maizaied03/ros2_ws/install/px4_msgs/include/px4_msgs/px4_msgs/msg/detail/debug_vect__rosidl_typesupport_introspection_c.h\n'}
[9.278527] (px4_msgs) StdoutLine: {'line': b'-- Up-to-date: /home/maizaied03/ros2_ws/install/px4_msgs/include/px4_msgs/px4_msgs/srv\n'}
[9.278557] (px4_msgs) StdoutLine: {'line': b'-- Up-to-date: /home/maizaied03/ros2_ws/install/px4_msgs/include/px4_msgs/px4_msgs/srv/detail\n'}
[9.278588] (px4_msgs) StdoutLine: {'line': b'-- Up-to-date: /home/maizaied03/ros2_ws/install/px4_msgs/include/px4_msgs/px4_msgs/srv/detail/vehicle_command__type_support.c\n'}
[9.278625] (px4_msgs) StdoutLine: {'line': b'-- Up-to-date: /home/maizaied03/ros2_ws/install/px4_msgs/include/px4_msgs/px4_msgs/srv/detail/vehicle_command__rosidl_typesupport_introspection_c.h\n'}
[9.278657] (px4_msgs) StdoutLine: {'line': b'-- Up-to-date: /home/maizaied03/ros2_ws/install/px4_msgs/lib/libpx4_msgs__rosidl_typesupport_introspection_c.so\n'}
[9.278693] (px4_msgs) StdoutLine: {'line': b'-- Up-to-date: /home/maizaied03/ros2_ws/install/px4_msgs/lib/libpx4_msgs__rosidl_typesupport_c.so\n'}
[9.278726] (px4_msgs) StdoutLine: {'line': b'-- Up-to-date: /home/maizaied03/ros2_ws/install/px4_msgs/include/px4_msgs/px4_msgs\n'}
[9.278760] (px4_msgs) StdoutLine: {'line': b'-- Up-to-date: /home/maizaied03/ros2_ws/install/px4_msgs/include/px4_msgs/px4_msgs/msg\n'}
[9.278791] (px4_msgs) StdoutLine: {'line': b'-- Up-to-date: /home/maizaied03/ros2_ws/install/px4_msgs/include/px4_msgs/px4_msgs/msg/detail\n'}
[9.278823] (px4_msgs) StdoutLine: {'line': b'-- Up-to-date: /home/maizaied03/ros2_ws/install/px4_msgs/include/px4_msgs/px4_msgs/msg/detail/control_allocator_status__type_support.cpp\n'}
[9.278857] (px4_msgs) StdoutLine: {'line': b'-- Up-to-date: /home/maizaied03/ros2_ws/install/px4_msgs/include/px4_msgs/px4_msgs/msg/detail/mavlink_tunnel__rosidl_typesupport_introspection_cpp.hpp\n'}
[9.278890] (px4_msgs) StdoutLine: {'line': b'-- Up-to-date: /home/maizaied03/ros2_ws/install/px4_msgs/include/px4_msgs/px4_msgs/msg/detail/open_drone_id_operator_id__type_support.cpp\n'}
[9.278925] (px4_msgs) StdoutLine: {'line': b'-- Up-to-date: /home/maizaied03/ros2_ws/install/px4_msgs/include/px4_msgs/px4_msgs/msg/detail/ulog_stream_ack__rosidl_typesupport_introspection_cpp.hpp\n'}
[9.278959] (px4_msgs) StdoutLine: {'line': b'-- Up-to-date: /home/maizaied03/ros2_ws/install/px4_msgs/include/px4_msgs/px4_msgs/msg/detail/fixed_wing_lateral_status__rosidl_typesupport_introspection_cpp.hpp\n'}
[9.279001] (px4_msgs) StdoutLine: {'line': b'-- Up-to-date: /home/maizaied03/ros2_ws/install/px4_msgs/include/px4_msgs/px4_msgs/msg/detail/sensor_preflight_mag__type_support.cpp\n'}
[9.279072] (px4_msgs) StdoutLine: {'line': b'-- Up-to-date: /home/maizaied03/ros2_ws/install/px4_msgs/include/px4_msgs/px4_msgs/msg/detail/orb_test__type_support.cpp\n'}
[9.279132] (px4_msgs) StdoutLine: {'line': b'-- Up-to-date: /home/maizaied03/ros2_ws/install/px4_msgs/include/px4_msgs/px4_msgs/msg/detail/neural_control__rosidl_typesupport_introspection_cpp.hpp\n'}
[9.279172] (px4_msgs) StdoutLine: {'line': b'-- Up-to-date: /home/maizaied03/ros2_ws/install/px4_msgs/include/px4_msgs/px4_msgs/msg/detail/debug_key_value__rosidl_typesupport_introspection_cpp.hpp\n'}
[9.279212] (px4_msgs) StdoutLine: {'line': b'-- Up-to-date: /home/maizaied03/ros2_ws/install/px4_msgs/include/px4_msgs/px4_msgs/msg/detail/follow_target_status__rosidl_typesupport_introspection_cpp.hpp\n'}
[9.279252] (px4_msgs) StdoutLine: {'line': b'-- Up-to-date: /home/maizaied03/ros2_ws/install/px4_msgs/include/px4_msgs/px4_msgs/msg/detail/mag_worker_data__rosidl_typesupport_introspection_cpp.hpp\n'}
[9.279295] (px4_msgs) StdoutLine: {'line': b'-- Up-to-date: /home/maizaied03/ros2_ws/install/px4_msgs/include/px4_msgs/px4_msgs/msg/detail/landing_target_innovations__rosidl_typesupport_introspection_cpp.hpp\n'}
[9.279339] (px4_msgs) StdoutLine: {'line': b'-- Up-to-date: /home/maizaied03/ros2_ws/install/px4_msgs/include/px4_msgs/px4_msgs/msg/detail/debug_vect__type_support.cpp\n'}
[9.279382] (px4_msgs) StdoutLine: {'line': b'-- Up-to-date: /home/maizaied03/ros2_ws/install/px4_msgs/include/px4_msgs/px4_msgs/msg/detail/follow_target__type_support.cpp\n'}
[9.279426] (px4_msgs) StdoutLine: {'line': b'-- Up-to-date: /home/maizaied03/ros2_ws/install/px4_msgs/include/px4_msgs/px4_msgs/msg/detail/generator_status__rosidl_typesupport_introspection_cpp.hpp\n'}
[9.279467] (px4_msgs) StdoutLine: {'line': b'-- Up-to-date: /home/maizaied03/ros2_ws/install/px4_msgs/include/px4_msgs/px4_msgs/msg/detail/ekf2_timestamps__type_support.cpp\n'}
[9.279509] (px4_msgs) StdoutLine: {'line': b'-- Up-to-date: /home/maizaied03/ros2_ws/install/px4_msgs/include/px4_msgs/px4_msgs/msg/detail/autotune_attitude_control_status__type_support.cpp\n'}
[9.279604] (px4_msgs) StdoutLine: {'line': b'-- Up-to-date: /home/maizaied03/ros2_ws/install/px4_msgs/include/px4_msgs/px4_msgs/msg/detail/gpio_out__type_support.cpp\n'}
[9.279656] (px4_msgs) StdoutLine: {'line': b'-- Up-to-date: /home/maizaied03/ros2_ws/install/px4_msgs/include/px4_msgs/px4_msgs/msg/detail/vehicle_control_mode__type_support.cpp\n'}
[9.279698] (px4_msgs) StdoutLine: {'line': b'-- Up-to-date: /home/maizaied03/ros2_ws/install/px4_msgs/include/px4_msgs/px4_msgs/msg/detail/gripper__rosidl_typesupport_introspection_cpp.hpp\n'}
[9.279738] (px4_msgs) StdoutLine: {'line': b'-- Up-to-date: /home/maizaied03/ros2_ws/install/px4_msgs/include/px4_msgs/px4_msgs/msg/detail/sensor_gyro_fft__type_support.cpp\n'}
[9.279778] (px4_msgs) StdoutLine: {'line': b'-- Up-to-date: /home/maizaied03/ros2_ws/install/px4_msgs/include/px4_msgs/px4_msgs/msg/detail/config_overrides__type_support.cpp\n'}
[9.279825] (px4_msgs) StdoutLine: {'line': b'-- Up-to-date: /home/maizaied03/ros2_ws/install/px4_msgs/include/px4_msgs/px4_msgs/msg/detail/sensor_temp__type_support.cpp\n'}
[9.279868] (px4_msgs) StdoutLine: {'line': b'-- Up-to-date: /home/maizaied03/ros2_ws/install/px4_msgs/include/px4_msgs/px4_msgs/msg/detail/follow_target_estimator__type_support.cpp\n'}
[9.279911] (px4_msgs) StdoutLine: {'line': b'-- Up-to-date: /home/maizaied03/ros2_ws/install/px4_msgs/include/px4_msgs/px4_msgs/msg/detail/collision_constraints__type_support.cpp\n'}
[9.279954] (px4_msgs) StdoutLine: {'line': b'-- Up-to-date: /home/maizaied03/ros2_ws/install/px4_msgs/include/px4_msgs/px4_msgs/msg/detail/tiltrotor_extra_controls__type_support.cpp\n'}
[9.279996] (px4_msgs) StdoutLine: {'line': b'-- Up-to-date: /home/maizaied03/ros2_ws/install/px4_msgs/include/px4_msgs/px4_msgs/msg/detail/gimbal_device_set_attitude__rosidl_typesupport_introspection_cpp.hpp\n'}
[9.280039] (px4_msgs) StdoutLine: {'line': b'-- Up-to-date: /home/maizaied03/ros2_ws/install/px4_msgs/include/px4_msgs/px4_msgs/msg/detail/position_controller_status__rosidl_typesupport_introspection_cpp.hpp\n'}
[9.280104] (px4_msgs) StdoutLine: {'line': b'-- Up-to-date: /home/maizaied03/ros2_ws/install/px4_msgs/include/px4_msgs/px4_msgs/msg/detail/qshell_retval__type_support.cpp\n'}
[9.280148] (px4_msgs) StdoutLine: {'line': b'-- Up-to-date: /home/maizaied03/ros2_ws/install/px4_msgs/include/px4_msgs/px4_msgs/msg/detail/can_interface_status__type_support.cpp\n'}
[9.280190] (px4_msgs) StdoutLine: {'line': b'-- Up-to-date: /home/maizaied03/ros2_ws/install/px4_msgs/include/px4_msgs/px4_msgs/msg/detail/pps_capture__rosidl_typesupport_introspection_cpp.hpp\n'}
[9.280232] (px4_msgs) StdoutLine: {'line': b'-- Up-to-date: /home/maizaied03/ros2_ws/install/px4_msgs/include/px4_msgs/px4_msgs/msg/detail/mount_orientation__rosidl_typesupport_introspection_cpp.hpp\n'}
[9.280275] (px4_msgs) StdoutLine: {'line': b'-- Up-to-date: /home/maizaied03/ros2_ws/install/px4_msgs/include/px4_msgs/px4_msgs/msg/detail/gimbal_manager_set_attitude__rosidl_typesupport_introspection_cpp.hpp\n'}
[9.280318] (px4_msgs) StdoutLine: {'line': b'-- Up-to-date: /home/maizaied03/ros2_ws/install/px4_msgs/include/px4_msgs/px4_msgs/msg/detail/estimator_aid_source3d__rosidl_typesupport_introspection_cpp.hpp\n'}
[9.280376] (px4_msgs) StdoutLine: {'line': b'-- Up-to-date: /home/maizaied03/ros2_ws/install/px4_msgs/include/px4_msgs/px4_msgs/msg/detail/landing_gear_wheel__type_support.cpp\n'}
[9.280408] (px4_msgs) StdoutLine: {'line': b'-- Up-to-date: /home/maizaied03/ros2_ws/install/px4_msgs/include/px4_msgs/px4_msgs/msg/detail/estimator_status_flags__type_support.cpp\n'}
[9.280440] (px4_msgs) StdoutLine: {'line': b'-- Up-to-date: /home/maizaied03/ros2_ws/install/px4_msgs/include/px4_msgs/px4_msgs/msg/detail/sensor_gyro_fifo__type_support.cpp\n'}
[9.280475] (px4_msgs) StdoutLine: {'line': b'-- Up-to-date: /home/maizaied03/ros2_ws/install/px4_msgs/include/px4_msgs/px4_msgs/msg/detail/qshell_req__type_support.cpp\n'}
[9.280509] (px4_msgs) StdoutLine: {'line': b'-- Up-to-date: /home/maizaied03/ros2_ws/install/px4_msgs/include/px4_msgs/px4_msgs/msg/detail/generator_status__type_support.cpp\n'}
[9.280543] (px4_msgs) StdoutLine: {'line': b'-- Up-to-date: /home/maizaied03/ros2_ws/install/px4_msgs/include/px4_msgs/px4_msgs/msg/detail/vehicle_angular_velocity__rosidl_typesupport_introspection_cpp.hpp\n'}
[9.280576] (px4_msgs) StdoutLine: {'line': b'-- Up-to-date: /home/maizaied03/ros2_ws/install/px4_msgs/include/px4_msgs/px4_msgs/msg/detail/logger_status__type_support.cpp\n'}
[9.280618] (px4_msgs) StdoutLine: {'line': b'-- Up-to-date: /home/maizaied03/ros2_ws/install/px4_msgs/include/px4_msgs/px4_msgs/msg/detail/qshell_retval__rosidl_typesupport_introspection_cpp.hpp\n'}
[9.280660] (px4_msgs) StdoutLine: {'line': b'-- Up-to-date: /home/maizaied03/ros2_ws/install/px4_msgs/include/px4_msgs/px4_msgs/msg/detail/message_format_request__type_support.cpp\n'}
[9.280705] (px4_msgs) StdoutLine: {'line': b'-- Up-to-date: /home/maizaied03/ros2_ws/install/px4_msgs/include/px4_msgs/px4_msgs/msg/detail/vtx__rosidl_typesupport_introspection_cpp.hpp\n'}
[9.280738] (px4_msgs) StdoutLine: {'line': b'-- Up-to-date: /home/maizaied03/ros2_ws/install/px4_msgs/include/px4_msgs/px4_msgs/msg/detail/estimator_event_flags__rosidl_typesupport_introspection_cpp.hpp\n'}
[9.280771] (px4_msgs) StdoutLine: {'line': b'-- Up-to-date: /home/maizaied03/ros2_ws/install/px4_msgs/include/px4_msgs/px4_msgs/msg/detail/sensor_correction__type_support.cpp\n'}
[9.280833] (px4_msgs) StdoutLine: {'line': b'-- Up-to-date: /home/maizaied03/ros2_ws/install/px4_msgs/include/px4_msgs/px4_msgs/msg/detail/rover_rate_setpoint__type_support.cpp\n'}
[9.280901] (px4_msgs) StdoutLine: {'line': b'-- Up-to-date: /home/maizaied03/ros2_ws/install/px4_msgs/include/px4_msgs/px4_msgs/msg/detail/sensor_accel__rosidl_typesupport_introspection_cpp.hpp\n'}
[9.280957] (px4_msgs) StdoutLine: {'line': b'-- Up-to-date: /home/maizaied03/ros2_ws/install/px4_msgs/include/px4_msgs/px4_msgs/msg/detail/sensor_combined__rosidl_typesupport_introspection_cpp.hpp\n'}
[9.281012] (px4_msgs) StdoutLine: {'line': b'-- Up-to-date: /home/maizaied03/ros2_ws/install/px4_msgs/include/px4_msgs/px4_msgs/msg/detail/vehicle_local_position__type_support.cpp\n'}
[9.281071] (px4_msgs) StdoutLine: {'line': b'-- Up-to-date: /home/maizaied03/ros2_ws/install/px4_msgs/include/px4_msgs/px4_msgs/msg/detail/vehicle_acceleration__type_support.cpp\n'}
[9.281122] (px4_msgs) StdoutLine: {'line': b'-- Up-to-date: /home/maizaied03/ros2_ws/install/px4_msgs/include/px4_msgs/px4_msgs/msg/detail/sensors_status_imu__rosidl_typesupport_introspection_cpp.hpp\n'}
[9.281177] (px4_msgs) StdoutLine: {'line': b'-- Up-to-date: /home/maizaied03/ros2_ws/install/px4_msgs/include/px4_msgs/px4_msgs/msg/detail/rover_speed_status__rosidl_typesupport_introspection_cpp.hpp\n'}
[9.281236] (px4_msgs) StdoutLine: {'line': b'-- Up-to-date: /home/maizaied03/ros2_ws/install/px4_msgs/include/px4_msgs/px4_msgs/msg/detail/dronecan_node_status__type_support.cpp\n'}
[9.281294] (px4_msgs) StdoutLine: {'line': b'-- Up-to-date: /home/maizaied03/ros2_ws/install/px4_msgs/include/px4_msgs/px4_msgs/msg/detail/gimbal_device_information__rosidl_typesupport_introspection_cpp.hpp\n'}
[9.281353] (px4_msgs) StdoutLine: {'line': b'-- Up-to-date: /home/maizaied03/ros2_ws/install/px4_msgs/include/px4_msgs/px4_msgs/msg/detail/vehicle_command__rosidl_typesupport_introspection_cpp.hpp\n'}
[9.281410] (px4_msgs) StdoutLine: {'line': b'-- Up-to-date: /home/maizaied03/ros2_ws/install/px4_msgs/include/px4_msgs/px4_msgs/msg/detail/parameter_set_used_request__rosidl_typesupport_introspection_cpp.hpp\n'}
[9.281467] (px4_msgs) StdoutLine: {'line': b'-- Up-to-date: /home/maizaied03/ros2_ws/install/px4_msgs/include/px4_msgs/px4_msgs/msg/detail/mode_completed__rosidl_typesupport_introspection_cpp.hpp\n'}
[9.281525] (px4_msgs) StdoutLine: {'line': b'-- Up-to-date: /home/maizaied03/ros2_ws/install/px4_msgs/include/px4_msgs/px4_msgs/msg/detail/rover_steering_setpoint__rosidl_typesupport_introspection_cpp.hpp\n'}
[9.281582] (px4_msgs) StdoutLine: {'line': b'-- Up-to-date: /home/maizaied03/ros2_ws/install/px4_msgs/include/px4_msgs/px4_msgs/msg/detail/mode_completed__type_support.cpp\n'}
[9.281690] (px4_msgs) StdoutLine: {'line': b'-- Up-to-date: /home/maizaied03/ros2_ws/install/px4_msgs/include/px4_msgs/px4_msgs/msg/detail/device_information__type_support.cpp\n'}
[9.281745] (px4_msgs) StdoutLine: {'line': b'-- Up-to-date: /home/maizaied03/ros2_ws/install/px4_msgs/include/px4_msgs/px4_msgs/msg/detail/gpio_request__rosidl_typesupport_introspection_cpp.hpp\n'}
[9.281778] (px4_msgs) StdoutLine: {'line': b'-- Up-to-date: /home/maizaied03/ros2_ws/install/px4_msgs/include/px4_msgs/px4_msgs/msg/detail/fuel_tank_status__rosidl_typesupport_introspection_cpp.hpp\n'}
[9.281809] (px4_msgs) StdoutLine: {'line': b'-- Up-to-date: /home/maizaied03/ros2_ws/install/px4_msgs/include/px4_msgs/px4_msgs/msg/detail/rover_position_setpoint__type_support.cpp\n'}
[9.281840] (px4_msgs) StdoutLine: {'line': b'-- Up-to-date: /home/maizaied03/ros2_ws/install/px4_msgs/include/px4_msgs/px4_msgs/msg/detail/vehicle_magnetometer__rosidl_typesupport_introspection_cpp.hpp\n'}
[9.281873] (px4_msgs) StdoutLine: {'line': b'-- Up-to-date: /home/maizaied03/ros2_ws/install/px4_msgs/include/px4_msgs/px4_msgs/msg/detail/cpuload__type_support.cpp\n'}
[9.281905] (px4_msgs) StdoutLine: {'line': b'-- Up-to-date: /home/maizaied03/ros2_ws/install/px4_msgs/include/px4_msgs/px4_msgs/msg/detail/estimator_aid_source3d__type_support.cpp\n'}
[9.281938] (px4_msgs) StdoutLine: {'line': b'-- Up-to-date: /home/maizaied03/ros2_ws/install/px4_msgs/include/px4_msgs/px4_msgs/msg/detail/landing_gear_wheel__rosidl_typesupport_introspection_cpp.hpp\n'}
[9.281970] (px4_msgs) StdoutLine: {'line': b'-- Up-to-date: /home/maizaied03/ros2_ws/install/px4_msgs/include/px4_msgs/px4_msgs/msg/detail/actuator_controls_status__rosidl_typesupport_introspection_cpp.hpp\n'}
[9.282003] (px4_msgs) StdoutLine: {'line': b'-- Up-to-date: /home/maizaied03/ros2_ws/install/px4_msgs/include/px4_msgs/px4_msgs/msg/detail/iridiumsbd_status__type_support.cpp\n'}
[9.282036] (px4_msgs) StdoutLine: {'line': b'-- Up-to-date: /home/maizaied03/ros2_ws/install/px4_msgs/include/px4_msgs/px4_msgs/msg/detail/rover_position_setpoint__rosidl_typesupport_introspection_cpp.hpp\n'}
[9.282084] (px4_msgs) StdoutLine: {'line': b'-- Up-to-date: /home/maizaied03/ros2_ws/install/px4_msgs/include/px4_msgs/px4_msgs/msg/detail/battery_status__rosidl_typesupport_introspection_cpp.hpp\n'}
[9.282118] (px4_msgs) StdoutLine: {'line': b'-- Up-to-date: /home/maizaied03/ros2_ws/install/px4_msgs/include/px4_msgs/px4_msgs/msg/detail/satellite_info__rosidl_typesupport_introspection_cpp.hpp\n'}
[9.282152] (px4_msgs) StdoutLine: {'line': b'-- Up-to-date: /home/maizaied03/ros2_ws/install/px4_msgs/include/px4_msgs/px4_msgs/msg/detail/vehicle_magnetometer__type_support.cpp\n'}
[9.282198] (px4_msgs) StdoutLine: {'line': b'-- Up-to-date: /home/maizaied03/ros2_ws/install/px4_msgs/include/px4_msgs/px4_msgs/msg/detail/rtl_status__rosidl_typesupport_introspection_cpp.hpp\n'}
[9.282229] (px4_msgs) StdoutLine: {'line': b'-- Up-to-date: /home/maizaied03/ros2_ws/install/px4_msgs/include/px4_msgs/px4_msgs/msg/detail/navigator_status__rosidl_typesupport_introspection_cpp.hpp\n'}
[9.282267] (px4_msgs) StdoutLine: {'line': b'-- Up-to-date: /home/maizaied03/ros2_ws/install/px4_msgs/include/px4_msgs/px4_msgs/msg/detail/vehicle_imu__type_support.cpp\n'}
[9.282324] (px4_msgs) StdoutLine: {'line': b'-- Up-to-date: /home/maizaied03/ros2_ws/install/px4_msgs/include/px4_msgs/px4_msgs/msg/detail/rover_rate_setpoint__rosidl_typesupport_introspection_cpp.hpp\n'}
[9.282381] (px4_msgs) StdoutLine: {'line': b'-- Up-to-date: /home/maizaied03/ros2_ws/install/px4_msgs/include/px4_msgs/px4_msgs/msg/detail/estimator_bias3d__rosidl_typesupport_introspection_cpp.hpp\n'}
[9.282438] (px4_msgs) StdoutLine: {'line': b'-- Up-to-date: /home/maizaied03/ros2_ws/install/px4_msgs/include/px4_msgs/px4_msgs/msg/detail/orbit_status__rosidl_typesupport_introspection_cpp.hpp\n'}
[9.282494] (px4_msgs) StdoutLine: {'line': b'-- Up-to-date: /home/maizaied03/ros2_ws/install/px4_msgs/include/px4_msgs/px4_msgs/msg/detail/vehicle_attitude_setpoint__type_support.cpp\n'}
[9.282554] (px4_msgs) StdoutLine: {'line': b'-- Up-to-date: /home/maizaied03/ros2_ws/install/px4_msgs/include/px4_msgs/px4_msgs/msg/detail/mag_worker_data__type_support.cpp\n'}
[9.282648] (px4_msgs) StdoutLine: {'line': b'-- Up-to-date: /home/maizaied03/ros2_ws/install/px4_msgs/include/px4_msgs/px4_msgs/msg/detail/navigator_mission_item__rosidl_typesupport_introspection_cpp.hpp\n'}
[9.282726] (px4_msgs) StdoutLine: {'line': b'-- Up-to-date: /home/maizaied03/ros2_ws/install/px4_msgs/include/px4_msgs/px4_msgs/msg/detail/vehicle_control_mode__rosidl_typesupport_introspection_cpp.hpp\n'}
[9.282787] (px4_msgs) StdoutLine: {'line': b'-- Up-to-date: /home/maizaied03/ros2_ws/install/px4_msgs/include/px4_msgs/px4_msgs/msg/detail/raptor_status__type_support.cpp\n'}
[9.283030] (px4_msgs) StdoutLine: {'line': b'-- Up-to-date: /home/maizaied03/ros2_ws/install/px4_msgs/include/px4_msgs/px4_msgs/msg/detail/vehicle_optical_flow__type_support.cpp\n'}
[9.283100] (px4_msgs) StdoutLine: {'line': b'-- Up-to-date: /home/maizaied03/ros2_ws/install/px4_msgs/include/px4_msgs/px4_msgs/msg/detail/power_button_state__rosidl_typesupport_introspection_cpp.hpp\n'}
[9.283308] (px4_msgs) StdoutLine: {'line': b'-- Up-to-date: /home/maizaied03/ros2_ws/install/px4_msgs/include/px4_msgs/px4_msgs/msg/detail/wind__type_support.cpp\n'}
[9.283358] (px4_msgs) StdoutLine: {'line': b'-- Up-to-date: /home/maizaied03/ros2_ws/install/px4_msgs/include/px4_msgs/px4_msgs/msg/detail/arming_check_request__rosidl_typesupport_introspection_cpp.hpp\n'}
[9.283403] (px4_msgs) StdoutLine: {'line': b'-- Up-to-date: /home/maizaied03/ros2_ws/install/px4_msgs/include/px4_msgs/px4_msgs/msg/detail/vehicle_thrust_setpoint__rosidl_typesupport_introspection_cpp.hpp\n'}
[9.283448] (px4_msgs) StdoutLine: {'line': b'-- Up-to-date: /home/maizaied03/ros2_ws/install/px4_msgs/include/px4_msgs/px4_msgs/msg/detail/input_rc__type_support.cpp\n'}
[9.283499] (px4_msgs) StdoutLine: {'line': b'-- Up-to-date: /home/maizaied03/ros2_ws/install/px4_msgs/include/px4_msgs/px4_msgs/msg/detail/vehicle_odometry__rosidl_typesupport_introspection_cpp.hpp\n'}
[9.283555] (px4_msgs) StdoutLine: {'line': b'-- Up-to-date: /home/maizaied03/ros2_ws/install/px4_msgs/include/px4_msgs/px4_msgs/msg/detail/orb_test_medium__rosidl_typesupport_introspection_cpp.hpp\n'}
[9.283588] (px4_msgs) StdoutLine: {'line': b'-- Up-to-date: /home/maizaied03/ros2_ws/install/px4_msgs/include/px4_msgs/px4_msgs/msg/detail/register_ext_component_request__type_support.cpp\n'}
[9.283629] (px4_msgs) StdoutLine: {'line': b'-- Up-to-date: /home/maizaied03/ros2_ws/install/px4_msgs/include/px4_msgs/px4_msgs/msg/detail/unregister_ext_component__rosidl_typesupport_introspection_cpp.hpp\n'}
[9.283662] (px4_msgs) StdoutLine: {'line': b'-- Up-to-date: /home/maizaied03/ros2_ws/install/px4_msgs/include/px4_msgs/px4_msgs/msg/detail/sensor_uwb__rosidl_typesupport_introspection_cpp.hpp\n'}
[9.283693] (px4_msgs) StdoutLine: {'line': b'-- Up-to-date: /home/maizaied03/ros2_ws/install/px4_msgs/include/px4_msgs/px4_msgs/msg/detail/event__rosidl_typesupport_introspection_cpp.hpp\n'}
[9.283725] (px4_msgs) StdoutLine: {'line': b'-- Up-to-date: /home/maizaied03/ros2_ws/install/px4_msgs/include/px4_msgs/px4_msgs/msg/detail/debug_array__type_support.cpp\n'}
[9.283756] (px4_msgs) StdoutLine: {'line': b'-- Up-to-date: /home/maizaied03/ros2_ws/install/px4_msgs/include/px4_msgs/px4_msgs/msg/detail/register_ext_component_reply__rosidl_typesupport_introspection_cpp.hpp\n'}
[9.283787] (px4_msgs) StdoutLine: {'line': b'-- Up-to-date: /home/maizaied03/ros2_ws/install/px4_msgs/include/px4_msgs/px4_msgs/msg/detail/position_setpoint_triplet__type_support.cpp\n'}
[9.283827] (px4_msgs) StdoutLine: {'line': b'-- Up-to-date: /home/maizaied03/ros2_ws/install/px4_msgs/include/px4_msgs/px4_msgs/msg/detail/rover_rate_status__type_support.cpp\n'}
[9.283879] (px4_msgs) StdoutLine: {'line': b'-- Up-to-date: /home/maizaied03/ros2_ws/install/px4_msgs/include/px4_msgs/px4_msgs/msg/detail/message_format_request__rosidl_typesupport_introspection_cpp.hpp\n'}
[9.283930] (px4_msgs) StdoutLine: {'line': b'-- Up-to-date: /home/maizaied03/ros2_ws/install/px4_msgs/include/px4_msgs/px4_msgs/msg/detail/geofence_status__type_support.cpp\n'}
[9.283998] (px4_msgs) StdoutLine: {'line': b'-- Up-to-date: /home/maizaied03/ros2_ws/install/px4_msgs/include/px4_msgs/px4_msgs/msg/detail/parameter_set_used_request__type_support.cpp\n'}
[9.284043] (px4_msgs) StdoutLine: {'line': b'-- Up-to-date: /home/maizaied03/ros2_ws/install/px4_msgs/include/px4_msgs/px4_msgs/msg/detail/landing_target_innovations__type_support.cpp\n'}
[9.284090] (px4_msgs) StdoutLine: {'line': b'-- Up-to-date: /home/maizaied03/ros2_ws/install/px4_msgs/include/px4_msgs/px4_msgs/msg/detail/figure_eight_status__rosidl_typesupport_introspection_cpp.hpp\n'}
[9.284136] (px4_msgs) StdoutLine: {'line': b'-- Up-to-date: /home/maizaied03/ros2_ws/install/px4_msgs/include/px4_msgs/px4_msgs/msg/detail/distance_sensor_mode_change_request__rosidl_typesupport_introspection_cpp.hpp\n'}
[9.284187] (px4_msgs) StdoutLine: {'line': b'-- Up-to-date: /home/maizaied03/ros2_ws/install/px4_msgs/include/px4_msgs/px4_msgs/msg/detail/distance_sensor_mode_change_request__type_support.cpp\n'}
[9.284268] (px4_msgs) StdoutLine: {'line': b'-- Up-to-date: /home/maizaied03/ros2_ws/install/px4_msgs/include/px4_msgs/px4_msgs/msg/detail/gimbal_manager_information__type_support.cpp\n'}
[9.284323] (px4_msgs) StdoutLine: {'line': b'-- Up-to-date: /home/maizaied03/ros2_ws/install/px4_msgs/include/px4_msgs/px4_msgs/msg/detail/uavcan_parameter_value__type_support.cpp\n'}
[9.284356] (px4_msgs) StdoutLine: {'line': b'-- Up-to-date: /home/maizaied03/ros2_ws/install/px4_msgs/include/px4_msgs/px4_msgs/msg/detail/open_drone_id_self_id__rosidl_typesupport_introspection_cpp.hpp\n'}
[9.284388] (px4_msgs) StdoutLine: {'line': b'-- Up-to-date: /home/maizaied03/ros2_ws/install/px4_msgs/include/px4_msgs/px4_msgs/msg/detail/rover_attitude_status__type_support.cpp\n'}
[9.284420] (px4_msgs) StdoutLine: {'line': b'-- Up-to-date: /home/maizaied03/ros2_ws/install/px4_msgs/include/px4_msgs/px4_msgs/msg/detail/estimator_aid_source2d__type_support.cpp\n'}
[9.284454] (px4_msgs) StdoutLine: {'line': b'-- Up-to-date: /home/maizaied03/ros2_ws/install/px4_msgs/include/px4_msgs/px4_msgs/msg/detail/gimbal_device_information__type_support.cpp\n'}
[9.284485] (px4_msgs) StdoutLine: {'line': b'-- Up-to-date: /home/maizaied03/ros2_ws/install/px4_msgs/include/px4_msgs/px4_msgs/msg/detail/ping__type_support.cpp\n'}
[9.284516] (px4_msgs) StdoutLine: {'line': b'-- Up-to-date: /home/maizaied03/ros2_ws/install/px4_msgs/include/px4_msgs/px4_msgs/msg/detail/mount_orientation__type_support.cpp\n'}
[9.284547] (px4_msgs) StdoutLine: {'line': b'-- Up-to-date: /home/maizaied03/ros2_ws/install/px4_msgs/include/px4_msgs/px4_msgs/msg/detail/navigator_mission_item__type_support.cpp\n'}
[9.284579] (px4_msgs) StdoutLine: {'line': b'-- Up-to-date: /home/maizaied03/ros2_ws/install/px4_msgs/include/px4_msgs/px4_msgs/msg/detail/fixed_wing_lateral_setpoint__type_support.cpp\n'}
[9.284620] (px4_msgs) StdoutLine: {'line': b'-- Up-to-date: /home/maizaied03/ros2_ws/install/px4_msgs/include/px4_msgs/px4_msgs/msg/detail/estimator_bias__type_support.cpp\n'}
[9.284651] (px4_msgs) StdoutLine: {'line': b'-- Up-to-date: /home/maizaied03/ros2_ws/install/px4_msgs/include/px4_msgs/px4_msgs/msg/detail/sensors_status_imu__type_support.cpp\n'}
[9.284682] (px4_msgs) StdoutLine: {'line': b'-- Up-to-date: /home/maizaied03/ros2_ws/install/px4_msgs/include/px4_msgs/px4_msgs/msg/detail/rpm__type_support.cpp\n'}
[9.284712] (px4_msgs) StdoutLine: {'line': b'-- Up-to-date: /home/maizaied03/ros2_ws/install/px4_msgs/include/px4_msgs/px4_msgs/msg/detail/radio_status__rosidl_typesupport_introspection_cpp.hpp\n'}
[9.284743] (px4_msgs) StdoutLine: {'line': b'-- Up-to-date: /home/maizaied03/ros2_ws/install/px4_msgs/include/px4_msgs/px4_msgs/msg/detail/system_power__type_support.cpp\n'}
[9.284786] (px4_msgs) StdoutLine: {'line': b'-- Up-to-date: /home/maizaied03/ros2_ws/install/px4_msgs/include/px4_msgs/px4_msgs/msg/detail/sensor_uwb__type_support.cpp\n'}
[9.284829] (px4_msgs) StdoutLine: {'line': b'-- Up-to-date: /home/maizaied03/ros2_ws/install/px4_msgs/include/px4_msgs/px4_msgs/msg/detail/estimator_gps_status__rosidl_typesupport_introspection_cpp.hpp\n'}
[9.284871] (px4_msgs) StdoutLine: {'line': b'-- Up-to-date: /home/maizaied03/ros2_ws/install/px4_msgs/include/px4_msgs/px4_msgs/msg/detail/landing_target_pose__type_support.cpp\n'}
[9.284912] (px4_msgs) StdoutLine: {'line': b'-- Up-to-date: /home/maizaied03/ros2_ws/install/px4_msgs/include/px4_msgs/px4_msgs/msg/detail/figure_eight_status__type_support.cpp\n'}
[9.284953] (px4_msgs) StdoutLine: {'line': b'-- Up-to-date: /home/maizaied03/ros2_ws/install/px4_msgs/include/px4_msgs/px4_msgs/msg/detail/fixed_wing_lateral_setpoint__rosidl_typesupport_introspection_cpp.hpp\n'}
[9.284995] (px4_msgs) StdoutLine: {'line': b'-- Up-to-date: /home/maizaied03/ros2_ws/install/px4_msgs/include/px4_msgs/px4_msgs/msg/detail/actuator_outputs__rosidl_typesupport_introspection_cpp.hpp\n'}
[9.285037] (px4_msgs) StdoutLine: {'line': b'-- Up-to-date: /home/maizaied03/ros2_ws/install/px4_msgs/include/px4_msgs/px4_msgs/msg/detail/manual_control_switches__type_support.cpp\n'}
[9.285078] (px4_msgs) StdoutLine: {'line': b'-- Up-to-date: /home/maizaied03/ros2_ws/install/px4_msgs/include/px4_msgs/px4_msgs/msg/detail/gimbal_manager_set_attitude__type_support.cpp\n'}
[9.285119] (px4_msgs) StdoutLine: {'line': b'-- Up-to-date: /home/maizaied03/ros2_ws/install/px4_msgs/include/px4_msgs/px4_msgs/msg/detail/distance_sensor__type_support.cpp\n'}
[9.285176] (px4_msgs) StdoutLine: {'line': b'-- Up-to-date: /home/maizaied03/ros2_ws/install/px4_msgs/include/px4_msgs/px4_msgs/msg/detail/vtol_vehicle_status__type_support.cpp\n'}
[9.285208] (px4_msgs) StdoutLine: {'line': b'-- Up-to-date: /home/maizaied03/ros2_ws/install/px4_msgs/include/px4_msgs/px4_msgs/msg/detail/mavlink_log__rosidl_typesupport_introspection_cpp.hpp\n'}
[9.285240] (px4_msgs) StdoutLine: {'line': b'-- Up-to-date: /home/maizaied03/ros2_ws/install/px4_msgs/include/px4_msgs/px4_msgs/msg/detail/sensor_gyro__rosidl_typesupport_introspection_cpp.hpp\n'}
[9.285276] (px4_msgs) StdoutLine: {'line': b'-- Up-to-date: /home/maizaied03/ros2_ws/install/px4_msgs/include/px4_msgs/px4_msgs/msg/detail/led_control__rosidl_typesupport_introspection_cpp.hpp\n'}
[9.285342] (px4_msgs) StdoutLine: {'line': b'-- Up-to-date: /home/maizaied03/ros2_ws/install/px4_msgs/include/px4_msgs/px4_msgs/msg/detail/lateral_control_configuration__rosidl_typesupport_introspection_cpp.hpp\n'}
[9.285407] (px4_msgs) StdoutLine: {'line': b'-- Up-to-date: /home/maizaied03/ros2_ws/install/px4_msgs/include/px4_msgs/px4_msgs/msg/detail/estimator_aid_source1d__type_support.cpp\n'}
[9.285472] (px4_msgs) StdoutLine: {'line': b'-- Up-to-date: /home/maizaied03/ros2_ws/install/px4_msgs/include/px4_msgs/px4_msgs/msg/detail/sensor_airflow__type_support.cpp\n'}
[9.285536] (px4_msgs) StdoutLine: {'line': b'-- Up-to-date: /home/maizaied03/ros2_ws/install/px4_msgs/include/px4_msgs/px4_msgs/msg/detail/sensor_mag__type_support.cpp\n'}
[9.285604] (px4_msgs) StdoutLine: {'line': b'-- Up-to-date: /home/maizaied03/ros2_ws/install/px4_msgs/include/px4_msgs/px4_msgs/msg/detail/debug_value__rosidl_typesupport_introspection_cpp.hpp\n'}
[9.285689] (px4_msgs) StdoutLine: {'line': b'-- Up-to-date: /home/maizaied03/ros2_ws/install/px4_msgs/include/px4_msgs/px4_msgs/msg/detail/config_overrides__rosidl_typesupport_introspection_cpp.hpp\n'}
[9.285742] (px4_msgs) StdoutLine: {'line': b'-- Up-to-date: /home/maizaied03/ros2_ws/install/px4_msgs/include/px4_msgs/px4_msgs/msg/detail/tecs_status__rosidl_typesupport_introspection_cpp.hpp\n'}
[9.285792] (px4_msgs) StdoutLine: {'line': b'-- Up-to-date: /home/maizaied03/ros2_ws/install/px4_msgs/include/px4_msgs/px4_msgs/msg/detail/lateral_control_configuration__type_support.cpp\n'}
[9.285844] (px4_msgs) StdoutLine: {'line': b'-- Up-to-date: /home/maizaied03/ros2_ws/install/px4_msgs/include/px4_msgs/px4_msgs/msg/detail/obstacle_distance__type_support.cpp\n'}
[9.286079] (px4_msgs) StdoutLine: {'line': b'-- Up-to-date: /home/maizaied03/ros2_ws/install/px4_msgs/include/px4_msgs/px4_msgs/msg/detail/rover_attitude_setpoint__rosidl_typesupport_introspection_cpp.hpp\n'}
[9.286164] (px4_msgs) StdoutLine: {'line': b'-- Up-to-date: /home/maizaied03/ros2_ws/install/px4_msgs/include/px4_msgs/px4_msgs/msg/detail/uavcan_parameter_value__rosidl_typesupport_introspection_cpp.hpp\n'}
[9.286241] (px4_msgs) StdoutLine: {'line': b'-- Up-to-date: /home/maizaied03/ros2_ws/install/px4_msgs/include/px4_msgs/px4_msgs/msg/detail/estimator_sensor_bias__type_support.cpp\n'}
[9.286316] (px4_msgs) StdoutLine: {'line': b'-- Up-to-date: /home/maizaied03/ros2_ws/install/px4_msgs/include/px4_msgs/px4_msgs/msg/detail/gimbal_controls__type_support.cpp\n'}
[9.286391] (px4_msgs) StdoutLine: {'line': b'-- Up-to-date: /home/maizaied03/ros2_ws/install/px4_msgs/include/px4_msgs/px4_msgs/msg/detail/sensor_gnss_relative__rosidl_typesupport_introspection_cpp.hpp\n'}
[9.286467] (px4_msgs) StdoutLine: {'line': b'-- Up-to-date: /home/maizaied03/ros2_ws/install/px4_msgs/include/px4_msgs/px4_msgs/msg/detail/vehicle_rates_setpoint__type_support.cpp\n'}
[9.286543] (px4_msgs) StdoutLine: {'line': b'-- Up-to-date: /home/maizaied03/ros2_ws/install/px4_msgs/include/px4_msgs/px4_msgs/msg/detail/sensor_accel_fifo__type_support.cpp\n'}
[9.286657] (px4_msgs) StdoutLine: {'line': b'-- Up-to-date: /home/maizaied03/ros2_ws/install/px4_msgs/include/px4_msgs/px4_msgs/msg/detail/gimbal_manager_status__type_support.cpp\n'}
[9.286723] (px4_msgs) StdoutLine: {'line': b'-- Up-to-date: /home/maizaied03/ros2_ws/install/px4_msgs/include/px4_msgs/px4_msgs/msg/detail/open_drone_id_arm_status__type_support.cpp\n'}
[9.286781] (px4_msgs) StdoutLine: {'line': b'-- Up-to-date: /home/maizaied03/ros2_ws/install/px4_msgs/include/px4_msgs/px4_msgs/msg/detail/task_stack_info__rosidl_typesupport_introspection_cpp.hpp\n'}
[9.286837] (px4_msgs) StdoutLine: {'line': b'-- Up-to-date: /home/maizaied03/ros2_ws/install/px4_msgs/include/px4_msgs/px4_msgs/msg/detail/follow_target_estimator__rosidl_typesupport_introspection_cpp.hpp\n'}
[9.286886] (px4_msgs) StdoutLine: {'line': b'-- Up-to-date: /home/maizaied03/ros2_ws/install/px4_msgs/include/px4_msgs/px4_msgs/msg/detail/wheel_encoders__rosidl_typesupport_introspection_cpp.hpp\n'}
[9.286935] (px4_msgs) StdoutLine: {'line': b'-- Up-to-date: /home/maizaied03/ros2_ws/install/px4_msgs/include/px4_msgs/px4_msgs/msg/detail/rc_channels__type_support.cpp\n'}
[9.286967] (px4_msgs) StdoutLine: {'line': b'-- Up-to-date: /home/maizaied03/ros2_ws/install/px4_msgs/include/px4_msgs/px4_msgs/msg/detail/message_format_response__type_support.cpp\n'}
[9.286999] (px4_msgs) StdoutLine: {'line': b'-- Up-to-date: /home/maizaied03/ros2_ws/install/px4_msgs/include/px4_msgs/px4_msgs/msg/detail/led_control__type_support.cpp\n'}
[9.287030] (px4_msgs) StdoutLine: {'line': b'-- Up-to-date: /home/maizaied03/ros2_ws/install/px4_msgs/include/px4_msgs/px4_msgs/msg/detail/debug_array__rosidl_typesupport_introspection_cpp.hpp\n'}
[9.287065] (px4_msgs) StdoutLine: {'line': b'-- Up-to-date: /home/maizaied03/ros2_ws/install/px4_msgs/include/px4_msgs/px4_msgs/msg/detail/open_drone_id_arm_status__rosidl_typesupport_introspection_cpp.hpp\n'}
[9.287097] (px4_msgs) StdoutLine: {'line': b'-- Up-to-date: /home/maizaied03/ros2_ws/install/px4_msgs/include/px4_msgs/px4_msgs/msg/detail/open_drone_id_operator_id__rosidl_typesupport_introspection_cpp.hpp\n'}
[9.287141] (px4_msgs) StdoutLine: {'line': b'-- Up-to-date: /home/maizaied03/ros2_ws/install/px4_msgs/include/px4_msgs/px4_msgs/msg/detail/register_ext_component_reply__type_support.cpp\n'}
[9.287183] (px4_msgs) StdoutLine: {'line': b'-- Up-to-date: /home/maizaied03/ros2_ws/install/px4_msgs/include/px4_msgs/px4_msgs/msg/detail/fixed_wing_lateral_guidance_status__type_support.cpp\n'}
[9.287226] (px4_msgs) StdoutLine: {'line': b'-- Up-to-date: /home/maizaied03/ros2_ws/install/px4_msgs/include/px4_msgs/px4_msgs/msg/detail/telemetry_status__type_support.cpp\n'}
[9.287268] (px4_msgs) StdoutLine: {'line': b'-- Up-to-date: /home/maizaied03/ros2_ws/install/px4_msgs/include/px4_msgs/px4_msgs/msg/detail/position_setpoint__type_support.cpp\n'}
[9.287309] (px4_msgs) StdoutLine: {'line': b'-- Up-to-date: /home/maizaied03/ros2_ws/install/px4_msgs/include/px4_msgs/px4_msgs/msg/detail/longitudinal_control_configuration__type_support.cpp\n'}
[9.287350] (px4_msgs) StdoutLine: {'line': b'-- Up-to-date: /home/maizaied03/ros2_ws/install/px4_msgs/include/px4_msgs/px4_msgs/msg/detail/ulog_stream_ack__type_support.cpp\n'}
[9.287409] (px4_msgs) StdoutLine: {'line': b'-- Up-to-date: /home/maizaied03/ros2_ws/install/px4_msgs/include/px4_msgs/px4_msgs/msg/detail/position_controller_status__type_support.cpp\n'}
[9.287443] (px4_msgs) StdoutLine: {'line': b'-- Up-to-date: /home/maizaied03/ros2_ws/install/px4_msgs/include/px4_msgs/px4_msgs/msg/detail/normalized_unsigned_setpoint__rosidl_typesupport_introspection_cpp.hpp\n'}
[9.287475] (px4_msgs) StdoutLine: {'line': b'-- Up-to-date: /home/maizaied03/ros2_ws/install/px4_msgs/include/px4_msgs/px4_msgs/msg/detail/gimbal_manager_set_manual_control__rosidl_typesupport_introspection_cpp.hpp\n'}
[9.287507] (px4_msgs) StdoutLine: {'line': b'-- Up-to-date: /home/maizaied03/ros2_ws/install/px4_msgs/include/px4_msgs/px4_msgs/msg/detail/vehicle_attitude__rosidl_typesupport_introspection_cpp.hpp\n'}
[9.287539] (px4_msgs) StdoutLine: {'line': b'-- Up-to-date: /home/maizaied03/ros2_ws/install/px4_msgs/include/px4_msgs/px4_msgs/msg/detail/offboard_control_mode__rosidl_typesupport_introspection_cpp.hpp\n'}
[9.287569] (px4_msgs) StdoutLine: {'line': b'-- Up-to-date: /home/maizaied03/ros2_ws/install/px4_msgs/include/px4_msgs/px4_msgs/msg/detail/landing_target_pose__rosidl_typesupport_introspection_cpp.hpp\n'}
[9.287607] (px4_msgs) StdoutLine: {'line': b'-- Up-to-date: /home/maizaied03/ros2_ws/install/px4_msgs/include/px4_msgs/px4_msgs/msg/detail/failure_detector_status__rosidl_typesupport_introspection_cpp.hpp\n'}
[9.287642] (px4_msgs) StdoutLine: {'line': b'-- Up-to-date: /home/maizaied03/ros2_ws/install/px4_msgs/include/px4_msgs/px4_msgs/msg/detail/px4io_status__rosidl_typesupport_introspection_cpp.hpp\n'}
[9.287691] (px4_msgs) StdoutLine: {'line': b'-- Up-to-date: /home/maizaied03/ros2_ws/install/px4_msgs/include/px4_msgs/px4_msgs/msg/detail/battery_info__rosidl_typesupport_introspection_cpp.hpp\n'}
[9.287722] (px4_msgs) StdoutLine: {'line': b'-- Up-to-date: /home/maizaied03/ros2_ws/install/px4_msgs/include/px4_msgs/px4_msgs/msg/detail/home_position__type_support.cpp\n'}
[9.287753] (px4_msgs) StdoutLine: {'line': b'-- Up-to-date: /home/maizaied03/ros2_ws/install/px4_msgs/include/px4_msgs/px4_msgs/msg/detail/vtol_vehicle_status__rosidl_typesupport_introspection_cpp.hpp\n'}
[9.287784] (px4_msgs) StdoutLine: {'line': b'-- Up-to-date: /home/maizaied03/ros2_ws/install/px4_msgs/include/px4_msgs/px4_msgs/msg/detail/geofence_result__type_support.cpp\n'}
[9.287815] (px4_msgs) StdoutLine: {'line': b'-- Up-to-date: /home/maizaied03/ros2_ws/install/px4_msgs/include/px4_msgs/px4_msgs/msg/detail/home_position__rosidl_typesupport_introspection_cpp.hpp\n'}
[9.287849] (px4_msgs) StdoutLine: {'line': b'-- Up-to-date: /home/maizaied03/ros2_ws/install/px4_msgs/include/px4_msgs/px4_msgs/msg/detail/internal_combustion_engine_control__type_support.cpp\n'}
[9.287892] (px4_msgs) StdoutLine: {'line': b'-- Up-to-date: /home/maizaied03/ros2_ws/install/px4_msgs/include/px4_msgs/px4_msgs/msg/detail/rate_ctrl_status__type_support.cpp\n'}
[9.287934] (px4_msgs) StdoutLine: {'line': b'-- Up-to-date: /home/maizaied03/ros2_ws/install/px4_msgs/include/px4_msgs/px4_msgs/msg/detail/gpio_in__rosidl_typesupport_introspection_cpp.hpp\n'}
[9.287976] (px4_msgs) StdoutLine: {'line': b'-- Up-to-date: /home/maizaied03/ros2_ws/install/px4_msgs/include/px4_msgs/px4_msgs/msg/detail/position_setpoint_triplet__rosidl_typesupport_introspection_cpp.hpp\n'}
[9.288019] (px4_msgs) StdoutLine: {'line': b'-- Up-to-date: /home/maizaied03/ros2_ws/install/px4_msgs/include/px4_msgs/px4_msgs/msg/detail/estimator_status__rosidl_typesupport_introspection_cpp.hpp\n'}
[9.288076] (px4_msgs) StdoutLine: {'line': b'-- Up-to-date: /home/maizaied03/ros2_ws/install/px4_msgs/include/px4_msgs/px4_msgs/msg/detail/fixed_wing_longitudinal_setpoint__type_support.cpp\n'}
[9.288119] (px4_msgs) StdoutLine: {'line': b'-- Up-to-date: /home/maizaied03/ros2_ws/install/px4_msgs/include/px4_msgs/px4_msgs/msg/detail/mission__type_support.cpp\n'}
[9.288170] (px4_msgs) StdoutLine: {'line': b'-- Up-to-date: /home/maizaied03/ros2_ws/install/px4_msgs/include/px4_msgs/px4_msgs/msg/detail/health_report__type_support.cpp\n'}
[9.288204] (px4_msgs) StdoutLine: {'line': b'-- Up-to-date: /home/maizaied03/ros2_ws/install/px4_msgs/include/px4_msgs/px4_msgs/msg/detail/vehicle_command_ack__type_support.cpp\n'}
[9.288236] (px4_msgs) StdoutLine: {'line': b'-- Up-to-date: /home/maizaied03/ros2_ws/install/px4_msgs/include/px4_msgs/px4_msgs/msg/detail/ekf2_timestamps__rosidl_typesupport_introspection_cpp.hpp\n'}
[9.288269] (px4_msgs) StdoutLine: {'line': b'-- Up-to-date: /home/maizaied03/ros2_ws/install/px4_msgs/include/px4_msgs/px4_msgs/msg/detail/orbit_status__type_support.cpp\n'}
[9.288303] (px4_msgs) StdoutLine: {'line': b'-- Up-to-date: /home/maizaied03/ros2_ws/install/px4_msgs/include/px4_msgs/px4_msgs/msg/detail/esc_report__rosidl_typesupport_introspection_cpp.hpp\n'}
[9.288345] (px4_msgs) StdoutLine: {'line': b'-- Up-to-date: /home/maizaied03/ros2_ws/install/px4_msgs/include/px4_msgs/px4_msgs/msg/detail/vehicle_attitude_setpoint__rosidl_typesupport_introspection_cpp.hpp\n'}
[9.288388] (px4_msgs) StdoutLine: {'line': b'-- Up-to-date: /home/maizaied03/ros2_ws/install/px4_msgs/include/px4_msgs/px4_msgs/msg/detail/actuator_test__rosidl_typesupport_introspection_cpp.hpp\n'}
[9.288441] (px4_msgs) StdoutLine: {'line': b'-- Up-to-date: /home/maizaied03/ros2_ws/install/px4_msgs/include/px4_msgs/px4_msgs/msg/detail/onboard_computer_status__rosidl_typesupport_introspection_cpp.hpp\n'}
[9.288476] (px4_msgs) StdoutLine: {'line': b'-- Up-to-date: /home/maizaied03/ros2_ws/install/px4_msgs/include/px4_msgs/px4_msgs/msg/detail/mission_result__rosidl_typesupport_introspection_cpp.hpp\n'}
[9.288506] (px4_msgs) StdoutLine: {'line': b'-- Up-to-date: /home/maizaied03/ros2_ws/install/px4_msgs/include/px4_msgs/px4_msgs/msg/detail/vehicle_angular_acceleration_setpoint__rosidl_typesupport_introspection_cpp.hpp\n'}
[9.288539] (px4_msgs) StdoutLine: {'line': b'-- Up-to-date: /home/maizaied03/ros2_ws/install/px4_msgs/include/px4_msgs/px4_msgs/msg/detail/tecs_status__type_support.cpp\n'}
[9.288570] (px4_msgs) StdoutLine: {'line': b'-- Up-to-date: /home/maizaied03/ros2_ws/install/px4_msgs/include/px4_msgs/px4_msgs/msg/detail/gripper__type_support.cpp\n'}
[9.288612] (px4_msgs) StdoutLine: {'line': b'-- Up-to-date: /home/maizaied03/ros2_ws/install/px4_msgs/include/px4_msgs/px4_msgs/msg/detail/gimbal_device_attitude_status__type_support.cpp\n'}
[9.288662] (px4_msgs) StdoutLine: {'line': b'-- Up-to-date: /home/maizaied03/ros2_ws/install/px4_msgs/include/px4_msgs/px4_msgs/msg/detail/trajectory_setpoint__rosidl_typesupport_introspection_cpp.hpp\n'}
[9.288694] (px4_msgs) StdoutLine: {'line': b'-- Up-to-date: /home/maizaied03/ros2_ws/install/px4_msgs/include/px4_msgs/px4_msgs/msg/detail/timesync_status__rosidl_typesupport_introspection_cpp.hpp\n'}
[9.288723] (px4_msgs) StdoutLine: {'line': b'-- Up-to-date: /home/maizaied03/ros2_ws/install/px4_msgs/include/px4_msgs/px4_msgs/msg/detail/follow_target__rosidl_typesupport_introspection_cpp.hpp\n'}
[9.288754] (px4_msgs) StdoutLine: {'line': b'-- Up-to-date: /home/maizaied03/ros2_ws/install/px4_msgs/include/px4_msgs/px4_msgs/msg/detail/fixed_wing_runway_control__rosidl_typesupport_introspection_cpp.hpp\n'}
[9.288785] (px4_msgs) StdoutLine: {'line': b'-- Up-to-date: /home/maizaied03/ros2_ws/install/px4_msgs/include/px4_msgs/px4_msgs/msg/detail/yaw_estimator_status__rosidl_typesupport_introspection_cpp.hpp\n'}
[9.288821] (px4_msgs) StdoutLine: {'line': b'-- Up-to-date: /home/maizaied03/ros2_ws/install/px4_msgs/include/px4_msgs/px4_msgs/msg/detail/wind__rosidl_typesupport_introspection_cpp.hpp\n'}
[9.288862] (px4_msgs) StdoutLine: {'line': b'-- Up-to-date: /home/maizaied03/ros2_ws/install/px4_msgs/include/px4_msgs/px4_msgs/msg/detail/vehicle_command_ack__rosidl_typesupport_introspection_cpp.hpp\n'}
[9.288904] (px4_msgs) StdoutLine: {'line': b'-- Up-to-date: /home/maizaied03/ros2_ws/install/px4_msgs/include/px4_msgs/px4_msgs/msg/detail/ulog_stream__type_support.cpp\n'}
[9.288946] (px4_msgs) StdoutLine: {'line': b'-- Up-to-date: /home/maizaied03/ros2_ws/install/px4_msgs/include/px4_msgs/px4_msgs/msg/detail/arming_check_reply__rosidl_typesupport_introspection_cpp.hpp\n'}
[9.288988] (px4_msgs) StdoutLine: {'line': b'-- Up-to-date: /home/maizaied03/ros2_ws/install/px4_msgs/include/px4_msgs/px4_msgs/msg/detail/cellular_status__rosidl_typesupport_introspection_cpp.hpp\n'}
[9.289033] (px4_msgs) StdoutLine: {'line': b'-- Up-to-date: /home/maizaied03/ros2_ws/install/px4_msgs/include/px4_msgs/px4_msgs/msg/detail/vehicle_air_data__rosidl_typesupport_introspection_cpp.hpp\n'}
[9.289091] (px4_msgs) StdoutLine: {'line': b'-- Up-to-date: /home/maizaied03/ros2_ws/install/px4_msgs/include/px4_msgs/px4_msgs/msg/detail/sensor_hygrometer__type_support.cpp\n'}
[9.289148] (px4_msgs) StdoutLine: {'line': b'-- Up-to-date: /home/maizaied03/ros2_ws/install/px4_msgs/include/px4_msgs/px4_msgs/msg/detail/sensors_status__rosidl_typesupport_introspection_cpp.hpp\n'}
[9.289221] (px4_msgs) StdoutLine: {'line': b'-- Up-to-date: /home/maizaied03/ros2_ws/install/px4_msgs/include/px4_msgs/px4_msgs/msg/detail/tune_control__type_support.cpp\n'}
[9.289265] (px4_msgs) StdoutLine: {'line': b'-- Up-to-date: /home/maizaied03/ros2_ws/install/px4_msgs/include/px4_msgs/px4_msgs/msg/detail/logger_status__rosidl_typesupport_introspection_cpp.hpp\n'}
[9.289482] (px4_msgs) StdoutLine: {'line': b'-- Up-to-date: /home/maizaied03/ros2_ws/install/px4_msgs/include/px4_msgs/px4_msgs/msg/detail/estimator_aid_source2d__rosidl_typesupport_introspection_cpp.hpp\n'}
[9.289534] (px4_msgs) StdoutLine: {'line': b'-- Up-to-date: /home/maizaied03/ros2_ws/install/px4_msgs/include/px4_msgs/px4_msgs/msg/detail/launch_detection_status__rosidl_typesupport_introspection_cpp.hpp\n'}
[9.289579] (px4_msgs) StdoutLine: {'line': b'-- Up-to-date: /home/maizaied03/ros2_ws/install/px4_msgs/include/px4_msgs/px4_msgs/msg/detail/sensor_selection__rosidl_typesupport_introspection_cpp.hpp\n'}
[9.289635] (px4_msgs) StdoutLine: {'line': b'-- Up-to-date: /home/maizaied03/ros2_ws/install/px4_msgs/include/px4_msgs/px4_msgs/msg/detail/vehicle_local_position_setpoint__type_support.cpp\n'}
[9.289681] (px4_msgs) StdoutLine: {'line': b'-- Up-to-date: /home/maizaied03/ros2_ws/install/px4_msgs/include/px4_msgs/px4_msgs/msg/detail/power_monitor__type_support.cpp\n'}
[9.289727] (px4_msgs) StdoutLine: {'line': b'-- Up-to-date: /home/maizaied03/ros2_ws/install/px4_msgs/include/px4_msgs/px4_msgs/msg/detail/position_setpoint__rosidl_typesupport_introspection_cpp.hpp\n'}
[9.289787] (px4_msgs) StdoutLine: {'line': b'-- Up-to-date: /home/maizaied03/ros2_ws/install/px4_msgs/include/px4_msgs/px4_msgs/msg/detail/internal_combustion_engine_status__type_support.cpp\n'}
[9.289846] (px4_msgs) StdoutLine: {'line': b'-- Up-to-date: /home/maizaied03/ros2_ws/install/px4_msgs/include/px4_msgs/px4_msgs/msg/detail/timesync_status__type_support.cpp\n'}
[9.289903] (px4_msgs) StdoutLine: {'line': b'-- Up-to-date: /home/maizaied03/ros2_ws/install/px4_msgs/include/px4_msgs/px4_msgs/msg/detail/rover_speed_setpoint__type_support.cpp\n'}
[9.289960] (px4_msgs) StdoutLine: {'line': b'-- Up-to-date: /home/maizaied03/ros2_ws/install/px4_msgs/include/px4_msgs/px4_msgs/msg/detail/hover_thrust_estimate__type_support.cpp\n'}
[9.290018] (px4_msgs) StdoutLine: {'line': b'-- Up-to-date: /home/maizaied03/ros2_ws/install/px4_msgs/include/px4_msgs/px4_msgs/msg/detail/obstacle_distance__rosidl_typesupport_introspection_cpp.hpp\n'}
[9.290075] (px4_msgs) StdoutLine: {'line': b'-- Up-to-date: /home/maizaied03/ros2_ws/install/px4_msgs/include/px4_msgs/px4_msgs/msg/detail/vehicle_constraints__type_support.cpp\n'}
[9.290131] (px4_msgs) StdoutLine: {'line': b'-- Up-to-date: /home/maizaied03/ros2_ws/install/px4_msgs/include/px4_msgs/px4_msgs/msg/detail/heater_status__rosidl_typesupport_introspection_cpp.hpp\n'}
[9.290189] (px4_msgs) StdoutLine: {'line': b'-- Up-to-date: /home/maizaied03/ros2_ws/install/px4_msgs/include/px4_msgs/px4_msgs/msg/detail/mission__rosidl_typesupport_introspection_cpp.hpp\n'}
[9.290246] (px4_msgs) StdoutLine: {'line': b'-- Up-to-date: /home/maizaied03/ros2_ws/install/px4_msgs/include/px4_msgs/px4_msgs/msg/detail/vehicle_acceleration__rosidl_typesupport_introspection_cpp.hpp\n'}
[9.290314] (px4_msgs) StdoutLine: {'line': b'-- Up-to-date: /home/maizaied03/ros2_ws/install/px4_msgs/include/px4_msgs/px4_msgs/msg/detail/ulog_stream__rosidl_typesupport_introspection_cpp.hpp\n'}
[9.290356] (px4_msgs) StdoutLine: {'line': b'-- Up-to-date: /home/maizaied03/ros2_ws/install/px4_msgs/include/px4_msgs/px4_msgs/msg/detail/camera_capture__rosidl_typesupport_introspection_cpp.hpp\n'}
[9.290398] (px4_msgs) StdoutLine: {'line': b'-- Up-to-date: /home/maizaied03/ros2_ws/install/px4_msgs/include/px4_msgs/px4_msgs/msg/detail/can_interface_status__rosidl_typesupport_introspection_cpp.hpp\n'}
[9.290439] (px4_msgs) StdoutLine: {'line': b'-- Up-to-date: /home/maizaied03/ros2_ws/install/px4_msgs/include/px4_msgs/px4_msgs/msg/detail/pps_capture__type_support.cpp\n'}
[9.290481] (px4_msgs) StdoutLine: {'line': b'-- Up-to-date: /home/maizaied03/ros2_ws/install/px4_msgs/include/px4_msgs/px4_msgs/msg/detail/vehicle_local_position_setpoint__rosidl_typesupport_introspection_cpp.hpp\n'}
[9.290523] (px4_msgs) StdoutLine: {'line': b'-- Up-to-date: /home/maizaied03/ros2_ws/install/px4_msgs/include/px4_msgs/px4_msgs/msg/detail/sensor_hygrometer__rosidl_typesupport_introspection_cpp.hpp\n'}
[9.290565] (px4_msgs) StdoutLine: {'line': b'-- Up-to-date: /home/maizaied03/ros2_ws/install/px4_msgs/include/px4_msgs/px4_msgs/msg/detail/flight_phase_estimation__rosidl_typesupport_introspection_cpp.hpp\n'}
[9.290636] (px4_msgs) StdoutLine: {'line': b'-- Up-to-date: /home/maizaied03/ros2_ws/install/px4_msgs/include/px4_msgs/px4_msgs/msg/detail/gps_inject_data__type_support.cpp\n'}
[9.290672] (px4_msgs) StdoutLine: {'line': b'-- Up-to-date: /home/maizaied03/ros2_ws/install/px4_msgs/include/px4_msgs/px4_msgs/msg/detail/irlock_report__type_support.cpp\n'}
[9.290708] (px4_msgs) StdoutLine: {'line': b'-- Up-to-date: /home/maizaied03/ros2_ws/install/px4_msgs/include/px4_msgs/px4_msgs/msg/detail/dataman_request__rosidl_typesupport_introspection_cpp.hpp\n'}
[9.290739] (px4_msgs) StdoutLine: {'line': b'-- Up-to-date: /home/maizaied03/ros2_ws/install/px4_msgs/include/px4_msgs/px4_msgs/msg/detail/parameter_set_value_request__rosidl_typesupport_introspection_cpp.hpp\n'}
[9.290771] (px4_msgs) StdoutLine: {'line': b'-- Up-to-date: /home/maizaied03/ros2_ws/install/px4_msgs/include/px4_msgs/px4_msgs/msg/detail/vehicle_air_data__type_support.cpp\n'}
[9.290802] (px4_msgs) StdoutLine: {'line': b'-- Up-to-date: /home/maizaied03/ros2_ws/install/px4_msgs/include/px4_msgs/px4_msgs/msg/detail/sensor_gps__type_support.cpp\n'}
[9.290852] (px4_msgs) StdoutLine: {'line': b'-- Up-to-date: /home/maizaied03/ros2_ws/install/px4_msgs/include/px4_msgs/px4_msgs/msg/detail/velocity_limits__type_support.cpp\n'}
[9.290885] (px4_msgs) StdoutLine: {'line': b'-- Up-to-date: /home/maizaied03/ros2_ws/install/px4_msgs/include/px4_msgs/px4_msgs/msg/detail/rover_steering_setpoint__type_support.cpp\n'}
[9.290916] (px4_msgs) StdoutLine: {'line': b'-- Up-to-date: /home/maizaied03/ros2_ws/install/px4_msgs/include/px4_msgs/px4_msgs/msg/detail/vehicle_angular_velocity__type_support.cpp\n'}
[9.290948] (px4_msgs) StdoutLine: {'line': b'-- Up-to-date: /home/maizaied03/ros2_ws/install/px4_msgs/include/px4_msgs/px4_msgs/msg/detail/flight_phase_estimation__type_support.cpp\n'}
[9.290981] (px4_msgs) StdoutLine: {'line': b'-- Up-to-date: /home/maizaied03/ros2_ws/install/px4_msgs/include/px4_msgs/px4_msgs/msg/detail/uavcan_parameter_request__type_support.cpp\n'}
[9.291019] (px4_msgs) StdoutLine: {'line': b'-- Up-to-date: /home/maizaied03/ros2_ws/install/px4_msgs/include/px4_msgs/px4_msgs/msg/detail/gain_compression__type_support.cpp\n'}
[9.291061] (px4_msgs) StdoutLine: {'line': b'-- Up-to-date: /home/maizaied03/ros2_ws/install/px4_msgs/include/px4_msgs/px4_msgs/msg/detail/takeoff_status__type_support.cpp\n'}
[9.291103] (px4_msgs) StdoutLine: {'line': b'-- Up-to-date: /home/maizaied03/ros2_ws/install/px4_msgs/include/px4_msgs/px4_msgs/msg/detail/pwm_input__rosidl_typesupport_introspection_cpp.hpp\n'}
[9.291146] (px4_msgs) StdoutLine: {'line': b'-- Up-to-date: /home/maizaied03/ros2_ws/install/px4_msgs/include/px4_msgs/px4_msgs/msg/detail/estimator_innovations__type_support.cpp\n'}
[9.291188] (px4_msgs) StdoutLine: {'line': b'-- Up-to-date: /home/maizaied03/ros2_ws/install/px4_msgs/include/px4_msgs/px4_msgs/msg/detail/rtl_time_estimate__type_support.cpp\n'}
[9.291230] (px4_msgs) StdoutLine: {'line': b'-- Up-to-date: /home/maizaied03/ros2_ws/install/px4_msgs/include/px4_msgs/px4_msgs/msg/detail/gimbal_manager_status__rosidl_typesupport_introspection_cpp.hpp\n'}
[9.291323] (px4_msgs) StdoutLine: {'line': b'-- Up-to-date: /home/maizaied03/ros2_ws/install/px4_msgs/include/px4_msgs/px4_msgs/msg/detail/goto_setpoint__rosidl_typesupport_introspection_cpp.hpp\n'}
[9.291367] (px4_msgs) StdoutLine: {'line': b'-- Up-to-date: /home/maizaied03/ros2_ws/install/px4_msgs/include/px4_msgs/px4_msgs/msg/detail/raptor_input__type_support.cpp\n'}
[9.291410] (px4_msgs) StdoutLine: {'line': b'-- Up-to-date: /home/maizaied03/ros2_ws/install/px4_msgs/include/px4_msgs/px4_msgs/msg/detail/sensor_gyro_fifo__rosidl_typesupport_introspection_cpp.hpp\n'}
[9.291453] (px4_msgs) StdoutLine: {'line': b'-- Up-to-date: /home/maizaied03/ros2_ws/install/px4_msgs/include/px4_msgs/px4_msgs/msg/detail/sensor_baro__type_support.cpp\n'}
[9.291495] (px4_msgs) StdoutLine: {'line': b'-- Up-to-date: /home/maizaied03/ros2_ws/install/px4_msgs/include/px4_msgs/px4_msgs/msg/detail/fixed_wing_lateral_status__type_support.cpp\n'}
[9.291539] (px4_msgs) StdoutLine: {'line': b'-- Up-to-date: /home/maizaied03/ros2_ws/install/px4_msgs/include/px4_msgs/px4_msgs/msg/detail/manual_control_switches__rosidl_typesupport_introspection_cpp.hpp\n'}
[9.291581] (px4_msgs) StdoutLine: {'line': b'-- Up-to-date: /home/maizaied03/ros2_ws/install/px4_msgs/include/px4_msgs/px4_msgs/msg/detail/landing_gear__rosidl_typesupport_introspection_cpp.hpp\n'}
[9.291647] (px4_msgs) StdoutLine: {'line': b'-- Up-to-date: /home/maizaied03/ros2_ws/install/px4_msgs/include/px4_msgs/px4_msgs/msg/detail/distance_sensor__rosidl_typesupport_introspection_cpp.hpp\n'}
[9.291679] (px4_msgs) StdoutLine: {'line': b'-- Up-to-date: /home/maizaied03/ros2_ws/install/px4_msgs/include/px4_msgs/px4_msgs/msg/detail/estimator_states__rosidl_typesupport_introspection_cpp.hpp\n'}
[9.291711] (px4_msgs) StdoutLine: {'line': b'-- Up-to-date: /home/maizaied03/ros2_ws/install/px4_msgs/include/px4_msgs/px4_msgs/msg/detail/sensor_combined__type_support.cpp\n'}
[9.291742] (px4_msgs) StdoutLine: {'line': b'-- Up-to-date: /home/maizaied03/ros2_ws/install/px4_msgs/include/px4_msgs/px4_msgs/msg/detail/rc_parameter_map__type_support.cpp\n'}
[9.291773] (px4_msgs) StdoutLine: {'line': b'-- Up-to-date: /home/maizaied03/ros2_ws/install/px4_msgs/include/px4_msgs/px4_msgs/msg/detail/raptor_input__rosidl_typesupport_introspection_cpp.hpp\n'}
[9.291925] (px4_msgs) StdoutLine: {'line': b'-- Up-to-date: /home/maizaied03/ros2_ws/install/px4_msgs/include/px4_msgs/px4_msgs/msg/detail/vehicle_rates_setpoint__rosidl_typesupport_introspection_cpp.hpp\n'}
[9.291971] (px4_msgs) StdoutLine: {'line': b'-- Up-to-date: /home/maizaied03/ros2_ws/install/px4_msgs/include/px4_msgs/px4_msgs/msg/detail/vehicle_attitude__type_support.cpp\n'}
[9.292014] (px4_msgs) StdoutLine: {'line': b'-- Up-to-date: /home/maizaied03/ros2_ws/install/px4_msgs/include/px4_msgs/px4_msgs/msg/detail/differential_pressure__rosidl_typesupport_introspection_cpp.hpp\n'}
[9.292056] (px4_msgs) StdoutLine: {'line': b'-- Up-to-date: /home/maizaied03/ros2_ws/install/px4_msgs/include/px4_msgs/px4_msgs/msg/detail/estimator_bias3d__type_support.cpp\n'}
[9.292098] (px4_msgs) StdoutLine: {'line': b'-- Up-to-date: /home/maizaied03/ros2_ws/install/px4_msgs/include/px4_msgs/px4_msgs/msg/detail/collision_constraints__rosidl_typesupport_introspection_cpp.hpp\n'}
[9.292141] (px4_msgs) StdoutLine: {'line': b'-- Up-to-date: /home/maizaied03/ros2_ws/install/px4_msgs/include/px4_msgs/px4_msgs/msg/detail/tiltrotor_extra_controls__rosidl_typesupport_introspection_cpp.hpp\n'}
[9.292204] (px4_msgs) StdoutLine: {'line': b'-- Up-to-date: /home/maizaied03/ros2_ws/install/px4_msgs/include/px4_msgs/px4_msgs/msg/detail/sensor_optical_flow__rosidl_typesupport_introspection_cpp.hpp\n'}
[9.292247] (px4_msgs) StdoutLine: {'line': b'-- Up-to-date: /home/maizaied03/ros2_ws/install/px4_msgs/include/px4_msgs/px4_msgs/msg/detail/actuator_servos_trim__rosidl_typesupport_introspection_cpp.hpp\n'}
[9.292314] (px4_msgs) StdoutLine: {'line': b'-- Up-to-date: /home/maizaied03/ros2_ws/install/px4_msgs/include/px4_msgs/px4_msgs/msg/detail/input_rc__rosidl_typesupport_introspection_cpp.hpp\n'}
[9.292363] (px4_msgs) StdoutLine: {'line': b'-- Up-to-date: /home/maizaied03/ros2_ws/install/px4_msgs/include/px4_msgs/px4_msgs/msg/detail/cpuload__rosidl_typesupport_introspection_cpp.hpp\n'}
[9.292405] (px4_msgs) StdoutLine: {'line': b'-- Up-to-date: /home/maizaied03/ros2_ws/install/px4_msgs/include/px4_msgs/px4_msgs/msg/detail/adc_report__rosidl_typesupport_introspection_cpp.hpp\n'}
[9.292449] (px4_msgs) StdoutLine: {'line': b'-- Up-to-date: /home/maizaied03/ros2_ws/install/px4_msgs/include/px4_msgs/px4_msgs/msg/detail/radio_status__type_support.cpp\n'}
[9.292491] (px4_msgs) StdoutLine: {'line': b'-- Up-to-date: /home/maizaied03/ros2_ws/install/px4_msgs/include/px4_msgs/px4_msgs/msg/detail/message_format_response__rosidl_typesupport_introspection_cpp.hpp\n'}
[9.292534] (px4_msgs) StdoutLine: {'line': b'-- Up-to-date: /home/maizaied03/ros2_ws/install/px4_msgs/include/px4_msgs/px4_msgs/msg/detail/fixed_wing_runway_control__type_support.cpp\n'}
[9.292577] (px4_msgs) StdoutLine: {'line': b'-- Up-to-date: /home/maizaied03/ros2_ws/install/px4_msgs/include/px4_msgs/px4_msgs/msg/detail/sensor_accel__type_support.cpp\n'}
[9.292633] (px4_msgs) StdoutLine: {'line': b'-- Up-to-date: /home/maizaied03/ros2_ws/install/px4_msgs/include/px4_msgs/px4_msgs/msg/detail/rpm__rosidl_typesupport_introspection_cpp.hpp\n'}
[9.292699] (px4_msgs) StdoutLine: {'line': b'-- Up-to-date: /home/maizaied03/ros2_ws/install/px4_msgs/include/px4_msgs/px4_msgs/msg/detail/rc_parameter_map__rosidl_typesupport_introspection_cpp.hpp\n'}
[9.292746] (px4_msgs) StdoutLine: {'line': b'-- Up-to-date: /home/maizaied03/ros2_ws/install/px4_msgs/include/px4_msgs/px4_msgs/msg/detail/vehicle_global_position__type_support.cpp\n'}
[9.292807] (px4_msgs) StdoutLine: {'line': b'-- Up-to-date: /home/maizaied03/ros2_ws/install/px4_msgs/include/px4_msgs/px4_msgs/msg/detail/rover_speed_setpoint__rosidl_typesupport_introspection_cpp.hpp\n'}
[9.292870] (px4_msgs) StdoutLine: {'line': b'-- Up-to-date: /home/maizaied03/ros2_ws/install/px4_msgs/include/px4_msgs/px4_msgs/msg/detail/hover_thrust_estimate__rosidl_typesupport_introspection_cpp.hpp\n'}
[9.292921] (px4_msgs) StdoutLine: {'line': b'-- Up-to-date: /home/maizaied03/ros2_ws/install/px4_msgs/include/px4_msgs/px4_msgs/msg/detail/magnetometer_bias_estimate__rosidl_typesupport_introspection_cpp.hpp\n'}
[9.292965] (px4_msgs) StdoutLine: {'line': b'-- Up-to-date: /home/maizaied03/ros2_ws/install/px4_msgs/include/px4_msgs/px4_msgs/msg/detail/ping__rosidl_typesupport_introspection_cpp.hpp\n'}
[9.293008] (px4_msgs) StdoutLine: {'line': b'-- Up-to-date: /home/maizaied03/ros2_ws/install/px4_msgs/include/px4_msgs/px4_msgs/msg/detail/parameter_reset_request__type_support.cpp\n'}
[9.293052] (px4_msgs) StdoutLine: {'line': b'-- Up-to-date: /home/maizaied03/ros2_ws/install/px4_msgs/include/px4_msgs/px4_msgs/msg/detail/estimator_status_flags__rosidl_typesupport_introspection_cpp.hpp\n'}
[9.293117] (px4_msgs) StdoutLine: {'line': b'-- Up-to-date: /home/maizaied03/ros2_ws/install/px4_msgs/include/px4_msgs/px4_msgs/msg/detail/mavlink_tunnel__type_support.cpp\n'}
[9.293161] (px4_msgs) StdoutLine: {'line': b'-- Up-to-date: /home/maizaied03/ros2_ws/install/px4_msgs/include/px4_msgs/px4_msgs/msg/detail/camera_trigger__type_support.cpp\n'}
[9.293203] (px4_msgs) StdoutLine: {'line': b'-- Up-to-date: /home/maizaied03/ros2_ws/install/px4_msgs/include/px4_msgs/px4_msgs/msg/detail/magnetometer_bias_estimate__type_support.cpp\n'}
[9.293243] (px4_msgs) StdoutLine: {'line': b'-- Up-to-date: /home/maizaied03/ros2_ws/install/px4_msgs/include/px4_msgs/px4_msgs/msg/detail/estimator_aid_source1d__rosidl_typesupport_introspection_cpp.hpp\n'}
[9.293278] (px4_msgs) StdoutLine: {'line': b'-- Up-to-date: /home/maizaied03/ros2_ws/install/px4_msgs/include/px4_msgs/px4_msgs/msg/detail/adc_report__type_support.cpp\n'}
[9.293313] (px4_msgs) StdoutLine: {'line': b'-- Up-to-date: /home/maizaied03/ros2_ws/install/px4_msgs/include/px4_msgs/px4_msgs/msg/detail/sensor_gyro_fft__rosidl_typesupport_introspection_cpp.hpp\n'}
[9.293360] (px4_msgs) StdoutLine: {'line': b'-- Up-to-date: /home/maizaied03/ros2_ws/install/px4_msgs/include/px4_msgs/px4_msgs/msg/detail/estimator_selector_status__type_support.cpp\n'}
[9.293408] (px4_msgs) StdoutLine: {'line': b'-- Up-to-date: /home/maizaied03/ros2_ws/install/px4_msgs/include/px4_msgs/px4_msgs/msg/detail/manual_control_setpoint__rosidl_typesupport_introspection_cpp.hpp\n'}
[9.293456] (px4_msgs) StdoutLine: {'line': b'-- Up-to-date: /home/maizaied03/ros2_ws/install/px4_msgs/include/px4_msgs/px4_msgs/msg/detail/control_allocator_status__rosidl_typesupport_introspection_cpp.hpp\n'}
[9.293504] (px4_msgs) StdoutLine: {'line': b'-- Up-to-date: /home/maizaied03/ros2_ws/install/px4_msgs/include/px4_msgs/px4_msgs/msg/detail/launch_detection_status__type_support.cpp\n'}
[9.293571] (px4_msgs) StdoutLine: {'line': b'-- Up-to-date: /home/maizaied03/ros2_ws/install/px4_msgs/include/px4_msgs/px4_msgs/msg/detail/debug_key_value__type_support.cpp\n'}
[9.293622] (px4_msgs) StdoutLine: {'line': b'-- Up-to-date: /home/maizaied03/ros2_ws/install/px4_msgs/include/px4_msgs/px4_msgs/msg/detail/gpio_in__type_support.cpp\n'}
[9.293660] (px4_msgs) StdoutLine: {'line': b'-- Up-to-date: /home/maizaied03/ros2_ws/install/px4_msgs/include/px4_msgs/px4_msgs/msg/detail/actuator_armed__rosidl_typesupport_introspection_cpp.hpp\n'}
[9.293697] (px4_msgs) StdoutLine: {'line': b'-- Up-to-date: /home/maizaied03/ros2_ws/install/px4_msgs/include/px4_msgs/px4_msgs/msg/detail/offboard_control_mode__type_support.cpp\n'}
[9.293732] (px4_msgs) StdoutLine: {'line': b'-- Up-to-date: /home/maizaied03/ros2_ws/install/px4_msgs/include/px4_msgs/px4_msgs/msg/detail/power_button_state__type_support.cpp\n'}
[9.293766] (px4_msgs) StdoutLine: {'line': b'-- Up-to-date: /home/maizaied03/ros2_ws/install/px4_msgs/include/px4_msgs/px4_msgs/msg/detail/event__type_support.cpp\n'}
[9.293804] (px4_msgs) StdoutLine: {'line': b'-- Up-to-date: /home/maizaied03/ros2_ws/install/px4_msgs/include/px4_msgs/px4_msgs/msg/detail/differential_pressure__type_support.cpp\n'}
[9.293853] (px4_msgs) StdoutLine: {'line': b'-- Up-to-date: /home/maizaied03/ros2_ws/install/px4_msgs/include/px4_msgs/px4_msgs/msg/detail/airspeed_wind__rosidl_typesupport_introspection_cpp.hpp\n'}
[9.293900] (px4_msgs) StdoutLine: {'line': b'-- Up-to-date: /home/maizaied03/ros2_ws/install/px4_msgs/include/px4_msgs/px4_msgs/msg/detail/sensor_gps__rosidl_typesupport_introspection_cpp.hpp\n'}
[9.293947] (px4_msgs) StdoutLine: {'line': b'-- Up-to-date: /home/maizaied03/ros2_ws/install/px4_msgs/include/px4_msgs/px4_msgs/msg/detail/parameter_reset_request__rosidl_typesupport_introspection_cpp.hpp\n'}
[9.293994] (px4_msgs) StdoutLine: {'line': b'-- Up-to-date: /home/maizaied03/ros2_ws/install/px4_msgs/include/px4_msgs/px4_msgs/msg/detail/orb_test_medium__type_support.cpp\n'}
[9.294042] (px4_msgs) StdoutLine: {'line': b'-- Up-to-date: /home/maizaied03/ros2_ws/install/px4_msgs/include/px4_msgs/px4_msgs/msg/detail/gimbal_manager_information__rosidl_typesupport_introspection_cpp.hpp\n'}
[9.294089] (px4_msgs) StdoutLine: {'line': b'-- Up-to-date: /home/maizaied03/ros2_ws/install/px4_msgs/include/px4_msgs/px4_msgs/msg/detail/rover_throttle_setpoint__rosidl_typesupport_introspection_cpp.hpp\n'}
[9.294136] (px4_msgs) StdoutLine: {'line': b'-- Up-to-date: /home/maizaied03/ros2_ws/install/px4_msgs/include/px4_msgs/px4_msgs/msg/detail/sensor_gyro__type_support.cpp\n'}
[9.294183] (px4_msgs) StdoutLine: {'line': b'-- Up-to-date: /home/maizaied03/ros2_ws/install/px4_msgs/include/px4_msgs/px4_msgs/msg/detail/onboard_computer_status__type_support.cpp\n'}
[9.294230] (px4_msgs) StdoutLine: {'line': b'-- Up-to-date: /home/maizaied03/ros2_ws/install/px4_msgs/include/px4_msgs/px4_msgs/msg/detail/gpio_config__type_support.cpp\n'}
[9.294277] (px4_msgs) StdoutLine: {'line': b'-- Up-to-date: /home/maizaied03/ros2_ws/install/px4_msgs/include/px4_msgs/px4_msgs/msg/detail/transponder_report__type_support.cpp\n'}
[9.294324] (px4_msgs) StdoutLine: {'line': b'-- Up-to-date: /home/maizaied03/ros2_ws/install/px4_msgs/include/px4_msgs/px4_msgs/msg/detail/estimator_bias__rosidl_typesupport_introspection_cpp.hpp\n'}
[9.294371] (px4_msgs) StdoutLine: {'line': b'-- Up-to-date: /home/maizaied03/ros2_ws/install/px4_msgs/include/px4_msgs/px4_msgs/msg/detail/vehicle_status__rosidl_typesupport_introspection_cpp.hpp\n'}
[9.294415] (px4_msgs) StdoutLine: {'line': b'-- Up-to-date: /home/maizaied03/ros2_ws/install/px4_msgs/include/px4_msgs/px4_msgs/msg/detail/rover_speed_status__type_support.cpp\n'}
[9.294456] (px4_msgs) StdoutLine: {'line': b'-- Up-to-date: /home/maizaied03/ros2_ws/install/px4_msgs/include/px4_msgs/px4_msgs/msg/detail/gps_dump__type_support.cpp\n'}
[9.294497] (px4_msgs) StdoutLine: {'line': b'-- Up-to-date: /home/maizaied03/ros2_ws/install/px4_msgs/include/px4_msgs/px4_msgs/msg/detail/camera_status__rosidl_typesupport_introspection_cpp.hpp\n'}
[9.294539] (px4_msgs) StdoutLine: {'line': b'-- Up-to-date: /home/maizaied03/ros2_ws/install/px4_msgs/include/px4_msgs/px4_msgs/msg/detail/wheel_encoders__type_support.cpp\n'}
[9.294580] (px4_msgs) StdoutLine: {'line': b'-- Up-to-date: /home/maizaied03/ros2_ws/install/px4_msgs/include/px4_msgs/px4_msgs/msg/detail/vehicle_optical_flow__rosidl_typesupport_introspection_cpp.hpp\n'}
[9.294644] (px4_msgs) StdoutLine: {'line': b'-- Up-to-date: /home/maizaied03/ros2_ws/install/px4_msgs/include/px4_msgs/px4_msgs/msg/detail/sensor_baro__rosidl_typesupport_introspection_cpp.hpp\n'}
[9.294679] (px4_msgs) StdoutLine: {'line': b'-- Up-to-date: /home/maizaied03/ros2_ws/install/px4_msgs/include/px4_msgs/px4_msgs/msg/detail/log_message__rosidl_typesupport_introspection_cpp.hpp\n'}
[9.294710] (px4_msgs) StdoutLine: {'line': b'-- Up-to-date: /home/maizaied03/ros2_ws/install/px4_msgs/include/px4_msgs/px4_msgs/msg/detail/vehicle_imu_status__rosidl_typesupport_introspection_cpp.hpp\n'}
[9.294740] (px4_msgs) StdoutLine: {'line': b'-- Up-to-date: /home/maizaied03/ros2_ws/install/px4_msgs/include/px4_msgs/px4_msgs/msg/detail/actuator_servos_trim__type_support.cpp\n'}
[9.294772] (px4_msgs) StdoutLine: {'line': b'-- Up-to-date: /home/maizaied03/ros2_ws/install/px4_msgs/include/px4_msgs/px4_msgs/msg/detail/navigator_status__type_support.cpp\n'}
[9.294817] (px4_msgs) StdoutLine: {'line': b'-- Up-to-date: /home/maizaied03/ros2_ws/install/px4_msgs/include/px4_msgs/px4_msgs/msg/detail/estimator_event_flags__type_support.cpp\n'}
[9.294857] (px4_msgs) StdoutLine: {'line': b'-- Up-to-date: /home/maizaied03/ros2_ws/install/px4_msgs/include/px4_msgs/px4_msgs/msg/detail/actuator_armed__type_support.cpp\n'}
[9.294888] (px4_msgs) StdoutLine: {'line': b'-- Up-to-date: /home/maizaied03/ros2_ws/install/px4_msgs/include/px4_msgs/px4_msgs/msg/detail/dataman_request__type_support.cpp\n'}
[9.294921] (px4_msgs) StdoutLine: {'line': b'-- Up-to-date: /home/maizaied03/ros2_ws/install/px4_msgs/include/px4_msgs/px4_msgs/msg/detail/camera_capture__type_support.cpp\n'}
[9.294954] (px4_msgs) StdoutLine: {'line': b'-- Up-to-date: /home/maizaied03/ros2_ws/install/px4_msgs/include/px4_msgs/px4_msgs/msg/detail/iridiumsbd_status__rosidl_typesupport_introspection_cpp.hpp\n'}
[9.294988] (px4_msgs) StdoutLine: {'line': b'-- Up-to-date: /home/maizaied03/ros2_ws/install/px4_msgs/include/px4_msgs/px4_msgs/msg/detail/yaw_estimator_status__type_support.cpp\n'}
[9.295021] (px4_msgs) StdoutLine: {'line': b'-- Up-to-date: /home/maizaied03/ros2_ws/install/px4_msgs/include/px4_msgs/px4_msgs/msg/detail/vehicle_torque_setpoint__type_support.cpp\n'}
[9.295055] (px4_msgs) StdoutLine: {'line': b'-- Up-to-date: /home/maizaied03/ros2_ws/install/px4_msgs/include/px4_msgs/px4_msgs/msg/detail/autotune_attitude_control_status__rosidl_typesupport_introspection_cpp.hpp\n'}
[9.295087] (px4_msgs) StdoutLine: {'line': b'-- Up-to-date: /home/maizaied03/ros2_ws/install/px4_msgs/include/px4_msgs/px4_msgs/msg/detail/rover_throttle_setpoint__type_support.cpp\n'}
[9.295133] (px4_msgs) StdoutLine: {'line': b'-- Up-to-date: /home/maizaied03/ros2_ws/install/px4_msgs/include/px4_msgs/px4_msgs/msg/detail/open_drone_id_system__rosidl_typesupport_introspection_cpp.hpp\n'}
[9.295178] (px4_msgs) StdoutLine: {'line': b'-- Up-to-date: /home/maizaied03/ros2_ws/install/px4_msgs/include/px4_msgs/px4_msgs/msg/detail/rover_attitude_status__rosidl_typesupport_introspection_cpp.hpp\n'}
[9.295222] (px4_msgs) StdoutLine: {'line': b'-- Up-to-date: /home/maizaied03/ros2_ws/install/px4_msgs/include/px4_msgs/px4_msgs/msg/detail/velocity_limits__rosidl_typesupport_introspection_cpp.hpp\n'}
[9.295267] (px4_msgs) StdoutLine: {'line': b'-- Up-to-date: /home/maizaied03/ros2_ws/install/px4_msgs/include/px4_msgs/px4_msgs/msg/detail/parameter_update__type_support.cpp\n'}
[9.295312] (px4_msgs) StdoutLine: {'line': b'-- Up-to-date: /home/maizaied03/ros2_ws/install/px4_msgs/include/px4_msgs/px4_msgs/msg/detail/sensor_gnss_relative__type_support.cpp\n'}
[9.295357] (px4_msgs) StdoutLine: {'line': b'-- Up-to-date: /home/maizaied03/ros2_ws/install/px4_msgs/include/px4_msgs/px4_msgs/msg/detail/button_event__type_support.cpp\n'}
[9.295402] (px4_msgs) StdoutLine: {'line': b'-- Up-to-date: /home/maizaied03/ros2_ws/install/px4_msgs/include/px4_msgs/px4_msgs/msg/detail/vehicle_odometry__type_support.cpp\n'}
[9.295448] (px4_msgs) StdoutLine: {'line': b'-- Up-to-date: /home/maizaied03/ros2_ws/install/px4_msgs/include/px4_msgs/px4_msgs/msg/detail/actuator_motors__type_support.cpp\n'}
[9.295505] (px4_msgs) StdoutLine: {'line': b'-- Up-to-date: /home/maizaied03/ros2_ws/install/px4_msgs/include/px4_msgs/px4_msgs/msg/detail/register_ext_component_request__rosidl_typesupport_introspection_cpp.hpp\n'}
[9.295553] (px4_msgs) StdoutLine: {'line': b'-- Up-to-date: /home/maizaied03/ros2_ws/install/px4_msgs/include/px4_msgs/px4_msgs/msg/detail/orb_test_large__type_support.cpp\n'}
[9.295613] (px4_msgs) StdoutLine: {'line': b'-- Up-to-date: /home/maizaied03/ros2_ws/install/px4_msgs/include/px4_msgs/px4_msgs/msg/detail/qshell_req__rosidl_typesupport_introspection_cpp.hpp\n'}
[9.295651] (px4_msgs) StdoutLine: {'line': b'-- Up-to-date: /home/maizaied03/ros2_ws/install/px4_msgs/include/px4_msgs/px4_msgs/msg/detail/esc_report__type_support.cpp\n'}
[9.295684] (px4_msgs) StdoutLine: {'line': b'-- Up-to-date: /home/maizaied03/ros2_ws/install/px4_msgs/include/px4_msgs/px4_msgs/msg/detail/open_drone_id_system__type_support.cpp\n'}
[9.295717] (px4_msgs) StdoutLine: {'line': b'-- Up-to-date: /home/maizaied03/ros2_ws/install/px4_msgs/include/px4_msgs/px4_msgs/msg/detail/gps_dump__rosidl_typesupport_introspection_cpp.hpp\n'}
[9.295751] (px4_msgs) StdoutLine: {'line': b'-- Up-to-date: /home/maizaied03/ros2_ws/install/px4_msgs/include/px4_msgs/px4_msgs/msg/detail/failure_detector_status__type_support.cpp\n'}
[9.295796] (px4_msgs) StdoutLine: {'line': b'-- Up-to-date: /home/maizaied03/ros2_ws/install/px4_msgs/include/px4_msgs/px4_msgs/msg/detail/device_information__rosidl_typesupport_introspection_cpp.hpp\n'}
[9.295840] (px4_msgs) StdoutLine: {'line': b'-- Up-to-date: /home/maizaied03/ros2_ws/install/px4_msgs/include/px4_msgs/px4_msgs/msg/detail/vehicle_constraints__rosidl_typesupport_introspection_cpp.hpp\n'}
[9.295896] (px4_msgs) StdoutLine: {'line': b'-- Up-to-date: /home/maizaied03/ros2_ws/install/px4_msgs/include/px4_msgs/px4_msgs/msg/detail/rtl_status__type_support.cpp\n'}
[9.295933] (px4_msgs) StdoutLine: {'line': b'-- Up-to-date: /home/maizaied03/ros2_ws/install/px4_msgs/include/px4_msgs/px4_msgs/msg/detail/dataman_response__rosidl_typesupport_introspection_cpp.hpp\n'}
[9.295967] (px4_msgs) StdoutLine: {'line': b'-- Up-to-date: /home/maizaied03/ros2_ws/install/px4_msgs/include/px4_msgs/px4_msgs/msg/detail/vehicle_land_detected__rosidl_typesupport_introspection_cpp.hpp\n'}
[9.296001] (px4_msgs) StdoutLine: {'line': b'-- Up-to-date: /home/maizaied03/ros2_ws/install/px4_msgs/include/px4_msgs/px4_msgs/msg/detail/gps_inject_data__rosidl_typesupport_introspection_cpp.hpp\n'}
[9.296037] (px4_msgs) StdoutLine: {'line': b'-- Up-to-date: /home/maizaied03/ros2_ws/install/px4_msgs/include/px4_msgs/px4_msgs/msg/detail/esc_status__type_support.cpp\n'}
[9.296071] (px4_msgs) StdoutLine: {'line': b'-- Up-to-date: /home/maizaied03/ros2_ws/install/px4_msgs/include/px4_msgs/px4_msgs/msg/detail/vehicle_thrust_setpoint__type_support.cpp\n'}
[9.296113] (px4_msgs) StdoutLine: {'line': b'-- Up-to-date: /home/maizaied03/ros2_ws/install/px4_msgs/include/px4_msgs/px4_msgs/msg/detail/vehicle_global_position__rosidl_typesupport_introspection_cpp.hpp\n'}
[9.296167] (px4_msgs) StdoutLine: {'line': b'-- Up-to-date: /home/maizaied03/ros2_ws/install/px4_msgs/include/px4_msgs/px4_msgs/msg/detail/neural_control__type_support.cpp\n'}
[9.296232] (px4_msgs) StdoutLine: {'line': b'-- Up-to-date: /home/maizaied03/ros2_ws/install/px4_msgs/include/px4_msgs/px4_msgs/msg/detail/actuator_outputs__type_support.cpp\n'}
[9.296284] (px4_msgs) StdoutLine: {'line': b'-- Up-to-date: /home/maizaied03/ros2_ws/install/px4_msgs/include/px4_msgs/px4_msgs/msg/detail/geofence_status__rosidl_typesupport_introspection_cpp.hpp\n'}
[9.296331] (px4_msgs) StdoutLine: {'line': b'-- Up-to-date: /home/maizaied03/ros2_ws/install/px4_msgs/include/px4_msgs/px4_msgs/msg/detail/task_stack_info__type_support.cpp\n'}
[9.296396] (px4_msgs) StdoutLine: {'line': b'-- Up-to-date: /home/maizaied03/ros2_ws/install/px4_msgs/include/px4_msgs/px4_msgs/msg/detail/action_request__rosidl_typesupport_introspection_cpp.hpp\n'}
[9.296456] (px4_msgs) StdoutLine: {'line': b'-- Up-to-date: /home/maizaied03/ros2_ws/install/px4_msgs/include/px4_msgs/px4_msgs/msg/detail/trajectory_setpoint6dof__rosidl_typesupport_introspection_cpp.hpp\n'}
[9.296532] (px4_msgs) StdoutLine: {'line': b'-- Up-to-date: /home/maizaied03/ros2_ws/install/px4_msgs/include/px4_msgs/px4_msgs/msg/detail/arming_check_reply__type_support.cpp\n'}
[9.296577] (px4_msgs) StdoutLine: {'line': b'-- Up-to-date: /home/maizaied03/ros2_ws/install/px4_msgs/include/px4_msgs/px4_msgs/msg/detail/manual_control_setpoint__type_support.cpp\n'}
[9.296653] (px4_msgs) StdoutLine: {'line': b'-- Up-to-date: /home/maizaied03/ros2_ws/install/px4_msgs/include/px4_msgs/px4_msgs/msg/detail/failsafe_flags__rosidl_typesupport_introspection_cpp.hpp\n'}
[9.296700] (px4_msgs) StdoutLine: {'line': b'-- Up-to-date: /home/maizaied03/ros2_ws/install/px4_msgs/include/px4_msgs/px4_msgs/msg/detail/gimbal_device_set_attitude__type_support.cpp\n'}
[9.296744] (px4_msgs) StdoutLine: {'line': b'-- Up-to-date: /home/maizaied03/ros2_ws/install/px4_msgs/include/px4_msgs/px4_msgs/msg/detail/trajectory_setpoint6dof__type_support.cpp\n'}
[9.296787] (px4_msgs) StdoutLine: {'line': b'-- Up-to-date: /home/maizaied03/ros2_ws/install/px4_msgs/include/px4_msgs/px4_msgs/msg/detail/estimator_status__type_support.cpp\n'}
[9.296830] (px4_msgs) StdoutLine: {'line': b'-- Up-to-date: /home/maizaied03/ros2_ws/install/px4_msgs/include/px4_msgs/px4_msgs/msg/detail/rate_ctrl_status__rosidl_typesupport_introspection_cpp.hpp\n'}
[9.296873] (px4_msgs) StdoutLine: {'line': b'-- Up-to-date: /home/maizaied03/ros2_ws/install/px4_msgs/include/px4_msgs/px4_msgs/msg/detail/actuator_motors__rosidl_typesupport_introspection_cpp.hpp\n'}
[9.296916] (px4_msgs) StdoutLine: {'line': b'-- Up-to-date: /home/maizaied03/ros2_ws/install/px4_msgs/include/px4_msgs/px4_msgs/msg/detail/follow_target_status__type_support.cpp\n'}
[9.296979] (px4_msgs) StdoutLine: {'line': b'-- Up-to-date: /home/maizaied03/ros2_ws/install/px4_msgs/include/px4_msgs/px4_msgs/msg/detail/sensor_airflow__rosidl_typesupport_introspection_cpp.hpp\n'}
[9.297039] (px4_msgs) StdoutLine: {'line': b'-- Up-to-date: /home/maizaied03/ros2_ws/install/px4_msgs/include/px4_msgs/px4_msgs/msg/detail/rc_channels__rosidl_typesupport_introspection_cpp.hpp\n'}
[9.297097] (px4_msgs) StdoutLine: {'line': b'-- Up-to-date: /home/maizaied03/ros2_ws/install/px4_msgs/include/px4_msgs/px4_msgs/msg/detail/gimbal_controls__rosidl_typesupport_introspection_cpp.hpp\n'}
[9.297155] (px4_msgs) StdoutLine: {'line': b'-- Up-to-date: /home/maizaied03/ros2_ws/install/px4_msgs/include/px4_msgs/px4_msgs/msg/detail/heater_status__type_support.cpp\n'}
[9.297213] (px4_msgs) StdoutLine: {'line': b'-- Up-to-date: /home/maizaied03/ros2_ws/install/px4_msgs/include/px4_msgs/px4_msgs/msg/detail/sensor_optical_flow__type_support.cpp\n'}
[9.297274] (px4_msgs) StdoutLine: {'line': b'-- Up-to-date: /home/maizaied03/ros2_ws/install/px4_msgs/include/px4_msgs/px4_msgs/msg/detail/orb_test_large__rosidl_typesupport_introspection_cpp.hpp\n'}
[9.297328] (px4_msgs) StdoutLine: {'line': b'-- Up-to-date: /home/maizaied03/ros2_ws/install/px4_msgs/include/px4_msgs/px4_msgs/msg/detail/airspeed_wind__type_support.cpp\n'}
[9.297375] (px4_msgs) StdoutLine: {'line': b'-- Up-to-date: /home/maizaied03/ros2_ws/install/px4_msgs/include/px4_msgs/px4_msgs/msg/detail/actuator_test__type_support.cpp\n'}
[9.297407] (px4_msgs) StdoutLine: {'line': b'-- Up-to-date: /home/maizaied03/ros2_ws/install/px4_msgs/include/px4_msgs/px4_msgs/msg/detail/health_report__rosidl_typesupport_introspection_cpp.hpp\n'}
[9.297438] (px4_msgs) StdoutLine: {'line': b'-- Up-to-date: /home/maizaied03/ros2_ws/install/px4_msgs/include/px4_msgs/px4_msgs/msg/detail/dataman_response__type_support.cpp\n'}
[9.297469] (px4_msgs) StdoutLine: {'line': b'-- Up-to-date: /home/maizaied03/ros2_ws/install/px4_msgs/include/px4_msgs/px4_msgs/msg/detail/pure_pursuit_status__type_support.cpp\n'}
[9.297511] (px4_msgs) StdoutLine: {'line': b'-- Up-to-date: /home/maizaied03/ros2_ws/install/px4_msgs/include/px4_msgs/px4_msgs/msg/detail/airspeed__type_support.cpp\n'}
[9.297553] (px4_msgs) StdoutLine: {'line': b'-- Up-to-date: /home/maizaied03/ros2_ws/install/px4_msgs/include/px4_msgs/px4_msgs/msg/detail/raptor_status__rosidl_typesupport_introspection_cpp.hpp\n'}
[9.297605] (px4_msgs) StdoutLine: {'line': b'-- Up-to-date: /home/maizaied03/ros2_ws/install/px4_msgs/include/px4_msgs/px4_msgs/msg/detail/sensor_gnss_status__type_support.cpp\n'}
[9.297640] (px4_msgs) StdoutLine: {'line': b'-- Up-to-date: /home/maizaied03/ros2_ws/install/px4_msgs/include/px4_msgs/px4_msgs/msg/detail/failsafe_flags__type_support.cpp\n'}
[9.297672] (px4_msgs) StdoutLine: {'line': b'-- Up-to-date: /home/maizaied03/ros2_ws/install/px4_msgs/include/px4_msgs/px4_msgs/msg/detail/sensor_correction__rosidl_typesupport_introspection_cpp.hpp\n'}
[9.297704] (px4_msgs) StdoutLine: {'line': b'-- Up-to-date: /home/maizaied03/ros2_ws/install/px4_msgs/include/px4_msgs/px4_msgs/msg/detail/mavlink_log__type_support.cpp\n'}
[9.297739] (px4_msgs) StdoutLine: {'line': b'-- Up-to-date: /home/maizaied03/ros2_ws/install/px4_msgs/include/px4_msgs/px4_msgs/msg/detail/normalized_unsigned_setpoint__type_support.cpp\n'}
[9.297782] (px4_msgs) StdoutLine: {'line': b'-- Up-to-date: /home/maizaied03/ros2_ws/install/px4_msgs/include/px4_msgs/px4_msgs/msg/detail/mission_result__type_support.cpp\n'}
[9.297825] (px4_msgs) StdoutLine: {'line': b'-- Up-to-date: /home/maizaied03/ros2_ws/install/px4_msgs/include/px4_msgs/px4_msgs/msg/detail/telemetry_status__rosidl_typesupport_introspection_cpp.hpp\n'}
[9.297868] (px4_msgs) StdoutLine: {'line': b'-- Up-to-date: /home/maizaied03/ros2_ws/install/px4_msgs/include/px4_msgs/px4_msgs/msg/detail/actuator_controls_status__type_support.cpp\n'}
[9.297910] (px4_msgs) StdoutLine: {'line': b'-- Up-to-date: /home/maizaied03/ros2_ws/install/px4_msgs/include/px4_msgs/px4_msgs/msg/detail/estimator_selector_status__rosidl_typesupport_introspection_cpp.hpp\n'}
[9.297952] (px4_msgs) StdoutLine: {'line': b'-- Up-to-date: /home/maizaied03/ros2_ws/install/px4_msgs/include/px4_msgs/px4_msgs/msg/detail/gimbal_manager_set_manual_control__type_support.cpp\n'}
[9.297996] (px4_msgs) StdoutLine: {'line': b'-- Up-to-date: /home/maizaied03/ros2_ws/install/px4_msgs/include/px4_msgs/px4_msgs/msg/detail/vehicle_roi__type_support.cpp\n'}
[9.298040] (px4_msgs) StdoutLine: {'line': b'-- Up-to-date: /home/maizaied03/ros2_ws/install/px4_msgs/include/px4_msgs/px4_msgs/msg/detail/arming_check_request__type_support.cpp\n'}
[9.298083] (px4_msgs) StdoutLine: {'line': b'-- Up-to-date: /home/maizaied03/ros2_ws/install/px4_msgs/include/px4_msgs/px4_msgs/msg/detail/px4io_status__type_support.cpp\n'}
[9.298127] (px4_msgs) StdoutLine: {'line': b'-- Up-to-date: /home/maizaied03/ros2_ws/install/px4_msgs/include/px4_msgs/px4_msgs/msg/detail/estimator_sensor_bias__rosidl_typesupport_introspection_cpp.hpp\n'}
[9.298169] (px4_msgs) StdoutLine: {'line': b'-- Up-to-date: /home/maizaied03/ros2_ws/install/px4_msgs/include/px4_msgs/px4_msgs/msg/detail/sensor_accel_fifo__rosidl_typesupport_introspection_cpp.hpp\n'}
[9.298212] (px4_msgs) StdoutLine: {'line': b'-- Up-to-date: /home/maizaied03/ros2_ws/install/px4_msgs/include/px4_msgs/px4_msgs/msg/detail/sensor_gnss_status__rosidl_typesupport_introspection_cpp.hpp\n'}
[9.298254] (px4_msgs) StdoutLine: {'line': b'-- Up-to-date: /home/maizaied03/ros2_ws/install/px4_msgs/include/px4_msgs/px4_msgs/msg/detail/actuator_servos__rosidl_typesupport_introspection_cpp.hpp\n'}
[9.298296] (px4_msgs) StdoutLine: {'line': b'-- Up-to-date: /home/maizaied03/ros2_ws/install/px4_msgs/include/px4_msgs/px4_msgs/msg/detail/battery_status__type_support.cpp\n'}
[9.298338] (px4_msgs) StdoutLine: {'line': b'-- Up-to-date: /home/maizaied03/ros2_ws/install/px4_msgs/include/px4_msgs/px4_msgs/msg/detail/estimator_gps_status__type_support.cpp\n'}
[9.298381] (px4_msgs) StdoutLine: {'line': b'-- Up-to-date: /home/maizaied03/ros2_ws/install/px4_msgs/include/px4_msgs/px4_msgs/msg/detail/vehicle_roi__rosidl_typesupport_introspection_cpp.hpp\n'}
[9.298442] (px4_msgs) StdoutLine: {'line': b'-- Up-to-date: /home/maizaied03/ros2_ws/install/px4_msgs/include/px4_msgs/px4_msgs/msg/detail/irlock_report__rosidl_typesupport_introspection_cpp.hpp\n'}
[9.298479] (px4_msgs) StdoutLine: {'line': b'-- Up-to-date: /home/maizaied03/ros2_ws/install/px4_msgs/include/px4_msgs/px4_msgs/msg/detail/parameter_set_value_response__type_support.cpp\n'}
[9.298510] (px4_msgs) StdoutLine: {'line': b'-- Up-to-date: /home/maizaied03/ros2_ws/install/px4_msgs/include/px4_msgs/px4_msgs/msg/detail/sensors_status__type_support.cpp\n'}
[9.298541] (px4_msgs) StdoutLine: {'line': b'-- Up-to-date: /home/maizaied03/ros2_ws/install/px4_msgs/include/px4_msgs/px4_msgs/msg/detail/pwm_input__type_support.cpp\n'}
[9.298572] (px4_msgs) StdoutLine: {'line': b'-- Up-to-date: /home/maizaied03/ros2_ws/install/px4_msgs/include/px4_msgs/px4_msgs/msg/detail/orb_test__rosidl_typesupport_introspection_cpp.hpp\n'}
[9.298609] (px4_msgs) StdoutLine: {'line': b'-- Up-to-date: /home/maizaied03/ros2_ws/install/px4_msgs/include/px4_msgs/px4_msgs/msg/detail/cellular_status__type_support.cpp\n'}
[9.298660] (px4_msgs) StdoutLine: {'line': b'-- Up-to-date: /home/maizaied03/ros2_ws/install/px4_msgs/include/px4_msgs/px4_msgs/msg/detail/parameter_set_value_response__rosidl_typesupport_introspection_cpp.hpp\n'}
[9.298691] (px4_msgs) StdoutLine: {'line': b'-- Up-to-date: /home/maizaied03/ros2_ws/install/px4_msgs/include/px4_msgs/px4_msgs/msg/detail/vehicle_optical_flow_vel__rosidl_typesupport_introspection_cpp.hpp\n'}
[9.298741] (px4_msgs) StdoutLine: {'line': b'-- Up-to-date: /home/maizaied03/ros2_ws/install/px4_msgs/include/px4_msgs/px4_msgs/msg/detail/pure_pursuit_status__rosidl_typesupport_introspection_cpp.hpp\n'}
[9.298774] (px4_msgs) StdoutLine: {'line': b'-- Up-to-date: /home/maizaied03/ros2_ws/install/px4_msgs/include/px4_msgs/px4_msgs/msg/detail/vehicle_torque_setpoint__rosidl_typesupport_introspection_cpp.hpp\n'}
[9.298805] (px4_msgs) StdoutLine: {'line': b'-- Up-to-date: /home/maizaied03/ros2_ws/install/px4_msgs/include/px4_msgs/px4_msgs/msg/detail/estimator_innovations__rosidl_typesupport_introspection_cpp.hpp\n'}
[9.298836] (px4_msgs) StdoutLine: {'line': b'-- Up-to-date: /home/maizaied03/ros2_ws/install/px4_msgs/include/px4_msgs/px4_msgs/msg/detail/fixed_wing_longitudinal_setpoint__rosidl_typesupport_introspection_cpp.hpp\n'}
[9.298867] (px4_msgs) StdoutLine: {'line': b'-- Up-to-date: /home/maizaied03/ros2_ws/install/px4_msgs/include/px4_msgs/px4_msgs/msg/detail/gain_compression__rosidl_typesupport_introspection_cpp.hpp\n'}
[9.298904] (px4_msgs) StdoutLine: {'line': b'-- Up-to-date: /home/maizaied03/ros2_ws/install/px4_msgs/include/px4_msgs/px4_msgs/msg/detail/airspeed__rosidl_typesupport_introspection_cpp.hpp\n'}
[9.298947] (px4_msgs) StdoutLine: {'line': b'-- Up-to-date: /home/maizaied03/ros2_ws/install/px4_msgs/include/px4_msgs/px4_msgs/msg/detail/sensor_selection__type_support.cpp\n'}
[9.298990] (px4_msgs) StdoutLine: {'line': b'-- Up-to-date: /home/maizaied03/ros2_ws/install/px4_msgs/include/px4_msgs/px4_msgs/msg/detail/camera_status__type_support.cpp\n'}
[9.299032] (px4_msgs) StdoutLine: {'line': b'-- Up-to-date: /home/maizaied03/ros2_ws/install/px4_msgs/include/px4_msgs/px4_msgs/msg/detail/position_controller_landing_status__type_support.cpp\n'}
[9.299075] (px4_msgs) StdoutLine: {'line': b'-- Up-to-date: /home/maizaied03/ros2_ws/install/px4_msgs/include/px4_msgs/px4_msgs/msg/detail/fuel_tank_status__type_support.cpp\n'}
[9.299127] (px4_msgs) StdoutLine: {'line': b'-- Up-to-date: /home/maizaied03/ros2_ws/install/px4_msgs/include/px4_msgs/px4_msgs/msg/detail/geofence_result__rosidl_typesupport_introspection_cpp.hpp\n'}
[9.299186] (px4_msgs) StdoutLine: {'line': b'-- Up-to-date: /home/maizaied03/ros2_ws/install/px4_msgs/include/px4_msgs/px4_msgs/msg/detail/fixed_wing_lateral_guidance_status__rosidl_typesupport_introspection_cpp.hpp\n'}
[9.299244] (px4_msgs) StdoutLine: {'line': b'-- Up-to-date: /home/maizaied03/ros2_ws/install/px4_msgs/include/px4_msgs/px4_msgs/msg/detail/vehicle_imu__rosidl_typesupport_introspection_cpp.hpp\n'}
[9.299302] (px4_msgs) StdoutLine: {'line': b'-- Up-to-date: /home/maizaied03/ros2_ws/install/px4_msgs/include/px4_msgs/px4_msgs/msg/detail/vehicle_command__type_support.cpp\n'}
[9.299368] (px4_msgs) StdoutLine: {'line': b'-- Up-to-date: /home/maizaied03/ros2_ws/install/px4_msgs/include/px4_msgs/px4_msgs/msg/detail/airspeed_validated__type_support.cpp\n'}
[9.299412] (px4_msgs) StdoutLine: {'line': b'-- Up-to-date: /home/maizaied03/ros2_ws/install/px4_msgs/include/px4_msgs/px4_msgs/msg/detail/gpio_request__type_support.cpp\n'}
[9.299455] (px4_msgs) StdoutLine: {'line': b'-- Up-to-date: /home/maizaied03/ros2_ws/install/px4_msgs/include/px4_msgs/px4_msgs/msg/detail/sensor_mag__rosidl_typesupport_introspection_cpp.hpp\n'}
[9.299497] (px4_msgs) StdoutLine: {'line': b'-- Up-to-date: /home/maizaied03/ros2_ws/install/px4_msgs/include/px4_msgs/px4_msgs/msg/detail/debug_vect__rosidl_typesupport_introspection_cpp.hpp\n'}
[9.299555] (px4_msgs) StdoutLine: {'line': b'-- Up-to-date: /home/maizaied03/ros2_ws/install/px4_msgs/include/px4_msgs/px4_msgs/msg/detail/gpio_out__rosidl_typesupport_introspection_cpp.hpp\n'}
[9.299611] (px4_msgs) StdoutLine: {'line': b'-- Up-to-date: /home/maizaied03/ros2_ws/install/px4_msgs/include/px4_msgs/px4_msgs/msg/detail/internal_combustion_engine_control__rosidl_typesupport_introspection_cpp.hpp\n'}
[9.299659] (px4_msgs) StdoutLine: {'line': b'-- Up-to-date: /home/maizaied03/ros2_ws/install/px4_msgs/include/px4_msgs/px4_msgs/msg/detail/vehicle_status__type_support.cpp\n'}
[9.299701] (px4_msgs) StdoutLine: {'line': b'-- Up-to-date: /home/maizaied03/ros2_ws/install/px4_msgs/include/px4_msgs/px4_msgs/msg/detail/gpio_config__rosidl_typesupport_introspection_cpp.hpp\n'}
[9.299743] (px4_msgs) StdoutLine: {'line': b'-- Up-to-date: /home/maizaied03/ros2_ws/install/px4_msgs/include/px4_msgs/px4_msgs/msg/detail/estimator_states__type_support.cpp\n'}
[9.299785] (px4_msgs) StdoutLine: {'line': b'-- Up-to-date: /home/maizaied03/ros2_ws/install/px4_msgs/include/px4_msgs/px4_msgs/msg/detail/tune_control__rosidl_typesupport_introspection_cpp.hpp\n'}
[9.299827] (px4_msgs) StdoutLine: {'line': b'-- Up-to-date: /home/maizaied03/ros2_ws/install/px4_msgs/include/px4_msgs/px4_msgs/msg/detail/vehicle_imu_status__type_support.cpp\n'}
[9.299885] (px4_msgs) StdoutLine: {'line': b'-- Up-to-date: /home/maizaied03/ros2_ws/install/px4_msgs/include/px4_msgs/px4_msgs/msg/detail/vehicle_local_position__rosidl_typesupport_introspection_cpp.hpp\n'}
[9.299931] (px4_msgs) StdoutLine: {'line': b'-- Up-to-date: /home/maizaied03/ros2_ws/install/px4_msgs/include/px4_msgs/px4_msgs/msg/detail/gimbal_device_attitude_status__rosidl_typesupport_introspection_cpp.hpp\n'}
[9.299976] (px4_msgs) StdoutLine: {'line': b'-- Up-to-date: /home/maizaied03/ros2_ws/install/px4_msgs/include/px4_msgs/px4_msgs/msg/detail/takeoff_status__rosidl_typesupport_introspection_cpp.hpp\n'}
[9.300032] (px4_msgs) StdoutLine: {'line': b'-- Up-to-date: /home/maizaied03/ros2_ws/install/px4_msgs/include/px4_msgs/px4_msgs/msg/detail/camera_trigger__rosidl_typesupport_introspection_cpp.hpp\n'}
[9.300080] (px4_msgs) StdoutLine: {'line': b'-- Up-to-date: /home/maizaied03/ros2_ws/install/px4_msgs/include/px4_msgs/px4_msgs/msg/detail/action_request__type_support.cpp\n'}
[9.300115] (px4_msgs) StdoutLine: {'line': b'-- Up-to-date: /home/maizaied03/ros2_ws/install/px4_msgs/include/px4_msgs/px4_msgs/msg/detail/parameter_set_value_request__type_support.cpp\n'}
[9.300148] (px4_msgs) StdoutLine: {'line': b'-- Up-to-date: /home/maizaied03/ros2_ws/install/px4_msgs/include/px4_msgs/px4_msgs/msg/detail/rtl_time_estimate__rosidl_typesupport_introspection_cpp.hpp\n'}
[9.300181] (px4_msgs) StdoutLine: {'line': b'-- Up-to-date: /home/maizaied03/ros2_ws/install/px4_msgs/include/px4_msgs/px4_msgs/msg/detail/satellite_info__type_support.cpp\n'}
[9.300215] (px4_msgs) StdoutLine: {'line': b'-- Up-to-date: /home/maizaied03/ros2_ws/install/px4_msgs/include/px4_msgs/px4_msgs/msg/detail/transponder_report__rosidl_typesupport_introspection_cpp.hpp\n'}
[9.300248] (px4_msgs) StdoutLine: {'line': b'-- Up-to-date: /home/maizaied03/ros2_ws/install/px4_msgs/include/px4_msgs/px4_msgs/msg/detail/vtx__type_support.cpp\n'}
[9.300281] (px4_msgs) StdoutLine: {'line': b'-- Up-to-date: /home/maizaied03/ros2_ws/install/px4_msgs/include/px4_msgs/px4_msgs/msg/detail/vehicle_angular_acceleration_setpoint__type_support.cpp\n'}
[9.300329] (px4_msgs) StdoutLine: {'line': b'-- Up-to-date: /home/maizaied03/ros2_ws/install/px4_msgs/include/px4_msgs/px4_msgs/msg/detail/landing_gear__type_support.cpp\n'}
[9.300364] (px4_msgs) StdoutLine: {'line': b'-- Up-to-date: /home/maizaied03/ros2_ws/install/px4_msgs/include/px4_msgs/px4_msgs/msg/detail/actuator_servos__type_support.cpp\n'}
[9.300396] (px4_msgs) StdoutLine: {'line': b'-- Up-to-date: /home/maizaied03/ros2_ws/install/px4_msgs/include/px4_msgs/px4_msgs/msg/detail/sensor_preflight_mag__rosidl_typesupport_introspection_cpp.hpp\n'}
[9.300429] (px4_msgs) StdoutLine: {'line': b'-- Up-to-date: /home/maizaied03/ros2_ws/install/px4_msgs/include/px4_msgs/px4_msgs/msg/detail/debug_value__type_support.cpp\n'}
[9.300463] (px4_msgs) StdoutLine: {'line': b'-- Up-to-date: /home/maizaied03/ros2_ws/install/px4_msgs/include/px4_msgs/px4_msgs/msg/detail/power_monitor__rosidl_typesupport_introspection_cpp.hpp\n'}
[9.300495] (px4_msgs) StdoutLine: {'line': b'-- Up-to-date: /home/maizaied03/ros2_ws/install/px4_msgs/include/px4_msgs/px4_msgs/msg/detail/open_drone_id_self_id__type_support.cpp\n'}
[9.300529] (px4_msgs) StdoutLine: {'line': b'-- Up-to-date: /home/maizaied03/ros2_ws/install/px4_msgs/include/px4_msgs/px4_msgs/msg/detail/unregister_ext_component__type_support.cpp\n'}
[9.300562] (px4_msgs) StdoutLine: {'line': b'-- Up-to-date: /home/maizaied03/ros2_ws/install/px4_msgs/include/px4_msgs/px4_msgs/msg/detail/sensor_temp__rosidl_typesupport_introspection_cpp.hpp\n'}
[9.300599] (px4_msgs) StdoutLine: {'line': b'-- Up-to-date: /home/maizaied03/ros2_ws/install/px4_msgs/include/px4_msgs/px4_msgs/msg/detail/rover_attitude_setpoint__type_support.cpp\n'}
[9.300636] (px4_msgs) StdoutLine: {'line': b'-- Up-to-date: /home/maizaied03/ros2_ws/install/px4_msgs/include/px4_msgs/px4_msgs/msg/detail/position_controller_landing_status__rosidl_typesupport_introspection_cpp.hpp\n'}
[9.300686] (px4_msgs) StdoutLine: {'line': b'-- Up-to-date: /home/maizaied03/ros2_ws/install/px4_msgs/include/px4_msgs/px4_msgs/msg/detail/dronecan_node_status__rosidl_typesupport_introspection_cpp.hpp\n'}
[9.300720] (px4_msgs) StdoutLine: {'line': b'-- Up-to-date: /home/maizaied03/ros2_ws/install/px4_msgs/include/px4_msgs/px4_msgs/msg/detail/goto_setpoint__type_support.cpp\n'}
[9.300753] (px4_msgs) StdoutLine: {'line': b'-- Up-to-date: /home/maizaied03/ros2_ws/install/px4_msgs/include/px4_msgs/px4_msgs/msg/detail/system_power__rosidl_typesupport_introspection_cpp.hpp\n'}
[9.300786] (px4_msgs) StdoutLine: {'line': b'-- Up-to-date: /home/maizaied03/ros2_ws/install/px4_msgs/include/px4_msgs/px4_msgs/msg/detail/parameter_update__rosidl_typesupport_introspection_cpp.hpp\n'}
[9.300820] (px4_msgs) StdoutLine: {'line': b'-- Up-to-date: /home/maizaied03/ros2_ws/install/px4_msgs/include/px4_msgs/px4_msgs/msg/detail/esc_status__rosidl_typesupport_introspection_cpp.hpp\n'}
[9.300854] (px4_msgs) StdoutLine: {'line': b'-- Up-to-date: /home/maizaied03/ros2_ws/install/px4_msgs/include/px4_msgs/px4_msgs/msg/detail/rover_rate_status__rosidl_typesupport_introspection_cpp.hpp\n'}
[9.300898] (px4_msgs) StdoutLine: {'line': b'-- Up-to-date: /home/maizaied03/ros2_ws/install/px4_msgs/include/px4_msgs/px4_msgs/msg/detail/internal_combustion_engine_status__rosidl_typesupport_introspection_cpp.hpp\n'}
[9.300940] (px4_msgs) StdoutLine: {'line': b'-- Up-to-date: /home/maizaied03/ros2_ws/install/px4_msgs/include/px4_msgs/px4_msgs/msg/detail/button_event__rosidl_typesupport_introspection_cpp.hpp\n'}
[9.300982] (px4_msgs) StdoutLine: {'line': b'-- Up-to-date: /home/maizaied03/ros2_ws/install/px4_msgs/include/px4_msgs/px4_msgs/msg/detail/vehicle_land_detected__type_support.cpp\n'}
[9.301025] (px4_msgs) StdoutLine: {'line': b'-- Up-to-date: /home/maizaied03/ros2_ws/install/px4_msgs/include/px4_msgs/px4_msgs/msg/detail/trajectory_setpoint__type_support.cpp\n'}
[9.301082] (px4_msgs) StdoutLine: {'line': b'-- Up-to-date: /home/maizaied03/ros2_ws/install/px4_msgs/include/px4_msgs/px4_msgs/msg/detail/vehicle_optical_flow_vel__type_support.cpp\n'}
[9.301115] (px4_msgs) StdoutLine: {'line': b'-- Up-to-date: /home/maizaied03/ros2_ws/install/px4_msgs/include/px4_msgs/px4_msgs/msg/detail/log_message__type_support.cpp\n'}
[9.301147] (px4_msgs) StdoutLine: {'line': b'-- Up-to-date: /home/maizaied03/ros2_ws/install/px4_msgs/include/px4_msgs/px4_msgs/msg/detail/battery_info__type_support.cpp\n'}
[9.301178] (px4_msgs) StdoutLine: {'line': b'-- Up-to-date: /home/maizaied03/ros2_ws/install/px4_msgs/include/px4_msgs/px4_msgs/msg/detail/airspeed_validated__rosidl_typesupport_introspection_cpp.hpp\n'}
[9.301209] (px4_msgs) StdoutLine: {'line': b'-- Up-to-date: /home/maizaied03/ros2_ws/install/px4_msgs/include/px4_msgs/px4_msgs/msg/detail/uavcan_parameter_request__rosidl_typesupport_introspection_cpp.hpp\n'}
[9.301240] (px4_msgs) StdoutLine: {'line': b'-- Up-to-date: /home/maizaied03/ros2_ws/install/px4_msgs/include/px4_msgs/px4_msgs/msg/detail/longitudinal_control_configuration__rosidl_typesupport_introspection_cpp.hpp\n'}
[9.301271] (px4_msgs) StdoutLine: {'line': b'-- Up-to-date: /home/maizaied03/ros2_ws/install/px4_msgs/include/px4_msgs/px4_msgs/srv\n'}
[9.301313] (px4_msgs) StdoutLine: {'line': b'-- Up-to-date: /home/maizaied03/ros2_ws/install/px4_msgs/include/px4_msgs/px4_msgs/srv/detail\n'}
[9.301356] (px4_msgs) StdoutLine: {'line': b'-- Up-to-date: /home/maizaied03/ros2_ws/install/px4_msgs/include/px4_msgs/px4_msgs/srv/detail/vehicle_command__rosidl_typesupport_introspection_cpp.hpp\n'}
[9.301398] (px4_msgs) StdoutLine: {'line': b'-- Up-to-date: /home/maizaied03/ros2_ws/install/px4_msgs/include/px4_msgs/px4_msgs/srv/detail/vehicle_command__type_support.cpp\n'}
[9.301440] (px4_msgs) StdoutLine: {'line': b'-- Up-to-date: /home/maizaied03/ros2_ws/install/px4_msgs/lib/libpx4_msgs__rosidl_typesupport_introspection_cpp.so\n'}
[9.301483] (px4_msgs) StdoutLine: {'line': b'-- Up-to-date: /home/maizaied03/ros2_ws/install/px4_msgs/lib/libpx4_msgs__rosidl_typesupport_cpp.so\n'}
[9.301525] (px4_msgs) StdoutLine: {'line': b'-- Up-to-date: /home/maizaied03/ros2_ws/install/px4_msgs/share/px4_msgs/environment/pythonpath.sh\n'}
[9.301568] (px4_msgs) StdoutLine: {'line': b'-- Up-to-date: /home/maizaied03/ros2_ws/install/px4_msgs/share/px4_msgs/environment/pythonpath.dsv\n'}
[9.301629] (px4_msgs) StdoutLine: {'line': b'-- Up-to-date: /home/maizaied03/ros2_ws/install/px4_msgs/local/lib/python3.10/dist-packages/px4_msgs-2.0.1-py3.10.egg-info\n'}
[9.301664] (px4_msgs) StdoutLine: {'line': b'-- Installing: /home/maizaied03/ros2_ws/install/px4_msgs/local/lib/python3.10/dist-packages/px4_msgs-2.0.1-py3.10.egg-info/SOURCES.txt\n'}
[9.301696] (px4_msgs) StdoutLine: {'line': b'-- Installing: /home/maizaied03/ros2_ws/install/px4_msgs/local/lib/python3.10/dist-packages/px4_msgs-2.0.1-py3.10.egg-info/top_level.txt\n'}
[9.301729] (px4_msgs) StdoutLine: {'line': b'-- Installing: /home/maizaied03/ros2_ws/install/px4_msgs/local/lib/python3.10/dist-packages/px4_msgs-2.0.1-py3.10.egg-info/dependency_links.txt\n'}
[9.301763] (px4_msgs) StdoutLine: {'line': b'-- Installing: /home/maizaied03/ros2_ws/install/px4_msgs/local/lib/python3.10/dist-packages/px4_msgs-2.0.1-py3.10.egg-info/PKG-INFO\n'}
[9.301794] (px4_msgs) StdoutLine: {'line': b'-- Up-to-date: /home/maizaied03/ros2_ws/install/px4_msgs/local/lib/python3.10/dist-packages/px4_msgs\n'}
[9.301838] (px4_msgs) StdoutLine: {'line': b'-- Installing: /home/maizaied03/ros2_ws/install/px4_msgs/local/lib/python3.10/dist-packages/px4_msgs/px4_msgs_s__rosidl_typesupport_c.cpython-310-x86_64-linux-gnu.so\n'}
[9.301881] (px4_msgs) StdoutLine: {'line': b'-- Installing: /home/maizaied03/ros2_ws/install/px4_msgs/local/lib/python3.10/dist-packages/px4_msgs/px4_msgs_s__rosidl_typesupport_fastrtps_c.cpython-310-x86_64-linux-gnu.so\n'}
[9.301924] (px4_msgs) StdoutLine: {'line': b'-- Installing: /home/maizaied03/ros2_ws/install/px4_msgs/local/lib/python3.10/dist-packages/px4_msgs/px4_msgs_s__rosidl_typesupport_introspection_c.cpython-310-x86_64-linux-gnu.so\n'}
[9.301971] (px4_msgs) StdoutLine: {'line': b'-- Up-to-date: /home/maizaied03/ros2_ws/install/px4_msgs/local/lib/python3.10/dist-packages/px4_msgs/_px4_msgs_s.ep.rosidl_typesupport_introspection_c.c\n'}
[9.302005] (px4_msgs) StdoutLine: {'line': b'-- Installing: /home/maizaied03/ros2_ws/install/px4_msgs/local/lib/python3.10/dist-packages/px4_msgs/libpx4_msgs__rosidl_generator_py.so\n'}
[9.302049] (px4_msgs) StdoutLine: {'line': b'-- Up-to-date: /home/maizaied03/ros2_ws/install/px4_msgs/local/lib/python3.10/dist-packages/px4_msgs/_px4_msgs_s.ep.rosidl_typesupport_c.c\n'}
[9.302095] (px4_msgs) StdoutLine: {'line': b'-- Up-to-date: /home/maizaied03/ros2_ws/install/px4_msgs/local/lib/python3.10/dist-packages/px4_msgs/__init__.py\n'}
[9.302127] (px4_msgs) StdoutLine: {'line': b'-- Up-to-date: /home/maizaied03/ros2_ws/install/px4_msgs/local/lib/python3.10/dist-packages/px4_msgs/msg\n'}
[9.302159] (px4_msgs) StdoutLine: {'line': b'-- Up-to-date: /home/maizaied03/ros2_ws/install/px4_msgs/local/lib/python3.10/dist-packages/px4_msgs/msg/_sensor_airflow.py\n'}
[9.302209] (px4_msgs) StdoutLine: {'line': b'-- Up-to-date: /home/maizaied03/ros2_ws/install/px4_msgs/local/lib/python3.10/dist-packages/px4_msgs/msg/_system_power_s.c\n'}
[9.302260] (px4_msgs) StdoutLine: {'line': b'-- Up-to-date: /home/maizaied03/ros2_ws/install/px4_msgs/local/lib/python3.10/dist-packages/px4_msgs/msg/_sensor_correction.py\n'}
[9.302343] (px4_msgs) StdoutLine: {'line': b'-- Up-to-date: /home/maizaied03/ros2_ws/install/px4_msgs/local/lib/python3.10/dist-packages/px4_msgs/msg/_gimbal_manager_information_s.c\n'}
[9.302395] (px4_msgs) StdoutLine: {'line': b'-- Up-to-date: /home/maizaied03/ros2_ws/install/px4_msgs/local/lib/python3.10/dist-packages/px4_msgs/msg/_gimbal_device_set_attitude.py\n'}
[9.302446] (px4_msgs) StdoutLine: {'line': b'-- Up-to-date: /home/maizaied03/ros2_ws/install/px4_msgs/local/lib/python3.10/dist-packages/px4_msgs/msg/_sensor_gps_s.c\n'}
[9.302499] (px4_msgs) StdoutLine: {'line': b'-- Up-to-date: /home/maizaied03/ros2_ws/install/px4_msgs/local/lib/python3.10/dist-packages/px4_msgs/msg/_gimbal_device_attitude_status_s.c\n'}
[9.302550] (px4_msgs) StdoutLine: {'line': b'-- Up-to-date: /home/maizaied03/ros2_ws/install/px4_msgs/local/lib/python3.10/dist-packages/px4_msgs/msg/_position_setpoint_triplet_s.c\n'}
[9.302606] (px4_msgs) StdoutLine: {'line': b'-- Up-to-date: /home/maizaied03/ros2_ws/install/px4_msgs/local/lib/python3.10/dist-packages/px4_msgs/msg/_camera_capture_s.c\n'}
[9.302664] (px4_msgs) StdoutLine: {'line': b'-- Up-to-date: /home/maizaied03/ros2_ws/install/px4_msgs/local/lib/python3.10/dist-packages/px4_msgs/msg/_sensor_gyro_fifo_s.c\n'}
[9.302716] (px4_msgs) StdoutLine: {'line': b'-- Up-to-date: /home/maizaied03/ros2_ws/install/px4_msgs/local/lib/python3.10/dist-packages/px4_msgs/msg/_gpio_config_s.c\n'}
[9.302768] (px4_msgs) StdoutLine: {'line': b'-- Up-to-date: /home/maizaied03/ros2_ws/install/px4_msgs/local/lib/python3.10/dist-packages/px4_msgs/msg/_rpm.py\n'}
[9.302823] (px4_msgs) StdoutLine: {'line': b'-- Up-to-date: /home/maizaied03/ros2_ws/install/px4_msgs/local/lib/python3.10/dist-packages/px4_msgs/msg/_mission_result.py\n'}
[9.302895] (px4_msgs) StdoutLine: {'line': b'-- Up-to-date: /home/maizaied03/ros2_ws/install/px4_msgs/local/lib/python3.10/dist-packages/px4_msgs/msg/_vehicle_status.py\n'}
[9.302964] (px4_msgs) StdoutLine: {'line': b'-- Up-to-date: /home/maizaied03/ros2_ws/install/px4_msgs/local/lib/python3.10/dist-packages/px4_msgs/msg/_vehicle_attitude.py\n'}
[9.303034] (px4_msgs) StdoutLine: {'line': b'-- Up-to-date: /home/maizaied03/ros2_ws/install/px4_msgs/local/lib/python3.10/dist-packages/px4_msgs/msg/_vehicle_attitude_s.c\n'}
[9.303103] (px4_msgs) StdoutLine: {'line': b'-- Up-to-date: /home/maizaied03/ros2_ws/install/px4_msgs/local/lib/python3.10/dist-packages/px4_msgs/msg/_estimator_event_flags_s.c\n'}
[9.303176] (px4_msgs) StdoutLine: {'line': b'-- Up-to-date: /home/maizaied03/ros2_ws/install/px4_msgs/local/lib/python3.10/dist-packages/px4_msgs/msg/_vehicle_magnetometer.py\n'}
[9.303217] (px4_msgs) StdoutLine: {'line': b'-- Up-to-date: /home/maizaied03/ros2_ws/install/px4_msgs/local/lib/python3.10/dist-packages/px4_msgs/msg/_rtl_time_estimate_s.c\n'}
[9.303270] (px4_msgs) StdoutLine: {'line': b'-- Up-to-date: /home/maizaied03/ros2_ws/install/px4_msgs/local/lib/python3.10/dist-packages/px4_msgs/msg/_sensor_gps.py\n'}
[9.303304] (px4_msgs) StdoutLine: {'line': b'-- Up-to-date: /home/maizaied03/ros2_ws/install/px4_msgs/local/lib/python3.10/dist-packages/px4_msgs/msg/_sensor_mag_s.c\n'}
[9.303336] (px4_msgs) StdoutLine: {'line': b'-- Up-to-date: /home/maizaied03/ros2_ws/install/px4_msgs/local/lib/python3.10/dist-packages/px4_msgs/msg/_follow_target_estimator.py\n'}
[9.303378] (px4_msgs) StdoutLine: {'line': b'-- Up-to-date: /home/maizaied03/ros2_ws/install/px4_msgs/local/lib/python3.10/dist-packages/px4_msgs/msg/_vehicle_air_data.py\n'}
[9.303421] (px4_msgs) StdoutLine: {'line': b'-- Up-to-date: /home/maizaied03/ros2_ws/install/px4_msgs/local/lib/python3.10/dist-packages/px4_msgs/msg/_magnetometer_bias_estimate_s.c\n'}
[9.303463] (px4_msgs) StdoutLine: {'line': b'-- Up-to-date: /home/maizaied03/ros2_ws/install/px4_msgs/local/lib/python3.10/dist-packages/px4_msgs/msg/_vehicle_command_ack.py\n'}
[9.303505] (px4_msgs) StdoutLine: {'line': b'-- Up-to-date: /home/maizaied03/ros2_ws/install/px4_msgs/local/lib/python3.10/dist-packages/px4_msgs/msg/_autotune_attitude_control_status_s.c\n'}
[9.303547] (px4_msgs) StdoutLine: {'line': b'-- Up-to-date: /home/maizaied03/ros2_ws/install/px4_msgs/local/lib/python3.10/dist-packages/px4_msgs/msg/_estimator_aid_source2d.py\n'}
[9.303588] (px4_msgs) StdoutLine: {'line': b'-- Up-to-date: /home/maizaied03/ros2_ws/install/px4_msgs/local/lib/python3.10/dist-packages/px4_msgs/msg/_trajectory_setpoint6dof.py\n'}
[9.303646] (px4_msgs) StdoutLine: {'line': b'-- Up-to-date: /home/maizaied03/ros2_ws/install/px4_msgs/local/lib/python3.10/dist-packages/px4_msgs/msg/_sensor_gyro_fft.py\n'}
[9.303678] (px4_msgs) StdoutLine: {'line': b'-- Up-to-date: /home/maizaied03/ros2_ws/install/px4_msgs/local/lib/python3.10/dist-packages/px4_msgs/msg/_orb_test_s.c\n'}
[9.303709] (px4_msgs) StdoutLine: {'line': b'-- Up-to-date: /home/maizaied03/ros2_ws/install/px4_msgs/local/lib/python3.10/dist-packages/px4_msgs/msg/_gimbal_device_attitude_status.py\n'}
[9.303741] (px4_msgs) StdoutLine: {'line': b'-- Up-to-date: /home/maizaied03/ros2_ws/install/px4_msgs/local/lib/python3.10/dist-packages/px4_msgs/msg/_follow_target_status.py\n'}
[9.303772] (px4_msgs) StdoutLine: {'line': b'-- Up-to-date: /home/maizaied03/ros2_ws/install/px4_msgs/local/lib/python3.10/dist-packages/px4_msgs/msg/_pps_capture_s.c\n'}
[9.303803] (px4_msgs) StdoutLine: {'line': b'-- Up-to-date: /home/maizaied03/ros2_ws/install/px4_msgs/local/lib/python3.10/dist-packages/px4_msgs/msg/_led_control_s.c\n'}
[9.303834] (px4_msgs) StdoutLine: {'line': b'-- Up-to-date: /home/maizaied03/ros2_ws/install/px4_msgs/local/lib/python3.10/dist-packages/px4_msgs/msg/_gpio_config.py\n'}
[9.303869] (px4_msgs) StdoutLine: {'line': b'-- Up-to-date: /home/maizaied03/ros2_ws/install/px4_msgs/local/lib/python3.10/dist-packages/px4_msgs/msg/_vehicle_global_position.py\n'}
[9.303899] (px4_msgs) StdoutLine: {'line': b'-- Up-to-date: /home/maizaied03/ros2_ws/install/px4_msgs/local/lib/python3.10/dist-packages/px4_msgs/msg/_logger_status.py\n'}
[9.303944] (px4_msgs) StdoutLine: {'line': b'-- Up-to-date: /home/maizaied03/ros2_ws/install/px4_msgs/local/lib/python3.10/dist-packages/px4_msgs/msg/_generator_status_s.c\n'}
[9.303976] (px4_msgs) StdoutLine: {'line': b'-- Up-to-date: /home/maizaied03/ros2_ws/install/px4_msgs/local/lib/python3.10/dist-packages/px4_msgs/msg/_can_interface_status.py\n'}
[9.304008] (px4_msgs) StdoutLine: {'line': b'-- Up-to-date: /home/maizaied03/ros2_ws/install/px4_msgs/local/lib/python3.10/dist-packages/px4_msgs/msg/_gpio_out_s.c\n'}
[9.304038] (px4_msgs) StdoutLine: {'line': b'-- Up-to-date: /home/maizaied03/ros2_ws/install/px4_msgs/local/lib/python3.10/dist-packages/px4_msgs/msg/_power_button_state_s.c\n'}
[9.304069] (px4_msgs) StdoutLine: {'line': b'-- Up-to-date: /home/maizaied03/ros2_ws/install/px4_msgs/local/lib/python3.10/dist-packages/px4_msgs/msg/_manual_control_setpoint_s.c\n'}
[9.304102] (px4_msgs) StdoutLine: {'line': b'-- Up-to-date: /home/maizaied03/ros2_ws/install/px4_msgs/local/lib/python3.10/dist-packages/px4_msgs/msg/_task_stack_info_s.c\n'}
[9.304142] (px4_msgs) StdoutLine: {'line': b'-- Up-to-date: /home/maizaied03/ros2_ws/install/px4_msgs/local/lib/python3.10/dist-packages/px4_msgs/msg/_sensor_selection_s.c\n'}
[9.304185] (px4_msgs) StdoutLine: {'line': b'-- Up-to-date: /home/maizaied03/ros2_ws/install/px4_msgs/local/lib/python3.10/dist-packages/px4_msgs/msg/_internal_combustion_engine_control_s.c\n'}
[9.304227] (px4_msgs) StdoutLine: {'line': b'-- Up-to-date: /home/maizaied03/ros2_ws/install/px4_msgs/local/lib/python3.10/dist-packages/px4_msgs/msg/_gpio_request.py\n'}
[9.304273] (px4_msgs) StdoutLine: {'line': b'-- Up-to-date: /home/maizaied03/ros2_ws/install/px4_msgs/local/lib/python3.10/dist-packages/px4_msgs/msg/_tiltrotor_extra_controls.py\n'}
[9.304320] (px4_msgs) StdoutLine: {'line': b'-- Up-to-date: /home/maizaied03/ros2_ws/install/px4_msgs/local/lib/python3.10/dist-packages/px4_msgs/msg/_obstacle_distance_s.c\n'}
[9.304414] (px4_msgs) StdoutLine: {'line': b'-- Up-to-date: /home/maizaied03/ros2_ws/install/px4_msgs/local/lib/python3.10/dist-packages/px4_msgs/msg/_telemetry_status.py\n'}
[9.304488] (px4_msgs) StdoutLine: {'line': b'-- Up-to-date: /home/maizaied03/ros2_ws/install/px4_msgs/local/lib/python3.10/dist-packages/px4_msgs/msg/_vehicle_thrust_setpoint.py\n'}
[9.304544] (px4_msgs) StdoutLine: {'line': b'-- Up-to-date: /home/maizaied03/ros2_ws/install/px4_msgs/local/lib/python3.10/dist-packages/px4_msgs/msg/_estimator_aid_source1d_s.c\n'}
[9.304605] (px4_msgs) StdoutLine: {'line': b'-- Up-to-date: /home/maizaied03/ros2_ws/install/px4_msgs/local/lib/python3.10/dist-packages/px4_msgs/msg/_landing_gear_wheel.py\n'}
[9.304672] (px4_msgs) StdoutLine: {'line': b'-- Up-to-date: /home/maizaied03/ros2_ws/install/px4_msgs/local/lib/python3.10/dist-packages/px4_msgs/msg/_offboard_control_mode_s.c\n'}
[9.304709] (px4_msgs) StdoutLine: {'line': b'-- Up-to-date: /home/maizaied03/ros2_ws/install/px4_msgs/local/lib/python3.10/dist-packages/px4_msgs/msg/_can_interface_status_s.c\n'}
[9.304744] (px4_msgs) StdoutLine: {'line': b'-- Up-to-date: /home/maizaied03/ros2_ws/install/px4_msgs/local/lib/python3.10/dist-packages/px4_msgs/msg/_rate_ctrl_status.py\n'}
[9.304780] (px4_msgs) StdoutLine: {'line': b'-- Up-to-date: /home/maizaied03/ros2_ws/install/px4_msgs/local/lib/python3.10/dist-packages/px4_msgs/msg/_arming_check_reply.py\n'}
[9.304831] (px4_msgs) StdoutLine: {'line': b'-- Up-to-date: /home/maizaied03/ros2_ws/install/px4_msgs/local/lib/python3.10/dist-packages/px4_msgs/msg/_dataman_request.py\n'}
[9.304877] (px4_msgs) StdoutLine: {'line': b'-- Up-to-date: /home/maizaied03/ros2_ws/install/px4_msgs/local/lib/python3.10/dist-packages/px4_msgs/msg/_iridiumsbd_status.py\n'}
[9.304921] (px4_msgs) StdoutLine: {'line': b'-- Up-to-date: /home/maizaied03/ros2_ws/install/px4_msgs/local/lib/python3.10/dist-packages/px4_msgs/msg/_mission_s.c\n'}
[9.304966] (px4_msgs) StdoutLine: {'line': b'-- Up-to-date: /home/maizaied03/ros2_ws/install/px4_msgs/local/lib/python3.10/dist-packages/px4_msgs/msg/_navigator_status_s.c\n'}
[9.305011] (px4_msgs) StdoutLine: {'line': b'-- Up-to-date: /home/maizaied03/ros2_ws/install/px4_msgs/local/lib/python3.10/dist-packages/px4_msgs/msg/_cpuload.py\n'}
[9.305059] (px4_msgs) StdoutLine: {'line': b'-- Up-to-date: /home/maizaied03/ros2_ws/install/px4_msgs/local/lib/python3.10/dist-packages/px4_msgs/msg/_battery_status.py\n'}
[9.305212] (px4_msgs) StdoutLine: {'line': b'-- Up-to-date: /home/maizaied03/ros2_ws/install/px4_msgs/local/lib/python3.10/dist-packages/px4_msgs/msg/_ulog_stream_s.c\n'}
[9.305281] (px4_msgs) StdoutLine: {'line': b'-- Up-to-date: /home/maizaied03/ros2_ws/install/px4_msgs/local/lib/python3.10/dist-packages/px4_msgs/msg/_distance_sensor_mode_change_request.py\n'}
[9.305331] (px4_msgs) StdoutLine: {'line': b'-- Up-to-date: /home/maizaied03/ros2_ws/install/px4_msgs/local/lib/python3.10/dist-packages/px4_msgs/msg/_orbit_status_s.c\n'}
[9.305410] (px4_msgs) StdoutLine: {'line': b'-- Up-to-date: /home/maizaied03/ros2_ws/install/px4_msgs/local/lib/python3.10/dist-packages/px4_msgs/msg/_sensor_accel.py\n'}
[9.305456] (px4_msgs) StdoutLine: {'line': b'-- Up-to-date: /home/maizaied03/ros2_ws/install/px4_msgs/local/lib/python3.10/dist-packages/px4_msgs/msg/_vehicle_control_mode_s.c\n'}
[9.305506] (px4_msgs) StdoutLine: {'line': b'-- Up-to-date: /home/maizaied03/ros2_ws/install/px4_msgs/local/lib/python3.10/dist-packages/px4_msgs/msg/_estimator_aid_source1d.py\n'}
[9.305554] (px4_msgs) StdoutLine: {'line': b'-- Up-to-date: /home/maizaied03/ros2_ws/install/px4_msgs/local/lib/python3.10/dist-packages/px4_msgs/msg/_sensor_accel_fifo.py\n'}
[9.305633] (px4_msgs) StdoutLine: {'line': b'-- Up-to-date: /home/maizaied03/ros2_ws/install/px4_msgs/local/lib/python3.10/dist-packages/px4_msgs/msg/_orb_test_medium_s.c\n'}
[9.305699] (px4_msgs) StdoutLine: {'line': b'-- Up-to-date: /home/maizaied03/ros2_ws/install/px4_msgs/local/lib/python3.10/dist-packages/px4_msgs/msg/_control_allocator_status.py\n'}
[9.305745] (px4_msgs) StdoutLine: {'line': b'-- Up-to-date: /home/maizaied03/ros2_ws/install/px4_msgs/local/lib/python3.10/dist-packages/px4_msgs/msg/_airspeed_validated_s.c\n'}
[9.305790] (px4_msgs) StdoutLine: {'line': b'-- Up-to-date: /home/maizaied03/ros2_ws/install/px4_msgs/local/lib/python3.10/dist-packages/px4_msgs/msg/_px4io_status.py\n'}
[9.305832] (px4_msgs) StdoutLine: {'line': b'-- Up-to-date: /home/maizaied03/ros2_ws/install/px4_msgs/local/lib/python3.10/dist-packages/px4_msgs/msg/_gimbal_device_set_attitude_s.c\n'}
[9.305863] (px4_msgs) StdoutLine: {'line': b'-- Up-to-date: /home/maizaied03/ros2_ws/install/px4_msgs/local/lib/python3.10/dist-packages/px4_msgs/msg/_config_overrides_s.c\n'}
[9.305895] (px4_msgs) StdoutLine: {'line': b'-- Up-to-date: /home/maizaied03/ros2_ws/install/px4_msgs/local/lib/python3.10/dist-packages/px4_msgs/msg/_sensor_hygrometer.py\n'}
[9.305926] (px4_msgs) StdoutLine: {'line': b'-- Up-to-date: /home/maizaied03/ros2_ws/install/px4_msgs/local/lib/python3.10/dist-packages/px4_msgs/msg/_estimator_status.py\n'}
[9.305956] (px4_msgs) StdoutLine: {'line': b'-- Up-to-date: /home/maizaied03/ros2_ws/install/px4_msgs/local/lib/python3.10/dist-packages/px4_msgs/msg/_sensor_gnss_relative.py\n'}
[9.305988] (px4_msgs) StdoutLine: {'line': b'-- Up-to-date: /home/maizaied03/ros2_ws/install/px4_msgs/local/lib/python3.10/dist-packages/px4_msgs/msg/_wind_s.c\n'}
[9.306021] (px4_msgs) StdoutLine: {'line': b'-- Up-to-date: /home/maizaied03/ros2_ws/install/px4_msgs/local/lib/python3.10/dist-packages/px4_msgs/msg/_hover_thrust_estimate_s.c\n'}
[9.306052] (px4_msgs) StdoutLine: {'line': b'-- Up-to-date: /home/maizaied03/ros2_ws/install/px4_msgs/local/lib/python3.10/dist-packages/px4_msgs/msg/_rpm_s.c\n'}
[9.306086] (px4_msgs) StdoutLine: {'line': b'-- Up-to-date: /home/maizaied03/ros2_ws/install/px4_msgs/local/lib/python3.10/dist-packages/px4_msgs/msg/_vehicle_imu_status_s.c\n'}
[9.306119] (px4_msgs) StdoutLine: {'line': b'-- Up-to-date: /home/maizaied03/ros2_ws/install/px4_msgs/local/lib/python3.10/dist-packages/px4_msgs/msg/_device_information_s.c\n'}
[9.306153] (px4_msgs) StdoutLine: {'line': b'-- Up-to-date: /home/maizaied03/ros2_ws/install/px4_msgs/local/lib/python3.10/dist-packages/px4_msgs/msg/_rover_rate_status_s.c\n'}
[9.306186] (px4_msgs) StdoutLine: {'line': b'-- Up-to-date: /home/maizaied03/ros2_ws/install/px4_msgs/local/lib/python3.10/dist-packages/px4_msgs/msg/_rate_ctrl_status_s.c\n'}
[9.306219] (px4_msgs) StdoutLine: {'line': b'-- Up-to-date: /home/maizaied03/ros2_ws/install/px4_msgs/local/lib/python3.10/dist-packages/px4_msgs/msg/_fixed_wing_lateral_status_s.c\n'}
[9.306253] (px4_msgs) StdoutLine: {'line': b'-- Up-to-date: /home/maizaied03/ros2_ws/install/px4_msgs/local/lib/python3.10/dist-packages/px4_msgs/msg/_tune_control_s.c\n'}
[9.306286] (px4_msgs) StdoutLine: {'line': b'-- Up-to-date: /home/maizaied03/ros2_ws/install/px4_msgs/local/lib/python3.10/dist-packages/px4_msgs/msg/_sensor_gnss_relative_s.c\n'}
[9.306340] (px4_msgs) StdoutLine: {'line': b'-- Up-to-date: /home/maizaied03/ros2_ws/install/px4_msgs/local/lib/python3.10/dist-packages/px4_msgs/msg/_sensor_uwb_s.c\n'}
[9.306372] (px4_msgs) StdoutLine: {'line': b'-- Up-to-date: /home/maizaied03/ros2_ws/install/px4_msgs/local/lib/python3.10/dist-packages/px4_msgs/msg/_sensor_combined.py\n'}
[9.306405] (px4_msgs) StdoutLine: {'line': b'-- Up-to-date: /home/maizaied03/ros2_ws/install/px4_msgs/local/lib/python3.10/dist-packages/px4_msgs/msg/_gimbal_device_information_s.c\n'}
[9.306438] (px4_msgs) StdoutLine: {'line': b'-- Up-to-date: /home/maizaied03/ros2_ws/install/px4_msgs/local/lib/python3.10/dist-packages/px4_msgs/msg/_takeoff_status.py\n'}
[9.306471] (px4_msgs) StdoutLine: {'line': b'-- Up-to-date: /home/maizaied03/ros2_ws/install/px4_msgs/local/lib/python3.10/dist-packages/px4_msgs/msg/_debug_key_value_s.c\n'}
[9.306505] (px4_msgs) StdoutLine: {'line': b'-- Up-to-date: /home/maizaied03/ros2_ws/install/px4_msgs/local/lib/python3.10/dist-packages/px4_msgs/msg/_longitudinal_control_configuration.py\n'}
[9.306538] (px4_msgs) StdoutLine: {'line': b'-- Up-to-date: /home/maizaied03/ros2_ws/install/px4_msgs/local/lib/python3.10/dist-packages/px4_msgs/msg/_airspeed.py\n'}
[9.306572] (px4_msgs) StdoutLine: {'line': b'-- Up-to-date: /home/maizaied03/ros2_ws/install/px4_msgs/local/lib/python3.10/dist-packages/px4_msgs/msg/_sensor_correction_s.c\n'}
[9.306612] (px4_msgs) StdoutLine: {'line': b'-- Up-to-date: /home/maizaied03/ros2_ws/install/px4_msgs/local/lib/python3.10/dist-packages/px4_msgs/msg/_sensor_optical_flow_s.c\n'}
[9.306659] (px4_msgs) StdoutLine: {'line': b'-- Up-to-date: /home/maizaied03/ros2_ws/install/px4_msgs/local/lib/python3.10/dist-packages/px4_msgs/msg/_gps_inject_data.py\n'}
[9.306694] (px4_msgs) StdoutLine: {'line': b'-- Up-to-date: /home/maizaied03/ros2_ws/install/px4_msgs/local/lib/python3.10/dist-packages/px4_msgs/msg/_tecs_status.py\n'}
[9.306728] (px4_msgs) StdoutLine: {'line': b'-- Up-to-date: /home/maizaied03/ros2_ws/install/px4_msgs/local/lib/python3.10/dist-packages/px4_msgs/msg/_actuator_servos_s.c\n'}
[9.306786] (px4_msgs) StdoutLine: {'line': b'-- Up-to-date: /home/maizaied03/ros2_ws/install/px4_msgs/local/lib/python3.10/dist-packages/px4_msgs/msg/_debug_vect_s.c\n'}
[9.306820] (px4_msgs) StdoutLine: {'line': b'-- Up-to-date: /home/maizaied03/ros2_ws/install/px4_msgs/local/lib/python3.10/dist-packages/px4_msgs/msg/_vehicle_global_position_s.c\n'}
[9.306853] (px4_msgs) StdoutLine: {'line': b'-- Up-to-date: /home/maizaied03/ros2_ws/install/px4_msgs/local/lib/python3.10/dist-packages/px4_msgs/msg/_vehicle_local_position_s.c\n'}
[9.306887] (px4_msgs) StdoutLine: {'line': b'-- Up-to-date: /home/maizaied03/ros2_ws/install/px4_msgs/local/lib/python3.10/dist-packages/px4_msgs/msg/_onboard_computer_status_s.c\n'}
[9.306920] (px4_msgs) StdoutLine: {'line': b'-- Up-to-date: /home/maizaied03/ros2_ws/install/px4_msgs/local/lib/python3.10/dist-packages/px4_msgs/msg/_debug_value_s.c\n'}
[9.306953] (px4_msgs) StdoutLine: {'line': b'-- Up-to-date: /home/maizaied03/ros2_ws/install/px4_msgs/local/lib/python3.10/dist-packages/px4_msgs/msg/_magnetometer_bias_estimate.py\n'}
[9.306986] (px4_msgs) StdoutLine: {'line': b'-- Up-to-date: /home/maizaied03/ros2_ws/install/px4_msgs/local/lib/python3.10/dist-packages/px4_msgs/msg/_sensor_baro.py\n'}
[9.307019] (px4_msgs) StdoutLine: {'line': b'-- Up-to-date: /home/maizaied03/ros2_ws/install/px4_msgs/local/lib/python3.10/dist-packages/px4_msgs/msg/_actuator_servos_trim.py\n'}
[9.307052] (px4_msgs) StdoutLine: {'line': b'-- Up-to-date: /home/maizaied03/ros2_ws/install/px4_msgs/local/lib/python3.10/dist-packages/px4_msgs/msg/_gps_dump_s.c\n'}
[9.307113] (px4_msgs) StdoutLine: {'line': b'-- Up-to-date: /home/maizaied03/ros2_ws/install/px4_msgs/local/lib/python3.10/dist-packages/px4_msgs/msg/_telemetry_status_s.c\n'}
[9.307151] (px4_msgs) StdoutLine: {'line': b'-- Up-to-date: /home/maizaied03/ros2_ws/install/px4_msgs/local/lib/python3.10/dist-packages/px4_msgs/msg/_actuator_servos.py\n'}
[9.307190] (px4_msgs) StdoutLine: {'line': b'-- Up-to-date: /home/maizaied03/ros2_ws/install/px4_msgs/local/lib/python3.10/dist-packages/px4_msgs/msg/_fuel_tank_status.py\n'}
[9.307226] (px4_msgs) StdoutLine: {'line': b'-- Up-to-date: /home/maizaied03/ros2_ws/install/px4_msgs/local/lib/python3.10/dist-packages/px4_msgs/msg/_follow_target.py\n'}
[9.307262] (px4_msgs) StdoutLine: {'line': b'-- Up-to-date: /home/maizaied03/ros2_ws/install/px4_msgs/local/lib/python3.10/dist-packages/px4_msgs/msg/_rover_attitude_status_s.c\n'}
[9.307297] (px4_msgs) StdoutLine: {'line': b'-- Up-to-date: /home/maizaied03/ros2_ws/install/px4_msgs/local/lib/python3.10/dist-packages/px4_msgs/msg/_open_drone_id_self_id_s.c\n'}
[9.307333] (px4_msgs) StdoutLine: {'line': b'-- Up-to-date: /home/maizaied03/ros2_ws/install/px4_msgs/local/lib/python3.10/dist-packages/px4_msgs/msg/_gps_inject_data_s.c\n'}
[9.307368] (px4_msgs) StdoutLine: {'line': b'-- Up-to-date: /home/maizaied03/ros2_ws/install/px4_msgs/local/lib/python3.10/dist-packages/px4_msgs/msg/_satellite_info.py\n'}
[9.307407] (px4_msgs) StdoutLine: {'line': b'-- Up-to-date: /home/maizaied03/ros2_ws/install/px4_msgs/local/lib/python3.10/dist-packages/px4_msgs/msg/_debug_value.py\n'}
[9.307445] (px4_msgs) StdoutLine: {'line': b'-- Up-to-date: /home/maizaied03/ros2_ws/install/px4_msgs/local/lib/python3.10/dist-packages/px4_msgs/msg/_vehicle_roi_s.c\n'}
[9.307484] (px4_msgs) StdoutLine: {'line': b'-- Up-to-date: /home/maizaied03/ros2_ws/install/px4_msgs/local/lib/python3.10/dist-packages/px4_msgs/msg/_longitudinal_control_configuration_s.c\n'}
[9.307524] (px4_msgs) StdoutLine: {'line': b'-- Up-to-date: /home/maizaied03/ros2_ws/install/px4_msgs/local/lib/python3.10/dist-packages/px4_msgs/msg/_gimbal_manager_set_attitude_s.c\n'}
[9.307563] (px4_msgs) StdoutLine: {'line': b'-- Up-to-date: /home/maizaied03/ros2_ws/install/px4_msgs/local/lib/python3.10/dist-packages/px4_msgs/msg/_gimbal_manager_set_manual_control.py\n'}
[9.307608] (px4_msgs) StdoutLine: {'line': b'-- Up-to-date: /home/maizaied03/ros2_ws/install/px4_msgs/local/lib/python3.10/dist-packages/px4_msgs/msg/_vtx.py\n'}
[9.307649] (px4_msgs) StdoutLine: {'line': b'-- Up-to-date: /home/maizaied03/ros2_ws/install/px4_msgs/local/lib/python3.10/dist-packages/px4_msgs/msg/_gimbal_device_information.py\n'}
[9.307687] (px4_msgs) StdoutLine: {'line': b'-- Up-to-date: /home/maizaied03/ros2_ws/install/px4_msgs/local/lib/python3.10/dist-packages/px4_msgs/msg/_cpuload_s.c\n'}
[9.307726] (px4_msgs) StdoutLine: {'line': b'-- Up-to-date: /home/maizaied03/ros2_ws/install/px4_msgs/local/lib/python3.10/dist-packages/px4_msgs/msg/_differential_pressure.py\n'}
[9.307765] (px4_msgs) StdoutLine: {'line': b'-- Up-to-date: /home/maizaied03/ros2_ws/install/px4_msgs/local/lib/python3.10/dist-packages/px4_msgs/msg/_battery_info_s.c\n'}
[9.307804] (px4_msgs) StdoutLine: {'line': b'-- Up-to-date: /home/maizaied03/ros2_ws/install/px4_msgs/local/lib/python3.10/dist-packages/px4_msgs/msg/_internal_combustion_engine_control.py\n'}
[9.307842] (px4_msgs) StdoutLine: {'line': b'-- Up-to-date: /home/maizaied03/ros2_ws/install/px4_msgs/local/lib/python3.10/dist-packages/px4_msgs/msg/_vehicle_command_s.c\n'}
[9.307880] (px4_msgs) StdoutLine: {'line': b'-- Up-to-date: /home/maizaied03/ros2_ws/install/px4_msgs/local/lib/python3.10/dist-packages/px4_msgs/msg/_rover_speed_status.py\n'}
[9.307925] (px4_msgs) StdoutLine: {'line': b'-- Up-to-date: /home/maizaied03/ros2_ws/install/px4_msgs/local/lib/python3.10/dist-packages/px4_msgs/msg/_fixed_wing_lateral_guidance_status_s.c\n'}
[9.308015] (px4_msgs) StdoutLine: {'line': b'-- Up-to-date: /home/maizaied03/ros2_ws/install/px4_msgs/local/lib/python3.10/dist-packages/px4_msgs/msg/_vehicle_angular_acceleration_setpoint.py\n'}
[9.308057] (px4_msgs) StdoutLine: {'line': b'-- Up-to-date: /home/maizaied03/ros2_ws/install/px4_msgs/local/lib/python3.10/dist-packages/px4_msgs/msg/_manual_control_setpoint.py\n'}
[9.308099] (px4_msgs) StdoutLine: {'line': b'-- Up-to-date: /home/maizaied03/ros2_ws/install/px4_msgs/local/lib/python3.10/dist-packages/px4_msgs/msg/_follow_target_s.c\n'}
[9.308147] (px4_msgs) StdoutLine: {'line': b'-- Up-to-date: /home/maizaied03/ros2_ws/install/px4_msgs/local/lib/python3.10/dist-packages/px4_msgs/msg/_collision_constraints.py\n'}
[9.308194] (px4_msgs) StdoutLine: {'line': b'-- Up-to-date: /home/maizaied03/ros2_ws/install/px4_msgs/local/lib/python3.10/dist-packages/px4_msgs/msg/_rover_rate_setpoint_s.c\n'}
[9.308238] (px4_msgs) StdoutLine: {'line': b'-- Up-to-date: /home/maizaied03/ros2_ws/install/px4_msgs/local/lib/python3.10/dist-packages/px4_msgs/msg/_figure_eight_status_s.c\n'}
[9.308284] (px4_msgs) StdoutLine: {'line': b'-- Up-to-date: /home/maizaied03/ros2_ws/install/px4_msgs/local/lib/python3.10/dist-packages/px4_msgs/msg/_tune_control.py\n'}
[9.308329] (px4_msgs) StdoutLine: {'line': b'-- Up-to-date: /home/maizaied03/ros2_ws/install/px4_msgs/local/lib/python3.10/dist-packages/px4_msgs/msg/_parameter_set_value_response.py\n'}
[9.308394] (px4_msgs) StdoutLine: {'line': b'-- Up-to-date: /home/maizaied03/ros2_ws/install/px4_msgs/local/lib/python3.10/dist-packages/px4_msgs/msg/_internal_combustion_engine_status.py\n'}
[9.308439] (px4_msgs) StdoutLine: {'line': b'-- Up-to-date: /home/maizaied03/ros2_ws/install/px4_msgs/local/lib/python3.10/dist-packages/px4_msgs/msg/_neural_control_s.c\n'}
[9.308482] (px4_msgs) StdoutLine: {'line': b'-- Up-to-date: /home/maizaied03/ros2_ws/install/px4_msgs/local/lib/python3.10/dist-packages/px4_msgs/msg/_rover_position_setpoint_s.c\n'}
[9.308525] (px4_msgs) StdoutLine: {'line': b'-- Up-to-date: /home/maizaied03/ros2_ws/install/px4_msgs/local/lib/python3.10/dist-packages/px4_msgs/msg/_timesync_status.py\n'}
[9.308570] (px4_msgs) StdoutLine: {'line': b'-- Up-to-date: /home/maizaied03/ros2_ws/install/px4_msgs/local/lib/python3.10/dist-packages/px4_msgs/msg/_register_ext_component_reply_s.c\n'}
[9.308652] (px4_msgs) StdoutLine: {'line': b'-- Up-to-date: /home/maizaied03/ros2_ws/install/px4_msgs/local/lib/python3.10/dist-packages/px4_msgs/msg/_trajectory_setpoint_s.c\n'}
[9.308697] (px4_msgs) StdoutLine: {'line': b'-- Up-to-date: /home/maizaied03/ros2_ws/install/px4_msgs/local/lib/python3.10/dist-packages/px4_msgs/msg/_goto_setpoint_s.c\n'}
[9.308740] (px4_msgs) StdoutLine: {'line': b'-- Up-to-date: /home/maizaied03/ros2_ws/install/px4_msgs/local/lib/python3.10/dist-packages/px4_msgs/msg/_uavcan_parameter_value_s.c\n'}
[9.308782] (px4_msgs) StdoutLine: {'line': b'-- Up-to-date: /home/maizaied03/ros2_ws/install/px4_msgs/local/lib/python3.10/dist-packages/px4_msgs/msg/_wheel_encoders.py\n'}
[9.308828] (px4_msgs) StdoutLine: {'line': b'-- Up-to-date: /home/maizaied03/ros2_ws/install/px4_msgs/local/lib/python3.10/dist-packages/px4_msgs/msg/_sensor_gyro.py\n'}
[9.308888] (px4_msgs) StdoutLine: {'line': b'-- Up-to-date: /home/maizaied03/ros2_ws/install/px4_msgs/local/lib/python3.10/dist-packages/px4_msgs/msg/_rover_speed_status_s.c\n'}
[9.308945] (px4_msgs) StdoutLine: {'line': b'-- Up-to-date: /home/maizaied03/ros2_ws/install/px4_msgs/local/lib/python3.10/dist-packages/px4_msgs/msg/_action_request.py\n'}
[9.309004] (px4_msgs) StdoutLine: {'line': b'-- Up-to-date: /home/maizaied03/ros2_ws/install/px4_msgs/local/lib/python3.10/dist-packages/px4_msgs/msg/_debug_array.py\n'}
[9.309056] (px4_msgs) StdoutLine: {'line': b'-- Up-to-date: /home/maizaied03/ros2_ws/install/px4_msgs/local/lib/python3.10/dist-packages/px4_msgs/msg/_estimator_bias3d.py\n'}
[9.309098] (px4_msgs) StdoutLine: {'line': b'-- Up-to-date: /home/maizaied03/ros2_ws/install/px4_msgs/local/lib/python3.10/dist-packages/px4_msgs/msg/_goto_setpoint.py\n'}
[9.309141] (px4_msgs) StdoutLine: {'line': b'-- Up-to-date: /home/maizaied03/ros2_ws/install/px4_msgs/local/lib/python3.10/dist-packages/px4_msgs/msg/_sensor_gnss_status_s.c\n'}
[9.309183] (px4_msgs) StdoutLine: {'line': b'-- Up-to-date: /home/maizaied03/ros2_ws/install/px4_msgs/local/lib/python3.10/dist-packages/px4_msgs/msg/_sensors_status_imu_s.c\n'}
[9.309225] (px4_msgs) StdoutLine: {'line': b'-- Up-to-date: /home/maizaied03/ros2_ws/install/px4_msgs/local/lib/python3.10/dist-packages/px4_msgs/msg/_pps_capture.py\n'}
[9.309279] (px4_msgs) StdoutLine: {'line': b'-- Up-to-date: /home/maizaied03/ros2_ws/install/px4_msgs/local/lib/python3.10/dist-packages/px4_msgs/msg/_launch_detection_status.py\n'}
[9.309313] (px4_msgs) StdoutLine: {'line': b'-- Up-to-date: /home/maizaied03/ros2_ws/install/px4_msgs/local/lib/python3.10/dist-packages/px4_msgs/msg/_open_drone_id_operator_id.py\n'}
[9.309355] (px4_msgs) StdoutLine: {'line': b'-- Up-to-date: /home/maizaied03/ros2_ws/install/px4_msgs/local/lib/python3.10/dist-packages/px4_msgs/msg/_parameter_reset_request.py\n'}
[9.309397] (px4_msgs) StdoutLine: {'line': b'-- Up-to-date: /home/maizaied03/ros2_ws/install/px4_msgs/local/lib/python3.10/dist-packages/px4_msgs/msg/_failure_detector_status.py\n'}
[9.309440] (px4_msgs) StdoutLine: {'line': b'-- Up-to-date: /home/maizaied03/ros2_ws/install/px4_msgs/local/lib/python3.10/dist-packages/px4_msgs/msg/_actuator_motors_s.c\n'}
[9.309481] (px4_msgs) StdoutLine: {'line': b'-- Up-to-date: /home/maizaied03/ros2_ws/install/px4_msgs/local/lib/python3.10/dist-packages/px4_msgs/msg/_sensor_accel_fifo_s.c\n'}
[9.309531] (px4_msgs) StdoutLine: {'line': b'-- Up-to-date: /home/maizaied03/ros2_ws/install/px4_msgs/local/lib/python3.10/dist-packages/px4_msgs/msg/_position_setpoint_s.c\n'}
[9.309564] (px4_msgs) StdoutLine: {'line': b'-- Up-to-date: /home/maizaied03/ros2_ws/install/px4_msgs/local/lib/python3.10/dist-packages/px4_msgs/msg/_sensor_gyro_fifo.py\n'}
[9.309602] (px4_msgs) StdoutLine: {'line': b'-- Up-to-date: /home/maizaied03/ros2_ws/install/px4_msgs/local/lib/python3.10/dist-packages/px4_msgs/msg/_vehicle_magnetometer_s.c\n'}
[9.309638] (px4_msgs) StdoutLine: {'line': b'-- Up-to-date: /home/maizaied03/ros2_ws/install/px4_msgs/local/lib/python3.10/dist-packages/px4_msgs/msg/_vehicle_optical_flow_s.c\n'}
[9.309683] (px4_msgs) StdoutLine: {'line': b'-- Up-to-date: /home/maizaied03/ros2_ws/install/px4_msgs/local/lib/python3.10/dist-packages/px4_msgs/msg/_actuator_outputs.py\n'}
[9.309726] (px4_msgs) StdoutLine: {'line': b'-- Up-to-date: /home/maizaied03/ros2_ws/install/px4_msgs/local/lib/python3.10/dist-packages/px4_msgs/msg/_estimator_bias3d_s.c\n'}
[9.309778] (px4_msgs) StdoutLine: {'line': b'-- Up-to-date: /home/maizaied03/ros2_ws/install/px4_msgs/local/lib/python3.10/dist-packages/px4_msgs/msg/_open_drone_id_arm_status.py\n'}
[9.309813] (px4_msgs) StdoutLine: {'line': b'-- Up-to-date: /home/maizaied03/ros2_ws/install/px4_msgs/local/lib/python3.10/dist-packages/px4_msgs/msg/_position_controller_status_s.c\n'}
[9.309848] (px4_msgs) StdoutLine: {'line': b'-- Up-to-date: /home/maizaied03/ros2_ws/install/px4_msgs/local/lib/python3.10/dist-packages/px4_msgs/msg/_trajectory_setpoint.py\n'}
[9.309892] (px4_msgs) StdoutLine: {'line': b'-- Up-to-date: /home/maizaied03/ros2_ws/install/px4_msgs/local/lib/python3.10/dist-packages/px4_msgs/msg/_rover_throttle_setpoint.py\n'}
[9.309934] (px4_msgs) StdoutLine: {'line': b'-- Up-to-date: /home/maizaied03/ros2_ws/install/px4_msgs/local/lib/python3.10/dist-packages/px4_msgs/msg/_trajectory_setpoint6dof_s.c\n'}
[9.309976] (px4_msgs) StdoutLine: {'line': b'-- Up-to-date: /home/maizaied03/ros2_ws/install/px4_msgs/local/lib/python3.10/dist-packages/px4_msgs/msg/_normalized_unsigned_setpoint.py\n'}
[9.310018] (px4_msgs) StdoutLine: {'line': b'-- Up-to-date: /home/maizaied03/ros2_ws/install/px4_msgs/local/lib/python3.10/dist-packages/px4_msgs/msg/_vehicle_local_position_setpoint.py\n'}
[9.310060] (px4_msgs) StdoutLine: {'line': b'-- Up-to-date: /home/maizaied03/ros2_ws/install/px4_msgs/local/lib/python3.10/dist-packages/px4_msgs/msg/_vehicle_air_data_s.c\n'}
[9.310103] (px4_msgs) StdoutLine: {'line': b'-- Up-to-date: /home/maizaied03/ros2_ws/install/px4_msgs/local/lib/python3.10/dist-packages/px4_msgs/msg/_rc_parameter_map_s.c\n'}
[9.310144] (px4_msgs) StdoutLine: {'line': b'-- Up-to-date: /home/maizaied03/ros2_ws/install/px4_msgs/local/lib/python3.10/dist-packages/px4_msgs/msg/_message_format_request_s.c\n'}
[9.310186] (px4_msgs) StdoutLine: {'line': b'-- Up-to-date: /home/maizaied03/ros2_ws/install/px4_msgs/local/lib/python3.10/dist-packages/px4_msgs/msg/_normalized_unsigned_setpoint_s.c\n'}
[9.310239] (px4_msgs) StdoutLine: {'line': b'-- Up-to-date: /home/maizaied03/ros2_ws/install/px4_msgs/local/lib/python3.10/dist-packages/px4_msgs/msg/_failsafe_flags.py\n'}
[9.310274] (px4_msgs) StdoutLine: {'line': b'-- Up-to-date: /home/maizaied03/ros2_ws/install/px4_msgs/local/lib/python3.10/dist-packages/px4_msgs/msg/_home_position.py\n'}
[9.310317] (px4_msgs) StdoutLine: {'line': b'-- Up-to-date: /home/maizaied03/ros2_ws/install/px4_msgs/local/lib/python3.10/dist-packages/px4_msgs/msg/_task_stack_info.py\n'}
[9.310359] (px4_msgs) StdoutLine: {'line': b'-- Up-to-date: /home/maizaied03/ros2_ws/install/px4_msgs/local/lib/python3.10/dist-packages/px4_msgs/msg/_gpio_out.py\n'}
[9.310401] (px4_msgs) StdoutLine: {'line': b'-- Up-to-date: /home/maizaied03/ros2_ws/install/px4_msgs/local/lib/python3.10/dist-packages/px4_msgs/msg/_parameter_update.py\n'}
[9.310444] (px4_msgs) StdoutLine: {'line': b'-- Up-to-date: /home/maizaied03/ros2_ws/install/px4_msgs/local/lib/python3.10/dist-packages/px4_msgs/msg/_unregister_ext_component.py\n'}
[9.310486] (px4_msgs) StdoutLine: {'line': b'-- Up-to-date: /home/maizaied03/ros2_ws/install/px4_msgs/local/lib/python3.10/dist-packages/px4_msgs/msg/_sensor_mag.py\n'}
[9.310528] (px4_msgs) StdoutLine: {'line': b'-- Up-to-date: /home/maizaied03/ros2_ws/install/px4_msgs/local/lib/python3.10/dist-packages/px4_msgs/msg/_parameter_set_used_request.py\n'}
[9.310571] (px4_msgs) StdoutLine: {'line': b'-- Up-to-date: /home/maizaied03/ros2_ws/install/px4_msgs/local/lib/python3.10/dist-packages/px4_msgs/msg/_gain_compression_s.c\n'}
[9.310630] (px4_msgs) StdoutLine: {'line': b'-- Up-to-date: /home/maizaied03/ros2_ws/install/px4_msgs/local/lib/python3.10/dist-packages/px4_msgs/msg/_sensor_gnss_status.py\n'}
[9.310664] (px4_msgs) StdoutLine: {'line': b'-- Up-to-date: /home/maizaied03/ros2_ws/install/px4_msgs/local/lib/python3.10/dist-packages/px4_msgs/msg/_rover_throttle_setpoint_s.c\n'}
[9.310696] (px4_msgs) StdoutLine: {'line': b'-- Up-to-date: /home/maizaied03/ros2_ws/install/px4_msgs/local/lib/python3.10/dist-packages/px4_msgs/msg/_vehicle_odometry.py\n'}
[9.310727] (px4_msgs) StdoutLine: {'line': b'-- Up-to-date: /home/maizaied03/ros2_ws/install/px4_msgs/local/lib/python3.10/dist-packages/px4_msgs/msg/_camera_capture.py\n'}
[9.310758] (px4_msgs) StdoutLine: {'line': b'-- Up-to-date: /home/maizaied03/ros2_ws/install/px4_msgs/local/lib/python3.10/dist-packages/px4_msgs/msg/_offboard_control_mode.py\n'}
[9.310791] (px4_msgs) StdoutLine: {'line': b'-- Up-to-date: /home/maizaied03/ros2_ws/install/px4_msgs/local/lib/python3.10/dist-packages/px4_msgs/msg/_velocity_limits_s.c\n'}
[9.310843] (px4_msgs) StdoutLine: {'line': b'-- Up-to-date: /home/maizaied03/ros2_ws/install/px4_msgs/local/lib/python3.10/dist-packages/px4_msgs/msg/_cellular_status_s.c\n'}
[9.310875] (px4_msgs) StdoutLine: {'line': b'-- Up-to-date: /home/maizaied03/ros2_ws/install/px4_msgs/local/lib/python3.10/dist-packages/px4_msgs/msg/_sensor_airflow_s.c\n'}
[9.310907] (px4_msgs) StdoutLine: {'line': b'-- Up-to-date: /home/maizaied03/ros2_ws/install/px4_msgs/local/lib/python3.10/dist-packages/px4_msgs/msg/_vehicle_local_position.py\n'}
[9.310940] (px4_msgs) StdoutLine: {'line': b'-- Up-to-date: /home/maizaied03/ros2_ws/install/px4_msgs/local/lib/python3.10/dist-packages/px4_msgs/msg/_position_controller_status.py\n'}
[9.310971] (px4_msgs) StdoutLine: {'line': b'-- Up-to-date: /home/maizaied03/ros2_ws/install/px4_msgs/local/lib/python3.10/dist-packages/px4_msgs/msg/_open_drone_id_operator_id_s.c\n'}
[9.311014] (px4_msgs) StdoutLine: {'line': b'-- Up-to-date: /home/maizaied03/ros2_ws/install/px4_msgs/local/lib/python3.10/dist-packages/px4_msgs/msg/_rc_channels_s.c\n'}
[9.311057] (px4_msgs) StdoutLine: {'line': b'-- Up-to-date: /home/maizaied03/ros2_ws/install/px4_msgs/local/lib/python3.10/dist-packages/px4_msgs/msg/_mode_completed.py\n'}
[9.311099] (px4_msgs) StdoutLine: {'line': b'-- Up-to-date: /home/maizaied03/ros2_ws/install/px4_msgs/local/lib/python3.10/dist-packages/px4_msgs/msg/_open_drone_id_self_id.py\n'}
[9.311146] (px4_msgs) StdoutLine: {'line': b'-- Up-to-date: /home/maizaied03/ros2_ws/install/px4_msgs/local/lib/python3.10/dist-packages/px4_msgs/msg/_failure_detector_status_s.c\n'}
[9.311177] (px4_msgs) StdoutLine: {'line': b'-- Up-to-date: /home/maizaied03/ros2_ws/install/px4_msgs/local/lib/python3.10/dist-packages/px4_msgs/msg/_vehicle_acceleration_s.c\n'}
[9.311210] (px4_msgs) StdoutLine: {'line': b'-- Up-to-date: /home/maizaied03/ros2_ws/install/px4_msgs/local/lib/python3.10/dist-packages/px4_msgs/msg/_esc_status.py\n'}
[9.311268] (px4_msgs) StdoutLine: {'line': b'-- Up-to-date: /home/maizaied03/ros2_ws/install/px4_msgs/local/lib/python3.10/dist-packages/px4_msgs/msg/_distance_sensor.py\n'}
[9.311328] (px4_msgs) StdoutLine: {'line': b'-- Up-to-date: /home/maizaied03/ros2_ws/install/px4_msgs/local/lib/python3.10/dist-packages/px4_msgs/msg/_health_report_s.c\n'}
[9.311385] (px4_msgs) StdoutLine: {'line': b'-- Up-to-date: /home/maizaied03/ros2_ws/install/px4_msgs/local/lib/python3.10/dist-packages/px4_msgs/msg/_debug_key_value.py\n'}
[9.311444] (px4_msgs) StdoutLine: {'line': b'-- Up-to-date: /home/maizaied03/ros2_ws/install/px4_msgs/local/lib/python3.10/dist-packages/px4_msgs/msg/_rover_rate_status.py\n'}
[9.311502] (px4_msgs) StdoutLine: {'line': b'-- Up-to-date: /home/maizaied03/ros2_ws/install/px4_msgs/local/lib/python3.10/dist-packages/px4_msgs/msg/_estimator_aid_source3d.py\n'}
[9.311560] (px4_msgs) StdoutLine: {'line': b'-- Up-to-date: /home/maizaied03/ros2_ws/install/px4_msgs/local/lib/python3.10/dist-packages/px4_msgs/msg/_raptor_status.py\n'}
[9.311637] (px4_msgs) StdoutLine: {'line': b'-- Up-to-date: /home/maizaied03/ros2_ws/install/px4_msgs/local/lib/python3.10/dist-packages/px4_msgs/msg/_actuator_armed.py\n'}
[9.311686] (px4_msgs) StdoutLine: {'line': b'-- Up-to-date: /home/maizaied03/ros2_ws/install/px4_msgs/local/lib/python3.10/dist-packages/px4_msgs/msg/_register_ext_component_request.py\n'}
[9.311745] (px4_msgs) StdoutLine: {'line': b'-- Up-to-date: /home/maizaied03/ros2_ws/install/px4_msgs/local/lib/python3.10/dist-packages/px4_msgs/msg/_failsafe_flags_s.c\n'}
[9.311804] (px4_msgs) StdoutLine: {'line': b'-- Up-to-date: /home/maizaied03/ros2_ws/install/px4_msgs/local/lib/python3.10/dist-packages/px4_msgs/msg/_tecs_status_s.c\n'}
[9.311869] (px4_msgs) StdoutLine: {'line': b'-- Up-to-date: /home/maizaied03/ros2_ws/install/px4_msgs/local/lib/python3.10/dist-packages/px4_msgs/msg/_actuator_armed_s.c\n'}
[9.311932] (px4_msgs) StdoutLine: {'line': b'-- Up-to-date: /home/maizaied03/ros2_ws/install/px4_msgs/local/lib/python3.10/dist-packages/px4_msgs/msg/_distance_sensor_mode_change_request_s.c\n'}
[9.311996] (px4_msgs) StdoutLine: {'line': b'-- Up-to-date: /home/maizaied03/ros2_ws/install/px4_msgs/local/lib/python3.10/dist-packages/px4_msgs/msg/_fixed_wing_longitudinal_setpoint.py\n'}
[9.312061] (px4_msgs) StdoutLine: {'line': b'-- Up-to-date: /home/maizaied03/ros2_ws/install/px4_msgs/local/lib/python3.10/dist-packages/px4_msgs/msg/_open_drone_id_system.py\n'}
[9.312126] (px4_msgs) StdoutLine: {'line': b'-- Up-to-date: /home/maizaied03/ros2_ws/install/px4_msgs/local/lib/python3.10/dist-packages/px4_msgs/msg/_vehicle_status_s.c\n'}
[9.312191] (px4_msgs) StdoutLine: {'line': b'-- Up-to-date: /home/maizaied03/ros2_ws/install/px4_msgs/local/lib/python3.10/dist-packages/px4_msgs/msg/_arming_check_reply_s.c\n'}
[9.312255] (px4_msgs) StdoutLine: {'line': b'-- Up-to-date: /home/maizaied03/ros2_ws/install/px4_msgs/local/lib/python3.10/dist-packages/px4_msgs/msg/_estimator_innovations_s.c\n'}
[9.312318] (px4_msgs) StdoutLine: {'line': b'-- Up-to-date: /home/maizaied03/ros2_ws/install/px4_msgs/local/lib/python3.10/dist-packages/px4_msgs/msg/_landing_gear_wheel_s.c\n'}
[9.312381] (px4_msgs) StdoutLine: {'line': b'-- Up-to-date: /home/maizaied03/ros2_ws/install/px4_msgs/local/lib/python3.10/dist-packages/px4_msgs/msg/_navigator_status.py\n'}
[9.312445] (px4_msgs) StdoutLine: {'line': b'-- Up-to-date: /home/maizaied03/ros2_ws/install/px4_msgs/local/lib/python3.10/dist-packages/px4_msgs/msg/_mag_worker_data.py\n'}
[9.312534] (px4_msgs) StdoutLine: {'line': b'-- Up-to-date: /home/maizaied03/ros2_ws/install/px4_msgs/local/lib/python3.10/dist-packages/px4_msgs/msg/_sensor_combined_s.c\n'}
[9.312584] (px4_msgs) StdoutLine: {'line': b'-- Up-to-date: /home/maizaied03/ros2_ws/install/px4_msgs/local/lib/python3.10/dist-packages/px4_msgs/msg/_cellular_status.py\n'}
[9.312643] (px4_msgs) StdoutLine: {'line': b'-- Up-to-date: /home/maizaied03/ros2_ws/install/px4_msgs/local/lib/python3.10/dist-packages/px4_msgs/msg/_landing_target_pose.py\n'}
[9.312692] (px4_msgs) StdoutLine: {'line': b'-- Up-to-date: /home/maizaied03/ros2_ws/install/px4_msgs/local/lib/python3.10/dist-packages/px4_msgs/msg/_raptor_input_s.c\n'}
[9.312740] (px4_msgs) StdoutLine: {'line': b'-- Up-to-date: /home/maizaied03/ros2_ws/install/px4_msgs/local/lib/python3.10/dist-packages/px4_msgs/msg/_estimator_selector_status.py\n'}
[9.312793] (px4_msgs) StdoutLine: {'line': b'-- Up-to-date: /home/maizaied03/ros2_ws/install/px4_msgs/local/lib/python3.10/dist-packages/px4_msgs/msg/_fixed_wing_runway_control.py\n'}
[9.312858] (px4_msgs) StdoutLine: {'line': b'-- Up-to-date: /home/maizaied03/ros2_ws/install/px4_msgs/local/lib/python3.10/dist-packages/px4_msgs/msg/_pure_pursuit_status.py\n'}
[9.312923] (px4_msgs) StdoutLine: {'line': b'-- Up-to-date: /home/maizaied03/ros2_ws/install/px4_msgs/local/lib/python3.10/dist-packages/px4_msgs/msg/_position_setpoint.py\n'}
[9.312988] (px4_msgs) StdoutLine: {'line': b'-- Up-to-date: /home/maizaied03/ros2_ws/install/px4_msgs/local/lib/python3.10/dist-packages/px4_msgs/msg/_camera_trigger_s.c\n'}
[9.313052] (px4_msgs) StdoutLine: {'line': b'-- Up-to-date: /home/maizaied03/ros2_ws/install/px4_msgs/local/lib/python3.10/dist-packages/px4_msgs/msg/_vehicle_land_detected.py\n'}
[9.313116] (px4_msgs) StdoutLine: {'line': b'-- Up-to-date: /home/maizaied03/ros2_ws/install/px4_msgs/local/lib/python3.10/dist-packages/px4_msgs/msg/_estimator_sensor_bias.py\n'}
[9.313181] (px4_msgs) StdoutLine: {'line': b'-- Up-to-date: /home/maizaied03/ros2_ws/install/px4_msgs/local/lib/python3.10/dist-packages/px4_msgs/msg/_mount_orientation.py\n'}
[9.313251] (px4_msgs) StdoutLine: {'line': b'-- Up-to-date: /home/maizaied03/ros2_ws/install/px4_msgs/local/lib/python3.10/dist-packages/px4_msgs/msg/_sensors_status_s.c\n'}
[9.313292] (px4_msgs) StdoutLine: {'line': b'-- Up-to-date: /home/maizaied03/ros2_ws/install/px4_msgs/local/lib/python3.10/dist-packages/px4_msgs/msg/_estimator_event_flags.py\n'}
[9.313335] (px4_msgs) StdoutLine: {'line': b'-- Up-to-date: /home/maizaied03/ros2_ws/install/px4_msgs/local/lib/python3.10/dist-packages/px4_msgs/msg/_adc_report.py\n'}
[9.313377] (px4_msgs) StdoutLine: {'line': b'-- Up-to-date: /home/maizaied03/ros2_ws/install/px4_msgs/local/lib/python3.10/dist-packages/px4_msgs/msg/_input_rc.py\n'}
[9.313418] (px4_msgs) StdoutLine: {'line': b'-- Up-to-date: /home/maizaied03/ros2_ws/install/px4_msgs/local/lib/python3.10/dist-packages/px4_msgs/msg/_vehicle_optical_flow.py\n'}
[9.313460] (px4_msgs) StdoutLine: {'line': b'-- Up-to-date: /home/maizaied03/ros2_ws/install/px4_msgs/local/lib/python3.10/dist-packages/px4_msgs/msg/_parameter_update_s.c\n'}
[9.313502] (px4_msgs) StdoutLine: {'line': b'-- Up-to-date: /home/maizaied03/ros2_ws/install/px4_msgs/local/lib/python3.10/dist-packages/px4_msgs/msg/_position_controller_landing_status_s.c\n'}
[9.313544] (px4_msgs) StdoutLine: {'line': b'-- Up-to-date: /home/maizaied03/ros2_ws/install/px4_msgs/local/lib/python3.10/dist-packages/px4_msgs/msg/__init__.py\n'}
[9.313586] (px4_msgs) StdoutLine: {'line': b'-- Up-to-date: /home/maizaied03/ros2_ws/install/px4_msgs/local/lib/python3.10/dist-packages/px4_msgs/msg/_estimator_sensor_bias_s.c\n'}
[9.313651] (px4_msgs) StdoutLine: {'line': b'-- Up-to-date: /home/maizaied03/ros2_ws/install/px4_msgs/local/lib/python3.10/dist-packages/px4_msgs/msg/_pwm_input_s.c\n'}
[9.313690] (px4_msgs) StdoutLine: {'line': b'-- Up-to-date: /home/maizaied03/ros2_ws/install/px4_msgs/local/lib/python3.10/dist-packages/px4_msgs/msg/_sensor_hygrometer_s.c\n'}
[9.313738] (px4_msgs) StdoutLine: {'line': b'-- Up-to-date: /home/maizaied03/ros2_ws/install/px4_msgs/local/lib/python3.10/dist-packages/px4_msgs/msg/_actuator_controls_status.py\n'}
[9.313770] (px4_msgs) StdoutLine: {'line': b'-- Up-to-date: /home/maizaied03/ros2_ws/install/px4_msgs/local/lib/python3.10/dist-packages/px4_msgs/msg/_fuel_tank_status_s.c\n'}
[9.313802] (px4_msgs) StdoutLine: {'line': b'-- Up-to-date: /home/maizaied03/ros2_ws/install/px4_msgs/local/lib/python3.10/dist-packages/px4_msgs/msg/_follow_target_status_s.c\n'}
[9.313833] (px4_msgs) StdoutLine: {'line': b'-- Up-to-date: /home/maizaied03/ros2_ws/install/px4_msgs/local/lib/python3.10/dist-packages/px4_msgs/msg/_estimator_innovations.py\n'}
[9.313864] (px4_msgs) StdoutLine: {'line': b'-- Up-to-date: /home/maizaied03/ros2_ws/install/px4_msgs/local/lib/python3.10/dist-packages/px4_msgs/msg/_sensor_uwb.py\n'}
[9.313896] (px4_msgs) StdoutLine: {'line': b'-- Up-to-date: /home/maizaied03/ros2_ws/install/px4_msgs/local/lib/python3.10/dist-packages/px4_msgs/msg/_gps_dump.py\n'}
[9.313938] (px4_msgs) StdoutLine: {'line': b'-- Up-to-date: /home/maizaied03/ros2_ws/install/px4_msgs/local/lib/python3.10/dist-packages/px4_msgs/msg/_sensors_status.py\n'}
[9.313980] (px4_msgs) StdoutLine: {'line': b'-- Up-to-date: /home/maizaied03/ros2_ws/install/px4_msgs/local/lib/python3.10/dist-packages/px4_msgs/msg/_vehicle_attitude_setpoint.py\n'}
[9.314022] (px4_msgs) StdoutLine: {'line': b'-- Up-to-date: /home/maizaied03/ros2_ws/install/px4_msgs/local/lib/python3.10/dist-packages/px4_msgs/msg/_estimator_states.py\n'}
[9.314075] (px4_msgs) StdoutLine: {'line': b'-- Up-to-date: /home/maizaied03/ros2_ws/install/px4_msgs/local/lib/python3.10/dist-packages/px4_msgs/msg/_fixed_wing_lateral_status.py\n'}
[9.314112] (px4_msgs) StdoutLine: {'line': b'-- Up-to-date: /home/maizaied03/ros2_ws/install/px4_msgs/local/lib/python3.10/dist-packages/px4_msgs/msg/_heater_status.py\n'}
[9.314145] (px4_msgs) StdoutLine: {'line': b'-- Up-to-date: /home/maizaied03/ros2_ws/install/px4_msgs/local/lib/python3.10/dist-packages/px4_msgs/msg/_neural_control.py\n'}
[9.314176] (px4_msgs) StdoutLine: {'line': b'-- Up-to-date: /home/maizaied03/ros2_ws/install/px4_msgs/local/lib/python3.10/dist-packages/px4_msgs/msg/_power_monitor_s.c\n'}
[9.314209] (px4_msgs) StdoutLine: {'line': b'-- Up-to-date: /home/maizaied03/ros2_ws/install/px4_msgs/local/lib/python3.10/dist-packages/px4_msgs/msg/_orb_test_medium.py\n'}
[9.314250] (px4_msgs) StdoutLine: {'line': b'-- Up-to-date: /home/maizaied03/ros2_ws/install/px4_msgs/local/lib/python3.10/dist-packages/px4_msgs/msg/_vehicle_odometry_s.c\n'}
[9.314293] (px4_msgs) StdoutLine: {'line': b'-- Up-to-date: /home/maizaied03/ros2_ws/install/px4_msgs/local/lib/python3.10/dist-packages/px4_msgs/msg/_fixed_wing_runway_control_s.c\n'}
[9.314336] (px4_msgs) StdoutLine: {'line': b'-- Up-to-date: /home/maizaied03/ros2_ws/install/px4_msgs/local/lib/python3.10/dist-packages/px4_msgs/msg/_ekf2_timestamps.py\n'}
[9.314378] (px4_msgs) StdoutLine: {'line': b'-- Up-to-date: /home/maizaied03/ros2_ws/install/px4_msgs/local/lib/python3.10/dist-packages/px4_msgs/msg/_fixed_wing_lateral_setpoint_s.c\n'}
[9.314421] (px4_msgs) StdoutLine: {'line': b'-- Up-to-date: /home/maizaied03/ros2_ws/install/px4_msgs/local/lib/python3.10/dist-packages/px4_msgs/msg/_transponder_report.py\n'}
[9.314464] (px4_msgs) StdoutLine: {'line': b'-- Up-to-date: /home/maizaied03/ros2_ws/install/px4_msgs/local/lib/python3.10/dist-packages/px4_msgs/msg/_ulog_stream_ack_s.c\n'}
[9.314507] (px4_msgs) StdoutLine: {'line': b'-- Up-to-date: /home/maizaied03/ros2_ws/install/px4_msgs/local/lib/python3.10/dist-packages/px4_msgs/msg/_rtl_status.py\n'}
[9.314548] (px4_msgs) StdoutLine: {'line': b'-- Up-to-date: /home/maizaied03/ros2_ws/install/px4_msgs/local/lib/python3.10/dist-packages/px4_msgs/msg/_sensor_optical_flow.py\n'}
[9.314595] (px4_msgs) StdoutLine: {'line': b'-- Up-to-date: /home/maizaied03/ros2_ws/install/px4_msgs/local/lib/python3.10/dist-packages/px4_msgs/msg/_actuator_test_s.c\n'}
[9.314668] (px4_msgs) StdoutLine: {'line': b'-- Up-to-date: /home/maizaied03/ros2_ws/install/px4_msgs/local/lib/python3.10/dist-packages/px4_msgs/msg/_flight_phase_estimation.py\n'}
[9.314703] (px4_msgs) StdoutLine: {'line': b'-- Up-to-date: /home/maizaied03/ros2_ws/install/px4_msgs/local/lib/python3.10/dist-packages/px4_msgs/msg/_fixed_wing_lateral_guidance_status.py\n'}
[9.314736] (px4_msgs) StdoutLine: {'line': b'-- Up-to-date: /home/maizaied03/ros2_ws/install/px4_msgs/local/lib/python3.10/dist-packages/px4_msgs/msg/_airspeed_wind.py\n'}
[9.314768] (px4_msgs) StdoutLine: {'line': b'-- Up-to-date: /home/maizaied03/ros2_ws/install/px4_msgs/local/lib/python3.10/dist-packages/px4_msgs/msg/_sensor_temp_s.c\n'}
[9.314800] (px4_msgs) StdoutLine: {'line': b'-- Up-to-date: /home/maizaied03/ros2_ws/install/px4_msgs/local/lib/python3.10/dist-packages/px4_msgs/msg/_message_format_response.py\n'}
[9.314831] (px4_msgs) StdoutLine: {'line': b'-- Up-to-date: /home/maizaied03/ros2_ws/install/px4_msgs/local/lib/python3.10/dist-packages/px4_msgs/msg/_dronecan_node_status.py\n'}
[9.314865] (px4_msgs) StdoutLine: {'line': b'-- Up-to-date: /home/maizaied03/ros2_ws/install/px4_msgs/local/lib/python3.10/dist-packages/px4_msgs/msg/_mission_result_s.c\n'}
[9.314908] (px4_msgs) StdoutLine: {'line': b'-- Up-to-date: /home/maizaied03/ros2_ws/install/px4_msgs/local/lib/python3.10/dist-packages/px4_msgs/msg/_internal_combustion_engine_status_s.c\n'}
[9.314951] (px4_msgs) StdoutLine: {'line': b'-- Up-to-date: /home/maizaied03/ros2_ws/install/px4_msgs/local/lib/python3.10/dist-packages/px4_msgs/msg/_camera_status.py\n'}
[9.314992] (px4_msgs) StdoutLine: {'line': b'-- Up-to-date: /home/maizaied03/ros2_ws/install/px4_msgs/local/lib/python3.10/dist-packages/px4_msgs/msg/_estimator_selector_status_s.c\n'}
[9.315035] (px4_msgs) StdoutLine: {'line': b'-- Up-to-date: /home/maizaied03/ros2_ws/install/px4_msgs/local/lib/python3.10/dist-packages/px4_msgs/msg/_onboard_computer_status.py\n'}
[9.315077] (px4_msgs) StdoutLine: {'line': b'-- Up-to-date: /home/maizaied03/ros2_ws/install/px4_msgs/local/lib/python3.10/dist-packages/px4_msgs/msg/_rover_speed_setpoint.py\n'}
[9.315119] (px4_msgs) StdoutLine: {'line': b'-- Up-to-date: /home/maizaied03/ros2_ws/install/px4_msgs/local/lib/python3.10/dist-packages/px4_msgs/msg/_radio_status_s.c\n'}
[9.315161] (px4_msgs) StdoutLine: {'line': b'-- Up-to-date: /home/maizaied03/ros2_ws/install/px4_msgs/local/lib/python3.10/dist-packages/px4_msgs/msg/_arming_check_request_s.c\n'}
[9.315204] (px4_msgs) StdoutLine: {'line': b'-- Up-to-date: /home/maizaied03/ros2_ws/install/px4_msgs/local/lib/python3.10/dist-packages/px4_msgs/msg/_airspeed_s.c\n'}
[9.315247] (px4_msgs) StdoutLine: {'line': b'-- Up-to-date: /home/maizaied03/ros2_ws/install/px4_msgs/local/lib/python3.10/dist-packages/px4_msgs/msg/_orb_test_large.py\n'}
[9.315306] (px4_msgs) StdoutLine: {'line': b'-- Up-to-date: /home/maizaied03/ros2_ws/install/px4_msgs/local/lib/python3.10/dist-packages/px4_msgs/msg/_input_rc_s.c\n'}
[9.315342] (px4_msgs) StdoutLine: {'line': b'-- Up-to-date: /home/maizaied03/ros2_ws/install/px4_msgs/local/lib/python3.10/dist-packages/px4_msgs/msg/_parameter_set_value_response_s.c\n'}
[9.315378] (px4_msgs) StdoutLine: {'line': b'-- Up-to-date: /home/maizaied03/ros2_ws/install/px4_msgs/local/lib/python3.10/dist-packages/px4_msgs/msg/_position_controller_landing_status.py\n'}
[9.315424] (px4_msgs) StdoutLine: {'line': b'-- Up-to-date: /home/maizaied03/ros2_ws/install/px4_msgs/local/lib/python3.10/dist-packages/px4_msgs/msg/_sensor_baro_s.c\n'}
[9.315457] (px4_msgs) StdoutLine: {'line': b'-- Up-to-date: /home/maizaied03/ros2_ws/install/px4_msgs/local/lib/python3.10/dist-packages/px4_msgs/msg/_figure_eight_status.py\n'}
[9.315487] (px4_msgs) StdoutLine: {'line': b'-- Up-to-date: /home/maizaied03/ros2_ws/install/px4_msgs/local/lib/python3.10/dist-packages/px4_msgs/msg/_vehicle_land_detected_s.c\n'}
[9.315518] (px4_msgs) StdoutLine: {'line': b'-- Up-to-date: /home/maizaied03/ros2_ws/install/px4_msgs/local/lib/python3.10/dist-packages/px4_msgs/msg/_vehicle_imu.py\n'}
[9.315551] (px4_msgs) StdoutLine: {'line': b'-- Up-to-date: /home/maizaied03/ros2_ws/install/px4_msgs/local/lib/python3.10/dist-packages/px4_msgs/msg/_vehicle_optical_flow_vel_s.c\n'}
[9.315585] (px4_msgs) StdoutLine: {'line': b'-- Up-to-date: /home/maizaied03/ros2_ws/install/px4_msgs/local/lib/python3.10/dist-packages/px4_msgs/msg/_battery_status_s.c\n'}
[9.315638] (px4_msgs) StdoutLine: {'line': b'-- Up-to-date: /home/maizaied03/ros2_ws/install/px4_msgs/local/lib/python3.10/dist-packages/px4_msgs/msg/_arming_check_request.py\n'}
[9.315671] (px4_msgs) StdoutLine: {'line': b'-- Up-to-date: /home/maizaied03/ros2_ws/install/px4_msgs/local/lib/python3.10/dist-packages/px4_msgs/msg/_sensor_selection.py\n'}
[9.315702] (px4_msgs) StdoutLine: {'line': b'-- Up-to-date: /home/maizaied03/ros2_ws/install/px4_msgs/local/lib/python3.10/dist-packages/px4_msgs/msg/_mode_completed_s.c\n'}
[9.315733] (px4_msgs) StdoutLine: {'line': b'-- Up-to-date: /home/maizaied03/ros2_ws/install/px4_msgs/local/lib/python3.10/dist-packages/px4_msgs/msg/_landing_gear.py\n'}
[9.315767] (px4_msgs) StdoutLine: {'line': b'-- Up-to-date: /home/maizaied03/ros2_ws/install/px4_msgs/local/lib/python3.10/dist-packages/px4_msgs/msg/_velocity_limits.py\n'}
[9.315803] (px4_msgs) StdoutLine: {'line': b'-- Up-to-date: /home/maizaied03/ros2_ws/install/px4_msgs/local/lib/python3.10/dist-packages/px4_msgs/msg/_navigator_mission_item_s.c\n'}
[9.315856] (px4_msgs) StdoutLine: {'line': b'-- Up-to-date: /home/maizaied03/ros2_ws/install/px4_msgs/local/lib/python3.10/dist-packages/px4_msgs/msg/_transponder_report_s.c\n'}
[9.315893] (px4_msgs) StdoutLine: {'line': b'-- Up-to-date: /home/maizaied03/ros2_ws/install/px4_msgs/local/lib/python3.10/dist-packages/px4_msgs/msg/_geofence_status.py\n'}
[9.315930] (px4_msgs) StdoutLine: {'line': b'-- Up-to-date: /home/maizaied03/ros2_ws/install/px4_msgs/local/lib/python3.10/dist-packages/px4_msgs/msg/_uavcan_parameter_value.py\n'}
[9.315966] (px4_msgs) StdoutLine: {'line': b'-- Up-to-date: /home/maizaied03/ros2_ws/install/px4_msgs/local/lib/python3.10/dist-packages/px4_msgs/msg/_vehicle_angular_acceleration_setpoint_s.c\n'}
[9.316002] (px4_msgs) StdoutLine: {'line': b'-- Up-to-date: /home/maizaied03/ros2_ws/install/px4_msgs/local/lib/python3.10/dist-packages/px4_msgs/msg/_battery_info.py\n'}
[9.316037] (px4_msgs) StdoutLine: {'line': b'-- Up-to-date: /home/maizaied03/ros2_ws/install/px4_msgs/local/lib/python3.10/dist-packages/px4_msgs/msg/_landing_target_innovations.py\n'}
[9.316072] (px4_msgs) StdoutLine: {'line': b'-- Up-to-date: /home/maizaied03/ros2_ws/install/px4_msgs/local/lib/python3.10/dist-packages/px4_msgs/msg/_manual_control_switches.py\n'}
[9.316107] (px4_msgs) StdoutLine: {'line': b'-- Up-to-date: /home/maizaied03/ros2_ws/install/px4_msgs/local/lib/python3.10/dist-packages/px4_msgs/msg/_log_message.py\n'}
[9.316143] (px4_msgs) StdoutLine: {'line': b'-- Up-to-date: /home/maizaied03/ros2_ws/install/px4_msgs/local/lib/python3.10/dist-packages/px4_msgs/msg/_estimator_status_s.c\n'}
[9.316178] (px4_msgs) StdoutLine: {'line': b'-- Up-to-date: /home/maizaied03/ros2_ws/install/px4_msgs/local/lib/python3.10/dist-packages/px4_msgs/msg/_gimbal_manager_set_attitude.py\n'}
[9.316231] (px4_msgs) StdoutLine: {'line': b'-- Up-to-date: /home/maizaied03/ros2_ws/install/px4_msgs/local/lib/python3.10/dist-packages/px4_msgs/msg/_vehicle_roi.py\n'}
[9.316267] (px4_msgs) StdoutLine: {'line': b'-- Up-to-date: /home/maizaied03/ros2_ws/install/px4_msgs/local/lib/python3.10/dist-packages/px4_msgs/msg/_esc_status_s.c\n'}
[9.316303] (px4_msgs) StdoutLine: {'line': b'-- Up-to-date: /home/maizaied03/ros2_ws/install/px4_msgs/local/lib/python3.10/dist-packages/px4_msgs/msg/_rover_attitude_status.py\n'}
[9.316339] (px4_msgs) StdoutLine: {'line': b'-- Up-to-date: /home/maizaied03/ros2_ws/install/px4_msgs/local/lib/python3.10/dist-packages/px4_msgs/msg/_mount_orientation_s.c\n'}
[9.316378] (px4_msgs) StdoutLine: {'line': b'-- Up-to-date: /home/maizaied03/ros2_ws/install/px4_msgs/local/lib/python3.10/dist-packages/px4_msgs/msg/_rover_rate_setpoint.py\n'}
[9.316418] (px4_msgs) StdoutLine: {'line': b'-- Up-to-date: /home/maizaied03/ros2_ws/install/px4_msgs/local/lib/python3.10/dist-packages/px4_msgs/msg/_estimator_status_flags.py\n'}
[9.316468] (px4_msgs) StdoutLine: {'line': b'-- Up-to-date: /home/maizaied03/ros2_ws/install/px4_msgs/local/lib/python3.10/dist-packages/px4_msgs/msg/_gimbal_manager_status_s.c\n'}
[9.316517] (px4_msgs) StdoutLine: {'line': b'-- Up-to-date: /home/maizaied03/ros2_ws/install/px4_msgs/local/lib/python3.10/dist-packages/px4_msgs/msg/_vehicle_command_ack_s.c\n'}
[9.316565] (px4_msgs) StdoutLine: {'line': b'-- Up-to-date: /home/maizaied03/ros2_ws/install/px4_msgs/local/lib/python3.10/dist-packages/px4_msgs/msg/_mavlink_log_s.c\n'}
[9.316629] (px4_msgs) StdoutLine: {'line': b'-- Up-to-date: /home/maizaied03/ros2_ws/install/px4_msgs/local/lib/python3.10/dist-packages/px4_msgs/msg/_actuator_servos_trim_s.c\n'}
[9.316678] (px4_msgs) StdoutLine: {'line': b'-- Up-to-date: /home/maizaied03/ros2_ws/install/px4_msgs/local/lib/python3.10/dist-packages/px4_msgs/msg/_vehicle_control_mode.py\n'}
[9.316727] (px4_msgs) StdoutLine: {'line': b'-- Up-to-date: /home/maizaied03/ros2_ws/install/px4_msgs/local/lib/python3.10/dist-packages/px4_msgs/msg/_landing_target_pose_s.c\n'}
[9.316775] (px4_msgs) StdoutLine: {'line': b'-- Up-to-date: /home/maizaied03/ros2_ws/install/px4_msgs/local/lib/python3.10/dist-packages/px4_msgs/msg/_gpio_in_s.c\n'}
[9.316823] (px4_msgs) StdoutLine: {'line': b'-- Up-to-date: /home/maizaied03/ros2_ws/install/px4_msgs/local/lib/python3.10/dist-packages/px4_msgs/msg/_open_drone_id_arm_status_s.c\n'}
[9.316877] (px4_msgs) StdoutLine: {'line': b'-- Up-to-date: /home/maizaied03/ros2_ws/install/px4_msgs/local/lib/python3.10/dist-packages/px4_msgs/msg/_mavlink_tunnel_s.c\n'}
[9.316945] (px4_msgs) StdoutLine: {'line': b'-- Up-to-date: /home/maizaied03/ros2_ws/install/px4_msgs/local/lib/python3.10/dist-packages/px4_msgs/msg/_estimator_aid_source2d_s.c\n'}
[9.316995] (px4_msgs) StdoutLine: {'line': b'-- Up-to-date: /home/maizaied03/ros2_ws/install/px4_msgs/local/lib/python3.10/dist-packages/px4_msgs/msg/_gain_compression.py\n'}
[9.317043] (px4_msgs) StdoutLine: {'line': b'-- Up-to-date: /home/maizaied03/ros2_ws/install/px4_msgs/local/lib/python3.10/dist-packages/px4_msgs/msg/_event.py\n'}
[9.317103] (px4_msgs) StdoutLine: {'line': b'-- Up-to-date: /home/maizaied03/ros2_ws/install/px4_msgs/local/lib/python3.10/dist-packages/px4_msgs/msg/_differential_pressure_s.c\n'}
[9.317142] (px4_msgs) StdoutLine: {'line': b'-- Up-to-date: /home/maizaied03/ros2_ws/install/px4_msgs/local/lib/python3.10/dist-packages/px4_msgs/msg/_home_position_s.c\n'}
[9.317178] (px4_msgs) StdoutLine: {'line': b'-- Up-to-date: /home/maizaied03/ros2_ws/install/px4_msgs/local/lib/python3.10/dist-packages/px4_msgs/msg/_control_allocator_status_s.c\n'}
[9.317215] (px4_msgs) StdoutLine: {'line': b'-- Up-to-date: /home/maizaied03/ros2_ws/install/px4_msgs/local/lib/python3.10/dist-packages/px4_msgs/msg/_launch_detection_status_s.c\n'}
[9.317251] (px4_msgs) StdoutLine: {'line': b'-- Up-to-date: /home/maizaied03/ros2_ws/install/px4_msgs/local/lib/python3.10/dist-packages/px4_msgs/msg/_log_message_s.c\n'}
[9.317300] (px4_msgs) StdoutLine: {'line': b'-- Up-to-date: /home/maizaied03/ros2_ws/install/px4_msgs/local/lib/python3.10/dist-packages/px4_msgs/msg/_radio_status.py\n'}
[9.317336] (px4_msgs) StdoutLine: {'line': b'-- Up-to-date: /home/maizaied03/ros2_ws/install/px4_msgs/local/lib/python3.10/dist-packages/px4_msgs/msg/_raptor_status_s.c\n'}
[9.317367] (px4_msgs) StdoutLine: {'line': b'-- Up-to-date: /home/maizaied03/ros2_ws/install/px4_msgs/local/lib/python3.10/dist-packages/px4_msgs/msg/_hover_thrust_estimate.py\n'}
[9.317398] (px4_msgs) StdoutLine: {'line': b'-- Up-to-date: /home/maizaied03/ros2_ws/install/px4_msgs/local/lib/python3.10/dist-packages/px4_msgs/msg/_geofence_status_s.c\n'}
[9.317429] (px4_msgs) StdoutLine: {'line': b'-- Up-to-date: /home/maizaied03/ros2_ws/install/px4_msgs/local/lib/python3.10/dist-packages/px4_msgs/msg/_rc_parameter_map.py\n'}
[9.317461] (px4_msgs) StdoutLine: {'line': b'-- Up-to-date: /home/maizaied03/ros2_ws/install/px4_msgs/local/lib/python3.10/dist-packages/px4_msgs/msg/_device_information.py\n'}
[9.317509] (px4_msgs) StdoutLine: {'line': b'-- Up-to-date: /home/maizaied03/ros2_ws/install/px4_msgs/local/lib/python3.10/dist-packages/px4_msgs/msg/_gimbal_manager_set_manual_control_s.c\n'}
[9.317543] (px4_msgs) StdoutLine: {'line': b'-- Up-to-date: /home/maizaied03/ros2_ws/install/px4_msgs/local/lib/python3.10/dist-packages/px4_msgs/msg/_parameter_reset_request_s.c\n'}
[9.317574] (px4_msgs) StdoutLine: {'line': b'-- Up-to-date: /home/maizaied03/ros2_ws/install/px4_msgs/local/lib/python3.10/dist-packages/px4_msgs/msg/_dataman_request_s.c\n'}
[9.317611] (px4_msgs) StdoutLine: {'line': b'-- Up-to-date: /home/maizaied03/ros2_ws/install/px4_msgs/local/lib/python3.10/dist-packages/px4_msgs/msg/_yaw_estimator_status.py\n'}
[9.317644] (px4_msgs) StdoutLine: {'line': b'-- Up-to-date: /home/maizaied03/ros2_ws/install/px4_msgs/local/lib/python3.10/dist-packages/px4_msgs/msg/_estimator_bias.py\n'}
[9.317680] (px4_msgs) StdoutLine: {'line': b'-- Up-to-date: /home/maizaied03/ros2_ws/install/px4_msgs/local/lib/python3.10/dist-packages/px4_msgs/msg/_ping.py\n'}
[9.317717] (px4_msgs) StdoutLine: {'line': b'-- Up-to-date: /home/maizaied03/ros2_ws/install/px4_msgs/local/lib/python3.10/dist-packages/px4_msgs/msg/_vehicle_angular_velocity.py\n'}
[9.317775] (px4_msgs) StdoutLine: {'line': b'-- Up-to-date: /home/maizaied03/ros2_ws/install/px4_msgs/local/lib/python3.10/dist-packages/px4_msgs/msg/_logger_status_s.c\n'}
[9.317809] (px4_msgs) StdoutLine: {'line': b'-- Up-to-date: /home/maizaied03/ros2_ws/install/px4_msgs/local/lib/python3.10/dist-packages/px4_msgs/msg/_vehicle_constraints_s.c\n'}
[9.317843] (px4_msgs) StdoutLine: {'line': b'-- Up-to-date: /home/maizaied03/ros2_ws/install/px4_msgs/local/lib/python3.10/dist-packages/px4_msgs/msg/_wind.py\n'}
[9.317877] (px4_msgs) StdoutLine: {'line': b'-- Up-to-date: /home/maizaied03/ros2_ws/install/px4_msgs/local/lib/python3.10/dist-packages/px4_msgs/msg/_sensor_preflight_mag.py\n'}
[9.317912] (px4_msgs) StdoutLine: {'line': b'-- Up-to-date: /home/maizaied03/ros2_ws/install/px4_msgs/local/lib/python3.10/dist-packages/px4_msgs/msg/_obstacle_distance.py\n'}
[9.317958] (px4_msgs) StdoutLine: {'line': b'-- Up-to-date: /home/maizaied03/ros2_ws/install/px4_msgs/local/lib/python3.10/dist-packages/px4_msgs/msg/_qshell_retval_s.c\n'}
[9.317994] (px4_msgs) StdoutLine: {'line': b'-- Up-to-date: /home/maizaied03/ros2_ws/install/px4_msgs/local/lib/python3.10/dist-packages/px4_msgs/msg/_mission.py\n'}
[9.318028] (px4_msgs) StdoutLine: {'line': b'-- Up-to-date: /home/maizaied03/ros2_ws/install/px4_msgs/local/lib/python3.10/dist-packages/px4_msgs/msg/_parameter_set_value_request_s.c\n'}
[9.318063] (px4_msgs) StdoutLine: {'line': b'-- Up-to-date: /home/maizaied03/ros2_ws/install/px4_msgs/local/lib/python3.10/dist-packages/px4_msgs/msg/_estimator_gps_status_s.c\n'}
[9.318094] (px4_msgs) StdoutLine: {'line': b'-- Up-to-date: /home/maizaied03/ros2_ws/install/px4_msgs/local/lib/python3.10/dist-packages/px4_msgs/msg/_dronecan_node_status_s.c\n'}
[9.318126] (px4_msgs) StdoutLine: {'line': b'-- Up-to-date: /home/maizaied03/ros2_ws/install/px4_msgs/local/lib/python3.10/dist-packages/px4_msgs/msg/_rover_steering_setpoint_s.c\n'}
[9.318163] (px4_msgs) StdoutLine: {'line': b'-- Up-to-date: /home/maizaied03/ros2_ws/install/px4_msgs/local/lib/python3.10/dist-packages/px4_msgs/msg/_ulog_stream_ack.py\n'}
[9.318209] (px4_msgs) StdoutLine: {'line': b'-- Up-to-date: /home/maizaied03/ros2_ws/install/px4_msgs/local/lib/python3.10/dist-packages/px4_msgs/msg/_camera_status_s.c\n'}
[9.318268] (px4_msgs) StdoutLine: {'line': b'-- Up-to-date: /home/maizaied03/ros2_ws/install/px4_msgs/local/lib/python3.10/dist-packages/px4_msgs/msg/_mavlink_tunnel.py\n'}
[9.318302] (px4_msgs) StdoutLine: {'line': b'-- Up-to-date: /home/maizaied03/ros2_ws/install/px4_msgs/local/lib/python3.10/dist-packages/px4_msgs/msg/_vehicle_imu_s.c\n'}
[9.318334] (px4_msgs) StdoutLine: {'line': b'-- Up-to-date: /home/maizaied03/ros2_ws/install/px4_msgs/local/lib/python3.10/dist-packages/px4_msgs/msg/_geofence_result_s.c\n'}
[9.318373] (px4_msgs) StdoutLine: {'line': b'-- Up-to-date: /home/maizaied03/ros2_ws/install/px4_msgs/local/lib/python3.10/dist-packages/px4_msgs/msg/_ping_s.c\n'}
[9.318406] (px4_msgs) StdoutLine: {'line': b'-- Up-to-date: /home/maizaied03/ros2_ws/install/px4_msgs/local/lib/python3.10/dist-packages/px4_msgs/msg/_sensors_status_imu.py\n'}
[9.318439] (px4_msgs) StdoutLine: {'line': b'-- Up-to-date: /home/maizaied03/ros2_ws/install/px4_msgs/local/lib/python3.10/dist-packages/px4_msgs/msg/_rover_attitude_setpoint.py\n'}
[9.318471] (px4_msgs) StdoutLine: {'line': b'-- Up-to-date: /home/maizaied03/ros2_ws/install/px4_msgs/local/lib/python3.10/dist-packages/px4_msgs/msg/_fixed_wing_lateral_setpoint.py\n'}
[9.318503] (px4_msgs) StdoutLine: {'line': b'-- Up-to-date: /home/maizaied03/ros2_ws/install/px4_msgs/local/lib/python3.10/dist-packages/px4_msgs/msg/_esc_report_s.c\n'}
[9.318536] (px4_msgs) StdoutLine: {'line': b'-- Up-to-date: /home/maizaied03/ros2_ws/install/px4_msgs/local/lib/python3.10/dist-packages/px4_msgs/msg/_manual_control_switches_s.c\n'}
[9.318567] (px4_msgs) StdoutLine: {'line': b'-- Up-to-date: /home/maizaied03/ros2_ws/install/px4_msgs/local/lib/python3.10/dist-packages/px4_msgs/msg/_esc_report.py\n'}
[9.318616] (px4_msgs) StdoutLine: {'line': b'-- Up-to-date: /home/maizaied03/ros2_ws/install/px4_msgs/local/lib/python3.10/dist-packages/px4_msgs/msg/_vehicle_angular_velocity_s.c\n'}
[9.318650] (px4_msgs) StdoutLine: {'line': b'-- Up-to-date: /home/maizaied03/ros2_ws/install/px4_msgs/local/lib/python3.10/dist-packages/px4_msgs/msg/_power_button_state.py\n'}
[9.318682] (px4_msgs) StdoutLine: {'line': b'-- Up-to-date: /home/maizaied03/ros2_ws/install/px4_msgs/local/lib/python3.10/dist-packages/px4_msgs/msg/_vehicle_imu_status.py\n'}
[9.318717] (px4_msgs) StdoutLine: {'line': b'-- Up-to-date: /home/maizaied03/ros2_ws/install/px4_msgs/local/lib/python3.10/dist-packages/px4_msgs/msg/_navigator_mission_item.py\n'}
[9.318750] (px4_msgs) StdoutLine: {'line': b'-- Up-to-date: /home/maizaied03/ros2_ws/install/px4_msgs/local/lib/python3.10/dist-packages/px4_msgs/msg/_gimbal_controls_s.c\n'}
[9.318819] (px4_msgs) StdoutLine: {'line': b'-- Up-to-date: /home/maizaied03/ros2_ws/install/px4_msgs/local/lib/python3.10/dist-packages/px4_msgs/msg/_gimbal_manager_information.py\n'}
[9.318854] (px4_msgs) StdoutLine: {'line': b'-- Up-to-date: /home/maizaied03/ros2_ws/install/px4_msgs/local/lib/python3.10/dist-packages/px4_msgs/msg/_flight_phase_estimation_s.c\n'}
[9.318888] (px4_msgs) StdoutLine: {'line': b'-- Up-to-date: /home/maizaied03/ros2_ws/install/px4_msgs/local/lib/python3.10/dist-packages/px4_msgs/msg/_action_request_s.c\n'}
[9.318921] (px4_msgs) StdoutLine: {'line': b'-- Up-to-date: /home/maizaied03/ros2_ws/install/px4_msgs/local/lib/python3.10/dist-packages/px4_msgs/msg/_generator_status.py\n'}
[9.318952] (px4_msgs) StdoutLine: {'line': b'-- Up-to-date: /home/maizaied03/ros2_ws/install/px4_msgs/local/lib/python3.10/dist-packages/px4_msgs/msg/_vehicle_constraints.py\n'}
[9.318983] (px4_msgs) StdoutLine: {'line': b'-- Up-to-date: /home/maizaied03/ros2_ws/install/px4_msgs/local/lib/python3.10/dist-packages/px4_msgs/msg/_landing_gear_s.c\n'}
[9.319017] (px4_msgs) StdoutLine: {'line': b'-- Up-to-date: /home/maizaied03/ros2_ws/install/px4_msgs/local/lib/python3.10/dist-packages/px4_msgs/msg/_parameter_set_value_request.py\n'}
[9.319050] (px4_msgs) StdoutLine: {'line': b'-- Up-to-date: /home/maizaied03/ros2_ws/install/px4_msgs/local/lib/python3.10/dist-packages/px4_msgs/msg/_vehicle_acceleration.py\n'}
[9.319084] (px4_msgs) StdoutLine: {'line': b'-- Up-to-date: /home/maizaied03/ros2_ws/install/px4_msgs/local/lib/python3.10/dist-packages/px4_msgs/msg/_position_setpoint_triplet.py\n'}
[9.319126] (px4_msgs) StdoutLine: {'line': b'-- Up-to-date: /home/maizaied03/ros2_ws/install/px4_msgs/local/lib/python3.10/dist-packages/px4_msgs/msg/_gimbal_manager_status.py\n'}
[9.319201] (px4_msgs) StdoutLine: {'line': b'-- Up-to-date: /home/maizaied03/ros2_ws/install/px4_msgs/local/lib/python3.10/dist-packages/px4_msgs/msg/_gpio_in.py\n'}
[9.319257] (px4_msgs) StdoutLine: {'line': b'-- Up-to-date: /home/maizaied03/ros2_ws/install/px4_msgs/local/lib/python3.10/dist-packages/px4_msgs/msg/_estimator_aid_source3d_s.c\n'}
[9.319321] (px4_msgs) StdoutLine: {'line': b'-- Up-to-date: /home/maizaied03/ros2_ws/install/px4_msgs/local/lib/python3.10/dist-packages/px4_msgs/msg/_dataman_response.py\n'}
[9.319359] (px4_msgs) StdoutLine: {'line': b'-- Up-to-date: /home/maizaied03/ros2_ws/install/px4_msgs/local/lib/python3.10/dist-packages/px4_msgs/msg/_event_s.c\n'}
[9.319396] (px4_msgs) StdoutLine: {'line': b'-- Up-to-date: /home/maizaied03/ros2_ws/install/px4_msgs/local/lib/python3.10/dist-packages/px4_msgs/msg/_health_report.py\n'}
[9.319433] (px4_msgs) StdoutLine: {'line': b'-- Up-to-date: /home/maizaied03/ros2_ws/install/px4_msgs/local/lib/python3.10/dist-packages/px4_msgs/msg/_yaw_estimator_status_s.c\n'}
[9.319470] (px4_msgs) StdoutLine: {'line': b'-- Up-to-date: /home/maizaied03/ros2_ws/install/px4_msgs/local/lib/python3.10/dist-packages/px4_msgs/msg/_button_event_s.c\n'}
[9.319508] (px4_msgs) StdoutLine: {'line': b'-- Up-to-date: /home/maizaied03/ros2_ws/install/px4_msgs/local/lib/python3.10/dist-packages/px4_msgs/msg/_wheel_encoders_s.c\n'}
[9.319552] (px4_msgs) StdoutLine: {'line': b'-- Up-to-date: /home/maizaied03/ros2_ws/install/px4_msgs/local/lib/python3.10/dist-packages/px4_msgs/msg/_actuator_controls_status_s.c\n'}
[9.319625] (px4_msgs) StdoutLine: {'line': b'-- Up-to-date: /home/maizaied03/ros2_ws/install/px4_msgs/local/lib/python3.10/dist-packages/px4_msgs/msg/_register_ext_component_reply.py\n'}
[9.319668] (px4_msgs) StdoutLine: {'line': b'-- Up-to-date: /home/maizaied03/ros2_ws/install/px4_msgs/local/lib/python3.10/dist-packages/px4_msgs/msg/_vehicle_attitude_setpoint_s.c\n'}
[9.319705] (px4_msgs) StdoutLine: {'line': b'-- Up-to-date: /home/maizaied03/ros2_ws/install/px4_msgs/local/lib/python3.10/dist-packages/px4_msgs/msg/_gpio_request_s.c\n'}
[9.319741] (px4_msgs) StdoutLine: {'line': b'-- Up-to-date: /home/maizaied03/ros2_ws/install/px4_msgs/local/lib/python3.10/dist-packages/px4_msgs/msg/_px4io_status_s.c\n'}
[9.319777] (px4_msgs) StdoutLine: {'line': b'-- Up-to-date: /home/maizaied03/ros2_ws/install/px4_msgs/local/lib/python3.10/dist-packages/px4_msgs/msg/_pwm_input.py\n'}
[9.319814] (px4_msgs) StdoutLine: {'line': b'-- Up-to-date: /home/maizaied03/ros2_ws/install/px4_msgs/local/lib/python3.10/dist-packages/px4_msgs/msg/_tiltrotor_extra_controls_s.c\n'}
[9.319851] (px4_msgs) StdoutLine: {'line': b'-- Up-to-date: /home/maizaied03/ros2_ws/install/px4_msgs/local/lib/python3.10/dist-packages/px4_msgs/msg/_rtl_status_s.c\n'}
[9.319884] (px4_msgs) StdoutLine: {'line': b'-- Up-to-date: /home/maizaied03/ros2_ws/install/px4_msgs/local/lib/python3.10/dist-packages/px4_msgs/msg/_qshell_req_s.c\n'}
[9.319918] (px4_msgs) StdoutLine: {'line': b'-- Up-to-date: /home/maizaied03/ros2_ws/install/px4_msgs/local/lib/python3.10/dist-packages/px4_msgs/msg/_vehicle_rates_setpoint.py\n'}
[9.319952] (px4_msgs) StdoutLine: {'line': b'-- Up-to-date: /home/maizaied03/ros2_ws/install/px4_msgs/local/lib/python3.10/dist-packages/px4_msgs/msg/_camera_trigger.py\n'}
[9.319985] (px4_msgs) StdoutLine: {'line': b'-- Up-to-date: /home/maizaied03/ros2_ws/install/px4_msgs/local/lib/python3.10/dist-packages/px4_msgs/msg/_unregister_ext_component_s.c\n'}
[9.320022] (px4_msgs) StdoutLine: {'line': b'-- Up-to-date: /home/maizaied03/ros2_ws/install/px4_msgs/local/lib/python3.10/dist-packages/px4_msgs/msg/_autotune_attitude_control_status.py\n'}
[9.320061] (px4_msgs) StdoutLine: {'line': b'-- Up-to-date: /home/maizaied03/ros2_ws/install/px4_msgs/local/lib/python3.10/dist-packages/px4_msgs/msg/_open_drone_id_system_s.c\n'}
[9.320118] (px4_msgs) StdoutLine: {'line': b'-- Up-to-date: /home/maizaied03/ros2_ws/install/px4_msgs/local/lib/python3.10/dist-packages/px4_msgs/msg/_iridiumsbd_status_s.c\n'}
[9.320154] (px4_msgs) StdoutLine: {'line': b'-- Up-to-date: /home/maizaied03/ros2_ws/install/px4_msgs/local/lib/python3.10/dist-packages/px4_msgs/msg/_actuator_outputs_s.c\n'}
[9.320191] (px4_msgs) StdoutLine: {'line': b'-- Up-to-date: /home/maizaied03/ros2_ws/install/px4_msgs/local/lib/python3.10/dist-packages/px4_msgs/msg/_rover_position_setpoint.py\n'}
[9.320225] (px4_msgs) StdoutLine: {'line': b'-- Up-to-date: /home/maizaied03/ros2_ws/install/px4_msgs/local/lib/python3.10/dist-packages/px4_msgs/msg/_lateral_control_configuration.py\n'}
[9.320259] (px4_msgs) StdoutLine: {'line': b'-- Up-to-date: /home/maizaied03/ros2_ws/install/px4_msgs/local/lib/python3.10/dist-packages/px4_msgs/msg/_vehicle_torque_setpoint_s.c\n'}
[9.320293] (px4_msgs) StdoutLine: {'line': b'-- Up-to-date: /home/maizaied03/ros2_ws/install/px4_msgs/local/lib/python3.10/dist-packages/px4_msgs/msg/_message_format_request.py\n'}
[9.320327] (px4_msgs) StdoutLine: {'line': b'-- Up-to-date: /home/maizaied03/ros2_ws/install/px4_msgs/local/lib/python3.10/dist-packages/px4_msgs/msg/_collision_constraints_s.c\n'}
[9.320361] (px4_msgs) StdoutLine: {'line': b'-- Up-to-date: /home/maizaied03/ros2_ws/install/px4_msgs/local/lib/python3.10/dist-packages/px4_msgs/msg/_takeoff_status_s.c\n'}
[9.320395] (px4_msgs) StdoutLine: {'line': b'-- Up-to-date: /home/maizaied03/ros2_ws/install/px4_msgs/local/lib/python3.10/dist-packages/px4_msgs/msg/_distance_sensor_s.c\n'}
[9.320433] (px4_msgs) StdoutLine: {'line': b'-- Up-to-date: /home/maizaied03/ros2_ws/install/px4_msgs/local/lib/python3.10/dist-packages/px4_msgs/msg/_gripper_s.c\n'}
[9.320466] (px4_msgs) StdoutLine: {'line': b'-- Up-to-date: /home/maizaied03/ros2_ws/install/px4_msgs/local/lib/python3.10/dist-packages/px4_msgs/msg/_heater_status_s.c\n'}
[9.320500] (px4_msgs) StdoutLine: {'line': b'-- Up-to-date: /home/maizaied03/ros2_ws/install/px4_msgs/local/lib/python3.10/dist-packages/px4_msgs/msg/_estimator_states_s.c\n'}
[9.320535] (px4_msgs) StdoutLine: {'line': b'-- Up-to-date: /home/maizaied03/ros2_ws/install/px4_msgs/local/lib/python3.10/dist-packages/px4_msgs/msg/_vehicle_local_position_setpoint_s.c\n'}
[9.320570] (px4_msgs) StdoutLine: {'line': b'-- Up-to-date: /home/maizaied03/ros2_ws/install/px4_msgs/local/lib/python3.10/dist-packages/px4_msgs/msg/_vehicle_torque_setpoint.py\n'}
[9.320622] (px4_msgs) StdoutLine: {'line': b'-- Up-to-date: /home/maizaied03/ros2_ws/install/px4_msgs/local/lib/python3.10/dist-packages/px4_msgs/msg/_raptor_input.py\n'}
[9.320658] (px4_msgs) StdoutLine: {'line': b'-- Up-to-date: /home/maizaied03/ros2_ws/install/px4_msgs/local/lib/python3.10/dist-packages/px4_msgs/msg/_sensor_preflight_mag_s.c\n'}
[9.320692] (px4_msgs) StdoutLine: {'line': b'-- Up-to-date: /home/maizaied03/ros2_ws/install/px4_msgs/local/lib/python3.10/dist-packages/px4_msgs/msg/_actuator_motors.py\n'}
[9.320727] (px4_msgs) StdoutLine: {'line': b'-- Up-to-date: /home/maizaied03/ros2_ws/install/px4_msgs/local/lib/python3.10/dist-packages/px4_msgs/msg/_estimator_status_flags_s.c\n'}
[9.320777] (px4_msgs) StdoutLine: {'line': b'-- Up-to-date: /home/maizaied03/ros2_ws/install/px4_msgs/local/lib/python3.10/dist-packages/px4_msgs/msg/_mag_worker_data_s.c\n'}
[9.320824] (px4_msgs) StdoutLine: {'line': b'-- Up-to-date: /home/maizaied03/ros2_ws/install/px4_msgs/local/lib/python3.10/dist-packages/px4_msgs/msg/_register_ext_component_request_s.c\n'}
[9.320871] (px4_msgs) StdoutLine: {'line': b'-- Up-to-date: /home/maizaied03/ros2_ws/install/px4_msgs/local/lib/python3.10/dist-packages/px4_msgs/msg/_rover_attitude_setpoint_s.c\n'}
[9.320919] (px4_msgs) StdoutLine: {'line': b'-- Up-to-date: /home/maizaied03/ros2_ws/install/px4_msgs/local/lib/python3.10/dist-packages/px4_msgs/msg/_config_overrides.py\n'}
[9.320965] (px4_msgs) StdoutLine: {'line': b'-- Up-to-date: /home/maizaied03/ros2_ws/install/px4_msgs/local/lib/python3.10/dist-packages/px4_msgs/msg/_fixed_wing_longitudinal_setpoint_s.c\n'}
[9.321011] (px4_msgs) StdoutLine: {'line': b'-- Up-to-date: /home/maizaied03/ros2_ws/install/px4_msgs/local/lib/python3.10/dist-packages/px4_msgs/msg/_uavcan_parameter_request.py\n'}
[9.321058] (px4_msgs) StdoutLine: {'line': b'-- Up-to-date: /home/maizaied03/ros2_ws/install/px4_msgs/local/lib/python3.10/dist-packages/px4_msgs/msg/_orb_test_large_s.c\n'}
[9.321118] (px4_msgs) StdoutLine: {'line': b'-- Up-to-date: /home/maizaied03/ros2_ws/install/px4_msgs/local/lib/python3.10/dist-packages/px4_msgs/msg/_power_monitor.py\n'}
[9.321154] (px4_msgs) StdoutLine: {'line': b'-- Up-to-date: /home/maizaied03/ros2_ws/install/px4_msgs/local/lib/python3.10/dist-packages/px4_msgs/msg/_orbit_status.py\n'}
[9.321189] (px4_msgs) StdoutLine: {'line': b'-- Up-to-date: /home/maizaied03/ros2_ws/install/px4_msgs/local/lib/python3.10/dist-packages/px4_msgs/msg/_estimator_bias_s.c\n'}
[9.321224] (px4_msgs) StdoutLine: {'line': b'-- Up-to-date: /home/maizaied03/ros2_ws/install/px4_msgs/local/lib/python3.10/dist-packages/px4_msgs/msg/_airspeed_validated.py\n'}
[9.321256] (px4_msgs) StdoutLine: {'line': b'-- Up-to-date: /home/maizaied03/ros2_ws/install/px4_msgs/local/lib/python3.10/dist-packages/px4_msgs/msg/_vtx_s.c\n'}
[9.321288] (px4_msgs) StdoutLine: {'line': b'-- Up-to-date: /home/maizaied03/ros2_ws/install/px4_msgs/local/lib/python3.10/dist-packages/px4_msgs/msg/_vehicle_optical_flow_vel.py\n'}
[9.321320] (px4_msgs) StdoutLine: {'line': b'-- Up-to-date: /home/maizaied03/ros2_ws/install/px4_msgs/local/lib/python3.10/dist-packages/px4_msgs/msg/_led_control.py\n'}
[9.321355] (px4_msgs) StdoutLine: {'line': b'-- Up-to-date: /home/maizaied03/ros2_ws/install/px4_msgs/local/lib/python3.10/dist-packages/px4_msgs/msg/_vehicle_command.py\n'}
[9.321404] (px4_msgs) StdoutLine: {'line': b'-- Up-to-date: /home/maizaied03/ros2_ws/install/px4_msgs/local/lib/python3.10/dist-packages/px4_msgs/msg/_sensor_gyro_fft_s.c\n'}
[9.321436] (px4_msgs) StdoutLine: {'line': b'-- Up-to-date: /home/maizaied03/ros2_ws/install/px4_msgs/local/lib/python3.10/dist-packages/px4_msgs/msg/_qshell_req.py\n'}
[9.321469] (px4_msgs) StdoutLine: {'line': b'-- Up-to-date: /home/maizaied03/ros2_ws/install/px4_msgs/local/lib/python3.10/dist-packages/px4_msgs/msg/_vtol_vehicle_status.py\n'}
[9.321502] (px4_msgs) StdoutLine: {'line': b'-- Up-to-date: /home/maizaied03/ros2_ws/install/px4_msgs/local/lib/python3.10/dist-packages/px4_msgs/msg/_vehicle_thrust_setpoint_s.c\n'}
[9.321557] (px4_msgs) StdoutLine: {'line': b'-- Up-to-date: /home/maizaied03/ros2_ws/install/px4_msgs/local/lib/python3.10/dist-packages/px4_msgs/msg/_ulog_stream.py\n'}
[9.321598] (px4_msgs) StdoutLine: {'line': b'-- Up-to-date: /home/maizaied03/ros2_ws/install/px4_msgs/local/lib/python3.10/dist-packages/px4_msgs/msg/_estimator_gps_status.py\n'}
[9.321636] (px4_msgs) StdoutLine: {'line': b'-- Up-to-date: /home/maizaied03/ros2_ws/install/px4_msgs/local/lib/python3.10/dist-packages/px4_msgs/msg/_adc_report_s.c\n'}
[9.321668] (px4_msgs) StdoutLine: {'line': b'-- Up-to-date: /home/maizaied03/ros2_ws/install/px4_msgs/local/lib/python3.10/dist-packages/px4_msgs/msg/_qshell_retval.py\n'}
[9.321708] (px4_msgs) StdoutLine: {'line': b'-- Up-to-date: /home/maizaied03/ros2_ws/install/px4_msgs/local/lib/python3.10/dist-packages/px4_msgs/msg/_sensor_temp.py\n'}
[9.321740] (px4_msgs) StdoutLine: {'line': b'-- Up-to-date: /home/maizaied03/ros2_ws/install/px4_msgs/local/lib/python3.10/dist-packages/px4_msgs/msg/_gimbal_controls.py\n'}
[9.321771] (px4_msgs) StdoutLine: {'line': b'-- Up-to-date: /home/maizaied03/ros2_ws/install/px4_msgs/local/lib/python3.10/dist-packages/px4_msgs/msg/_sensor_accel_s.c\n'}
[9.321802] (px4_msgs) StdoutLine: {'line': b'-- Up-to-date: /home/maizaied03/ros2_ws/install/px4_msgs/local/lib/python3.10/dist-packages/px4_msgs/msg/_pure_pursuit_status_s.c\n'}
[9.321834] (px4_msgs) StdoutLine: {'line': b'-- Up-to-date: /home/maizaied03/ros2_ws/install/px4_msgs/local/lib/python3.10/dist-packages/px4_msgs/msg/_mavlink_log.py\n'}
[9.321865] (px4_msgs) StdoutLine: {'line': b'-- Up-to-date: /home/maizaied03/ros2_ws/install/px4_msgs/local/lib/python3.10/dist-packages/px4_msgs/msg/_system_power.py\n'}
[9.321895] (px4_msgs) StdoutLine: {'line': b'-- Up-to-date: /home/maizaied03/ros2_ws/install/px4_msgs/local/lib/python3.10/dist-packages/px4_msgs/msg/_rtl_time_estimate.py\n'}
[9.321934] (px4_msgs) StdoutLine: {'line': b'-- Up-to-date: /home/maizaied03/ros2_ws/install/px4_msgs/local/lib/python3.10/dist-packages/px4_msgs/msg/_rover_steering_setpoint.py\n'}
[9.321966] (px4_msgs) StdoutLine: {'line': b'-- Up-to-date: /home/maizaied03/ros2_ws/install/px4_msgs/local/lib/python3.10/dist-packages/px4_msgs/msg/_satellite_info_s.c\n'}
[9.321997] (px4_msgs) StdoutLine: {'line': b'-- Up-to-date: /home/maizaied03/ros2_ws/install/px4_msgs/local/lib/python3.10/dist-packages/px4_msgs/msg/_button_event.py\n'}
[9.322028] (px4_msgs) StdoutLine: {'line': b'-- Up-to-date: /home/maizaied03/ros2_ws/install/px4_msgs/local/lib/python3.10/dist-packages/px4_msgs/msg/_vtol_vehicle_status_s.c\n'}
[9.322059] (px4_msgs) StdoutLine: {'line': b'-- Up-to-date: /home/maizaied03/ros2_ws/install/px4_msgs/local/lib/python3.10/dist-packages/px4_msgs/msg/_sensor_gyro_s.c\n'}
[9.322091] (px4_msgs) StdoutLine: {'line': b'-- Up-to-date: /home/maizaied03/ros2_ws/install/px4_msgs/local/lib/python3.10/dist-packages/px4_msgs/msg/_actuator_test.py\n'}
[9.322122] (px4_msgs) StdoutLine: {'line': b'-- Up-to-date: /home/maizaied03/ros2_ws/install/px4_msgs/local/lib/python3.10/dist-packages/px4_msgs/msg/_dataman_response_s.c\n'}
[9.322152] (px4_msgs) StdoutLine: {'line': b'-- Up-to-date: /home/maizaied03/ros2_ws/install/px4_msgs/local/lib/python3.10/dist-packages/px4_msgs/msg/_uavcan_parameter_request_s.c\n'}
[9.322182] (px4_msgs) StdoutLine: {'line': b'-- Up-to-date: /home/maizaied03/ros2_ws/install/px4_msgs/local/lib/python3.10/dist-packages/px4_msgs/msg/_parameter_set_used_request_s.c\n'}
[9.322212] (px4_msgs) StdoutLine: {'line': b'-- Up-to-date: /home/maizaied03/ros2_ws/install/px4_msgs/local/lib/python3.10/dist-packages/px4_msgs/msg/_lateral_control_configuration_s.c\n'}
[9.322246] (px4_msgs) StdoutLine: {'line': b'-- Up-to-date: /home/maizaied03/ros2_ws/install/px4_msgs/local/lib/python3.10/dist-packages/px4_msgs/msg/_irlock_report.py\n'}
[9.322299] (px4_msgs) StdoutLine: {'line': b'-- Up-to-date: /home/maizaied03/ros2_ws/install/px4_msgs/local/lib/python3.10/dist-packages/px4_msgs/msg/_rc_channels.py\n'}
[9.322335] (px4_msgs) StdoutLine: {'line': b'-- Up-to-date: /home/maizaied03/ros2_ws/install/px4_msgs/local/lib/python3.10/dist-packages/px4_msgs/msg/_airspeed_wind_s.c\n'}
[9.322366] (px4_msgs) StdoutLine: {'line': b'-- Up-to-date: /home/maizaied03/ros2_ws/install/px4_msgs/local/lib/python3.10/dist-packages/px4_msgs/msg/_ekf2_timestamps_s.c\n'}
[9.322398] (px4_msgs) StdoutLine: {'line': b'-- Up-to-date: /home/maizaied03/ros2_ws/install/px4_msgs/local/lib/python3.10/dist-packages/px4_msgs/msg/_follow_target_estimator_s.c\n'}
[9.322428] (px4_msgs) StdoutLine: {'line': b'-- Up-to-date: /home/maizaied03/ros2_ws/install/px4_msgs/local/lib/python3.10/dist-packages/px4_msgs/msg/_orb_test.py\n'}
[9.322459] (px4_msgs) StdoutLine: {'line': b'-- Up-to-date: /home/maizaied03/ros2_ws/install/px4_msgs/local/lib/python3.10/dist-packages/px4_msgs/msg/_debug_array_s.c\n'}
[9.322491] (px4_msgs) StdoutLine: {'line': b'-- Up-to-date: /home/maizaied03/ros2_ws/install/px4_msgs/local/lib/python3.10/dist-packages/px4_msgs/msg/_irlock_report_s.c\n'}
[9.322522] (px4_msgs) StdoutLine: {'line': b'-- Up-to-date: /home/maizaied03/ros2_ws/install/px4_msgs/local/lib/python3.10/dist-packages/px4_msgs/msg/_rover_speed_setpoint_s.c\n'}
[9.322553] (px4_msgs) StdoutLine: {'line': b'-- Up-to-date: /home/maizaied03/ros2_ws/install/px4_msgs/local/lib/python3.10/dist-packages/px4_msgs/msg/_debug_vect.py\n'}
[9.322583] (px4_msgs) StdoutLine: {'line': b'-- Up-to-date: /home/maizaied03/ros2_ws/install/px4_msgs/local/lib/python3.10/dist-packages/px4_msgs/msg/_message_format_response_s.c\n'}
[9.322629] (px4_msgs) StdoutLine: {'line': b'-- Up-to-date: /home/maizaied03/ros2_ws/install/px4_msgs/local/lib/python3.10/dist-packages/px4_msgs/msg/_geofence_result.py\n'}
[9.322661] (px4_msgs) StdoutLine: {'line': b'-- Up-to-date: /home/maizaied03/ros2_ws/install/px4_msgs/local/lib/python3.10/dist-packages/px4_msgs/msg/_landing_target_innovations_s.c\n'}
[9.322691] (px4_msgs) StdoutLine: {'line': b'-- Up-to-date: /home/maizaied03/ros2_ws/install/px4_msgs/local/lib/python3.10/dist-packages/px4_msgs/msg/_gripper.py\n'}
[9.322725] (px4_msgs) StdoutLine: {'line': b'-- Up-to-date: /home/maizaied03/ros2_ws/install/px4_msgs/local/lib/python3.10/dist-packages/px4_msgs/msg/_vehicle_rates_setpoint_s.c\n'}
[9.322759] (px4_msgs) StdoutLine: {'line': b'-- Up-to-date: /home/maizaied03/ros2_ws/install/px4_msgs/local/lib/python3.10/dist-packages/px4_msgs/msg/_timesync_status_s.c\n'}
[9.322789] (px4_msgs) StdoutLine: {'line': b'-- Up-to-date: /home/maizaied03/ros2_ws/install/px4_msgs/local/lib/python3.10/dist-packages/px4_msgs/_px4_msgs_s.ep.rosidl_typesupport_fastrtps_c.c\n'}
[9.322823] (px4_msgs) StdoutLine: {'line': b'-- Up-to-date: /home/maizaied03/ros2_ws/install/px4_msgs/local/lib/python3.10/dist-packages/px4_msgs/srv\n'}
[9.322855] (px4_msgs) StdoutLine: {'line': b'-- Up-to-date: /home/maizaied03/ros2_ws/install/px4_msgs/local/lib/python3.10/dist-packages/px4_msgs/srv/_vehicle_command_s.c\n'}
[9.322903] (px4_msgs) StdoutLine: {'line': b'-- Up-to-date: /home/maizaied03/ros2_ws/install/px4_msgs/local/lib/python3.10/dist-packages/px4_msgs/srv/__init__.py\n'}
[9.322937] (px4_msgs) StdoutLine: {'line': b'-- Up-to-date: /home/maizaied03/ros2_ws/install/px4_msgs/local/lib/python3.10/dist-packages/px4_msgs/srv/_vehicle_command.py\n'}
[9.322970] (px4_msgs) StdoutLine: {'line': b"Listing '/home/maizaied03/ros2_ws/install/px4_msgs/local/lib/python3.10/dist-packages/px4_msgs'...\n"}
[9.323003] (px4_msgs) StdoutLine: {'line': b"Listing '/home/maizaied03/ros2_ws/install/px4_msgs/local/lib/python3.10/dist-packages/px4_msgs/msg'...\n"}
[9.323035] (px4_msgs) StdoutLine: {'line': b"Listing '/home/maizaied03/ros2_ws/install/px4_msgs/local/lib/python3.10/dist-packages/px4_msgs/srv'...\n"}
[9.323066] (px4_msgs) StdoutLine: {'line': b'-- Installing: /home/maizaied03/ros2_ws/install/px4_msgs/local/lib/python3.10/dist-packages/px4_msgs/px4_msgs_s__rosidl_typesupport_fastrtps_c.cpython-310-x86_64-linux-gnu.so\n'}
[9.323102] (px4_msgs) StdoutLine: {'line': b'-- Set runtime path of "/home/maizaied03/ros2_ws/install/px4_msgs/local/lib/python3.10/dist-packages/px4_msgs/px4_msgs_s__rosidl_typesupport_fastrtps_c.cpython-310-x86_64-linux-gnu.so" to ""\n'}
[9.323139] (px4_msgs) StdoutLine: {'line': b'-- Installing: /home/maizaied03/ros2_ws/install/px4_msgs/local/lib/python3.10/dist-packages/px4_msgs/px4_msgs_s__rosidl_typesupport_introspection_c.cpython-310-x86_64-linux-gnu.so\n'}
[9.323174] (px4_msgs) StdoutLine: {'line': b'-- Set runtime path of "/home/maizaied03/ros2_ws/install/px4_msgs/local/lib/python3.10/dist-packages/px4_msgs/px4_msgs_s__rosidl_typesupport_introspection_c.cpython-310-x86_64-linux-gnu.so" to ""\n'}
[9.323211] (px4_msgs) StdoutLine: {'line': b'-- Installing: /home/maizaied03/ros2_ws/install/px4_msgs/local/lib/python3.10/dist-packages/px4_msgs/px4_msgs_s__rosidl_typesupport_c.cpython-310-x86_64-linux-gnu.so\n'}
[9.323266] (px4_msgs) StdoutLine: {'line': b'-- Set runtime path of "/home/maizaied03/ros2_ws/install/px4_msgs/local/lib/python3.10/dist-packages/px4_msgs/px4_msgs_s__rosidl_typesupport_c.cpython-310-x86_64-linux-gnu.so" to ""\n'}
[9.323302] (px4_msgs) StdoutLine: {'line': b'-- Installing: /home/maizaied03/ros2_ws/install/px4_msgs/lib/libpx4_msgs__rosidl_generator_py.so\n'}
[9.323337] (px4_msgs) StdoutLine: {'line': b'-- Set runtime path of "/home/maizaied03/ros2_ws/install/px4_msgs/lib/libpx4_msgs__rosidl_generator_py.so" to ""\n'}
[9.323373] (px4_msgs) StdoutLine: {'line': b'-- Up-to-date: /home/maizaied03/ros2_ws/install/px4_msgs/share/px4_msgs/msg/ActionRequest.idl\n'}
[9.323408] (px4_msgs) StdoutLine: {'line': b'-- Up-to-date: /home/maizaied03/ros2_ws/install/px4_msgs/share/px4_msgs/msg/ActuatorArmed.idl\n'}
[9.323441] (px4_msgs) StdoutLine: {'line': b'-- Up-to-date: /home/maizaied03/ros2_ws/install/px4_msgs/share/px4_msgs/msg/ActuatorControlsStatus.idl\n'}
[9.323475] (px4_msgs) StdoutLine: {'line': b'-- Up-to-date: /home/maizaied03/ros2_ws/install/px4_msgs/share/px4_msgs/msg/ActuatorMotors.idl\n'}
[9.323508] (px4_msgs) StdoutLine: {'line': b'-- Up-to-date: /home/maizaied03/ros2_ws/install/px4_msgs/share/px4_msgs/msg/ActuatorOutputs.idl\n'}
[9.323546] (px4_msgs) StdoutLine: {'line': b'-- Up-to-date: /home/maizaied03/ros2_ws/install/px4_msgs/share/px4_msgs/msg/ActuatorServos.idl\n'}
[9.323580] (px4_msgs) StdoutLine: {'line': b'-- Up-to-date: /home/maizaied03/ros2_ws/install/px4_msgs/share/px4_msgs/msg/ActuatorServosTrim.idl\n'}
[9.323642] (px4_msgs) StdoutLine: {'line': b'-- Up-to-date: /home/maizaied03/ros2_ws/install/px4_msgs/share/px4_msgs/msg/ActuatorTest.idl\n'}
[9.323678] (px4_msgs) StdoutLine: {'line': b'-- Up-to-date: /home/maizaied03/ros2_ws/install/px4_msgs/share/px4_msgs/msg/AdcReport.idl\n'}
[9.323712] (px4_msgs) StdoutLine: {'line': b'-- Up-to-date: /home/maizaied03/ros2_ws/install/px4_msgs/share/px4_msgs/msg/Airspeed.idl\n'}
[9.323747] (px4_msgs) StdoutLine: {'line': b'-- Up-to-date: /home/maizaied03/ros2_ws/install/px4_msgs/share/px4_msgs/msg/AirspeedValidated.idl\n'}
[9.323779] (px4_msgs) StdoutLine: {'line': b'-- Up-to-date: /home/maizaied03/ros2_ws/install/px4_msgs/share/px4_msgs/msg/AirspeedWind.idl\n'}
[9.323816] (px4_msgs) StdoutLine: {'line': b'-- Up-to-date: /home/maizaied03/ros2_ws/install/px4_msgs/share/px4_msgs/msg/ArmingCheckReply.idl\n'}
[9.323851] (px4_msgs) StdoutLine: {'line': b'-- Up-to-date: /home/maizaied03/ros2_ws/install/px4_msgs/share/px4_msgs/msg/ArmingCheckRequest.idl\n'}
[9.323886] (px4_msgs) StdoutLine: {'line': b'-- Up-to-date: /home/maizaied03/ros2_ws/install/px4_msgs/share/px4_msgs/msg/AutotuneAttitudeControlStatus.idl\n'}
[9.323921] (px4_msgs) StdoutLine: {'line': b'-- Up-to-date: /home/maizaied03/ros2_ws/install/px4_msgs/share/px4_msgs/msg/BatteryInfo.idl\n'}
[9.323955] (px4_msgs) StdoutLine: {'line': b'-- Up-to-date: /home/maizaied03/ros2_ws/install/px4_msgs/share/px4_msgs/msg/BatteryStatus.idl\n'}
[9.323990] (px4_msgs) StdoutLine: {'line': b'-- Up-to-date: /home/maizaied03/ros2_ws/install/px4_msgs/share/px4_msgs/msg/ButtonEvent.idl\n'}
[9.324025] (px4_msgs) StdoutLine: {'line': b'-- Up-to-date: /home/maizaied03/ros2_ws/install/px4_msgs/share/px4_msgs/msg/CameraCapture.idl\n'}
[9.324073] (px4_msgs) StdoutLine: {'line': b'-- Up-to-date: /home/maizaied03/ros2_ws/install/px4_msgs/share/px4_msgs/msg/CameraStatus.idl\n'}
[9.324120] (px4_msgs) StdoutLine: {'line': b'-- Up-to-date: /home/maizaied03/ros2_ws/install/px4_msgs/share/px4_msgs/msg/CameraTrigger.idl\n'}
[9.324167] (px4_msgs) StdoutLine: {'line': b'-- Up-to-date: /home/maizaied03/ros2_ws/install/px4_msgs/share/px4_msgs/msg/CanInterfaceStatus.idl\n'}
[9.324214] (px4_msgs) StdoutLine: {'line': b'-- Up-to-date: /home/maizaied03/ros2_ws/install/px4_msgs/share/px4_msgs/msg/CellularStatus.idl\n'}
[9.324273] (px4_msgs) StdoutLine: {'line': b'-- Up-to-date: /home/maizaied03/ros2_ws/install/px4_msgs/share/px4_msgs/msg/CollisionConstraints.idl\n'}
[9.324311] (px4_msgs) StdoutLine: {'line': b'-- Up-to-date: /home/maizaied03/ros2_ws/install/px4_msgs/share/px4_msgs/msg/ConfigOverrides.idl\n'}
[9.324346] (px4_msgs) StdoutLine: {'line': b'-- Up-to-date: /home/maizaied03/ros2_ws/install/px4_msgs/share/px4_msgs/msg/ControlAllocatorStatus.idl\n'}
[9.324381] (px4_msgs) StdoutLine: {'line': b'-- Up-to-date: /home/maizaied03/ros2_ws/install/px4_msgs/share/px4_msgs/msg/Cpuload.idl\n'}
[9.324415] (px4_msgs) StdoutLine: {'line': b'-- Up-to-date: /home/maizaied03/ros2_ws/install/px4_msgs/share/px4_msgs/msg/DatamanRequest.idl\n'}
[9.324449] (px4_msgs) StdoutLine: {'line': b'-- Up-to-date: /home/maizaied03/ros2_ws/install/px4_msgs/share/px4_msgs/msg/DatamanResponse.idl\n'}
[9.324482] (px4_msgs) StdoutLine: {'line': b'-- Up-to-date: /home/maizaied03/ros2_ws/install/px4_msgs/share/px4_msgs/msg/DebugArray.idl\n'}
[9.324517] (px4_msgs) StdoutLine: {'line': b'-- Up-to-date: /home/maizaied03/ros2_ws/install/px4_msgs/share/px4_msgs/msg/DebugKeyValue.idl\n'}
[9.324551] (px4_msgs) StdoutLine: {'line': b'-- Up-to-date: /home/maizaied03/ros2_ws/install/px4_msgs/share/px4_msgs/msg/DebugValue.idl\n'}
[9.324585] (px4_msgs) StdoutLine: {'line': b'-- Up-to-date: /home/maizaied03/ros2_ws/install/px4_msgs/share/px4_msgs/msg/DebugVect.idl\n'}
[9.324658] (px4_msgs) StdoutLine: {'line': b'-- Up-to-date: /home/maizaied03/ros2_ws/install/px4_msgs/share/px4_msgs/msg/DeviceInformation.idl\n'}
[9.324696] (px4_msgs) StdoutLine: {'line': b'-- Up-to-date: /home/maizaied03/ros2_ws/install/px4_msgs/share/px4_msgs/msg/DifferentialPressure.idl\n'}
[9.324733] (px4_msgs) StdoutLine: {'line': b'-- Up-to-date: /home/maizaied03/ros2_ws/install/px4_msgs/share/px4_msgs/msg/DistanceSensor.idl\n'}
[9.324768] (px4_msgs) StdoutLine: {'line': b'-- Up-to-date: /home/maizaied03/ros2_ws/install/px4_msgs/share/px4_msgs/msg/DistanceSensorModeChangeRequest.idl\n'}
[9.324804] (px4_msgs) StdoutLine: {'line': b'-- Up-to-date: /home/maizaied03/ros2_ws/install/px4_msgs/share/px4_msgs/msg/DronecanNodeStatus.idl\n'}
[9.324840] (px4_msgs) StdoutLine: {'line': b'-- Up-to-date: /home/maizaied03/ros2_ws/install/px4_msgs/share/px4_msgs/msg/Ekf2Timestamps.idl\n'}
[9.324875] (px4_msgs) StdoutLine: {'line': b'-- Up-to-date: /home/maizaied03/ros2_ws/install/px4_msgs/share/px4_msgs/msg/EscReport.idl\n'}
[9.324909] (px4_msgs) StdoutLine: {'line': b'-- Up-to-date: /home/maizaied03/ros2_ws/install/px4_msgs/share/px4_msgs/msg/EscStatus.idl\n'}
[9.324944] (px4_msgs) StdoutLine: {'line': b'-- Up-to-date: /home/maizaied03/ros2_ws/install/px4_msgs/share/px4_msgs/msg/EstimatorAidSource1d.idl\n'}
[9.324994] (px4_msgs) StdoutLine: {'line': b'-- Up-to-date: /home/maizaied03/ros2_ws/install/px4_msgs/share/px4_msgs/msg/EstimatorAidSource2d.idl\n'}
[9.325029] (px4_msgs) StdoutLine: {'line': b'-- Up-to-date: /home/maizaied03/ros2_ws/install/px4_msgs/share/px4_msgs/msg/EstimatorAidSource3d.idl\n'}
[9.325063] (px4_msgs) StdoutLine: {'line': b'-- Up-to-date: /home/maizaied03/ros2_ws/install/px4_msgs/share/px4_msgs/msg/EstimatorBias.idl\n'}
[9.325096] (px4_msgs) StdoutLine: {'line': b'-- Up-to-date: /home/maizaied03/ros2_ws/install/px4_msgs/share/px4_msgs/msg/EstimatorBias3d.idl\n'}
[9.325129] (px4_msgs) StdoutLine: {'line': b'-- Up-to-date: /home/maizaied03/ros2_ws/install/px4_msgs/share/px4_msgs/msg/EstimatorEventFlags.idl\n'}
[9.325162] (px4_msgs) StdoutLine: {'line': b'-- Up-to-date: /home/maizaied03/ros2_ws/install/px4_msgs/share/px4_msgs/msg/EstimatorGpsStatus.idl\n'}
[9.325197] (px4_msgs) StdoutLine: {'line': b'-- Up-to-date: /home/maizaied03/ros2_ws/install/px4_msgs/share/px4_msgs/msg/EstimatorInnovations.idl\n'}
[9.325229] (px4_msgs) StdoutLine: {'line': b'-- Up-to-date: /home/maizaied03/ros2_ws/install/px4_msgs/share/px4_msgs/msg/EstimatorSelectorStatus.idl\n'}
[9.325265] (px4_msgs) StdoutLine: {'line': b'-- Up-to-date: /home/maizaied03/ros2_ws/install/px4_msgs/share/px4_msgs/msg/EstimatorSensorBias.idl\n'}
[9.325310] (px4_msgs) StdoutLine: {'line': b'-- Up-to-date: /home/maizaied03/ros2_ws/install/px4_msgs/share/px4_msgs/msg/EstimatorStates.idl\n'}
[9.325355] (px4_msgs) StdoutLine: {'line': b'-- Up-to-date: /home/maizaied03/ros2_ws/install/px4_msgs/share/px4_msgs/msg/EstimatorStatus.idl\n'}
[9.325399] (px4_msgs) StdoutLine: {'line': b'-- Up-to-date: /home/maizaied03/ros2_ws/install/px4_msgs/share/px4_msgs/msg/EstimatorStatusFlags.idl\n'}
[9.325444] (px4_msgs) StdoutLine: {'line': b'-- Up-to-date: /home/maizaied03/ros2_ws/install/px4_msgs/share/px4_msgs/msg/Event.idl\n'}
[9.325489] (px4_msgs) StdoutLine: {'line': b'-- Up-to-date: /home/maizaied03/ros2_ws/install/px4_msgs/share/px4_msgs/msg/FailsafeFlags.idl\n'}
[9.325533] (px4_msgs) StdoutLine: {'line': b'-- Up-to-date: /home/maizaied03/ros2_ws/install/px4_msgs/share/px4_msgs/msg/FailureDetectorStatus.idl\n'}
[9.325578] (px4_msgs) StdoutLine: {'line': b'-- Up-to-date: /home/maizaied03/ros2_ws/install/px4_msgs/share/px4_msgs/msg/FigureEightStatus.idl\n'}
[9.325637] (px4_msgs) StdoutLine: {'line': b'-- Up-to-date: /home/maizaied03/ros2_ws/install/px4_msgs/share/px4_msgs/msg/FixedWingLateralGuidanceStatus.idl\n'}
[9.325677] (px4_msgs) StdoutLine: {'line': b'-- Up-to-date: /home/maizaied03/ros2_ws/install/px4_msgs/share/px4_msgs/msg/FixedWingLateralSetpoint.idl\n'}
[9.325724] (px4_msgs) StdoutLine: {'line': b'-- Up-to-date: /home/maizaied03/ros2_ws/install/px4_msgs/share/px4_msgs/msg/FixedWingLateralStatus.idl\n'}
[9.325777] (px4_msgs) StdoutLine: {'line': b'-- Up-to-date: /home/maizaied03/ros2_ws/install/px4_msgs/share/px4_msgs/msg/FixedWingLongitudinalSetpoint.idl\n'}
[9.325811] (px4_msgs) StdoutLine: {'line': b'-- Up-to-date: /home/maizaied03/ros2_ws/install/px4_msgs/share/px4_msgs/msg/FixedWingRunwayControl.idl\n'}
[9.325844] (px4_msgs) StdoutLine: {'line': b'-- Up-to-date: /home/maizaied03/ros2_ws/install/px4_msgs/share/px4_msgs/msg/FlightPhaseEstimation.idl\n'}
[9.325877] (px4_msgs) StdoutLine: {'line': b'-- Up-to-date: /home/maizaied03/ros2_ws/install/px4_msgs/share/px4_msgs/msg/FollowTarget.idl\n'}
[9.325909] (px4_msgs) StdoutLine: {'line': b'-- Up-to-date: /home/maizaied03/ros2_ws/install/px4_msgs/share/px4_msgs/msg/FollowTargetEstimator.idl\n'}
[9.325941] (px4_msgs) StdoutLine: {'line': b'-- Up-to-date: /home/maizaied03/ros2_ws/install/px4_msgs/share/px4_msgs/msg/FollowTargetStatus.idl\n'}
[9.325974] (px4_msgs) StdoutLine: {'line': b'-- Up-to-date: /home/maizaied03/ros2_ws/install/px4_msgs/share/px4_msgs/msg/FuelTankStatus.idl\n'}
[9.326007] (px4_msgs) StdoutLine: {'line': b'-- Up-to-date: /home/maizaied03/ros2_ws/install/px4_msgs/share/px4_msgs/msg/GainCompression.idl\n'}
[9.326041] (px4_msgs) StdoutLine: {'line': b'-- Up-to-date: /home/maizaied03/ros2_ws/install/px4_msgs/share/px4_msgs/msg/GeneratorStatus.idl\n'}
[9.326074] (px4_msgs) StdoutLine: {'line': b'-- Up-to-date: /home/maizaied03/ros2_ws/install/px4_msgs/share/px4_msgs/msg/GeofenceResult.idl\n'}
[9.326105] (px4_msgs) StdoutLine: {'line': b'-- Up-to-date: /home/maizaied03/ros2_ws/install/px4_msgs/share/px4_msgs/msg/GeofenceStatus.idl\n'}
[9.326137] (px4_msgs) StdoutLine: {'line': b'-- Up-to-date: /home/maizaied03/ros2_ws/install/px4_msgs/share/px4_msgs/msg/GimbalControls.idl\n'}
[9.326179] (px4_msgs) StdoutLine: {'line': b'-- Up-to-date: /home/maizaied03/ros2_ws/install/px4_msgs/share/px4_msgs/msg/GimbalDeviceAttitudeStatus.idl\n'}
[9.326238] (px4_msgs) StdoutLine: {'line': b'-- Up-to-date: /home/maizaied03/ros2_ws/install/px4_msgs/share/px4_msgs/msg/GimbalDeviceInformation.idl\n'}
[9.326280] (px4_msgs) StdoutLine: {'line': b'-- Up-to-date: /home/maizaied03/ros2_ws/install/px4_msgs/share/px4_msgs/msg/GimbalDeviceSetAttitude.idl\n'}
[9.326319] (px4_msgs) StdoutLine: {'line': b'-- Up-to-date: /home/maizaied03/ros2_ws/install/px4_msgs/share/px4_msgs/msg/GimbalManagerInformation.idl\n'}
[9.326359] (px4_msgs) StdoutLine: {'line': b'-- Up-to-date: /home/maizaied03/ros2_ws/install/px4_msgs/share/px4_msgs/msg/GimbalManagerSetAttitude.idl\n'}
[9.326398] (px4_msgs) StdoutLine: {'line': b'-- Up-to-date: /home/maizaied03/ros2_ws/install/px4_msgs/share/px4_msgs/msg/GimbalManagerSetManualControl.idl\n'}
[9.326438] (px4_msgs) StdoutLine: {'line': b'-- Up-to-date: /home/maizaied03/ros2_ws/install/px4_msgs/share/px4_msgs/msg/GimbalManagerStatus.idl\n'}
[9.326477] (px4_msgs) StdoutLine: {'line': b'-- Up-to-date: /home/maizaied03/ros2_ws/install/px4_msgs/share/px4_msgs/msg/GotoSetpoint.idl\n'}
[9.326516] (px4_msgs) StdoutLine: {'line': b'-- Up-to-date: /home/maizaied03/ros2_ws/install/px4_msgs/share/px4_msgs/msg/GpioConfig.idl\n'}
[9.326566] (px4_msgs) StdoutLine: {'line': b'-- Up-to-date: /home/maizaied03/ros2_ws/install/px4_msgs/share/px4_msgs/msg/GpioIn.idl\n'}
[9.326638] (px4_msgs) StdoutLine: {'line': b'-- Up-to-date: /home/maizaied03/ros2_ws/install/px4_msgs/share/px4_msgs/msg/GpioOut.idl\n'}
[9.326680] (px4_msgs) StdoutLine: {'line': b'-- Up-to-date: /home/maizaied03/ros2_ws/install/px4_msgs/share/px4_msgs/msg/GpioRequest.idl\n'}
[9.326728] (px4_msgs) StdoutLine: {'line': b'-- Up-to-date: /home/maizaied03/ros2_ws/install/px4_msgs/share/px4_msgs/msg/GpsDump.idl\n'}
[9.326787] (px4_msgs) StdoutLine: {'line': b'-- Up-to-date: /home/maizaied03/ros2_ws/install/px4_msgs/share/px4_msgs/msg/GpsInjectData.idl\n'}
[9.326847] (px4_msgs) StdoutLine: {'line': b'-- Up-to-date: /home/maizaied03/ros2_ws/install/px4_msgs/share/px4_msgs/msg/Gripper.idl\n'}
[9.326909] (px4_msgs) StdoutLine: {'line': b'-- Up-to-date: /home/maizaied03/ros2_ws/install/px4_msgs/share/px4_msgs/msg/HealthReport.idl\n'}
[9.326981] (px4_msgs) StdoutLine: {'line': b'-- Up-to-date: /home/maizaied03/ros2_ws/install/px4_msgs/share/px4_msgs/msg/HeaterStatus.idl\n'}
[9.327035] (px4_msgs) StdoutLine: {'line': b'-- Up-to-date: /home/maizaied03/ros2_ws/install/px4_msgs/share/px4_msgs/msg/HomePosition.idl\n'}
[9.327086] (px4_msgs) StdoutLine: {'line': b'-- Up-to-date: /home/maizaied03/ros2_ws/install/px4_msgs/share/px4_msgs/msg/HoverThrustEstimate.idl\n'}
[9.327153] (px4_msgs) StdoutLine: {'line': b'-- Up-to-date: /home/maizaied03/ros2_ws/install/px4_msgs/share/px4_msgs/msg/InputRc.idl\n'}
[9.327206] (px4_msgs) StdoutLine: {'line': b'-- Up-to-date: /home/maizaied03/ros2_ws/install/px4_msgs/share/px4_msgs/msg/InternalCombustionEngineControl.idl\n'}
[9.327244] (px4_msgs) StdoutLine: {'line': b'-- Up-to-date: /home/maizaied03/ros2_ws/install/px4_msgs/share/px4_msgs/msg/InternalCombustionEngineStatus.idl\n'}
[9.327280] (px4_msgs) StdoutLine: {'line': b'-- Up-to-date: /home/maizaied03/ros2_ws/install/px4_msgs/share/px4_msgs/msg/IridiumsbdStatus.idl\n'}
[9.327316] (px4_msgs) StdoutLine: {'line': b'-- Up-to-date: /home/maizaied03/ros2_ws/install/px4_msgs/share/px4_msgs/msg/IrlockReport.idl\n'}
[9.327364] (px4_msgs) StdoutLine: {'line': b'-- Up-to-date: /home/maizaied03/ros2_ws/install/px4_msgs/share/px4_msgs/msg/LandingGear.idl\n'}
[9.327414] (px4_msgs) StdoutLine: {'line': b'-- Up-to-date: /home/maizaied03/ros2_ws/install/px4_msgs/share/px4_msgs/msg/LandingGearWheel.idl\n'}
[9.327463] (px4_msgs) StdoutLine: {'line': b'-- Up-to-date: /home/maizaied03/ros2_ws/install/px4_msgs/share/px4_msgs/msg/LandingTargetInnovations.idl\n'}
[9.327512] (px4_msgs) StdoutLine: {'line': b'-- Up-to-date: /home/maizaied03/ros2_ws/install/px4_msgs/share/px4_msgs/msg/LandingTargetPose.idl\n'}
[9.327560] (px4_msgs) StdoutLine: {'line': b'-- Up-to-date: /home/maizaied03/ros2_ws/install/px4_msgs/share/px4_msgs/msg/LateralControlConfiguration.idl\n'}
[9.327628] (px4_msgs) StdoutLine: {'line': b'-- Up-to-date: /home/maizaied03/ros2_ws/install/px4_msgs/share/px4_msgs/msg/LaunchDetectionStatus.idl\n'}
[9.327675] (px4_msgs) StdoutLine: {'line': b'-- Up-to-date: /home/maizaied03/ros2_ws/install/px4_msgs/share/px4_msgs/msg/LedControl.idl\n'}
[9.327711] (px4_msgs) StdoutLine: {'line': b'-- Up-to-date: /home/maizaied03/ros2_ws/install/px4_msgs/share/px4_msgs/msg/LogMessage.idl\n'}
[9.327746] (px4_msgs) StdoutLine: {'line': b'-- Up-to-date: /home/maizaied03/ros2_ws/install/px4_msgs/share/px4_msgs/msg/LoggerStatus.idl\n'}
[9.327785] (px4_msgs) StdoutLine: {'line': b'-- Up-to-date: /home/maizaied03/ros2_ws/install/px4_msgs/share/px4_msgs/msg/LongitudinalControlConfiguration.idl\n'}
[9.327829] (px4_msgs) StdoutLine: {'line': b'-- Up-to-date: /home/maizaied03/ros2_ws/install/px4_msgs/share/px4_msgs/msg/MagWorkerData.idl\n'}
[9.327867] (px4_msgs) StdoutLine: {'line': b'-- Up-to-date: /home/maizaied03/ros2_ws/install/px4_msgs/share/px4_msgs/msg/MagnetometerBiasEstimate.idl\n'}
[9.327905] (px4_msgs) StdoutLine: {'line': b'-- Up-to-date: /home/maizaied03/ros2_ws/install/px4_msgs/share/px4_msgs/msg/ManualControlSetpoint.idl\n'}
[9.327944] (px4_msgs) StdoutLine: {'line': b'-- Up-to-date: /home/maizaied03/ros2_ws/install/px4_msgs/share/px4_msgs/msg/ManualControlSwitches.idl\n'}
[9.328017] (px4_msgs) StdoutLine: {'line': b'-- Up-to-date: /home/maizaied03/ros2_ws/install/px4_msgs/share/px4_msgs/msg/MavlinkLog.idl\n'}
[9.328054] (px4_msgs) StdoutLine: {'line': b'-- Up-to-date: /home/maizaied03/ros2_ws/install/px4_msgs/share/px4_msgs/msg/MavlinkTunnel.idl\n'}
[9.328096] (px4_msgs) StdoutLine: {'line': b'-- Up-to-date: /home/maizaied03/ros2_ws/install/px4_msgs/share/px4_msgs/msg/MessageFormatRequest.idl\n'}
[9.328134] (px4_msgs) StdoutLine: {'line': b'-- Up-to-date: /home/maizaied03/ros2_ws/install/px4_msgs/share/px4_msgs/msg/MessageFormatResponse.idl\n'}
[9.328173] (px4_msgs) StdoutLine: {'line': b'-- Up-to-date: /home/maizaied03/ros2_ws/install/px4_msgs/share/px4_msgs/msg/Mission.idl\n'}
[9.328230] (px4_msgs) StdoutLine: {'line': b'-- Up-to-date: /home/maizaied03/ros2_ws/install/px4_msgs/share/px4_msgs/msg/MissionResult.idl\n'}
[9.328267] (px4_msgs) StdoutLine: {'line': b'-- Up-to-date: /home/maizaied03/ros2_ws/install/px4_msgs/share/px4_msgs/msg/ModeCompleted.idl\n'}
[9.328298] (px4_msgs) StdoutLine: {'line': b'-- Up-to-date: /home/maizaied03/ros2_ws/install/px4_msgs/share/px4_msgs/msg/MountOrientation.idl\n'}
[9.328332] (px4_msgs) StdoutLine: {'line': b'-- Up-to-date: /home/maizaied03/ros2_ws/install/px4_msgs/share/px4_msgs/msg/NavigatorMissionItem.idl\n'}
[9.328364] (px4_msgs) StdoutLine: {'line': b'-- Up-to-date: /home/maizaied03/ros2_ws/install/px4_msgs/share/px4_msgs/msg/NavigatorStatus.idl\n'}
[9.328398] (px4_msgs) StdoutLine: {'line': b'-- Up-to-date: /home/maizaied03/ros2_ws/install/px4_msgs/share/px4_msgs/msg/NeuralControl.idl\n'}
[9.328430] (px4_msgs) StdoutLine: {'line': b'-- Up-to-date: /home/maizaied03/ros2_ws/install/px4_msgs/share/px4_msgs/msg/NormalizedUnsignedSetpoint.idl\n'}
[9.328462] (px4_msgs) StdoutLine: {'line': b'-- Up-to-date: /home/maizaied03/ros2_ws/install/px4_msgs/share/px4_msgs/msg/ObstacleDistance.idl\n'}
[9.328495] (px4_msgs) StdoutLine: {'line': b'-- Up-to-date: /home/maizaied03/ros2_ws/install/px4_msgs/share/px4_msgs/msg/OffboardControlMode.idl\n'}
[9.328528] (px4_msgs) StdoutLine: {'line': b'-- Up-to-date: /home/maizaied03/ros2_ws/install/px4_msgs/share/px4_msgs/msg/OnboardComputerStatus.idl\n'}
[9.328561] (px4_msgs) StdoutLine: {'line': b'-- Up-to-date: /home/maizaied03/ros2_ws/install/px4_msgs/share/px4_msgs/msg/OpenDroneIdArmStatus.idl\n'}
[9.328598] (px4_msgs) StdoutLine: {'line': b'-- Up-to-date: /home/maizaied03/ros2_ws/install/px4_msgs/share/px4_msgs/msg/OpenDroneIdOperatorId.idl\n'}
[9.328637] (px4_msgs) StdoutLine: {'line': b'-- Up-to-date: /home/maizaied03/ros2_ws/install/px4_msgs/share/px4_msgs/msg/OpenDroneIdSelfId.idl\n'}
[9.328670] (px4_msgs) StdoutLine: {'line': b'-- Up-to-date: /home/maizaied03/ros2_ws/install/px4_msgs/share/px4_msgs/msg/OpenDroneIdSystem.idl\n'}
[9.328703] (px4_msgs) StdoutLine: {'line': b'-- Up-to-date: /home/maizaied03/ros2_ws/install/px4_msgs/share/px4_msgs/msg/OrbTest.idl\n'}
[9.328736] (px4_msgs) StdoutLine: {'line': b'-- Up-to-date: /home/maizaied03/ros2_ws/install/px4_msgs/share/px4_msgs/msg/OrbTestLarge.idl\n'}
[9.328769] (px4_msgs) StdoutLine: {'line': b'-- Up-to-date: /home/maizaied03/ros2_ws/install/px4_msgs/share/px4_msgs/msg/OrbTestMedium.idl\n'}
[9.328801] (px4_msgs) StdoutLine: {'line': b'-- Up-to-date: /home/maizaied03/ros2_ws/install/px4_msgs/share/px4_msgs/msg/OrbitStatus.idl\n'}
[9.328833] (px4_msgs) StdoutLine: {'line': b'-- Up-to-date: /home/maizaied03/ros2_ws/install/px4_msgs/share/px4_msgs/msg/ParameterResetRequest.idl\n'}
[9.328866] (px4_msgs) StdoutLine: {'line': b'-- Up-to-date: /home/maizaied03/ros2_ws/install/px4_msgs/share/px4_msgs/msg/ParameterSetUsedRequest.idl\n'}
[9.328899] (px4_msgs) StdoutLine: {'line': b'-- Up-to-date: /home/maizaied03/ros2_ws/install/px4_msgs/share/px4_msgs/msg/ParameterSetValueRequest.idl\n'}
[9.328932] (px4_msgs) StdoutLine: {'line': b'-- Up-to-date: /home/maizaied03/ros2_ws/install/px4_msgs/share/px4_msgs/msg/ParameterSetValueResponse.idl\n'}
[9.328965] (px4_msgs) StdoutLine: {'line': b'-- Up-to-date: /home/maizaied03/ros2_ws/install/px4_msgs/share/px4_msgs/msg/ParameterUpdate.idl\n'}
[9.328997] (px4_msgs) StdoutLine: {'line': b'-- Up-to-date: /home/maizaied03/ros2_ws/install/px4_msgs/share/px4_msgs/msg/Ping.idl\n'}
[9.329032] (px4_msgs) StdoutLine: {'line': b'-- Up-to-date: /home/maizaied03/ros2_ws/install/px4_msgs/share/px4_msgs/msg/PositionControllerLandingStatus.idl\n'}
[9.329065] (px4_msgs) StdoutLine: {'line': b'-- Up-to-date: /home/maizaied03/ros2_ws/install/px4_msgs/share/px4_msgs/msg/PositionControllerStatus.idl\n'}
[9.329097] (px4_msgs) StdoutLine: {'line': b'-- Up-to-date: /home/maizaied03/ros2_ws/install/px4_msgs/share/px4_msgs/msg/PositionSetpoint.idl\n'}
[9.329129] (px4_msgs) StdoutLine: {'line': b'-- Up-to-date: /home/maizaied03/ros2_ws/install/px4_msgs/share/px4_msgs/msg/PositionSetpointTriplet.idl\n'}
[9.329192] (px4_msgs) StdoutLine: {'line': b'-- Up-to-date: /home/maizaied03/ros2_ws/install/px4_msgs/share/px4_msgs/msg/PowerButtonState.idl\n'}
[9.329223] (px4_msgs) StdoutLine: {'line': b'-- Up-to-date: /home/maizaied03/ros2_ws/install/px4_msgs/share/px4_msgs/msg/PowerMonitor.idl\n'}
[9.329256] (px4_msgs) StdoutLine: {'line': b'-- Up-to-date: /home/maizaied03/ros2_ws/install/px4_msgs/share/px4_msgs/msg/PpsCapture.idl\n'}
[9.329308] (px4_msgs) StdoutLine: {'line': b'-- Up-to-date: /home/maizaied03/ros2_ws/install/px4_msgs/share/px4_msgs/msg/PurePursuitStatus.idl\n'}
[9.329339] (px4_msgs) StdoutLine: {'line': b'-- Up-to-date: /home/maizaied03/ros2_ws/install/px4_msgs/share/px4_msgs/msg/PwmInput.idl\n'}
[9.329371] (px4_msgs) StdoutLine: {'line': b'-- Up-to-date: /home/maizaied03/ros2_ws/install/px4_msgs/share/px4_msgs/msg/Px4ioStatus.idl\n'}
[9.329402] (px4_msgs) StdoutLine: {'line': b'-- Up-to-date: /home/maizaied03/ros2_ws/install/px4_msgs/share/px4_msgs/msg/QshellReq.idl\n'}
[9.329433] (px4_msgs) StdoutLine: {'line': b'-- Up-to-date: /home/maizaied03/ros2_ws/install/px4_msgs/share/px4_msgs/msg/QshellRetval.idl\n'}
[9.329466] (px4_msgs) StdoutLine: {'line': b'-- Up-to-date: /home/maizaied03/ros2_ws/install/px4_msgs/share/px4_msgs/msg/RadioStatus.idl\n'}
[9.329500] (px4_msgs) StdoutLine: {'line': b'-- Up-to-date: /home/maizaied03/ros2_ws/install/px4_msgs/share/px4_msgs/msg/RaptorInput.idl\n'}
[9.329532] (px4_msgs) StdoutLine: {'line': b'-- Up-to-date: /home/maizaied03/ros2_ws/install/px4_msgs/share/px4_msgs/msg/RaptorStatus.idl\n'}
[9.329564] (px4_msgs) StdoutLine: {'line': b'-- Up-to-date: /home/maizaied03/ros2_ws/install/px4_msgs/share/px4_msgs/msg/RateCtrlStatus.idl\n'}
[9.329604] (px4_msgs) StdoutLine: {'line': b'-- Up-to-date: /home/maizaied03/ros2_ws/install/px4_msgs/share/px4_msgs/msg/RcChannels.idl\n'}
[9.329639] (px4_msgs) StdoutLine: {'line': b'-- Up-to-date: /home/maizaied03/ros2_ws/install/px4_msgs/share/px4_msgs/msg/RcParameterMap.idl\n'}
[9.329672] (px4_msgs) StdoutLine: {'line': b'-- Up-to-date: /home/maizaied03/ros2_ws/install/px4_msgs/share/px4_msgs/msg/RegisterExtComponentReply.idl\n'}
[9.329704] (px4_msgs) StdoutLine: {'line': b'-- Up-to-date: /home/maizaied03/ros2_ws/install/px4_msgs/share/px4_msgs/msg/RegisterExtComponentRequest.idl\n'}
[9.329737] (px4_msgs) StdoutLine: {'line': b'-- Up-to-date: /home/maizaied03/ros2_ws/install/px4_msgs/share/px4_msgs/msg/RoverAttitudeSetpoint.idl\n'}
[9.329770] (px4_msgs) StdoutLine: {'line': b'-- Up-to-date: /home/maizaied03/ros2_ws/install/px4_msgs/share/px4_msgs/msg/RoverAttitudeStatus.idl\n'}
[9.329804] (px4_msgs) StdoutLine: {'line': b'-- Up-to-date: /home/maizaied03/ros2_ws/install/px4_msgs/share/px4_msgs/msg/RoverPositionSetpoint.idl\n'}
[9.329836] (px4_msgs) StdoutLine: {'line': b'-- Up-to-date: /home/maizaied03/ros2_ws/install/px4_msgs/share/px4_msgs/msg/RoverRateSetpoint.idl\n'}
[9.329870] (px4_msgs) StdoutLine: {'line': b'-- Up-to-date: /home/maizaied03/ros2_ws/install/px4_msgs/share/px4_msgs/msg/RoverRateStatus.idl\n'}
[9.329903] (px4_msgs) StdoutLine: {'line': b'-- Up-to-date: /home/maizaied03/ros2_ws/install/px4_msgs/share/px4_msgs/msg/RoverSpeedSetpoint.idl\n'}
[9.329936] (px4_msgs) StdoutLine: {'line': b'-- Up-to-date: /home/maizaied03/ros2_ws/install/px4_msgs/share/px4_msgs/msg/RoverSpeedStatus.idl\n'}
[9.329969] (px4_msgs) StdoutLine: {'line': b'-- Up-to-date: /home/maizaied03/ros2_ws/install/px4_msgs/share/px4_msgs/msg/RoverSteeringSetpoint.idl\n'}
[9.330001] (px4_msgs) StdoutLine: {'line': b'-- Up-to-date: /home/maizaied03/ros2_ws/install/px4_msgs/share/px4_msgs/msg/RoverThrottleSetpoint.idl\n'}
[9.330034] (px4_msgs) StdoutLine: {'line': b'-- Up-to-date: /home/maizaied03/ros2_ws/install/px4_msgs/share/px4_msgs/msg/Rpm.idl\n'}
[9.330066] (px4_msgs) StdoutLine: {'line': b'-- Up-to-date: /home/maizaied03/ros2_ws/install/px4_msgs/share/px4_msgs/msg/RtlStatus.idl\n'}
[9.330099] (px4_msgs) StdoutLine: {'line': b'-- Up-to-date: /home/maizaied03/ros2_ws/install/px4_msgs/share/px4_msgs/msg/RtlTimeEstimate.idl\n'}
[9.330155] (px4_msgs) StdoutLine: {'line': b'-- Up-to-date: /home/maizaied03/ros2_ws/install/px4_msgs/share/px4_msgs/msg/SatelliteInfo.idl\n'}
[9.330186] (px4_msgs) StdoutLine: {'line': b'-- Up-to-date: /home/maizaied03/ros2_ws/install/px4_msgs/share/px4_msgs/msg/SensorAccel.idl\n'}
[9.330221] (px4_msgs) StdoutLine: {'line': b'-- Up-to-date: /home/maizaied03/ros2_ws/install/px4_msgs/share/px4_msgs/msg/SensorAccelFifo.idl\n'}
[9.330254] (px4_msgs) StdoutLine: {'line': b'-- Up-to-date: /home/maizaied03/ros2_ws/install/px4_msgs/share/px4_msgs/msg/SensorAirflow.idl\n'}
[9.330287] (px4_msgs) StdoutLine: {'line': b'-- Up-to-date: /home/maizaied03/ros2_ws/install/px4_msgs/share/px4_msgs/msg/SensorBaro.idl\n'}
[9.330319] (px4_msgs) StdoutLine: {'line': b'-- Up-to-date: /home/maizaied03/ros2_ws/install/px4_msgs/share/px4_msgs/msg/SensorCombined.idl\n'}
[9.330351] (px4_msgs) StdoutLine: {'line': b'-- Up-to-date: /home/maizaied03/ros2_ws/install/px4_msgs/share/px4_msgs/msg/SensorCorrection.idl\n'}
[9.330384] (px4_msgs) StdoutLine: {'line': b'-- Up-to-date: /home/maizaied03/ros2_ws/install/px4_msgs/share/px4_msgs/msg/SensorGnssRelative.idl\n'}
[9.330442] (px4_msgs) StdoutLine: {'line': b'-- Up-to-date: /home/maizaied03/ros2_ws/install/px4_msgs/share/px4_msgs/msg/SensorGnssStatus.idl\n'}
[9.330485] (px4_msgs) StdoutLine: {'line': b'-- Up-to-date: /home/maizaied03/ros2_ws/install/px4_msgs/share/px4_msgs/msg/SensorGps.idl\n'}
[9.330527] (px4_msgs) StdoutLine: {'line': b'-- Up-to-date: /home/maizaied03/ros2_ws/install/px4_msgs/share/px4_msgs/msg/SensorGyro.idl\n'}
[9.330569] (px4_msgs) StdoutLine: {'line': b'-- Up-to-date: /home/maizaied03/ros2_ws/install/px4_msgs/share/px4_msgs/msg/SensorGyroFft.idl\n'}
[9.330621] (px4_msgs) StdoutLine: {'line': b'-- Up-to-date: /home/maizaied03/ros2_ws/install/px4_msgs/share/px4_msgs/msg/SensorGyroFifo.idl\n'}
[9.330694] (px4_msgs) StdoutLine: {'line': b'-- Up-to-date: /home/maizaied03/ros2_ws/install/px4_msgs/share/px4_msgs/msg/SensorHygrometer.idl\n'}
[9.330737] (px4_msgs) StdoutLine: {'line': b'-- Up-to-date: /home/maizaied03/ros2_ws/install/px4_msgs/share/px4_msgs/msg/SensorMag.idl\n'}
[9.330804] (px4_msgs) StdoutLine: {'line': b'-- Up-to-date: /home/maizaied03/ros2_ws/install/px4_msgs/share/px4_msgs/msg/SensorOpticalFlow.idl\n'}
[9.330848] (px4_msgs) StdoutLine: {'line': b'-- Up-to-date: /home/maizaied03/ros2_ws/install/px4_msgs/share/px4_msgs/msg/SensorPreflightMag.idl\n'}
[9.330898] (px4_msgs) StdoutLine: {'line': b'-- Up-to-date: /home/maizaied03/ros2_ws/install/px4_msgs/share/px4_msgs/msg/SensorSelection.idl\n'}
[9.330946] (px4_msgs) StdoutLine: {'line': b'-- Up-to-date: /home/maizaied03/ros2_ws/install/px4_msgs/share/px4_msgs/msg/SensorTemp.idl\n'}
[9.330995] (px4_msgs) StdoutLine: {'line': b'-- Up-to-date: /home/maizaied03/ros2_ws/install/px4_msgs/share/px4_msgs/msg/SensorUwb.idl\n'}
[9.331044] (px4_msgs) StdoutLine: {'line': b'-- Up-to-date: /home/maizaied03/ros2_ws/install/px4_msgs/share/px4_msgs/msg/SensorsStatus.idl\n'}
[9.331092] (px4_msgs) StdoutLine: {'line': b'-- Up-to-date: /home/maizaied03/ros2_ws/install/px4_msgs/share/px4_msgs/msg/SensorsStatusImu.idl\n'}
[9.331140] (px4_msgs) StdoutLine: {'line': b'-- Up-to-date: /home/maizaied03/ros2_ws/install/px4_msgs/share/px4_msgs/msg/SystemPower.idl\n'}
[9.331191] (px4_msgs) StdoutLine: {'line': b'-- Up-to-date: /home/maizaied03/ros2_ws/install/px4_msgs/share/px4_msgs/msg/TakeoffStatus.idl\n'}
[9.331240] (px4_msgs) StdoutLine: {'line': b'-- Up-to-date: /home/maizaied03/ros2_ws/install/px4_msgs/share/px4_msgs/msg/TaskStackInfo.idl\n'}
[9.331289] (px4_msgs) StdoutLine: {'line': b'-- Up-to-date: /home/maizaied03/ros2_ws/install/px4_msgs/share/px4_msgs/msg/TecsStatus.idl\n'}
[9.331346] (px4_msgs) StdoutLine: {'line': b'-- Up-to-date: /home/maizaied03/ros2_ws/install/px4_msgs/share/px4_msgs/msg/TelemetryStatus.idl\n'}
[9.331398] (px4_msgs) StdoutLine: {'line': b'-- Up-to-date: /home/maizaied03/ros2_ws/install/px4_msgs/share/px4_msgs/msg/TiltrotorExtraControls.idl\n'}
[9.331450] (px4_msgs) StdoutLine: {'line': b'-- Up-to-date: /home/maizaied03/ros2_ws/install/px4_msgs/share/px4_msgs/msg/TimesyncStatus.idl\n'}
[9.331527] (px4_msgs) StdoutLine: {'line': b'-- Up-to-date: /home/maizaied03/ros2_ws/install/px4_msgs/share/px4_msgs/msg/TrajectorySetpoint.idl\n'}
[9.331576] (px4_msgs) StdoutLine: {'line': b'-- Up-to-date: /home/maizaied03/ros2_ws/install/px4_msgs/share/px4_msgs/msg/TrajectorySetpoint6dof.idl\n'}
[9.331637] (px4_msgs) StdoutLine: {'line': b'-- Up-to-date: /home/maizaied03/ros2_ws/install/px4_msgs/share/px4_msgs/msg/TransponderReport.idl\n'}
[9.331686] (px4_msgs) StdoutLine: {'line': b'-- Up-to-date: /home/maizaied03/ros2_ws/install/px4_msgs/share/px4_msgs/msg/TuneControl.idl\n'}
[9.331735] (px4_msgs) StdoutLine: {'line': b'-- Up-to-date: /home/maizaied03/ros2_ws/install/px4_msgs/share/px4_msgs/msg/UavcanParameterRequest.idl\n'}
[9.331785] (px4_msgs) StdoutLine: {'line': b'-- Up-to-date: /home/maizaied03/ros2_ws/install/px4_msgs/share/px4_msgs/msg/UavcanParameterValue.idl\n'}
[9.331833] (px4_msgs) StdoutLine: {'line': b'-- Up-to-date: /home/maizaied03/ros2_ws/install/px4_msgs/share/px4_msgs/msg/UlogStream.idl\n'}
[9.331900] (px4_msgs) StdoutLine: {'line': b'-- Up-to-date: /home/maizaied03/ros2_ws/install/px4_msgs/share/px4_msgs/msg/UlogStreamAck.idl\n'}
[9.331932] (px4_msgs) StdoutLine: {'line': b'-- Up-to-date: /home/maizaied03/ros2_ws/install/px4_msgs/share/px4_msgs/msg/UnregisterExtComponent.idl\n'}
[9.331964] (px4_msgs) StdoutLine: {'line': b'-- Up-to-date: /home/maizaied03/ros2_ws/install/px4_msgs/share/px4_msgs/msg/VehicleAcceleration.idl\n'}
[9.331994] (px4_msgs) StdoutLine: {'line': b'-- Up-to-date: /home/maizaied03/ros2_ws/install/px4_msgs/share/px4_msgs/msg/VehicleAirData.idl\n'}
[9.332023] (px4_msgs) StdoutLine: {'line': b'-- Up-to-date: /home/maizaied03/ros2_ws/install/px4_msgs/share/px4_msgs/msg/VehicleAngularAccelerationSetpoint.idl\n'}
[9.332053] (px4_msgs) StdoutLine: {'line': b'-- Up-to-date: /home/maizaied03/ros2_ws/install/px4_msgs/share/px4_msgs/msg/VehicleAngularVelocity.idl\n'}
[9.332086] (px4_msgs) StdoutLine: {'line': b'-- Up-to-date: /home/maizaied03/ros2_ws/install/px4_msgs/share/px4_msgs/msg/VehicleAttitude.idl\n'}
[9.332135] (px4_msgs) StdoutLine: {'line': b'-- Up-to-date: /home/maizaied03/ros2_ws/install/px4_msgs/share/px4_msgs/msg/VehicleAttitudeSetpoint.idl\n'}
[9.332167] (px4_msgs) StdoutLine: {'line': b'-- Up-to-date: /home/maizaied03/ros2_ws/install/px4_msgs/share/px4_msgs/msg/VehicleCommand.idl\n'}
[9.332199] (px4_msgs) StdoutLine: {'line': b'-- Up-to-date: /home/maizaied03/ros2_ws/install/px4_msgs/share/px4_msgs/msg/VehicleCommandAck.idl\n'}
[9.332230] (px4_msgs) StdoutLine: {'line': b'-- Up-to-date: /home/maizaied03/ros2_ws/install/px4_msgs/share/px4_msgs/msg/VehicleConstraints.idl\n'}
[9.332261] (px4_msgs) StdoutLine: {'line': b'-- Up-to-date: /home/maizaied03/ros2_ws/install/px4_msgs/share/px4_msgs/msg/VehicleControlMode.idl\n'}
[9.332293] (px4_msgs) StdoutLine: {'line': b'-- Up-to-date: /home/maizaied03/ros2_ws/install/px4_msgs/share/px4_msgs/msg/VehicleGlobalPosition.idl\n'}
[9.332328] (px4_msgs) StdoutLine: {'line': b'-- Up-to-date: /home/maizaied03/ros2_ws/install/px4_msgs/share/px4_msgs/msg/VehicleImu.idl\n'}
[9.332362] (px4_msgs) StdoutLine: {'line': b'-- Up-to-date: /home/maizaied03/ros2_ws/install/px4_msgs/share/px4_msgs/msg/VehicleImuStatus.idl\n'}
[9.332394] (px4_msgs) StdoutLine: {'line': b'-- Up-to-date: /home/maizaied03/ros2_ws/install/px4_msgs/share/px4_msgs/msg/VehicleLandDetected.idl\n'}
[9.332427] (px4_msgs) StdoutLine: {'line': b'-- Up-to-date: /home/maizaied03/ros2_ws/install/px4_msgs/share/px4_msgs/msg/VehicleLocalPosition.idl\n'}
[9.332458] (px4_msgs) StdoutLine: {'line': b'-- Up-to-date: /home/maizaied03/ros2_ws/install/px4_msgs/share/px4_msgs/msg/VehicleLocalPositionSetpoint.idl\n'}
[9.332491] (px4_msgs) StdoutLine: {'line': b'-- Up-to-date: /home/maizaied03/ros2_ws/install/px4_msgs/share/px4_msgs/msg/VehicleMagnetometer.idl\n'}
[9.332541] (px4_msgs) StdoutLine: {'line': b'-- Up-to-date: /home/maizaied03/ros2_ws/install/px4_msgs/share/px4_msgs/msg/VehicleOdometry.idl\n'}
[9.332575] (px4_msgs) StdoutLine: {'line': b'-- Up-to-date: /home/maizaied03/ros2_ws/install/px4_msgs/share/px4_msgs/msg/VehicleOpticalFlow.idl\n'}
[9.332631] (px4_msgs) StdoutLine: {'line': b'-- Up-to-date: /home/maizaied03/ros2_ws/install/px4_msgs/share/px4_msgs/msg/VehicleOpticalFlowVel.idl\n'}
[9.332663] (px4_msgs) StdoutLine: {'line': b'-- Up-to-date: /home/maizaied03/ros2_ws/install/px4_msgs/share/px4_msgs/msg/VehicleRatesSetpoint.idl\n'}
[9.332695] (px4_msgs) StdoutLine: {'line': b'-- Up-to-date: /home/maizaied03/ros2_ws/install/px4_msgs/share/px4_msgs/msg/VehicleRoi.idl\n'}
[9.332726] (px4_msgs) StdoutLine: {'line': b'-- Up-to-date: /home/maizaied03/ros2_ws/install/px4_msgs/share/px4_msgs/msg/VehicleStatus.idl\n'}
[9.332757] (px4_msgs) StdoutLine: {'line': b'-- Up-to-date: /home/maizaied03/ros2_ws/install/px4_msgs/share/px4_msgs/msg/VehicleThrustSetpoint.idl\n'}
[9.332787] (px4_msgs) StdoutLine: {'line': b'-- Up-to-date: /home/maizaied03/ros2_ws/install/px4_msgs/share/px4_msgs/msg/VehicleTorqueSetpoint.idl\n'}
[9.332817] (px4_msgs) StdoutLine: {'line': b'-- Up-to-date: /home/maizaied03/ros2_ws/install/px4_msgs/share/px4_msgs/msg/VelocityLimits.idl\n'}
[9.332847] (px4_msgs) StdoutLine: {'line': b'-- Up-to-date: /home/maizaied03/ros2_ws/install/px4_msgs/share/px4_msgs/msg/VtolVehicleStatus.idl\n'}
[9.332877] (px4_msgs) StdoutLine: {'line': b'-- Up-to-date: /home/maizaied03/ros2_ws/install/px4_msgs/share/px4_msgs/msg/Vtx.idl\n'}
[9.332910] (px4_msgs) StdoutLine: {'line': b'-- Up-to-date: /home/maizaied03/ros2_ws/install/px4_msgs/share/px4_msgs/msg/WheelEncoders.idl\n'}
[9.332944] (px4_msgs) StdoutLine: {'line': b'-- Up-to-date: /home/maizaied03/ros2_ws/install/px4_msgs/share/px4_msgs/msg/Wind.idl\n'}
[9.332977] (px4_msgs) StdoutLine: {'line': b'-- Up-to-date: /home/maizaied03/ros2_ws/install/px4_msgs/share/px4_msgs/msg/YawEstimatorStatus.idl\n'}
[9.333010] (px4_msgs) StdoutLine: {'line': b'-- Up-to-date: /home/maizaied03/ros2_ws/install/px4_msgs/share/px4_msgs/srv/VehicleCommand.idl\n'}
[9.333043] (px4_msgs) StdoutLine: {'line': b'-- Up-to-date: /home/maizaied03/ros2_ws/install/px4_msgs/share/px4_msgs/msg/ActionRequest.msg\n'}
[9.333075] (px4_msgs) StdoutLine: {'line': b'-- Up-to-date: /home/maizaied03/ros2_ws/install/px4_msgs/share/px4_msgs/msg/ActuatorArmed.msg\n'}
[9.333108] (px4_msgs) StdoutLine: {'line': b'-- Up-to-date: /home/maizaied03/ros2_ws/install/px4_msgs/share/px4_msgs/msg/ActuatorControlsStatus.msg\n'}
[9.333141] (px4_msgs) StdoutLine: {'line': b'-- Up-to-date: /home/maizaied03/ros2_ws/install/px4_msgs/share/px4_msgs/msg/ActuatorMotors.msg\n'}
[9.333176] (px4_msgs) StdoutLine: {'line': b'-- Up-to-date: /home/maizaied03/ros2_ws/install/px4_msgs/share/px4_msgs/msg/ActuatorOutputs.msg\n'}
[9.333209] (px4_msgs) StdoutLine: {'line': b'-- Up-to-date: /home/maizaied03/ros2_ws/install/px4_msgs/share/px4_msgs/msg/ActuatorServos.msg\n'}
[9.333241] (px4_msgs) StdoutLine: {'line': b'-- Up-to-date: /home/maizaied03/ros2_ws/install/px4_msgs/share/px4_msgs/msg/ActuatorServosTrim.msg\n'}
[9.333274] (px4_msgs) StdoutLine: {'line': b'-- Up-to-date: /home/maizaied03/ros2_ws/install/px4_msgs/share/px4_msgs/msg/ActuatorTest.msg\n'}
[9.333307] (px4_msgs) StdoutLine: {'line': b'-- Up-to-date: /home/maizaied03/ros2_ws/install/px4_msgs/share/px4_msgs/msg/AdcReport.msg\n'}
[9.333339] (px4_msgs) StdoutLine: {'line': b'-- Up-to-date: /home/maizaied03/ros2_ws/install/px4_msgs/share/px4_msgs/msg/Airspeed.msg\n'}
[9.333372] (px4_msgs) StdoutLine: {'line': b'-- Up-to-date: /home/maizaied03/ros2_ws/install/px4_msgs/share/px4_msgs/msg/AirspeedValidated.msg\n'}
[9.333407] (px4_msgs) StdoutLine: {'line': b'-- Up-to-date: /home/maizaied03/ros2_ws/install/px4_msgs/share/px4_msgs/msg/AirspeedWind.msg\n'}
[9.333439] (px4_msgs) StdoutLine: {'line': b'-- Up-to-date: /home/maizaied03/ros2_ws/install/px4_msgs/share/px4_msgs/msg/ArmingCheckReply.msg\n'}
[9.333470] (px4_msgs) StdoutLine: {'line': b'-- Up-to-date: /home/maizaied03/ros2_ws/install/px4_msgs/share/px4_msgs/msg/ArmingCheckRequest.msg\n'}
[9.333503] (px4_msgs) StdoutLine: {'line': b'-- Up-to-date: /home/maizaied03/ros2_ws/install/px4_msgs/share/px4_msgs/msg/AutotuneAttitudeControlStatus.msg\n'}
[9.333561] (px4_msgs) StdoutLine: {'line': b'-- Up-to-date: /home/maizaied03/ros2_ws/install/px4_msgs/share/px4_msgs/msg/BatteryInfo.msg\n'}
[9.333595] (px4_msgs) StdoutLine: {'line': b'-- Up-to-date: /home/maizaied03/ros2_ws/install/px4_msgs/share/px4_msgs/msg/BatteryStatus.msg\n'}
[9.333629] (px4_msgs) StdoutLine: {'line': b'-- Up-to-date: /home/maizaied03/ros2_ws/install/px4_msgs/share/px4_msgs/msg/ButtonEvent.msg\n'}
[9.333660] (px4_msgs) StdoutLine: {'line': b'-- Up-to-date: /home/maizaied03/ros2_ws/install/px4_msgs/share/px4_msgs/msg/CameraCapture.msg\n'}
[9.333694] (px4_msgs) StdoutLine: {'line': b'-- Up-to-date: /home/maizaied03/ros2_ws/install/px4_msgs/share/px4_msgs/msg/CameraStatus.msg\n'}
[9.333727] (px4_msgs) StdoutLine: {'line': b'-- Up-to-date: /home/maizaied03/ros2_ws/install/px4_msgs/share/px4_msgs/msg/CameraTrigger.msg\n'}
[9.333759] (px4_msgs) StdoutLine: {'line': b'-- Up-to-date: /home/maizaied03/ros2_ws/install/px4_msgs/share/px4_msgs/msg/CanInterfaceStatus.msg\n'}
[9.333792] (px4_msgs) StdoutLine: {'line': b'-- Up-to-date: /home/maizaied03/ros2_ws/install/px4_msgs/share/px4_msgs/msg/CellularStatus.msg\n'}
[9.333825] (px4_msgs) StdoutLine: {'line': b'-- Up-to-date: /home/maizaied03/ros2_ws/install/px4_msgs/share/px4_msgs/msg/CollisionConstraints.msg\n'}
[9.333874] (px4_msgs) StdoutLine: {'line': b'-- Up-to-date: /home/maizaied03/ros2_ws/install/px4_msgs/share/px4_msgs/msg/ConfigOverrides.msg\n'}
[9.333906] (px4_msgs) StdoutLine: {'line': b'-- Up-to-date: /home/maizaied03/ros2_ws/install/px4_msgs/share/px4_msgs/msg/ControlAllocatorStatus.msg\n'}
[9.333936] (px4_msgs) StdoutLine: {'line': b'-- Up-to-date: /home/maizaied03/ros2_ws/install/px4_msgs/share/px4_msgs/msg/Cpuload.msg\n'}
[9.333966] (px4_msgs) StdoutLine: {'line': b'-- Up-to-date: /home/maizaied03/ros2_ws/install/px4_msgs/share/px4_msgs/msg/DatamanRequest.msg\n'}
[9.333997] (px4_msgs) StdoutLine: {'line': b'-- Up-to-date: /home/maizaied03/ros2_ws/install/px4_msgs/share/px4_msgs/msg/DatamanResponse.msg\n'}
[9.334029] (px4_msgs) StdoutLine: {'line': b'-- Up-to-date: /home/maizaied03/ros2_ws/install/px4_msgs/share/px4_msgs/msg/DebugArray.msg\n'}
[9.334079] (px4_msgs) StdoutLine: {'line': b'-- Up-to-date: /home/maizaied03/ros2_ws/install/px4_msgs/share/px4_msgs/msg/DebugKeyValue.msg\n'}
[9.334110] (px4_msgs) StdoutLine: {'line': b'-- Up-to-date: /home/maizaied03/ros2_ws/install/px4_msgs/share/px4_msgs/msg/DebugValue.msg\n'}
[9.334143] (px4_msgs) StdoutLine: {'line': b'-- Up-to-date: /home/maizaied03/ros2_ws/install/px4_msgs/share/px4_msgs/msg/DebugVect.msg\n'}
[9.334181] (px4_msgs) StdoutLine: {'line': b'-- Up-to-date: /home/maizaied03/ros2_ws/install/px4_msgs/share/px4_msgs/msg/DeviceInformation.msg\n'}
[9.334218] (px4_msgs) StdoutLine: {'line': b'-- Up-to-date: /home/maizaied03/ros2_ws/install/px4_msgs/share/px4_msgs/msg/DifferentialPressure.msg\n'}
[9.334255] (px4_msgs) StdoutLine: {'line': b'-- Up-to-date: /home/maizaied03/ros2_ws/install/px4_msgs/share/px4_msgs/msg/DistanceSensor.msg\n'}
[9.334295] (px4_msgs) StdoutLine: {'line': b'-- Up-to-date: /home/maizaied03/ros2_ws/install/px4_msgs/share/px4_msgs/msg/DistanceSensorModeChangeRequest.msg\n'}
[9.334336] (px4_msgs) StdoutLine: {'line': b'-- Up-to-date: /home/maizaied03/ros2_ws/install/px4_msgs/share/px4_msgs/msg/DronecanNodeStatus.msg\n'}
[9.334376] (px4_msgs) StdoutLine: {'line': b'-- Up-to-date: /home/maizaied03/ros2_ws/install/px4_msgs/share/px4_msgs/msg/Ekf2Timestamps.msg\n'}
[9.334417] (px4_msgs) StdoutLine: {'line': b'-- Up-to-date: /home/maizaied03/ros2_ws/install/px4_msgs/share/px4_msgs/msg/EscReport.msg\n'}
[9.334457] (px4_msgs) StdoutLine: {'line': b'-- Up-to-date: /home/maizaied03/ros2_ws/install/px4_msgs/share/px4_msgs/msg/EscStatus.msg\n'}
[9.334496] (px4_msgs) StdoutLine: {'line': b'-- Up-to-date: /home/maizaied03/ros2_ws/install/px4_msgs/share/px4_msgs/msg/EstimatorAidSource1d.msg\n'}
[9.334537] (px4_msgs) StdoutLine: {'line': b'-- Up-to-date: /home/maizaied03/ros2_ws/install/px4_msgs/share/px4_msgs/msg/EstimatorAidSource2d.msg\n'}
[9.334606] (px4_msgs) StdoutLine: {'line': b'-- Up-to-date: /home/maizaied03/ros2_ws/install/px4_msgs/share/px4_msgs/msg/EstimatorAidSource3d.msg\n'}
[9.334651] (px4_msgs) StdoutLine: {'line': b'-- Up-to-date: /home/maizaied03/ros2_ws/install/px4_msgs/share/px4_msgs/msg/EstimatorBias.msg\n'}
[9.334693] (px4_msgs) StdoutLine: {'line': b'-- Up-to-date: /home/maizaied03/ros2_ws/install/px4_msgs/share/px4_msgs/msg/EstimatorBias3d.msg\n'}
[9.334734] (px4_msgs) StdoutLine: {'line': b'-- Up-to-date: /home/maizaied03/ros2_ws/install/px4_msgs/share/px4_msgs/msg/EstimatorEventFlags.msg\n'}
[9.334775] (px4_msgs) StdoutLine: {'line': b'-- Up-to-date: /home/maizaied03/ros2_ws/install/px4_msgs/share/px4_msgs/msg/EstimatorGpsStatus.msg\n'}
[9.334815] (px4_msgs) StdoutLine: {'line': b'-- Up-to-date: /home/maizaied03/ros2_ws/install/px4_msgs/share/px4_msgs/msg/EstimatorInnovations.msg\n'}
[9.334856] (px4_msgs) StdoutLine: {'line': b'-- Up-to-date: /home/maizaied03/ros2_ws/install/px4_msgs/share/px4_msgs/msg/EstimatorSelectorStatus.msg\n'}
[9.334896] (px4_msgs) StdoutLine: {'line': b'-- Up-to-date: /home/maizaied03/ros2_ws/install/px4_msgs/share/px4_msgs/msg/EstimatorSensorBias.msg\n'}
[9.334972] (px4_msgs) StdoutLine: {'line': b'-- Up-to-date: /home/maizaied03/ros2_ws/install/px4_msgs/share/px4_msgs/msg/EstimatorStates.msg\n'}
[9.335033] (px4_msgs) StdoutLine: {'line': b'-- Up-to-date: /home/maizaied03/ros2_ws/install/px4_msgs/share/px4_msgs/msg/EstimatorStatus.msg\n'}
[9.335396] (px4_msgs) StdoutLine: {'line': b'-- Up-to-date: /home/maizaied03/ros2_ws/install/px4_msgs/share/px4_msgs/msg/EstimatorStatusFlags.msg\n'}
[9.335581] (px4_msgs) StdoutLine: {'line': b'-- Up-to-date: /home/maizaied03/ros2_ws/install/px4_msgs/share/px4_msgs/msg/Event.msg\n'}
[9.335796] (px4_msgs) StdoutLine: {'line': b'-- Up-to-date: /home/maizaied03/ros2_ws/install/px4_msgs/share/px4_msgs/msg/FailsafeFlags.msg\n'}
[9.336034] (px4_msgs) StdoutLine: {'line': b'-- Up-to-date: /home/maizaied03/ros2_ws/install/px4_msgs/share/px4_msgs/msg/FailureDetectorStatus.msg\n'}
[9.336398] (px4_msgs) StdoutLine: {'line': b'-- Up-to-date: /home/maizaied03/ros2_ws/install/px4_msgs/share/px4_msgs/msg/FigureEightStatus.msg\n'}
[9.336585] (px4_msgs) StdoutLine: {'line': b'-- Up-to-date: /home/maizaied03/ros2_ws/install/px4_msgs/share/px4_msgs/msg/FixedWingLateralGuidanceStatus.msg\n'}
[9.336803] (px4_msgs) StdoutLine: {'line': b'-- Up-to-date: /home/maizaied03/ros2_ws/install/px4_msgs/share/px4_msgs/msg/FixedWingLateralSetpoint.msg\n'}
[9.337040] (px4_msgs) StdoutLine: {'line': b'-- Up-to-date: /home/maizaied03/ros2_ws/install/px4_msgs/share/px4_msgs/msg/FixedWingLateralStatus.msg\n'}
[9.337391] (px4_msgs) StdoutLine: {'line': b'-- Up-to-date: /home/maizaied03/ros2_ws/install/px4_msgs/share/px4_msgs/msg/FixedWingLongitudinalSetpoint.msg\n'}
[9.337729] (px4_msgs) StdoutLine: {'line': b'-- Up-to-date: /home/maizaied03/ros2_ws/install/px4_msgs/share/px4_msgs/msg/FixedWingRunwayControl.msg\n'}
[9.337814] (px4_msgs) StdoutLine: {'line': b'-- Up-to-date: /home/maizaied03/ros2_ws/install/px4_msgs/share/px4_msgs/msg/FlightPhaseEstimation.msg\n'}
[9.338206] (px4_msgs) StdoutLine: {'line': b'-- Up-to-date: /home/maizaied03/ros2_ws/install/px4_msgs/share/px4_msgs/msg/FollowTarget.msg\n'}
[9.338562] (px4_msgs) StdoutLine: {'line': b'-- Up-to-date: /home/maizaied03/ros2_ws/install/px4_msgs/share/px4_msgs/msg/FollowTargetEstimator.msg\n'}
[9.338772] (px4_msgs) StdoutLine: {'line': b'-- Up-to-date: /home/maizaied03/ros2_ws/install/px4_msgs/share/px4_msgs/msg/FollowTargetStatus.msg\n'}
[9.338985] (px4_msgs) StdoutLine: {'line': b'-- Up-to-date: /home/maizaied03/ros2_ws/install/px4_msgs/share/px4_msgs/msg/FuelTankStatus.msg\n'}
[9.339232] (px4_msgs) StdoutLine: {'line': b'-- Up-to-date: /home/maizaied03/ros2_ws/install/px4_msgs/share/px4_msgs/msg/GainCompression.msg\n'}
[9.339586] (px4_msgs) StdoutLine: {'line': b'-- Up-to-date: /home/maizaied03/ros2_ws/install/px4_msgs/share/px4_msgs/msg/GeneratorStatus.msg\n'}
[9.339799] (px4_msgs) StdoutLine: {'line': b'-- Up-to-date: /home/maizaied03/ros2_ws/install/px4_msgs/share/px4_msgs/msg/GeofenceResult.msg\n'}
[9.340011] (px4_msgs) StdoutLine: {'line': b'-- Up-to-date: /home/maizaied03/ros2_ws/install/px4_msgs/share/px4_msgs/msg/GeofenceStatus.msg\n'}
[9.340254] (px4_msgs) StdoutLine: {'line': b'-- Up-to-date: /home/maizaied03/ros2_ws/install/px4_msgs/share/px4_msgs/msg/GimbalControls.msg\n'}
[9.340591] (px4_msgs) StdoutLine: {'line': b'-- Up-to-date: /home/maizaied03/ros2_ws/install/px4_msgs/share/px4_msgs/msg/GimbalDeviceAttitudeStatus.msg\n'}
[9.340804] (px4_msgs) StdoutLine: {'line': b'-- Up-to-date: /home/maizaied03/ros2_ws/install/px4_msgs/share/px4_msgs/msg/GimbalDeviceInformation.msg\n'}
[9.341010] (px4_msgs) StdoutLine: {'line': b'-- Up-to-date: /home/maizaied03/ros2_ws/install/px4_msgs/share/px4_msgs/msg/GimbalDeviceSetAttitude.msg\n'}
[9.341252] (px4_msgs) StdoutLine: {'line': b'-- Up-to-date: /home/maizaied03/ros2_ws/install/px4_msgs/share/px4_msgs/msg/GimbalManagerInformation.msg\n'}
[9.341598] (px4_msgs) StdoutLine: {'line': b'-- Up-to-date: /home/maizaied03/ros2_ws/install/px4_msgs/share/px4_msgs/msg/GimbalManagerSetAttitude.msg\n'}
[9.341809] (px4_msgs) StdoutLine: {'line': b'-- Up-to-date: /home/maizaied03/ros2_ws/install/px4_msgs/share/px4_msgs/msg/GimbalManagerSetManualControl.msg\n'}
[9.342021] (px4_msgs) StdoutLine: {'line': b'-- Up-to-date: /home/maizaied03/ros2_ws/install/px4_msgs/share/px4_msgs/msg/GimbalManagerStatus.msg\n'}
[9.342297] (px4_msgs) StdoutLine: {'line': b'-- Up-to-date: /home/maizaied03/ros2_ws/install/px4_msgs/share/px4_msgs/msg/GotoSetpoint.msg\n'}
[9.342646] (px4_msgs) StdoutLine: {'line': b'-- Up-to-date: /home/maizaied03/ros2_ws/install/px4_msgs/share/px4_msgs/msg/GpioConfig.msg\n'}
[9.342859] (px4_msgs) StdoutLine: {'line': b'-- Up-to-date: /home/maizaied03/ros2_ws/install/px4_msgs/share/px4_msgs/msg/GpioIn.msg\n'}
[9.343063] (px4_msgs) StdoutLine: {'line': b'-- Up-to-date: /home/maizaied03/ros2_ws/install/px4_msgs/share/px4_msgs/msg/GpioOut.msg\n'}
[9.343304] (px4_msgs) StdoutLine: {'line': b'-- Up-to-date: /home/maizaied03/ros2_ws/install/px4_msgs/share/px4_msgs/msg/GpioRequest.msg\n'}
[9.343651] (px4_msgs) StdoutLine: {'line': b'-- Up-to-date: /home/maizaied03/ros2_ws/install/px4_msgs/share/px4_msgs/msg/GpsDump.msg\n'}
[9.344005] (px4_msgs) StdoutLine: {'line': b'-- Up-to-date: /home/maizaied03/ros2_ws/install/px4_msgs/share/px4_msgs/msg/GpsInjectData.msg\n'}
[9.344095] (px4_msgs) StdoutLine: {'line': b'-- Up-to-date: /home/maizaied03/ros2_ws/install/px4_msgs/share/px4_msgs/msg/Gripper.msg\n'}
[9.344484] (px4_msgs) StdoutLine: {'line': b'-- Up-to-date: /home/maizaied03/ros2_ws/install/px4_msgs/share/px4_msgs/msg/HealthReport.msg\n'}
[9.344819] (px4_msgs) StdoutLine: {'line': b'-- Up-to-date: /home/maizaied03/ros2_ws/install/px4_msgs/share/px4_msgs/msg/HeaterStatus.msg\n'}
[9.345035] (px4_msgs) StdoutLine: {'line': b'-- Up-to-date: /home/maizaied03/ros2_ws/install/px4_msgs/share/px4_msgs/msg/HomePosition.msg\n'}
[9.345244] (px4_msgs) StdoutLine: {'line': b'-- Up-to-date: /home/maizaied03/ros2_ws/install/px4_msgs/share/px4_msgs/msg/HoverThrustEstimate.msg\n'}
[9.345415] (-) TimerEvent: {}
[9.345538] (px4_msgs) StdoutLine: {'line': b'-- Up-to-date: /home/maizaied03/ros2_ws/install/px4_msgs/share/px4_msgs/msg/InputRc.msg\n'}
[9.345905] (px4_msgs) StdoutLine: {'line': b'-- Up-to-date: /home/maizaied03/ros2_ws/install/px4_msgs/share/px4_msgs/msg/InternalCombustionEngineControl.msg\n'}
[9.346119] (px4_msgs) StdoutLine: {'line': b'-- Up-to-date: /home/maizaied03/ros2_ws/install/px4_msgs/share/px4_msgs/msg/InternalCombustionEngineStatus.msg\n'}
[9.346332] (px4_msgs) StdoutLine: {'line': b'-- Up-to-date: /home/maizaied03/ros2_ws/install/px4_msgs/share/px4_msgs/msg/IridiumsbdStatus.msg\n'}
[9.346575] (px4_msgs) StdoutLine: {'line': b'-- Up-to-date: /home/maizaied03/ros2_ws/install/px4_msgs/share/px4_msgs/msg/IrlockReport.msg\n'}
[9.346929] (px4_msgs) StdoutLine: {'line': b'-- Up-to-date: /home/maizaied03/ros2_ws/install/px4_msgs/share/px4_msgs/msg/LandingGear.msg\n'}
[9.347135] (px4_msgs) StdoutLine: {'line': b'-- Up-to-date: /home/maizaied03/ros2_ws/install/px4_msgs/share/px4_msgs/msg/LandingGearWheel.msg\n'}
[9.347347] (px4_msgs) StdoutLine: {'line': b'-- Up-to-date: /home/maizaied03/ros2_ws/install/px4_msgs/share/px4_msgs/msg/LandingTargetInnovations.msg\n'}
[9.347596] (px4_msgs) StdoutLine: {'line': b'-- Up-to-date: /home/maizaied03/ros2_ws/install/px4_msgs/share/px4_msgs/msg/LandingTargetPose.msg\n'}
[9.347965] (px4_msgs) StdoutLine: {'line': b'-- Up-to-date: /home/maizaied03/ros2_ws/install/px4_msgs/share/px4_msgs/msg/LateralControlConfiguration.msg\n'}
[9.348171] (px4_msgs) StdoutLine: {'line': b'-- Up-to-date: /home/maizaied03/ros2_ws/install/px4_msgs/share/px4_msgs/msg/LaunchDetectionStatus.msg\n'}
[9.348386] (px4_msgs) StdoutLine: {'line': b'-- Up-to-date: /home/maizaied03/ros2_ws/install/px4_msgs/share/px4_msgs/msg/LedControl.msg\n'}
[9.348636] (px4_msgs) StdoutLine: {'line': b'-- Up-to-date: /home/maizaied03/ros2_ws/install/px4_msgs/share/px4_msgs/msg/LogMessage.msg\n'}
[9.349016] (px4_msgs) StdoutLine: {'line': b'-- Up-to-date: /home/maizaied03/ros2_ws/install/px4_msgs/share/px4_msgs/msg/LoggerStatus.msg\n'}
[9.349217] (px4_msgs) StdoutLine: {'line': b'-- Up-to-date: /home/maizaied03/ros2_ws/install/px4_msgs/share/px4_msgs/msg/LongitudinalControlConfiguration.msg\n'}
[9.349423] (px4_msgs) StdoutLine: {'line': b'-- Up-to-date: /home/maizaied03/ros2_ws/install/px4_msgs/share/px4_msgs/msg/MagWorkerData.msg\n'}
[9.349686] (px4_msgs) StdoutLine: {'line': b'-- Up-to-date: /home/maizaied03/ros2_ws/install/px4_msgs/share/px4_msgs/msg/MagnetometerBiasEstimate.msg\n'}
[9.350038] (px4_msgs) StdoutLine: {'line': b'-- Up-to-date: /home/maizaied03/ros2_ws/install/px4_msgs/share/px4_msgs/msg/ManualControlSetpoint.msg\n'}
[9.350384] (px4_msgs) StdoutLine: {'line': b'-- Up-to-date: /home/maizaied03/ros2_ws/install/px4_msgs/share/px4_msgs/msg/ManualControlSwitches.msg\n'}
[9.350467] (px4_msgs) StdoutLine: {'line': b'-- Up-to-date: /home/maizaied03/ros2_ws/install/px4_msgs/share/px4_msgs/msg/MavlinkLog.msg\n'}
[9.350894] (px4_msgs) StdoutLine: {'line': b'-- Up-to-date: /home/maizaied03/ros2_ws/install/px4_msgs/share/px4_msgs/msg/MavlinkTunnel.msg\n'}
[9.351322] (px4_msgs) StdoutLine: {'line': b'-- Up-to-date: /home/maizaied03/ros2_ws/install/px4_msgs/share/px4_msgs/msg/MessageFormatRequest.msg\n'}
[9.351566] (px4_msgs) StdoutLine: {'line': b'-- Up-to-date: /home/maizaied03/ros2_ws/install/px4_msgs/share/px4_msgs/msg/MessageFormatResponse.msg\n'}
[9.351802] (px4_msgs) StdoutLine: {'line': b'-- Up-to-date: /home/maizaied03/ros2_ws/install/px4_msgs/share/px4_msgs/msg/Mission.msg\n'}
[9.352056] (px4_msgs) StdoutLine: {'line': b'-- Up-to-date: /home/maizaied03/ros2_ws/install/px4_msgs/share/px4_msgs/msg/MissionResult.msg\n'}
[9.352459] (px4_msgs) StdoutLine: {'line': b'-- Up-to-date: /home/maizaied03/ros2_ws/install/px4_msgs/share/px4_msgs/msg/ModeCompleted.msg\n'}
[9.352708] (px4_msgs) StdoutLine: {'line': b'-- Up-to-date: /home/maizaied03/ros2_ws/install/px4_msgs/share/px4_msgs/msg/MountOrientation.msg\n'}
[9.352943] (px4_msgs) StdoutLine: {'line': b'-- Up-to-date: /home/maizaied03/ros2_ws/install/px4_msgs/share/px4_msgs/msg/NavigatorMissionItem.msg\n'}
[9.353358] (px4_msgs) StdoutLine: {'line': b'-- Up-to-date: /home/maizaied03/ros2_ws/install/px4_msgs/share/px4_msgs/msg/NavigatorStatus.msg\n'}
[9.353802] (px4_msgs) StdoutLine: {'line': b'-- Up-to-date: /home/maizaied03/ros2_ws/install/px4_msgs/share/px4_msgs/msg/NeuralControl.msg\n'}
[9.354026] (px4_msgs) StdoutLine: {'line': b'-- Up-to-date: /home/maizaied03/ros2_ws/install/px4_msgs/share/px4_msgs/msg/NormalizedUnsignedSetpoint.msg\n'}
[9.354232] (px4_msgs) StdoutLine: {'line': b'-- Up-to-date: /home/maizaied03/ros2_ws/install/px4_msgs/share/px4_msgs/msg/ObstacleDistance.msg\n'}
[9.354475] (px4_msgs) StdoutLine: {'line': b'-- Up-to-date: /home/maizaied03/ros2_ws/install/px4_msgs/share/px4_msgs/msg/OffboardControlMode.msg\n'}
[9.354829] (px4_msgs) StdoutLine: {'line': b'-- Up-to-date: /home/maizaied03/ros2_ws/install/px4_msgs/share/px4_msgs/msg/OnboardComputerStatus.msg\n'}
[9.355023] (px4_msgs) StdoutLine: {'line': b'-- Up-to-date: /home/maizaied03/ros2_ws/install/px4_msgs/share/px4_msgs/msg/OpenDroneIdArmStatus.msg\n'}
[9.355257] (px4_msgs) StdoutLine: {'line': b'-- Up-to-date: /home/maizaied03/ros2_ws/install/px4_msgs/share/px4_msgs/msg/OpenDroneIdOperatorId.msg\n'}
[9.355533] (px4_msgs) StdoutLine: {'line': b'-- Up-to-date: /home/maizaied03/ros2_ws/install/px4_msgs/share/px4_msgs/msg/OpenDroneIdSelfId.msg\n'}
[9.355948] (px4_msgs) StdoutLine: {'line': b'-- Up-to-date: /home/maizaied03/ros2_ws/install/px4_msgs/share/px4_msgs/msg/OpenDroneIdSystem.msg\n'}
[9.356203] (px4_msgs) StdoutLine: {'line': b'-- Up-to-date: /home/maizaied03/ros2_ws/install/px4_msgs/share/px4_msgs/msg/OrbTest.msg\n'}
[9.356457] (px4_msgs) StdoutLine: {'line': b'-- Up-to-date: /home/maizaied03/ros2_ws/install/px4_msgs/share/px4_msgs/msg/OrbTestLarge.msg\n'}
[9.356790] (px4_msgs) StdoutLine: {'line': b'-- Up-to-date: /home/maizaied03/ros2_ws/install/px4_msgs/share/px4_msgs/msg/OrbTestMedium.msg\n'}
[9.357257] (px4_msgs) StdoutLine: {'line': b'-- Up-to-date: /home/maizaied03/ros2_ws/install/px4_msgs/share/px4_msgs/msg/OrbitStatus.msg\n'}
[9.357530] (px4_msgs) StdoutLine: {'line': b'-- Up-to-date: /home/maizaied03/ros2_ws/install/px4_msgs/share/px4_msgs/msg/ParameterResetRequest.msg\n'}
[9.357762] (px4_msgs) StdoutLine: {'line': b'-- Up-to-date: /home/maizaied03/ros2_ws/install/px4_msgs/share/px4_msgs/msg/ParameterSetUsedRequest.msg\n'}
[9.358016] (px4_msgs) StdoutLine: {'line': b'-- Up-to-date: /home/maizaied03/ros2_ws/install/px4_msgs/share/px4_msgs/msg/ParameterSetValueRequest.msg\n'}
[9.358347] (px4_msgs) StdoutLine: {'line': b'-- Up-to-date: /home/maizaied03/ros2_ws/install/px4_msgs/share/px4_msgs/msg/ParameterSetValueResponse.msg\n'}
[9.358711] (px4_msgs) StdoutLine: {'line': b'-- Up-to-date: /home/maizaied03/ros2_ws/install/px4_msgs/share/px4_msgs/msg/ParameterUpdate.msg\n'}
[9.358785] (px4_msgs) StdoutLine: {'line': b'-- Up-to-date: /home/maizaied03/ros2_ws/install/px4_msgs/share/px4_msgs/msg/Ping.msg\n'}
[9.359215] (px4_msgs) StdoutLine: {'line': b'-- Up-to-date: /home/maizaied03/ros2_ws/install/px4_msgs/share/px4_msgs/msg/PositionControllerLandingStatus.msg\n'}
[9.359551] (px4_msgs) StdoutLine: {'line': b'-- Up-to-date: /home/maizaied03/ros2_ws/install/px4_msgs/share/px4_msgs/msg/PositionControllerStatus.msg\n'}
[9.359820] (px4_msgs) StdoutLine: {'line': b'-- Up-to-date: /home/maizaied03/ros2_ws/install/px4_msgs/share/px4_msgs/msg/PositionSetpoint.msg\n'}
[9.360081] (px4_msgs) StdoutLine: {'line': b'-- Up-to-date: /home/maizaied03/ros2_ws/install/px4_msgs/share/px4_msgs/msg/PositionSetpointTriplet.msg\n'}
[9.360405] (px4_msgs) StdoutLine: {'line': b'-- Up-to-date: /home/maizaied03/ros2_ws/install/px4_msgs/share/px4_msgs/msg/PowerButtonState.msg\n'}
[9.360793] (px4_msgs) StdoutLine: {'line': b'-- Up-to-date: /home/maizaied03/ros2_ws/install/px4_msgs/share/px4_msgs/msg/PowerMonitor.msg\n'}
[9.361047] (px4_msgs) StdoutLine: {'line': b'-- Up-to-date: /home/maizaied03/ros2_ws/install/px4_msgs/share/px4_msgs/msg/PpsCapture.msg\n'}
[9.361290] (px4_msgs) StdoutLine: {'line': b'-- Up-to-date: /home/maizaied03/ros2_ws/install/px4_msgs/share/px4_msgs/msg/PurePursuitStatus.msg\n'}
[9.361601] (px4_msgs) StdoutLine: {'line': b'-- Up-to-date: /home/maizaied03/ros2_ws/install/px4_msgs/share/px4_msgs/msg/PwmInput.msg\n'}
[9.361980] (px4_msgs) StdoutLine: {'line': b'-- Up-to-date: /home/maizaied03/ros2_ws/install/px4_msgs/share/px4_msgs/msg/Px4ioStatus.msg\n'}
[9.362227] (px4_msgs) StdoutLine: {'line': b'-- Up-to-date: /home/maizaied03/ros2_ws/install/px4_msgs/share/px4_msgs/msg/QshellReq.msg\n'}
[9.362467] (px4_msgs) StdoutLine: {'line': b'-- Up-to-date: /home/maizaied03/ros2_ws/install/px4_msgs/share/px4_msgs/msg/QshellRetval.msg\n'}
[9.362750] (px4_msgs) StdoutLine: {'line': b'-- Up-to-date: /home/maizaied03/ros2_ws/install/px4_msgs/share/px4_msgs/msg/RadioStatus.msg\n'}
[9.363137] (px4_msgs) StdoutLine: {'line': b'-- Up-to-date: /home/maizaied03/ros2_ws/install/px4_msgs/share/px4_msgs/msg/RaptorInput.msg\n'}
[9.363325] (px4_msgs) StdoutLine: {'line': b'-- Up-to-date: /home/maizaied03/ros2_ws/install/px4_msgs/share/px4_msgs/msg/RaptorStatus.msg\n'}
[9.363524] (px4_msgs) StdoutLine: {'line': b'-- Up-to-date: /home/maizaied03/ros2_ws/install/px4_msgs/share/px4_msgs/msg/RateCtrlStatus.msg\n'}
[9.363771] (px4_msgs) StdoutLine: {'line': b'-- Up-to-date: /home/maizaied03/ros2_ws/install/px4_msgs/share/px4_msgs/msg/RcChannels.msg\n'}
[9.364125] (px4_msgs) StdoutLine: {'line': b'-- Up-to-date: /home/maizaied03/ros2_ws/install/px4_msgs/share/px4_msgs/msg/RcParameterMap.msg\n'}
[9.364322] (px4_msgs) StdoutLine: {'line': b'-- Up-to-date: /home/maizaied03/ros2_ws/install/px4_msgs/share/px4_msgs/msg/RegisterExtComponentReply.msg\n'}
[9.364547] (px4_msgs) StdoutLine: {'line': b'-- Up-to-date: /home/maizaied03/ros2_ws/install/px4_msgs/share/px4_msgs/msg/RegisterExtComponentRequest.msg\n'}
[9.364788] (px4_msgs) StdoutLine: {'line': b'-- Up-to-date: /home/maizaied03/ros2_ws/install/px4_msgs/share/px4_msgs/msg/RoverAttitudeSetpoint.msg\n'}
[9.365138] (px4_msgs) StdoutLine: {'line': b'-- Up-to-date: /home/maizaied03/ros2_ws/install/px4_msgs/share/px4_msgs/msg/RoverAttitudeStatus.msg\n'}
[9.365485] (px4_msgs) StdoutLine: {'line': b'-- Up-to-date: /home/maizaied03/ros2_ws/install/px4_msgs/share/px4_msgs/msg/RoverPositionSetpoint.msg\n'}
[9.365572] (px4_msgs) StdoutLine: {'line': b'-- Up-to-date: /home/maizaied03/ros2_ws/install/px4_msgs/share/px4_msgs/msg/RoverRateSetpoint.msg\n'}
[9.365987] (px4_msgs) StdoutLine: {'line': b'-- Up-to-date: /home/maizaied03/ros2_ws/install/px4_msgs/share/px4_msgs/msg/RoverRateStatus.msg\n'}
[9.366357] (px4_msgs) StdoutLine: {'line': b'-- Up-to-date: /home/maizaied03/ros2_ws/install/px4_msgs/share/px4_msgs/msg/RoverSpeedSetpoint.msg\n'}
[9.366692] (px4_msgs) StdoutLine: {'line': b'-- Up-to-date: /home/maizaied03/ros2_ws/install/px4_msgs/share/px4_msgs/msg/RoverSpeedStatus.msg\n'}
[9.366923] (px4_msgs) StdoutLine: {'line': b'-- Up-to-date: /home/maizaied03/ros2_ws/install/px4_msgs/share/px4_msgs/msg/RoverSteeringSetpoint.msg\n'}
[9.367163] (px4_msgs) StdoutLine: {'line': b'-- Up-to-date: /home/maizaied03/ros2_ws/install/px4_msgs/share/px4_msgs/msg/RoverThrottleSetpoint.msg\n'}
[9.367523] (px4_msgs) StdoutLine: {'line': b'-- Up-to-date: /home/maizaied03/ros2_ws/install/px4_msgs/share/px4_msgs/msg/Rpm.msg\n'}
[9.367733] (px4_msgs) StdoutLine: {'line': b'-- Up-to-date: /home/maizaied03/ros2_ws/install/px4_msgs/share/px4_msgs/msg/RtlStatus.msg\n'}
[9.367937] (px4_msgs) StdoutLine: {'line': b'-- Up-to-date: /home/maizaied03/ros2_ws/install/px4_msgs/share/px4_msgs/msg/RtlTimeEstimate.msg\n'}
[9.368178] (px4_msgs) StdoutLine: {'line': b'-- Up-to-date: /home/maizaied03/ros2_ws/install/px4_msgs/share/px4_msgs/msg/SatelliteInfo.msg\n'}
[9.368520] (px4_msgs) StdoutLine: {'line': b'-- Up-to-date: /home/maizaied03/ros2_ws/install/px4_msgs/share/px4_msgs/msg/SensorAccel.msg\n'}
[9.368759] (px4_msgs) StdoutLine: {'line': b'-- Up-to-date: /home/maizaied03/ros2_ws/install/px4_msgs/share/px4_msgs/msg/SensorAccelFifo.msg\n'}
[9.368958] (px4_msgs) StdoutLine: {'line': b'-- Up-to-date: /home/maizaied03/ros2_ws/install/px4_msgs/share/px4_msgs/msg/SensorAirflow.msg\n'}
[9.369253] (px4_msgs) StdoutLine: {'line': b'-- Up-to-date: /home/maizaied03/ros2_ws/install/px4_msgs/share/px4_msgs/msg/SensorBaro.msg\n'}
[9.369687] (px4_msgs) StdoutLine: {'line': b'-- Up-to-date: /home/maizaied03/ros2_ws/install/px4_msgs/share/px4_msgs/msg/SensorCombined.msg\n'}
[9.369970] (px4_msgs) StdoutLine: {'line': b'-- Up-to-date: /home/maizaied03/ros2_ws/install/px4_msgs/share/px4_msgs/msg/SensorCorrection.msg\n'}
[9.370156] (px4_msgs) StdoutLine: {'line': b'-- Up-to-date: /home/maizaied03/ros2_ws/install/px4_msgs/share/px4_msgs/msg/SensorGnssRelative.msg\n'}
[9.370393] (px4_msgs) StdoutLine: {'line': b'-- Up-to-date: /home/maizaied03/ros2_ws/install/px4_msgs/share/px4_msgs/msg/SensorGnssStatus.msg\n'}
[9.370726] (px4_msgs) StdoutLine: {'line': b'-- Up-to-date: /home/maizaied03/ros2_ws/install/px4_msgs/share/px4_msgs/msg/SensorGps.msg\n'}
[9.370929] (px4_msgs) StdoutLine: {'line': b'-- Up-to-date: /home/maizaied03/ros2_ws/install/px4_msgs/share/px4_msgs/msg/SensorGyro.msg\n'}
[9.371127] (px4_msgs) StdoutLine: {'line': b'-- Up-to-date: /home/maizaied03/ros2_ws/install/px4_msgs/share/px4_msgs/msg/SensorGyroFft.msg\n'}
[9.371365] (px4_msgs) StdoutLine: {'line': b'-- Up-to-date: /home/maizaied03/ros2_ws/install/px4_msgs/share/px4_msgs/msg/SensorGyroFifo.msg\n'}
[9.371701] (px4_msgs) StdoutLine: {'line': b'-- Up-to-date: /home/maizaied03/ros2_ws/install/px4_msgs/share/px4_msgs/msg/SensorHygrometer.msg\n'}
[9.372035] (px4_msgs) StdoutLine: {'line': b'-- Up-to-date: /home/maizaied03/ros2_ws/install/px4_msgs/share/px4_msgs/msg/SensorMag.msg\n'}
[9.372119] (px4_msgs) StdoutLine: {'line': b'-- Up-to-date: /home/maizaied03/ros2_ws/install/px4_msgs/share/px4_msgs/msg/SensorOpticalFlow.msg\n'}
[9.372505] (px4_msgs) StdoutLine: {'line': b'-- Up-to-date: /home/maizaied03/ros2_ws/install/px4_msgs/share/px4_msgs/msg/SensorPreflightMag.msg\n'}
[9.372855] (px4_msgs) StdoutLine: {'line': b'-- Up-to-date: /home/maizaied03/ros2_ws/install/px4_msgs/share/px4_msgs/msg/SensorSelection.msg\n'}
[9.373057] (px4_msgs) StdoutLine: {'line': b'-- Up-to-date: /home/maizaied03/ros2_ws/install/px4_msgs/share/px4_msgs/msg/SensorTemp.msg\n'}
[9.373282] (px4_msgs) StdoutLine: {'line': b'-- Up-to-date: /home/maizaied03/ros2_ws/install/px4_msgs/share/px4_msgs/msg/SensorUwb.msg\n'}
[9.373557] (px4_msgs) StdoutLine: {'line': b'-- Up-to-date: /home/maizaied03/ros2_ws/install/px4_msgs/share/px4_msgs/msg/SensorsStatus.msg\n'}
[9.374069] (px4_msgs) StdoutLine: {'line': b'-- Up-to-date: /home/maizaied03/ros2_ws/install/px4_msgs/share/px4_msgs/msg/SensorsStatusImu.msg\n'}
[9.374293] (px4_msgs) StdoutLine: {'line': b'-- Up-to-date: /home/maizaied03/ros2_ws/install/px4_msgs/share/px4_msgs/msg/SystemPower.msg\n'}
[9.374511] (px4_msgs) StdoutLine: {'line': b'-- Up-to-date: /home/maizaied03/ros2_ws/install/px4_msgs/share/px4_msgs/msg/TakeoffStatus.msg\n'}
[9.374846] (px4_msgs) StdoutLine: {'line': b'-- Up-to-date: /home/maizaied03/ros2_ws/install/px4_msgs/share/px4_msgs/msg/TaskStackInfo.msg\n'}
[9.375311] (px4_msgs) StdoutLine: {'line': b'-- Up-to-date: /home/maizaied03/ros2_ws/install/px4_msgs/share/px4_msgs/msg/TecsStatus.msg\n'}
[9.375576] (px4_msgs) StdoutLine: {'line': b'-- Up-to-date: /home/maizaied03/ros2_ws/install/px4_msgs/share/px4_msgs/msg/TelemetryStatus.msg\n'}
[9.375791] (px4_msgs) StdoutLine: {'line': b'-- Up-to-date: /home/maizaied03/ros2_ws/install/px4_msgs/share/px4_msgs/msg/TiltrotorExtraControls.msg\n'}
[9.376034] (px4_msgs) StdoutLine: {'line': b'-- Up-to-date: /home/maizaied03/ros2_ws/install/px4_msgs/share/px4_msgs/msg/TimesyncStatus.msg\n'}
[9.376378] (px4_msgs) StdoutLine: {'line': b'-- Up-to-date: /home/maizaied03/ros2_ws/install/px4_msgs/share/px4_msgs/msg/TrajectorySetpoint.msg\n'}
[9.376564] (px4_msgs) StdoutLine: {'line': b'-- Up-to-date: /home/maizaied03/ros2_ws/install/px4_msgs/share/px4_msgs/msg/TrajectorySetpoint6dof.msg\n'}
[9.376797] (px4_msgs) StdoutLine: {'line': b'-- Up-to-date: /home/maizaied03/ros2_ws/install/px4_msgs/share/px4_msgs/msg/TransponderReport.msg\n'}
[9.377041] (px4_msgs) StdoutLine: {'line': b'-- Up-to-date: /home/maizaied03/ros2_ws/install/px4_msgs/share/px4_msgs/msg/TuneControl.msg\n'}
[9.377368] (px4_msgs) StdoutLine: {'line': b'-- Up-to-date: /home/maizaied03/ros2_ws/install/px4_msgs/share/px4_msgs/msg/UavcanParameterRequest.msg\n'}
[9.377575] (px4_msgs) StdoutLine: {'line': b'-- Up-to-date: /home/maizaied03/ros2_ws/install/px4_msgs/share/px4_msgs/msg/UavcanParameterValue.msg\n'}
[9.377797] (px4_msgs) StdoutLine: {'line': b'-- Up-to-date: /home/maizaied03/ros2_ws/install/px4_msgs/share/px4_msgs/msg/UlogStream.msg\n'}
[9.378110] (px4_msgs) StdoutLine: {'line': b'-- Up-to-date: /home/maizaied03/ros2_ws/install/px4_msgs/share/px4_msgs/msg/UlogStreamAck.msg\n'}
[9.378552] (px4_msgs) StdoutLine: {'line': b'-- Up-to-date: /home/maizaied03/ros2_ws/install/px4_msgs/share/px4_msgs/msg/UnregisterExtComponent.msg\n'}
[9.378826] (px4_msgs) StdoutLine: {'line': b'-- Up-to-date: /home/maizaied03/ros2_ws/install/px4_msgs/share/px4_msgs/msg/VehicleAcceleration.msg\n'}
[9.379103] (px4_msgs) StdoutLine: {'line': b'-- Up-to-date: /home/maizaied03/ros2_ws/install/px4_msgs/share/px4_msgs/msg/VehicleAirData.msg\n'}
[9.379371] (px4_msgs) StdoutLine: {'line': b'-- Up-to-date: /home/maizaied03/ros2_ws/install/px4_msgs/share/px4_msgs/msg/VehicleAngularAccelerationSetpoint.msg\n'}
[9.379724] (px4_msgs) StdoutLine: {'line': b'-- Up-to-date: /home/maizaied03/ros2_ws/install/px4_msgs/share/px4_msgs/msg/VehicleAngularVelocity.msg\n'}
[9.380091] (px4_msgs) StdoutLine: {'line': b'-- Up-to-date: /home/maizaied03/ros2_ws/install/px4_msgs/share/px4_msgs/msg/VehicleAttitude.msg\n'}
[9.380235] (px4_msgs) StdoutLine: {'line': b'-- Up-to-date: /home/maizaied03/ros2_ws/install/px4_msgs/share/px4_msgs/msg/VehicleAttitudeSetpoint.msg\n'}
[9.380608] (px4_msgs) StdoutLine: {'line': b'-- Up-to-date: /home/maizaied03/ros2_ws/install/px4_msgs/share/px4_msgs/msg/VehicleCommand.msg\n'}
[9.380977] (px4_msgs) StdoutLine: {'line': b'-- Up-to-date: /home/maizaied03/ros2_ws/install/px4_msgs/share/px4_msgs/msg/VehicleCommandAck.msg\n'}
[9.381221] (px4_msgs) StdoutLine: {'line': b'-- Up-to-date: /home/maizaied03/ros2_ws/install/px4_msgs/share/px4_msgs/msg/VehicleConstraints.msg\n'}
[9.381460] (px4_msgs) StdoutLine: {'line': b'-- Up-to-date: /home/maizaied03/ros2_ws/install/px4_msgs/share/px4_msgs/msg/VehicleControlMode.msg\n'}
[9.381772] (px4_msgs) StdoutLine: {'line': b'-- Up-to-date: /home/maizaied03/ros2_ws/install/px4_msgs/share/px4_msgs/msg/VehicleGlobalPosition.msg\n'}
[9.382137] (px4_msgs) StdoutLine: {'line': b'-- Up-to-date: /home/maizaied03/ros2_ws/install/px4_msgs/share/px4_msgs/msg/VehicleImu.msg\n'}
[9.382378] (px4_msgs) StdoutLine: {'line': b'-- Up-to-date: /home/maizaied03/ros2_ws/install/px4_msgs/share/px4_msgs/msg/VehicleImuStatus.msg\n'}
[9.382617] (px4_msgs) StdoutLine: {'line': b'-- Up-to-date: /home/maizaied03/ros2_ws/install/px4_msgs/share/px4_msgs/msg/VehicleLandDetected.msg\n'}
[9.382907] (px4_msgs) StdoutLine: {'line': b'-- Up-to-date: /home/maizaied03/ros2_ws/install/px4_msgs/share/px4_msgs/msg/VehicleLocalPosition.msg\n'}
[9.383274] (px4_msgs) StdoutLine: {'line': b'-- Up-to-date: /home/maizaied03/ros2_ws/install/px4_msgs/share/px4_msgs/msg/VehicleLocalPositionSetpoint.msg\n'}
[9.383519] (px4_msgs) StdoutLine: {'line': b'-- Up-to-date: /home/maizaied03/ros2_ws/install/px4_msgs/share/px4_msgs/msg/VehicleMagnetometer.msg\n'}
[9.383768] (px4_msgs) StdoutLine: {'line': b'-- Up-to-date: /home/maizaied03/ros2_ws/install/px4_msgs/share/px4_msgs/msg/VehicleOdometry.msg\n'}
[9.384050] (px4_msgs) StdoutLine: {'line': b'-- Up-to-date: /home/maizaied03/ros2_ws/install/px4_msgs/share/px4_msgs/msg/VehicleOpticalFlow.msg\n'}
[9.384413] (px4_msgs) StdoutLine: {'line': b'-- Up-to-date: /home/maizaied03/ros2_ws/install/px4_msgs/share/px4_msgs/msg/VehicleOpticalFlowVel.msg\n'}
[9.384659] (px4_msgs) StdoutLine: {'line': b'-- Up-to-date: /home/maizaied03/ros2_ws/install/px4_msgs/share/px4_msgs/msg/VehicleRatesSetpoint.msg\n'}
[9.384897] (px4_msgs) StdoutLine: {'line': b'-- Up-to-date: /home/maizaied03/ros2_ws/install/px4_msgs/share/px4_msgs/msg/VehicleRoi.msg\n'}
[9.385181] (px4_msgs) StdoutLine: {'line': b'-- Up-to-date: /home/maizaied03/ros2_ws/install/px4_msgs/share/px4_msgs/msg/VehicleStatus.msg\n'}
[9.385545] (px4_msgs) StdoutLine: {'line': b'-- Up-to-date: /home/maizaied03/ros2_ws/install/px4_msgs/share/px4_msgs/msg/VehicleThrustSetpoint.msg\n'}
[9.385791] (px4_msgs) StdoutLine: {'line': b'-- Up-to-date: /home/maizaied03/ros2_ws/install/px4_msgs/share/px4_msgs/msg/VehicleTorqueSetpoint.msg\n'}
[9.386033] (px4_msgs) StdoutLine: {'line': b'-- Up-to-date: /home/maizaied03/ros2_ws/install/px4_msgs/share/px4_msgs/msg/VelocityLimits.msg\n'}
[9.386315] (px4_msgs) StdoutLine: {'line': b'-- Up-to-date: /home/maizaied03/ros2_ws/install/px4_msgs/share/px4_msgs/msg/VtolVehicleStatus.msg\n'}
[9.386690] (px4_msgs) StdoutLine: {'line': b'-- Up-to-date: /home/maizaied03/ros2_ws/install/px4_msgs/share/px4_msgs/msg/Vtx.msg\n'}
[9.387061] (px4_msgs) StdoutLine: {'line': b'-- Up-to-date: /home/maizaied03/ros2_ws/install/px4_msgs/share/px4_msgs/msg/WheelEncoders.msg\n'}
[9.387178] (px4_msgs) StdoutLine: {'line': b'-- Up-to-date: /home/maizaied03/ros2_ws/install/px4_msgs/share/px4_msgs/msg/Wind.msg\n'}
[9.387640] (px4_msgs) StdoutLine: {'line': b'-- Up-to-date: /home/maizaied03/ros2_ws/install/px4_msgs/share/px4_msgs/msg/YawEstimatorStatus.msg\n'}
[9.388063] (px4_msgs) StdoutLine: {'line': b'-- Up-to-date: /home/maizaied03/ros2_ws/install/px4_msgs/share/px4_msgs/srv/VehicleCommand.srv\n'}
[9.388311] (px4_msgs) StdoutLine: {'line': b'-- Up-to-date: /home/maizaied03/ros2_ws/install/px4_msgs/share/px4_msgs/srv/VehicleCommand_Request.msg\n'}
[9.388572] (px4_msgs) StdoutLine: {'line': b'-- Up-to-date: /home/maizaied03/ros2_ws/install/px4_msgs/share/px4_msgs/srv/VehicleCommand_Response.msg\n'}
[9.388867] (px4_msgs) StdoutLine: {'line': b'-- Up-to-date: /home/maizaied03/ros2_ws/install/px4_msgs/share/ament_index/resource_index/package_run_dependencies/px4_msgs\n'}
[9.389234] (px4_msgs) StdoutLine: {'line': b'-- Up-to-date: /home/maizaied03/ros2_ws/install/px4_msgs/share/ament_index/resource_index/parent_prefix_path/px4_msgs\n'}
[9.389481] (px4_msgs) StdoutLine: {'line': b'-- Up-to-date: /home/maizaied03/ros2_ws/install/px4_msgs/share/px4_msgs/environment/ament_prefix_path.sh\n'}
[9.389751] (px4_msgs) StdoutLine: {'line': b'-- Up-to-date: /home/maizaied03/ros2_ws/install/px4_msgs/share/px4_msgs/environment/ament_prefix_path.dsv\n'}
[9.390034] (px4_msgs) StdoutLine: {'line': b'-- Up-to-date: /home/maizaied03/ros2_ws/install/px4_msgs/share/px4_msgs/environment/path.sh\n'}
[9.390398] (px4_msgs) StdoutLine: {'line': b'-- Up-to-date: /home/maizaied03/ros2_ws/install/px4_msgs/share/px4_msgs/environment/path.dsv\n'}
[9.390648] (px4_msgs) StdoutLine: {'line': b'-- Up-to-date: /home/maizaied03/ros2_ws/install/px4_msgs/share/px4_msgs/local_setup.bash\n'}
[9.390884] (px4_msgs) StdoutLine: {'line': b'-- Up-to-date: /home/maizaied03/ros2_ws/install/px4_msgs/share/px4_msgs/local_setup.sh\n'}
[9.391170] (px4_msgs) StdoutLine: {'line': b'-- Up-to-date: /home/maizaied03/ros2_ws/install/px4_msgs/share/px4_msgs/local_setup.zsh\n'}
[9.391532] (px4_msgs) StdoutLine: {'line': b'-- Up-to-date: /home/maizaied03/ros2_ws/install/px4_msgs/share/px4_msgs/local_setup.dsv\n'}
[9.391778] (px4_msgs) StdoutLine: {'line': b'-- Installing: /home/maizaied03/ros2_ws/install/px4_msgs/share/px4_msgs/package.dsv\n'}
[9.392894] (px4_msgs) StdoutLine: {'line': b'-- Up-to-date: /home/maizaied03/ros2_ws/install/px4_msgs/share/ament_index/resource_index/packages/px4_msgs\n'}
[9.393559] (px4_msgs) StdoutLine: {'line': b'-- Up-to-date: /home/maizaied03/ros2_ws/install/px4_msgs/share/px4_msgs/cmake/export_px4_msgs__rosidl_generator_cExport.cmake\n'}
[9.393951] (px4_msgs) StdoutLine: {'line': b'-- Up-to-date: /home/maizaied03/ros2_ws/install/px4_msgs/share/px4_msgs/cmake/export_px4_msgs__rosidl_generator_cExport-noconfig.cmake\n'}
[9.394822] (px4_msgs) StdoutLine: {'line': b'-- Up-to-date: /home/maizaied03/ros2_ws/install/px4_msgs/share/px4_msgs/cmake/export_px4_msgs__rosidl_typesupport_fastrtps_cExport.cmake\n'}
[9.395067] (px4_msgs) StdoutLine: {'line': b'-- Up-to-date: /home/maizaied03/ros2_ws/install/px4_msgs/share/px4_msgs/cmake/export_px4_msgs__rosidl_typesupport_fastrtps_cExport-noconfig.cmake\n'}
[9.395717] (px4_msgs) StdoutLine: {'line': b'-- Up-to-date: /home/maizaied03/ros2_ws/install/px4_msgs/share/px4_msgs/cmake/export_px4_msgs__rosidl_generator_cppExport.cmake\n'}
[9.396645] (px4_msgs) StdoutLine: {'line': b'-- Up-to-date: /home/maizaied03/ros2_ws/install/px4_msgs/share/px4_msgs/cmake/export_px4_msgs__rosidl_typesupport_fastrtps_cppExport.cmake\n'}
[9.397025] (px4_msgs) StdoutLine: {'line': b'-- Up-to-date: /home/maizaied03/ros2_ws/install/px4_msgs/share/px4_msgs/cmake/export_px4_msgs__rosidl_typesupport_fastrtps_cppExport-noconfig.cmake\n'}
[9.397706] (px4_msgs) StdoutLine: {'line': b'-- Up-to-date: /home/maizaied03/ros2_ws/install/px4_msgs/share/px4_msgs/cmake/px4_msgs__rosidl_typesupport_introspection_cExport.cmake\n'}
[9.398127] (px4_msgs) StdoutLine: {'line': b'-- Up-to-date: /home/maizaied03/ros2_ws/install/px4_msgs/share/px4_msgs/cmake/px4_msgs__rosidl_typesupport_introspection_cExport-noconfig.cmake\n'}
[9.399056] (px4_msgs) StdoutLine: {'line': b'-- Up-to-date: /home/maizaied03/ros2_ws/install/px4_msgs/share/px4_msgs/cmake/px4_msgs__rosidl_typesupport_cExport.cmake\n'}
[9.399307] (px4_msgs) StdoutLine: {'line': b'-- Up-to-date: /home/maizaied03/ros2_ws/install/px4_msgs/share/px4_msgs/cmake/px4_msgs__rosidl_typesupport_cExport-noconfig.cmake\n'}
[9.399981] (px4_msgs) StdoutLine: {'line': b'-- Up-to-date: /home/maizaied03/ros2_ws/install/px4_msgs/share/px4_msgs/cmake/px4_msgs__rosidl_typesupport_introspection_cppExport.cmake\n'}
[9.400451] (px4_msgs) StdoutLine: {'line': b'-- Up-to-date: /home/maizaied03/ros2_ws/install/px4_msgs/share/px4_msgs/cmake/px4_msgs__rosidl_typesupport_introspection_cppExport-noconfig.cmake\n'}
[9.401907] (px4_msgs) StdoutLine: {'line': b'-- Up-to-date: /home/maizaied03/ros2_ws/install/px4_msgs/share/px4_msgs/cmake/px4_msgs__rosidl_typesupport_cppExport.cmake\n'}
[9.402410] (px4_msgs) StdoutLine: {'line': b'-- Up-to-date: /home/maizaied03/ros2_ws/install/px4_msgs/share/px4_msgs/cmake/px4_msgs__rosidl_typesupport_cppExport-noconfig.cmake\n'}
[9.403752] (px4_msgs) StdoutLine: {'line': b'-- Up-to-date: /home/maizaied03/ros2_ws/install/px4_msgs/share/px4_msgs/cmake/export_px4_msgs__rosidl_generator_pyExport.cmake\n'}
[9.404339] (px4_msgs) StdoutLine: {'line': b'-- Up-to-date: /home/maizaied03/ros2_ws/install/px4_msgs/share/px4_msgs/cmake/export_px4_msgs__rosidl_generator_pyExport-noconfig.cmake\n'}
[9.405090] (px4_msgs) StdoutLine: {'line': b'-- Up-to-date: /home/maizaied03/ros2_ws/install/px4_msgs/share/px4_msgs/cmake/rosidl_cmake-extras.cmake\n'}
[9.405480] (px4_msgs) StdoutLine: {'line': b'-- Up-to-date: /home/maizaied03/ros2_ws/install/px4_msgs/share/px4_msgs/cmake/ament_cmake_export_dependencies-extras.cmake\n'}
[9.405990] (px4_msgs) StdoutLine: {'line': b'-- Up-to-date: /home/maizaied03/ros2_ws/install/px4_msgs/share/px4_msgs/cmake/ament_cmake_export_include_directories-extras.cmake\n'}
[9.406412] (px4_msgs) StdoutLine: {'line': b'-- Up-to-date: /home/maizaied03/ros2_ws/install/px4_msgs/share/px4_msgs/cmake/ament_cmake_export_libraries-extras.cmake\n'}
[9.407045] (px4_msgs) StdoutLine: {'line': b'-- Up-to-date: /home/maizaied03/ros2_ws/install/px4_msgs/share/px4_msgs/cmake/ament_cmake_export_targets-extras.cmake\n'}
[9.407602] (px4_msgs) StdoutLine: {'line': b'-- Up-to-date: /home/maizaied03/ros2_ws/install/px4_msgs/share/px4_msgs/cmake/rosidl_cmake_export_typesupport_targets-extras.cmake\n'}
[9.407814] (px4_msgs) StdoutLine: {'line': b'-- Up-to-date: /home/maizaied03/ros2_ws/install/px4_msgs/share/px4_msgs/cmake/rosidl_cmake_export_typesupport_libraries-extras.cmake\n'}
[9.408439] (px4_msgs) StdoutLine: {'line': b'-- Up-to-date: /home/maizaied03/ros2_ws/install/px4_msgs/share/px4_msgs/cmake/px4_msgsConfig.cmake\n'}
[9.408704] (px4_msgs) StdoutLine: {'line': b'-- Up-to-date: /home/maizaied03/ros2_ws/install/px4_msgs/share/px4_msgs/cmake/px4_msgsConfig-version.cmake\n'}
[9.409001] (px4_msgs) StdoutLine: {'line': b'-- Up-to-date: /home/maizaied03/ros2_ws/install/px4_msgs/share/px4_msgs/package.xml\n'}
[9.412623] (px4_msgs) CommandEnded: {'returncode': 0}
[9.444716] (px4_msgs) JobEnded: {'identifier': 'px4_msgs', 'rc': 0}
[9.445338] (multi_drone_offboard) JobStarted: {'identifier': 'multi_drone_offboard'}
[9.445523] (-) TimerEvent: {}
[9.545720] (-) TimerEvent: {}
[9.645987] (-) TimerEvent: {}
[9.746235] (-) TimerEvent: {}
[9.846468] (-) TimerEvent: {}
[9.887115] (multi_drone_offboard) Command: {'cmd': ['/usr/bin/python3', '-W', 'ignore:setup.py install is deprecated', '-W', 'ignore:easy_install command is deprecated', 'setup.py', 'egg_info', '--egg-base', '../../build/multi_drone_offboard', 'build', '--build-base', '/home/maizaied03/ros2_ws/build/multi_drone_offboard/build', 'install', '--record', '/home/maizaied03/ros2_ws/build/multi_drone_offboard/install.log', '--single-version-externally-managed', 'install_data'], 'cwd': '/home/maizaied03/ros2_ws/src/multi_drone_offboard', 'env': {'GJS_DEBUG_TOPICS': 'JS ERROR;JS LOG', 'PYTHON_BASIC_REPL': '1', 'LESSOPEN': '| /usr/bin/lesspipe %s', 'USER': 'maizaied03', 'FONTCONFIG_PATH': '/etc/fonts', 'GIO_MODULE_DIR': '/home/maizaied03/snap/code/common/.cache/gio-modules', 'XDG_SESSION_TYPE': 'x11', 'GIT_ASKPASS': '/snap/code/223/usr/share/code/resources/app/extensions/git/dist/askpass.sh', 'GTK_EXE_PREFIX_VSCODE_SNAP_ORIG': '', 'GDK_BACKEND_VSCODE_SNAP_ORIG': '', 'SHLVL': '1', 'LD_LIBRARY_PATH': '/home/maizaied03/ros2_ws/install/px4_msgs/lib:/opt/ros/humble/opt/rviz_ogre_vendor/lib:/opt/ros/humble/lib/x86_64-linux-gnu:/opt/ros/humble/lib', 'HOME': '/home/maizaied03', 'CHROME_DESKTOP': 'code.desktop', 'LOCPATH_VSCODE_SNAP_ORIG': '', 'TERM_PROGRAM_VERSION': '1.109.2', 'DESKTOP_SESSION': 'ubuntu', 'GTK_PATH': '/snap/code/223/usr/lib/x86_64-linux-gnu/gtk-3.0', 'XDG_DATA_HOME_VSCODE_SNAP_ORIG': '', 'GTK_IM_MODULE_FILE': '/home/maizaied03/snap/code/common/.cache/immodules/immodules.cache', 'GIO_LAUNCHED_DESKTOP_FILE': '/var/lib/snapd/desktop/applications/code_code.desktop', 'ROS_PYTHON_VERSION': '3', 'GNOME_SHELL_SESSION_MODE': 'ubuntu', 'GTK_MODULES': 'gail:atk-bridge', 'GSETTINGS_SCHEMA_DIR_VSCODE_SNAP_ORIG': '', 'VSCODE_GIT_ASKPASS_MAIN': '/snap/code/223/usr/share/code/resources/app/extensions/git/dist/askpass-main.js', 'VSCODE_GIT_ASKPASS_NODE': '/snap/code/223/usr/share/code/code', 'MANAGERPID': '1695', 'PYDEVD_DISABLE_FILE_VALIDATION': '1', 'SYSTEMD_EXEC_PID': '2113', 'BUNDLED_DEBUGPY_PATH': '/home/maizaied03/.vscode/extensions/ms-python.debugpy-2025.18.0-linux-x64/bundled/libs/debugpy', 'VSCODE_PYTHON_AUTOACTIVATE_GUARD': '1', 'DBUS_SESSION_BUS_ADDRESS': 'unix:path=/run/user/1000/bus', 'COLORTERM': 'truecolor', 'GIO_LAUNCHED_DESKTOP_FILE_PID': '6498', 'COLCON_PREFIX_PATH': '/home/maizaied03/ros2_ws/install', 'ROS_DISTRO': 'humble', 'GTK_IM_MODULE': 'ibus', 'LOGNAME': 'maizaied03', 'JOURNAL_STREAM': '8:15190', '_': '/usr/bin/colcon', 'ROS_VERSION': '2', 'XDG_CONFIG_DIRS_VSCODE_SNAP_ORIG': '/etc/xdg/xdg-ubuntu:/etc/xdg', 'XDG_SESSION_CLASS': 'user', 'XDG_DATA_DIRS_VSCODE_SNAP_ORIG': '/usr/share/ubuntu:/usr/share/gnome:/home/maizaied03/.local/share/flatpak/exports/share:/var/lib/flatpak/exports/share:/usr/local/share/:/usr/share/:/var/lib/snapd/desktop', 'USERNAME': 'maizaied03', 'TERM': 'xterm-256color', 'GNOME_DESKTOP_SESSION_ID': 'this-is-deprecated', 'FC_FONTATIONS': '1', 'ROS_LOCALHOST_ONLY': '0', 'WINDOWPATH': '2', 'PATH': '/home/maizaied03/.local/bin:/opt/ros/humble/bin:/home/maizaied03/.local/bin:/usr/local/sbin:/usr/local/bin:/usr/sbin:/usr/bin:/sbin:/bin:/usr/games:/usr/local/games:/snap/bin:/snap/bin:/opt/xtensa-esp-elf/bin/:/opt/xtensa-esp-elf/bin/:/home/maizaied03/.vscode/extensions/ms-python.debugpy-2025.18.0-linux-x64/bundled/scripts/noConfigScripts:/opt/xtensa-esp-elf/bin/:/opt/xtensa-esp-elf/bin/', 'SESSION_MANAGER': 'local/maizaied03-ASUS-TUF-Dash-F15-FX516PE-FX516PE:@/tmp/.ICE-unix/2090,unix/maizaied03-ASUS-TUF-Dash-F15-FX516PE-FX516PE:/tmp/.ICE-unix/2090', 'GTK_EXE_PREFIX': '/snap/code/223/usr', 'INVOCATION_ID': 'f925eacebf8d477cb32faa4e54600bbb', 'XDG_MENU_PREFIX': 'gnome-', 'XDG_RUNTIME_DIR': '/run/user/1000', 'GDK_BACKEND': 'x11', 'DISPLAY': ':1', 'LOCPATH': '/snap/code/223/usr/lib/locale', 'VSCODE_DEBUGPY_ADAPTER_ENDPOINTS': '/home/maizaied03/.vscode/extensions/ms-python.debugpy-2025.18.0-linux-x64/.noConfigDebugAdapterEndpoints/endpoint-d77bbaf5a104fabb.txt', 'LANG': 'en_US.UTF-8', 'XDG_CURRENT_DESKTOP': 'ubuntu:GNOME', 'PYTHONSTARTUP': '/home/maizaied03/.config/Code/User/workspaceStorage/bbeb3a827886e9c5a497aedf14258fa0/ms-python.python/pythonrc.py', 'GIO_MODULE_DIR_VSCODE_SNAP_ORIG': '', 'XDG_DATA_HOME': '/home/maizaied03/snap/code/223/.local/share', 'XMODIFIERS': '@im=ibus', 'XDG_SESSION_DESKTOP': 'ubuntu', 'XAUTHORITY': '/run/user/1000/gdm/Xauthority', 'LS_COLORS': 'rs=0:di=01;34:ln=01;36:mh=00:pi=40;33:so=01;35:do=01;35:bd=40;33;01:cd=40;33;01:or=40;31;01:mi=00:su=37;41:sg=30;43:ca=30;41:tw=30;42:ow=34;42:st=37;44:ex=01;32:*.tar=01;31:*.tgz=01;31:*.arc=01;31:*.arj=01;31:*.taz=01;31:*.lha=01;31:*.lz4=01;31:*.lzh=01;31:*.lzma=01;31:*.tlz=01;31:*.txz=01;31:*.tzo=01;31:*.t7z=01;31:*.zip=01;31:*.z=01;31:*.dz=01;31:*.gz=01;31:*.lrz=01;31:*.lz=01;31:*.lzo=01;31:*.xz=01;31:*.zst=01;31:*.tzst=01;31:*.bz2=01;31:*.bz=01;31:*.tbz=01;31:*.tbz2=01;31:*.tz=01;31:*.deb=01;31:*.rpm=01;31:*.jar=01;31:*.war=01;31:*.ear=01;31:*.sar=01;31:*.rar=01;31:*.alz=01;31:*.ace=01;31:*.zoo=01;31:*.cpio=01;31:*.7z=01;31:*.rz=01;31:*.cab=01;31:*.wim=01;31:*.swm=01;31:*.dwm=01;31:*.esd=01;31:*.jpg=01;35:*.jpeg=01;35:*.mjpg=01;35:*.mjpeg=01;35:*.gif=01;35:*.bmp=01;35:*.pbm=01;35:*.pgm=01;35:*.ppm=01;35:*.tga=01;35:*.xbm=01;35:*.xpm=01;35:*.tif=01;35:*.tiff=01;35:*.png=01;35:*.svg=01;35:*.svgz=01;35:*.mng=01;35:*.pcx=01;35:*.mov=01;35:*.mpg=01;35:*.mpeg=01;35:*.m2v=01;35:*.mkv=01;35:*.webm=01;35:*.webp=01;35:*.ogm=01;35:*.mp4=01;35:*.m4v=01;35:*.mp4v=01;35:*.vob=01;35:*.qt=01;35:*.nuv=01;35:*.wmv=01;35:*.asf=01;35:*.rm=01;35:*.rmvb=01;35:*.flc=01;35:*.avi=01;35:*.fli=01;35:*.flv=01;35:*.gl=01;35:*.dl=01;35:*.xcf=01;35:*.xwd=01;35:*.yuv=01;35:*.cgm=01;35:*.emf=01;35:*.ogv=01;35:*.ogx=01;35:*.aac=00;36:*.au=00;36:*.flac=00;36:*.m4a=00;36:*.mid=00;36:*.midi=00;36:*.mka=00;36:*.mp3=00;36:*.mpc=00;36:*.ogg=00;36:*.ra=00;36:*.wav=00;36:*.oga=00;36:*.opus=00;36:*.spx=00;36:*.xspf=00;36:', 'VSCODE_GIT_IPC_HANDLE': '/run/user/1000/vscode-git-d190c8d916.sock', 'TERM_PROGRAM': 'vscode', 'SSH_AGENT_LAUNCHER': 'gnome-keyring', 'SSH_AUTH_SOCK': '/run/user/1000/keyring/ssh', 'GSETTINGS_SCHEMA_DIR': '/home/maizaied03/snap/code/223/.local/share/glib-2.0/schemas', 'AMENT_PREFIX_PATH': '/home/maizaied03/ros2_ws/install/multi_drone_offboard:/home/maizaied03/ros2_ws/install/px4_msgs:/opt/ros/humble', 'SHELL': '/bin/bash', 'QT_ACCESSIBILITY': '1', 'GDMSESSION': 'ubuntu', 'LESSCLOSE': '/usr/bin/lesspipe %s %s', 'GTK_PATH_VSCODE_SNAP_ORIG': '', 'FONTCONFIG_FILE': '/etc/fonts/fonts.conf', 'GTK_IM_MODULE_FILE_VSCODE_SNAP_ORIG': '', 'GPG_AGENT_INFO': '/run/user/1000/gnupg/S.gpg-agent:0:1', 'GJS_DEBUG_OUTPUT': 'stderr', 'VSCODE_GIT_ASKPASS_EXTRA_ARGS': '', 'QT_IM_MODULE': 'ibus', 'PWD': '/home/maizaied03/ros2_ws/build/multi_drone_offboard', 'LC_ALL': 'en_US.UTF-8', 'XDG_CONFIG_DIRS': '/etc/xdg/xdg-ubuntu:/etc/xdg', 'XDG_DATA_DIRS': '/home/maizaied03/snap/code/223/.local/share/flatpak/exports/share:/home/maizaied03/snap/code/223/.local/share:/home/maizaied03/snap/code/223:/snap/code/223/usr/share:/usr/share/ubuntu:/usr/share/gnome:/home/maizaied03/.local/share/flatpak/exports/share:/var/lib/flatpak/exports/share:/usr/local/share/:/usr/share/:/var/lib/snapd/desktop', 'PYTHONPATH': '/home/maizaied03/ros2_ws/build/multi_drone_offboard/prefix_override:/usr/lib/python3/dist-packages/colcon_core/task/python/colcon_distutils_commands:/home/maizaied03/ros2_ws/install/multi_drone_offboard/lib/python3.10/site-packages:/home/maizaied03/ros2_ws/install/multi_drone_offboard/lib/python3.10/site-packages:/home/maizaied03/ros2_ws/install/px4_msgs/local/lib/python3.10/dist-packages:/opt/ros/humble/lib/python3.10/site-packages:/opt/ros/humble/local/lib/python3.10/dist-packages', 'COLCON': '1', 'CMAKE_PREFIX_PATH': '/home/maizaied03/ros2_ws/install/px4_msgs'}, 'shell': False}
[9.946621] (-) TimerEvent: {}
[10.034092] (multi_drone_offboard) StdoutLine: {'line': b'running egg_info\n'}
[10.034394] (multi_drone_offboard) StdoutLine: {'line': b'writing ../../build/multi_drone_offboard/multi_drone_offboard.egg-info/PKG-INFO\n'}
[10.034505] (multi_drone_offboard) StdoutLine: {'line': b'writing dependency_links to ../../build/multi_drone_offboard/multi_drone_offboard.egg-info/dependency_links.txt\n'}
[10.034593] (multi_drone_offboard) StdoutLine: {'line': b'writing entry points to ../../build/multi_drone_offboard/multi_drone_offboard.egg-info/entry_points.txt\n'}
[10.034659] (multi_drone_offboard) StdoutLine: {'line': b'writing requirements to ../../build/multi_drone_offboard/multi_drone_offboard.egg-info/requires.txt\n'}
[10.034704] (multi_drone_offboard) StdoutLine: {'line': b'writing top-level names to ../../build/multi_drone_offboard/multi_drone_offboard.egg-info/top_level.txt\n'}
[10.035719] (multi_drone_offboard) StdoutLine: {'line': b"reading manifest file '../../build/multi_drone_offboard/multi_drone_offboard.egg-info/SOURCES.txt'\n"}
[10.036479] (multi_drone_offboard) StdoutLine: {'line': b"writing manifest file '../../build/multi_drone_offboard/multi_drone_offboard.egg-info/SOURCES.txt'\n"}
[10.036559] (multi_drone_offboard) StdoutLine: {'line': b'running build\n'}
[10.036621] (multi_drone_offboard) StdoutLine: {'line': b'running build_py\n'}
[10.036665] (multi_drone_offboard) StdoutLine: {'line': b'copying multi_drone_offboard/swarm_monitor.py -> /home/maizaied03/ros2_ws/build/multi_drone_offboard/build/lib/multi_drone_offboard\n'}
[10.037335] (multi_drone_offboard) StdoutLine: {'line': b'copying multi_drone_offboard/offboard_control.py -> /home/maizaied03/ros2_ws/build/multi_drone_offboard/build/lib/multi_drone_offboard\n'}
[10.037442] (multi_drone_offboard) StdoutLine: {'line': b'running install\n'}
[10.037644] (multi_drone_offboard) StdoutLine: {'line': b'running install_lib\n'}
[10.038099] (multi_drone_offboard) StdoutLine: {'line': b'copying /home/maizaied03/ros2_ws/build/multi_drone_offboard/build/lib/multi_drone_offboard/swarm_monitor.py -> /home/maizaied03/ros2_ws/install/multi_drone_offboard/lib/python3.10/site-packages/multi_drone_offboard\n'}
[10.038155] (multi_drone_offboard) StdoutLine: {'line': b'copying /home/maizaied03/ros2_ws/build/multi_drone_offboard/build/lib/multi_drone_offboard/offboard_control.py -> /home/maizaied03/ros2_ws/install/multi_drone_offboard/lib/python3.10/site-packages/multi_drone_offboard\n'}
[10.038507] (multi_drone_offboard) StdoutLine: {'line': b'byte-compiling /home/maizaied03/ros2_ws/install/multi_drone_offboard/lib/python3.10/site-packages/multi_drone_offboard/swarm_monitor.py to swarm_monitor.cpython-310.pyc\n'}
[10.039063] (multi_drone_offboard) StdoutLine: {'line': b'byte-compiling /home/maizaied03/ros2_ws/install/multi_drone_offboard/lib/python3.10/site-packages/multi_drone_offboard/offboard_control.py to offboard_control.cpython-310.pyc\n'}
[10.040618] (multi_drone_offboard) StdoutLine: {'line': b'running install_data\n'}
[10.040681] (multi_drone_offboard) StdoutLine: {'line': b'running install_egg_info\n'}
[10.041706] (multi_drone_offboard) StdoutLine: {'line': b"removing '/home/maizaied03/ros2_ws/install/multi_drone_offboard/lib/python3.10/site-packages/multi_drone_offboard-0.0.0-py3.10.egg-info' (and everything under it)\n"}
[10.041881] (multi_drone_offboard) StdoutLine: {'line': b'Copying ../../build/multi_drone_offboard/multi_drone_offboard.egg-info to /home/maizaied03/ros2_ws/install/multi_drone_offboard/lib/python3.10/site-packages/multi_drone_offboard-0.0.0-py3.10.egg-info\n'}
[10.042615] (multi_drone_offboard) StdoutLine: {'line': b'running install_scripts\n'}
[10.046671] (-) TimerEvent: {}
[10.055748] (multi_drone_offboard) StdoutLine: {'line': b'Installing monitor script to /home/maizaied03/ros2_ws/install/multi_drone_offboard/lib/multi_drone_offboard\n'}
[10.055886] (multi_drone_offboard) StdoutLine: {'line': b'Installing offboard script to /home/maizaied03/ros2_ws/install/multi_drone_offboard/lib/multi_drone_offboard\n'}
[10.056061] (multi_drone_offboard) StdoutLine: {'line': b"writing list of installed files to '/home/maizaied03/ros2_ws/build/multi_drone_offboard/install.log'\n"}
[10.073821] (multi_drone_offboard) CommandEnded: {'returncode': 0}
[10.078151] (multi_drone_offboard) JobEnded: {'identifier': 'multi_drone_offboard', 'rc': 0}
[10.078572] (-) EventReactorShutdown: {}
