[0.016s] Invoking command in '/home/maizaied03/ros2_ws/build/px4_msgs': CMAKE_PREFIX_PATH=${CMAKE_PREFIX_PATH}:/home/maizaied03/ros2_ws/install/multi_drone_offboard:/opt/ros/humble /usr/bin/cmake --build /home/maizaied03/ros2_ws/build/px4_msgs -- -j8 -l8
[0.532s] [  0%] Built target px4_msgs__cpp
[0.841s] [35m[1mConsolidate compiler generated dependencies of target px4_msgs__rosidl_generator_c[0m
[0.917s] [ 12%] Built target px4_msgs__rosidl_generator_c
[0.925s] [35m[1mConsolidate compiler generated dependencies of target px4_msgs__rosidl_typesupport_introspection_cpp[0m
[0.925s] [35m[1mConsolidate compiler generated dependencies of target px4_msgs__rosidl_typesupport_cpp[0m
[0.942s] [35m[1mConsolidate compiler generated dependencies of target px4_msgs__rosidl_typesupport_fastrtps_cpp[0m
[0.969s] [ 12%] Built target ament_cmake_python_copy_px4_msgs
[1.021s] [35m[1mConsolidate compiler generated dependencies of target px4_msgs__rosidl_typesupport_c[0m
[1.038s] [35m[1mConsolidate compiler generated dependencies of target px4_msgs__rosidl_typesupport_introspection_c[0m
[1.094s] [ 25%] Built target px4_msgs__rosidl_typesupport_c
[1.120s] [ 38%] Built target px4_msgs__rosidl_typesupport_introspection_c
[1.128s] [ 50%] Built target px4_msgs__rosidl_typesupport_cpp
[1.130s] [ 63%] Built target px4_msgs__rosidl_typesupport_introspection_cpp
[1.145s] [35m[1mConsolidate compiler generated dependencies of target px4_msgs__rosidl_typesupport_fastrtps_c[0m
[1.150s] [ 75%] Built target px4_msgs__rosidl_typesupport_fastrtps_cpp
[1.196s] running egg_info
[1.197s] writing px4_msgs.egg-info/PKG-INFO
[1.197s] writing dependency_links to px4_msgs.egg-info/dependency_links.txt
[1.197s] writing top-level names to px4_msgs.egg-info/top_level.txt
[1.201s] reading manifest file 'px4_msgs.egg-info/SOURCES.txt'
[1.203s] writing manifest file 'px4_msgs.egg-info/SOURCES.txt'
[1.231s] [ 75%] Built target ament_cmake_python_build_px4_msgs_egg
[1.288s] [ 88%] Built target px4_msgs__rosidl_typesupport_fastrtps_c
[1.304s] [ 88%] Built target px4_msgs
[1.332s] [ 88%] Built target px4_msgs__py
[1.477s] [35m[1mConsolidate compiler generated dependencies of target px4_msgs__rosidl_generator_py[0m
[1.636s] [ 88%] [32mBuilding C object CMakeFiles/px4_msgs__rosidl_generator_py.dir/rosidl_generator_py/px4_msgs/msg/_action_request_s.c.o[0m
[1.636s] [ 88%] [32mBuilding C object CMakeFiles/px4_msgs__rosidl_generator_py.dir/rosidl_generator_py/px4_msgs/msg/_actuator_motors_s.c.o[0m
[1.637s] [ 88%] [32mBuilding C object CMakeFiles/px4_msgs__rosidl_generator_py.dir/rosidl_generator_py/px4_msgs/msg/_actuator_outputs_s.c.o[0m
[1.637s] [ 88%] [32mBuilding C object CMakeFiles/px4_msgs__rosidl_generator_py.dir/rosidl_generator_py/px4_msgs/msg/_actuator_servos_s.c.o[0m
[1.639s] [ 88%] [32mBuilding C object CMakeFiles/px4_msgs__rosidl_generator_py.dir/rosidl_generator_py/px4_msgs/msg/_actuator_test_s.c.o[0m
[1.639s] [ 88%] [32mBuilding C object CMakeFiles/px4_msgs__rosidl_generator_py.dir/rosidl_generator_py/px4_msgs/msg/_actuator_servos_trim_s.c.o[0m
[1.640s] [ 88%] [32mBuilding C object CMakeFiles/px4_msgs__rosidl_generator_py.dir/rosidl_generator_py/px4_msgs/msg/_actuator_armed_s.c.o[0m
[1.641s] [ 88%] [32mBuilding C object CMakeFiles/px4_msgs__rosidl_generator_py.dir/rosidl_generator_py/px4_msgs/msg/_actuator_controls_status_s.c.o[0m
[2.224s] [ 88%] [32mBuilding C object CMakeFiles/px4_msgs__rosidl_generator_py.dir/rosidl_generator_py/px4_msgs/msg/_airspeed_wind_s.c.o[0m
[2.224s] [ 88%] [32mBuilding C object CMakeFiles/px4_msgs__rosidl_generator_py.dir/rosidl_generator_py/px4_msgs/msg/_airspeed_s.c.o[0m
[2.225s] [ 88%] [32mBuilding C object CMakeFiles/px4_msgs__rosidl_generator_py.dir/rosidl_generator_py/px4_msgs/msg/_arming_check_reply_s.c.o[0m
[2.225s] [ 89%] [32mBuilding C object CMakeFiles/px4_msgs__rosidl_generator_py.dir/rosidl_generator_py/px4_msgs/msg/_adc_report_s.c.o[0m
[2.225s] [ 89%] [32mBuilding C object CMakeFiles/px4_msgs__rosidl_generator_py.dir/rosidl_generator_py/px4_msgs/msg/_airspeed_validated_s.c.o[0m
[2.236s] [ 89%] [32mBuilding C object CMakeFiles/px4_msgs__rosidl_generator_py.dir/rosidl_generator_py/px4_msgs/msg/_arming_check_request_s.c.o[0m
[2.236s] [ 89%] [32mBuilding C object CMakeFiles/px4_msgs__rosidl_generator_py.dir/rosidl_generator_py/px4_msgs/msg/_autotune_attitude_control_status_s.c.o[0m
[2.239s] [ 89%] [32mBuilding C object CMakeFiles/px4_msgs__rosidl_generator_py.dir/rosidl_generator_py/px4_msgs/msg/_battery_info_s.c.o[0m
[2.390s] [ 89%] [32mBuilding C object CMakeFiles/px4_msgs__rosidl_generator_py.dir/rosidl_generator_py/px4_msgs/msg/_battery_status_s.c.o[0m
[2.397s] [ 89%] [32mBuilding C object CMakeFiles/px4_msgs__rosidl_generator_py.dir/rosidl_generator_py/px4_msgs/msg/_button_event_s.c.o[0m
[2.408s] [ 89%] [32mBuilding C object CMakeFiles/px4_msgs__rosidl_generator_py.dir/rosidl_generator_py/px4_msgs/msg/_camera_capture_s.c.o[0m
[2.423s] [ 89%] [32mBuilding C object CMakeFiles/px4_msgs__rosidl_generator_py.dir/rosidl_generator_py/px4_msgs/msg/_camera_status_s.c.o[0m
[2.424s] [ 89%] [32mBuilding C object CMakeFiles/px4_msgs__rosidl_generator_py.dir/rosidl_generator_py/px4_msgs/msg/_camera_trigger_s.c.o[0m
[2.457s] [ 89%] [32mBuilding C object CMakeFiles/px4_msgs__rosidl_generator_py.dir/rosidl_generator_py/px4_msgs/msg/_can_interface_status_s.c.o[0m
[2.467s] [ 89%] [32mBuilding C object CMakeFiles/px4_msgs__rosidl_generator_py.dir/rosidl_generator_py/px4_msgs/msg/_cellular_status_s.c.o[0m
[2.501s] [ 89%] [32mBuilding C object CMakeFiles/px4_msgs__rosidl_generator_py.dir/rosidl_generator_py/px4_msgs/msg/_collision_constraints_s.c.o[0m
[2.585s] [ 89%] [32mBuilding C object CMakeFiles/px4_msgs__rosidl_generator_py.dir/rosidl_generator_py/px4_msgs/msg/_config_overrides_s.c.o[0m
[2.591s] [ 89%] [32mBuilding C object CMakeFiles/px4_msgs__rosidl_generator_py.dir/rosidl_generator_py/px4_msgs/msg/_control_allocator_status_s.c.o[0m
[2.596s] [ 89%] [32mBuilding C object CMakeFiles/px4_msgs__rosidl_generator_py.dir/rosidl_generator_py/px4_msgs/msg/_dataman_request_s.c.o[0m
[2.599s] [ 89%] [32mBuilding C object CMakeFiles/px4_msgs__rosidl_generator_py.dir/rosidl_generator_py/px4_msgs/msg/_cpuload_s.c.o[0m
[2.620s] [ 90%] [32mBuilding C object CMakeFiles/px4_msgs__rosidl_generator_py.dir/rosidl_generator_py/px4_msgs/msg/_dataman_response_s.c.o[0m
[2.649s] [ 90%] [32mBuilding C object CMakeFiles/px4_msgs__rosidl_generator_py.dir/rosidl_generator_py/px4_msgs/msg/_debug_array_s.c.o[0m
[2.694s] [ 90%] [32mBuilding C object CMakeFiles/px4_msgs__rosidl_generator_py.dir/rosidl_generator_py/px4_msgs/msg/_debug_key_value_s.c.o[0m
[2.707s] [ 90%] [32mBuilding C object CMakeFiles/px4_msgs__rosidl_generator_py.dir/rosidl_generator_py/px4_msgs/msg/_debug_value_s.c.o[0m
[2.788s] [ 90%] [32mBuilding C object CMakeFiles/px4_msgs__rosidl_generator_py.dir/rosidl_generator_py/px4_msgs/msg/_debug_vect_s.c.o[0m
[2.793s] [ 90%] [32mBuilding C object CMakeFiles/px4_msgs__rosidl_generator_py.dir/rosidl_generator_py/px4_msgs/msg/_device_information_s.c.o[0m
[2.798s] [ 90%] [32mBuilding C object CMakeFiles/px4_msgs__rosidl_generator_py.dir/rosidl_generator_py/px4_msgs/msg/_distance_sensor_s.c.o[0m
[2.801s] [ 90%] [32mBuilding C object CMakeFiles/px4_msgs__rosidl_generator_py.dir/rosidl_generator_py/px4_msgs/msg/_differential_pressure_s.c.o[0m
[2.805s] [ 90%] [32mBuilding C object CMakeFiles/px4_msgs__rosidl_generator_py.dir/rosidl_generator_py/px4_msgs/msg/_distance_sensor_mode_change_request_s.c.o[0m
[2.860s] [ 90%] [32mBuilding C object CMakeFiles/px4_msgs__rosidl_generator_py.dir/rosidl_generator_py/px4_msgs/msg/_dronecan_node_status_s.c.o[0m
[2.875s] [ 90%] [32mBuilding C object CMakeFiles/px4_msgs__rosidl_generator_py.dir/rosidl_generator_py/px4_msgs/msg/_ekf2_timestamps_s.c.o[0m
[2.902s] [ 90%] [32mBuilding C object CMakeFiles/px4_msgs__rosidl_generator_py.dir/rosidl_generator_py/px4_msgs/msg/_esc_report_s.c.o[0m
[2.969s] [ 90%] [32mBuilding C object CMakeFiles/px4_msgs__rosidl_generator_py.dir/rosidl_generator_py/px4_msgs/msg/_esc_status_s.c.o[0m
[3.008s] [ 90%] [32mBuilding C object CMakeFiles/px4_msgs__rosidl_generator_py.dir/rosidl_generator_py/px4_msgs/msg/_estimator_aid_source1d_s.c.o[0m
[3.011s] [ 90%] [32mBuilding C object CMakeFiles/px4_msgs__rosidl_generator_py.dir/rosidl_generator_py/px4_msgs/msg/_estimator_aid_source2d_s.c.o[0m
[3.051s] [ 90%] [32mBuilding C object CMakeFiles/px4_msgs__rosidl_generator_py.dir/rosidl_generator_py/px4_msgs/msg/_estimator_aid_source3d_s.c.o[0m
[3.060s] [ 90%] [32mBuilding C object CMakeFiles/px4_msgs__rosidl_generator_py.dir/rosidl_generator_py/px4_msgs/msg/_estimator_bias3d_s.c.o[0m
[3.061s] [ 90%] [32mBuilding C object CMakeFiles/px4_msgs__rosidl_generator_py.dir/rosidl_generator_py/px4_msgs/msg/_estimator_bias_s.c.o[0m
[3.078s] [ 91%] [32mBuilding C object CMakeFiles/px4_msgs__rosidl_generator_py.dir/rosidl_generator_py/px4_msgs/msg/_estimator_gps_status_s.c.o[0m
[3.084s] [ 91%] [32mBuilding C object CMakeFiles/px4_msgs__rosidl_generator_py.dir/rosidl_generator_py/px4_msgs/msg/_estimator_event_flags_s.c.o[0m
[3.173s] [ 91%] [32mBuilding C object CMakeFiles/px4_msgs__rosidl_generator_py.dir/rosidl_generator_py/px4_msgs/msg/_estimator_innovations_s.c.o[0m
[3.196s] [ 91%] [32mBuilding C object CMakeFiles/px4_msgs__rosidl_generator_py.dir/rosidl_generator_py/px4_msgs/msg/_estimator_selector_status_s.c.o[0m
[3.230s] [ 91%] [32mBuilding C object CMakeFiles/px4_msgs__rosidl_generator_py.dir/rosidl_generator_py/px4_msgs/msg/_estimator_sensor_bias_s.c.o[0m
[3.241s] [ 91%] [32mBuilding C object CMakeFiles/px4_msgs__rosidl_generator_py.dir/rosidl_generator_py/px4_msgs/msg/_estimator_states_s.c.o[0m
[3.245s] [ 91%] [32mBuilding C object CMakeFiles/px4_msgs__rosidl_generator_py.dir/rosidl_generator_py/px4_msgs/msg/_estimator_status_s.c.o[0m
[3.268s] [ 91%] [32mBuilding C object CMakeFiles/px4_msgs__rosidl_generator_py.dir/rosidl_generator_py/px4_msgs/msg/_estimator_status_flags_s.c.o[0m
[3.287s] [ 91%] [32mBuilding C object CMakeFiles/px4_msgs__rosidl_generator_py.dir/rosidl_generator_py/px4_msgs/msg/_event_s.c.o[0m
[3.300s] [ 91%] [32mBuilding C object CMakeFiles/px4_msgs__rosidl_generator_py.dir/rosidl_generator_py/px4_msgs/msg/_failsafe_flags_s.c.o[0m
[3.404s] [ 91%] [32mBuilding C object CMakeFiles/px4_msgs__rosidl_generator_py.dir/rosidl_generator_py/px4_msgs/msg/_failure_detector_status_s.c.o[0m
[3.423s] [ 91%] [32mBuilding C object CMakeFiles/px4_msgs__rosidl_generator_py.dir/rosidl_generator_py/px4_msgs/msg/_fixed_wing_lateral_guidance_status_s.c.o[0m
[3.427s] [ 91%] [32mBuilding C object CMakeFiles/px4_msgs__rosidl_generator_py.dir/rosidl_generator_py/px4_msgs/msg/_figure_eight_status_s.c.o[0m
[3.438s] [ 91%] [32mBuilding C object CMakeFiles/px4_msgs__rosidl_generator_py.dir/rosidl_generator_py/px4_msgs/msg/_fixed_wing_lateral_setpoint_s.c.o[0m
[3.457s] [ 91%] [32mBuilding C object CMakeFiles/px4_msgs__rosidl_generator_py.dir/rosidl_generator_py/px4_msgs/msg/_fixed_wing_lateral_status_s.c.o[0m
[3.477s] [ 91%] [32mBuilding C object CMakeFiles/px4_msgs__rosidl_generator_py.dir/rosidl_generator_py/px4_msgs/msg/_fixed_wing_longitudinal_setpoint_s.c.o[0m
[3.487s] [ 91%] [32mBuilding C object CMakeFiles/px4_msgs__rosidl_generator_py.dir/rosidl_generator_py/px4_msgs/msg/_fixed_wing_runway_control_s.c.o[0m
[3.506s] [ 91%] [32mBuilding C object CMakeFiles/px4_msgs__rosidl_generator_py.dir/rosidl_generator_py/px4_msgs/msg/_flight_phase_estimation_s.c.o[0m
[3.590s] [ 91%] [32mBuilding C object CMakeFiles/px4_msgs__rosidl_generator_py.dir/rosidl_generator_py/px4_msgs/msg/_follow_target_s.c.o[0m
[3.600s] [ 91%] [32mBuilding C object CMakeFiles/px4_msgs__rosidl_generator_py.dir/rosidl_generator_py/px4_msgs/msg/_follow_target_estimator_s.c.o[0m
[3.608s] [ 91%] [32mBuilding C object CMakeFiles/px4_msgs__rosidl_generator_py.dir/rosidl_generator_py/px4_msgs/msg/_follow_target_status_s.c.o[0m
[3.614s] [ 92%] [32mBuilding C object CMakeFiles/px4_msgs__rosidl_generator_py.dir/rosidl_generator_py/px4_msgs/msg/_fuel_tank_status_s.c.o[0m
[3.642s] [ 92%] [32mBuilding C object CMakeFiles/px4_msgs__rosidl_generator_py.dir/rosidl_generator_py/px4_msgs/msg/_gain_compression_s.c.o[0m
[3.648s] [ 92%] [32mBuilding C object CMakeFiles/px4_msgs__rosidl_generator_py.dir/rosidl_generator_py/px4_msgs/msg/_generator_status_s.c.o[0m
[3.650s] [ 92%] [32mBuilding C object CMakeFiles/px4_msgs__rosidl_generator_py.dir/rosidl_generator_py/px4_msgs/msg/_geofence_result_s.c.o[0m
[3.664s] [ 92%] [32mBuilding C object CMakeFiles/px4_msgs__rosidl_generator_py.dir/rosidl_generator_py/px4_msgs/msg/_geofence_status_s.c.o[0m
[3.786s] [ 92%] [32mBuilding C object CMakeFiles/px4_msgs__rosidl_generator_py.dir/rosidl_generator_py/px4_msgs/msg/_gimbal_controls_s.c.o[0m
[3.787s] [ 92%] [32mBuilding C object CMakeFiles/px4_msgs__rosidl_generator_py.dir/rosidl_generator_py/px4_msgs/msg/_gimbal_device_attitude_status_s.c.o[0m
[3.790s] [ 92%] [32mBuilding C object CMakeFiles/px4_msgs__rosidl_generator_py.dir/rosidl_generator_py/px4_msgs/msg/_gimbal_device_set_attitude_s.c.o[0m
[3.794s] [ 92%] [32mBuilding C object CMakeFiles/px4_msgs__rosidl_generator_py.dir/rosidl_generator_py/px4_msgs/msg/_gimbal_device_information_s.c.o[0m
[3.809s] [ 92%] [32mBuilding C object CMakeFiles/px4_msgs__rosidl_generator_py.dir/rosidl_generator_py/px4_msgs/msg/_gimbal_manager_set_attitude_s.c.o[0m
[3.810s] [ 92%] [32mBuilding C object CMakeFiles/px4_msgs__rosidl_generator_py.dir/rosidl_generator_py/px4_msgs/msg/_gimbal_manager_information_s.c.o[0m
[3.810s] [ 92%] [32mBuilding C object CMakeFiles/px4_msgs__rosidl_generator_py.dir/rosidl_generator_py/px4_msgs/msg/_gimbal_manager_set_manual_control_s.c.o[0m
[3.827s] [ 92%] [32mBuilding C object CMakeFiles/px4_msgs__rosidl_generator_py.dir/rosidl_generator_py/px4_msgs/msg/_gimbal_manager_status_s.c.o[0m
[3.964s] [ 92%] [32mBuilding C object CMakeFiles/px4_msgs__rosidl_generator_py.dir/rosidl_generator_py/px4_msgs/msg/_gpio_config_s.c.o[0m
[3.966s] [ 92%] [32mBuilding C object CMakeFiles/px4_msgs__rosidl_generator_py.dir/rosidl_generator_py/px4_msgs/msg/_goto_setpoint_s.c.o[0m
[3.973s] [ 92%] [32mBuilding C object CMakeFiles/px4_msgs__rosidl_generator_py.dir/rosidl_generator_py/px4_msgs/msg/_gpio_in_s.c.o[0m
[3.987s] [ 92%] [32mBuilding C object CMakeFiles/px4_msgs__rosidl_generator_py.dir/rosidl_generator_py/px4_msgs/msg/_gpio_out_s.c.o[0m
[3.987s] [ 92%] [32mBuilding C object CMakeFiles/px4_msgs__rosidl_generator_py.dir/rosidl_generator_py/px4_msgs/msg/_gps_dump_s.c.o[0m
[3.988s] [ 92%] [32mBuilding C object CMakeFiles/px4_msgs__rosidl_generator_py.dir/rosidl_generator_py/px4_msgs/msg/_gpio_request_s.c.o[0m
[3.992s] [ 93%] [32mBuilding C object CMakeFiles/px4_msgs__rosidl_generator_py.dir/rosidl_generator_py/px4_msgs/msg/_gripper_s.c.o[0m
[3.993s] [ 93%] [32mBuilding C object CMakeFiles/px4_msgs__rosidl_generator_py.dir/rosidl_generator_py/px4_msgs/msg/_gps_inject_data_s.c.o[0m
[4.153s] [ 93%] [32mBuilding C object CMakeFiles/px4_msgs__rosidl_generator_py.dir/rosidl_generator_py/px4_msgs/msg/_health_report_s.c.o[0m
[4.154s] [ 93%] [32mBuilding C object CMakeFiles/px4_msgs__rosidl_generator_py.dir/rosidl_generator_py/px4_msgs/msg/_heater_status_s.c.o[0m
[4.161s] [ 93%] [32mBuilding C object CMakeFiles/px4_msgs__rosidl_generator_py.dir/rosidl_generator_py/px4_msgs/msg/_hover_thrust_estimate_s.c.o[0m
[4.162s] [ 93%] [32mBuilding C object CMakeFiles/px4_msgs__rosidl_generator_py.dir/rosidl_generator_py/px4_msgs/msg/_home_position_s.c.o[0m
[4.171s] [ 93%] [32mBuilding C object CMakeFiles/px4_msgs__rosidl_generator_py.dir/rosidl_generator_py/px4_msgs/msg/_input_rc_s.c.o[0m
[4.171s] [ 93%] [32mBuilding C object CMakeFiles/px4_msgs__rosidl_generator_py.dir/rosidl_generator_py/px4_msgs/msg/_internal_combustion_engine_control_s.c.o[0m
[4.176s] [ 93%] [32mBuilding C object CMakeFiles/px4_msgs__rosidl_generator_py.dir/rosidl_generator_py/px4_msgs/msg/_internal_combustion_engine_status_s.c.o[0m
[4.187s] [ 93%] [32mBuilding C object CMakeFiles/px4_msgs__rosidl_generator_py.dir/rosidl_generator_py/px4_msgs/msg/_iridiumsbd_status_s.c.o[0m
[4.337s] [ 93%] [32mBuilding C object CMakeFiles/px4_msgs__rosidl_generator_py.dir/rosidl_generator_py/px4_msgs/msg/_irlock_report_s.c.o[0m
[4.347s] [ 93%] [32mBuilding C object CMakeFiles/px4_msgs__rosidl_generator_py.dir/rosidl_generator_py/px4_msgs/msg/_landing_gear_wheel_s.c.o[0m
[4.350s] [ 93%] [32mBuilding C object CMakeFiles/px4_msgs__rosidl_generator_py.dir/rosidl_generator_py/px4_msgs/msg/_landing_gear_s.c.o[0m
[4.356s] [ 93%] [32mBuilding C object CMakeFiles/px4_msgs__rosidl_generator_py.dir/rosidl_generator_py/px4_msgs/msg/_landing_target_innovations_s.c.o[0m
[4.364s] [ 93%] [32mBuilding C object CMakeFiles/px4_msgs__rosidl_generator_py.dir/rosidl_generator_py/px4_msgs/msg/_landing_target_pose_s.c.o[0m
[4.397s] [ 93%] [32mBuilding C object CMakeFiles/px4_msgs__rosidl_generator_py.dir/rosidl_generator_py/px4_msgs/msg/_lateral_control_configuration_s.c.o[0m
[4.397s] [ 93%] [32mBuilding C object CMakeFiles/px4_msgs__rosidl_generator_py.dir/rosidl_generator_py/px4_msgs/msg/_launch_detection_status_s.c.o[0m
[4.411s] [ 93%] [32mBuilding C object CMakeFiles/px4_msgs__rosidl_generator_py.dir/rosidl_generator_py/px4_msgs/msg/_led_control_s.c.o[0m
[4.503s] [ 93%] [32mBuilding C object CMakeFiles/px4_msgs__rosidl_generator_py.dir/rosidl_generator_py/px4_msgs/msg/_log_message_s.c.o[0m
[4.503s] [ 93%] [32mBuilding C object CMakeFiles/px4_msgs__rosidl_generator_py.dir/rosidl_generator_py/px4_msgs/msg/_logger_status_s.c.o[0m
[4.532s] [ 94%] [32mBuilding C object CMakeFiles/px4_msgs__rosidl_generator_py.dir/rosidl_generator_py/px4_msgs/msg/_longitudinal_control_configuration_s.c.o[0m
[4.547s] [ 94%] [32mBuilding C object CMakeFiles/px4_msgs__rosidl_generator_py.dir/rosidl_generator_py/px4_msgs/msg/_mag_worker_data_s.c.o[0m
[4.558s] [ 94%] [32mBuilding C object CMakeFiles/px4_msgs__rosidl_generator_py.dir/rosidl_generator_py/px4_msgs/msg/_magnetometer_bias_estimate_s.c.o[0m
[4.586s] [ 94%] [32mBuilding C object CMakeFiles/px4_msgs__rosidl_generator_py.dir/rosidl_generator_py/px4_msgs/msg/_manual_control_switches_s.c.o[0m
[4.591s] [ 94%] [32mBuilding C object CMakeFiles/px4_msgs__rosidl_generator_py.dir/rosidl_generator_py/px4_msgs/msg/_manual_control_setpoint_s.c.o[0m
[4.599s] [ 94%] [32mBuilding C object CMakeFiles/px4_msgs__rosidl_generator_py.dir/rosidl_generator_py/px4_msgs/msg/_mavlink_log_s.c.o[0m
[4.696s] [ 94%] [32mBuilding C object CMakeFiles/px4_msgs__rosidl_generator_py.dir/rosidl_generator_py/px4_msgs/msg/_mavlink_tunnel_s.c.o[0m
[4.722s] [ 94%] [32mBuilding C object CMakeFiles/px4_msgs__rosidl_generator_py.dir/rosidl_generator_py/px4_msgs/msg/_message_format_request_s.c.o[0m
[4.759s] [ 94%] [32mBuilding C object CMakeFiles/px4_msgs__rosidl_generator_py.dir/rosidl_generator_py/px4_msgs/msg/_message_format_response_s.c.o[0m
[4.770s] [ 94%] [32mBuilding C object CMakeFiles/px4_msgs__rosidl_generator_py.dir/rosidl_generator_py/px4_msgs/msg/_mission_s.c.o[0m
[4.775s] [ 94%] [32mBuilding C object CMakeFiles/px4_msgs__rosidl_generator_py.dir/rosidl_generator_py/px4_msgs/msg/_mission_result_s.c.o[0m
[4.777s] [ 94%] [32mBuilding C object CMakeFiles/px4_msgs__rosidl_generator_py.dir/rosidl_generator_py/px4_msgs/msg/_mode_completed_s.c.o[0m
[4.782s] [ 94%] [32mBuilding C object CMakeFiles/px4_msgs__rosidl_generator_py.dir/rosidl_generator_py/px4_msgs/msg/_mount_orientation_s.c.o[0m
[4.784s] [ 94%] [32mBuilding C object CMakeFiles/px4_msgs__rosidl_generator_py.dir/rosidl_generator_py/px4_msgs/msg/_navigator_mission_item_s.c.o[0m
[4.889s] [ 94%] [32mBuilding C object CMakeFiles/px4_msgs__rosidl_generator_py.dir/rosidl_generator_py/px4_msgs/msg/_navigator_status_s.c.o[0m
[4.915s] [ 94%] [32mBuilding C object CMakeFiles/px4_msgs__rosidl_generator_py.dir/rosidl_generator_py/px4_msgs/msg/_neural_control_s.c.o[0m
[4.917s] [ 94%] [32mBuilding C object CMakeFiles/px4_msgs__rosidl_generator_py.dir/rosidl_generator_py/px4_msgs/msg/_normalized_unsigned_setpoint_s.c.o[0m
[4.929s] [ 94%] [32mBuilding C object CMakeFiles/px4_msgs__rosidl_generator_py.dir/rosidl_generator_py/px4_msgs/msg/_obstacle_distance_s.c.o[0m
[4.936s] [ 94%] [32mBuilding C object CMakeFiles/px4_msgs__rosidl_generator_py.dir/rosidl_generator_py/px4_msgs/msg/_onboard_computer_status_s.c.o[0m
[4.945s] [ 94%] [32mBuilding C object CMakeFiles/px4_msgs__rosidl_generator_py.dir/rosidl_generator_py/px4_msgs/msg/_offboard_control_mode_s.c.o[0m
[4.963s] [ 95%] [32mBuilding C object CMakeFiles/px4_msgs__rosidl_generator_py.dir/rosidl_generator_py/px4_msgs/msg/_open_drone_id_arm_status_s.c.o[0m
[4.979s] [ 95%] [32mBuilding C object CMakeFiles/px4_msgs__rosidl_generator_py.dir/rosidl_generator_py/px4_msgs/msg/_open_drone_id_operator_id_s.c.o[0m
[5.037s] [ 95%] [32mBuilding C object CMakeFiles/px4_msgs__rosidl_generator_py.dir/rosidl_generator_py/px4_msgs/msg/_open_drone_id_self_id_s.c.o[0m
[5.093s] [ 95%] [32mBuilding C object CMakeFiles/px4_msgs__rosidl_generator_py.dir/rosidl_generator_py/px4_msgs/msg/_open_drone_id_system_s.c.o[0m
[5.097s] [ 95%] [32mBuilding C object CMakeFiles/px4_msgs__rosidl_generator_py.dir/rosidl_generator_py/px4_msgs/msg/_orb_test_s.c.o[0m
[5.125s] [ 95%] [32mBuilding C object CMakeFiles/px4_msgs__rosidl_generator_py.dir/rosidl_generator_py/px4_msgs/msg/_orb_test_large_s.c.o[0m
[5.152s] [ 95%] [32mBuilding C object CMakeFiles/px4_msgs__rosidl_generator_py.dir/rosidl_generator_py/px4_msgs/msg/_orb_test_medium_s.c.o[0m
[5.156s] [ 95%] [32mBuilding C object CMakeFiles/px4_msgs__rosidl_generator_py.dir/rosidl_generator_py/px4_msgs/msg/_orbit_status_s.c.o[0m
[5.175s] [ 95%] [32mBuilding C object CMakeFiles/px4_msgs__rosidl_generator_py.dir/rosidl_generator_py/px4_msgs/msg/_parameter_reset_request_s.c.o[0m
[5.197s] [ 95%] [32mBuilding C object CMakeFiles/px4_msgs__rosidl_generator_py.dir/rosidl_generator_py/px4_msgs/msg/_parameter_set_used_request_s.c.o[0m
[5.209s] [ 95%] [32mBuilding C object CMakeFiles/px4_msgs__rosidl_generator_py.dir/rosidl_generator_py/px4_msgs/msg/_parameter_set_value_request_s.c.o[0m
[5.275s] [ 95%] [32mBuilding C object CMakeFiles/px4_msgs__rosidl_generator_py.dir/rosidl_generator_py/px4_msgs/msg/_parameter_set_value_response_s.c.o[0m
[5.279s] [ 95%] [32mBuilding C object CMakeFiles/px4_msgs__rosidl_generator_py.dir/rosidl_generator_py/px4_msgs/msg/_parameter_update_s.c.o[0m
[5.324s] [ 95%] [32mBuilding C object CMakeFiles/px4_msgs__rosidl_generator_py.dir/rosidl_generator_py/px4_msgs/msg/_ping_s.c.o[0m
[5.325s] [ 95%] [32mBuilding C object CMakeFiles/px4_msgs__rosidl_generator_py.dir/rosidl_generator_py/px4_msgs/msg/_position_controller_landing_status_s.c.o[0m
[5.328s] [ 95%] [32mBuilding C object CMakeFiles/px4_msgs__rosidl_generator_py.dir/rosidl_generator_py/px4_msgs/msg/_position_controller_status_s.c.o[0m
[5.347s] [ 95%] [32mBuilding C object CMakeFiles/px4_msgs__rosidl_generator_py.dir/rosidl_generator_py/px4_msgs/msg/_position_setpoint_s.c.o[0m
[5.372s] [ 95%] [32mBuilding C object CMakeFiles/px4_msgs__rosidl_generator_py.dir/rosidl_generator_py/px4_msgs/msg/_position_setpoint_triplet_s.c.o[0m
[5.398s] [ 95%] [32mBuilding C object CMakeFiles/px4_msgs__rosidl_generator_py.dir/rosidl_generator_py/px4_msgs/msg/_power_button_state_s.c.o[0m
[5.420s] [ 96%] [32mBuilding C object CMakeFiles/px4_msgs__rosidl_generator_py.dir/rosidl_generator_py/px4_msgs/msg/_power_monitor_s.c.o[0m
[5.479s] [ 96%] [32mBuilding C object CMakeFiles/px4_msgs__rosidl_generator_py.dir/rosidl_generator_py/px4_msgs/msg/_pps_capture_s.c.o[0m
[5.482s] [ 96%] [32mBuilding C object CMakeFiles/px4_msgs__rosidl_generator_py.dir/rosidl_generator_py/px4_msgs/msg/_pure_pursuit_status_s.c.o[0m
[5.492s] [ 96%] [32mBuilding C object CMakeFiles/px4_msgs__rosidl_generator_py.dir/rosidl_generator_py/px4_msgs/msg/_pwm_input_s.c.o[0m
[5.511s] [ 96%] [32mBuilding C object CMakeFiles/px4_msgs__rosidl_generator_py.dir/rosidl_generator_py/px4_msgs/msg/_px4io_status_s.c.o[0m
[5.540s] [ 96%] [32mBuilding C object CMakeFiles/px4_msgs__rosidl_generator_py.dir/rosidl_generator_py/px4_msgs/msg/_qshell_req_s.c.o[0m
[5.562s] [ 96%] [32mBuilding C object CMakeFiles/px4_msgs__rosidl_generator_py.dir/rosidl_generator_py/px4_msgs/msg/_qshell_retval_s.c.o[0m
[5.563s] [ 96%] [32mBuilding C object CMakeFiles/px4_msgs__rosidl_generator_py.dir/rosidl_generator_py/px4_msgs/msg/_radio_status_s.c.o[0m
[5.585s] [ 96%] [32mBuilding C object CMakeFiles/px4_msgs__rosidl_generator_py.dir/rosidl_generator_py/px4_msgs/msg/_raptor_input_s.c.o[0m
[5.637s] [ 96%] [32mBuilding C object CMakeFiles/px4_msgs__rosidl_generator_py.dir/rosidl_generator_py/px4_msgs/msg/_raptor_status_s.c.o[0m
[5.651s] [ 96%] [32mBuilding C object CMakeFiles/px4_msgs__rosidl_generator_py.dir/rosidl_generator_py/px4_msgs/msg/_rate_ctrl_status_s.c.o[0m
[5.665s] [ 96%] [32mBuilding C object CMakeFiles/px4_msgs__rosidl_generator_py.dir/rosidl_generator_py/px4_msgs/msg/_rc_channels_s.c.o[0m
[5.698s] [ 96%] [32mBuilding C object CMakeFiles/px4_msgs__rosidl_generator_py.dir/rosidl_generator_py/px4_msgs/msg/_rc_parameter_map_s.c.o[0m
[5.746s] [ 96%] [32mBuilding C object CMakeFiles/px4_msgs__rosidl_generator_py.dir/rosidl_generator_py/px4_msgs/msg/_register_ext_component_reply_s.c.o[0m
[5.746s] [ 96%] [32mBuilding C object CMakeFiles/px4_msgs__rosidl_generator_py.dir/rosidl_generator_py/px4_msgs/msg/_register_ext_component_request_s.c.o[0m
[5.759s] [ 96%] [32mBuilding C object CMakeFiles/px4_msgs__rosidl_generator_py.dir/rosidl_generator_py/px4_msgs/msg/_rover_attitude_setpoint_s.c.o[0m
[5.786s] [ 96%] [32mBuilding C object CMakeFiles/px4_msgs__rosidl_generator_py.dir/rosidl_generator_py/px4_msgs/msg/_rover_attitude_status_s.c.o[0m
[5.814s] [ 96%] [32mBuilding C object CMakeFiles/px4_msgs__rosidl_generator_py.dir/rosidl_generator_py/px4_msgs/msg/_rover_position_setpoint_s.c.o[0m
[5.833s] [ 96%] [32mBuilding C object CMakeFiles/px4_msgs__rosidl_generator_py.dir/rosidl_generator_py/px4_msgs/msg/_rover_rate_setpoint_s.c.o[0m
[5.853s] [ 96%] [32mBuilding C object CMakeFiles/px4_msgs__rosidl_generator_py.dir/rosidl_generator_py/px4_msgs/msg/_rover_rate_status_s.c.o[0m
[5.878s] [ 97%] [32mBuilding C object CMakeFiles/px4_msgs__rosidl_generator_py.dir/rosidl_generator_py/px4_msgs/msg/_rover_speed_setpoint_s.c.o[0m
[5.910s] [ 97%] [32mBuilding C object CMakeFiles/px4_msgs__rosidl_generator_py.dir/rosidl_generator_py/px4_msgs/msg/_rover_speed_status_s.c.o[0m
[5.929s] [ 97%] [32mBuilding C object CMakeFiles/px4_msgs__rosidl_generator_py.dir/rosidl_generator_py/px4_msgs/msg/_rover_steering_setpoint_s.c.o[0m
[5.937s] [ 97%] [32mBuilding C object CMakeFiles/px4_msgs__rosidl_generator_py.dir/rosidl_generator_py/px4_msgs/msg/_rover_throttle_setpoint_s.c.o[0m
[5.961s] [ 97%] [32mBuilding C object CMakeFiles/px4_msgs__rosidl_generator_py.dir/rosidl_generator_py/px4_msgs/msg/_rpm_s.c.o[0m
[5.996s] [ 97%] [32mBuilding C object CMakeFiles/px4_msgs__rosidl_generator_py.dir/rosidl_generator_py/px4_msgs/msg/_rtl_status_s.c.o[0m
[6.013s] [ 97%] [32mBuilding C object CMakeFiles/px4_msgs__rosidl_generator_py.dir/rosidl_generator_py/px4_msgs/msg/_rtl_time_estimate_s.c.o[0m
[6.025s] [ 97%] [32mBuilding C object CMakeFiles/px4_msgs__rosidl_generator_py.dir/rosidl_generator_py/px4_msgs/msg/_satellite_info_s.c.o[0m
[6.051s] [ 97%] [32mBuilding C object CMakeFiles/px4_msgs__rosidl_generator_py.dir/rosidl_generator_py/px4_msgs/msg/_sensor_accel_fifo_s.c.o[0m
[6.055s] [ 97%] [32mBuilding C object CMakeFiles/px4_msgs__rosidl_generator_py.dir/rosidl_generator_py/px4_msgs/msg/_sensor_accel_s.c.o[0m
[6.086s] [ 97%] [32mBuilding C object CMakeFiles/px4_msgs__rosidl_generator_py.dir/rosidl_generator_py/px4_msgs/msg/_sensor_airflow_s.c.o[0m
[6.106s] [ 97%] [32mBuilding C object CMakeFiles/px4_msgs__rosidl_generator_py.dir/rosidl_generator_py/px4_msgs/msg/_sensor_baro_s.c.o[0m
[6.121s] [ 97%] [32mBuilding C object CMakeFiles/px4_msgs__rosidl_generator_py.dir/rosidl_generator_py/px4_msgs/msg/_sensor_combined_s.c.o[0m
[6.176s] [ 97%] [32mBuilding C object CMakeFiles/px4_msgs__rosidl_generator_py.dir/rosidl_generator_py/px4_msgs/msg/_sensor_gnss_relative_s.c.o[0m
[6.178s] [ 97%] [32mBuilding C object CMakeFiles/px4_msgs__rosidl_generator_py.dir/rosidl_generator_py/px4_msgs/msg/_sensor_correction_s.c.o[0m
[6.225s] [ 97%] [32mBuilding C object CMakeFiles/px4_msgs__rosidl_generator_py.dir/rosidl_generator_py/px4_msgs/msg/_sensor_gnss_status_s.c.o[0m
[6.242s] [ 97%] [32mBuilding C object CMakeFiles/px4_msgs__rosidl_generator_py.dir/rosidl_generator_py/px4_msgs/msg/_sensor_gps_s.c.o[0m
[6.242s] [ 97%] [32mBuilding C object CMakeFiles/px4_msgs__rosidl_generator_py.dir/rosidl_generator_py/px4_msgs/msg/_sensor_gyro_s.c.o[0m
[6.269s] [ 97%] [32mBuilding C object CMakeFiles/px4_msgs__rosidl_generator_py.dir/rosidl_generator_py/px4_msgs/msg/_sensor_gyro_fft_s.c.o[0m
[6.307s] [ 98%] [32mBuilding C object CMakeFiles/px4_msgs__rosidl_generator_py.dir/rosidl_generator_py/px4_msgs/msg/_sensor_gyro_fifo_s.c.o[0m
[6.313s] [ 98%] [32mBuilding C object CMakeFiles/px4_msgs__rosidl_generator_py.dir/rosidl_generator_py/px4_msgs/msg/_sensor_hygrometer_s.c.o[0m
[6.361s] [ 98%] [32mBuilding C object CMakeFiles/px4_msgs__rosidl_generator_py.dir/rosidl_generator_py/px4_msgs/msg/_sensor_mag_s.c.o[0m
[6.390s] [ 98%] [32mBuilding C object CMakeFiles/px4_msgs__rosidl_generator_py.dir/rosidl_generator_py/px4_msgs/msg/_sensor_optical_flow_s.c.o[0m
[6.426s] [ 98%] [32mBuilding C object CMakeFiles/px4_msgs__rosidl_generator_py.dir/rosidl_generator_py/px4_msgs/msg/_sensor_preflight_mag_s.c.o[0m
[6.464s] [ 98%] [32mBuilding C object CMakeFiles/px4_msgs__rosidl_generator_py.dir/rosidl_generator_py/px4_msgs/msg/_sensor_selection_s.c.o[0m
[6.472s] [ 98%] [32mBuilding C object CMakeFiles/px4_msgs__rosidl_generator_py.dir/rosidl_generator_py/px4_msgs/msg/_sensor_temp_s.c.o[0m
[6.533s] [ 98%] [32mBuilding C object CMakeFiles/px4_msgs__rosidl_generator_py.dir/rosidl_generator_py/px4_msgs/msg/_sensor_uwb_s.c.o[0m
[6.535s] [ 98%] [32mBuilding C object CMakeFiles/px4_msgs__rosidl_generator_py.dir/rosidl_generator_py/px4_msgs/msg/_sensors_status_s.c.o[0m
[6.559s] [ 98%] [32mBuilding C object CMakeFiles/px4_msgs__rosidl_generator_py.dir/rosidl_generator_py/px4_msgs/msg/_sensors_status_imu_s.c.o[0m
[6.568s] [ 98%] [32mBuilding C object CMakeFiles/px4_msgs__rosidl_generator_py.dir/rosidl_generator_py/px4_msgs/msg/_system_power_s.c.o[0m
[6.644s] [ 98%] [32mBuilding C object CMakeFiles/px4_msgs__rosidl_generator_py.dir/rosidl_generator_py/px4_msgs/msg/_takeoff_status_s.c.o[0m
[6.658s] [ 98%] [32mBuilding C object CMakeFiles/px4_msgs__rosidl_generator_py.dir/rosidl_generator_py/px4_msgs/msg/_task_stack_info_s.c.o[0m
[6.687s] [ 98%] [32mBuilding C object CMakeFiles/px4_msgs__rosidl_generator_py.dir/rosidl_generator_py/px4_msgs/msg/_tecs_status_s.c.o[0m
[6.695s] [ 98%] [32mBuilding C object CMakeFiles/px4_msgs__rosidl_generator_py.dir/rosidl_generator_py/px4_msgs/msg/_telemetry_status_s.c.o[0m
[6.735s] [ 98%] [32mBuilding C object CMakeFiles/px4_msgs__rosidl_generator_py.dir/rosidl_generator_py/px4_msgs/msg/_tiltrotor_extra_controls_s.c.o[0m
[6.748s] [ 98%] [32mBuilding C object CMakeFiles/px4_msgs__rosidl_generator_py.dir/rosidl_generator_py/px4_msgs/msg/_timesync_status_s.c.o[0m
[6.761s] [ 98%] [32mBuilding C object CMakeFiles/px4_msgs__rosidl_generator_py.dir/rosidl_generator_py/px4_msgs/msg/_trajectory_setpoint_s.c.o[0m
[6.800s] [ 98%] [32mBuilding C object CMakeFiles/px4_msgs__rosidl_generator_py.dir/rosidl_generator_py/px4_msgs/msg/_trajectory_setpoint6dof_s.c.o[0m
[6.844s] [ 98%] [32mBuilding C object CMakeFiles/px4_msgs__rosidl_generator_py.dir/rosidl_generator_py/px4_msgs/msg/_transponder_report_s.c.o[0m
[6.888s] [ 99%] [32mBuilding C object CMakeFiles/px4_msgs__rosidl_generator_py.dir/rosidl_generator_py/px4_msgs/msg/_tune_control_s.c.o[0m
[6.897s] [ 99%] [32mBuilding C object CMakeFiles/px4_msgs__rosidl_generator_py.dir/rosidl_generator_py/px4_msgs/msg/_uavcan_parameter_request_s.c.o[0m
[6.908s] [ 99%] [32mBuilding C object CMakeFiles/px4_msgs__rosidl_generator_py.dir/rosidl_generator_py/px4_msgs/msg/_uavcan_parameter_value_s.c.o[0m
[6.931s] [ 99%] [32mBuilding C object CMakeFiles/px4_msgs__rosidl_generator_py.dir/rosidl_generator_py/px4_msgs/msg/_ulog_stream_s.c.o[0m
[6.974s] [ 99%] [32mBuilding C object CMakeFiles/px4_msgs__rosidl_generator_py.dir/rosidl_generator_py/px4_msgs/msg/_ulog_stream_ack_s.c.o[0m
[6.977s] [ 99%] [32mBuilding C object CMakeFiles/px4_msgs__rosidl_generator_py.dir/rosidl_generator_py/px4_msgs/msg/_unregister_ext_component_s.c.o[0m
[7.010s] [ 99%] [32mBuilding C object CMakeFiles/px4_msgs__rosidl_generator_py.dir/rosidl_generator_py/px4_msgs/msg/_vehicle_acceleration_s.c.o[0m
[7.087s] [ 99%] [32mBuilding C object CMakeFiles/px4_msgs__rosidl_generator_py.dir/rosidl_generator_py/px4_msgs/msg/_vehicle_air_data_s.c.o[0m
[7.093s] [ 99%] [32mBuilding C object CMakeFiles/px4_msgs__rosidl_generator_py.dir/rosidl_generator_py/px4_msgs/msg/_vehicle_angular_acceleration_setpoint_s.c.o[0m
[7.096s] [ 99%] [32mBuilding C object CMakeFiles/px4_msgs__rosidl_generator_py.dir/rosidl_generator_py/px4_msgs/msg/_vehicle_angular_velocity_s.c.o[0m
[7.111s] [ 99%] [32mBuilding C object CMakeFiles/px4_msgs__rosidl_generator_py.dir/rosidl_generator_py/px4_msgs/msg/_vehicle_attitude_s.c.o[0m
[7.111s] [ 99%] [32mBuilding C object CMakeFiles/px4_msgs__rosidl_generator_py.dir/rosidl_generator_py/px4_msgs/msg/_vehicle_attitude_setpoint_s.c.o[0m
[7.125s] [ 99%] [32mBuilding C object CMakeFiles/px4_msgs__rosidl_generator_py.dir/rosidl_generator_py/px4_msgs/msg/_vehicle_command_s.c.o[0m
[7.149s] [ 99%] [32mBuilding C object CMakeFiles/px4_msgs__rosidl_generator_py.dir/rosidl_generator_py/px4_msgs/msg/_vehicle_command_ack_s.c.o[0m
[7.171s] [ 99%] [32mBuilding C object CMakeFiles/px4_msgs__rosidl_generator_py.dir/rosidl_generator_py/px4_msgs/msg/_vehicle_constraints_s.c.o[0m
[7.308s] [ 99%] [32mBuilding C object CMakeFiles/px4_msgs__rosidl_generator_py.dir/rosidl_generator_py/px4_msgs/msg/_vehicle_control_mode_s.c.o[0m
[7.312s] [ 99%] [32mBuilding C object CMakeFiles/px4_msgs__rosidl_generator_py.dir/rosidl_generator_py/px4_msgs/msg/_vehicle_global_position_s.c.o[0m
[7.325s] [ 99%] [32mBuilding C object CMakeFiles/px4_msgs__rosidl_generator_py.dir/rosidl_generator_py/px4_msgs/msg/_vehicle_imu_s.c.o[0m
[7.327s] [ 99%] [32mBuilding C object CMakeFiles/px4_msgs__rosidl_generator_py.dir/rosidl_generator_py/px4_msgs/msg/_vehicle_imu_status_s.c.o[0m
[7.329s] [ 99%] [32mBuilding C object CMakeFiles/px4_msgs__rosidl_generator_py.dir/rosidl_generator_py/px4_msgs/msg/_vehicle_land_detected_s.c.o[0m
[7.335s] [100%] [32mBuilding C object CMakeFiles/px4_msgs__rosidl_generator_py.dir/rosidl_generator_py/px4_msgs/msg/_vehicle_local_position_s.c.o[0m
[7.337s] [100%] [32mBuilding C object CMakeFiles/px4_msgs__rosidl_generator_py.dir/rosidl_generator_py/px4_msgs/msg/_vehicle_local_position_setpoint_s.c.o[0m
[7.363s] [100%] [32mBuilding C object CMakeFiles/px4_msgs__rosidl_generator_py.dir/rosidl_generator_py/px4_msgs/msg/_vehicle_magnetometer_s.c.o[0m
[7.485s] [100%] [32mBuilding C object CMakeFiles/px4_msgs__rosidl_generator_py.dir/rosidl_generator_py/px4_msgs/msg/_vehicle_odometry_s.c.o[0m
[7.490s] [100%] [32mBuilding C object CMakeFiles/px4_msgs__rosidl_generator_py.dir/rosidl_generator_py/px4_msgs/msg/_vehicle_optical_flow_s.c.o[0m
[7.501s] [100%] [32mBuilding C object CMakeFiles/px4_msgs__rosidl_generator_py.dir/rosidl_generator_py/px4_msgs/msg/_vehicle_optical_flow_vel_s.c.o[0m
[7.511s] [100%] [32mBuilding C object CMakeFiles/px4_msgs__rosidl_generator_py.dir/rosidl_generator_py/px4_msgs/msg/_vehicle_rates_setpoint_s.c.o[0m
[7.516s] [100%] [32mBuilding C object CMakeFiles/px4_msgs__rosidl_generator_py.dir/rosidl_generator_py/px4_msgs/msg/_vehicle_roi_s.c.o[0m
[7.522s] [100%] [32mBuilding C object CMakeFiles/px4_msgs__rosidl_generator_py.dir/rosidl_generator_py/px4_msgs/msg/_vehicle_status_s.c.o[0m
[7.553s] [100%] [32mBuilding C object CMakeFiles/px4_msgs__rosidl_generator_py.dir/rosidl_generator_py/px4_msgs/msg/_vehicle_thrust_setpoint_s.c.o[0m
[7.563s] [100%] [32mBuilding C object CMakeFiles/px4_msgs__rosidl_generator_py.dir/rosidl_generator_py/px4_msgs/msg/_vehicle_torque_setpoint_s.c.o[0m
[7.680s] [100%] [32mBuilding C object CMakeFiles/px4_msgs__rosidl_generator_py.dir/rosidl_generator_py/px4_msgs/msg/_vtx_s.c.o[0m
[7.682s] [100%] [32mBuilding C object CMakeFiles/px4_msgs__rosidl_generator_py.dir/rosidl_generator_py/px4_msgs/msg/_velocity_limits_s.c.o[0m
[7.684s] [100%] [32mBuilding C object CMakeFiles/px4_msgs__rosidl_generator_py.dir/rosidl_generator_py/px4_msgs/msg/_vtol_vehicle_status_s.c.o[0m
[7.705s] [100%] [32mBuilding C object CMakeFiles/px4_msgs__rosidl_generator_py.dir/rosidl_generator_py/px4_msgs/msg/_wheel_encoders_s.c.o[0m
[7.706s] [100%] [32mBuilding C object CMakeFiles/px4_msgs__rosidl_generator_py.dir/rosidl_generator_py/px4_msgs/msg/_wind_s.c.o[0m
[7.721s] [100%] [32mBuilding C object CMakeFiles/px4_msgs__rosidl_generator_py.dir/rosidl_generator_py/px4_msgs/msg/_yaw_estimator_status_s.c.o[0m
[7.731s] [100%] [32mBuilding C object CMakeFiles/px4_msgs__rosidl_generator_py.dir/rosidl_generator_py/px4_msgs/srv/_vehicle_command_s.c.o[0m
[7.867s] [100%] [32m[1mLinking C shared library rosidl_generator_py/px4_msgs/libpx4_msgs__rosidl_generator_py.so[0m
[7.966s] [100%] Built target px4_msgs__rosidl_generator_py
[7.977s] [35m[1mConsolidate compiler generated dependencies of target px4_msgs__rosidl_typesupport_c__pyext[0m
[7.977s] [35m[1mConsolidate compiler generated dependencies of target px4_msgs__rosidl_typesupport_fastrtps_c__pyext[0m
[7.977s] [35m[1mConsolidate compiler generated dependencies of target px4_msgs__rosidl_typesupport_introspection_c__pyext[0m
[7.995s] [100%] [32mBuilding C object CMakeFiles/px4_msgs__rosidl_typesupport_fastrtps_c__pyext.dir/rosidl_generator_py/px4_msgs/_px4_msgs_s.ep.rosidl_typesupport_fastrtps_c.c.o[0m
[8.000s] [100%] [32mBuilding C object CMakeFiles/px4_msgs__rosidl_typesupport_introspection_c__pyext.dir/rosidl_generator_py/px4_msgs/_px4_msgs_s.ep.rosidl_typesupport_introspection_c.c.o[0m
[8.000s] [100%] [32mBuilding C object CMakeFiles/px4_msgs__rosidl_typesupport_c__pyext.dir/rosidl_generator_py/px4_msgs/_px4_msgs_s.ep.rosidl_typesupport_c.c.o[0m
[8.882s] [100%] [32m[1mLinking C shared library rosidl_generator_py/px4_msgs/px4_msgs_s__rosidl_typesupport_fastrtps_c.cpython-310-x86_64-linux-gnu.so[0m
[8.883s] [100%] [32m[1mLinking C shared library rosidl_generator_py/px4_msgs/px4_msgs_s__rosidl_typesupport_introspection_c.cpython-310-x86_64-linux-gnu.so[0m
[8.936s] [100%] Built target px4_msgs__rosidl_typesupport_introspection_c__pyext
[8.937s] [100%] Built target px4_msgs__rosidl_typesupport_fastrtps_c__pyext
[8.958s] [100%] [32m[1mLinking C shared library rosidl_generator_py/px4_msgs/px4_msgs_s__rosidl_typesupport_c.cpython-310-x86_64-linux-gnu.so[0m
[8.996s] [100%] Built target px4_msgs__rosidl_typesupport_c__pyext
[9.008s] Invoked command in '/home/maizaied03/ros2_ws/build/px4_msgs' returned '0': CMAKE_PREFIX_PATH=${CMAKE_PREFIX_PATH}:/home/maizaied03/ros2_ws/install/multi_drone_offboard:/opt/ros/humble /usr/bin/cmake --build /home/maizaied03/ros2_ws/build/px4_msgs -- -j8 -l8
[9.017s] Invoking command in '/home/maizaied03/ros2_ws/build/px4_msgs': CMAKE_PREFIX_PATH=${CMAKE_PREFIX_PATH}:/home/maizaied03/ros2_ws/install/multi_drone_offboard:/opt/ros/humble /usr/bin/cmake --install /home/maizaied03/ros2_ws/build/px4_msgs
[9.030s] -- Install configuration: ""
[9.044s] -- Up-to-date: /home/maizaied03/ros2_ws/install/px4_msgs/share/ament_index/resource_index/rosidl_interfaces/px4_msgs
[9.044s] -- Up-to-date: /home/maizaied03/ros2_ws/install/px4_msgs/include/px4_msgs/px4_msgs
[9.044s] -- Up-to-date: /home/maizaied03/ros2_ws/install/px4_msgs/include/px4_msgs/px4_msgs/msg
[9.044s] -- Up-to-date: /home/maizaied03/ros2_ws/install/px4_msgs/include/px4_msgs/px4_msgs/msg/vehicle_angular_acceleration_setpoint.h
[9.044s] -- Up-to-date: /home/maizaied03/ros2_ws/install/px4_msgs/include/px4_msgs/px4_msgs/msg/mission_result.h
[9.044s] -- Up-to-date: /home/maizaied03/ros2_ws/install/px4_msgs/include/px4_msgs/px4_msgs/msg/gpio_config.h
[9.044s] -- Up-to-date: /home/maizaied03/ros2_ws/install/px4_msgs/include/px4_msgs/px4_msgs/msg/pps_capture.h
[9.044s] -- Up-to-date: /home/maizaied03/ros2_ws/install/px4_msgs/include/px4_msgs/px4_msgs/msg/distance_sensor_mode_change_request.h
[9.044s] -- Up-to-date: /home/maizaied03/ros2_ws/install/px4_msgs/include/px4_msgs/px4_msgs/msg/sensor_accel.h
[9.045s] -- Up-to-date: /home/maizaied03/ros2_ws/install/px4_msgs/include/px4_msgs/px4_msgs/msg/navigator_status.h
[9.045s] -- Up-to-date: /home/maizaied03/ros2_ws/install/px4_msgs/include/px4_msgs/px4_msgs/msg/mavlink_tunnel.h
[9.045s] -- Up-to-date: /home/maizaied03/ros2_ws/install/px4_msgs/include/px4_msgs/px4_msgs/msg/gpio_request.h
[9.045s] -- Up-to-date: /home/maizaied03/ros2_ws/install/px4_msgs/include/px4_msgs/px4_msgs/msg/sensor_temp.h
[9.045s] -- Up-to-date: /home/maizaied03/ros2_ws/install/px4_msgs/include/px4_msgs/px4_msgs/msg/neural_control.h
[9.045s] -- Up-to-date: /home/maizaied03/ros2_ws/install/px4_msgs/include/px4_msgs/px4_msgs/msg/hover_thrust_estimate.h
[9.045s] -- Up-to-date: /home/maizaied03/ros2_ws/install/px4_msgs/include/px4_msgs/px4_msgs/msg/velocity_limits.h
[9.045s] -- Up-to-date: /home/maizaied03/ros2_ws/install/px4_msgs/include/px4_msgs/px4_msgs/msg/follow_target_estimator.h
[9.045s] -- Up-to-date: /home/maizaied03/ros2_ws/install/px4_msgs/include/px4_msgs/px4_msgs/msg/sensor_uwb.h
[9.045s] -- Up-to-date: /home/maizaied03/ros2_ws/install/px4_msgs/include/px4_msgs/px4_msgs/msg/dataman_request.h
[9.045s] -- Up-to-date: /home/maizaied03/ros2_ws/install/px4_msgs/include/px4_msgs/px4_msgs/msg/estimator_aid_source1d.h
[9.045s] -- Up-to-date: /home/maizaied03/ros2_ws/install/px4_msgs/include/px4_msgs/px4_msgs/msg/mag_worker_data.h
[9.045s] -- Up-to-date: /home/maizaied03/ros2_ws/install/px4_msgs/include/px4_msgs/px4_msgs/msg/arming_check_reply.h
[9.045s] -- Up-to-date: /home/maizaied03/ros2_ws/install/px4_msgs/include/px4_msgs/px4_msgs/msg/cpuload.h
[9.046s] -- Up-to-date: /home/maizaied03/ros2_ws/install/px4_msgs/include/px4_msgs/px4_msgs/msg/control_allocator_status.h
[9.046s] -- Up-to-date: /home/maizaied03/ros2_ws/install/px4_msgs/include/px4_msgs/px4_msgs/msg/uavcan_parameter_request.h
[9.046s] -- Up-to-date: /home/maizaied03/ros2_ws/install/px4_msgs/include/px4_msgs/px4_msgs/msg/estimator_bias.h
[9.046s] -- Up-to-date: /home/maizaied03/ros2_ws/install/px4_msgs/include/px4_msgs/px4_msgs/msg/fixed_wing_runway_control.h
[9.046s] -- Up-to-date: /home/maizaied03/ros2_ws/install/px4_msgs/include/px4_msgs/px4_msgs/msg/landing_gear.h
[9.046s] -- Up-to-date: /home/maizaied03/ros2_ws/install/px4_msgs/include/px4_msgs/px4_msgs/msg/qshell_req.h
[9.046s] -- Up-to-date: /home/maizaied03/ros2_ws/install/px4_msgs/include/px4_msgs/px4_msgs/msg/qshell_retval.h
[9.046s] -- Up-to-date: /home/maizaied03/ros2_ws/install/px4_msgs/include/px4_msgs/px4_msgs/msg/follow_target_status.h
[9.046s] -- Up-to-date: /home/maizaied03/ros2_ws/install/px4_msgs/include/px4_msgs/px4_msgs/msg/failure_detector_status.h
[9.046s] -- Up-to-date: /home/maizaied03/ros2_ws/install/px4_msgs/include/px4_msgs/px4_msgs/msg/rover_attitude_setpoint.h
[9.046s] -- Up-to-date: /home/maizaied03/ros2_ws/install/px4_msgs/include/px4_msgs/px4_msgs/msg/gimbal_manager_set_manual_control.h
[9.046s] -- Up-to-date: /home/maizaied03/ros2_ws/install/px4_msgs/include/px4_msgs/px4_msgs/msg/onboard_computer_status.h
[9.046s] -- Up-to-date: /home/maizaied03/ros2_ws/install/px4_msgs/include/px4_msgs/px4_msgs/msg/trajectory_setpoint.h
[9.046s] -- Up-to-date: /home/maizaied03/ros2_ws/install/px4_msgs/include/px4_msgs/px4_msgs/msg/gimbal_manager_set_attitude.h
[9.047s] -- Up-to-date: /home/maizaied03/ros2_ws/install/px4_msgs/include/px4_msgs/px4_msgs/msg/internal_combustion_engine_status.h
[9.047s] -- Up-to-date: /home/maizaied03/ros2_ws/install/px4_msgs/include/px4_msgs/px4_msgs/msg/vehicle_local_position_setpoint.h
[9.047s] -- Up-to-date: /home/maizaied03/ros2_ws/install/px4_msgs/include/px4_msgs/px4_msgs/msg/device_information.h
[9.047s] -- Up-to-date: /home/maizaied03/ros2_ws/install/px4_msgs/include/px4_msgs/px4_msgs/msg/health_report.h
[9.047s] -- Up-to-date: /home/maizaied03/ros2_ws/install/px4_msgs/include/px4_msgs/px4_msgs/msg/internal_combustion_engine_control.h
[9.047s] -- Up-to-date: /home/maizaied03/ros2_ws/install/px4_msgs/include/px4_msgs/px4_msgs/msg/vehicle_control_mode.h
[9.047s] -- Up-to-date: /home/maizaied03/ros2_ws/install/px4_msgs/include/px4_msgs/px4_msgs/msg/vehicle_rates_setpoint.h
[9.047s] -- Up-to-date: /home/maizaied03/ros2_ws/install/px4_msgs/include/px4_msgs/px4_msgs/msg/follow_target.h
[9.047s] -- Up-to-date: /home/maizaied03/ros2_ws/install/px4_msgs/include/px4_msgs/px4_msgs/msg/dataman_response.h
[9.047s] -- Up-to-date: /home/maizaied03/ros2_ws/install/px4_msgs/include/px4_msgs/px4_msgs/msg/figure_eight_status.h
[9.047s] -- Up-to-date: /home/maizaied03/ros2_ws/install/px4_msgs/include/px4_msgs/px4_msgs/msg/logger_status.h
[9.047s] -- Up-to-date: /home/maizaied03/ros2_ws/install/px4_msgs/include/px4_msgs/px4_msgs/msg/unregister_ext_component.h
[9.047s] -- Up-to-date: /home/maizaied03/ros2_ws/install/px4_msgs/include/px4_msgs/px4_msgs/msg/sensor_gyro_fifo.h
[9.047s] -- Up-to-date: /home/maizaied03/ros2_ws/install/px4_msgs/include/px4_msgs/px4_msgs/msg/raptor_input.h
[9.048s] -- Up-to-date: /home/maizaied03/ros2_ws/install/px4_msgs/include/px4_msgs/px4_msgs/msg/radio_status.h
[9.048s] -- Up-to-date: /home/maizaied03/ros2_ws/install/px4_msgs/include/px4_msgs/px4_msgs/msg/rover_rate_status.h
[9.048s] -- Up-to-date: /home/maizaied03/ros2_ws/install/px4_msgs/include/px4_msgs/px4_msgs/msg/actuator_outputs.h
[9.048s] -- Up-to-date: /home/maizaied03/ros2_ws/install/px4_msgs/include/px4_msgs/px4_msgs/msg/rover_attitude_status.h
[9.048s] -- Up-to-date: /home/maizaied03/ros2_ws/install/px4_msgs/include/px4_msgs/px4_msgs/msg/dronecan_node_status.h
[9.048s] -- Up-to-date: /home/maizaied03/ros2_ws/install/px4_msgs/include/px4_msgs/px4_msgs/msg/launch_detection_status.h
[9.048s] -- Up-to-date: /home/maizaied03/ros2_ws/install/px4_msgs/include/px4_msgs/px4_msgs/msg/autotune_attitude_control_status.h
[9.048s] -- Up-to-date: /home/maizaied03/ros2_ws/install/px4_msgs/include/px4_msgs/px4_msgs/msg/vehicle_attitude_setpoint.h
[9.048s] -- Up-to-date: /home/maizaied03/ros2_ws/install/px4_msgs/include/px4_msgs/px4_msgs/msg/sensor_mag.h
[9.048s] -- Up-to-date: /home/maizaied03/ros2_ws/install/px4_msgs/include/px4_msgs/px4_msgs/msg/position_setpoint_triplet.h
[9.048s] -- Up-to-date: /home/maizaied03/ros2_ws/install/px4_msgs/include/px4_msgs/px4_msgs/msg/px4io_status.h
[9.048s] -- Up-to-date: /home/maizaied03/ros2_ws/install/px4_msgs/include/px4_msgs/px4_msgs/msg/rtl_status.h
[9.048s] -- Up-to-date: /home/maizaied03/ros2_ws/install/px4_msgs/include/px4_msgs/px4_msgs/msg/geofence_result.h
[9.048s] -- Up-to-date: /home/maizaied03/ros2_ws/install/px4_msgs/include/px4_msgs/px4_msgs/msg/tiltrotor_extra_controls.h
[9.049s] -- Up-to-date: /home/maizaied03/ros2_ws/install/px4_msgs/include/px4_msgs/px4_msgs/msg/estimator_selector_status.h
[9.049s] -- Up-to-date: /home/maizaied03/ros2_ws/install/px4_msgs/include/px4_msgs/px4_msgs/msg/debug_array.h
[9.049s] -- Up-to-date: /home/maizaied03/ros2_ws/install/px4_msgs/include/px4_msgs/px4_msgs/msg/button_event.h
[9.049s] -- Up-to-date: /home/maizaied03/ros2_ws/install/px4_msgs/include/px4_msgs/px4_msgs/msg/rc_channels.h
[9.049s] -- Up-to-date: /home/maizaied03/ros2_ws/install/px4_msgs/include/px4_msgs/px4_msgs/msg/satellite_info.h
[9.049s] -- Up-to-date: /home/maizaied03/ros2_ws/install/px4_msgs/include/px4_msgs/px4_msgs/msg/vehicle_command_ack.h
[9.049s] -- Up-to-date: /home/maizaied03/ros2_ws/install/px4_msgs/include/px4_msgs/px4_msgs/msg/rover_position_setpoint.h
[9.049s] -- Up-to-date: /home/maizaied03/ros2_ws/install/px4_msgs/include/px4_msgs/px4_msgs/msg/event.h
[9.049s] -- Up-to-date: /home/maizaied03/ros2_ws/install/px4_msgs/include/px4_msgs/px4_msgs/msg/debug_value.h
[9.049s] -- Up-to-date: /home/maizaied03/ros2_ws/install/px4_msgs/include/px4_msgs/px4_msgs/msg/vehicle_imu_status.h
[9.049s] -- Up-to-date: /home/maizaied03/ros2_ws/install/px4_msgs/include/px4_msgs/px4_msgs/msg/orb_test.h
[9.049s] -- Up-to-date: /home/maizaied03/ros2_ws/install/px4_msgs/include/px4_msgs/px4_msgs/msg/mount_orientation.h
[9.049s] -- Up-to-date: /home/maizaied03/ros2_ws/install/px4_msgs/include/px4_msgs/px4_msgs/msg/debug_key_value.h
[9.050s] -- Up-to-date: /home/maizaied03/ros2_ws/install/px4_msgs/include/px4_msgs/px4_msgs/msg/vehicle_optical_flow_vel.h
[9.050s] -- Up-to-date: /home/maizaied03/ros2_ws/install/px4_msgs/include/px4_msgs/px4_msgs/msg/takeoff_status.h
[9.050s] -- Up-to-date: /home/maizaied03/ros2_ws/install/px4_msgs/include/px4_msgs/px4_msgs/msg/navigator_mission_item.h
[9.050s] -- Up-to-date: /home/maizaied03/ros2_ws/install/px4_msgs/include/px4_msgs/px4_msgs/msg/ping.h
[9.050s] -- Up-to-date: /home/maizaied03/ros2_ws/install/px4_msgs/include/px4_msgs/px4_msgs/msg/gps_dump.h
[9.050s] -- Up-to-date: /home/maizaied03/ros2_ws/install/px4_msgs/include/px4_msgs/px4_msgs/msg/camera_capture.h
[9.050s] -- Up-to-date: /home/maizaied03/ros2_ws/install/px4_msgs/include/px4_msgs/px4_msgs/msg/rover_speed_status.h
[9.050s] -- Up-to-date: /home/maizaied03/ros2_ws/install/px4_msgs/include/px4_msgs/px4_msgs/msg/sensor_gyro.h
[9.050s] -- Up-to-date: /home/maizaied03/ros2_ws/install/px4_msgs/include/px4_msgs/px4_msgs/msg/arming_check_request.h
[9.050s] -- Up-to-date: /home/maizaied03/ros2_ws/install/px4_msgs/include/px4_msgs/px4_msgs/msg/trajectory_setpoint6dof.h
[9.050s] -- Up-to-date: /home/maizaied03/ros2_ws/install/px4_msgs/include/px4_msgs/px4_msgs/msg/vehicle_constraints.h
[9.050s] -- Up-to-date: /home/maizaied03/ros2_ws/install/px4_msgs/include/px4_msgs/px4_msgs/msg/estimator_innovations.h
[9.050s] -- Up-to-date: /home/maizaied03/ros2_ws/install/px4_msgs/include/px4_msgs/px4_msgs/msg/sensors_status.h
[9.051s] -- Up-to-date: /home/maizaied03/ros2_ws/install/px4_msgs/include/px4_msgs/px4_msgs/msg/orbit_status.h
[9.051s] -- Up-to-date: /home/maizaied03/ros2_ws/install/px4_msgs/include/px4_msgs/px4_msgs/msg/parameter_set_used_request.h
[9.051s] -- Up-to-date: /home/maizaied03/ros2_ws/install/px4_msgs/include/px4_msgs/px4_msgs/msg/sensor_optical_flow.h
[9.051s] -- Up-to-date: /home/maizaied03/ros2_ws/install/px4_msgs/include/px4_msgs/px4_msgs/msg/tecs_status.h
[9.051s] -- Up-to-date: /home/maizaied03/ros2_ws/install/px4_msgs/include/px4_msgs/px4_msgs/msg/open_drone_id_self_id.h
[9.051s] -- Up-to-date: /home/maizaied03/ros2_ws/install/px4_msgs/include/px4_msgs/px4_msgs/msg/timesync_status.h
[9.051s] -- Up-to-date: /home/maizaied03/ros2_ws/install/px4_msgs/include/px4_msgs/px4_msgs/msg/actuator_motors.h
[9.051s] -- Up-to-date: /home/maizaied03/ros2_ws/install/px4_msgs/include/px4_msgs/px4_msgs/msg/fixed_wing_lateral_status.h
[9.051s] -- Up-to-date: /home/maizaied03/ros2_ws/install/px4_msgs/include/px4_msgs/px4_msgs/msg/vehicle_roi.h
[9.051s] -- Up-to-date: /home/maizaied03/ros2_ws/install/px4_msgs/include/px4_msgs/px4_msgs/msg/yaw_estimator_status.h
[9.051s] -- Up-to-date: /home/maizaied03/ros2_ws/install/px4_msgs/include/px4_msgs/px4_msgs/msg/collision_constraints.h
[9.051s] -- Up-to-date: /home/maizaied03/ros2_ws/install/px4_msgs/include/px4_msgs/px4_msgs/msg/gimbal_controls.h
[9.051s] -- Up-to-date: /home/maizaied03/ros2_ws/install/px4_msgs/include/px4_msgs/px4_msgs/msg/vehicle_global_position.h
[9.051s] -- Up-to-date: /home/maizaied03/ros2_ws/install/px4_msgs/include/px4_msgs/px4_msgs/msg/manual_control_switches.h
[9.051s] -- Up-to-date: /home/maizaied03/ros2_ws/install/px4_msgs/include/px4_msgs/px4_msgs/msg/parameter_set_value_response.h
[9.052s] -- Up-to-date: /home/maizaied03/ros2_ws/install/px4_msgs/include/px4_msgs/px4_msgs/msg/landing_target_innovations.h
[9.052s] -- Up-to-date: /home/maizaied03/ros2_ws/install/px4_msgs/include/px4_msgs/px4_msgs/msg/adc_report.h
[9.052s] -- Up-to-date: /home/maizaied03/ros2_ws/install/px4_msgs/include/px4_msgs/px4_msgs/msg/uavcan_parameter_value.h
[9.052s] -- Up-to-date: /home/maizaied03/ros2_ws/install/px4_msgs/include/px4_msgs/px4_msgs/msg/message_format_request.h
[9.052s] -- Up-to-date: /home/maizaied03/ros2_ws/install/px4_msgs/include/px4_msgs/px4_msgs/msg/fixed_wing_longitudinal_setpoint.h
[9.052s] -- Up-to-date: /home/maizaied03/ros2_ws/install/px4_msgs/include/px4_msgs/px4_msgs/msg/led_control.h
[9.052s] -- Up-to-date: /home/maizaied03/ros2_ws/install/px4_msgs/include/px4_msgs/px4_msgs/msg/open_drone_id_operator_id.h
[9.052s] -- Up-to-date: /home/maizaied03/ros2_ws/install/px4_msgs/include/px4_msgs/px4_msgs/msg/fixed_wing_lateral_guidance_status.h
[9.052s] -- Up-to-date: /home/maizaied03/ros2_ws/install/px4_msgs/include/px4_msgs/px4_msgs/msg/gpio_out.h
[9.052s] -- Up-to-date: /home/maizaied03/ros2_ws/install/px4_msgs/include/px4_msgs/px4_msgs/msg/vehicle_acceleration.h
[9.052s] -- Up-to-date: /home/maizaied03/ros2_ws/install/px4_msgs/include/px4_msgs/px4_msgs/msg/rover_throttle_setpoint.h
[9.052s] -- Up-to-date: /home/maizaied03/ros2_ws/install/px4_msgs/include/px4_msgs/px4_msgs/msg/vtol_vehicle_status.h
[9.052s] -- Up-to-date: /home/maizaied03/ros2_ws/install/px4_msgs/include/px4_msgs/px4_msgs/msg/estimator_status_flags.h
[9.052s] -- Up-to-date: /home/maizaied03/ros2_ws/install/px4_msgs/include/px4_msgs/px4_msgs/msg/config_overrides.h
[9.052s] -- Up-to-date: /home/maizaied03/ros2_ws/install/px4_msgs/include/px4_msgs/px4_msgs/msg/landing_target_pose.h
[9.052s] -- Up-to-date: /home/maizaied03/ros2_ws/install/px4_msgs/include/px4_msgs/px4_msgs/msg/gpio_in.h
[9.052s] -- Up-to-date: /home/maizaied03/ros2_ws/install/px4_msgs/include/px4_msgs/px4_msgs/msg/power_monitor.h
[9.052s] -- Up-to-date: /home/maizaied03/ros2_ws/install/px4_msgs/include/px4_msgs/px4_msgs/msg/rtl_time_estimate.h
[9.052s] -- Up-to-date: /home/maizaied03/ros2_ws/install/px4_msgs/include/px4_msgs/px4_msgs/msg/task_stack_info.h
[9.052s] -- Up-to-date: /home/maizaied03/ros2_ws/install/px4_msgs/include/px4_msgs/px4_msgs/msg/rate_ctrl_status.h
[9.053s] -- Up-to-date: /home/maizaied03/ros2_ws/install/px4_msgs/include/px4_msgs/px4_msgs/msg/home_position.h
[9.053s] -- Up-to-date: /home/maizaied03/ros2_ws/install/px4_msgs/include/px4_msgs/px4_msgs/msg/vehicle_torque_setpoint.h
[9.053s] -- Up-to-date: /home/maizaied03/ros2_ws/install/px4_msgs/include/px4_msgs/px4_msgs/msg/gain_compression.h
[9.053s] -- Up-to-date: /home/maizaied03/ros2_ws/install/px4_msgs/include/px4_msgs/px4_msgs/msg/offboard_control_mode.h
[9.053s] -- Up-to-date: /home/maizaied03/ros2_ws/install/px4_msgs/include/px4_msgs/px4_msgs/msg/sensor_combined.h
[9.053s] -- Up-to-date: /home/maizaied03/ros2_ws/install/px4_msgs/include/px4_msgs/px4_msgs/msg/position_controller_landing_status.h
[9.053s] -- Up-to-date: /home/maizaied03/ros2_ws/install/px4_msgs/include/px4_msgs/px4_msgs/msg/can_interface_status.h
[9.053s] -- Up-to-date: /home/maizaied03/ros2_ws/install/px4_msgs/include/px4_msgs/px4_msgs/msg/gimbal_manager_status.h
[9.053s] -- Up-to-date: /home/maizaied03/ros2_ws/install/px4_msgs/include/px4_msgs/px4_msgs/msg/parameter_update.h
[9.053s] -- Up-to-date: /home/maizaied03/ros2_ws/install/px4_msgs/include/px4_msgs/px4_msgs/msg/rover_rate_setpoint.h
[9.053s] -- Up-to-date: /home/maizaied03/ros2_ws/install/px4_msgs/include/px4_msgs/px4_msgs/msg/normalized_unsigned_setpoint.h
[9.053s] -- Up-to-date: /home/maizaied03/ros2_ws/install/px4_msgs/include/px4_msgs/px4_msgs/msg/ulog_stream.h
[9.053s] -- Up-to-date: /home/maizaied03/ros2_ws/install/px4_msgs/include/px4_msgs/px4_msgs/msg/camera_trigger.h
[9.053s] -- Up-to-date: /home/maizaied03/ros2_ws/install/px4_msgs/include/px4_msgs/px4_msgs/msg/sensor_correction.h
[9.053s] -- Up-to-date: /home/maizaied03/ros2_ws/install/px4_msgs/include/px4_msgs/px4_msgs/msg/mavlink_log.h
[9.054s] -- Up-to-date: /home/maizaied03/ros2_ws/install/px4_msgs/include/px4_msgs/px4_msgs/msg/heater_status.h
[9.054s] -- Up-to-date: /home/maizaied03/ros2_ws/install/px4_msgs/include/px4_msgs/px4_msgs/msg/battery_info.h
[9.054s] -- Up-to-date: /home/maizaied03/ros2_ws/install/px4_msgs/include/px4_msgs/px4_msgs/msg/estimator_bias3d.h
[9.054s] -- Up-to-date: /home/maizaied03/ros2_ws/install/px4_msgs/include/px4_msgs/px4_msgs/msg/orb_test_medium.h
[9.054s] -- Up-to-date: /home/maizaied03/ros2_ws/install/px4_msgs/include/px4_msgs/px4_msgs/msg/raptor_status.h
[9.054s] -- Up-to-date: /home/maizaied03/ros2_ws/install/px4_msgs/include/px4_msgs/px4_msgs/msg/esc_status.h
[9.054s] -- Up-to-date: /home/maizaied03/ros2_ws/install/px4_msgs/include/px4_msgs/px4_msgs/msg/actuator_test.h
[9.054s] -- Up-to-date: /home/maizaied03/ros2_ws/install/px4_msgs/include/px4_msgs/px4_msgs/msg/gimbal_device_set_attitude.h
[9.054s] -- Up-to-date: /home/maizaied03/ros2_ws/install/px4_msgs/include/px4_msgs/px4_msgs/msg/rosidl_generator_c__visibility_control.h
[9.054s] -- Up-to-date: /home/maizaied03/ros2_ws/install/px4_msgs/include/px4_msgs/px4_msgs/msg/action_request.h
[9.054s] -- Up-to-date: /home/maizaied03/ros2_ws/install/px4_msgs/include/px4_msgs/px4_msgs/msg/gps_inject_data.h
[9.054s] -- Up-to-date: /home/maizaied03/ros2_ws/install/px4_msgs/include/px4_msgs/px4_msgs/msg/mission.h
[9.054s] -- Up-to-date: /home/maizaied03/ros2_ws/install/px4_msgs/include/px4_msgs/px4_msgs/msg/actuator_armed.h
[9.054s] -- Up-to-date: /home/maizaied03/ros2_ws/install/px4_msgs/include/px4_msgs/px4_msgs/msg/landing_gear_wheel.h
[9.054s] -- Up-to-date: /home/maizaied03/ros2_ws/install/px4_msgs/include/px4_msgs/px4_msgs/msg/magnetometer_bias_estimate.h
[9.055s] -- Up-to-date: /home/maizaied03/ros2_ws/install/px4_msgs/include/px4_msgs/px4_msgs/msg/sensor_accel_fifo.h
[9.055s] -- Up-to-date: /home/maizaied03/ros2_ws/install/px4_msgs/include/px4_msgs/px4_msgs/msg/open_drone_id_system.h
[9.055s] -- Up-to-date: /home/maizaied03/ros2_ws/install/px4_msgs/include/px4_msgs/px4_msgs/msg/battery_status.h
[9.055s] -- Up-to-date: /home/maizaied03/ros2_ws/install/px4_msgs/include/px4_msgs/px4_msgs/msg/sensor_gyro_fft.h
[9.055s] -- Up-to-date: /home/maizaied03/ros2_ws/install/px4_msgs/include/px4_msgs/px4_msgs/msg/sensor_gnss_relative.h
[9.055s] -- Up-to-date: /home/maizaied03/ros2_ws/install/px4_msgs/include/px4_msgs/px4_msgs/msg/tune_control.h
[9.055s] -- Up-to-date: /home/maizaied03/ros2_ws/install/px4_msgs/include/px4_msgs/px4_msgs/msg/vehicle_thrust_setpoint.h
[9.055s] -- Up-to-date: /home/maizaied03/ros2_ws/install/px4_msgs/include/px4_msgs/px4_msgs/msg/lateral_control_configuration.h
[9.056s] -- Up-to-date: /home/maizaied03/ros2_ws/install/px4_msgs/include/px4_msgs/px4_msgs/msg/sensor_gnss_status.h
[9.056s] -- Up-to-date: /home/maizaied03/ros2_ws/install/px4_msgs/include/px4_msgs/px4_msgs/msg/manual_control_setpoint.h
[9.056s] -- Up-to-date: /home/maizaied03/ros2_ws/install/px4_msgs/include/px4_msgs/px4_msgs/msg/telemetry_status.h
[9.056s] -- Up-to-date: /home/maizaied03/ros2_ws/install/px4_msgs/include/px4_msgs/px4_msgs/msg/sensor_airflow.h
[9.056s] -- Up-to-date: /home/maizaied03/ros2_ws/install/px4_msgs/include/px4_msgs/px4_msgs/msg/gimbal_manager_information.h
[9.056s] -- Up-to-date: /home/maizaied03/ros2_ws/install/px4_msgs/include/px4_msgs/px4_msgs/msg/vtx.h
[9.056s] -- Up-to-date: /home/maizaied03/ros2_ws/install/px4_msgs/include/px4_msgs/px4_msgs/msg/wind.h
[9.056s] -- Up-to-date: /home/maizaied03/ros2_ws/install/px4_msgs/include/px4_msgs/px4_msgs/msg/vehicle_command.h
[9.056s] -- Up-to-date: /home/maizaied03/ros2_ws/install/px4_msgs/include/px4_msgs/px4_msgs/msg/position_controller_status.h
[9.056s] -- Up-to-date: /home/maizaied03/ros2_ws/install/px4_msgs/include/px4_msgs/px4_msgs/msg/detail
[9.056s] -- Up-to-date: /home/maizaied03/ros2_ws/install/px4_msgs/include/px4_msgs/px4_msgs/msg/detail/sensor_gps__type_support.h
[9.057s] -- Up-to-date: /home/maizaied03/ros2_ws/install/px4_msgs/include/px4_msgs/px4_msgs/msg/detail/vehicle_command__struct.h
[9.057s] -- Up-to-date: /home/maizaied03/ros2_ws/install/px4_msgs/include/px4_msgs/px4_msgs/msg/detail/vehicle_optical_flow__functions.c
[9.057s] -- Up-to-date: /home/maizaied03/ros2_ws/install/px4_msgs/include/px4_msgs/px4_msgs/msg/detail/sensor_selection__functions.c
[9.057s] -- Up-to-date: /home/maizaied03/ros2_ws/install/px4_msgs/include/px4_msgs/px4_msgs/msg/detail/autotune_attitude_control_status__struct.h
[9.057s] -- Up-to-date: /home/maizaied03/ros2_ws/install/px4_msgs/include/px4_msgs/px4_msgs/msg/detail/actuator_motors__functions.c
[9.057s] -- Up-to-date: /home/maizaied03/ros2_ws/install/px4_msgs/include/px4_msgs/px4_msgs/msg/detail/vehicle_angular_acceleration_setpoint__functions.h
[9.057s] -- Up-to-date: /home/maizaied03/ros2_ws/install/px4_msgs/include/px4_msgs/px4_msgs/msg/detail/gain_compression__struct.h
[9.057s] -- Up-to-date: /home/maizaied03/ros2_ws/install/px4_msgs/include/px4_msgs/px4_msgs/msg/detail/satellite_info__type_support.h
[9.057s] -- Up-to-date: /home/maizaied03/ros2_ws/install/px4_msgs/include/px4_msgs/px4_msgs/msg/detail/airspeed__type_support.h
[9.057s] -- Up-to-date: /home/maizaied03/ros2_ws/install/px4_msgs/include/px4_msgs/px4_msgs/msg/detail/airspeed_validated__functions.h
[9.057s] -- Up-to-date: /home/maizaied03/ros2_ws/install/px4_msgs/include/px4_msgs/px4_msgs/msg/detail/cpuload__functions.c
[9.057s] -- Up-to-date: /home/maizaied03/ros2_ws/install/px4_msgs/include/px4_msgs/px4_msgs/msg/detail/config_overrides__type_support.h
[9.057s] -- Up-to-date: /home/maizaied03/ros2_ws/install/px4_msgs/include/px4_msgs/px4_msgs/msg/detail/event__struct.h
[9.057s] -- Up-to-date: /home/maizaied03/ros2_ws/install/px4_msgs/include/px4_msgs/px4_msgs/msg/detail/gimbal_manager_set_manual_control__type_support.h
[9.058s] -- Up-to-date: /home/maizaied03/ros2_ws/install/px4_msgs/include/px4_msgs/px4_msgs/msg/detail/vehicle_attitude_setpoint__functions.c
[9.058s] -- Up-to-date: /home/maizaied03/ros2_ws/install/px4_msgs/include/px4_msgs/px4_msgs/msg/detail/rover_throttle_setpoint__functions.h
[9.058s] -- Up-to-date: /home/maizaied03/ros2_ws/install/px4_msgs/include/px4_msgs/px4_msgs/msg/detail/message_format_response__type_support.h
[9.058s] -- Up-to-date: /home/maizaied03/ros2_ws/install/px4_msgs/include/px4_msgs/px4_msgs/msg/detail/follow_target_estimator__functions.c
[9.058s] -- Up-to-date: /home/maizaied03/ros2_ws/install/px4_msgs/include/px4_msgs/px4_msgs/msg/detail/open_drone_id_arm_status__functions.h
[9.058s] -- Up-to-date: /home/maizaied03/ros2_ws/install/px4_msgs/include/px4_msgs/px4_msgs/msg/detail/parameter_set_value_request__functions.h
[9.058s] -- Up-to-date: /home/maizaied03/ros2_ws/install/px4_msgs/include/px4_msgs/px4_msgs/msg/detail/sensor_accel_fifo__functions.h
[9.058s] -- Up-to-date: /home/maizaied03/ros2_ws/install/px4_msgs/include/px4_msgs/px4_msgs/msg/detail/uavcan_parameter_value__struct.h
[9.058s] -- Up-to-date: /home/maizaied03/ros2_ws/install/px4_msgs/include/px4_msgs/px4_msgs/msg/detail/heater_status__struct.h
[9.058s] -- Up-to-date: /home/maizaied03/ros2_ws/install/px4_msgs/include/px4_msgs/px4_msgs/msg/detail/rc_parameter_map__functions.h
[9.058s] -- Up-to-date: /home/maizaied03/ros2_ws/install/px4_msgs/include/px4_msgs/px4_msgs/msg/detail/can_interface_status__functions.h
[9.058s] -- Up-to-date: /home/maizaied03/ros2_ws/install/px4_msgs/include/px4_msgs/px4_msgs/msg/detail/longitudinal_control_configuration__functions.c
[9.058s] -- Up-to-date: /home/maizaied03/ros2_ws/install/px4_msgs/include/px4_msgs/px4_msgs/msg/detail/transponder_report__type_support.h
[9.058s] -- Up-to-date: /home/maizaied03/ros2_ws/install/px4_msgs/include/px4_msgs/px4_msgs/msg/detail/actuator_outputs__functions.c
[9.059s] -- Up-to-date: /home/maizaied03/ros2_ws/install/px4_msgs/include/px4_msgs/px4_msgs/msg/detail/estimator_aid_source1d__functions.c
[9.059s] -- Up-to-date: /home/maizaied03/ros2_ws/install/px4_msgs/include/px4_msgs/px4_msgs/msg/detail/debug_value__type_support.h
[9.059s] -- Up-to-date: /home/maizaied03/ros2_ws/install/px4_msgs/include/px4_msgs/px4_msgs/msg/detail/distance_sensor__type_support.h
[9.059s] -- Up-to-date: /home/maizaied03/ros2_ws/install/px4_msgs/include/px4_msgs/px4_msgs/msg/detail/uavcan_parameter_request__struct.h
[9.059s] -- Up-to-date: /home/maizaied03/ros2_ws/install/px4_msgs/include/px4_msgs/px4_msgs/msg/detail/adc_report__type_support.h
[9.059s] -- Up-to-date: /home/maizaied03/ros2_ws/install/px4_msgs/include/px4_msgs/px4_msgs/msg/detail/gps_dump__functions.c
[9.059s] -- Up-to-date: /home/maizaied03/ros2_ws/install/px4_msgs/include/px4_msgs/px4_msgs/msg/detail/sensor_hygrometer__functions.c
[9.059s] -- Up-to-date: /home/maizaied03/ros2_ws/install/px4_msgs/include/px4_msgs/px4_msgs/msg/detail/vehicle_attitude__functions.h
[9.059s] -- Up-to-date: /home/maizaied03/ros2_ws/install/px4_msgs/include/px4_msgs/px4_msgs/msg/detail/offboard_control_mode__functions.h
[9.059s] -- Up-to-date: /home/maizaied03/ros2_ws/install/px4_msgs/include/px4_msgs/px4_msgs/msg/detail/failure_detector_status__functions.c
[9.059s] -- Up-to-date: /home/maizaied03/ros2_ws/install/px4_msgs/include/px4_msgs/px4_msgs/msg/detail/pure_pursuit_status__struct.h
[9.059s] -- Up-to-date: /home/maizaied03/ros2_ws/install/px4_msgs/include/px4_msgs/px4_msgs/msg/detail/figure_eight_status__functions.h
[9.059s] -- Up-to-date: /home/maizaied03/ros2_ws/install/px4_msgs/include/px4_msgs/px4_msgs/msg/detail/sensor_gnss_status__type_support.h
[9.059s] -- Up-to-date: /home/maizaied03/ros2_ws/install/px4_msgs/include/px4_msgs/px4_msgs/msg/detail/rc_channels__functions.c
[9.060s] -- Up-to-date: /home/maizaied03/ros2_ws/install/px4_msgs/include/px4_msgs/px4_msgs/msg/detail/estimator_innovations__struct.h
[9.060s] -- Up-to-date: /home/maizaied03/ros2_ws/install/px4_msgs/include/px4_msgs/px4_msgs/msg/detail/sensor_mag__functions.h
[9.060s] -- Up-to-date: /home/maizaied03/ros2_ws/install/px4_msgs/include/px4_msgs/px4_msgs/msg/detail/dronecan_node_status__type_support.h
[9.060s] -- Up-to-date: /home/maizaied03/ros2_ws/install/px4_msgs/include/px4_msgs/px4_msgs/msg/detail/vehicle_status__type_support.h
[9.060s] -- Up-to-date: /home/maizaied03/ros2_ws/install/px4_msgs/include/px4_msgs/px4_msgs/msg/detail/navigator_mission_item__functions.c
[9.060s] -- Up-to-date: /home/maizaied03/ros2_ws/install/px4_msgs/include/px4_msgs/px4_msgs/msg/detail/sensor_uwb__functions.h
[9.060s] -- Up-to-date: /home/maizaied03/ros2_ws/install/px4_msgs/include/px4_msgs/px4_msgs/msg/detail/failsafe_flags__functions.h
[9.060s] -- Up-to-date: /home/maizaied03/ros2_ws/install/px4_msgs/include/px4_msgs/px4_msgs/msg/detail/esc_report__type_support.h
[9.060s] -- Up-to-date: /home/maizaied03/ros2_ws/install/px4_msgs/include/px4_msgs/px4_msgs/msg/detail/vehicle_imu__type_support.h
[9.060s] -- Up-to-date: /home/maizaied03/ros2_ws/install/px4_msgs/include/px4_msgs/px4_msgs/msg/detail/vehicle_control_mode__type_support.h
[9.060s] -- Up-to-date: /home/maizaied03/ros2_ws/install/px4_msgs/include/px4_msgs/px4_msgs/msg/detail/timesync_status__functions.c
[9.060s] -- Up-to-date: /home/maizaied03/ros2_ws/install/px4_msgs/include/px4_msgs/px4_msgs/msg/detail/estimator_sensor_bias__type_support.h
[9.060s] -- Up-to-date: /home/maizaied03/ros2_ws/install/px4_msgs/include/px4_msgs/px4_msgs/msg/detail/rpm__functions.h
[9.060s] -- Up-to-date: /home/maizaied03/ros2_ws/install/px4_msgs/include/px4_msgs/px4_msgs/msg/detail/config_overrides__functions.h
[9.060s] -- Up-to-date: /home/maizaied03/ros2_ws/install/px4_msgs/include/px4_msgs/px4_msgs/msg/detail/sensor_gyro_fifo__functions.h
[9.061s] -- Up-to-date: /home/maizaied03/ros2_ws/install/px4_msgs/include/px4_msgs/px4_msgs/msg/detail/sensors_status_imu__struct.h
[9.061s] -- Up-to-date: /home/maizaied03/ros2_ws/install/px4_msgs/include/px4_msgs/px4_msgs/msg/detail/vehicle_magnetometer__type_support.h
[9.061s] -- Up-to-date: /home/maizaied03/ros2_ws/install/px4_msgs/include/px4_msgs/px4_msgs/msg/detail/follow_target_status__struct.h
[9.061s] -- Up-to-date: /home/maizaied03/ros2_ws/install/px4_msgs/include/px4_msgs/px4_msgs/msg/detail/estimator_status_flags__functions.h
[9.061s] -- Up-to-date: /home/maizaied03/ros2_ws/install/px4_msgs/include/px4_msgs/px4_msgs/msg/detail/generator_status__type_support.h
[9.061s] -- Up-to-date: /home/maizaied03/ros2_ws/install/px4_msgs/include/px4_msgs/px4_msgs/msg/detail/sensors_status__struct.h
[9.061s] -- Up-to-date: /home/maizaied03/ros2_ws/install/px4_msgs/include/px4_msgs/px4_msgs/msg/detail/sensor_airflow__functions.h
[9.061s] -- Up-to-date: /home/maizaied03/ros2_ws/install/px4_msgs/include/px4_msgs/px4_msgs/msg/detail/can_interface_status__functions.c
[9.061s] -- Up-to-date: /home/maizaied03/ros2_ws/install/px4_msgs/include/px4_msgs/px4_msgs/msg/detail/pure_pursuit_status__type_support.h
[9.061s] -- Up-to-date: /home/maizaied03/ros2_ws/install/px4_msgs/include/px4_msgs/px4_msgs/msg/detail/vehicle_air_data__functions.c
[9.062s] -- Up-to-date: /home/maizaied03/ros2_ws/install/px4_msgs/include/px4_msgs/px4_msgs/msg/detail/unregister_ext_component__type_support.h
[9.062s] -- Up-to-date: /home/maizaied03/ros2_ws/install/px4_msgs/include/px4_msgs/px4_msgs/msg/detail/can_interface_status__struct.h
[9.062s] -- Up-to-date: /home/maizaied03/ros2_ws/install/px4_msgs/include/px4_msgs/px4_msgs/msg/detail/debug_array__struct.h
[9.062s] -- Up-to-date: /home/maizaied03/ros2_ws/install/px4_msgs/include/px4_msgs/px4_msgs/msg/detail/gpio_in__functions.c
[9.062s] -- Up-to-date: /home/maizaied03/ros2_ws/install/px4_msgs/include/px4_msgs/px4_msgs/msg/detail/battery_info__struct.h
[9.062s] -- Up-to-date: /home/maizaied03/ros2_ws/install/px4_msgs/include/px4_msgs/px4_msgs/msg/detail/fuel_tank_status__type_support.h
[9.062s] -- Up-to-date: /home/maizaied03/ros2_ws/install/px4_msgs/include/px4_msgs/px4_msgs/msg/detail/estimator_bias__functions.c
[9.062s] -- Up-to-date: /home/maizaied03/ros2_ws/install/px4_msgs/include/px4_msgs/px4_msgs/msg/detail/parameter_set_value_response__functions.h
[9.062s] -- Up-to-date: /home/maizaied03/ros2_ws/install/px4_msgs/include/px4_msgs/px4_msgs/msg/detail/parameter_set_used_request__functions.h
[9.062s] -- Up-to-date: /home/maizaied03/ros2_ws/install/px4_msgs/include/px4_msgs/px4_msgs/msg/detail/mag_worker_data__functions.h
[9.062s] -- Up-to-date: /home/maizaied03/ros2_ws/install/px4_msgs/include/px4_msgs/px4_msgs/msg/detail/estimator_status_flags__struct.h
[9.063s] -- Up-to-date: /home/maizaied03/ros2_ws/install/px4_msgs/include/px4_msgs/px4_msgs/msg/detail/arming_check_reply__struct.h
[9.063s] -- Up-to-date: /home/maizaied03/ros2_ws/install/px4_msgs/include/px4_msgs/px4_msgs/msg/detail/fixed_wing_lateral_guidance_status__type_support.h
[9.063s] -- Up-to-date: /home/maizaied03/ros2_ws/install/px4_msgs/include/px4_msgs/px4_msgs/msg/detail/debug_array__type_support.h
[9.063s] -- Up-to-date: /home/maizaied03/ros2_ws/install/px4_msgs/include/px4_msgs/px4_msgs/msg/detail/input_rc__functions.c
[9.063s] -- Up-to-date: /home/maizaied03/ros2_ws/install/px4_msgs/include/px4_msgs/px4_msgs/msg/detail/sensor_baro__struct.h
[9.063s] -- Up-to-date: /home/maizaied03/ros2_ws/install/px4_msgs/include/px4_msgs/px4_msgs/msg/detail/goto_setpoint__functions.c
[9.063s] -- Up-to-date: /home/maizaied03/ros2_ws/install/px4_msgs/include/px4_msgs/px4_msgs/msg/detail/actuator_test__type_support.h
[9.063s] -- Up-to-date: /home/maizaied03/ros2_ws/install/px4_msgs/include/px4_msgs/px4_msgs/msg/detail/sensor_selection__struct.h
[9.063s] -- Up-to-date: /home/maizaied03/ros2_ws/install/px4_msgs/include/px4_msgs/px4_msgs/msg/detail/iridiumsbd_status__functions.c
[9.063s] -- Up-to-date: /home/maizaied03/ros2_ws/install/px4_msgs/include/px4_msgs/px4_msgs/msg/detail/rover_position_setpoint__functions.c
[9.063s] -- Up-to-date: /home/maizaied03/ros2_ws/install/px4_msgs/include/px4_msgs/px4_msgs/msg/detail/button_event__functions.h
[9.064s] -- Up-to-date: /home/maizaied03/ros2_ws/install/px4_msgs/include/px4_msgs/px4_msgs/msg/detail/ping__type_support.h
[9.064s] -- Up-to-date: /home/maizaied03/ros2_ws/install/px4_msgs/include/px4_msgs/px4_msgs/msg/detail/task_stack_info__struct.h
[9.064s] -- Up-to-date: /home/maizaied03/ros2_ws/install/px4_msgs/include/px4_msgs/px4_msgs/msg/detail/neural_control__functions.c
[9.064s] -- Up-to-date: /home/maizaied03/ros2_ws/install/px4_msgs/include/px4_msgs/px4_msgs/msg/detail/event__functions.h
[9.064s] -- Up-to-date: /home/maizaied03/ros2_ws/install/px4_msgs/include/px4_msgs/px4_msgs/msg/detail/obstacle_distance__functions.h
[9.064s] -- Up-to-date: /home/maizaied03/ros2_ws/install/px4_msgs/include/px4_msgs/px4_msgs/msg/detail/manual_control_setpoint__type_support.h
[9.064s] -- Up-to-date: /home/maizaied03/ros2_ws/install/px4_msgs/include/px4_msgs/px4_msgs/msg/detail/vehicle_torque_setpoint__struct.h
[9.064s] -- Up-to-date: /home/maizaied03/ros2_ws/install/px4_msgs/include/px4_msgs/px4_msgs/msg/detail/vehicle_rates_setpoint__functions.h
[9.064s] -- Up-to-date: /home/maizaied03/ros2_ws/install/px4_msgs/include/px4_msgs/px4_msgs/msg/detail/vehicle_control_mode__struct.h
[9.064s] -- Up-to-date: /home/maizaied03/ros2_ws/install/px4_msgs/include/px4_msgs/px4_msgs/msg/detail/qshell_req__functions.h
[9.064s] -- Up-to-date: /home/maizaied03/ros2_ws/install/px4_msgs/include/px4_msgs/px4_msgs/msg/detail/task_stack_info__functions.h
[9.064s] -- Up-to-date: /home/maizaied03/ros2_ws/install/px4_msgs/include/px4_msgs/px4_msgs/msg/detail/estimator_bias3d__functions.h
[9.064s] -- Up-to-date: /home/maizaied03/ros2_ws/install/px4_msgs/include/px4_msgs/px4_msgs/msg/detail/log_message__functions.c
[9.064s] -- Up-to-date: /home/maizaied03/ros2_ws/install/px4_msgs/include/px4_msgs/px4_msgs/msg/detail/open_drone_id_self_id__struct.h
[9.064s] -- Up-to-date: /home/maizaied03/ros2_ws/install/px4_msgs/include/px4_msgs/px4_msgs/msg/detail/sensor_correction__functions.h
[9.065s] -- Up-to-date: /home/maizaied03/ros2_ws/install/px4_msgs/include/px4_msgs/px4_msgs/msg/detail/rover_attitude_status__functions.c
[9.065s] -- Up-to-date: /home/maizaied03/ros2_ws/install/px4_msgs/include/px4_msgs/px4_msgs/msg/detail/dataman_response__functions.c
[9.065s] -- Up-to-date: /home/maizaied03/ros2_ws/install/px4_msgs/include/px4_msgs/px4_msgs/msg/detail/vtx__functions.c
[9.065s] -- Up-to-date: /home/maizaied03/ros2_ws/install/px4_msgs/include/px4_msgs/px4_msgs/msg/detail/estimator_states__struct.h
[9.065s] -- Up-to-date: /home/maizaied03/ros2_ws/install/px4_msgs/include/px4_msgs/px4_msgs/msg/detail/mission_result__type_support.h
[9.065s] -- Up-to-date: /home/maizaied03/ros2_ws/install/px4_msgs/include/px4_msgs/px4_msgs/msg/detail/collision_constraints__functions.c
[9.065s] -- Up-to-date: /home/maizaied03/ros2_ws/install/px4_msgs/include/px4_msgs/px4_msgs/msg/detail/actuator_motors__functions.h
[9.065s] -- Up-to-date: /home/maizaied03/ros2_ws/install/px4_msgs/include/px4_msgs/px4_msgs/msg/detail/hover_thrust_estimate__functions.c
[9.065s] -- Up-to-date: /home/maizaied03/ros2_ws/install/px4_msgs/include/px4_msgs/px4_msgs/msg/detail/vehicle_local_position__struct.h
[9.065s] -- Up-to-date: /home/maizaied03/ros2_ws/install/px4_msgs/include/px4_msgs/px4_msgs/msg/detail/tecs_status__type_support.h
[9.065s] -- Up-to-date: /home/maizaied03/ros2_ws/install/px4_msgs/include/px4_msgs/px4_msgs/msg/detail/estimator_aid_source1d__functions.h
[9.065s] -- Up-to-date: /home/maizaied03/ros2_ws/install/px4_msgs/include/px4_msgs/px4_msgs/msg/detail/gimbal_manager_information__type_support.h
[9.065s] -- Up-to-date: /home/maizaied03/ros2_ws/install/px4_msgs/include/px4_msgs/px4_msgs/msg/detail/estimator_status__functions.c
[9.065s] -- Up-to-date: /home/maizaied03/ros2_ws/install/px4_msgs/include/px4_msgs/px4_msgs/msg/detail/goto_setpoint__type_support.h
[9.065s] -- Up-to-date: /home/maizaied03/ros2_ws/install/px4_msgs/include/px4_msgs/px4_msgs/msg/detail/device_information__functions.c
[9.066s] -- Up-to-date: /home/maizaied03/ros2_ws/install/px4_msgs/include/px4_msgs/px4_msgs/msg/detail/control_allocator_status__type_support.h
[9.066s] -- Up-to-date: /home/maizaied03/ros2_ws/install/px4_msgs/include/px4_msgs/px4_msgs/msg/detail/fixed_wing_runway_control__type_support.h
[9.066s] -- Up-to-date: /home/maizaied03/ros2_ws/install/px4_msgs/include/px4_msgs/px4_msgs/msg/detail/gps_inject_data__functions.c
[9.066s] -- Up-to-date: /home/maizaied03/ros2_ws/install/px4_msgs/include/px4_msgs/px4_msgs/msg/detail/navigator_mission_item__functions.h
[9.066s] -- Up-to-date: /home/maizaied03/ros2_ws/install/px4_msgs/include/px4_msgs/px4_msgs/msg/detail/esc_status__functions.c
[9.066s] -- Up-to-date: /home/maizaied03/ros2_ws/install/px4_msgs/include/px4_msgs/px4_msgs/msg/detail/position_setpoint_triplet__type_support.h
[9.066s] -- Up-to-date: /home/maizaied03/ros2_ws/install/px4_msgs/include/px4_msgs/px4_msgs/msg/detail/estimator_sensor_bias__functions.c
[9.066s] -- Up-to-date: /home/maizaied03/ros2_ws/install/px4_msgs/include/px4_msgs/px4_msgs/msg/detail/gps_dump__functions.h
[9.066s] -- Up-to-date: /home/maizaied03/ros2_ws/install/px4_msgs/include/px4_msgs/px4_msgs/msg/detail/message_format_request__functions.h
[9.066s] -- Up-to-date: /home/maizaied03/ros2_ws/install/px4_msgs/include/px4_msgs/px4_msgs/msg/detail/rtl_time_estimate__struct.h
[9.066s] -- Up-to-date: /home/maizaied03/ros2_ws/install/px4_msgs/include/px4_msgs/px4_msgs/msg/detail/vehicle_attitude__type_support.h
[9.066s] -- Up-to-date: /home/maizaied03/ros2_ws/install/px4_msgs/include/px4_msgs/px4_msgs/msg/detail/estimator_bias__type_support.h
[9.066s] -- Up-to-date: /home/maizaied03/ros2_ws/install/px4_msgs/include/px4_msgs/px4_msgs/msg/detail/wind__functions.h
[9.066s] -- Up-to-date: /home/maizaied03/ros2_ws/install/px4_msgs/include/px4_msgs/px4_msgs/msg/detail/geofence_status__struct.h
[9.066s] -- Up-to-date: /home/maizaied03/ros2_ws/install/px4_msgs/include/px4_msgs/px4_msgs/msg/detail/ping__functions.c
[9.067s] -- Up-to-date: /home/maizaied03/ros2_ws/install/px4_msgs/include/px4_msgs/px4_msgs/msg/detail/vehicle_local_position__functions.c
[9.067s] -- Up-to-date: /home/maizaied03/ros2_ws/install/px4_msgs/include/px4_msgs/px4_msgs/msg/detail/goto_setpoint__struct.h
[9.067s] -- Up-to-date: /home/maizaied03/ros2_ws/install/px4_msgs/include/px4_msgs/px4_msgs/msg/detail/landing_gear__type_support.h
[9.067s] -- Up-to-date: /home/maizaied03/ros2_ws/install/px4_msgs/include/px4_msgs/px4_msgs/msg/detail/parameter_set_value_response__struct.h
[9.067s] -- Up-to-date: /home/maizaied03/ros2_ws/install/px4_msgs/include/px4_msgs/px4_msgs/msg/detail/internal_combustion_engine_status__functions.h
[9.067s] -- Up-to-date: /home/maizaied03/ros2_ws/install/px4_msgs/include/px4_msgs/px4_msgs/msg/detail/fixed_wing_longitudinal_setpoint__functions.h
[9.067s] -- Up-to-date: /home/maizaied03/ros2_ws/install/px4_msgs/include/px4_msgs/px4_msgs/msg/detail/launch_detection_status__functions.c
[9.067s] -- Up-to-date: /home/maizaied03/ros2_ws/install/px4_msgs/include/px4_msgs/px4_msgs/msg/detail/gimbal_device_set_attitude__functions.h
[9.067s] -- Up-to-date: /home/maizaied03/ros2_ws/install/px4_msgs/include/px4_msgs/px4_msgs/msg/detail/onboard_computer_status__struct.h
[9.067s] -- Up-to-date: /home/maizaied03/ros2_ws/install/px4_msgs/include/px4_msgs/px4_msgs/msg/detail/gps_inject_data__functions.h
[9.067s] -- Up-to-date: /home/maizaied03/ros2_ws/install/px4_msgs/include/px4_msgs/px4_msgs/msg/detail/control_allocator_status__functions.h
[9.068s] -- Up-to-date: /home/maizaied03/ros2_ws/install/px4_msgs/include/px4_msgs/px4_msgs/msg/detail/estimator_event_flags__type_support.h
[9.068s] -- Up-to-date: /home/maizaied03/ros2_ws/install/px4_msgs/include/px4_msgs/px4_msgs/msg/detail/gimbal_manager_set_attitude__functions.h
[9.068s] -- Up-to-date: /home/maizaied03/ros2_ws/install/px4_msgs/include/px4_msgs/px4_msgs/msg/detail/figure_eight_status__struct.h
[9.068s] -- Up-to-date: /home/maizaied03/ros2_ws/install/px4_msgs/include/px4_msgs/px4_msgs/msg/detail/wind__type_support.h
[9.068s] -- Up-to-date: /home/maizaied03/ros2_ws/install/px4_msgs/include/px4_msgs/px4_msgs/msg/detail/neural_control__struct.h
[9.068s] -- Up-to-date: /home/maizaied03/ros2_ws/install/px4_msgs/include/px4_msgs/px4_msgs/msg/detail/gpio_out__functions.h
[9.068s] -- Up-to-date: /home/maizaied03/ros2_ws/install/px4_msgs/include/px4_msgs/px4_msgs/msg/detail/tecs_status__functions.c
[9.068s] -- Up-to-date: /home/maizaied03/ros2_ws/install/px4_msgs/include/px4_msgs/px4_msgs/msg/detail/estimator_event_flags__functions.h
[9.068s] -- Up-to-date: /home/maizaied03/ros2_ws/install/px4_msgs/include/px4_msgs/px4_msgs/msg/detail/sensor_selection__functions.h
[9.068s] -- Up-to-date: /home/maizaied03/ros2_ws/install/px4_msgs/include/px4_msgs/px4_msgs/msg/detail/mount_orientation__functions.h
[9.068s] -- Up-to-date: /home/maizaied03/ros2_ws/install/px4_msgs/include/px4_msgs/px4_msgs/msg/detail/geofence_status__type_support.h
[9.068s] -- Up-to-date: /home/maizaied03/ros2_ws/install/px4_msgs/include/px4_msgs/px4_msgs/msg/detail/flight_phase_estimation__type_support.h
[9.068s] -- Up-to-date: /home/maizaied03/ros2_ws/install/px4_msgs/include/px4_msgs/px4_msgs/msg/detail/mission_result__struct.h
[9.068s] -- Up-to-date: /home/maizaied03/ros2_ws/install/px4_msgs/include/px4_msgs/px4_msgs/msg/detail/raptor_input__functions.c
[9.068s] -- Up-to-date: /home/maizaied03/ros2_ws/install/px4_msgs/include/px4_msgs/px4_msgs/msg/detail/rover_rate_setpoint__struct.h
[9.068s] -- Up-to-date: /home/maizaied03/ros2_ws/install/px4_msgs/include/px4_msgs/px4_msgs/msg/detail/sensor_combined__functions.c
[9.069s] -- Up-to-date: /home/maizaied03/ros2_ws/install/px4_msgs/include/px4_msgs/px4_msgs/msg/detail/failsafe_flags__struct.h
[9.069s] -- Up-to-date: /home/maizaied03/ros2_ws/install/px4_msgs/include/px4_msgs/px4_msgs/msg/detail/sensor_gyro_fft__functions.c
[9.069s] -- Up-to-date: /home/maizaied03/ros2_ws/install/px4_msgs/include/px4_msgs/px4_msgs/msg/detail/logger_status__functions.h
[9.069s] -- Up-to-date: /home/maizaied03/ros2_ws/install/px4_msgs/include/px4_msgs/px4_msgs/msg/detail/estimator_bias3d__functions.c
[9.069s] -- Up-to-date: /home/maizaied03/ros2_ws/install/px4_msgs/include/px4_msgs/px4_msgs/msg/detail/rtl_time_estimate__functions.h
[9.069s] -- Up-to-date: /home/maizaied03/ros2_ws/install/px4_msgs/include/px4_msgs/px4_msgs/msg/detail/estimator_status__struct.h
[9.069s] -- Up-to-date: /home/maizaied03/ros2_ws/install/px4_msgs/include/px4_msgs/px4_msgs/msg/detail/velocity_limits__functions.h
[9.069s] -- Up-to-date: /home/maizaied03/ros2_ws/install/px4_msgs/include/px4_msgs/px4_msgs/msg/detail/gps_dump__struct.h
[9.069s] -- Up-to-date: /home/maizaied03/ros2_ws/install/px4_msgs/include/px4_msgs/px4_msgs/msg/detail/power_monitor__struct.h
[9.069s] -- Up-to-date: /home/maizaied03/ros2_ws/install/px4_msgs/include/px4_msgs/px4_msgs/msg/detail/register_ext_component_request__functions.c
[9.069s] -- Up-to-date: /home/maizaied03/ros2_ws/install/px4_msgs/include/px4_msgs/px4_msgs/msg/detail/vehicle_command_ack__functions.h
[9.069s] -- Up-to-date: /home/maizaied03/ros2_ws/install/px4_msgs/include/px4_msgs/px4_msgs/msg/detail/yaw_estimator_status__struct.h
[9.069s] -- Up-to-date: /home/maizaied03/ros2_ws/install/px4_msgs/include/px4_msgs/px4_msgs/msg/detail/gimbal_device_attitude_status__functions.c
[9.069s] -- Up-to-date: /home/maizaied03/ros2_ws/install/px4_msgs/include/px4_msgs/px4_msgs/msg/detail/cellular_status__functions.c
[9.069s] -- Up-to-date: /home/maizaied03/ros2_ws/install/px4_msgs/include/px4_msgs/px4_msgs/msg/detail/heater_status__functions.c
[9.069s] -- Up-to-date: /home/maizaied03/ros2_ws/install/px4_msgs/include/px4_msgs/px4_msgs/msg/detail/estimator_aid_source2d__functions.h
[9.069s] -- Up-to-date: /home/maizaied03/ros2_ws/install/px4_msgs/include/px4_msgs/px4_msgs/msg/detail/landing_target_innovations__type_support.h
[9.070s] -- Up-to-date: /home/maizaied03/ros2_ws/install/px4_msgs/include/px4_msgs/px4_msgs/msg/detail/gimbal_manager_set_manual_control__functions.h
[9.070s] -- Up-to-date: /home/maizaied03/ros2_ws/install/px4_msgs/include/px4_msgs/px4_msgs/msg/detail/esc_report__functions.h
[9.070s] -- Up-to-date: /home/maizaied03/ros2_ws/install/px4_msgs/include/px4_msgs/px4_msgs/msg/detail/position_setpoint__functions.h
[9.070s] -- Up-to-date: /home/maizaied03/ros2_ws/install/px4_msgs/include/px4_msgs/px4_msgs/msg/detail/manual_control_switches__functions.c
[9.070s] -- Up-to-date: /home/maizaied03/ros2_ws/install/px4_msgs/include/px4_msgs/px4_msgs/msg/detail/neural_control__type_support.h
[9.070s] -- Up-to-date: /home/maizaied03/ros2_ws/install/px4_msgs/include/px4_msgs/px4_msgs/msg/detail/log_message__functions.h
[9.070s] -- Up-to-date: /home/maizaied03/ros2_ws/install/px4_msgs/include/px4_msgs/px4_msgs/msg/detail/estimator_states__type_support.h
[9.070s] -- Up-to-date: /home/maizaied03/ros2_ws/install/px4_msgs/include/px4_msgs/px4_msgs/msg/detail/estimator_aid_source3d__type_support.h
[9.070s] -- Up-to-date: /home/maizaied03/ros2_ws/install/px4_msgs/include/px4_msgs/px4_msgs/msg/detail/qshell_req__struct.h
[9.070s] -- Up-to-date: /home/maizaied03/ros2_ws/install/px4_msgs/include/px4_msgs/px4_msgs/msg/detail/dataman_response__struct.h
[9.070s] -- Up-to-date: /home/maizaied03/ros2_ws/install/px4_msgs/include/px4_msgs/px4_msgs/msg/detail/debug_vect__functions.c
[9.070s] -- Up-to-date: /home/maizaied03/ros2_ws/install/px4_msgs/include/px4_msgs/px4_msgs/msg/detail/vehicle_imu__struct.h
[9.071s] -- Up-to-date: /home/maizaied03/ros2_ws/install/px4_msgs/include/px4_msgs/px4_msgs/msg/detail/sensor_gyro_fifo__functions.c
[9.071s] -- Up-to-date: /home/maizaied03/ros2_ws/install/px4_msgs/include/px4_msgs/px4_msgs/msg/detail/differential_pressure__functions.c
[9.071s] -- Up-to-date: /home/maizaied03/ros2_ws/install/px4_msgs/include/px4_msgs/px4_msgs/msg/detail/vehicle_land_detected__struct.h
[9.071s] -- Up-to-date: /home/maizaied03/ros2_ws/install/px4_msgs/include/px4_msgs/px4_msgs/msg/detail/rpm__struct.h
[9.071s] -- Up-to-date: /home/maizaied03/ros2_ws/install/px4_msgs/include/px4_msgs/px4_msgs/msg/detail/trajectory_setpoint6dof__type_support.h
[9.071s] -- Up-to-date: /home/maizaied03/ros2_ws/install/px4_msgs/include/px4_msgs/px4_msgs/msg/detail/differential_pressure__type_support.h
[9.071s] -- Up-to-date: /home/maizaied03/ros2_ws/install/px4_msgs/include/px4_msgs/px4_msgs/msg/detail/message_format_request__type_support.h
[9.071s] -- Up-to-date: /home/maizaied03/ros2_ws/install/px4_msgs/include/px4_msgs/px4_msgs/msg/detail/debug_key_value__functions.h
[9.071s] -- Up-to-date: /home/maizaied03/ros2_ws/install/px4_msgs/include/px4_msgs/px4_msgs/msg/detail/gpio_out__functions.c
[9.071s] -- Up-to-date: /home/maizaied03/ros2_ws/install/px4_msgs/include/px4_msgs/px4_msgs/msg/detail/actuator_servos__functions.c
[9.071s] -- Up-to-date: /home/maizaied03/ros2_ws/install/px4_msgs/include/px4_msgs/px4_msgs/msg/detail/fixed_wing_longitudinal_setpoint__struct.h
[9.072s] -- Up-to-date: /home/maizaied03/ros2_ws/install/px4_msgs/include/px4_msgs/px4_msgs/msg/detail/sensor_hygrometer__struct.h
[9.072s] -- Up-to-date: /home/maizaied03/ros2_ws/install/px4_msgs/include/px4_msgs/px4_msgs/msg/detail/mount_orientation__type_support.h
[9.072s] -- Up-to-date: /home/maizaied03/ros2_ws/install/px4_msgs/include/px4_msgs/px4_msgs/msg/detail/magnetometer_bias_estimate__struct.h
[9.072s] -- Up-to-date: /home/maizaied03/ros2_ws/install/px4_msgs/include/px4_msgs/px4_msgs/msg/detail/gain_compression__functions.h
[9.072s] -- Up-to-date: /home/maizaied03/ros2_ws/install/px4_msgs/include/px4_msgs/px4_msgs/msg/detail/led_control__functions.h
[9.072s] -- Up-to-date: /home/maizaied03/ros2_ws/install/px4_msgs/include/px4_msgs/px4_msgs/msg/detail/estimator_bias__struct.h
[9.072s] -- Up-to-date: /home/maizaied03/ros2_ws/install/px4_msgs/include/px4_msgs/px4_msgs/msg/detail/tiltrotor_extra_controls__functions.c
[9.072s] -- Up-to-date: /home/maizaied03/ros2_ws/install/px4_msgs/include/px4_msgs/px4_msgs/msg/detail/rpm__type_support.h
[9.072s] -- Up-to-date: /home/maizaied03/ros2_ws/install/px4_msgs/include/px4_msgs/px4_msgs/msg/detail/log_message__struct.h
[9.072s] -- Up-to-date: /home/maizaied03/ros2_ws/install/px4_msgs/include/px4_msgs/px4_msgs/msg/detail/estimator_event_flags__functions.c
[9.072s] -- Up-to-date: /home/maizaied03/ros2_ws/install/px4_msgs/include/px4_msgs/px4_msgs/msg/detail/orb_test_medium__functions.c
[9.072s] -- Up-to-date: /home/maizaied03/ros2_ws/install/px4_msgs/include/px4_msgs/px4_msgs/msg/detail/landing_target_pose__functions.h
[9.073s] -- Up-to-date: /home/maizaied03/ros2_ws/install/px4_msgs/include/px4_msgs/px4_msgs/msg/detail/fixed_wing_longitudinal_setpoint__type_support.h
[9.073s] -- Up-to-date: /home/maizaied03/ros2_ws/install/px4_msgs/include/px4_msgs/px4_msgs/msg/detail/launch_detection_status__type_support.h
[9.073s] -- Up-to-date: /home/maizaied03/ros2_ws/install/px4_msgs/include/px4_msgs/px4_msgs/msg/detail/button_event__struct.h
[9.073s] -- Up-to-date: /home/maizaied03/ros2_ws/install/px4_msgs/include/px4_msgs/px4_msgs/msg/detail/gimbal_device_information__struct.h
[9.073s] -- Up-to-date: /home/maizaied03/ros2_ws/install/px4_msgs/include/px4_msgs/px4_msgs/msg/detail/pure_pursuit_status__functions.c
[9.073s] -- Up-to-date: /home/maizaied03/ros2_ws/install/px4_msgs/include/px4_msgs/px4_msgs/msg/detail/actuator_servos__type_support.h
[9.073s] -- Up-to-date: /home/maizaied03/ros2_ws/install/px4_msgs/include/px4_msgs/px4_msgs/msg/detail/vehicle_local_position_setpoint__struct.h
[9.073s] -- Up-to-date: /home/maizaied03/ros2_ws/install/px4_msgs/include/px4_msgs/px4_msgs/msg/detail/failure_detector_status__struct.h
[9.073s] -- Up-to-date: /home/maizaied03/ros2_ws/install/px4_msgs/include/px4_msgs/px4_msgs/msg/detail/sensor_temp__type_support.h
[9.073s] -- Up-to-date: /home/maizaied03/ros2_ws/install/px4_msgs/include/px4_msgs/px4_msgs/msg/detail/heater_status__type_support.h
[9.073s] -- Up-to-date: /home/maizaied03/ros2_ws/install/px4_msgs/include/px4_msgs/px4_msgs/msg/detail/failure_detector_status__type_support.h
[9.073s] -- Up-to-date: /home/maizaied03/ros2_ws/install/px4_msgs/include/px4_msgs/px4_msgs/msg/detail/orb_test_medium__type_support.h
[9.073s] -- Up-to-date: /home/maizaied03/ros2_ws/install/px4_msgs/include/px4_msgs/px4_msgs/msg/detail/sensor_gyro_fft__functions.h
[9.074s] -- Up-to-date: /home/maizaied03/ros2_ws/install/px4_msgs/include/px4_msgs/px4_msgs/msg/detail/rate_ctrl_status__functions.c
[9.074s] -- Up-to-date: /home/maizaied03/ros2_ws/install/px4_msgs/include/px4_msgs/px4_msgs/msg/detail/pwm_input__functions.c
[9.074s] -- Up-to-date: /home/maizaied03/ros2_ws/install/px4_msgs/include/px4_msgs/px4_msgs/msg/detail/figure_eight_status__type_support.h
[9.074s] -- Up-to-date: /home/maizaied03/ros2_ws/install/px4_msgs/include/px4_msgs/px4_msgs/msg/detail/uavcan_parameter_request__functions.h
[9.074s] -- Up-to-date: /home/maizaied03/ros2_ws/install/px4_msgs/include/px4_msgs/px4_msgs/msg/detail/magnetometer_bias_estimate__functions.h
[9.074s] -- Up-to-date: /home/maizaied03/ros2_ws/install/px4_msgs/include/px4_msgs/px4_msgs/msg/detail/gpio_request__functions.h
[9.074s] -- Up-to-date: /home/maizaied03/ros2_ws/install/px4_msgs/include/px4_msgs/px4_msgs/msg/detail/esc_status__functions.h
[9.074s] -- Up-to-date: /home/maizaied03/ros2_ws/install/px4_msgs/include/px4_msgs/px4_msgs/msg/detail/sensor_accel__functions.c
[9.074s] -- Up-to-date: /home/maizaied03/ros2_ws/install/px4_msgs/include/px4_msgs/px4_msgs/msg/detail/vehicle_status__functions.h
[9.074s] -- Up-to-date: /home/maizaied03/ros2_ws/install/px4_msgs/include/px4_msgs/px4_msgs/msg/detail/fixed_wing_lateral_setpoint__struct.h
[9.074s] -- Up-to-date: /home/maizaied03/ros2_ws/install/px4_msgs/include/px4_msgs/px4_msgs/msg/detail/fixed_wing_runway_control__functions.h
[9.074s] -- Up-to-date: /home/maizaied03/ros2_ws/install/px4_msgs/include/px4_msgs/px4_msgs/msg/detail/vehicle_command__functions.h
[9.074s] -- Up-to-date: /home/maizaied03/ros2_ws/install/px4_msgs/include/px4_msgs/px4_msgs/msg/detail/battery_info__functions.c
[9.074s] -- Up-to-date: /home/maizaied03/ros2_ws/install/px4_msgs/include/px4_msgs/px4_msgs/msg/detail/gimbal_manager_set_manual_control__functions.c
[9.074s] -- Up-to-date: /home/maizaied03/ros2_ws/install/px4_msgs/include/px4_msgs/px4_msgs/msg/detail/vehicle_thrust_setpoint__functions.h
[9.075s] -- Up-to-date: /home/maizaied03/ros2_ws/install/px4_msgs/include/px4_msgs/px4_msgs/msg/detail/vehicle_magnetometer__functions.h
[9.075s] -- Up-to-date: /home/maizaied03/ros2_ws/install/px4_msgs/include/px4_msgs/px4_msgs/msg/detail/debug_value__functions.c
[9.075s] -- Up-to-date: /home/maizaied03/ros2_ws/install/px4_msgs/include/px4_msgs/px4_msgs/msg/detail/follow_target_status__functions.c
[9.075s] -- Up-to-date: /home/maizaied03/ros2_ws/install/px4_msgs/include/px4_msgs/px4_msgs/msg/detail/gimbal_device_information__functions.c
[9.075s] -- Up-to-date: /home/maizaied03/ros2_ws/install/px4_msgs/include/px4_msgs/px4_msgs/msg/detail/qshell_req__type_support.h
[9.075s] -- Up-to-date: /home/maizaied03/ros2_ws/install/px4_msgs/include/px4_msgs/px4_msgs/msg/detail/parameter_update__functions.h
[9.075s] -- Up-to-date: /home/maizaied03/ros2_ws/install/px4_msgs/include/px4_msgs/px4_msgs/msg/detail/mode_completed__functions.c
[9.075s] -- Up-to-date: /home/maizaied03/ros2_ws/install/px4_msgs/include/px4_msgs/px4_msgs/msg/detail/rover_speed_status__type_support.h
[9.075s] -- Up-to-date: /home/maizaied03/ros2_ws/install/px4_msgs/include/px4_msgs/px4_msgs/msg/detail/dataman_response__functions.h
[9.075s] -- Up-to-date: /home/maizaied03/ros2_ws/install/px4_msgs/include/px4_msgs/px4_msgs/msg/detail/vehicle_odometry__functions.h
[9.075s] -- Up-to-date: /home/maizaied03/ros2_ws/install/px4_msgs/include/px4_msgs/px4_msgs/msg/detail/vtx__functions.h
[9.075s] -- Up-to-date: /home/maizaied03/ros2_ws/install/px4_msgs/include/px4_msgs/px4_msgs/msg/detail/gps_dump__type_support.h
[9.075s] -- Up-to-date: /home/maizaied03/ros2_ws/install/px4_msgs/include/px4_msgs/px4_msgs/msg/detail/dronecan_node_status__functions.c
[9.075s] -- Up-to-date: /home/maizaied03/ros2_ws/install/px4_msgs/include/px4_msgs/px4_msgs/msg/detail/gimbal_device_attitude_status__struct.h
[9.076s] -- Up-to-date: /home/maizaied03/ros2_ws/install/px4_msgs/include/px4_msgs/px4_msgs/msg/detail/button_event__functions.c
[9.076s] -- Up-to-date: /home/maizaied03/ros2_ws/install/px4_msgs/include/px4_msgs/px4_msgs/msg/detail/actuator_servos_trim__struct.h
[9.076s] -- Up-to-date: /home/maizaied03/ros2_ws/install/px4_msgs/include/px4_msgs/px4_msgs/msg/detail/arming_check_request__functions.h
[9.076s] -- Up-to-date: /home/maizaied03/ros2_ws/install/px4_msgs/include/px4_msgs/px4_msgs/msg/detail/device_information__type_support.h
[9.076s] -- Up-to-date: /home/maizaied03/ros2_ws/install/px4_msgs/include/px4_msgs/px4_msgs/msg/detail/manual_control_setpoint__struct.h
[9.076s] -- Up-to-date: /home/maizaied03/ros2_ws/install/px4_msgs/include/px4_msgs/px4_msgs/msg/detail/vehicle_land_detected__functions.h
[9.076s] -- Up-to-date: /home/maizaied03/ros2_ws/install/px4_msgs/include/px4_msgs/px4_msgs/msg/detail/fixed_wing_runway_control__struct.h
[9.076s] -- Up-to-date: /home/maizaied03/ros2_ws/install/px4_msgs/include/px4_msgs/px4_msgs/msg/detail/mavlink_tunnel__functions.c
[9.076s] -- Up-to-date: /home/maizaied03/ros2_ws/install/px4_msgs/include/px4_msgs/px4_msgs/msg/detail/open_drone_id_system__functions.h
[9.076s] -- Up-to-date: /home/maizaied03/ros2_ws/install/px4_msgs/include/px4_msgs/px4_msgs/msg/detail/vehicle_local_position_setpoint__functions.c
[9.076s] -- Up-to-date: /home/maizaied03/ros2_ws/install/px4_msgs/include/px4_msgs/px4_msgs/msg/detail/gimbal_device_information__type_support.h
[9.076s] -- Up-to-date: /home/maizaied03/ros2_ws/install/px4_msgs/include/px4_msgs/px4_msgs/msg/detail/actuator_controls_status__struct.h
[9.076s] -- Up-to-date: /home/maizaied03/ros2_ws/install/px4_msgs/include/px4_msgs/px4_msgs/msg/detail/adc_report__functions.h
[9.076s] -- Up-to-date: /home/maizaied03/ros2_ws/install/px4_msgs/include/px4_msgs/px4_msgs/msg/detail/power_button_state__functions.h
[9.077s] -- Up-to-date: /home/maizaied03/ros2_ws/install/px4_msgs/include/px4_msgs/px4_msgs/msg/detail/camera_trigger__type_support.h
[9.077s] -- Up-to-date: /home/maizaied03/ros2_ws/install/px4_msgs/include/px4_msgs/px4_msgs/msg/detail/autotune_attitude_control_status__type_support.h
[9.077s] -- Up-to-date: /home/maizaied03/ros2_ws/install/px4_msgs/include/px4_msgs/px4_msgs/msg/detail/vehicle_local_position_setpoint__functions.h
[9.077s] -- Up-to-date: /home/maizaied03/ros2_ws/install/px4_msgs/include/px4_msgs/px4_msgs/msg/detail/raptor_status__struct.h
[9.077s] -- Up-to-date: /home/maizaied03/ros2_ws/install/px4_msgs/include/px4_msgs/px4_msgs/msg/detail/gimbal_manager_status__struct.h
[9.077s] -- Up-to-date: /home/maizaied03/ros2_ws/install/px4_msgs/include/px4_msgs/px4_msgs/msg/detail/parameter_reset_request__struct.h
[9.077s] -- Up-to-date: /home/maizaied03/ros2_ws/install/px4_msgs/include/px4_msgs/px4_msgs/msg/detail/control_allocator_status__struct.h
[9.077s] -- Up-to-date: /home/maizaied03/ros2_ws/install/px4_msgs/include/px4_msgs/px4_msgs/msg/detail/open_drone_id_self_id__type_support.h
[9.077s] -- Up-to-date: /home/maizaied03/ros2_ws/install/px4_msgs/include/px4_msgs/px4_msgs/msg/detail/offboard_control_mode__functions.c
[9.077s] -- Up-to-date: /home/maizaied03/ros2_ws/install/px4_msgs/include/px4_msgs/px4_msgs/msg/detail/orbit_status__type_support.h
[9.078s] -- Up-to-date: /home/maizaied03/ros2_ws/install/px4_msgs/include/px4_msgs/px4_msgs/msg/detail/sensor_gyro__functions.c
[9.078s] -- Up-to-date: /home/maizaied03/ros2_ws/install/px4_msgs/include/px4_msgs/px4_msgs/msg/detail/qshell_retval__functions.c
[9.078s] -- Up-to-date: /home/maizaied03/ros2_ws/install/px4_msgs/include/px4_msgs/px4_msgs/msg/detail/sensor_baro__functions.h
[9.078s] -- Up-to-date: /home/maizaied03/ros2_ws/install/px4_msgs/include/px4_msgs/px4_msgs/msg/detail/estimator_aid_source1d__struct.h
[9.078s] -- Up-to-date: /home/maizaied03/ros2_ws/install/px4_msgs/include/px4_msgs/px4_msgs/msg/detail/px4io_status__functions.c
[9.078s] -- Up-to-date: /home/maizaied03/ros2_ws/install/px4_msgs/include/px4_msgs/px4_msgs/msg/detail/rover_attitude_setpoint__functions.h
[9.078s] -- Up-to-date: /home/maizaied03/ros2_ws/install/px4_msgs/include/px4_msgs/px4_msgs/msg/detail/airspeed_validated__type_support.h
[9.078s] -- Up-to-date: /home/maizaied03/ros2_ws/install/px4_msgs/include/px4_msgs/px4_msgs/msg/detail/led_control__functions.c
[9.078s] -- Up-to-date: /home/maizaied03/ros2_ws/install/px4_msgs/include/px4_msgs/px4_msgs/msg/detail/landing_gear__functions.c
[9.078s] -- Up-to-date: /home/maizaied03/ros2_ws/install/px4_msgs/include/px4_msgs/px4_msgs/msg/detail/gripper__functions.c
[9.078s] -- Up-to-date: /home/maizaied03/ros2_ws/install/px4_msgs/include/px4_msgs/px4_msgs/msg/detail/gpio_config__type_support.h
[9.079s] -- Up-to-date: /home/maizaied03/ros2_ws/install/px4_msgs/include/px4_msgs/px4_msgs/msg/detail/radio_status__type_support.h
[9.079s] -- Up-to-date: /home/maizaied03/ros2_ws/install/px4_msgs/include/px4_msgs/px4_msgs/msg/detail/actuator_test__struct.h
[9.079s] -- Up-to-date: /home/maizaied03/ros2_ws/install/px4_msgs/include/px4_msgs/px4_msgs/msg/detail/geofence_status__functions.h
[9.079s] -- Up-to-date: /home/maizaied03/ros2_ws/install/px4_msgs/include/px4_msgs/px4_msgs/msg/detail/power_monitor__functions.c
[9.079s] -- Up-to-date: /home/maizaied03/ros2_ws/install/px4_msgs/include/px4_msgs/px4_msgs/msg/detail/fuel_tank_status__functions.h
[9.079s] -- Up-to-date: /home/maizaied03/ros2_ws/install/px4_msgs/include/px4_msgs/px4_msgs/msg/detail/vehicle_torque_setpoint__type_support.h
[9.079s] -- Up-to-date: /home/maizaied03/ros2_ws/install/px4_msgs/include/px4_msgs/px4_msgs/msg/detail/manual_control_switches__type_support.h
[9.079s] -- Up-to-date: /home/maizaied03/ros2_ws/install/px4_msgs/include/px4_msgs/px4_msgs/msg/detail/open_drone_id_system__type_support.h
[9.079s] -- Up-to-date: /home/maizaied03/ros2_ws/install/px4_msgs/include/px4_msgs/px4_msgs/msg/detail/estimator_status__functions.h
[9.079s] -- Up-to-date: /home/maizaied03/ros2_ws/install/px4_msgs/include/px4_msgs/px4_msgs/msg/detail/ulog_stream_ack__struct.h
[9.079s] -- Up-to-date: /home/maizaied03/ros2_ws/install/px4_msgs/include/px4_msgs/px4_msgs/msg/detail/mag_worker_data__functions.c
[9.079s] -- Up-to-date: /home/maizaied03/ros2_ws/install/px4_msgs/include/px4_msgs/px4_msgs/msg/detail/rover_speed_status__struct.h
[9.079s] -- Up-to-date: /home/maizaied03/ros2_ws/install/px4_msgs/include/px4_msgs/px4_msgs/msg/detail/cellular_status__struct.h
[9.079s] -- Up-to-date: /home/maizaied03/ros2_ws/install/px4_msgs/include/px4_msgs/px4_msgs/msg/detail/open_drone_id_arm_status__functions.c
[9.079s] -- Up-to-date: /home/maizaied03/ros2_ws/install/px4_msgs/include/px4_msgs/px4_msgs/msg/detail/rover_rate_status__struct.h
[9.080s] -- Up-to-date: /home/maizaied03/ros2_ws/install/px4_msgs/include/px4_msgs/px4_msgs/msg/detail/rc_parameter_map__struct.h
[9.080s] -- Up-to-date: /home/maizaied03/ros2_ws/install/px4_msgs/include/px4_msgs/px4_msgs/msg/detail/vehicle_land_detected__type_support.h
[9.080s] -- Up-to-date: /home/maizaied03/ros2_ws/install/px4_msgs/include/px4_msgs/px4_msgs/msg/detail/distance_sensor_mode_change_request__type_support.h
[9.080s] -- Up-to-date: /home/maizaied03/ros2_ws/install/px4_msgs/include/px4_msgs/px4_msgs/msg/detail/failsafe_flags__functions.c
[9.080s] -- Up-to-date: /home/maizaied03/ros2_ws/install/px4_msgs/include/px4_msgs/px4_msgs/msg/detail/vehicle_angular_acceleration_setpoint__struct.h
[9.080s] -- Up-to-date: /home/maizaied03/ros2_ws/install/px4_msgs/include/px4_msgs/px4_msgs/msg/detail/battery_info__functions.h
[9.080s] -- Up-to-date: /home/maizaied03/ros2_ws/install/px4_msgs/include/px4_msgs/px4_msgs/msg/detail/gripper__functions.h
[9.080s] -- Up-to-date: /home/maizaied03/ros2_ws/install/px4_msgs/include/px4_msgs/px4_msgs/msg/detail/vehicle_roi__struct.h
[9.080s] -- Up-to-date: /home/maizaied03/ros2_ws/install/px4_msgs/include/px4_msgs/px4_msgs/msg/detail/internal_combustion_engine_status__functions.c
[9.080s] -- Up-to-date: /home/maizaied03/ros2_ws/install/px4_msgs/include/px4_msgs/px4_msgs/msg/detail/vtol_vehicle_status__functions.c
[9.080s] -- Up-to-date: /home/maizaied03/ros2_ws/install/px4_msgs/include/px4_msgs/px4_msgs/msg/detail/power_button_state__type_support.h
[9.080s] -- Up-to-date: /home/maizaied03/ros2_ws/install/px4_msgs/include/px4_msgs/px4_msgs/msg/detail/vehicle_roi__functions.c
[9.081s] -- Up-to-date: /home/maizaied03/ros2_ws/install/px4_msgs/include/px4_msgs/px4_msgs/msg/detail/actuator_servos_trim__functions.c
[9.081s] -- Up-to-date: /home/maizaied03/ros2_ws/install/px4_msgs/include/px4_msgs/px4_msgs/msg/detail/ping__struct.h
[9.081s] -- Up-to-date: /home/maizaied03/ros2_ws/install/px4_msgs/include/px4_msgs/px4_msgs/msg/detail/telemetry_status__type_support.h
[9.081s] -- Up-to-date: /home/maizaied03/ros2_ws/install/px4_msgs/include/px4_msgs/px4_msgs/msg/detail/mag_worker_data__type_support.h
[9.081s] -- Up-to-date: /home/maizaied03/ros2_ws/install/px4_msgs/include/px4_msgs/px4_msgs/msg/detail/ekf2_timestamps__struct.h
[9.081s] -- Up-to-date: /home/maizaied03/ros2_ws/install/px4_msgs/include/px4_msgs/px4_msgs/msg/detail/vehicle_control_mode__functions.h
[9.081s] -- Up-to-date: /home/maizaied03/ros2_ws/install/px4_msgs/include/px4_msgs/px4_msgs/msg/detail/internal_combustion_engine_status__type_support.h
[9.081s] -- Up-to-date: /home/maizaied03/ros2_ws/install/px4_msgs/include/px4_msgs/px4_msgs/msg/detail/vehicle_constraints__type_support.h
[9.081s] -- Up-to-date: /home/maizaied03/ros2_ws/install/px4_msgs/include/px4_msgs/px4_msgs/msg/detail/fixed_wing_longitudinal_setpoint__functions.c
[9.081s] -- Up-to-date: /home/maizaied03/ros2_ws/install/px4_msgs/include/px4_msgs/px4_msgs/msg/detail/parameter_update__functions.c
[9.081s] -- Up-to-date: /home/maizaied03/ros2_ws/install/px4_msgs/include/px4_msgs/px4_msgs/msg/detail/failure_detector_status__functions.h
[9.081s] -- Up-to-date: /home/maizaied03/ros2_ws/install/px4_msgs/include/px4_msgs/px4_msgs/msg/detail/vehicle_magnetometer__struct.h
[9.081s] -- Up-to-date: /home/maizaied03/ros2_ws/install/px4_msgs/include/px4_msgs/px4_msgs/msg/detail/mavlink_log__functions.c
[9.081s] -- Up-to-date: /home/maizaied03/ros2_ws/install/px4_msgs/include/px4_msgs/px4_msgs/msg/detail/dataman_request__struct.h
[9.082s] -- Up-to-date: /home/maizaied03/ros2_ws/install/px4_msgs/include/px4_msgs/px4_msgs/msg/detail/flight_phase_estimation__functions.h
[9.082s] -- Up-to-date: /home/maizaied03/ros2_ws/install/px4_msgs/include/px4_msgs/px4_msgs/msg/detail/actuator_controls_status__functions.h
[9.082s] -- Up-to-date: /home/maizaied03/ros2_ws/install/px4_msgs/include/px4_msgs/px4_msgs/msg/detail/vehicle_attitude__struct.h
[9.082s] -- Up-to-date: /home/maizaied03/ros2_ws/install/px4_msgs/include/px4_msgs/px4_msgs/msg/detail/irlock_report__functions.c
[9.082s] -- Up-to-date: /home/maizaied03/ros2_ws/install/px4_msgs/include/px4_msgs/px4_msgs/msg/detail/register_ext_component_request__functions.h
[9.082s] -- Up-to-date: /home/maizaied03/ros2_ws/install/px4_msgs/include/px4_msgs/px4_msgs/msg/detail/camera_capture__type_support.h
[9.082s] -- Up-to-date: /home/maizaied03/ros2_ws/install/px4_msgs/include/px4_msgs/px4_msgs/msg/detail/wheel_encoders__functions.h
[9.082s] -- Up-to-date: /home/maizaied03/ros2_ws/install/px4_msgs/include/px4_msgs/px4_msgs/msg/detail/heater_status__functions.h
[9.082s] -- Up-to-date: /home/maizaied03/ros2_ws/install/px4_msgs/include/px4_msgs/px4_msgs/msg/detail/vehicle_land_detected__functions.c
[9.082s] -- Up-to-date: /home/maizaied03/ros2_ws/install/px4_msgs/include/px4_msgs/px4_msgs/msg/detail/rover_steering_setpoint__struct.h
[9.082s] -- Up-to-date: /home/maizaied03/ros2_ws/install/px4_msgs/include/px4_msgs/px4_msgs/msg/detail/mission__functions.c
[9.082s] -- Up-to-date: /home/maizaied03/ros2_ws/install/px4_msgs/include/px4_msgs/px4_msgs/msg/detail/debug_vect__struct.h
[9.083s] -- Up-to-date: /home/maizaied03/ros2_ws/install/px4_msgs/include/px4_msgs/px4_msgs/msg/detail/gimbal_manager_status__functions.c
[9.083s] -- Up-to-date: /home/maizaied03/ros2_ws/install/px4_msgs/include/px4_msgs/px4_msgs/msg/detail/rover_speed_setpoint__functions.h
[9.083s] -- Up-to-date: /home/maizaied03/ros2_ws/install/px4_msgs/include/px4_msgs/px4_msgs/msg/detail/distance_sensor__struct.h
[9.083s] -- Up-to-date: /home/maizaied03/ros2_ws/install/px4_msgs/include/px4_msgs/px4_msgs/msg/detail/manual_control_setpoint__functions.c
[9.083s] -- Up-to-date: /home/maizaied03/ros2_ws/install/px4_msgs/include/px4_msgs/px4_msgs/msg/detail/gimbal_manager_information__struct.h
[9.083s] -- Up-to-date: /home/maizaied03/ros2_ws/install/px4_msgs/include/px4_msgs/px4_msgs/msg/detail/parameter_set_used_request__type_support.h
[9.083s] -- Up-to-date: /home/maizaied03/ros2_ws/install/px4_msgs/include/px4_msgs/px4_msgs/msg/detail/navigator_mission_item__type_support.h
[9.083s] -- Up-to-date: /home/maizaied03/ros2_ws/install/px4_msgs/include/px4_msgs/px4_msgs/msg/detail/open_drone_id_self_id__functions.h
[9.083s] -- Up-to-date: /home/maizaied03/ros2_ws/install/px4_msgs/include/px4_msgs/px4_msgs/msg/detail/rover_attitude_setpoint__struct.h
[9.083s] -- Up-to-date: /home/maizaied03/ros2_ws/install/px4_msgs/include/px4_msgs/px4_msgs/msg/detail/mission_result__functions.h
[9.084s] -- Up-to-date: /home/maizaied03/ros2_ws/install/px4_msgs/include/px4_msgs/px4_msgs/msg/detail/message_format_request__struct.h
[9.084s] -- Up-to-date: /home/maizaied03/ros2_ws/install/px4_msgs/include/px4_msgs/px4_msgs/msg/detail/config_overrides__functions.c
[9.084s] -- Up-to-date: /home/maizaied03/ros2_ws/install/px4_msgs/include/px4_msgs/px4_msgs/msg/detail/cellular_status__functions.h
[9.084s] -- Up-to-date: /home/maizaied03/ros2_ws/install/px4_msgs/include/px4_msgs/px4_msgs/msg/detail/button_event__type_support.h
[9.084s] -- Up-to-date: /home/maizaied03/ros2_ws/install/px4_msgs/include/px4_msgs/px4_msgs/msg/detail/normalized_unsigned_setpoint__type_support.h
[9.084s] -- Up-to-date: /home/maizaied03/ros2_ws/install/px4_msgs/include/px4_msgs/px4_msgs/msg/detail/actuator_armed__struct.h
[9.084s] -- Up-to-date: /home/maizaied03/ros2_ws/install/px4_msgs/include/px4_msgs/px4_msgs/msg/detail/actuator_outputs__struct.h
[9.084s] -- Up-to-date: /home/maizaied03/ros2_ws/install/px4_msgs/include/px4_msgs/px4_msgs/msg/detail/camera_status__functions.c
[9.084s] -- Up-to-date: /home/maizaied03/ros2_ws/install/px4_msgs/include/px4_msgs/px4_msgs/msg/detail/distance_sensor__functions.h
[9.084s] -- Up-to-date: /home/maizaied03/ros2_ws/install/px4_msgs/include/px4_msgs/px4_msgs/msg/detail/sensor_accel_fifo__struct.h
[9.084s] -- Up-to-date: /home/maizaied03/ros2_ws/install/px4_msgs/include/px4_msgs/px4_msgs/msg/detail/rover_rate_status__type_support.h
[9.084s] -- Up-to-date: /home/maizaied03/ros2_ws/install/px4_msgs/include/px4_msgs/px4_msgs/msg/detail/cpuload__struct.h
[9.085s] -- Up-to-date: /home/maizaied03/ros2_ws/install/px4_msgs/include/px4_msgs/px4_msgs/msg/detail/trajectory_setpoint__struct.h
[9.085s] -- Up-to-date: /home/maizaied03/ros2_ws/install/px4_msgs/include/px4_msgs/px4_msgs/msg/detail/camera_capture__functions.h
[9.085s] -- Up-to-date: /home/maizaied03/ros2_ws/install/px4_msgs/include/px4_msgs/px4_msgs/msg/detail/landing_gear_wheel__type_support.h
[9.085s] -- Up-to-date: /home/maizaied03/ros2_ws/install/px4_msgs/include/px4_msgs/px4_msgs/msg/detail/estimator_aid_source3d__functions.h
[9.085s] -- Up-to-date: /home/maizaied03/ros2_ws/install/px4_msgs/include/px4_msgs/px4_msgs/msg/detail/airspeed_wind__functions.h
[9.085s] -- Up-to-date: /home/maizaied03/ros2_ws/install/px4_msgs/include/px4_msgs/px4_msgs/msg/detail/vehicle_optical_flow_vel__functions.c
[9.085s] -- Up-to-date: /home/maizaied03/ros2_ws/install/px4_msgs/include/px4_msgs/px4_msgs/msg/detail/vehicle_imu_status__functions.c
[9.085s] -- Up-to-date: /home/maizaied03/ros2_ws/install/px4_msgs/include/px4_msgs/px4_msgs/msg/detail/sensor_gnss_relative__type_support.h
[9.085s] -- Up-to-date: /home/maizaied03/ros2_ws/install/px4_msgs/include/px4_msgs/px4_msgs/msg/detail/sensor_gnss_relative__functions.c
[9.085s] -- Up-to-date: /home/maizaied03/ros2_ws/install/px4_msgs/include/px4_msgs/px4_msgs/msg/detail/sensor_correction__type_support.h
[9.086s] -- Up-to-date: /home/maizaied03/ros2_ws/install/px4_msgs/include/px4_msgs/px4_msgs/msg/detail/open_drone_id_operator_id__functions.c
[9.086s] -- Up-to-date: /home/maizaied03/ros2_ws/install/px4_msgs/include/px4_msgs/px4_msgs/msg/detail/geofence_result__functions.h
[9.086s] -- Up-to-date: /home/maizaied03/ros2_ws/install/px4_msgs/include/px4_msgs/px4_msgs/msg/detail/mavlink_tunnel__type_support.h
[9.086s] -- Up-to-date: /home/maizaied03/ros2_ws/install/px4_msgs/include/px4_msgs/px4_msgs/msg/detail/estimator_aid_source3d__struct.h
[9.086s] -- Up-to-date: /home/maizaied03/ros2_ws/install/px4_msgs/include/px4_msgs/px4_msgs/msg/detail/radio_status__functions.h
[9.086s] -- Up-to-date: /home/maizaied03/ros2_ws/install/px4_msgs/include/px4_msgs/px4_msgs/msg/detail/vehicle_global_position__functions.h
[9.086s] -- Up-to-date: /home/maizaied03/ros2_ws/install/px4_msgs/include/px4_msgs/px4_msgs/msg/detail/follow_target_estimator__struct.h
[9.086s] -- Up-to-date: /home/maizaied03/ros2_ws/install/px4_msgs/include/px4_msgs/px4_msgs/msg/detail/gimbal_device_information__functions.h
[9.086s] -- Up-to-date: /home/maizaied03/ros2_ws/install/px4_msgs/include/px4_msgs/px4_msgs/msg/detail/vehicle_local_position_setpoint__type_support.h
[9.086s] -- Up-to-date: /home/maizaied03/ros2_ws/install/px4_msgs/include/px4_msgs/px4_msgs/msg/detail/gimbal_device_set_attitude__functions.c
[9.086s] -- Up-to-date: /home/maizaied03/ros2_ws/install/px4_msgs/include/px4_msgs/px4_msgs/msg/detail/raptor_input__type_support.h
[9.087s] -- Up-to-date: /home/maizaied03/ros2_ws/install/px4_msgs/include/px4_msgs/px4_msgs/msg/detail/takeoff_status__type_support.h
[9.087s] -- Up-to-date: /home/maizaied03/ros2_ws/install/px4_msgs/include/px4_msgs/px4_msgs/msg/detail/orbit_status__struct.h
[9.087s] -- Up-to-date: /home/maizaied03/ros2_ws/install/px4_msgs/include/px4_msgs/px4_msgs/msg/detail/led_control__type_support.h
[9.087s] -- Up-to-date: /home/maizaied03/ros2_ws/install/px4_msgs/include/px4_msgs/px4_msgs/msg/detail/logger_status__type_support.h
[9.087s] -- Up-to-date: /home/maizaied03/ros2_ws/install/px4_msgs/include/px4_msgs/px4_msgs/msg/detail/vtol_vehicle_status__functions.h
[9.087s] -- Up-to-date: /home/maizaied03/ros2_ws/install/px4_msgs/include/px4_msgs/px4_msgs/msg/detail/ulog_stream__type_support.h
[9.087s] -- Up-to-date: /home/maizaied03/ros2_ws/install/px4_msgs/include/px4_msgs/px4_msgs/msg/detail/fixed_wing_lateral_guidance_status__struct.h
[9.087s] -- Up-to-date: /home/maizaied03/ros2_ws/install/px4_msgs/include/px4_msgs/px4_msgs/msg/detail/vehicle_command__functions.c
[9.087s] -- Up-to-date: /home/maizaied03/ros2_ws/install/px4_msgs/include/px4_msgs/px4_msgs/msg/detail/dataman_request__type_support.h
[9.087s] -- Up-to-date: /home/maizaied03/ros2_ws/install/px4_msgs/include/px4_msgs/px4_msgs/msg/detail/gpio_config__struct.h
[9.087s] -- Up-to-date: /home/maizaied03/ros2_ws/install/px4_msgs/include/px4_msgs/px4_msgs/msg/detail/estimator_selector_status__functions.c
[9.087s] -- Up-to-date: /home/maizaied03/ros2_ws/install/px4_msgs/include/px4_msgs/px4_msgs/msg/detail/fixed_wing_lateral_status__struct.h
[9.088s] -- Up-to-date: /home/maizaied03/ros2_ws/install/px4_msgs/include/px4_msgs/px4_msgs/msg/detail/raptor_input__struct.h
[9.088s] -- Up-to-date: /home/maizaied03/ros2_ws/install/px4_msgs/include/px4_msgs/px4_msgs/msg/detail/trajectory_setpoint__type_support.h
[9.088s] -- Up-to-date: /home/maizaied03/ros2_ws/install/px4_msgs/include/px4_msgs/px4_msgs/msg/detail/timesync_status__functions.h
[9.088s] -- Up-to-date: /home/maizaied03/ros2_ws/install/px4_msgs/include/px4_msgs/px4_msgs/msg/detail/dataman_response__type_support.h
[9.088s] -- Up-to-date: /home/maizaied03/ros2_ws/install/px4_msgs/include/px4_msgs/px4_msgs/msg/detail/gimbal_manager_information__functions.h
[9.088s] -- Up-to-date: /home/maizaied03/ros2_ws/install/px4_msgs/include/px4_msgs/px4_msgs/msg/detail/fixed_wing_lateral_setpoint__functions.h
[9.088s] -- Up-to-date: /home/maizaied03/ros2_ws/install/px4_msgs/include/px4_msgs/px4_msgs/msg/detail/ulog_stream__struct.h
[9.088s] -- Up-to-date: /home/maizaied03/ros2_ws/install/px4_msgs/include/px4_msgs/px4_msgs/msg/detail/actuator_outputs__functions.h
[9.088s] -- Up-to-date: /home/maizaied03/ros2_ws/install/px4_msgs/include/px4_msgs/px4_msgs/msg/detail/geofence_status__functions.c
[9.088s] -- Up-to-date: /home/maizaied03/ros2_ws/install/px4_msgs/include/px4_msgs/px4_msgs/msg/detail/gpio_request__type_support.h
[9.089s] -- Up-to-date: /home/maizaied03/ros2_ws/install/px4_msgs/include/px4_msgs/px4_msgs/msg/detail/collision_constraints__struct.h
[9.089s] -- Up-to-date: /home/maizaied03/ros2_ws/install/px4_msgs/include/px4_msgs/px4_msgs/msg/detail/magnetometer_bias_estimate__type_support.h
[9.089s] -- Up-to-date: /home/maizaied03/ros2_ws/install/px4_msgs/include/px4_msgs/px4_msgs/msg/detail/vehicle_rates_setpoint__type_support.h
[9.089s] -- Up-to-date: /home/maizaied03/ros2_ws/install/px4_msgs/include/px4_msgs/px4_msgs/msg/detail/logger_status__functions.c
[9.089s] -- Up-to-date: /home/maizaied03/ros2_ws/install/px4_msgs/include/px4_msgs/px4_msgs/msg/detail/message_format_response__struct.h
[9.089s] -- Up-to-date: /home/maizaied03/ros2_ws/install/px4_msgs/include/px4_msgs/px4_msgs/msg/detail/sensor_airflow__functions.c
[9.089s] -- Up-to-date: /home/maizaied03/ros2_ws/install/px4_msgs/include/px4_msgs/px4_msgs/msg/detail/adc_report__struct.h
[9.089s] -- Up-to-date: /home/maizaied03/ros2_ws/install/px4_msgs/include/px4_msgs/px4_msgs/msg/detail/timesync_status__type_support.h
[9.089s] -- Up-to-date: /home/maizaied03/ros2_ws/install/px4_msgs/include/px4_msgs/px4_msgs/msg/detail/obstacle_distance__type_support.h
[9.089s] -- Up-to-date: /home/maizaied03/ros2_ws/install/px4_msgs/include/px4_msgs/px4_msgs/msg/detail/gripper__type_support.h
[9.089s] -- Up-to-date: /home/maizaied03/ros2_ws/install/px4_msgs/include/px4_msgs/px4_msgs/msg/detail/fixed_wing_lateral_status__functions.c
[9.089s] -- Up-to-date: /home/maizaied03/ros2_ws/install/px4_msgs/include/px4_msgs/px4_msgs/msg/detail/camera_capture__struct.h
[9.090s] -- Up-to-date: /home/maizaied03/ros2_ws/install/px4_msgs/include/px4_msgs/px4_msgs/msg/detail/sensor_accel_fifo__functions.c
[9.090s] -- Up-to-date: /home/maizaied03/ros2_ws/install/px4_msgs/include/px4_msgs/px4_msgs/msg/detail/sensor_gps__functions.c
[9.090s] -- Up-to-date: /home/maizaied03/ros2_ws/install/px4_msgs/include/px4_msgs/px4_msgs/msg/detail/rc_channels__type_support.h
[9.090s] -- Up-to-date: /home/maizaied03/ros2_ws/install/px4_msgs/include/px4_msgs/px4_msgs/msg/detail/power_monitor__functions.h
[9.090s] -- Up-to-date: /home/maizaied03/ros2_ws/install/px4_msgs/include/px4_msgs/px4_msgs/msg/detail/gpio_in__type_support.h
[9.090s] -- Up-to-date: /home/maizaied03/ros2_ws/install/px4_msgs/include/px4_msgs/px4_msgs/msg/detail/parameter_set_used_request__struct.h
[9.090s] -- Up-to-date: /home/maizaied03/ros2_ws/install/px4_msgs/include/px4_msgs/px4_msgs/msg/detail/rover_speed_status__functions.h
[9.090s] -- Up-to-date: /home/maizaied03/ros2_ws/install/px4_msgs/include/px4_msgs/px4_msgs/msg/detail/rtl_status__functions.c
[9.090s] -- Up-to-date: /home/maizaied03/ros2_ws/install/px4_msgs/include/px4_msgs/px4_msgs/msg/detail/goto_setpoint__functions.h
[9.090s] -- Up-to-date: /home/maizaied03/ros2_ws/install/px4_msgs/include/px4_msgs/px4_msgs/msg/detail/adc_report__functions.c
[9.090s] -- Up-to-date: /home/maizaied03/ros2_ws/install/px4_msgs/include/px4_msgs/px4_msgs/msg/detail/distance_sensor_mode_change_request__functions.c
[9.091s] -- Up-to-date: /home/maizaied03/ros2_ws/install/px4_msgs/include/px4_msgs/px4_msgs/msg/detail/lateral_control_configuration__type_support.h
[9.091s] -- Up-to-date: /home/maizaied03/ros2_ws/install/px4_msgs/include/px4_msgs/px4_msgs/msg/detail/debug_key_value__type_support.h
[9.091s] -- Up-to-date: /home/maizaied03/ros2_ws/install/px4_msgs/include/px4_msgs/px4_msgs/msg/detail/rtl_status__struct.h
[9.091s] -- Up-to-date: /home/maizaied03/ros2_ws/install/px4_msgs/include/px4_msgs/px4_msgs/msg/detail/hover_thrust_estimate__functions.h
[9.091s] -- Up-to-date: /home/maizaied03/ros2_ws/install/px4_msgs/include/px4_msgs/px4_msgs/msg/detail/satellite_info__functions.c
[9.091s] -- Up-to-date: /home/maizaied03/ros2_ws/install/px4_msgs/include/px4_msgs/px4_msgs/msg/detail/normalized_unsigned_setpoint__struct.h
[9.091s] -- Up-to-date: /home/maizaied03/ros2_ws/install/px4_msgs/include/px4_msgs/px4_msgs/msg/detail/gimbal_controls__functions.c
[9.091s] -- Up-to-date: /home/maizaied03/ros2_ws/install/px4_msgs/include/px4_msgs/px4_msgs/msg/detail/unregister_ext_component__functions.h
[9.091s] -- Up-to-date: /home/maizaied03/ros2_ws/install/px4_msgs/include/px4_msgs/px4_msgs/msg/detail/vehicle_command_ack__type_support.h
[9.091s] -- Up-to-date: /home/maizaied03/ros2_ws/install/px4_msgs/include/px4_msgs/px4_msgs/msg/detail/vehicle_attitude_setpoint__functions.h
[9.092s] -- Up-to-date: /home/maizaied03/ros2_ws/install/px4_msgs/include/px4_msgs/px4_msgs/msg/detail/neural_control__functions.h
[9.092s] -- Up-to-date: /home/maizaied03/ros2_ws/install/px4_msgs/include/px4_msgs/px4_msgs/msg/detail/vehicle_optical_flow__functions.h
[9.092s] -- Up-to-date: /home/maizaied03/ros2_ws/install/px4_msgs/include/px4_msgs/px4_msgs/msg/detail/sensor_combined__type_support.h
[9.092s] -- Up-to-date: /home/maizaied03/ros2_ws/install/px4_msgs/include/px4_msgs/px4_msgs/msg/detail/estimator_aid_source2d__functions.c
[9.092s] -- Up-to-date: /home/maizaied03/ros2_ws/install/px4_msgs/include/px4_msgs/px4_msgs/msg/detail/landing_gear_wheel__struct.h
[9.092s] -- Up-to-date: /home/maizaied03/ros2_ws/install/px4_msgs/include/px4_msgs/px4_msgs/msg/detail/rover_throttle_setpoint__struct.h
[9.092s] -- Up-to-date: /home/maizaied03/ros2_ws/install/px4_msgs/include/px4_msgs/px4_msgs/msg/detail/vehicle_air_data__struct.h
[9.092s] -- Up-to-date: /home/maizaied03/ros2_ws/install/px4_msgs/include/px4_msgs/px4_msgs/msg/detail/vehicle_optical_flow__type_support.h
[9.092s] -- Up-to-date: /home/maizaied03/ros2_ws/install/px4_msgs/include/px4_msgs/px4_msgs/msg/detail/irlock_report__functions.h
[9.092s] -- Up-to-date: /home/maizaied03/ros2_ws/install/px4_msgs/include/px4_msgs/px4_msgs/msg/detail/ulog_stream__functions.c
[9.092s] -- Up-to-date: /home/maizaied03/ros2_ws/install/px4_msgs/include/px4_msgs/px4_msgs/msg/detail/raptor_status__functions.c
[9.092s] -- Up-to-date: /home/maizaied03/ros2_ws/install/px4_msgs/include/px4_msgs/px4_msgs/msg/detail/uavcan_parameter_value__functions.c
[9.092s] -- Up-to-date: /home/maizaied03/ros2_ws/install/px4_msgs/include/px4_msgs/px4_msgs/msg/detail/vehicle_status__struct.h
[9.093s] -- Up-to-date: /home/maizaied03/ros2_ws/install/px4_msgs/include/px4_msgs/px4_msgs/msg/detail/gps_inject_data__struct.h
[9.093s] -- Up-to-date: /home/maizaied03/ros2_ws/install/px4_msgs/include/px4_msgs/px4_msgs/msg/detail/rover_speed_setpoint__functions.c
[9.093s] -- Up-to-date: /home/maizaied03/ros2_ws/install/px4_msgs/include/px4_msgs/px4_msgs/msg/detail/rc_channels__struct.h
[9.093s] -- Up-to-date: /home/maizaied03/ros2_ws/install/px4_msgs/include/px4_msgs/px4_msgs/msg/detail/estimator_gps_status__functions.c
[9.093s] -- Up-to-date: /home/maizaied03/ros2_ws/install/px4_msgs/include/px4_msgs/px4_msgs/msg/detail/raptor_input__functions.h
[9.093s] -- Up-to-date: /home/maizaied03/ros2_ws/install/px4_msgs/include/px4_msgs/px4_msgs/msg/detail/register_ext_component_reply__type_support.h
[9.093s] -- Up-to-date: /home/maizaied03/ros2_ws/install/px4_msgs/include/px4_msgs/px4_msgs/msg/detail/manual_control_switches__struct.h
[9.093s] -- Up-to-date: /home/maizaied03/ros2_ws/install/px4_msgs/include/px4_msgs/px4_msgs/msg/detail/vehicle_imu__functions.c
[9.093s] -- Up-to-date: /home/maizaied03/ros2_ws/install/px4_msgs/include/px4_msgs/px4_msgs/msg/detail/estimator_states__functions.c
[9.093s] -- Up-to-date: /home/maizaied03/ros2_ws/install/px4_msgs/include/px4_msgs/px4_msgs/msg/detail/parameter_set_value_request__struct.h
[9.093s] -- Up-to-date: /home/maizaied03/ros2_ws/install/px4_msgs/include/px4_msgs/px4_msgs/msg/detail/gpio_config__functions.h
[9.093s] -- Up-to-date: /home/maizaied03/ros2_ws/install/px4_msgs/include/px4_msgs/px4_msgs/msg/detail/fixed_wing_lateral_setpoint__functions.c
[9.093s] -- Up-to-date: /home/maizaied03/ros2_ws/install/px4_msgs/include/px4_msgs/px4_msgs/msg/detail/uavcan_parameter_value__functions.h
[9.094s] -- Up-to-date: /home/maizaied03/ros2_ws/install/px4_msgs/include/px4_msgs/px4_msgs/msg/detail/mavlink_log__type_support.h
[9.094s] -- Up-to-date: /home/maizaied03/ros2_ws/install/px4_msgs/include/px4_msgs/px4_msgs/msg/detail/gain_compression__functions.c
[9.094s] -- Up-to-date: /home/maizaied03/ros2_ws/install/px4_msgs/include/px4_msgs/px4_msgs/msg/detail/sensor_gnss_relative__functions.h
[9.094s] -- Up-to-date: /home/maizaied03/ros2_ws/install/px4_msgs/include/px4_msgs/px4_msgs/msg/detail/navigator_status__functions.h
[9.094s] -- Up-to-date: /home/maizaied03/ros2_ws/install/px4_msgs/include/px4_msgs/px4_msgs/msg/detail/vehicle_imu_status__struct.h
[9.094s] -- Up-to-date: /home/maizaied03/ros2_ws/install/px4_msgs/include/px4_msgs/px4_msgs/msg/detail/sensor_optical_flow__functions.c
[9.094s] -- Up-to-date: /home/maizaied03/ros2_ws/install/px4_msgs/include/px4_msgs/px4_msgs/msg/detail/vehicle_air_data__functions.h
[9.094s] -- Up-to-date: /home/maizaied03/ros2_ws/install/px4_msgs/include/px4_msgs/px4_msgs/msg/detail/gimbal_manager_information__functions.c
[9.094s] -- Up-to-date: /home/maizaied03/ros2_ws/install/px4_msgs/include/px4_msgs/px4_msgs/msg/detail/pwm_input__functions.h
[9.094s] -- Up-to-date: /home/maizaied03/ros2_ws/install/px4_msgs/include/px4_msgs/px4_msgs/msg/detail/iridiumsbd_status__functions.h
[9.094s] -- Up-to-date: /home/maizaied03/ros2_ws/install/px4_msgs/include/px4_msgs/px4_msgs/msg/detail/vehicle_status__functions.c
[9.094s] -- Up-to-date: /home/maizaied03/ros2_ws/install/px4_msgs/include/px4_msgs/px4_msgs/msg/detail/arming_check_request__type_support.h
[9.094s] -- Up-to-date: /home/maizaied03/ros2_ws/install/px4_msgs/include/px4_msgs/px4_msgs/msg/detail/position_setpoint_triplet__struct.h
[9.095s] -- Up-to-date: /home/maizaied03/ros2_ws/install/px4_msgs/include/px4_msgs/px4_msgs/msg/detail/fixed_wing_lateral_status__functions.h
[9.095s] -- Up-to-date: /home/maizaied03/ros2_ws/install/px4_msgs/include/px4_msgs/px4_msgs/msg/detail/mode_completed__type_support.h
[9.095s] -- Up-to-date: /home/maizaied03/ros2_ws/install/px4_msgs/include/px4_msgs/px4_msgs/msg/detail/vehicle_torque_setpoint__functions.c
[9.095s] -- Up-to-date: /home/maizaied03/ros2_ws/install/px4_msgs/include/px4_msgs/px4_msgs/msg/detail/gimbal_manager_status__functions.h
[9.095s] -- Up-to-date: /home/maizaied03/ros2_ws/install/px4_msgs/include/px4_msgs/px4_msgs/msg/detail/mission__struct.h
[9.095s] -- Up-to-date: /home/maizaied03/ros2_ws/install/px4_msgs/include/px4_msgs/px4_msgs/msg/detail/sensor_gyro_fifo__type_support.h
[9.095s] -- Up-to-date: /home/maizaied03/ros2_ws/install/px4_msgs/include/px4_msgs/px4_msgs/msg/detail/tecs_status__struct.h
[9.095s] -- Up-to-date: /home/maizaied03/ros2_ws/install/px4_msgs/include/px4_msgs/px4_msgs/msg/detail/offboard_control_mode__type_support.h
[9.095s] -- Up-to-date: /home/maizaied03/ros2_ws/install/px4_msgs/include/px4_msgs/px4_msgs/msg/detail/collision_constraints__functions.h
[9.095s] -- Up-to-date: /home/maizaied03/ros2_ws/install/px4_msgs/include/px4_msgs/px4_msgs/msg/detail/vehicle_odometry__type_support.h
[9.095s] -- Up-to-date: /home/maizaied03/ros2_ws/install/px4_msgs/include/px4_msgs/px4_msgs/msg/detail/sensor_accel__struct.h
[9.095s] -- Up-to-date: /home/maizaied03/ros2_ws/install/px4_msgs/include/px4_msgs/px4_msgs/msg/detail/sensor_preflight_mag__type_support.h
[9.095s] -- Up-to-date: /home/maizaied03/ros2_ws/install/px4_msgs/include/px4_msgs/px4_msgs/msg/detail/vehicle_optical_flow_vel__functions.h
[9.095s] -- Up-to-date: /home/maizaied03/ros2_ws/install/px4_msgs/include/px4_msgs/px4_msgs/msg/detail/lateral_control_configuration__struct.h
[9.096s] -- Up-to-date: /home/maizaied03/ros2_ws/install/px4_msgs/include/px4_msgs/px4_msgs/msg/detail/parameter_update__type_support.h
[9.096s] -- Up-to-date: /home/maizaied03/ros2_ws/install/px4_msgs/include/px4_msgs/px4_msgs/msg/detail/rate_ctrl_status__struct.h
[9.096s] -- Up-to-date: /home/maizaied03/ros2_ws/install/px4_msgs/include/px4_msgs/px4_msgs/msg/detail/airspeed_validated__struct.h
[9.096s] -- Up-to-date: /home/maizaied03/ros2_ws/install/px4_msgs/include/px4_msgs/px4_msgs/msg/detail/orb_test_medium__struct.h
[9.096s] -- Up-to-date: /home/maizaied03/ros2_ws/install/px4_msgs/include/px4_msgs/px4_msgs/msg/detail/vehicle_command__type_support.h
[9.096s] -- Up-to-date: /home/maizaied03/ros2_ws/install/px4_msgs/include/px4_msgs/px4_msgs/msg/detail/camera_trigger__functions.h
[9.096s] -- Up-to-date: /home/maizaied03/ros2_ws/install/px4_msgs/include/px4_msgs/px4_msgs/msg/detail/rover_throttle_setpoint__type_support.h
[9.096s] -- Up-to-date: /home/maizaied03/ros2_ws/install/px4_msgs/include/px4_msgs/px4_msgs/msg/detail/system_power__type_support.h
[9.096s] -- Up-to-date: /home/maizaied03/ros2_ws/install/px4_msgs/include/px4_msgs/px4_msgs/msg/detail/mount_orientation__struct.h
[9.096s] -- Up-to-date: /home/maizaied03/ros2_ws/install/px4_msgs/include/px4_msgs/px4_msgs/msg/detail/transponder_report__functions.c
[9.096s] -- Up-to-date: /home/maizaied03/ros2_ws/install/px4_msgs/include/px4_msgs/px4_msgs/msg/detail/open_drone_id_self_id__functions.c
[9.096s] -- Up-to-date: /home/maizaied03/ros2_ws/install/px4_msgs/include/px4_msgs/px4_msgs/msg/detail/position_controller_landing_status__struct.h
[9.097s] -- Up-to-date: /home/maizaied03/ros2_ws/install/px4_msgs/include/px4_msgs/px4_msgs/msg/detail/battery_status__functions.c
[9.097s] -- Up-to-date: /home/maizaied03/ros2_ws/install/px4_msgs/include/px4_msgs/px4_msgs/msg/detail/debug_vect__functions.h
[9.097s] -- Up-to-date: /home/maizaied03/ros2_ws/install/px4_msgs/include/px4_msgs/px4_msgs/msg/detail/timesync_status__struct.h
[9.097s] -- Up-to-date: /home/maizaied03/ros2_ws/install/px4_msgs/include/px4_msgs/px4_msgs/msg/detail/estimator_bias3d__type_support.h
[9.097s] -- Up-to-date: /home/maizaied03/ros2_ws/install/px4_msgs/include/px4_msgs/px4_msgs/msg/detail/cpuload__type_support.h
[9.097s] -- Up-to-date: /home/maizaied03/ros2_ws/install/px4_msgs/include/px4_msgs/px4_msgs/msg/detail/sensors_status_imu__functions.h
[9.097s] -- Up-to-date: /home/maizaied03/ros2_ws/install/px4_msgs/include/px4_msgs/px4_msgs/msg/detail/sensor_gnss_status__functions.c
[9.097s] -- Up-to-date: /home/maizaied03/ros2_ws/install/px4_msgs/include/px4_msgs/px4_msgs/msg/detail/gimbal_manager_status__type_support.h
[9.097s] -- Up-to-date: /home/maizaied03/ros2_ws/install/px4_msgs/include/px4_msgs/px4_msgs/msg/detail/dronecan_node_status__functions.h
[9.097s] -- Up-to-date: /home/maizaied03/ros2_ws/install/px4_msgs/include/px4_msgs/px4_msgs/msg/detail/position_setpoint_triplet__functions.c
[9.097s] -- Up-to-date: /home/maizaied03/ros2_ws/install/px4_msgs/include/px4_msgs/px4_msgs/msg/detail/sensor_airflow__struct.h
[9.097s] -- Up-to-date: /home/maizaied03/ros2_ws/install/px4_msgs/include/px4_msgs/px4_msgs/msg/detail/vehicle_command_ack__functions.c
[9.097s] -- Up-to-date: /home/maizaied03/ros2_ws/install/px4_msgs/include/px4_msgs/px4_msgs/msg/detail/config_overrides__struct.h
[9.098s] -- Up-to-date: /home/maizaied03/ros2_ws/install/px4_msgs/include/px4_msgs/px4_msgs/msg/detail/dronecan_node_status__struct.h
[9.098s] -- Up-to-date: /home/maizaied03/ros2_ws/install/px4_msgs/include/px4_msgs/px4_msgs/msg/detail/rover_speed_status__functions.c
[9.098s] -- Up-to-date: /home/maizaied03/ros2_ws/install/px4_msgs/include/px4_msgs/px4_msgs/msg/detail/rate_ctrl_status__type_support.h
[9.098s] -- Up-to-date: /home/maizaied03/ros2_ws/install/px4_msgs/include/px4_msgs/px4_msgs/msg/detail/sensor_accel__type_support.h
[9.098s] -- Up-to-date: /home/maizaied03/ros2_ws/install/px4_msgs/include/px4_msgs/px4_msgs/msg/detail/raptor_status__type_support.h
[9.098s] -- Up-to-date: /home/maizaied03/ros2_ws/install/px4_msgs/include/px4_msgs/px4_msgs/msg/detail/event__functions.c
[9.098s] -- Up-to-date: /home/maizaied03/ros2_ws/install/px4_msgs/include/px4_msgs/px4_msgs/msg/detail/vehicle_odometry__functions.c
[9.098s] -- Up-to-date: /home/maizaied03/ros2_ws/install/px4_msgs/include/px4_msgs/px4_msgs/msg/detail/vehicle_thrust_setpoint__functions.c
[9.098s] -- Up-to-date: /home/maizaied03/ros2_ws/install/px4_msgs/include/px4_msgs/px4_msgs/msg/detail/position_setpoint_triplet__functions.h
[9.098s] -- Up-to-date: /home/maizaied03/ros2_ws/install/px4_msgs/include/px4_msgs/px4_msgs/msg/detail/yaw_estimator_status__functions.c
[9.098s] -- Up-to-date: /home/maizaied03/ros2_ws/install/px4_msgs/include/px4_msgs/px4_msgs/msg/detail/open_drone_id_operator_id__functions.h
[9.098s] -- Up-to-date: /home/maizaied03/ros2_ws/install/px4_msgs/include/px4_msgs/px4_msgs/msg/detail/uavcan_parameter_request__functions.c
[9.098s] -- Up-to-date: /home/maizaied03/ros2_ws/install/px4_msgs/include/px4_msgs/px4_msgs/msg/detail/vehicle_roi__functions.h
[9.098s] -- Up-to-date: /home/maizaied03/ros2_ws/install/px4_msgs/include/px4_msgs/px4_msgs/msg/detail/orb_test__functions.c
[9.098s] -- Up-to-date: /home/maizaied03/ros2_ws/install/px4_msgs/include/px4_msgs/px4_msgs/msg/detail/uavcan_parameter_request__type_support.h
[9.098s] -- Up-to-date: /home/maizaied03/ros2_ws/install/px4_msgs/include/px4_msgs/px4_msgs/msg/detail/dataman_request__functions.c
[9.099s] -- Up-to-date: /home/maizaied03/ros2_ws/install/px4_msgs/include/px4_msgs/px4_msgs/msg/detail/gripper__struct.h
[9.099s] -- Up-to-date: /home/maizaied03/ros2_ws/install/px4_msgs/include/px4_msgs/px4_msgs/msg/detail/vehicle_optical_flow__struct.h
[9.099s] -- Up-to-date: /home/maizaied03/ros2_ws/install/px4_msgs/include/px4_msgs/px4_msgs/msg/detail/actuator_test__functions.h
[9.099s] -- Up-to-date: /home/maizaied03/ros2_ws/install/px4_msgs/include/px4_msgs/px4_msgs/msg/detail/gimbal_device_attitude_status__functions.h
[9.099s] -- Up-to-date: /home/maizaied03/ros2_ws/install/px4_msgs/include/px4_msgs/px4_msgs/msg/detail/longitudinal_control_configuration__functions.h
[9.099s] -- Up-to-date: /home/maizaied03/ros2_ws/install/px4_msgs/include/px4_msgs/px4_msgs/msg/detail/gimbal_manager_set_attitude__functions.c
[9.099s] -- Up-to-date: /home/maizaied03/ros2_ws/install/px4_msgs/include/px4_msgs/px4_msgs/msg/detail/sensor_optical_flow__type_support.h
[9.099s] -- Up-to-date: /home/maizaied03/ros2_ws/install/px4_msgs/include/px4_msgs/px4_msgs/msg/detail/rover_speed_setpoint__type_support.h
[9.099s] -- Up-to-date: /home/maizaied03/ros2_ws/install/px4_msgs/include/px4_msgs/px4_msgs/msg/detail/internal_combustion_engine_control__functions.c
[9.099s] -- Up-to-date: /home/maizaied03/ros2_ws/install/px4_msgs/include/px4_msgs/px4_msgs/msg/detail/sensor_gnss_status__struct.h
[9.099s] -- Up-to-date: /home/maizaied03/ros2_ws/install/px4_msgs/include/px4_msgs/px4_msgs/msg/detail/register_ext_component_reply__functions.c
[9.099s] -- Up-to-date: /home/maizaied03/ros2_ws/install/px4_msgs/include/px4_msgs/px4_msgs/msg/detail/sensors_status_imu__type_support.h
[9.099s] -- Up-to-date: /home/maizaied03/ros2_ws/install/px4_msgs/include/px4_msgs/px4_msgs/msg/detail/wheel_encoders__type_support.h
[9.099s] -- Up-to-date: /home/maizaied03/ros2_ws/install/px4_msgs/include/px4_msgs/px4_msgs/msg/detail/trajectory_setpoint6dof__struct.h
[9.099s] -- Up-to-date: /home/maizaied03/ros2_ws/install/px4_msgs/include/px4_msgs/px4_msgs/msg/detail/distance_sensor_mode_change_request__struct.h
[9.100s] -- Up-to-date: /home/maizaied03/ros2_ws/install/px4_msgs/include/px4_msgs/px4_msgs/msg/detail/manual_control_switches__functions.h
[9.100s] -- Up-to-date: /home/maizaied03/ros2_ws/install/px4_msgs/include/px4_msgs/px4_msgs/msg/detail/logger_status__struct.h
[9.100s] -- Up-to-date: /home/maizaied03/ros2_ws/install/px4_msgs/include/px4_msgs/px4_msgs/msg/detail/sensor_mag__type_support.h
[9.100s] -- Up-to-date: /home/maizaied03/ros2_ws/install/px4_msgs/include/px4_msgs/px4_msgs/msg/detail/estimator_aid_source3d__functions.c
[9.100s] -- Up-to-date: /home/maizaied03/ros2_ws/install/px4_msgs/include/px4_msgs/px4_msgs/msg/detail/health_report__functions.h
[9.100s] -- Up-to-date: /home/maizaied03/ros2_ws/install/px4_msgs/include/px4_msgs/px4_msgs/msg/detail/vehicle_acceleration__type_support.h
[9.100s] -- Up-to-date: /home/maizaied03/ros2_ws/install/px4_msgs/include/px4_msgs/px4_msgs/msg/detail/estimator_status_flags__type_support.h
[9.100s] -- Up-to-date: /home/maizaied03/ros2_ws/install/px4_msgs/include/px4_msgs/px4_msgs/msg/detail/rc_parameter_map__type_support.h
[9.100s] -- Up-to-date: /home/maizaied03/ros2_ws/install/px4_msgs/include/px4_msgs/px4_msgs/msg/detail/gimbal_device_set_attitude__struct.h
[9.100s] -- Up-to-date: /home/maizaied03/ros2_ws/install/px4_msgs/include/px4_msgs/px4_msgs/msg/detail/vehicle_imu_status__functions.h
[9.100s] -- Up-to-date: /home/maizaied03/ros2_ws/install/px4_msgs/include/px4_msgs/px4_msgs/msg/detail/task_stack_info__type_support.h
[9.100s] -- Up-to-date: /home/maizaied03/ros2_ws/install/px4_msgs/include/px4_msgs/px4_msgs/msg/detail/open_drone_id_system__functions.c
[9.100s] -- Up-to-date: /home/maizaied03/ros2_ws/install/px4_msgs/include/px4_msgs/px4_msgs/msg/detail/autotune_attitude_control_status__functions.c
[9.100s] -- Up-to-date: /home/maizaied03/ros2_ws/install/px4_msgs/include/px4_msgs/px4_msgs/msg/detail/trajectory_setpoint6dof__functions.h
[9.100s] -- Up-to-date: /home/maizaied03/ros2_ws/install/px4_msgs/include/px4_msgs/px4_msgs/msg/detail/landing_target_pose__functions.c
[9.101s] -- Up-to-date: /home/maizaied03/ros2_ws/install/px4_msgs/include/px4_msgs/px4_msgs/msg/detail/ulog_stream_ack__functions.h
[9.101s] -- Up-to-date: /home/maizaied03/ros2_ws/install/px4_msgs/include/px4_msgs/px4_msgs/msg/detail/vehicle_optical_flow_vel__type_support.h
[9.101s] -- Up-to-date: /home/maizaied03/ros2_ws/install/px4_msgs/include/px4_msgs/px4_msgs/msg/detail/figure_eight_status__functions.c
[9.101s] -- Up-to-date: /home/maizaied03/ros2_ws/install/px4_msgs/include/px4_msgs/px4_msgs/msg/detail/camera_trigger__functions.c
[9.101s] -- Up-to-date: /home/maizaied03/ros2_ws/install/px4_msgs/include/px4_msgs/px4_msgs/msg/detail/camera_trigger__struct.h
[9.101s] -- Up-to-date: /home/maizaied03/ros2_ws/install/px4_msgs/include/px4_msgs/px4_msgs/msg/detail/telemetry_status__functions.c
[9.101s] -- Up-to-date: /home/maizaied03/ros2_ws/install/px4_msgs/include/px4_msgs/px4_msgs/msg/detail/fixed_wing_lateral_guidance_status__functions.h
[9.101s] -- Up-to-date: /home/maizaied03/ros2_ws/install/px4_msgs/include/px4_msgs/px4_msgs/msg/detail/orb_test__type_support.h
[9.101s] -- Up-to-date: /home/maizaied03/ros2_ws/install/px4_msgs/include/px4_msgs/px4_msgs/msg/detail/sensor_preflight_mag__functions.c
[9.101s] -- Up-to-date: /home/maizaied03/ros2_ws/install/px4_msgs/include/px4_msgs/px4_msgs/msg/detail/launch_detection_status__struct.h
[9.101s] -- Up-to-date: /home/maizaied03/ros2_ws/install/px4_msgs/include/px4_msgs/px4_msgs/msg/detail/mavlink_log__struct.h
[9.101s] -- Up-to-date: /home/maizaied03/ros2_ws/install/px4_msgs/include/px4_msgs/px4_msgs/msg/detail/ekf2_timestamps__functions.c
[9.101s] -- Up-to-date: /home/maizaied03/ros2_ws/install/px4_msgs/include/px4_msgs/px4_msgs/msg/detail/velocity_limits__type_support.h
[9.102s] -- Up-to-date: /home/maizaied03/ros2_ws/install/px4_msgs/include/px4_msgs/px4_msgs/msg/detail/sensor_combined__struct.h
[9.102s] -- Up-to-date: /home/maizaied03/ros2_ws/install/px4_msgs/include/px4_msgs/px4_msgs/msg/detail/battery_status__functions.h
[9.102s] -- Up-to-date: /home/maizaied03/ros2_ws/install/px4_msgs/include/px4_msgs/px4_msgs/msg/detail/vehicle_magnetometer__functions.c
[9.102s] -- Up-to-date: /home/maizaied03/ros2_ws/install/px4_msgs/include/px4_msgs/px4_msgs/msg/detail/estimator_innovations__functions.h
[9.102s] -- Up-to-date: /home/maizaied03/ros2_ws/install/px4_msgs/include/px4_msgs/px4_msgs/msg/detail/rover_rate_setpoint__functions.h
[9.102s] -- Up-to-date: /home/maizaied03/ros2_ws/install/px4_msgs/include/px4_msgs/px4_msgs/msg/detail/home_position__type_support.h
[9.102s] -- Up-to-date: /home/maizaied03/ros2_ws/install/px4_msgs/include/px4_msgs/px4_msgs/msg/detail/obstacle_distance__functions.c
[9.102s] -- Up-to-date: /home/maizaied03/ros2_ws/install/px4_msgs/include/px4_msgs/px4_msgs/msg/detail/vehicle_angular_acceleration_setpoint__type_support.h
[9.102s] -- Up-to-date: /home/maizaied03/ros2_ws/install/px4_msgs/include/px4_msgs/px4_msgs/msg/detail/vehicle_angular_velocity__functions.c
[9.102s] -- Up-to-date: /home/maizaied03/ros2_ws/install/px4_msgs/include/px4_msgs/px4_msgs/msg/detail/debug_key_value__struct.h
[9.102s] -- Up-to-date: /home/maizaied03/ros2_ws/install/px4_msgs/include/px4_msgs/px4_msgs/msg/detail/position_controller_status__functions.h
[9.102s] -- Up-to-date: /home/maizaied03/ros2_ws/install/px4_msgs/include/px4_msgs/px4_msgs/msg/detail/yaw_estimator_status__type_support.h
[9.102s] -- Up-to-date: /home/maizaied03/ros2_ws/install/px4_msgs/include/px4_msgs/px4_msgs/msg/detail/hover_thrust_estimate__type_support.h
[9.102s] -- Up-to-date: /home/maizaied03/ros2_ws/install/px4_msgs/include/px4_msgs/px4_msgs/msg/detail/transponder_report__functions.h
[9.103s] -- Up-to-date: /home/maizaied03/ros2_ws/install/px4_msgs/include/px4_msgs/px4_msgs/msg/detail/debug_key_value__functions.c
[9.103s] -- Up-to-date: /home/maizaied03/ros2_ws/install/px4_msgs/include/px4_msgs/px4_msgs/msg/detail/position_controller_status__functions.c
[9.103s] -- Up-to-date: /home/maizaied03/ros2_ws/install/px4_msgs/include/px4_msgs/px4_msgs/msg/detail/parameter_update__struct.h
[9.103s] -- Up-to-date: /home/maizaied03/ros2_ws/install/px4_msgs/include/px4_msgs/px4_msgs/msg/detail/sensor_accel_fifo__type_support.h
[9.103s] -- Up-to-date: /home/maizaied03/ros2_ws/install/px4_msgs/include/px4_msgs/px4_msgs/msg/detail/irlock_report__struct.h
[9.103s] -- Up-to-date: /home/maizaied03/ros2_ws/install/px4_msgs/include/px4_msgs/px4_msgs/msg/detail/radio_status__struct.h
[9.103s] -- Up-to-date: /home/maizaied03/ros2_ws/install/px4_msgs/include/px4_msgs/px4_msgs/msg/detail/landing_target_innovations__functions.h
[9.103s] -- Up-to-date: /home/maizaied03/ros2_ws/install/px4_msgs/include/px4_msgs/px4_msgs/msg/detail/tiltrotor_extra_controls__struct.h
[9.103s] -- Up-to-date: /home/maizaied03/ros2_ws/install/px4_msgs/include/px4_msgs/px4_msgs/msg/detail/longitudinal_control_configuration__type_support.h
[9.103s] -- Up-to-date: /home/maizaied03/ros2_ws/install/px4_msgs/include/px4_msgs/px4_msgs/msg/detail/rover_attitude_status__type_support.h
[9.103s] -- Up-to-date: /home/maizaied03/ros2_ws/install/px4_msgs/include/px4_msgs/px4_msgs/msg/detail/sensor_baro__type_support.h
[9.103s] -- Up-to-date: /home/maizaied03/ros2_ws/install/px4_msgs/include/px4_msgs/px4_msgs/msg/detail/esc_report__struct.h
[9.104s] -- Up-to-date: /home/maizaied03/ros2_ws/install/px4_msgs/include/px4_msgs/px4_msgs/msg/detail/px4io_status__type_support.h
[9.104s] -- Up-to-date: /home/maizaied03/ros2_ws/install/px4_msgs/include/px4_msgs/px4_msgs/msg/detail/sensors_status__functions.h
[9.104s] -- Up-to-date: /home/maizaied03/ros2_ws/install/px4_msgs/include/px4_msgs/px4_msgs/msg/detail/landing_target_pose__type_support.h
[9.104s] -- Up-to-date: /home/maizaied03/ros2_ws/install/px4_msgs/include/px4_msgs/px4_msgs/msg/detail/qshell_req__functions.c
[9.104s] -- Up-to-date: /home/maizaied03/ros2_ws/install/px4_msgs/include/px4_msgs/px4_msgs/msg/detail/message_format_response__functions.c
[9.104s] -- Up-to-date: /home/maizaied03/ros2_ws/install/px4_msgs/include/px4_msgs/px4_msgs/msg/detail/estimator_aid_source2d__type_support.h
[9.104s] -- Up-to-date: /home/maizaied03/ros2_ws/install/px4_msgs/include/px4_msgs/px4_msgs/msg/detail/estimator_bias3d__struct.h
[9.104s] -- Up-to-date: /home/maizaied03/ros2_ws/install/px4_msgs/include/px4_msgs/px4_msgs/msg/detail/estimator_event_flags__struct.h
[9.104s] -- Up-to-date: /home/maizaied03/ros2_ws/install/px4_msgs/include/px4_msgs/px4_msgs/msg/detail/battery_status__struct.h
[9.104s] -- Up-to-date: /home/maizaied03/ros2_ws/install/px4_msgs/include/px4_msgs/px4_msgs/msg/detail/ulog_stream_ack__functions.c
[9.104s] -- Up-to-date: /home/maizaied03/ros2_ws/install/px4_msgs/include/px4_msgs/px4_msgs/msg/detail/esc_status__struct.h
[9.104s] -- Up-to-date: /home/maizaied03/ros2_ws/install/px4_msgs/include/px4_msgs/px4_msgs/msg/detail/vehicle_global_position__struct.h
[9.104s] -- Up-to-date: /home/maizaied03/ros2_ws/install/px4_msgs/include/px4_msgs/px4_msgs/msg/detail/position_controller_status__type_support.h
[9.105s] -- Up-to-date: /home/maizaied03/ros2_ws/install/px4_msgs/include/px4_msgs/px4_msgs/msg/detail/px4io_status__functions.h
[9.105s] -- Up-to-date: /home/maizaied03/ros2_ws/install/px4_msgs/include/px4_msgs/px4_msgs/msg/detail/rover_attitude_setpoint__functions.c
[9.105s] -- Up-to-date: /home/maizaied03/ros2_ws/install/px4_msgs/include/px4_msgs/px4_msgs/msg/detail/satellite_info__functions.h
[9.105s] -- Up-to-date: /home/maizaied03/ros2_ws/install/px4_msgs/include/px4_msgs/px4_msgs/msg/detail/actuator_controls_status__functions.c
[9.105s] -- Up-to-date: /home/maizaied03/ros2_ws/install/px4_msgs/include/px4_msgs/px4_msgs/msg/detail/system_power__functions.h
[9.105s] -- Up-to-date: /home/maizaied03/ros2_ws/install/px4_msgs/include/px4_msgs/px4_msgs/msg/detail/gimbal_manager_set_attitude__struct.h
[9.105s] -- Up-to-date: /home/maizaied03/ros2_ws/install/px4_msgs/include/px4_msgs/px4_msgs/msg/detail/vehicle_angular_velocity__functions.h
[9.105s] -- Up-to-date: /home/maizaied03/ros2_ws/install/px4_msgs/include/px4_msgs/px4_msgs/msg/detail/rover_position_setpoint__struct.h
[9.105s] -- Up-to-date: /home/maizaied03/ros2_ws/install/px4_msgs/include/px4_msgs/px4_msgs/msg/detail/actuator_armed__type_support.h
[9.105s] -- Up-to-date: /home/maizaied03/ros2_ws/install/px4_msgs/include/px4_msgs/px4_msgs/msg/detail/position_controller_landing_status__type_support.h
[9.105s] -- Up-to-date: /home/maizaied03/ros2_ws/install/px4_msgs/include/px4_msgs/px4_msgs/msg/detail/parameter_set_value_response__functions.c
[9.105s] -- Up-to-date: /home/maizaied03/ros2_ws/install/px4_msgs/include/px4_msgs/px4_msgs/msg/detail/rover_rate_setpoint__functions.c
[9.105s] -- Up-to-date: /home/maizaied03/ros2_ws/install/px4_msgs/include/px4_msgs/px4_msgs/msg/detail/vehicle_command_ack__struct.h
[9.105s] -- Up-to-date: /home/maizaied03/ros2_ws/install/px4_msgs/include/px4_msgs/px4_msgs/msg/detail/open_drone_id_operator_id__type_support.h
[9.105s] -- Up-to-date: /home/maizaied03/ros2_ws/install/px4_msgs/include/px4_msgs/px4_msgs/msg/detail/sensor_preflight_mag__struct.h
[9.106s] -- Up-to-date: /home/maizaied03/ros2_ws/install/px4_msgs/include/px4_msgs/px4_msgs/msg/detail/follow_target__struct.h
[9.106s] -- Up-to-date: /home/maizaied03/ros2_ws/install/px4_msgs/include/px4_msgs/px4_msgs/msg/detail/cpuload__functions.h
[9.106s] -- Up-to-date: /home/maizaied03/ros2_ws/install/px4_msgs/include/px4_msgs/px4_msgs/msg/detail/estimator_selector_status__type_support.h
[9.106s] -- Up-to-date: /home/maizaied03/ros2_ws/install/px4_msgs/include/px4_msgs/px4_msgs/msg/detail/sensor_airflow__type_support.h
[9.106s] -- Up-to-date: /home/maizaied03/ros2_ws/install/px4_msgs/include/px4_msgs/px4_msgs/msg/detail/task_stack_info__functions.c
[9.106s] -- Up-to-date: /home/maizaied03/ros2_ws/install/px4_msgs/include/px4_msgs/px4_msgs/msg/detail/gpio_request__struct.h
[9.106s] -- Up-to-date: /home/maizaied03/ros2_ws/install/px4_msgs/include/px4_msgs/px4_msgs/msg/detail/vehicle_imu_status__type_support.h
[9.106s] -- Up-to-date: /home/maizaied03/ros2_ws/install/px4_msgs/include/px4_msgs/px4_msgs/msg/detail/pwm_input__struct.h
[9.106s] -- Up-to-date: /home/maizaied03/ros2_ws/install/px4_msgs/include/px4_msgs/px4_msgs/msg/detail/sensor_gyro_fft__struct.h
[9.106s] -- Up-to-date: /home/maizaied03/ros2_ws/install/px4_msgs/include/px4_msgs/px4_msgs/msg/detail/register_ext_component_reply__struct.h
[9.106s] -- Up-to-date: /home/maizaied03/ros2_ws/install/px4_msgs/include/px4_msgs/px4_msgs/msg/detail/can_interface_status__type_support.h
[9.107s] -- Up-to-date: /home/maizaied03/ros2_ws/install/px4_msgs/include/px4_msgs/px4_msgs/msg/detail/rover_steering_setpoint__functions.c
[9.107s] -- Up-to-date: /home/maizaied03/ros2_ws/install/px4_msgs/include/px4_msgs/px4_msgs/msg/detail/vehicle_local_position__type_support.h
[9.107s] -- Up-to-date: /home/maizaied03/ros2_ws/install/px4_msgs/include/px4_msgs/px4_msgs/msg/detail/radio_status__functions.c
[9.107s] -- Up-to-date: /home/maizaied03/ros2_ws/install/px4_msgs/include/px4_msgs/px4_msgs/msg/detail/tecs_status__functions.h
[9.107s] -- Up-to-date: /home/maizaied03/ros2_ws/install/px4_msgs/include/px4_msgs/px4_msgs/msg/detail/message_format_response__functions.h
[9.107s] -- Up-to-date: /home/maizaied03/ros2_ws/install/px4_msgs/include/px4_msgs/px4_msgs/msg/detail/takeoff_status__struct.h
[9.107s] -- Up-to-date: /home/maizaied03/ros2_ws/install/px4_msgs/include/px4_msgs/px4_msgs/msg/detail/vehicle_attitude_setpoint__struct.h
[9.107s] -- Up-to-date: /home/maizaied03/ros2_ws/install/px4_msgs/include/px4_msgs/px4_msgs/msg/detail/sensor_gyro__type_support.h
[9.107s] -- Up-to-date: /home/maizaied03/ros2_ws/install/px4_msgs/include/px4_msgs/px4_msgs/msg/detail/gpio_out__struct.h
[9.107s] -- Up-to-date: /home/maizaied03/ros2_ws/install/px4_msgs/include/px4_msgs/px4_msgs/msg/detail/sensor_mag__struct.h
[9.107s] -- Up-to-date: /home/maizaied03/ros2_ws/install/px4_msgs/include/px4_msgs/px4_msgs/msg/detail/position_controller_landing_status__functions.c
[9.108s] -- Up-to-date: /home/maizaied03/ros2_ws/install/px4_msgs/include/px4_msgs/px4_msgs/msg/detail/mission_result__functions.c
[9.108s] -- Up-to-date: /home/maizaied03/ros2_ws/install/px4_msgs/include/px4_msgs/px4_msgs/msg/detail/battery_status__type_support.h
[9.108s] -- Up-to-date: /home/maizaied03/ros2_ws/install/px4_msgs/include/px4_msgs/px4_msgs/msg/detail/health_report__type_support.h
[9.108s] -- Up-to-date: /home/maizaied03/ros2_ws/install/px4_msgs/include/px4_msgs/px4_msgs/msg/detail/parameter_set_value_request__functions.c
[9.108s] -- Up-to-date: /home/maizaied03/ros2_ws/install/px4_msgs/include/px4_msgs/px4_msgs/msg/detail/failsafe_flags__type_support.h
[9.108s] -- Up-to-date: /home/maizaied03/ros2_ws/install/px4_msgs/include/px4_msgs/px4_msgs/msg/detail/rtl_time_estimate__type_support.h
[9.108s] -- Up-to-date: /home/maizaied03/ros2_ws/install/px4_msgs/include/px4_msgs/px4_msgs/msg/detail/sensor_correction__struct.h
[9.108s] -- Up-to-date: /home/maizaied03/ros2_ws/install/px4_msgs/include/px4_msgs/px4_msgs/msg/detail/rover_speed_setpoint__struct.h
[9.108s] -- Up-to-date: /home/maizaied03/ros2_ws/install/px4_msgs/include/px4_msgs/px4_msgs/msg/detail/ekf2_timestamps__functions.h
[9.108s] -- Up-to-date: /home/maizaied03/ros2_ws/install/px4_msgs/include/px4_msgs/px4_msgs/msg/detail/vtol_vehicle_status__struct.h
[9.108s] -- Up-to-date: /home/maizaied03/ros2_ws/install/px4_msgs/include/px4_msgs/px4_msgs/msg/detail/airspeed__functions.c
[9.108s] -- Up-to-date: /home/maizaied03/ros2_ws/install/px4_msgs/include/px4_msgs/px4_msgs/msg/detail/sensor_mag__functions.c
[9.108s] -- Up-to-date: /home/maizaied03/ros2_ws/install/px4_msgs/include/px4_msgs/px4_msgs/msg/detail/rover_attitude_setpoint__type_support.h
[9.108s] -- Up-to-date: /home/maizaied03/ros2_ws/install/px4_msgs/include/px4_msgs/px4_msgs/msg/detail/flight_phase_estimation__struct.h
[9.109s] -- Up-to-date: /home/maizaied03/ros2_ws/install/px4_msgs/include/px4_msgs/px4_msgs/msg/detail/raptor_status__functions.h
[9.109s] -- Up-to-date: /home/maizaied03/ros2_ws/install/px4_msgs/include/px4_msgs/px4_msgs/msg/detail/actuator_motors__type_support.h
[9.109s] -- Up-to-date: /home/maizaied03/ros2_ws/install/px4_msgs/include/px4_msgs/px4_msgs/msg/detail/open_drone_id_operator_id__struct.h
[9.109s] -- Up-to-date: /home/maizaied03/ros2_ws/install/px4_msgs/include/px4_msgs/px4_msgs/msg/detail/takeoff_status__functions.h
[9.109s] -- Up-to-date: /home/maizaied03/ros2_ws/install/px4_msgs/include/px4_msgs/px4_msgs/msg/detail/mavlink_log__functions.h
[9.109s] -- Up-to-date: /home/maizaied03/ros2_ws/install/px4_msgs/include/px4_msgs/px4_msgs/msg/detail/sensor_temp__functions.c
[9.109s] -- Up-to-date: /home/maizaied03/ros2_ws/install/px4_msgs/include/px4_msgs/px4_msgs/msg/detail/sensor_gnss_relative__struct.h
[9.109s] -- Up-to-date: /home/maizaied03/ros2_ws/install/px4_msgs/include/px4_msgs/px4_msgs/msg/detail/orbit_status__functions.h
[9.109s] -- Up-to-date: /home/maizaied03/ros2_ws/install/px4_msgs/include/px4_msgs/px4_msgs/msg/detail/estimator_gps_status__functions.h
[9.109s] -- Up-to-date: /home/maizaied03/ros2_ws/install/px4_msgs/include/px4_msgs/px4_msgs/msg/detail/tune_control__functions.c
[9.109s] -- Up-to-date: /home/maizaied03/ros2_ws/install/px4_msgs/include/px4_msgs/px4_msgs/msg/detail/actuator_servos_trim__functions.h
[9.109s] -- Up-to-date: /home/maizaied03/ros2_ws/install/px4_msgs/include/px4_msgs/px4_msgs/msg/detail/health_report__functions.c
[9.109s] -- Up-to-date: /home/maizaied03/ros2_ws/install/px4_msgs/include/px4_msgs/px4_msgs/msg/detail/landing_gear__struct.h
[9.109s] -- Up-to-date: /home/maizaied03/ros2_ws/install/px4_msgs/include/px4_msgs/px4_msgs/msg/detail/sensor_gyro_fft__type_support.h
[9.109s] -- Up-to-date: /home/maizaied03/ros2_ws/install/px4_msgs/include/px4_msgs/px4_msgs/msg/detail/arming_check_reply__functions.c
[9.109s] -- Up-to-date: /home/maizaied03/ros2_ws/install/px4_msgs/include/px4_msgs/px4_msgs/msg/detail/home_position__functions.h
[9.110s] -- Up-to-date: /home/maizaied03/ros2_ws/install/px4_msgs/include/px4_msgs/px4_msgs/msg/detail/takeoff_status__functions.c
[9.110s] -- Up-to-date: /home/maizaied03/ros2_ws/install/px4_msgs/include/px4_msgs/px4_msgs/msg/detail/landing_gear_wheel__functions.c
[9.110s] -- Up-to-date: /home/maizaied03/ros2_ws/install/px4_msgs/include/px4_msgs/px4_msgs/msg/detail/sensor_hygrometer__type_support.h
[9.110s] -- Up-to-date: /home/maizaied03/ros2_ws/install/px4_msgs/include/px4_msgs/px4_msgs/msg/detail/vehicle_acceleration__functions.c
[9.110s] -- Up-to-date: /home/maizaied03/ros2_ws/install/px4_msgs/include/px4_msgs/px4_msgs/msg/detail/sensors_status__type_support.h
[9.110s] -- Up-to-date: /home/maizaied03/ros2_ws/install/px4_msgs/include/px4_msgs/px4_msgs/msg/detail/estimator_innovations__functions.c
[9.110s] -- Up-to-date: /home/maizaied03/ros2_ws/install/px4_msgs/include/px4_msgs/px4_msgs/msg/detail/estimator_selector_status__struct.h
[9.110s] -- Up-to-date: /home/maizaied03/ros2_ws/install/px4_msgs/include/px4_msgs/px4_msgs/msg/detail/estimator_sensor_bias__struct.h
[9.110s] -- Up-to-date: /home/maizaied03/ros2_ws/install/px4_msgs/include/px4_msgs/px4_msgs/msg/detail/fuel_tank_status__functions.c
[9.110s] -- Up-to-date: /home/maizaied03/ros2_ws/install/px4_msgs/include/px4_msgs/px4_msgs/msg/detail/differential_pressure__functions.h
[9.110s] -- Up-to-date: /home/maizaied03/ros2_ws/install/px4_msgs/include/px4_msgs/px4_msgs/msg/detail/vehicle_thrust_setpoint__type_support.h
[9.110s] -- Up-to-date: /home/maizaied03/ros2_ws/install/px4_msgs/include/px4_msgs/px4_msgs/msg/detail/mount_orientation__functions.c
[9.111s] -- Up-to-date: /home/maizaied03/ros2_ws/install/px4_msgs/include/px4_msgs/px4_msgs/msg/detail/distance_sensor_mode_change_request__functions.h
[9.111s] -- Up-to-date: /home/maizaied03/ros2_ws/install/px4_msgs/include/px4_msgs/px4_msgs/msg/detail/camera_status__functions.h
[9.111s] -- Up-to-date: /home/maizaied03/ros2_ws/install/px4_msgs/include/px4_msgs/px4_msgs/msg/detail/fixed_wing_lateral_guidance_status__functions.c
[9.111s] -- Up-to-date: /home/maizaied03/ros2_ws/install/px4_msgs/include/px4_msgs/px4_msgs/msg/detail/position_setpoint__functions.c
[9.111s] -- Up-to-date: /home/maizaied03/ros2_ws/install/px4_msgs/include/px4_msgs/px4_msgs/msg/detail/collision_constraints__type_support.h
[9.111s] -- Up-to-date: /home/maizaied03/ros2_ws/install/px4_msgs/include/px4_msgs/px4_msgs/msg/detail/estimator_gps_status__type_support.h
[9.111s] -- Up-to-date: /home/maizaied03/ros2_ws/install/px4_msgs/include/px4_msgs/px4_msgs/msg/detail/launch_detection_status__functions.h
[9.111s] -- Up-to-date: /home/maizaied03/ros2_ws/install/px4_msgs/include/px4_msgs/px4_msgs/msg/detail/sensor_temp__struct.h
[9.111s] -- Up-to-date: /home/maizaied03/ros2_ws/install/px4_msgs/include/px4_msgs/px4_msgs/msg/detail/manual_control_setpoint__functions.h
[9.111s] -- Up-to-date: /home/maizaied03/ros2_ws/install/px4_msgs/include/px4_msgs/px4_msgs/msg/detail/internal_combustion_engine_control__functions.h
[9.111s] -- Up-to-date: /home/maizaied03/ros2_ws/install/px4_msgs/include/px4_msgs/px4_msgs/msg/detail/qshell_retval__struct.h
[9.111s] -- Up-to-date: /home/maizaied03/ros2_ws/install/px4_msgs/include/px4_msgs/px4_msgs/msg/detail/sensor_gyro__functions.h
[9.111s] -- Up-to-date: /home/maizaied03/ros2_ws/install/px4_msgs/include/px4_msgs/px4_msgs/msg/detail/gpio_request__functions.c
[9.111s] -- Up-to-date: /home/maizaied03/ros2_ws/install/px4_msgs/include/px4_msgs/px4_msgs/msg/detail/iridiumsbd_status__type_support.h
[9.112s] -- Up-to-date: /home/maizaied03/ros2_ws/install/px4_msgs/include/px4_msgs/px4_msgs/msg/detail/fixed_wing_lateral_setpoint__type_support.h
[9.112s] -- Up-to-date: /home/maizaied03/ros2_ws/install/px4_msgs/include/px4_msgs/px4_msgs/msg/detail/wheel_encoders__struct.h
[9.112s] -- Up-to-date: /home/maizaied03/ros2_ws/install/px4_msgs/include/px4_msgs/px4_msgs/msg/detail/follow_target__type_support.h
[9.112s] -- Up-to-date: /home/maizaied03/ros2_ws/install/px4_msgs/include/px4_msgs/px4_msgs/msg/detail/action_request__struct.h
[9.112s] -- Up-to-date: /home/maizaied03/ros2_ws/install/px4_msgs/include/px4_msgs/px4_msgs/msg/detail/gpio_out__type_support.h
[9.112s] -- Up-to-date: /home/maizaied03/ros2_ws/install/px4_msgs/include/px4_msgs/px4_msgs/msg/detail/actuator_servos__functions.h
[9.112s] -- Up-to-date: /home/maizaied03/ros2_ws/install/px4_msgs/include/px4_msgs/px4_msgs/msg/detail/vehicle_thrust_setpoint__struct.h
[9.112s] -- Up-to-date: /home/maizaied03/ros2_ws/install/px4_msgs/include/px4_msgs/px4_msgs/msg/detail/landing_gear__functions.h
[9.112s] -- Up-to-date: /home/maizaied03/ros2_ws/install/px4_msgs/include/px4_msgs/px4_msgs/msg/detail/lateral_control_configuration__functions.h
[9.112s] -- Up-to-date: /home/maizaied03/ros2_ws/install/px4_msgs/include/px4_msgs/px4_msgs/msg/detail/parameter_reset_request__type_support.h
[9.112s] -- Up-to-date: /home/maizaied03/ros2_ws/install/px4_msgs/include/px4_msgs/px4_msgs/msg/detail/gimbal_manager_set_attitude__type_support.h
[9.112s] -- Up-to-date: /home/maizaied03/ros2_ws/install/px4_msgs/include/px4_msgs/px4_msgs/msg/detail/sensor_gyro__struct.h
[9.112s] -- Up-to-date: /home/maizaied03/ros2_ws/install/px4_msgs/include/px4_msgs/px4_msgs/msg/detail/estimator_innovations__type_support.h
[9.112s] -- Up-to-date: /home/maizaied03/ros2_ws/install/px4_msgs/include/px4_msgs/px4_msgs/msg/detail/obstacle_distance__struct.h
[9.113s] -- Up-to-date: /home/maizaied03/ros2_ws/install/px4_msgs/include/px4_msgs/px4_msgs/msg/detail/sensor_uwb__type_support.h
[9.113s] -- Up-to-date: /home/maizaied03/ros2_ws/install/px4_msgs/include/px4_msgs/px4_msgs/msg/detail/vtx__struct.h
[9.113s] -- Up-to-date: /home/maizaied03/ros2_ws/install/px4_msgs/include/px4_msgs/px4_msgs/msg/detail/debug_array__functions.c
[9.113s] -- Up-to-date: /home/maizaied03/ros2_ws/install/px4_msgs/include/px4_msgs/px4_msgs/msg/detail/vehicle_control_mode__functions.c
[9.113s] -- Up-to-date: /home/maizaied03/ros2_ws/install/px4_msgs/include/px4_msgs/px4_msgs/msg/detail/sensors_status__functions.c
[9.113s] -- Up-to-date: /home/maizaied03/ros2_ws/install/px4_msgs/include/px4_msgs/px4_msgs/msg/detail/mavlink_tunnel__struct.h
[9.113s] -- Up-to-date: /home/maizaied03/ros2_ws/install/px4_msgs/include/px4_msgs/px4_msgs/msg/detail/actuator_test__functions.c
[9.113s] -- Up-to-date: /home/maizaied03/ros2_ws/install/px4_msgs/include/px4_msgs/px4_msgs/msg/detail/navigator_mission_item__struct.h
[9.113s] -- Up-to-date: /home/maizaied03/ros2_ws/install/px4_msgs/include/px4_msgs/px4_msgs/msg/detail/trajectory_setpoint__functions.c
[9.113s] -- Up-to-date: /home/maizaied03/ros2_ws/install/px4_msgs/include/px4_msgs/px4_msgs/msg/detail/vehicle_acceleration__functions.h
[9.113s] -- Up-to-date: /home/maizaied03/ros2_ws/install/px4_msgs/include/px4_msgs/px4_msgs/msg/detail/message_format_request__functions.c
[9.113s] -- Up-to-date: /home/maizaied03/ros2_ws/install/px4_msgs/include/px4_msgs/px4_msgs/msg/detail/landing_gear_wheel__functions.h
[9.113s] -- Up-to-date: /home/maizaied03/ros2_ws/install/px4_msgs/include/px4_msgs/px4_msgs/msg/detail/hover_thrust_estimate__struct.h
[9.114s] -- Up-to-date: /home/maizaied03/ros2_ws/install/px4_msgs/include/px4_msgs/px4_msgs/msg/detail/sensor_gps__functions.h
[9.114s] -- Up-to-date: /home/maizaied03/ros2_ws/install/px4_msgs/include/px4_msgs/px4_msgs/msg/detail/pps_capture__type_support.h
[9.114s] -- Up-to-date: /home/maizaied03/ros2_ws/install/px4_msgs/include/px4_msgs/px4_msgs/msg/detail/gimbal_controls__functions.h
[9.114s] -- Up-to-date: /home/maizaied03/ros2_ws/install/px4_msgs/include/px4_msgs/px4_msgs/msg/detail/normalized_unsigned_setpoint__functions.c
[9.114s] -- Up-to-date: /home/maizaied03/ros2_ws/install/px4_msgs/include/px4_msgs/px4_msgs/msg/detail/sensor_optical_flow__functions.h
[9.114s] -- Up-to-date: /home/maizaied03/ros2_ws/install/px4_msgs/include/px4_msgs/px4_msgs/msg/detail/input_rc__type_support.h
[9.114s] -- Up-to-date: /home/maizaied03/ros2_ws/install/px4_msgs/include/px4_msgs/px4_msgs/msg/detail/event__type_support.h
[9.114s] -- Up-to-date: /home/maizaied03/ros2_ws/install/px4_msgs/include/px4_msgs/px4_msgs/msg/detail/ulog_stream__functions.h
[9.114s] -- Up-to-date: /home/maizaied03/ros2_ws/install/px4_msgs/include/px4_msgs/px4_msgs/msg/detail/vehicle_constraints__struct.h
[9.114s] -- Up-to-date: /home/maizaied03/ros2_ws/install/px4_msgs/include/px4_msgs/px4_msgs/msg/detail/rpm__functions.c
[9.114s] -- Up-to-date: /home/maizaied03/ros2_ws/install/px4_msgs/include/px4_msgs/px4_msgs/msg/detail/sensor_temp__functions.h
[9.114s] -- Up-to-date: /home/maizaied03/ros2_ws/install/px4_msgs/include/px4_msgs/px4_msgs/msg/detail/satellite_info__struct.h
[9.114s] -- Up-to-date: /home/maizaied03/ros2_ws/install/px4_msgs/include/px4_msgs/px4_msgs/msg/detail/rover_position_setpoint__type_support.h
[9.115s] -- Up-to-date: /home/maizaied03/ros2_ws/install/px4_msgs/include/px4_msgs/px4_msgs/msg/detail/position_setpoint__struct.h
[9.115s] -- Up-to-date: /home/maizaied03/ros2_ws/install/px4_msgs/include/px4_msgs/px4_msgs/msg/detail/vehicle_roi__type_support.h
[9.115s] -- Up-to-date: /home/maizaied03/ros2_ws/install/px4_msgs/include/px4_msgs/px4_msgs/msg/detail/debug_value__functions.h
[9.115s] -- Up-to-date: /home/maizaied03/ros2_ws/install/px4_msgs/include/px4_msgs/px4_msgs/msg/detail/longitudinal_control_configuration__struct.h
[9.115s] -- Up-to-date: /home/maizaied03/ros2_ws/install/px4_msgs/include/px4_msgs/px4_msgs/msg/detail/register_ext_component_request__type_support.h
[9.115s] -- Up-to-date: /home/maizaied03/ros2_ws/install/px4_msgs/include/px4_msgs/px4_msgs/msg/detail/follow_target__functions.h
[9.115s] -- Up-to-date: /home/maizaied03/ros2_ws/install/px4_msgs/include/px4_msgs/px4_msgs/msg/detail/actuator_outputs__type_support.h
[9.115s] -- Up-to-date: /home/maizaied03/ros2_ws/install/px4_msgs/include/px4_msgs/px4_msgs/msg/detail/control_allocator_status__functions.c
[9.115s] -- Up-to-date: /home/maizaied03/ros2_ws/install/px4_msgs/include/px4_msgs/px4_msgs/msg/detail/open_drone_id_arm_status__struct.h
[9.115s] -- Up-to-date: /home/maizaied03/ros2_ws/install/px4_msgs/include/px4_msgs/px4_msgs/msg/detail/vehicle_global_position__type_support.h
[9.115s] -- Up-to-date: /home/maizaied03/ros2_ws/install/px4_msgs/include/px4_msgs/px4_msgs/msg/detail/mavlink_tunnel__functions.h
[9.115s] -- Up-to-date: /home/maizaied03/ros2_ws/install/px4_msgs/include/px4_msgs/px4_msgs/msg/detail/follow_target_estimator__type_support.h
[9.115s] -- Up-to-date: /home/maizaied03/ros2_ws/install/px4_msgs/include/px4_msgs/px4_msgs/msg/detail/flight_phase_estimation__functions.c
[9.115s] -- Up-to-date: /home/maizaied03/ros2_ws/install/px4_msgs/include/px4_msgs/px4_msgs/msg/detail/tiltrotor_extra_controls__functions.h
[9.116s] -- Up-to-date: /home/maizaied03/ros2_ws/install/px4_msgs/include/px4_msgs/px4_msgs/msg/detail/action_request__type_support.h
[9.116s] -- Up-to-date: /home/maizaied03/ros2_ws/install/px4_msgs/include/px4_msgs/px4_msgs/msg/detail/rover_throttle_setpoint__functions.c
[9.116s] -- Up-to-date: /home/maizaied03/ros2_ws/install/px4_msgs/include/px4_msgs/px4_msgs/msg/detail/distance_sensor__functions.c
[9.116s] -- Up-to-date: /home/maizaied03/ros2_ws/install/px4_msgs/include/px4_msgs/px4_msgs/msg/detail/power_button_state__functions.c
[9.116s] -- Up-to-date: /home/maizaied03/ros2_ws/install/px4_msgs/include/px4_msgs/px4_msgs/msg/detail/rc_parameter_map__functions.c
[9.116s] -- Up-to-date: /home/maizaied03/ros2_ws/install/px4_msgs/include/px4_msgs/px4_msgs/msg/detail/onboard_computer_status__type_support.h
[9.116s] -- Up-to-date: /home/maizaied03/ros2_ws/install/px4_msgs/include/px4_msgs/px4_msgs/msg/detail/system_power__functions.c
[9.116s] -- Up-to-date: /home/maizaied03/ros2_ws/install/px4_msgs/include/px4_msgs/px4_msgs/msg/detail/open_drone_id_arm_status__type_support.h
[9.116s] -- Up-to-date: /home/maizaied03/ros2_ws/install/px4_msgs/include/px4_msgs/px4_msgs/msg/detail/sensor_correction__functions.c
[9.116s] -- Up-to-date: /home/maizaied03/ros2_ws/install/px4_msgs/include/px4_msgs/px4_msgs/msg/detail/vehicle_angular_velocity__struct.h
[9.116s] -- Up-to-date: /home/maizaied03/ros2_ws/install/px4_msgs/include/px4_msgs/px4_msgs/msg/detail/vehicle_imu__functions.h
[9.116s] -- Up-to-date: /home/maizaied03/ros2_ws/install/px4_msgs/include/px4_msgs/px4_msgs/msg/detail/rtl_time_estimate__functions.c
[9.116s] -- Up-to-date: /home/maizaied03/ros2_ws/install/px4_msgs/include/px4_msgs/px4_msgs/msg/detail/vehicle_angular_acceleration_setpoint__functions.c
[9.116s] -- Up-to-date: /home/maizaied03/ros2_ws/install/px4_msgs/include/px4_msgs/px4_msgs/msg/detail/camera_status__struct.h
[9.116s] -- Up-to-date: /home/maizaied03/ros2_ws/install/px4_msgs/include/px4_msgs/px4_msgs/msg/detail/navigator_status__functions.c
[9.116s] -- Up-to-date: /home/maizaied03/ros2_ws/install/px4_msgs/include/px4_msgs/px4_msgs/msg/detail/pps_capture__struct.h
[9.116s] -- Up-to-date: /home/maizaied03/ros2_ws/install/px4_msgs/include/px4_msgs/px4_msgs/msg/detail/arming_check_reply__functions.h
[9.117s] -- Up-to-date: /home/maizaied03/ros2_ws/install/px4_msgs/include/px4_msgs/px4_msgs/msg/detail/orb_test_large__functions.c
[9.117s] -- Up-to-date: /home/maizaied03/ros2_ws/install/px4_msgs/include/px4_msgs/px4_msgs/msg/detail/tiltrotor_extra_controls__type_support.h
[9.117s] -- Up-to-date: /home/maizaied03/ros2_ws/install/px4_msgs/include/px4_msgs/px4_msgs/msg/detail/estimator_selector_status__functions.h
[9.117s] -- Up-to-date: /home/maizaied03/ros2_ws/install/px4_msgs/include/px4_msgs/px4_msgs/msg/detail/actuator_armed__functions.h
[9.117s] -- Up-to-date: /home/maizaied03/ros2_ws/install/px4_msgs/include/px4_msgs/px4_msgs/msg/detail/vtol_vehicle_status__type_support.h
[9.117s] -- Up-to-date: /home/maizaied03/ros2_ws/install/px4_msgs/include/px4_msgs/px4_msgs/msg/detail/arming_check_reply__type_support.h
[9.117s] -- Up-to-date: /home/maizaied03/ros2_ws/install/px4_msgs/include/px4_msgs/px4_msgs/msg/detail/qshell_retval__functions.h
[9.117s] -- Up-to-date: /home/maizaied03/ros2_ws/install/px4_msgs/include/px4_msgs/px4_msgs/msg/detail/pps_capture__functions.c
[9.117s] -- Up-to-date: /home/maizaied03/ros2_ws/install/px4_msgs/include/px4_msgs/px4_msgs/msg/detail/sensor_hygrometer__functions.h
[9.117s] -- Up-to-date: /home/maizaied03/ros2_ws/install/px4_msgs/include/px4_msgs/px4_msgs/msg/detail/device_information__functions.h
[9.117s] -- Up-to-date: /home/maizaied03/ros2_ws/install/px4_msgs/include/px4_msgs/px4_msgs/msg/detail/autotune_attitude_control_status__functions.h
[9.117s] -- Up-to-date: /home/maizaied03/ros2_ws/install/px4_msgs/include/px4_msgs/px4_msgs/msg/detail/generator_status__functions.c
[9.117s] -- Up-to-date: /home/maizaied03/ros2_ws/install/px4_msgs/include/px4_msgs/px4_msgs/msg/detail/rover_rate_status__functions.h
[9.117s] -- Up-to-date: /home/maizaied03/ros2_ws/install/px4_msgs/include/px4_msgs/px4_msgs/msg/detail/rover_position_setpoint__functions.h
[9.117s] -- Up-to-date: /home/maizaied03/ros2_ws/install/px4_msgs/include/px4_msgs/px4_msgs/msg/detail/parameter_set_used_request__functions.c
[9.117s] -- Up-to-date: /home/maizaied03/ros2_ws/install/px4_msgs/include/px4_msgs/px4_msgs/msg/detail/unregister_ext_component__struct.h
[9.118s] -- Up-to-date: /home/maizaied03/ros2_ws/install/px4_msgs/include/px4_msgs/px4_msgs/msg/detail/iridiumsbd_status__struct.h
[9.118s] -- Up-to-date: /home/maizaied03/ros2_ws/install/px4_msgs/include/px4_msgs/px4_msgs/msg/detail/internal_combustion_engine_control__struct.h
[9.118s] -- Up-to-date: /home/maizaied03/ros2_ws/install/px4_msgs/include/px4_msgs/px4_msgs/msg/detail/actuator_controls_status__type_support.h
[9.118s] -- Up-to-date: /home/maizaied03/ros2_ws/install/px4_msgs/include/px4_msgs/px4_msgs/msg/detail/generator_status__functions.h
[9.118s] -- Up-to-date: /home/maizaied03/ros2_ws/install/px4_msgs/include/px4_msgs/px4_msgs/msg/detail/actuator_armed__functions.c
[9.118s] -- Up-to-date: /home/maizaied03/ros2_ws/install/px4_msgs/include/px4_msgs/px4_msgs/msg/detail/onboard_computer_status__functions.c
[9.118s] -- Up-to-date: /home/maizaied03/ros2_ws/install/px4_msgs/include/px4_msgs/px4_msgs/msg/detail/action_request__functions.h
[9.118s] -- Up-to-date: /home/maizaied03/ros2_ws/install/px4_msgs/include/px4_msgs/px4_msgs/msg/detail/generator_status__struct.h
[9.118s] -- Up-to-date: /home/maizaied03/ros2_ws/install/px4_msgs/include/px4_msgs/px4_msgs/msg/detail/differential_pressure__struct.h
[9.118s] -- Up-to-date: /home/maizaied03/ros2_ws/install/px4_msgs/include/px4_msgs/px4_msgs/msg/detail/geofence_result__functions.c
[9.118s] -- Up-to-date: /home/maizaied03/ros2_ws/install/px4_msgs/include/px4_msgs/px4_msgs/msg/detail/arming_check_request__struct.h
[9.118s] -- Up-to-date: /home/maizaied03/ros2_ws/install/px4_msgs/include/px4_msgs/px4_msgs/msg/detail/rc_channels__functions.h
[9.119s] -- Up-to-date: /home/maizaied03/ros2_ws/install/px4_msgs/include/px4_msgs/px4_msgs/msg/detail/orb_test__functions.h
[9.119s] -- Up-to-date: /home/maizaied03/ros2_ws/install/px4_msgs/include/px4_msgs/px4_msgs/msg/detail/battery_info__type_support.h
[9.119s] -- Up-to-date: /home/maizaied03/ros2_ws/install/px4_msgs/include/px4_msgs/px4_msgs/msg/detail/gpio_in__struct.h
[9.119s] -- Up-to-date: /home/maizaied03/ros2_ws/install/px4_msgs/include/px4_msgs/px4_msgs/msg/detail/orbit_status__functions.c
[9.119s] -- Up-to-date: /home/maizaied03/ros2_ws/install/px4_msgs/include/px4_msgs/px4_msgs/msg/detail/navigator_status__struct.h
[9.119s] -- Up-to-date: /home/maizaied03/ros2_ws/install/px4_msgs/include/px4_msgs/px4_msgs/msg/detail/px4io_status__struct.h
[9.119s] -- Up-to-date: /home/maizaied03/ros2_ws/install/px4_msgs/include/px4_msgs/px4_msgs/msg/detail/vehicle_acceleration__struct.h
[9.119s] -- Up-to-date: /home/maizaied03/ros2_ws/install/px4_msgs/include/px4_msgs/px4_msgs/msg/detail/mode_completed__struct.h
[9.119s] -- Up-to-date: /home/maizaied03/ros2_ws/install/px4_msgs/include/px4_msgs/px4_msgs/msg/detail/landing_target_innovations__functions.c
[9.119s] -- Up-to-date: /home/maizaied03/ros2_ws/install/px4_msgs/include/px4_msgs/px4_msgs/msg/detail/vehicle_global_position__functions.c
[9.119s] -- Up-to-date: /home/maizaied03/ros2_ws/install/px4_msgs/include/px4_msgs/px4_msgs/msg/detail/mode_completed__functions.h
[9.119s] -- Up-to-date: /home/maizaied03/ros2_ws/install/px4_msgs/include/px4_msgs/px4_msgs/msg/detail/landing_target_pose__struct.h
[9.119s] -- Up-to-date: /home/maizaied03/ros2_ws/install/px4_msgs/include/px4_msgs/px4_msgs/msg/detail/yaw_estimator_status__functions.h
[9.120s] -- Up-to-date: /home/maizaied03/ros2_ws/install/px4_msgs/include/px4_msgs/px4_msgs/msg/detail/velocity_limits__struct.h
[9.120s] -- Up-to-date: /home/maizaied03/ros2_ws/install/px4_msgs/include/px4_msgs/px4_msgs/msg/detail/debug_array__functions.h
[9.120s] -- Up-to-date: /home/maizaied03/ros2_ws/install/px4_msgs/include/px4_msgs/px4_msgs/msg/detail/action_request__functions.c
[9.120s] -- Up-to-date: /home/maizaied03/ros2_ws/install/px4_msgs/include/px4_msgs/px4_msgs/msg/detail/orb_test_large__functions.h
[9.120s] -- Up-to-date: /home/maizaied03/ros2_ws/install/px4_msgs/include/px4_msgs/px4_msgs/msg/detail/log_message__type_support.h
[9.120s] -- Up-to-date: /home/maizaied03/ros2_ws/install/px4_msgs/include/px4_msgs/px4_msgs/msg/detail/wind__struct.h
[9.120s] -- Up-to-date: /home/maizaied03/ros2_ws/install/px4_msgs/include/px4_msgs/px4_msgs/msg/detail/actuator_servos__struct.h
[9.120s] -- Up-to-date: /home/maizaied03/ros2_ws/install/px4_msgs/include/px4_msgs/px4_msgs/msg/detail/gain_compression__type_support.h
[9.120s] -- Up-to-date: /home/maizaied03/ros2_ws/install/px4_msgs/include/px4_msgs/px4_msgs/msg/detail/rover_rate_status__functions.c
[9.120s] -- Up-to-date: /home/maizaied03/ros2_ws/install/px4_msgs/include/px4_msgs/px4_msgs/msg/detail/geofence_result__type_support.h
[9.120s] -- Up-to-date: /home/maizaied03/ros2_ws/install/px4_msgs/include/px4_msgs/px4_msgs/msg/detail/vehicle_optical_flow_vel__struct.h
[9.120s] -- Up-to-date: /home/maizaied03/ros2_ws/install/px4_msgs/include/px4_msgs/px4_msgs/msg/detail/vehicle_attitude_setpoint__type_support.h
[9.120s] -- Up-to-date: /home/maizaied03/ros2_ws/install/px4_msgs/include/px4_msgs/px4_msgs/msg/detail/internal_combustion_engine_status__struct.h
[9.120s] -- Up-to-date: /home/maizaied03/ros2_ws/install/px4_msgs/include/px4_msgs/px4_msgs/msg/detail/sensor_baro__functions.c
[9.121s] -- Up-to-date: /home/maizaied03/ros2_ws/install/px4_msgs/include/px4_msgs/px4_msgs/msg/detail/orb_test_large__type_support.h
[9.121s] -- Up-to-date: /home/maizaied03/ros2_ws/install/px4_msgs/include/px4_msgs/px4_msgs/msg/detail/orb_test__struct.h
[9.121s] -- Up-to-date: /home/maizaied03/ros2_ws/install/px4_msgs/include/px4_msgs/px4_msgs/msg/detail/gpio_in__functions.h
[9.121s] -- Up-to-date: /home/maizaied03/ros2_ws/install/px4_msgs/include/px4_msgs/px4_msgs/msg/detail/sensor_uwb__struct.h
[9.121s] -- Up-to-date: /home/maizaied03/ros2_ws/install/px4_msgs/include/px4_msgs/px4_msgs/msg/detail/register_ext_component_reply__functions.h
[9.121s] -- Up-to-date: /home/maizaied03/ros2_ws/install/px4_msgs/include/px4_msgs/px4_msgs/msg/detail/open_drone_id_system__struct.h
[9.121s] -- Up-to-date: /home/maizaied03/ros2_ws/install/px4_msgs/include/px4_msgs/px4_msgs/msg/detail/vehicle_local_position__functions.h
[9.121s] -- Up-to-date: /home/maizaied03/ros2_ws/install/px4_msgs/include/px4_msgs/px4_msgs/msg/detail/mission__functions.h
[9.121s] -- Up-to-date: /home/maizaied03/ros2_ws/install/px4_msgs/include/px4_msgs/px4_msgs/msg/detail/ulog_stream_ack__type_support.h
[9.121s] -- Up-to-date: /home/maizaied03/ros2_ws/install/px4_msgs/include/px4_msgs/px4_msgs/msg/detail/orb_test_large__struct.h
[9.121s] -- Up-to-date: /home/maizaied03/ros2_ws/install/px4_msgs/include/px4_msgs/px4_msgs/msg/detail/camera_capture__functions.c
[9.121s] -- Up-to-date: /home/maizaied03/ros2_ws/install/px4_msgs/include/px4_msgs/px4_msgs/msg/detail/orb_test_medium__functions.h
[9.121s] -- Up-to-date: /home/maizaied03/ros2_ws/install/px4_msgs/include/px4_msgs/px4_msgs/msg/detail/parameter_set_value_response__type_support.h
[9.121s] -- Up-to-date: /home/maizaied03/ros2_ws/install/px4_msgs/include/px4_msgs/px4_msgs/msg/detail/estimator_bias__functions.h
[9.122s] -- Up-to-date: /home/maizaied03/ros2_ws/install/px4_msgs/include/px4_msgs/px4_msgs/msg/detail/actuator_motors__struct.h
[9.122s] -- Up-to-date: /home/maizaied03/ros2_ws/install/px4_msgs/include/px4_msgs/px4_msgs/msg/detail/sensor_optical_flow__struct.h
[9.122s] -- Up-to-date: /home/maizaied03/ros2_ws/install/px4_msgs/include/px4_msgs/px4_msgs/msg/detail/device_information__struct.h
[9.122s] -- Up-to-date: /home/maizaied03/ros2_ws/install/px4_msgs/include/px4_msgs/px4_msgs/msg/detail/lateral_control_configuration__functions.c
[9.122s] -- Up-to-date: /home/maizaied03/ros2_ws/install/px4_msgs/include/px4_msgs/px4_msgs/msg/detail/sensor_combined__functions.h
[9.122s] -- Up-to-date: /home/maizaied03/ros2_ws/install/px4_msgs/include/px4_msgs/px4_msgs/msg/detail/airspeed_wind__functions.c
[9.122s] -- Up-to-date: /home/maizaied03/ros2_ws/install/px4_msgs/include/px4_msgs/px4_msgs/msg/detail/sensor_preflight_mag__functions.h
[9.122s] -- Up-to-date: /home/maizaied03/ros2_ws/install/px4_msgs/include/px4_msgs/px4_msgs/msg/detail/estimator_sensor_bias__functions.h
[9.122s] -- Up-to-date: /home/maizaied03/ros2_ws/install/px4_msgs/include/px4_msgs/px4_msgs/msg/detail/register_ext_component_request__struct.h
[9.122s] -- Up-to-date: /home/maizaied03/ros2_ws/install/px4_msgs/include/px4_msgs/px4_msgs/msg/detail/tune_control__functions.h
[9.122s] -- Up-to-date: /home/maizaied03/ros2_ws/install/px4_msgs/include/px4_msgs/px4_msgs/msg/detail/mission__type_support.h
[9.122s] -- Up-to-date: /home/maizaied03/ros2_ws/install/px4_msgs/include/px4_msgs/px4_msgs/msg/detail/telemetry_status__struct.h
[9.122s] -- Up-to-date: /home/maizaied03/ros2_ws/install/px4_msgs/include/px4_msgs/px4_msgs/msg/detail/input_rc__functions.h
[9.122s] -- Up-to-date: /home/maizaied03/ros2_ws/install/px4_msgs/include/px4_msgs/px4_msgs/msg/detail/airspeed_validated__functions.c
[9.123s] -- Up-to-date: /home/maizaied03/ros2_ws/install/px4_msgs/include/px4_msgs/px4_msgs/msg/detail/uavcan_parameter_value__type_support.h
[9.123s] -- Up-to-date: /home/maizaied03/ros2_ws/install/px4_msgs/include/px4_msgs/px4_msgs/msg/detail/telemetry_status__functions.h
[9.123s] -- Up-to-date: /home/maizaied03/ros2_ws/install/px4_msgs/include/px4_msgs/px4_msgs/msg/detail/rover_attitude_status__struct.h
[9.123s] -- Up-to-date: /home/maizaied03/ros2_ws/install/px4_msgs/include/px4_msgs/px4_msgs/msg/detail/estimator_aid_source2d__struct.h
[9.123s] -- Up-to-date: /home/maizaied03/ros2_ws/install/px4_msgs/include/px4_msgs/px4_msgs/msg/detail/airspeed__struct.h
[9.123s] -- Up-to-date: /home/maizaied03/ros2_ws/install/px4_msgs/include/px4_msgs/px4_msgs/msg/detail/sensor_gps__struct.h
[9.123s] -- Up-to-date: /home/maizaied03/ros2_ws/install/px4_msgs/include/px4_msgs/px4_msgs/msg/detail/vtx__type_support.h
[9.123s] -- Up-to-date: /home/maizaied03/ros2_ws/install/px4_msgs/include/px4_msgs/px4_msgs/msg/detail/airspeed_wind__struct.h
[9.123s] -- Up-to-date: /home/maizaied03/ros2_ws/install/px4_msgs/include/px4_msgs/px4_msgs/msg/detail/gimbal_controls__type_support.h
[9.123s] -- Up-to-date: /home/maizaied03/ros2_ws/install/px4_msgs/include/px4_msgs/px4_msgs/msg/detail/wind__functions.c
[9.123s] -- Up-to-date: /home/maizaied03/ros2_ws/install/px4_msgs/include/px4_msgs/px4_msgs/msg/detail/debug_value__struct.h
[9.123s] -- Up-to-date: /home/maizaied03/ros2_ws/install/px4_msgs/include/px4_msgs/px4_msgs/msg/detail/esc_status__type_support.h
[9.124s] -- Up-to-date: /home/maizaied03/ros2_ws/install/px4_msgs/include/px4_msgs/px4_msgs/msg/detail/magnetometer_bias_estimate__functions.c
[9.124s] -- Up-to-date: /home/maizaied03/ros2_ws/install/px4_msgs/include/px4_msgs/px4_msgs/msg/detail/trajectory_setpoint__functions.h
[9.124s] -- Up-to-date: /home/maizaied03/ros2_ws/install/px4_msgs/include/px4_msgs/px4_msgs/msg/detail/estimator_aid_source1d__type_support.h
[9.124s] -- Up-to-date: /home/maizaied03/ros2_ws/install/px4_msgs/include/px4_msgs/px4_msgs/msg/detail/gps_inject_data__type_support.h
[9.124s] -- Up-to-date: /home/maizaied03/ros2_ws/install/px4_msgs/include/px4_msgs/px4_msgs/msg/detail/transponder_report__struct.h
[9.124s] -- Up-to-date: /home/maizaied03/ros2_ws/install/px4_msgs/include/px4_msgs/px4_msgs/msg/detail/rtl_status__functions.h
[9.124s] -- Up-to-date: /home/maizaied03/ros2_ws/install/px4_msgs/include/px4_msgs/px4_msgs/msg/detail/estimator_states__functions.h
[9.124s] -- Up-to-date: /home/maizaied03/ros2_ws/install/px4_msgs/include/px4_msgs/px4_msgs/msg/detail/rate_ctrl_status__functions.h
[9.124s] -- Up-to-date: /home/maizaied03/ros2_ws/install/px4_msgs/include/px4_msgs/px4_msgs/msg/detail/arming_check_request__functions.c
[9.124s] -- Up-to-date: /home/maizaied03/ros2_ws/install/px4_msgs/include/px4_msgs/px4_msgs/msg/detail/estimator_status__type_support.h
[9.124s] -- Up-to-date: /home/maizaied03/ros2_ws/install/px4_msgs/include/px4_msgs/px4_msgs/msg/detail/internal_combustion_engine_control__type_support.h
[9.124s] -- Up-to-date: /home/maizaied03/ros2_ws/install/px4_msgs/include/px4_msgs/px4_msgs/msg/detail/tune_control__type_support.h
[9.124s] -- Up-to-date: /home/maizaied03/ros2_ws/install/px4_msgs/include/px4_msgs/px4_msgs/msg/detail/follow_target__functions.c
[9.124s] -- Up-to-date: /home/maizaied03/ros2_ws/install/px4_msgs/include/px4_msgs/px4_msgs/msg/detail/vehicle_torque_setpoint__functions.h
[9.124s] -- Up-to-date: /home/maizaied03/ros2_ws/install/px4_msgs/include/px4_msgs/px4_msgs/msg/detail/vehicle_constraints__functions.h
[9.124s] -- Up-to-date: /home/maizaied03/ros2_ws/install/px4_msgs/include/px4_msgs/px4_msgs/msg/detail/gimbal_device_attitude_status__type_support.h
[9.125s] -- Up-to-date: /home/maizaied03/ros2_ws/install/px4_msgs/include/px4_msgs/px4_msgs/msg/detail/parameter_reset_request__functions.c
[9.125s] -- Up-to-date: /home/maizaied03/ros2_ws/install/px4_msgs/include/px4_msgs/px4_msgs/msg/detail/pure_pursuit_status__functions.h
[9.125s] -- Up-to-date: /home/maizaied03/ros2_ws/install/px4_msgs/include/px4_msgs/px4_msgs/msg/detail/cellular_status__type_support.h
[9.125s] -- Up-to-date: /home/maizaied03/ros2_ws/install/px4_msgs/include/px4_msgs/px4_msgs/msg/detail/ekf2_timestamps__type_support.h
[9.125s] -- Up-to-date: /home/maizaied03/ros2_ws/install/px4_msgs/include/px4_msgs/px4_msgs/msg/detail/system_power__struct.h
[9.125s] -- Up-to-date: /home/maizaied03/ros2_ws/install/px4_msgs/include/px4_msgs/px4_msgs/msg/detail/actuator_servos_trim__type_support.h
[9.125s] -- Up-to-date: /home/maizaied03/ros2_ws/install/px4_msgs/include/px4_msgs/px4_msgs/msg/detail/follow_target_estimator__functions.h
[9.125s] -- Up-to-date: /home/maizaied03/ros2_ws/install/px4_msgs/include/px4_msgs/px4_msgs/msg/detail/onboard_computer_status__functions.h
[9.125s] -- Up-to-date: /home/maizaied03/ros2_ws/install/px4_msgs/include/px4_msgs/px4_msgs/msg/detail/unregister_ext_component__functions.c
[9.125s] -- Up-to-date: /home/maizaied03/ros2_ws/install/px4_msgs/include/px4_msgs/px4_msgs/msg/detail/navigator_status__type_support.h
[9.125s] -- Up-to-date: /home/maizaied03/ros2_ws/install/px4_msgs/include/px4_msgs/px4_msgs/msg/detail/vehicle_angular_velocity__type_support.h
[9.125s] -- Up-to-date: /home/maizaied03/ros2_ws/install/px4_msgs/include/px4_msgs/px4_msgs/msg/detail/sensors_status_imu__functions.c
[9.125s] -- Up-to-date: /home/maizaied03/ros2_ws/install/px4_msgs/include/px4_msgs/px4_msgs/msg/detail/airspeed_wind__type_support.h
[9.125s] -- Up-to-date: /home/maizaied03/ros2_ws/install/px4_msgs/include/px4_msgs/px4_msgs/msg/detail/airspeed__functions.h
[9.126s] -- Up-to-date: /home/maizaied03/ros2_ws/install/px4_msgs/include/px4_msgs/px4_msgs/msg/detail/wheel_encoders__functions.c
[9.126s] -- Up-to-date: /home/maizaied03/ros2_ws/install/px4_msgs/include/px4_msgs/px4_msgs/msg/detail/sensor_selection__type_support.h
[9.126s] -- Up-to-date: /home/maizaied03/ros2_ws/install/px4_msgs/include/px4_msgs/px4_msgs/msg/detail/fuel_tank_status__struct.h
[9.126s] -- Up-to-date: /home/maizaied03/ros2_ws/install/px4_msgs/include/px4_msgs/px4_msgs/msg/detail/gimbal_controls__struct.h
[9.126s] -- Up-to-date: /home/maizaied03/ros2_ws/install/px4_msgs/include/px4_msgs/px4_msgs/msg/detail/position_setpoint__type_support.h
[9.126s] -- Up-to-date: /home/maizaied03/ros2_ws/install/px4_msgs/include/px4_msgs/px4_msgs/msg/detail/ping__functions.h
[9.126s] -- Up-to-date: /home/maizaied03/ros2_ws/install/px4_msgs/include/px4_msgs/px4_msgs/msg/detail/vehicle_air_data__type_support.h
[9.126s] -- Up-to-date: /home/maizaied03/ros2_ws/install/px4_msgs/include/px4_msgs/px4_msgs/msg/detail/velocity_limits__functions.c
[9.126s] -- Up-to-date: /home/maizaied03/ros2_ws/install/px4_msgs/include/px4_msgs/px4_msgs/msg/detail/pwm_input__type_support.h
[9.126s] -- Up-to-date: /home/maizaied03/ros2_ws/install/px4_msgs/include/px4_msgs/px4_msgs/msg/detail/dataman_request__functions.h
[9.126s] -- Up-to-date: /home/maizaied03/ros2_ws/install/px4_msgs/include/px4_msgs/px4_msgs/msg/detail/vehicle_constraints__functions.c
[9.126s] -- Up-to-date: /home/maizaied03/ros2_ws/install/px4_msgs/include/px4_msgs/px4_msgs/msg/detail/sensor_gyro_fifo__struct.h
[9.127s] -- Up-to-date: /home/maizaied03/ros2_ws/install/px4_msgs/include/px4_msgs/px4_msgs/msg/detail/geofence_result__struct.h
[9.127s] -- Up-to-date: /home/maizaied03/ros2_ws/install/px4_msgs/include/px4_msgs/px4_msgs/msg/detail/parameter_set_value_request__type_support.h
[9.127s] -- Up-to-date: /home/maizaied03/ros2_ws/install/px4_msgs/include/px4_msgs/px4_msgs/msg/detail/estimator_gps_status__struct.h
[9.127s] -- Up-to-date: /home/maizaied03/ros2_ws/install/px4_msgs/include/px4_msgs/px4_msgs/msg/detail/position_controller_status__struct.h
[9.127s] -- Up-to-date: /home/maizaied03/ros2_ws/install/px4_msgs/include/px4_msgs/px4_msgs/msg/detail/position_controller_landing_status__functions.h
[9.127s] -- Up-to-date: /home/maizaied03/ros2_ws/install/px4_msgs/include/px4_msgs/px4_msgs/msg/detail/trajectory_setpoint6dof__functions.c
[9.127s] -- Up-to-date: /home/maizaied03/ros2_ws/install/px4_msgs/include/px4_msgs/px4_msgs/msg/detail/landing_target_innovations__struct.h
[9.127s] -- Up-to-date: /home/maizaied03/ros2_ws/install/px4_msgs/include/px4_msgs/px4_msgs/msg/detail/power_button_state__struct.h
[9.127s] -- Up-to-date: /home/maizaied03/ros2_ws/install/px4_msgs/include/px4_msgs/px4_msgs/msg/detail/estimator_status_flags__functions.c
[9.127s] -- Up-to-date: /home/maizaied03/ros2_ws/install/px4_msgs/include/px4_msgs/px4_msgs/msg/detail/parameter_reset_request__functions.h
[9.127s] -- Up-to-date: /home/maizaied03/ros2_ws/install/px4_msgs/include/px4_msgs/px4_msgs/msg/detail/led_control__struct.h
[9.128s] -- Up-to-date: /home/maizaied03/ros2_ws/install/px4_msgs/include/px4_msgs/px4_msgs/msg/detail/health_report__struct.h
[9.128s] -- Up-to-date: /home/maizaied03/ros2_ws/install/px4_msgs/include/px4_msgs/px4_msgs/msg/detail/pps_capture__functions.h
[9.128s] -- Up-to-date: /home/maizaied03/ros2_ws/install/px4_msgs/include/px4_msgs/px4_msgs/msg/detail/input_rc__struct.h
[9.128s] -- Up-to-date: /home/maizaied03/ros2_ws/install/px4_msgs/include/px4_msgs/px4_msgs/msg/detail/camera_status__type_support.h
[9.128s] -- Up-to-date: /home/maizaied03/ros2_ws/install/px4_msgs/include/px4_msgs/px4_msgs/msg/detail/vehicle_odometry__struct.h
[9.128s] -- Up-to-date: /home/maizaied03/ros2_ws/install/px4_msgs/include/px4_msgs/px4_msgs/msg/detail/offboard_control_mode__struct.h
[9.128s] -- Up-to-date: /home/maizaied03/ros2_ws/install/px4_msgs/include/px4_msgs/px4_msgs/msg/detail/normalized_unsigned_setpoint__functions.h
[9.128s] -- Up-to-date: /home/maizaied03/ros2_ws/install/px4_msgs/include/px4_msgs/px4_msgs/msg/detail/power_monitor__type_support.h
[9.128s] -- Up-to-date: /home/maizaied03/ros2_ws/install/px4_msgs/include/px4_msgs/px4_msgs/msg/detail/vehicle_rates_setpoint__functions.c
[9.128s] -- Up-to-date: /home/maizaied03/ros2_ws/install/px4_msgs/include/px4_msgs/px4_msgs/msg/detail/home_position__struct.h
[9.128s] -- Up-to-date: /home/maizaied03/ros2_ws/install/px4_msgs/include/px4_msgs/px4_msgs/msg/detail/rtl_status__type_support.h
[9.128s] -- Up-to-date: /home/maizaied03/ros2_ws/install/px4_msgs/include/px4_msgs/px4_msgs/msg/detail/tune_control__struct.h
[9.128s] -- Up-to-date: /home/maizaied03/ros2_ws/install/px4_msgs/include/px4_msgs/px4_msgs/msg/detail/qshell_retval__type_support.h
[9.128s] -- Up-to-date: /home/maizaied03/ros2_ws/install/px4_msgs/include/px4_msgs/px4_msgs/msg/detail/fixed_wing_runway_control__functions.c
[9.128s] -- Up-to-date: /home/maizaied03/ros2_ws/install/px4_msgs/include/px4_msgs/px4_msgs/msg/detail/vehicle_rates_setpoint__struct.h
[9.129s] -- Up-to-date: /home/maizaied03/ros2_ws/install/px4_msgs/include/px4_msgs/px4_msgs/msg/detail/follow_target_status__type_support.h
[9.129s] -- Up-to-date: /home/maizaied03/ros2_ws/install/px4_msgs/include/px4_msgs/px4_msgs/msg/detail/home_position__functions.c
[9.129s] -- Up-to-date: /home/maizaied03/ros2_ws/install/px4_msgs/include/px4_msgs/px4_msgs/msg/detail/rover_rate_setpoint__type_support.h
[9.129s] -- Up-to-date: /home/maizaied03/ros2_ws/install/px4_msgs/include/px4_msgs/px4_msgs/msg/detail/irlock_report__type_support.h
[9.129s] -- Up-to-date: /home/maizaied03/ros2_ws/install/px4_msgs/include/px4_msgs/px4_msgs/msg/detail/gimbal_device_set_attitude__type_support.h
[9.129s] -- Up-to-date: /home/maizaied03/ros2_ws/install/px4_msgs/include/px4_msgs/px4_msgs/msg/detail/vehicle_attitude__functions.c
[9.129s] -- Up-to-date: /home/maizaied03/ros2_ws/install/px4_msgs/include/px4_msgs/px4_msgs/msg/detail/esc_report__functions.c
[9.129s] -- Up-to-date: /home/maizaied03/ros2_ws/install/px4_msgs/include/px4_msgs/px4_msgs/msg/detail/sensor_accel__functions.h
[9.129s] -- Up-to-date: /home/maizaied03/ros2_ws/install/px4_msgs/include/px4_msgs/px4_msgs/msg/detail/rover_steering_setpoint__functions.h
[9.129s] -- Up-to-date: /home/maizaied03/ros2_ws/install/px4_msgs/include/px4_msgs/px4_msgs/msg/detail/gimbal_manager_set_manual_control__struct.h
[9.129s] -- Up-to-date: /home/maizaied03/ros2_ws/install/px4_msgs/include/px4_msgs/px4_msgs/msg/detail/debug_vect__type_support.h
[9.129s] -- Up-to-date: /home/maizaied03/ros2_ws/install/px4_msgs/include/px4_msgs/px4_msgs/msg/detail/follow_target_status__functions.h
[9.129s] -- Up-to-date: /home/maizaied03/ros2_ws/install/px4_msgs/include/px4_msgs/px4_msgs/msg/detail/gpio_config__functions.c
[9.129s] -- Up-to-date: /home/maizaied03/ros2_ws/install/px4_msgs/include/px4_msgs/px4_msgs/msg/detail/sensor_gnss_status__functions.h
[9.129s] -- Up-to-date: /home/maizaied03/ros2_ws/install/px4_msgs/include/px4_msgs/px4_msgs/msg/detail/mag_worker_data__struct.h
[9.129s] -- Up-to-date: /home/maizaied03/ros2_ws/install/px4_msgs/include/px4_msgs/px4_msgs/msg/detail/rover_steering_setpoint__type_support.h
[9.130s] -- Up-to-date: /home/maizaied03/ros2_ws/install/px4_msgs/include/px4_msgs/px4_msgs/msg/detail/rover_attitude_status__functions.h
[9.130s] -- Up-to-date: /home/maizaied03/ros2_ws/install/px4_msgs/include/px4_msgs/px4_msgs/msg/detail/fixed_wing_lateral_status__type_support.h
[9.130s] -- Up-to-date: /home/maizaied03/ros2_ws/install/px4_msgs/include/px4_msgs/px4_msgs/msg/detail/sensor_uwb__functions.c
[9.130s] -- Up-to-date: /home/maizaied03/ros2_ws/install/px4_msgs/include/px4_msgs/px4_msgs/msg/message_format_response.h
[9.130s] -- Up-to-date: /home/maizaied03/ros2_ws/install/px4_msgs/include/px4_msgs/px4_msgs/msg/airspeed.h
[9.130s] -- Up-to-date: /home/maizaied03/ros2_ws/install/px4_msgs/include/px4_msgs/px4_msgs/msg/sensor_selection.h
[9.130s] -- Up-to-date: /home/maizaied03/ros2_ws/install/px4_msgs/include/px4_msgs/px4_msgs/msg/wheel_encoders.h
[9.130s] -- Up-to-date: /home/maizaied03/ros2_ws/install/px4_msgs/include/px4_msgs/px4_msgs/msg/estimator_gps_status.h
[9.130s] -- Up-to-date: /home/maizaied03/ros2_ws/install/px4_msgs/include/px4_msgs/px4_msgs/msg/sensor_hygrometer.h
[9.130s] -- Up-to-date: /home/maizaied03/ros2_ws/install/px4_msgs/include/px4_msgs/px4_msgs/msg/goto_setpoint.h
[9.130s] -- Up-to-date: /home/maizaied03/ros2_ws/install/px4_msgs/include/px4_msgs/px4_msgs/msg/actuator_servos_trim.h
[9.130s] -- Up-to-date: /home/maizaied03/ros2_ws/install/px4_msgs/include/px4_msgs/px4_msgs/msg/open_drone_id_arm_status.h
[9.130s] -- Up-to-date: /home/maizaied03/ros2_ws/install/px4_msgs/include/px4_msgs/px4_msgs/msg/gimbal_device_information.h
[9.131s] -- Up-to-date: /home/maizaied03/ros2_ws/install/px4_msgs/include/px4_msgs/px4_msgs/msg/flight_phase_estimation.h
[9.131s] -- Up-to-date: /home/maizaied03/ros2_ws/install/px4_msgs/include/px4_msgs/px4_msgs/msg/iridiumsbd_status.h
[9.131s] -- Up-to-date: /home/maizaied03/ros2_ws/install/px4_msgs/include/px4_msgs/px4_msgs/msg/debug_vect.h
[9.131s] -- Up-to-date: /home/maizaied03/ros2_ws/install/px4_msgs/include/px4_msgs/px4_msgs/msg/actuator_servos.h
[9.131s] -- Up-to-date: /home/maizaied03/ros2_ws/install/px4_msgs/include/px4_msgs/px4_msgs/msg/vehicle_magnetometer.h
[9.131s] -- Up-to-date: /home/maizaied03/ros2_ws/install/px4_msgs/include/px4_msgs/px4_msgs/msg/sensor_preflight_mag.h
[9.131s] -- Up-to-date: /home/maizaied03/ros2_ws/install/px4_msgs/include/px4_msgs/px4_msgs/msg/vehicle_optical_flow.h
[9.131s] -- Up-to-date: /home/maizaied03/ros2_ws/install/px4_msgs/include/px4_msgs/px4_msgs/msg/gripper.h
[9.131s] -- Up-to-date: /home/maizaied03/ros2_ws/install/px4_msgs/include/px4_msgs/px4_msgs/msg/transponder_report.h
[9.131s] -- Up-to-date: /home/maizaied03/ros2_ws/install/px4_msgs/include/px4_msgs/px4_msgs/msg/log_message.h
[9.131s] -- Up-to-date: /home/maizaied03/ros2_ws/install/px4_msgs/include/px4_msgs/px4_msgs/msg/estimator_aid_source2d.h
[9.131s] -- Up-to-date: /home/maizaied03/ros2_ws/install/px4_msgs/include/px4_msgs/px4_msgs/msg/fixed_wing_lateral_setpoint.h
[9.131s] -- Up-to-date: /home/maizaied03/ros2_ws/install/px4_msgs/include/px4_msgs/px4_msgs/msg/ulog_stream_ack.h
[9.132s] -- Up-to-date: /home/maizaied03/ros2_ws/install/px4_msgs/include/px4_msgs/px4_msgs/msg/rpm.h
[9.132s] -- Up-to-date: /home/maizaied03/ros2_ws/install/px4_msgs/include/px4_msgs/px4_msgs/msg/vehicle_local_position.h
[9.132s] -- Up-to-date: /home/maizaied03/ros2_ws/install/px4_msgs/include/px4_msgs/px4_msgs/msg/failsafe_flags.h
[9.132s] -- Up-to-date: /home/maizaied03/ros2_ws/install/px4_msgs/include/px4_msgs/px4_msgs/msg/sensors_status_imu.h
[9.132s] -- Up-to-date: /home/maizaied03/ros2_ws/install/px4_msgs/include/px4_msgs/px4_msgs/msg/estimator_aid_source3d.h
[9.132s] -- Up-to-date: /home/maizaied03/ros2_ws/install/px4_msgs/include/px4_msgs/px4_msgs/msg/estimator_event_flags.h
[9.132s] -- Up-to-date: /home/maizaied03/ros2_ws/install/px4_msgs/include/px4_msgs/px4_msgs/msg/register_ext_component_reply.h
[9.132s] -- Up-to-date: /home/maizaied03/ros2_ws/install/px4_msgs/include/px4_msgs/px4_msgs/msg/gimbal_device_attitude_status.h
[9.132s] -- Up-to-date: /home/maizaied03/ros2_ws/install/px4_msgs/include/px4_msgs/px4_msgs/msg/vehicle_odometry.h
[9.132s] -- Up-to-date: /home/maizaied03/ros2_ws/install/px4_msgs/include/px4_msgs/px4_msgs/msg/geofence_status.h
[9.132s] -- Up-to-date: /home/maizaied03/ros2_ws/install/px4_msgs/include/px4_msgs/px4_msgs/msg/differential_pressure.h
[9.132s] -- Up-to-date: /home/maizaied03/ros2_ws/install/px4_msgs/include/px4_msgs/px4_msgs/msg/ekf2_timestamps.h
[9.132s] -- Up-to-date: /home/maizaied03/ros2_ws/install/px4_msgs/include/px4_msgs/px4_msgs/msg/irlock_report.h
[9.133s] -- Up-to-date: /home/maizaied03/ros2_ws/install/px4_msgs/include/px4_msgs/px4_msgs/msg/airspeed_validated.h
[9.133s] -- Up-to-date: /home/maizaied03/ros2_ws/install/px4_msgs/include/px4_msgs/px4_msgs/msg/obstacle_distance.h
[9.133s] -- Up-to-date: /home/maizaied03/ros2_ws/install/px4_msgs/include/px4_msgs/px4_msgs/msg/vehicle_land_detected.h
[9.133s] -- Up-to-date: /home/maizaied03/ros2_ws/install/px4_msgs/include/px4_msgs/px4_msgs/msg/system_power.h
[9.133s] -- Up-to-date: /home/maizaied03/ros2_ws/install/px4_msgs/include/px4_msgs/px4_msgs/msg/longitudinal_control_configuration.h
[9.133s] -- Up-to-date: /home/maizaied03/ros2_ws/install/px4_msgs/include/px4_msgs/px4_msgs/msg/rc_parameter_map.h
[9.133s] -- Up-to-date: /home/maizaied03/ros2_ws/install/px4_msgs/include/px4_msgs/px4_msgs/msg/mode_completed.h
[9.133s] -- Up-to-date: /home/maizaied03/ros2_ws/install/px4_msgs/include/px4_msgs/px4_msgs/msg/orb_test_large.h
[9.133s] -- Up-to-date: /home/maizaied03/ros2_ws/install/px4_msgs/include/px4_msgs/px4_msgs/msg/sensor_baro.h
[9.133s] -- Up-to-date: /home/maizaied03/ros2_ws/install/px4_msgs/include/px4_msgs/px4_msgs/msg/vehicle_air_data.h
[9.133s] -- Up-to-date: /home/maizaied03/ros2_ws/install/px4_msgs/include/px4_msgs/px4_msgs/msg/airspeed_wind.h
[9.133s] -- Up-to-date: /home/maizaied03/ros2_ws/install/px4_msgs/include/px4_msgs/px4_msgs/msg/vehicle_angular_velocity.h
[9.133s] -- Up-to-date: /home/maizaied03/ros2_ws/install/px4_msgs/include/px4_msgs/px4_msgs/msg/rover_steering_setpoint.h
[9.134s] -- Up-to-date: /home/maizaied03/ros2_ws/install/px4_msgs/include/px4_msgs/px4_msgs/msg/sensor_gps.h
[9.134s] -- Up-to-date: /home/maizaied03/ros2_ws/install/px4_msgs/include/px4_msgs/px4_msgs/msg/power_button_state.h
[9.134s] -- Up-to-date: /home/maizaied03/ros2_ws/install/px4_msgs/include/px4_msgs/px4_msgs/msg/parameter_reset_request.h
[9.134s] -- Up-to-date: /home/maizaied03/ros2_ws/install/px4_msgs/include/px4_msgs/px4_msgs/msg/distance_sensor.h
[9.134s] -- Up-to-date: /home/maizaied03/ros2_ws/install/px4_msgs/include/px4_msgs/px4_msgs/msg/generator_status.h
[9.134s] -- Up-to-date: /home/maizaied03/ros2_ws/install/px4_msgs/include/px4_msgs/px4_msgs/msg/fuel_tank_status.h
[9.134s] -- Up-to-date: /home/maizaied03/ros2_ws/install/px4_msgs/include/px4_msgs/px4_msgs/msg/cellular_status.h
[9.134s] -- Up-to-date: /home/maizaied03/ros2_ws/install/px4_msgs/include/px4_msgs/px4_msgs/msg/parameter_set_value_request.h
[9.134s] -- Up-to-date: /home/maizaied03/ros2_ws/install/px4_msgs/include/px4_msgs/px4_msgs/msg/vehicle_imu.h
[9.134s] -- Up-to-date: /home/maizaied03/ros2_ws/install/px4_msgs/include/px4_msgs/px4_msgs/msg/pwm_input.h
[9.134s] -- Up-to-date: /home/maizaied03/ros2_ws/install/px4_msgs/include/px4_msgs/px4_msgs/msg/estimator_sensor_bias.h
[9.134s] -- Up-to-date: /home/maizaied03/ros2_ws/install/px4_msgs/include/px4_msgs/px4_msgs/msg/position_setpoint.h
[9.135s] -- Up-to-date: /home/maizaied03/ros2_ws/install/px4_msgs/include/px4_msgs/px4_msgs/msg/pure_pursuit_status.h
[9.135s] -- Up-to-date: /home/maizaied03/ros2_ws/install/px4_msgs/include/px4_msgs/px4_msgs/msg/vehicle_attitude.h
[9.135s] -- Up-to-date: /home/maizaied03/ros2_ws/install/px4_msgs/include/px4_msgs/px4_msgs/msg/estimator_status.h
[9.135s] -- Up-to-date: /home/maizaied03/ros2_ws/install/px4_msgs/include/px4_msgs/px4_msgs/msg/camera_status.h
[9.135s] -- Up-to-date: /home/maizaied03/ros2_ws/install/px4_msgs/include/px4_msgs/px4_msgs/msg/register_ext_component_request.h
[9.135s] -- Up-to-date: /home/maizaied03/ros2_ws/install/px4_msgs/include/px4_msgs/px4_msgs/msg/vehicle_status.h
[9.135s] -- Up-to-date: /home/maizaied03/ros2_ws/install/px4_msgs/include/px4_msgs/px4_msgs/msg/estimator_states.h
[9.135s] -- Up-to-date: /home/maizaied03/ros2_ws/install/px4_msgs/include/px4_msgs/px4_msgs/msg/input_rc.h
[9.135s] -- Up-to-date: /home/maizaied03/ros2_ws/install/px4_msgs/include/px4_msgs/px4_msgs/msg/rover_speed_setpoint.h
[9.135s] -- Up-to-date: /home/maizaied03/ros2_ws/install/px4_msgs/include/px4_msgs/px4_msgs/msg/esc_report.h
[9.135s] -- Up-to-date: /home/maizaied03/ros2_ws/install/px4_msgs/include/px4_msgs/px4_msgs/msg/actuator_controls_status.h
[9.136s] -- Up-to-date: /home/maizaied03/ros2_ws/install/px4_msgs/include/px4_msgs/px4_msgs/srv
[9.136s] -- Up-to-date: /home/maizaied03/ros2_ws/install/px4_msgs/include/px4_msgs/px4_msgs/srv/vehicle_command.h
[9.136s] -- Up-to-date: /home/maizaied03/ros2_ws/install/px4_msgs/include/px4_msgs/px4_msgs/srv/detail
[9.136s] -- Up-to-date: /home/maizaied03/ros2_ws/install/px4_msgs/include/px4_msgs/px4_msgs/srv/detail/vehicle_command__struct.h
[9.136s] -- Up-to-date: /home/maizaied03/ros2_ws/install/px4_msgs/include/px4_msgs/px4_msgs/srv/detail/vehicle_command__functions.h
[9.136s] -- Up-to-date: /home/maizaied03/ros2_ws/install/px4_msgs/include/px4_msgs/px4_msgs/srv/detail/vehicle_command__functions.c
[9.136s] -- Up-to-date: /home/maizaied03/ros2_ws/install/px4_msgs/include/px4_msgs/px4_msgs/srv/detail/vehicle_command__type_support.h
[9.136s] -- Up-to-date: /home/maizaied03/ros2_ws/install/px4_msgs/share/px4_msgs/environment/library_path.sh
[9.136s] -- Up-to-date: /home/maizaied03/ros2_ws/install/px4_msgs/share/px4_msgs/environment/library_path.dsv
[9.136s] -- Up-to-date: /home/maizaied03/ros2_ws/install/px4_msgs/lib/libpx4_msgs__rosidl_generator_c.so
[9.136s] -- Up-to-date: /home/maizaied03/ros2_ws/install/px4_msgs/include/px4_msgs/px4_msgs
[9.136s] -- Up-to-date: /home/maizaied03/ros2_ws/install/px4_msgs/include/px4_msgs/px4_msgs/msg
[9.136s] -- Up-to-date: /home/maizaied03/ros2_ws/install/px4_msgs/include/px4_msgs/px4_msgs/msg/rosidl_typesupport_fastrtps_c__visibility_control.h
[9.136s] -- Up-to-date: /home/maizaied03/ros2_ws/install/px4_msgs/include/px4_msgs/px4_msgs/msg/detail
[9.137s] -- Up-to-date: /home/maizaied03/ros2_ws/install/px4_msgs/include/px4_msgs/px4_msgs/msg/detail/estimator_status_flags__rosidl_typesupport_fastrtps_c.h
[9.137s] -- Up-to-date: /home/maizaied03/ros2_ws/install/px4_msgs/include/px4_msgs/px4_msgs/msg/detail/fixed_wing_lateral_setpoint__rosidl_typesupport_fastrtps_c.h
[9.137s] -- Up-to-date: /home/maizaied03/ros2_ws/install/px4_msgs/include/px4_msgs/px4_msgs/msg/detail/system_power__rosidl_typesupport_fastrtps_c.h
[9.137s] -- Up-to-date: /home/maizaied03/ros2_ws/install/px4_msgs/include/px4_msgs/px4_msgs/msg/detail/vehicle_torque_setpoint__rosidl_typesupport_fastrtps_c.h
[9.137s] -- Up-to-date: /home/maizaied03/ros2_ws/install/px4_msgs/include/px4_msgs/px4_msgs/msg/detail/esc_report__rosidl_typesupport_fastrtps_c.h
[9.137s] -- Up-to-date: /home/maizaied03/ros2_ws/install/px4_msgs/include/px4_msgs/px4_msgs/msg/detail/vehicle_angular_velocity__rosidl_typesupport_fastrtps_c.h
[9.137s] -- Up-to-date: /home/maizaied03/ros2_ws/install/px4_msgs/include/px4_msgs/px4_msgs/msg/detail/parameter_update__rosidl_typesupport_fastrtps_c.h
[9.137s] -- Up-to-date: /home/maizaied03/ros2_ws/install/px4_msgs/include/px4_msgs/px4_msgs/msg/detail/parameter_set_value_request__rosidl_typesupport_fastrtps_c.h
[9.137s] -- Up-to-date: /home/maizaied03/ros2_ws/install/px4_msgs/include/px4_msgs/px4_msgs/msg/detail/qshell_req__rosidl_typesupport_fastrtps_c.h
[9.137s] -- Up-to-date: /home/maizaied03/ros2_ws/install/px4_msgs/include/px4_msgs/px4_msgs/msg/detail/actuator_servos_trim__rosidl_typesupport_fastrtps_c.h
[9.137s] -- Up-to-date: /home/maizaied03/ros2_ws/install/px4_msgs/include/px4_msgs/px4_msgs/msg/detail/vehicle_global_position__rosidl_typesupport_fastrtps_c.h
[9.137s] -- Up-to-date: /home/maizaied03/ros2_ws/install/px4_msgs/include/px4_msgs/px4_msgs/msg/detail/orb_test_large__rosidl_typesupport_fastrtps_c.h
[9.137s] -- Up-to-date: /home/maizaied03/ros2_ws/install/px4_msgs/include/px4_msgs/px4_msgs/msg/detail/gimbal_device_attitude_status__rosidl_typesupport_fastrtps_c.h
[9.138s] -- Up-to-date: /home/maizaied03/ros2_ws/install/px4_msgs/include/px4_msgs/px4_msgs/msg/detail/tune_control__rosidl_typesupport_fastrtps_c.h
[9.138s] -- Up-to-date: /home/maizaied03/ros2_ws/install/px4_msgs/include/px4_msgs/px4_msgs/msg/detail/open_drone_id_self_id__rosidl_typesupport_fastrtps_c.h
[9.138s] -- Up-to-date: /home/maizaied03/ros2_ws/install/px4_msgs/include/px4_msgs/px4_msgs/msg/detail/manual_control_setpoint__rosidl_typesupport_fastrtps_c.h
[9.138s] -- Up-to-date: /home/maizaied03/ros2_ws/install/px4_msgs/include/px4_msgs/px4_msgs/msg/detail/mode_completed__rosidl_typesupport_fastrtps_c.h
[9.138s] -- Up-to-date: /home/maizaied03/ros2_ws/install/px4_msgs/include/px4_msgs/px4_msgs/msg/detail/sensor_accel_fifo__rosidl_typesupport_fastrtps_c.h
[9.138s] -- Up-to-date: /home/maizaied03/ros2_ws/install/px4_msgs/include/px4_msgs/px4_msgs/msg/detail/action_request__rosidl_typesupport_fastrtps_c.h
[9.138s] -- Up-to-date: /home/maizaied03/ros2_ws/install/px4_msgs/include/px4_msgs/px4_msgs/msg/detail/rover_throttle_setpoint__rosidl_typesupport_fastrtps_c.h
[9.138s] -- Up-to-date: /home/maizaied03/ros2_ws/install/px4_msgs/include/px4_msgs/px4_msgs/msg/detail/vehicle_air_data__rosidl_typesupport_fastrtps_c.h
[9.138s] -- Up-to-date: /home/maizaied03/ros2_ws/install/px4_msgs/include/px4_msgs/px4_msgs/msg/detail/sensor_gnss_relative__rosidl_typesupport_fastrtps_c.h
[9.138s] -- Up-to-date: /home/maizaied03/ros2_ws/install/px4_msgs/include/px4_msgs/px4_msgs/msg/detail/vehicle_constraints__rosidl_typesupport_fastrtps_c.h
[9.138s] -- Up-to-date: /home/maizaied03/ros2_ws/install/px4_msgs/include/px4_msgs/px4_msgs/msg/detail/dataman_response__rosidl_typesupport_fastrtps_c.h
[9.138s] -- Up-to-date: /home/maizaied03/ros2_ws/install/px4_msgs/include/px4_msgs/px4_msgs/msg/detail/manual_control_switches__rosidl_typesupport_fastrtps_c.h
[9.138s] -- Up-to-date: /home/maizaied03/ros2_ws/install/px4_msgs/include/px4_msgs/px4_msgs/msg/detail/airspeed_wind__rosidl_typesupport_fastrtps_c.h
[9.138s] -- Up-to-date: /home/maizaied03/ros2_ws/install/px4_msgs/include/px4_msgs/px4_msgs/msg/detail/sensor_mag__rosidl_typesupport_fastrtps_c.h
[9.139s] -- Up-to-date: /home/maizaied03/ros2_ws/install/px4_msgs/include/px4_msgs/px4_msgs/msg/detail/gimbal_manager_set_attitude__rosidl_typesupport_fastrtps_c.h
[9.139s] -- Up-to-date: /home/maizaied03/ros2_ws/install/px4_msgs/include/px4_msgs/px4_msgs/msg/detail/rc_channels__rosidl_typesupport_fastrtps_c.h
[9.139s] -- Up-to-date: /home/maizaied03/ros2_ws/install/px4_msgs/include/px4_msgs/px4_msgs/msg/detail/vehicle_local_position_setpoint__rosidl_typesupport_fastrtps_c.h
[9.139s] -- Up-to-date: /home/maizaied03/ros2_ws/install/px4_msgs/include/px4_msgs/px4_msgs/msg/detail/vehicle_local_position__rosidl_typesupport_fastrtps_c.h
[9.139s] -- Up-to-date: /home/maizaied03/ros2_ws/install/px4_msgs/include/px4_msgs/px4_msgs/msg/detail/gain_compression__rosidl_typesupport_fastrtps_c.h
[9.139s] -- Up-to-date: /home/maizaied03/ros2_ws/install/px4_msgs/include/px4_msgs/px4_msgs/msg/detail/wheel_encoders__rosidl_typesupport_fastrtps_c.h
[9.139s] -- Up-to-date: /home/maizaied03/ros2_ws/install/px4_msgs/include/px4_msgs/px4_msgs/msg/detail/mission_result__rosidl_typesupport_fastrtps_c.h
[9.139s] -- Up-to-date: /home/maizaied03/ros2_ws/install/px4_msgs/include/px4_msgs/px4_msgs/msg/detail/estimator_selector_status__rosidl_typesupport_fastrtps_c.h
[9.139s] -- Up-to-date: /home/maizaied03/ros2_ws/install/px4_msgs/include/px4_msgs/px4_msgs/msg/detail/sensor_temp__rosidl_typesupport_fastrtps_c.h
[9.139s] -- Up-to-date: /home/maizaied03/ros2_ws/install/px4_msgs/include/px4_msgs/px4_msgs/msg/detail/task_stack_info__rosidl_typesupport_fastrtps_c.h
[9.139s] -- Up-to-date: /home/maizaied03/ros2_ws/install/px4_msgs/include/px4_msgs/px4_msgs/msg/detail/navigator_status__rosidl_typesupport_fastrtps_c.h
[9.140s] -- Up-to-date: /home/maizaied03/ros2_ws/install/px4_msgs/include/px4_msgs/px4_msgs/msg/detail/generator_status__rosidl_typesupport_fastrtps_c.h
[9.140s] -- Up-to-date: /home/maizaied03/ros2_ws/install/px4_msgs/include/px4_msgs/px4_msgs/msg/detail/neural_control__rosidl_typesupport_fastrtps_c.h
[9.140s] -- Up-to-date: /home/maizaied03/ros2_ws/install/px4_msgs/include/px4_msgs/px4_msgs/msg/detail/button_event__rosidl_typesupport_fastrtps_c.h
[9.140s] -- Up-to-date: /home/maizaied03/ros2_ws/install/px4_msgs/include/px4_msgs/px4_msgs/msg/detail/mag_worker_data__rosidl_typesupport_fastrtps_c.h
[9.140s] -- Up-to-date: /home/maizaied03/ros2_ws/install/px4_msgs/include/px4_msgs/px4_msgs/msg/detail/pps_capture__rosidl_typesupport_fastrtps_c.h
[9.140s] -- Up-to-date: /home/maizaied03/ros2_ws/install/px4_msgs/include/px4_msgs/px4_msgs/msg/detail/uavcan_parameter_request__rosidl_typesupport_fastrtps_c.h
[9.140s] -- Up-to-date: /home/maizaied03/ros2_ws/install/px4_msgs/include/px4_msgs/px4_msgs/msg/detail/sensor_optical_flow__rosidl_typesupport_fastrtps_c.h
[9.140s] -- Up-to-date: /home/maizaied03/ros2_ws/install/px4_msgs/include/px4_msgs/px4_msgs/msg/detail/landing_gear_wheel__rosidl_typesupport_fastrtps_c.h
[9.140s] -- Up-to-date: /home/maizaied03/ros2_ws/install/px4_msgs/include/px4_msgs/px4_msgs/msg/detail/unregister_ext_component__rosidl_typesupport_fastrtps_c.h
[9.140s] -- Up-to-date: /home/maizaied03/ros2_ws/install/px4_msgs/include/px4_msgs/px4_msgs/msg/detail/iridiumsbd_status__rosidl_typesupport_fastrtps_c.h
[9.140s] -- Up-to-date: /home/maizaied03/ros2_ws/install/px4_msgs/include/px4_msgs/px4_msgs/msg/detail/collision_constraints__rosidl_typesupport_fastrtps_c.h
[9.140s] -- Up-to-date: /home/maizaied03/ros2_ws/install/px4_msgs/include/px4_msgs/px4_msgs/msg/detail/estimator_event_flags__rosidl_typesupport_fastrtps_c.h
[9.140s] -- Up-to-date: /home/maizaied03/ros2_ws/install/px4_msgs/include/px4_msgs/px4_msgs/msg/detail/vehicle_acceleration__rosidl_typesupport_fastrtps_c.h
[9.141s] -- Up-to-date: /home/maizaied03/ros2_ws/install/px4_msgs/include/px4_msgs/px4_msgs/msg/detail/rover_speed_setpoint__rosidl_typesupport_fastrtps_c.h
[9.141s] -- Up-to-date: /home/maizaied03/ros2_ws/install/px4_msgs/include/px4_msgs/px4_msgs/msg/detail/rover_attitude_status__rosidl_typesupport_fastrtps_c.h
[9.141s] -- Up-to-date: /home/maizaied03/ros2_ws/install/px4_msgs/include/px4_msgs/px4_msgs/msg/detail/parameter_reset_request__rosidl_typesupport_fastrtps_c.h
[9.141s] -- Up-to-date: /home/maizaied03/ros2_ws/install/px4_msgs/include/px4_msgs/px4_msgs/msg/detail/rpm__rosidl_typesupport_fastrtps_c.h
[9.141s] -- Up-to-date: /home/maizaied03/ros2_ws/install/px4_msgs/include/px4_msgs/px4_msgs/msg/detail/rover_rate_status__rosidl_typesupport_fastrtps_c.h
[9.141s] -- Up-to-date: /home/maizaied03/ros2_ws/install/px4_msgs/include/px4_msgs/px4_msgs/msg/detail/ekf2_timestamps__rosidl_typesupport_fastrtps_c.h
[9.141s] -- Up-to-date: /home/maizaied03/ros2_ws/install/px4_msgs/include/px4_msgs/px4_msgs/msg/detail/position_controller_landing_status__rosidl_typesupport_fastrtps_c.h
[9.141s] -- Up-to-date: /home/maizaied03/ros2_ws/install/px4_msgs/include/px4_msgs/px4_msgs/msg/detail/message_format_response__rosidl_typesupport_fastrtps_c.h
[9.141s] -- Up-to-date: /home/maizaied03/ros2_ws/install/px4_msgs/include/px4_msgs/px4_msgs/msg/detail/satellite_info__rosidl_typesupport_fastrtps_c.h
[9.141s] -- Up-to-date: /home/maizaied03/ros2_ws/install/px4_msgs/include/px4_msgs/px4_msgs/msg/detail/sensor_uwb__rosidl_typesupport_fastrtps_c.h
[9.141s] -- Up-to-date: /home/maizaied03/ros2_ws/install/px4_msgs/include/px4_msgs/px4_msgs/msg/detail/trajectory_setpoint6dof__rosidl_typesupport_fastrtps_c.h
[9.141s] -- Up-to-date: /home/maizaied03/ros2_ws/install/px4_msgs/include/px4_msgs/px4_msgs/msg/detail/geofence_result__rosidl_typesupport_fastrtps_c.h
[9.141s] -- Up-to-date: /home/maizaied03/ros2_ws/install/px4_msgs/include/px4_msgs/px4_msgs/msg/detail/estimator_bias__rosidl_typesupport_fastrtps_c.h
[9.141s] -- Up-to-date: /home/maizaied03/ros2_ws/install/px4_msgs/include/px4_msgs/px4_msgs/msg/detail/actuator_test__rosidl_typesupport_fastrtps_c.h
[9.141s] -- Up-to-date: /home/maizaied03/ros2_ws/install/px4_msgs/include/px4_msgs/px4_msgs/msg/detail/orb_test__rosidl_typesupport_fastrtps_c.h
[9.141s] -- Up-to-date: /home/maizaied03/ros2_ws/install/px4_msgs/include/px4_msgs/px4_msgs/msg/detail/autotune_attitude_control_status__rosidl_typesupport_fastrtps_c.h
[9.141s] -- Up-to-date: /home/maizaied03/ros2_ws/install/px4_msgs/include/px4_msgs/px4_msgs/msg/detail/offboard_control_mode__rosidl_typesupport_fastrtps_c.h
[9.141s] -- Up-to-date: /home/maizaied03/ros2_ws/install/px4_msgs/include/px4_msgs/px4_msgs/msg/detail/rtl_time_estimate__rosidl_typesupport_fastrtps_c.h
[9.142s] -- Up-to-date: /home/maizaied03/ros2_ws/install/px4_msgs/include/px4_msgs/px4_msgs/msg/detail/sensor_gnss_status__rosidl_typesupport_fastrtps_c.h
[9.142s] -- Up-to-date: /home/maizaied03/ros2_ws/install/px4_msgs/include/px4_msgs/px4_msgs/msg/detail/actuator_motors__rosidl_typesupport_fastrtps_c.h
[9.142s] -- Up-to-date: /home/maizaied03/ros2_ws/install/px4_msgs/include/px4_msgs/px4_msgs/msg/detail/log_message__rosidl_typesupport_fastrtps_c.h
[9.142s] -- Up-to-date: /home/maizaied03/ros2_ws/install/px4_msgs/include/px4_msgs/px4_msgs/msg/detail/timesync_status__rosidl_typesupport_fastrtps_c.h
[9.142s] -- Up-to-date: /home/maizaied03/ros2_ws/install/px4_msgs/include/px4_msgs/px4_msgs/msg/detail/gimbal_controls__rosidl_typesupport_fastrtps_c.h
[9.142s] -- Up-to-date: /home/maizaied03/ros2_ws/install/px4_msgs/include/px4_msgs/px4_msgs/msg/detail/input_rc__rosidl_typesupport_fastrtps_c.h
[9.142s] -- Up-to-date: /home/maizaied03/ros2_ws/install/px4_msgs/include/px4_msgs/px4_msgs/msg/detail/heater_status__rosidl_typesupport_fastrtps_c.h
[9.142s] -- Up-to-date: /home/maizaied03/ros2_ws/install/px4_msgs/include/px4_msgs/px4_msgs/msg/detail/mavlink_log__rosidl_typesupport_fastrtps_c.h
[9.142s] -- Up-to-date: /home/maizaied03/ros2_ws/install/px4_msgs/include/px4_msgs/px4_msgs/msg/detail/sensor_correction__rosidl_typesupport_fastrtps_c.h
[9.142s] -- Up-to-date: /home/maizaied03/ros2_ws/install/px4_msgs/include/px4_msgs/px4_msgs/msg/detail/estimator_states__rosidl_typesupport_fastrtps_c.h
[9.142s] -- Up-to-date: /home/maizaied03/ros2_ws/install/px4_msgs/include/px4_msgs/px4_msgs/msg/detail/vehicle_thrust_setpoint__rosidl_typesupport_fastrtps_c.h
[9.142s] -- Up-to-date: /home/maizaied03/ros2_ws/install/px4_msgs/include/px4_msgs/px4_msgs/msg/detail/camera_trigger__rosidl_typesupport_fastrtps_c.h
[9.142s] -- Up-to-date: /home/maizaied03/ros2_ws/install/px4_msgs/include/px4_msgs/px4_msgs/msg/detail/radio_status__rosidl_typesupport_fastrtps_c.h
[9.142s] -- Up-to-date: /home/maizaied03/ros2_ws/install/px4_msgs/include/px4_msgs/px4_msgs/msg/detail/gimbal_manager_set_manual_control__rosidl_typesupport_fastrtps_c.h
[9.142s] -- Up-to-date: /home/maizaied03/ros2_ws/install/px4_msgs/include/px4_msgs/px4_msgs/msg/detail/sensor_baro__rosidl_typesupport_fastrtps_c.h
[9.142s] -- Up-to-date: /home/maizaied03/ros2_ws/install/px4_msgs/include/px4_msgs/px4_msgs/msg/detail/open_drone_id_system__rosidl_typesupport_fastrtps_c.h
[9.142s] -- Up-to-date: /home/maizaied03/ros2_ws/install/px4_msgs/include/px4_msgs/px4_msgs/msg/detail/sensor_accel__rosidl_typesupport_fastrtps_c.h
[9.142s] -- Up-to-date: /home/maizaied03/ros2_ws/install/px4_msgs/include/px4_msgs/px4_msgs/msg/detail/gpio_in__rosidl_typesupport_fastrtps_c.h
[9.143s] -- Up-to-date: /home/maizaied03/ros2_ws/install/px4_msgs/include/px4_msgs/px4_msgs/msg/detail/arming_check_reply__rosidl_typesupport_fastrtps_c.h
[9.143s] -- Up-to-date: /home/maizaied03/ros2_ws/install/px4_msgs/include/px4_msgs/px4_msgs/msg/detail/uavcan_parameter_value__rosidl_typesupport_fastrtps_c.h
[9.143s] -- Up-to-date: /home/maizaied03/ros2_ws/install/px4_msgs/include/px4_msgs/px4_msgs/msg/detail/raptor_input__rosidl_typesupport_fastrtps_c.h
[9.143s] -- Up-to-date: /home/maizaied03/ros2_ws/install/px4_msgs/include/px4_msgs/px4_msgs/msg/detail/tiltrotor_extra_controls__rosidl_typesupport_fastrtps_c.h
[9.143s] -- Up-to-date: /home/maizaied03/ros2_ws/install/px4_msgs/include/px4_msgs/px4_msgs/msg/detail/failsafe_flags__rosidl_typesupport_fastrtps_c.h
[9.143s] -- Up-to-date: /home/maizaied03/ros2_ws/install/px4_msgs/include/px4_msgs/px4_msgs/msg/detail/position_controller_status__rosidl_typesupport_fastrtps_c.h
[9.143s] -- Up-to-date: /home/maizaied03/ros2_ws/install/px4_msgs/include/px4_msgs/px4_msgs/msg/detail/battery_status__rosidl_typesupport_fastrtps_c.h
[9.143s] -- Up-to-date: /home/maizaied03/ros2_ws/install/px4_msgs/include/px4_msgs/px4_msgs/msg/detail/vehicle_optical_flow_vel__rosidl_typesupport_fastrtps_c.h
[9.143s] -- Up-to-date: /home/maizaied03/ros2_ws/install/px4_msgs/include/px4_msgs/px4_msgs/msg/detail/sensor_gyro_fifo__rosidl_typesupport_fastrtps_c.h
[9.143s] -- Up-to-date: /home/maizaied03/ros2_ws/install/px4_msgs/include/px4_msgs/px4_msgs/msg/detail/airspeed_validated__rosidl_typesupport_fastrtps_c.h
[9.143s] -- Up-to-date: /home/maizaied03/ros2_ws/install/px4_msgs/include/px4_msgs/px4_msgs/msg/detail/goto_setpoint__rosidl_typesupport_fastrtps_c.h
[9.143s] -- Up-to-date: /home/maizaied03/ros2_ws/install/px4_msgs/include/px4_msgs/px4_msgs/msg/detail/vtx__rosidl_typesupport_fastrtps_c.h
[9.143s] -- Up-to-date: /home/maizaied03/ros2_ws/install/px4_msgs/include/px4_msgs/px4_msgs/msg/detail/rover_rate_setpoint__rosidl_typesupport_fastrtps_c.h
[9.143s] -- Up-to-date: /home/maizaied03/ros2_ws/install/px4_msgs/include/px4_msgs/px4_msgs/msg/detail/mount_orientation__rosidl_typesupport_fastrtps_c.h
[9.143s] -- Up-to-date: /home/maizaied03/ros2_ws/install/px4_msgs/include/px4_msgs/px4_msgs/msg/detail/mavlink_tunnel__rosidl_typesupport_fastrtps_c.h
[9.143s] -- Up-to-date: /home/maizaied03/ros2_ws/install/px4_msgs/include/px4_msgs/px4_msgs/msg/detail/lateral_control_configuration__rosidl_typesupport_fastrtps_c.h
[9.143s] -- Up-to-date: /home/maizaied03/ros2_ws/install/px4_msgs/include/px4_msgs/px4_msgs/msg/detail/debug_value__rosidl_typesupport_fastrtps_c.h
[9.143s] -- Up-to-date: /home/maizaied03/ros2_ws/install/px4_msgs/include/px4_msgs/px4_msgs/msg/detail/gps_inject_data__rosidl_typesupport_fastrtps_c.h
[9.144s] -- Up-to-date: /home/maizaied03/ros2_ws/install/px4_msgs/include/px4_msgs/px4_msgs/msg/detail/transponder_report__rosidl_typesupport_fastrtps_c.h
[9.144s] -- Up-to-date: /home/maizaied03/ros2_ws/install/px4_msgs/include/px4_msgs/px4_msgs/msg/detail/estimator_sensor_bias__rosidl_typesupport_fastrtps_c.h
[9.144s] -- Up-to-date: /home/maizaied03/ros2_ws/install/px4_msgs/include/px4_msgs/px4_msgs/msg/detail/actuator_controls_status__rosidl_typesupport_fastrtps_c.h
[9.144s] -- Up-to-date: /home/maizaied03/ros2_ws/install/px4_msgs/include/px4_msgs/px4_msgs/msg/detail/battery_info__rosidl_typesupport_fastrtps_c.h
[9.144s] -- Up-to-date: /home/maizaied03/ros2_ws/install/px4_msgs/include/px4_msgs/px4_msgs/msg/detail/parameter_set_value_response__rosidl_typesupport_fastrtps_c.h
[9.144s] -- Up-to-date: /home/maizaied03/ros2_ws/install/px4_msgs/include/px4_msgs/px4_msgs/msg/detail/vehicle_odometry__rosidl_typesupport_fastrtps_c.h
[9.144s] -- Up-to-date: /home/maizaied03/ros2_ws/install/px4_msgs/include/px4_msgs/px4_msgs/msg/detail/estimator_aid_source3d__rosidl_typesupport_fastrtps_c.h
[9.144s] -- Up-to-date: /home/maizaied03/ros2_ws/install/px4_msgs/include/px4_msgs/px4_msgs/msg/detail/config_overrides__rosidl_typesupport_fastrtps_c.h
[9.144s] -- Up-to-date: /home/maizaied03/ros2_ws/install/px4_msgs/include/px4_msgs/px4_msgs/msg/detail/cellular_status__rosidl_typesupport_fastrtps_c.h
[9.144s] -- Up-to-date: /home/maizaied03/ros2_ws/install/px4_msgs/include/px4_msgs/px4_msgs/msg/detail/velocity_limits__rosidl_typesupport_fastrtps_c.h
[9.144s] -- Up-to-date: /home/maizaied03/ros2_ws/install/px4_msgs/include/px4_msgs/px4_msgs/msg/detail/esc_status__rosidl_typesupport_fastrtps_c.h
[9.144s] -- Up-to-date: /home/maizaied03/ros2_ws/install/px4_msgs/include/px4_msgs/px4_msgs/msg/detail/failure_detector_status__rosidl_typesupport_fastrtps_c.h
[9.144s] -- Up-to-date: /home/maizaied03/ros2_ws/install/px4_msgs/include/px4_msgs/px4_msgs/msg/detail/sensor_gps__rosidl_typesupport_fastrtps_c.h
[9.144s] -- Up-to-date: /home/maizaied03/ros2_ws/install/px4_msgs/include/px4_msgs/px4_msgs/msg/detail/tecs_status__rosidl_typesupport_fastrtps_c.h
[9.144s] -- Up-to-date: /home/maizaied03/ros2_ws/install/px4_msgs/include/px4_msgs/px4_msgs/msg/detail/magnetometer_bias_estimate__rosidl_typesupport_fastrtps_c.h
[9.144s] -- Up-to-date: /home/maizaied03/ros2_ws/install/px4_msgs/include/px4_msgs/px4_msgs/msg/detail/sensor_combined__rosidl_typesupport_fastrtps_c.h
[9.144s] -- Up-to-date: /home/maizaied03/ros2_ws/install/px4_msgs/include/px4_msgs/px4_msgs/msg/detail/debug_key_value__rosidl_typesupport_fastrtps_c.h
[9.144s] -- Up-to-date: /home/maizaied03/ros2_ws/install/px4_msgs/include/px4_msgs/px4_msgs/msg/detail/navigator_mission_item__rosidl_typesupport_fastrtps_c.h
[9.145s] -- Up-to-date: /home/maizaied03/ros2_ws/install/px4_msgs/include/px4_msgs/px4_msgs/msg/detail/takeoff_status__rosidl_typesupport_fastrtps_c.h
[9.145s] -- Up-to-date: /home/maizaied03/ros2_ws/install/px4_msgs/include/px4_msgs/px4_msgs/msg/detail/sensor_gyro_fft__rosidl_typesupport_fastrtps_c.h
[9.145s] -- Up-to-date: /home/maizaied03/ros2_ws/install/px4_msgs/include/px4_msgs/px4_msgs/msg/detail/logger_status__rosidl_typesupport_fastrtps_c.h
[9.145s] -- Up-to-date: /home/maizaied03/ros2_ws/install/px4_msgs/include/px4_msgs/px4_msgs/msg/detail/vehicle_angular_acceleration_setpoint__rosidl_typesupport_fastrtps_c.h
[9.145s] -- Up-to-date: /home/maizaied03/ros2_ws/install/px4_msgs/include/px4_msgs/px4_msgs/msg/detail/distance_sensor__rosidl_typesupport_fastrtps_c.h
[9.145s] -- Up-to-date: /home/maizaied03/ros2_ws/install/px4_msgs/include/px4_msgs/px4_msgs/msg/detail/fixed_wing_longitudinal_setpoint__rosidl_typesupport_fastrtps_c.h
[9.145s] -- Up-to-date: /home/maizaied03/ros2_ws/install/px4_msgs/include/px4_msgs/px4_msgs/msg/detail/fixed_wing_runway_control__rosidl_typesupport_fastrtps_c.h
[9.145s] -- Up-to-date: /home/maizaied03/ros2_ws/install/px4_msgs/include/px4_msgs/px4_msgs/msg/detail/position_setpoint_triplet__rosidl_typesupport_fastrtps_c.h
[9.145s] -- Up-to-date: /home/maizaied03/ros2_ws/install/px4_msgs/include/px4_msgs/px4_msgs/msg/detail/estimator_gps_status__rosidl_typesupport_fastrtps_c.h
[9.145s] -- Up-to-date: /home/maizaied03/ros2_ws/install/px4_msgs/include/px4_msgs/px4_msgs/msg/detail/estimator_bias3d__rosidl_typesupport_fastrtps_c.h
[9.145s] -- Up-to-date: /home/maizaied03/ros2_ws/install/px4_msgs/include/px4_msgs/px4_msgs/msg/detail/vehicle_status__rosidl_typesupport_fastrtps_c.h
[9.145s] -- Up-to-date: /home/maizaied03/ros2_ws/install/px4_msgs/include/px4_msgs/px4_msgs/msg/detail/longitudinal_control_configuration__rosidl_typesupport_fastrtps_c.h
[9.145s] -- Up-to-date: /home/maizaied03/ros2_ws/install/px4_msgs/include/px4_msgs/px4_msgs/msg/detail/orb_test_medium__rosidl_typesupport_fastrtps_c.h
[9.146s] -- Up-to-date: /home/maizaied03/ros2_ws/install/px4_msgs/include/px4_msgs/px4_msgs/msg/detail/sensor_hygrometer__rosidl_typesupport_fastrtps_c.h
[9.146s] -- Up-to-date: /home/maizaied03/ros2_ws/install/px4_msgs/include/px4_msgs/px4_msgs/msg/detail/estimator_innovations__rosidl_typesupport_fastrtps_c.h
[9.146s] -- Up-to-date: /home/maizaied03/ros2_ws/install/px4_msgs/include/px4_msgs/px4_msgs/msg/detail/event__rosidl_typesupport_fastrtps_c.h
[9.146s] -- Up-to-date: /home/maizaied03/ros2_ws/install/px4_msgs/include/px4_msgs/px4_msgs/msg/detail/dronecan_node_status__rosidl_typesupport_fastrtps_c.h
[9.146s] -- Up-to-date: /home/maizaied03/ros2_ws/install/px4_msgs/include/px4_msgs/px4_msgs/msg/detail/follow_target_status__rosidl_typesupport_fastrtps_c.h
[9.146s] -- Up-to-date: /home/maizaied03/ros2_ws/install/px4_msgs/include/px4_msgs/px4_msgs/msg/detail/vehicle_command_ack__rosidl_typesupport_fastrtps_c.h
[9.146s] -- Up-to-date: /home/maizaied03/ros2_ws/install/px4_msgs/include/px4_msgs/px4_msgs/msg/detail/register_ext_component_request__rosidl_typesupport_fastrtps_c.h
[9.146s] -- Up-to-date: /home/maizaied03/ros2_ws/install/px4_msgs/include/px4_msgs/px4_msgs/msg/detail/differential_pressure__rosidl_typesupport_fastrtps_c.h
[9.146s] -- Up-to-date: /home/maizaied03/ros2_ws/install/px4_msgs/include/px4_msgs/px4_msgs/msg/detail/camera_status__rosidl_typesupport_fastrtps_c.h
[9.146s] -- Up-to-date: /home/maizaied03/ros2_ws/install/px4_msgs/include/px4_msgs/px4_msgs/msg/detail/vehicle_roi__rosidl_typesupport_fastrtps_c.h
[9.146s] -- Up-to-date: /home/maizaied03/ros2_ws/install/px4_msgs/include/px4_msgs/px4_msgs/msg/detail/follow_target_estimator__rosidl_typesupport_fastrtps_c.h
[9.146s] -- Up-to-date: /home/maizaied03/ros2_ws/install/px4_msgs/include/px4_msgs/px4_msgs/msg/detail/sensors_status__rosidl_typesupport_fastrtps_c.h
[9.146s] -- Up-to-date: /home/maizaied03/ros2_ws/install/px4_msgs/include/px4_msgs/px4_msgs/msg/detail/vehicle_control_mode__rosidl_typesupport_fastrtps_c.h
[9.146s] -- Up-to-date: /home/maizaied03/ros2_ws/install/px4_msgs/include/px4_msgs/px4_msgs/msg/detail/vtol_vehicle_status__rosidl_typesupport_fastrtps_c.h
[9.146s] -- Up-to-date: /home/maizaied03/ros2_ws/install/px4_msgs/include/px4_msgs/px4_msgs/msg/detail/actuator_outputs__rosidl_typesupport_fastrtps_c.h
[9.146s] -- Up-to-date: /home/maizaied03/ros2_ws/install/px4_msgs/include/px4_msgs/px4_msgs/msg/detail/gpio_config__rosidl_typesupport_fastrtps_c.h
[9.147s] -- Up-to-date: /home/maizaied03/ros2_ws/install/px4_msgs/include/px4_msgs/px4_msgs/msg/detail/trajectory_setpoint__rosidl_typesupport_fastrtps_c.h
[9.147s] -- Up-to-date: /home/maizaied03/ros2_ws/install/px4_msgs/include/px4_msgs/px4_msgs/msg/detail/vehicle_attitude_setpoint__rosidl_typesupport_fastrtps_c.h
[9.147s] -- Up-to-date: /home/maizaied03/ros2_ws/install/px4_msgs/include/px4_msgs/px4_msgs/msg/detail/internal_combustion_engine_control__rosidl_typesupport_fastrtps_c.h
[9.147s] -- Up-to-date: /home/maizaied03/ros2_ws/install/px4_msgs/include/px4_msgs/px4_msgs/msg/detail/dataman_request__rosidl_typesupport_fastrtps_c.h
[9.147s] -- Up-to-date: /home/maizaied03/ros2_ws/install/px4_msgs/include/px4_msgs/px4_msgs/msg/detail/register_ext_component_reply__rosidl_typesupport_fastrtps_c.h
[9.147s] -- Up-to-date: /home/maizaied03/ros2_ws/install/px4_msgs/include/px4_msgs/px4_msgs/msg/detail/device_information__rosidl_typesupport_fastrtps_c.h
[9.147s] -- Up-to-date: /home/maizaied03/ros2_ws/install/px4_msgs/include/px4_msgs/px4_msgs/msg/detail/geofence_status__rosidl_typesupport_fastrtps_c.h
[9.147s] -- Up-to-date: /home/maizaied03/ros2_ws/install/px4_msgs/include/px4_msgs/px4_msgs/msg/detail/mission__rosidl_typesupport_fastrtps_c.h
[9.147s] -- Up-to-date: /home/maizaied03/ros2_ws/install/px4_msgs/include/px4_msgs/px4_msgs/msg/detail/ping__rosidl_typesupport_fastrtps_c.h
[9.147s] -- Up-to-date: /home/maizaied03/ros2_ws/install/px4_msgs/include/px4_msgs/px4_msgs/msg/detail/actuator_servos__rosidl_typesupport_fastrtps_c.h
[9.147s] -- Up-to-date: /home/maizaied03/ros2_ws/install/px4_msgs/include/px4_msgs/px4_msgs/msg/detail/gpio_out__rosidl_typesupport_fastrtps_c.h
[9.147s] -- Up-to-date: /home/maizaied03/ros2_ws/install/px4_msgs/include/px4_msgs/px4_msgs/msg/detail/rover_position_setpoint__rosidl_typesupport_fastrtps_c.h
[9.147s] -- Up-to-date: /home/maizaied03/ros2_ws/install/px4_msgs/include/px4_msgs/px4_msgs/msg/detail/power_monitor__rosidl_typesupport_fastrtps_c.h
[9.147s] -- Up-to-date: /home/maizaied03/ros2_ws/install/px4_msgs/include/px4_msgs/px4_msgs/msg/detail/raptor_status__rosidl_typesupport_fastrtps_c.h
[9.147s] -- Up-to-date: /home/maizaied03/ros2_ws/install/px4_msgs/include/px4_msgs/px4_msgs/msg/detail/vehicle_magnetometer__rosidl_typesupport_fastrtps_c.h
[9.147s] -- Up-to-date: /home/maizaied03/ros2_ws/install/px4_msgs/include/px4_msgs/px4_msgs/msg/detail/launch_detection_status__rosidl_typesupport_fastrtps_c.h
[9.147s] -- Up-to-date: /home/maizaied03/ros2_ws/install/px4_msgs/include/px4_msgs/px4_msgs/msg/detail/figure_eight_status__rosidl_typesupport_fastrtps_c.h
[9.147s] -- Up-to-date: /home/maizaied03/ros2_ws/install/px4_msgs/include/px4_msgs/px4_msgs/msg/detail/vehicle_land_detected__rosidl_typesupport_fastrtps_c.h
[9.148s] -- Up-to-date: /home/maizaied03/ros2_ws/install/px4_msgs/include/px4_msgs/px4_msgs/msg/detail/ulog_stream__rosidl_typesupport_fastrtps_c.h
[9.148s] -- Up-to-date: /home/maizaied03/ros2_ws/install/px4_msgs/include/px4_msgs/px4_msgs/msg/detail/internal_combustion_engine_status__rosidl_typesupport_fastrtps_c.h
[9.148s] -- Up-to-date: /home/maizaied03/ros2_ws/install/px4_msgs/include/px4_msgs/px4_msgs/msg/detail/open_drone_id_arm_status__rosidl_typesupport_fastrtps_c.h
[9.148s] -- Up-to-date: /home/maizaied03/ros2_ws/install/px4_msgs/include/px4_msgs/px4_msgs/msg/detail/gimbal_device_information__rosidl_typesupport_fastrtps_c.h
[9.148s] -- Up-to-date: /home/maizaied03/ros2_ws/install/px4_msgs/include/px4_msgs/px4_msgs/msg/detail/sensor_selection__rosidl_typesupport_fastrtps_c.h
[9.148s] -- Up-to-date: /home/maizaied03/ros2_ws/install/px4_msgs/include/px4_msgs/px4_msgs/msg/detail/gpio_request__rosidl_typesupport_fastrtps_c.h
[9.148s] -- Up-to-date: /home/maizaied03/ros2_ws/install/px4_msgs/include/px4_msgs/px4_msgs/msg/detail/onboard_computer_status__rosidl_typesupport_fastrtps_c.h
[9.148s] -- Up-to-date: /home/maizaied03/ros2_ws/install/px4_msgs/include/px4_msgs/px4_msgs/msg/detail/gimbal_manager_status__rosidl_typesupport_fastrtps_c.h
[9.148s] -- Up-to-date: /home/maizaied03/ros2_ws/install/px4_msgs/include/px4_msgs/px4_msgs/msg/detail/px4io_status__rosidl_typesupport_fastrtps_c.h
[9.148s] -- Up-to-date: /home/maizaied03/ros2_ws/install/px4_msgs/include/px4_msgs/px4_msgs/msg/detail/camera_capture__rosidl_typesupport_fastrtps_c.h
[9.148s] -- Up-to-date: /home/maizaied03/ros2_ws/install/px4_msgs/include/px4_msgs/px4_msgs/msg/detail/distance_sensor_mode_change_request__rosidl_typesupport_fastrtps_c.h
[9.148s] -- Up-to-date: /home/maizaied03/ros2_ws/install/px4_msgs/include/px4_msgs/px4_msgs/msg/detail/sensor_airflow__rosidl_typesupport_fastrtps_c.h
[9.148s] -- Up-to-date: /home/maizaied03/ros2_ws/install/px4_msgs/include/px4_msgs/px4_msgs/msg/detail/control_allocator_status__rosidl_typesupport_fastrtps_c.h
[9.148s] -- Up-to-date: /home/maizaied03/ros2_ws/install/px4_msgs/include/px4_msgs/px4_msgs/msg/detail/pwm_input__rosidl_typesupport_fastrtps_c.h
[9.148s] -- Up-to-date: /home/maizaied03/ros2_ws/install/px4_msgs/include/px4_msgs/px4_msgs/msg/detail/fixed_wing_lateral_guidance_status__rosidl_typesupport_fastrtps_c.h
[9.148s] -- Up-to-date: /home/maizaied03/ros2_ws/install/px4_msgs/include/px4_msgs/px4_msgs/msg/detail/rate_ctrl_status__rosidl_typesupport_fastrtps_c.h
[9.148s] -- Up-to-date: /home/maizaied03/ros2_ws/install/px4_msgs/include/px4_msgs/px4_msgs/msg/detail/pure_pursuit_status__rosidl_typesupport_fastrtps_c.h
[9.148s] -- Up-to-date: /home/maizaied03/ros2_ws/install/px4_msgs/include/px4_msgs/px4_msgs/msg/detail/message_format_request__rosidl_typesupport_fastrtps_c.h
[9.149s] -- Up-to-date: /home/maizaied03/ros2_ws/install/px4_msgs/include/px4_msgs/px4_msgs/msg/detail/vehicle_rates_setpoint__rosidl_typesupport_fastrtps_c.h
[9.149s] -- Up-to-date: /home/maizaied03/ros2_ws/install/px4_msgs/include/px4_msgs/px4_msgs/msg/detail/fuel_tank_status__rosidl_typesupport_fastrtps_c.h
[9.149s] -- Up-to-date: /home/maizaied03/ros2_ws/install/px4_msgs/include/px4_msgs/px4_msgs/msg/detail/gimbal_manager_information__rosidl_typesupport_fastrtps_c.h
[9.149s] -- Up-to-date: /home/maizaied03/ros2_ws/install/px4_msgs/include/px4_msgs/px4_msgs/msg/detail/open_drone_id_operator_id__rosidl_typesupport_fastrtps_c.h
[9.149s] -- Up-to-date: /home/maizaied03/ros2_ws/install/px4_msgs/include/px4_msgs/px4_msgs/msg/detail/follow_target__rosidl_typesupport_fastrtps_c.h
[9.149s] -- Up-to-date: /home/maizaied03/ros2_ws/install/px4_msgs/include/px4_msgs/px4_msgs/msg/detail/yaw_estimator_status__rosidl_typesupport_fastrtps_c.h
[9.149s] -- Up-to-date: /home/maizaied03/ros2_ws/install/px4_msgs/include/px4_msgs/px4_msgs/msg/detail/arming_check_request__rosidl_typesupport_fastrtps_c.h
[9.149s] -- Up-to-date: /home/maizaied03/ros2_ws/install/px4_msgs/include/px4_msgs/px4_msgs/msg/detail/health_report__rosidl_typesupport_fastrtps_c.h
[9.149s] -- Up-to-date: /home/maizaied03/ros2_ws/install/px4_msgs/include/px4_msgs/px4_msgs/msg/detail/irlock_report__rosidl_typesupport_fastrtps_c.h
[9.149s] -- Up-to-date: /home/maizaied03/ros2_ws/install/px4_msgs/include/px4_msgs/px4_msgs/msg/detail/vehicle_attitude__rosidl_typesupport_fastrtps_c.h
[9.149s] -- Up-to-date: /home/maizaied03/ros2_ws/install/px4_msgs/include/px4_msgs/px4_msgs/msg/detail/debug_vect__rosidl_typesupport_fastrtps_c.h
[9.149s] -- Up-to-date: /home/maizaied03/ros2_ws/install/px4_msgs/include/px4_msgs/px4_msgs/msg/detail/telemetry_status__rosidl_typesupport_fastrtps_c.h
[9.149s] -- Up-to-date: /home/maizaied03/ros2_ws/install/px4_msgs/include/px4_msgs/px4_msgs/msg/detail/home_position__rosidl_typesupport_fastrtps_c.h
[9.149s] -- Up-to-date: /home/maizaied03/ros2_ws/install/px4_msgs/include/px4_msgs/px4_msgs/msg/detail/estimator_aid_source1d__rosidl_typesupport_fastrtps_c.h
[9.149s] -- Up-to-date: /home/maizaied03/ros2_ws/install/px4_msgs/include/px4_msgs/px4_msgs/msg/detail/vehicle_imu__rosidl_typesupport_fastrtps_c.h
[9.150s] -- Up-to-date: /home/maizaied03/ros2_ws/install/px4_msgs/include/px4_msgs/px4_msgs/msg/detail/sensors_status_imu__rosidl_typesupport_fastrtps_c.h
[9.150s] -- Up-to-date: /home/maizaied03/ros2_ws/install/px4_msgs/include/px4_msgs/px4_msgs/msg/detail/landing_gear__rosidl_typesupport_fastrtps_c.h
[9.150s] -- Up-to-date: /home/maizaied03/ros2_ws/install/px4_msgs/include/px4_msgs/px4_msgs/msg/detail/ulog_stream_ack__rosidl_typesupport_fastrtps_c.h
[9.150s] -- Up-to-date: /home/maizaied03/ros2_ws/install/px4_msgs/include/px4_msgs/px4_msgs/msg/detail/parameter_set_used_request__rosidl_typesupport_fastrtps_c.h
[9.150s] -- Up-to-date: /home/maizaied03/ros2_ws/install/px4_msgs/include/px4_msgs/px4_msgs/msg/detail/sensor_gyro__rosidl_typesupport_fastrtps_c.h
[9.150s] -- Up-to-date: /home/maizaied03/ros2_ws/install/px4_msgs/include/px4_msgs/px4_msgs/msg/detail/hover_thrust_estimate__rosidl_typesupport_fastrtps_c.h
[9.150s] -- Up-to-date: /home/maizaied03/ros2_ws/install/px4_msgs/include/px4_msgs/px4_msgs/msg/detail/power_button_state__rosidl_typesupport_fastrtps_c.h
[9.150s] -- Up-to-date: /home/maizaied03/ros2_ws/install/px4_msgs/include/px4_msgs/px4_msgs/msg/detail/normalized_unsigned_setpoint__rosidl_typesupport_fastrtps_c.h
[9.150s] -- Up-to-date: /home/maizaied03/ros2_ws/install/px4_msgs/include/px4_msgs/px4_msgs/msg/detail/landing_target_pose__rosidl_typesupport_fastrtps_c.h
[9.150s] -- Up-to-date: /home/maizaied03/ros2_ws/install/px4_msgs/include/px4_msgs/px4_msgs/msg/detail/flight_phase_estimation__rosidl_typesupport_fastrtps_c.h
[9.150s] -- Up-to-date: /home/maizaied03/ros2_ws/install/px4_msgs/include/px4_msgs/px4_msgs/msg/detail/gimbal_device_set_attitude__rosidl_typesupport_fastrtps_c.h
[9.150s] -- Up-to-date: /home/maizaied03/ros2_ws/install/px4_msgs/include/px4_msgs/px4_msgs/msg/detail/vehicle_imu_status__rosidl_typesupport_fastrtps_c.h
[9.151s] -- Up-to-date: /home/maizaied03/ros2_ws/install/px4_msgs/include/px4_msgs/px4_msgs/msg/detail/actuator_armed__rosidl_typesupport_fastrtps_c.h
[9.151s] -- Up-to-date: /home/maizaied03/ros2_ws/install/px4_msgs/include/px4_msgs/px4_msgs/msg/detail/can_interface_status__rosidl_typesupport_fastrtps_c.h
[9.151s] -- Up-to-date: /home/maizaied03/ros2_ws/install/px4_msgs/include/px4_msgs/px4_msgs/msg/detail/fixed_wing_lateral_status__rosidl_typesupport_fastrtps_c.h
[9.151s] -- Up-to-date: /home/maizaied03/ros2_ws/install/px4_msgs/include/px4_msgs/px4_msgs/msg/detail/landing_target_innovations__rosidl_typesupport_fastrtps_c.h
[9.151s] -- Up-to-date: /home/maizaied03/ros2_ws/install/px4_msgs/include/px4_msgs/px4_msgs/msg/detail/rover_steering_setpoint__rosidl_typesupport_fastrtps_c.h
[9.151s] -- Up-to-date: /home/maizaied03/ros2_ws/install/px4_msgs/include/px4_msgs/px4_msgs/msg/detail/rover_attitude_setpoint__rosidl_typesupport_fastrtps_c.h
[9.151s] -- Up-to-date: /home/maizaied03/ros2_ws/install/px4_msgs/include/px4_msgs/px4_msgs/msg/detail/obstacle_distance__rosidl_typesupport_fastrtps_c.h
[9.151s] -- Up-to-date: /home/maizaied03/ros2_ws/install/px4_msgs/include/px4_msgs/px4_msgs/msg/detail/sensor_preflight_mag__rosidl_typesupport_fastrtps_c.h
[9.151s] -- Up-to-date: /home/maizaied03/ros2_ws/install/px4_msgs/include/px4_msgs/px4_msgs/msg/detail/rc_parameter_map__rosidl_typesupport_fastrtps_c.h
[9.151s] -- Up-to-date: /home/maizaied03/ros2_ws/install/px4_msgs/include/px4_msgs/px4_msgs/msg/detail/estimator_status__rosidl_typesupport_fastrtps_c.h
[9.151s] -- Up-to-date: /home/maizaied03/ros2_ws/install/px4_msgs/include/px4_msgs/px4_msgs/msg/detail/gps_dump__rosidl_typesupport_fastrtps_c.h
[9.151s] -- Up-to-date: /home/maizaied03/ros2_ws/install/px4_msgs/include/px4_msgs/px4_msgs/msg/detail/estimator_aid_source2d__rosidl_typesupport_fastrtps_c.h
[9.151s] -- Up-to-date: /home/maizaied03/ros2_ws/install/px4_msgs/include/px4_msgs/px4_msgs/msg/detail/led_control__rosidl_typesupport_fastrtps_c.h
[9.151s] -- Up-to-date: /home/maizaied03/ros2_ws/install/px4_msgs/include/px4_msgs/px4_msgs/msg/detail/debug_array__rosidl_typesupport_fastrtps_c.h
[9.151s] -- Up-to-date: /home/maizaied03/ros2_ws/install/px4_msgs/include/px4_msgs/px4_msgs/msg/detail/rover_speed_status__rosidl_typesupport_fastrtps_c.h
[9.152s] -- Up-to-date: /home/maizaied03/ros2_ws/install/px4_msgs/include/px4_msgs/px4_msgs/msg/detail/position_setpoint__rosidl_typesupport_fastrtps_c.h
[9.152s] -- Up-to-date: /home/maizaied03/ros2_ws/install/px4_msgs/include/px4_msgs/px4_msgs/msg/detail/vehicle_command__rosidl_typesupport_fastrtps_c.h
[9.152s] -- Up-to-date: /home/maizaied03/ros2_ws/install/px4_msgs/include/px4_msgs/px4_msgs/msg/detail/orbit_status__rosidl_typesupport_fastrtps_c.h
[9.152s] -- Up-to-date: /home/maizaied03/ros2_ws/install/px4_msgs/include/px4_msgs/px4_msgs/msg/detail/vehicle_optical_flow__rosidl_typesupport_fastrtps_c.h
[9.152s] -- Up-to-date: /home/maizaied03/ros2_ws/install/px4_msgs/include/px4_msgs/px4_msgs/msg/detail/wind__rosidl_typesupport_fastrtps_c.h
[9.152s] -- Up-to-date: /home/maizaied03/ros2_ws/install/px4_msgs/include/px4_msgs/px4_msgs/msg/detail/airspeed__rosidl_typesupport_fastrtps_c.h
[9.152s] -- Up-to-date: /home/maizaied03/ros2_ws/install/px4_msgs/include/px4_msgs/px4_msgs/msg/detail/adc_report__rosidl_typesupport_fastrtps_c.h
[9.152s] -- Up-to-date: /home/maizaied03/ros2_ws/install/px4_msgs/include/px4_msgs/px4_msgs/msg/detail/rtl_status__rosidl_typesupport_fastrtps_c.h
[9.152s] -- Up-to-date: /home/maizaied03/ros2_ws/install/px4_msgs/include/px4_msgs/px4_msgs/msg/detail/gripper__rosidl_typesupport_fastrtps_c.h
[9.152s] -- Up-to-date: /home/maizaied03/ros2_ws/install/px4_msgs/include/px4_msgs/px4_msgs/msg/detail/cpuload__rosidl_typesupport_fastrtps_c.h
[9.152s] -- Up-to-date: /home/maizaied03/ros2_ws/install/px4_msgs/include/px4_msgs/px4_msgs/msg/detail/qshell_retval__rosidl_typesupport_fastrtps_c.h
[9.152s] -- Up-to-date: /home/maizaied03/ros2_ws/install/px4_msgs/include/px4_msgs/px4_msgs/srv
[9.153s] -- Up-to-date: /home/maizaied03/ros2_ws/install/px4_msgs/include/px4_msgs/px4_msgs/srv/detail
[9.153s] -- Up-to-date: /home/maizaied03/ros2_ws/install/px4_msgs/include/px4_msgs/px4_msgs/srv/detail/vehicle_command__rosidl_typesupport_fastrtps_c.h
[9.153s] -- Up-to-date: /home/maizaied03/ros2_ws/install/px4_msgs/lib/libpx4_msgs__rosidl_typesupport_fastrtps_c.so
[9.153s] -- Up-to-date: /home/maizaied03/ros2_ws/install/px4_msgs/include/px4_msgs/px4_msgs
[9.153s] -- Up-to-date: /home/maizaied03/ros2_ws/install/px4_msgs/include/px4_msgs/px4_msgs/msg
[9.153s] -- Up-to-date: /home/maizaied03/ros2_ws/install/px4_msgs/include/px4_msgs/px4_msgs/msg/failure_detector_status.hpp
[9.153s] -- Up-to-date: /home/maizaied03/ros2_ws/install/px4_msgs/include/px4_msgs/px4_msgs/msg/radio_status.hpp
[9.153s] -- Up-to-date: /home/maizaied03/ros2_ws/install/px4_msgs/include/px4_msgs/px4_msgs/msg/rate_ctrl_status.hpp
[9.153s] -- Up-to-date: /home/maizaied03/ros2_ws/install/px4_msgs/include/px4_msgs/px4_msgs/msg/debug_value.hpp
[9.153s] -- Up-to-date: /home/maizaied03/ros2_ws/install/px4_msgs/include/px4_msgs/px4_msgs/msg/ekf2_timestamps.hpp
[9.153s] -- Up-to-date: /home/maizaied03/ros2_ws/install/px4_msgs/include/px4_msgs/px4_msgs/msg/estimator_sensor_bias.hpp
[9.153s] -- Up-to-date: /home/maizaied03/ros2_ws/install/px4_msgs/include/px4_msgs/px4_msgs/msg/home_position.hpp
[9.153s] -- Up-to-date: /home/maizaied03/ros2_ws/install/px4_msgs/include/px4_msgs/px4_msgs/msg/distance_sensor_mode_change_request.hpp
[9.153s] -- Up-to-date: /home/maizaied03/ros2_ws/install/px4_msgs/include/px4_msgs/px4_msgs/msg/flight_phase_estimation.hpp
[9.154s] -- Up-to-date: /home/maizaied03/ros2_ws/install/px4_msgs/include/px4_msgs/px4_msgs/msg/message_format_request.hpp
[9.154s] -- Up-to-date: /home/maizaied03/ros2_ws/install/px4_msgs/include/px4_msgs/px4_msgs/msg/task_stack_info.hpp
[9.154s] -- Up-to-date: /home/maizaied03/ros2_ws/install/px4_msgs/include/px4_msgs/px4_msgs/msg/sensor_gyro_fifo.hpp
[9.154s] -- Up-to-date: /home/maizaied03/ros2_ws/install/px4_msgs/include/px4_msgs/px4_msgs/msg/landing_gear_wheel.hpp
[9.154s] -- Up-to-date: /home/maizaied03/ros2_ws/install/px4_msgs/include/px4_msgs/px4_msgs/msg/wind.hpp
[9.154s] -- Up-to-date: /home/maizaied03/ros2_ws/install/px4_msgs/include/px4_msgs/px4_msgs/msg/distance_sensor.hpp
[9.154s] -- Up-to-date: /home/maizaied03/ros2_ws/install/px4_msgs/include/px4_msgs/px4_msgs/msg/rc_channels.hpp
[9.154s] -- Up-to-date: /home/maizaied03/ros2_ws/install/px4_msgs/include/px4_msgs/px4_msgs/msg/mount_orientation.hpp
[9.154s] -- Up-to-date: /home/maizaied03/ros2_ws/install/px4_msgs/include/px4_msgs/px4_msgs/msg/longitudinal_control_configuration.hpp
[9.154s] -- Up-to-date: /home/maizaied03/ros2_ws/install/px4_msgs/include/px4_msgs/px4_msgs/msg/launch_detection_status.hpp
[9.154s] -- Up-to-date: /home/maizaied03/ros2_ws/install/px4_msgs/include/px4_msgs/px4_msgs/msg/rover_steering_setpoint.hpp
[9.154s] -- Up-to-date: /home/maizaied03/ros2_ws/install/px4_msgs/include/px4_msgs/px4_msgs/msg/log_message.hpp
[9.154s] -- Up-to-date: /home/maizaied03/ros2_ws/install/px4_msgs/include/px4_msgs/px4_msgs/msg/fixed_wing_runway_control.hpp
[9.154s] -- Up-to-date: /home/maizaied03/ros2_ws/install/px4_msgs/include/px4_msgs/px4_msgs/msg/register_ext_component_reply.hpp
[9.154s] -- Up-to-date: /home/maizaied03/ros2_ws/install/px4_msgs/include/px4_msgs/px4_msgs/msg/follow_target_status.hpp
[9.154s] -- Up-to-date: /home/maizaied03/ros2_ws/install/px4_msgs/include/px4_msgs/px4_msgs/msg/estimator_status.hpp
[9.155s] -- Up-to-date: /home/maizaied03/ros2_ws/install/px4_msgs/include/px4_msgs/px4_msgs/msg/velocity_limits.hpp
[9.155s] -- Up-to-date: /home/maizaied03/ros2_ws/install/px4_msgs/include/px4_msgs/px4_msgs/msg/vehicle_attitude_setpoint.hpp
[9.155s] -- Up-to-date: /home/maizaied03/ros2_ws/install/px4_msgs/include/px4_msgs/px4_msgs/msg/sensor_uwb.hpp
[9.155s] -- Up-to-date: /home/maizaied03/ros2_ws/install/px4_msgs/include/px4_msgs/px4_msgs/msg/battery_info.hpp
[9.155s] -- Up-to-date: /home/maizaied03/ros2_ws/install/px4_msgs/include/px4_msgs/px4_msgs/msg/position_controller_status.hpp
[9.155s] -- Up-to-date: /home/maizaied03/ros2_ws/install/px4_msgs/include/px4_msgs/px4_msgs/msg/sensor_gyro.hpp
[9.155s] -- Up-to-date: /home/maizaied03/ros2_ws/install/px4_msgs/include/px4_msgs/px4_msgs/msg/lateral_control_configuration.hpp
[9.155s] -- Up-to-date: /home/maizaied03/ros2_ws/install/px4_msgs/include/px4_msgs/px4_msgs/msg/internal_combustion_engine_status.hpp
[9.155s] -- Up-to-date: /home/maizaied03/ros2_ws/install/px4_msgs/include/px4_msgs/px4_msgs/msg/arming_check_reply.hpp
[9.156s] -- Up-to-date: /home/maizaied03/ros2_ws/install/px4_msgs/include/px4_msgs/px4_msgs/msg/message_format_response.hpp
[9.156s] -- Up-to-date: /home/maizaied03/ros2_ws/install/px4_msgs/include/px4_msgs/px4_msgs/msg/actuator_outputs.hpp
[9.156s] -- Up-to-date: /home/maizaied03/ros2_ws/install/px4_msgs/include/px4_msgs/px4_msgs/msg/sensor_preflight_mag.hpp
[9.156s] -- Up-to-date: /home/maizaied03/ros2_ws/install/px4_msgs/include/px4_msgs/px4_msgs/msg/gpio_config.hpp
[9.156s] -- Up-to-date: /home/maizaied03/ros2_ws/install/px4_msgs/include/px4_msgs/px4_msgs/msg/uavcan_parameter_request.hpp
[9.156s] -- Up-to-date: /home/maizaied03/ros2_ws/install/px4_msgs/include/px4_msgs/px4_msgs/msg/estimator_aid_source2d.hpp
[9.156s] -- Up-to-date: /home/maizaied03/ros2_ws/install/px4_msgs/include/px4_msgs/px4_msgs/msg/dataman_request.hpp
[9.156s] -- Up-to-date: /home/maizaied03/ros2_ws/install/px4_msgs/include/px4_msgs/px4_msgs/msg/position_setpoint.hpp
[9.156s] -- Up-to-date: /home/maizaied03/ros2_ws/install/px4_msgs/include/px4_msgs/px4_msgs/msg/fixed_wing_longitudinal_setpoint.hpp
[9.156s] -- Up-to-date: /home/maizaied03/ros2_ws/install/px4_msgs/include/px4_msgs/px4_msgs/msg/iridiumsbd_status.hpp
[9.156s] -- Up-to-date: /home/maizaied03/ros2_ws/install/px4_msgs/include/px4_msgs/px4_msgs/msg/manual_control_switches.hpp
[9.156s] -- Up-to-date: /home/maizaied03/ros2_ws/install/px4_msgs/include/px4_msgs/px4_msgs/msg/estimator_innovations.hpp
[9.156s] -- Up-to-date: /home/maizaied03/ros2_ws/install/px4_msgs/include/px4_msgs/px4_msgs/msg/pure_pursuit_status.hpp
[9.156s] -- Up-to-date: /home/maizaied03/ros2_ws/install/px4_msgs/include/px4_msgs/px4_msgs/msg/estimator_event_flags.hpp
[9.156s] -- Up-to-date: /home/maizaied03/ros2_ws/install/px4_msgs/include/px4_msgs/px4_msgs/msg/camera_capture.hpp
[9.156s] -- Up-to-date: /home/maizaied03/ros2_ws/install/px4_msgs/include/px4_msgs/px4_msgs/msg/goto_setpoint.hpp
[9.157s] -- Up-to-date: /home/maizaied03/ros2_ws/install/px4_msgs/include/px4_msgs/px4_msgs/msg/dronecan_node_status.hpp
[9.157s] -- Up-to-date: /home/maizaied03/ros2_ws/install/px4_msgs/include/px4_msgs/px4_msgs/msg/sensor_accel.hpp
[9.157s] -- Up-to-date: /home/maizaied03/ros2_ws/install/px4_msgs/include/px4_msgs/px4_msgs/msg/airspeed.hpp
[9.157s] -- Up-to-date: /home/maizaied03/ros2_ws/install/px4_msgs/include/px4_msgs/px4_msgs/msg/mavlink_tunnel.hpp
[9.157s] -- Up-to-date: /home/maizaied03/ros2_ws/install/px4_msgs/include/px4_msgs/px4_msgs/msg/sensor_gnss_relative.hpp
[9.157s] -- Up-to-date: /home/maizaied03/ros2_ws/install/px4_msgs/include/px4_msgs/px4_msgs/msg/orb_test_large.hpp
[9.157s] -- Up-to-date: /home/maizaied03/ros2_ws/install/px4_msgs/include/px4_msgs/px4_msgs/msg/unregister_ext_component.hpp
[9.157s] -- Up-to-date: /home/maizaied03/ros2_ws/install/px4_msgs/include/px4_msgs/px4_msgs/msg/px4io_status.hpp
[9.157s] -- Up-to-date: /home/maizaied03/ros2_ws/install/px4_msgs/include/px4_msgs/px4_msgs/msg/vehicle_control_mode.hpp
[9.157s] -- Up-to-date: /home/maizaied03/ros2_ws/install/px4_msgs/include/px4_msgs/px4_msgs/msg/actuator_servos_trim.hpp
[9.157s] -- Up-to-date: /home/maizaied03/ros2_ws/install/px4_msgs/include/px4_msgs/px4_msgs/msg/sensor_gps.hpp
[9.157s] -- Up-to-date: /home/maizaied03/ros2_ws/install/px4_msgs/include/px4_msgs/px4_msgs/msg/parameter_update.hpp
[9.157s] -- Up-to-date: /home/maizaied03/ros2_ws/install/px4_msgs/include/px4_msgs/px4_msgs/msg/navigator_status.hpp
[9.157s] -- Up-to-date: /home/maizaied03/ros2_ws/install/px4_msgs/include/px4_msgs/px4_msgs/msg/estimator_gps_status.hpp
[9.158s] -- Up-to-date: /home/maizaied03/ros2_ws/install/px4_msgs/include/px4_msgs/px4_msgs/msg/rosidl_generator_cpp__visibility_control.hpp
[9.158s] -- Up-to-date: /home/maizaied03/ros2_ws/install/px4_msgs/include/px4_msgs/px4_msgs/msg/dataman_response.hpp
[9.158s] -- Up-to-date: /home/maizaied03/ros2_ws/install/px4_msgs/include/px4_msgs/px4_msgs/msg/rtl_time_estimate.hpp
[9.158s] -- Up-to-date: /home/maizaied03/ros2_ws/install/px4_msgs/include/px4_msgs/px4_msgs/msg/parameter_set_value_response.hpp
[9.158s] -- Up-to-date: /home/maizaied03/ros2_ws/install/px4_msgs/include/px4_msgs/px4_msgs/msg/cpuload.hpp
[9.158s] -- Up-to-date: /home/maizaied03/ros2_ws/install/px4_msgs/include/px4_msgs/px4_msgs/msg/sensor_mag.hpp
[9.158s] -- Up-to-date: /home/maizaied03/ros2_ws/install/px4_msgs/include/px4_msgs/px4_msgs/msg/sensor_baro.hpp
[9.158s] -- Up-to-date: /home/maizaied03/ros2_ws/install/px4_msgs/include/px4_msgs/px4_msgs/msg/rover_rate_setpoint.hpp
[9.158s] -- Up-to-date: /home/maizaied03/ros2_ws/install/px4_msgs/include/px4_msgs/px4_msgs/msg/cellular_status.hpp
[9.158s] -- Up-to-date: /home/maizaied03/ros2_ws/install/px4_msgs/include/px4_msgs/px4_msgs/msg/vehicle_command.hpp
[9.158s] -- Up-to-date: /home/maizaied03/ros2_ws/install/px4_msgs/include/px4_msgs/px4_msgs/msg/open_drone_id_system.hpp
[9.158s] -- Up-to-date: /home/maizaied03/ros2_ws/install/px4_msgs/include/px4_msgs/px4_msgs/msg/gimbal_manager_status.hpp
[9.158s] -- Up-to-date: /home/maizaied03/ros2_ws/install/px4_msgs/include/px4_msgs/px4_msgs/msg/normalized_unsigned_setpoint.hpp
[9.158s] -- Up-to-date: /home/maizaied03/ros2_ws/install/px4_msgs/include/px4_msgs/px4_msgs/msg/parameter_reset_request.hpp
[9.159s] -- Up-to-date: /home/maizaied03/ros2_ws/install/px4_msgs/include/px4_msgs/px4_msgs/msg/vehicle_constraints.hpp
[9.159s] -- Up-to-date: /home/maizaied03/ros2_ws/install/px4_msgs/include/px4_msgs/px4_msgs/msg/esc_report.hpp
[9.159s] -- Up-to-date: /home/maizaied03/ros2_ws/install/px4_msgs/include/px4_msgs/px4_msgs/msg/sensor_correction.hpp
[9.159s] -- Up-to-date: /home/maizaied03/ros2_ws/install/px4_msgs/include/px4_msgs/px4_msgs/msg/trajectory_setpoint.hpp
[9.159s] -- Up-to-date: /home/maizaied03/ros2_ws/install/px4_msgs/include/px4_msgs/px4_msgs/msg/obstacle_distance.hpp
[9.159s] -- Up-to-date: /home/maizaied03/ros2_ws/install/px4_msgs/include/px4_msgs/px4_msgs/msg/actuator_motors.hpp
[9.159s] -- Up-to-date: /home/maizaied03/ros2_ws/install/px4_msgs/include/px4_msgs/px4_msgs/msg/figure_eight_status.hpp
[9.159s] -- Up-to-date: /home/maizaied03/ros2_ws/install/px4_msgs/include/px4_msgs/px4_msgs/msg/sensor_airflow.hpp
[9.159s] -- Up-to-date: /home/maizaied03/ros2_ws/install/px4_msgs/include/px4_msgs/px4_msgs/msg/gimbal_device_set_attitude.hpp
[9.159s] -- Up-to-date: /home/maizaied03/ros2_ws/install/px4_msgs/include/px4_msgs/px4_msgs/msg/takeoff_status.hpp
[9.159s] -- Up-to-date: /home/maizaied03/ros2_ws/install/px4_msgs/include/px4_msgs/px4_msgs/msg/gpio_in.hpp
[9.159s] -- Up-to-date: /home/maizaied03/ros2_ws/install/px4_msgs/include/px4_msgs/px4_msgs/msg/uavcan_parameter_value.hpp
[9.159s] -- Up-to-date: /home/maizaied03/ros2_ws/install/px4_msgs/include/px4_msgs/px4_msgs/msg/autotune_attitude_control_status.hpp
[9.159s] -- Up-to-date: /home/maizaied03/ros2_ws/install/px4_msgs/include/px4_msgs/px4_msgs/msg/sensor_temp.hpp
[9.159s] -- Up-to-date: /home/maizaied03/ros2_ws/install/px4_msgs/include/px4_msgs/px4_msgs/msg/event.hpp
[9.159s] -- Up-to-date: /home/maizaied03/ros2_ws/install/px4_msgs/include/px4_msgs/px4_msgs/msg/vehicle_optical_flow_vel.hpp
[9.159s] -- Up-to-date: /home/maizaied03/ros2_ws/install/px4_msgs/include/px4_msgs/px4_msgs/msg/arming_check_request.hpp
[9.160s] -- Up-to-date: /home/maizaied03/ros2_ws/install/px4_msgs/include/px4_msgs/px4_msgs/msg/vehicle_local_position.hpp
[9.160s] -- Up-to-date: /home/maizaied03/ros2_ws/install/px4_msgs/include/px4_msgs/px4_msgs/msg/geofence_status.hpp
[9.160s] -- Up-to-date: /home/maizaied03/ros2_ws/install/px4_msgs/include/px4_msgs/px4_msgs/msg/internal_combustion_engine_control.hpp
[9.160s] -- Up-to-date: /home/maizaied03/ros2_ws/install/px4_msgs/include/px4_msgs/px4_msgs/msg/wheel_encoders.hpp
[9.160s] -- Up-to-date: /home/maizaied03/ros2_ws/install/px4_msgs/include/px4_msgs/px4_msgs/msg/gimbal_manager_information.hpp
[9.160s] -- Up-to-date: /home/maizaied03/ros2_ws/install/px4_msgs/include/px4_msgs/px4_msgs/msg/airspeed_wind.hpp
[9.160s] -- Up-to-date: /home/maizaied03/ros2_ws/install/px4_msgs/include/px4_msgs/px4_msgs/msg/vehicle_angular_acceleration_setpoint.hpp
[9.160s] -- Up-to-date: /home/maizaied03/ros2_ws/install/px4_msgs/include/px4_msgs/px4_msgs/msg/gps_dump.hpp
[9.160s] -- Up-to-date: /home/maizaied03/ros2_ws/install/px4_msgs/include/px4_msgs/px4_msgs/msg/satellite_info.hpp
[9.160s] -- Up-to-date: /home/maizaied03/ros2_ws/install/px4_msgs/include/px4_msgs/px4_msgs/msg/rover_speed_status.hpp
[9.160s] -- Up-to-date: /home/maizaied03/ros2_ws/install/px4_msgs/include/px4_msgs/px4_msgs/msg/fixed_wing_lateral_status.hpp
[9.160s] -- Up-to-date: /home/maizaied03/ros2_ws/install/px4_msgs/include/px4_msgs/px4_msgs/msg/action_request.hpp
[9.161s] -- Up-to-date: /home/maizaied03/ros2_ws/install/px4_msgs/include/px4_msgs/px4_msgs/msg/vehicle_attitude.hpp
[9.161s] -- Up-to-date: /home/maizaied03/ros2_ws/install/px4_msgs/include/px4_msgs/px4_msgs/msg/vehicle_thrust_setpoint.hpp
[9.161s] -- Up-to-date: /home/maizaied03/ros2_ws/install/px4_msgs/include/px4_msgs/px4_msgs/msg/neural_control.hpp
[9.161s] -- Up-to-date: /home/maizaied03/ros2_ws/install/px4_msgs/include/px4_msgs/px4_msgs/msg/tecs_status.hpp
[9.161s] -- Up-to-date: /home/maizaied03/ros2_ws/install/px4_msgs/include/px4_msgs/px4_msgs/msg/gimbal_manager_set_manual_control.hpp
[9.161s] -- Up-to-date: /home/maizaied03/ros2_ws/install/px4_msgs/include/px4_msgs/px4_msgs/msg/sensor_selection.hpp
[9.161s] -- Up-to-date: /home/maizaied03/ros2_ws/install/px4_msgs/include/px4_msgs/px4_msgs/msg/camera_trigger.hpp
[9.161s] -- Up-to-date: /home/maizaied03/ros2_ws/install/px4_msgs/include/px4_msgs/px4_msgs/msg/actuator_armed.hpp
[9.161s] -- Up-to-date: /home/maizaied03/ros2_ws/install/px4_msgs/include/px4_msgs/px4_msgs/msg/differential_pressure.hpp
[9.161s] -- Up-to-date: /home/maizaied03/ros2_ws/install/px4_msgs/include/px4_msgs/px4_msgs/msg/position_setpoint_triplet.hpp
[9.161s] -- Up-to-date: /home/maizaied03/ros2_ws/install/px4_msgs/include/px4_msgs/px4_msgs/msg/raptor_status.hpp
[9.161s] -- Up-to-date: /home/maizaied03/ros2_ws/install/px4_msgs/include/px4_msgs/px4_msgs/msg/can_interface_status.hpp
[9.161s] -- Up-to-date: /home/maizaied03/ros2_ws/install/px4_msgs/include/px4_msgs/px4_msgs/msg/orbit_status.hpp
[9.161s] -- Up-to-date: /home/maizaied03/ros2_ws/install/px4_msgs/include/px4_msgs/px4_msgs/msg/gimbal_device_information.hpp
[9.161s] -- Up-to-date: /home/maizaied03/ros2_ws/install/px4_msgs/include/px4_msgs/px4_msgs/msg/parameter_set_value_request.hpp
[9.162s] -- Up-to-date: /home/maizaied03/ros2_ws/install/px4_msgs/include/px4_msgs/px4_msgs/msg/sensor_accel_fifo.hpp
[9.162s] -- Up-to-date: /home/maizaied03/ros2_ws/install/px4_msgs/include/px4_msgs/px4_msgs/msg/timesync_status.hpp
[9.162s] -- Up-to-date: /home/maizaied03/ros2_ws/install/px4_msgs/include/px4_msgs/px4_msgs/msg/camera_status.hpp
[9.162s] -- Up-to-date: /home/maizaied03/ros2_ws/install/px4_msgs/include/px4_msgs/px4_msgs/msg/hover_thrust_estimate.hpp
[9.162s] -- Up-to-date: /home/maizaied03/ros2_ws/install/px4_msgs/include/px4_msgs/px4_msgs/msg/heater_status.hpp
[9.162s] -- Up-to-date: /home/maizaied03/ros2_ws/install/px4_msgs/include/px4_msgs/px4_msgs/msg/follow_target_estimator.hpp
[9.162s] -- Up-to-date: /home/maizaied03/ros2_ws/install/px4_msgs/include/px4_msgs/px4_msgs/msg/estimator_selector_status.hpp
[9.162s] -- Up-to-date: /home/maizaied03/ros2_ws/install/px4_msgs/include/px4_msgs/px4_msgs/msg/gpio_out.hpp
[9.162s] -- Up-to-date: /home/maizaied03/ros2_ws/install/px4_msgs/include/px4_msgs/px4_msgs/msg/tiltrotor_extra_controls.hpp
[9.162s] -- Up-to-date: /home/maizaied03/ros2_ws/install/px4_msgs/include/px4_msgs/px4_msgs/msg/gimbal_controls.hpp
[9.162s] -- Up-to-date: /home/maizaied03/ros2_ws/install/px4_msgs/include/px4_msgs/px4_msgs/msg/vehicle_odometry.hpp
[9.162s] -- Up-to-date: /home/maizaied03/ros2_ws/install/px4_msgs/include/px4_msgs/px4_msgs/msg/rover_rate_status.hpp
[9.162s] -- Up-to-date: /home/maizaied03/ros2_ws/install/px4_msgs/include/px4_msgs/px4_msgs/msg/sensor_optical_flow.hpp
[9.162s] -- Up-to-date: /home/maizaied03/ros2_ws/install/px4_msgs/include/px4_msgs/px4_msgs/msg/orb_test.hpp
[9.162s] -- Up-to-date: /home/maizaied03/ros2_ws/install/px4_msgs/include/px4_msgs/px4_msgs/msg/position_controller_landing_status.hpp
[9.163s] -- Up-to-date: /home/maizaied03/ros2_ws/install/px4_msgs/include/px4_msgs/px4_msgs/msg/generator_status.hpp
[9.163s] -- Up-to-date: /home/maizaied03/ros2_ws/install/px4_msgs/include/px4_msgs/px4_msgs/msg/parameter_set_used_request.hpp
[9.163s] -- Up-to-date: /home/maizaied03/ros2_ws/install/px4_msgs/include/px4_msgs/px4_msgs/msg/rover_throttle_setpoint.hpp
[9.163s] -- Up-to-date: /home/maizaied03/ros2_ws/install/px4_msgs/include/px4_msgs/px4_msgs/msg/sensors_status_imu.hpp
[9.163s] -- Up-to-date: /home/maizaied03/ros2_ws/install/px4_msgs/include/px4_msgs/px4_msgs/msg/ulog_stream_ack.hpp
[9.163s] -- Up-to-date: /home/maizaied03/ros2_ws/install/px4_msgs/include/px4_msgs/px4_msgs/msg/logger_status.hpp
[9.163s] -- Up-to-date: /home/maizaied03/ros2_ws/install/px4_msgs/include/px4_msgs/px4_msgs/msg/gpio_request.hpp
[9.163s] -- Up-to-date: /home/maizaied03/ros2_ws/install/px4_msgs/include/px4_msgs/px4_msgs/msg/mavlink_log.hpp
[9.163s] -- Up-to-date: /home/maizaied03/ros2_ws/install/px4_msgs/include/px4_msgs/px4_msgs/msg/open_drone_id_operator_id.hpp
[9.163s] -- Up-to-date: /home/maizaied03/ros2_ws/install/px4_msgs/include/px4_msgs/px4_msgs/msg/adc_report.hpp
[9.163s] -- Up-to-date: /home/maizaied03/ros2_ws/install/px4_msgs/include/px4_msgs/px4_msgs/msg/sensor_combined.hpp
[9.165s] -- Up-to-date: /home/maizaied03/ros2_ws/install/px4_msgs/include/px4_msgs/px4_msgs/msg/rover_position_setpoint.hpp
[9.165s] -- Up-to-date: /home/maizaied03/ros2_ws/install/px4_msgs/include/px4_msgs/px4_msgs/msg/input_rc.hpp
[9.165s] -- Up-to-date: /home/maizaied03/ros2_ws/install/px4_msgs/include/px4_msgs/px4_msgs/msg/vehicle_magnetometer.hpp
[9.165s] -- Up-to-date: /home/maizaied03/ros2_ws/install/px4_msgs/include/px4_msgs/px4_msgs/msg/onboard_computer_status.hpp
[9.165s] -- Up-to-date: /home/maizaied03/ros2_ws/install/px4_msgs/include/px4_msgs/px4_msgs/msg/actuator_test.hpp
[9.165s] -- Up-to-date: /home/maizaied03/ros2_ws/install/px4_msgs/include/px4_msgs/px4_msgs/msg/rover_attitude_setpoint.hpp
[9.165s] -- Up-to-date: /home/maizaied03/ros2_ws/install/px4_msgs/include/px4_msgs/px4_msgs/msg/tune_control.hpp
[9.165s] -- Up-to-date: /home/maizaied03/ros2_ws/install/px4_msgs/include/px4_msgs/px4_msgs/msg/gimbal_manager_set_attitude.hpp
[9.165s] -- Up-to-date: /home/maizaied03/ros2_ws/install/px4_msgs/include/px4_msgs/px4_msgs/msg/collision_constraints.hpp
[9.165s] -- Up-to-date: /home/maizaied03/ros2_ws/install/px4_msgs/include/px4_msgs/px4_msgs/msg/navigator_mission_item.hpp
[9.165s] -- Up-to-date: /home/maizaied03/ros2_ws/install/px4_msgs/include/px4_msgs/px4_msgs/msg/debug_array.hpp
[9.165s] -- Up-to-date: /home/maizaied03/ros2_ws/install/px4_msgs/include/px4_msgs/px4_msgs/msg/rover_attitude_status.hpp
[9.165s] -- Up-to-date: /home/maizaied03/ros2_ws/install/px4_msgs/include/px4_msgs/px4_msgs/msg/ulog_stream.hpp
[9.166s] -- Up-to-date: /home/maizaied03/ros2_ws/install/px4_msgs/include/px4_msgs/px4_msgs/msg/estimator_aid_source3d.hpp
[9.166s] -- Up-to-date: /home/maizaied03/ros2_ws/install/px4_msgs/include/px4_msgs/px4_msgs/msg/vehicle_imu_status.hpp
[9.166s] -- Up-to-date: /home/maizaied03/ros2_ws/install/px4_msgs/include/px4_msgs/px4_msgs/msg/open_drone_id_self_id.hpp
[9.166s] -- Up-to-date: /home/maizaied03/ros2_ws/install/px4_msgs/include/px4_msgs/px4_msgs/msg/transponder_report.hpp
[9.166s] -- Up-to-date: /home/maizaied03/ros2_ws/install/px4_msgs/include/px4_msgs/px4_msgs/msg/vehicle_air_data.hpp
[9.166s] -- Up-to-date: /home/maizaied03/ros2_ws/install/px4_msgs/include/px4_msgs/px4_msgs/msg/estimator_status_flags.hpp
[9.166s] -- Up-to-date: /home/maizaied03/ros2_ws/install/px4_msgs/include/px4_msgs/px4_msgs/msg/estimator_states.hpp
[9.166s] -- Up-to-date: /home/maizaied03/ros2_ws/install/px4_msgs/include/px4_msgs/px4_msgs/msg/estimator_aid_source1d.hpp
[9.166s] -- Up-to-date: /home/maizaied03/ros2_ws/install/px4_msgs/include/px4_msgs/px4_msgs/msg/vehicle_global_position.hpp
[9.166s] -- Up-to-date: /home/maizaied03/ros2_ws/install/px4_msgs/include/px4_msgs/px4_msgs/msg/landing_target_pose.hpp
[9.166s] -- Up-to-date: /home/maizaied03/ros2_ws/install/px4_msgs/include/px4_msgs/px4_msgs/msg/health_report.hpp
[9.166s] -- Up-to-date: /home/maizaied03/ros2_ws/install/px4_msgs/include/px4_msgs/px4_msgs/msg/qshell_retval.hpp
[9.166s] -- Up-to-date: /home/maizaied03/ros2_ws/install/px4_msgs/include/px4_msgs/px4_msgs/msg/config_overrides.hpp
[9.166s] -- Up-to-date: /home/maizaied03/ros2_ws/install/px4_msgs/include/px4_msgs/px4_msgs/msg/fuel_tank_status.hpp
[9.166s] -- Up-to-date: /home/maizaied03/ros2_ws/install/px4_msgs/include/px4_msgs/px4_msgs/msg/detail
[9.166s] -- Up-to-date: /home/maizaied03/ros2_ws/install/px4_msgs/include/px4_msgs/px4_msgs/msg/detail/estimator_aid_source3d__type_support.hpp
[9.166s] -- Up-to-date: /home/maizaied03/ros2_ws/install/px4_msgs/include/px4_msgs/px4_msgs/msg/detail/debug_value__type_support.hpp
[9.166s] -- Up-to-date: /home/maizaied03/ros2_ws/install/px4_msgs/include/px4_msgs/px4_msgs/msg/detail/register_ext_component_request__traits.hpp
[9.167s] -- Up-to-date: /home/maizaied03/ros2_ws/install/px4_msgs/include/px4_msgs/px4_msgs/msg/detail/vehicle_command__type_support.hpp
[9.167s] -- Up-to-date: /home/maizaied03/ros2_ws/install/px4_msgs/include/px4_msgs/px4_msgs/msg/detail/button_event__struct.hpp
[9.167s] -- Up-to-date: /home/maizaied03/ros2_ws/install/px4_msgs/include/px4_msgs/px4_msgs/msg/detail/follow_target_estimator__traits.hpp
[9.167s] -- Up-to-date: /home/maizaied03/ros2_ws/install/px4_msgs/include/px4_msgs/px4_msgs/msg/detail/collision_constraints__type_support.hpp
[9.167s] -- Up-to-date: /home/maizaied03/ros2_ws/install/px4_msgs/include/px4_msgs/px4_msgs/msg/detail/vehicle_imu__type_support.hpp
[9.167s] -- Up-to-date: /home/maizaied03/ros2_ws/install/px4_msgs/include/px4_msgs/px4_msgs/msg/detail/gimbal_device_information__builder.hpp
[9.167s] -- Up-to-date: /home/maizaied03/ros2_ws/install/px4_msgs/include/px4_msgs/px4_msgs/msg/detail/sensor_gnss_relative__traits.hpp
[9.167s] -- Up-to-date: /home/maizaied03/ros2_ws/install/px4_msgs/include/px4_msgs/px4_msgs/msg/detail/config_overrides__struct.hpp
[9.167s] -- Up-to-date: /home/maizaied03/ros2_ws/install/px4_msgs/include/px4_msgs/px4_msgs/msg/detail/rover_speed_setpoint__type_support.hpp
[9.167s] -- Up-to-date: /home/maizaied03/ros2_ws/install/px4_msgs/include/px4_msgs/px4_msgs/msg/detail/vehicle_command_ack__struct.hpp
[9.167s] -- Up-to-date: /home/maizaied03/ros2_ws/install/px4_msgs/include/px4_msgs/px4_msgs/msg/detail/debug_value__struct.hpp
[9.167s] -- Up-to-date: /home/maizaied03/ros2_ws/install/px4_msgs/include/px4_msgs/px4_msgs/msg/detail/orb_test_large__struct.hpp
[9.167s] -- Up-to-date: /home/maizaied03/ros2_ws/install/px4_msgs/include/px4_msgs/px4_msgs/msg/detail/vtol_vehicle_status__builder.hpp
[9.168s] -- Up-to-date: /home/maizaied03/ros2_ws/install/px4_msgs/include/px4_msgs/px4_msgs/msg/detail/control_allocator_status__type_support.hpp
[9.168s] -- Up-to-date: /home/maizaied03/ros2_ws/install/px4_msgs/include/px4_msgs/px4_msgs/msg/detail/vehicle_constraints__struct.hpp
[9.168s] -- Up-to-date: /home/maizaied03/ros2_ws/install/px4_msgs/include/px4_msgs/px4_msgs/msg/detail/vehicle_command__traits.hpp
[9.168s] -- Up-to-date: /home/maizaied03/ros2_ws/install/px4_msgs/include/px4_msgs/px4_msgs/msg/detail/parameter_set_value_response__type_support.hpp
[9.168s] -- Up-to-date: /home/maizaied03/ros2_ws/install/px4_msgs/include/px4_msgs/px4_msgs/msg/detail/gimbal_controls__struct.hpp
[9.168s] -- Up-to-date: /home/maizaied03/ros2_ws/install/px4_msgs/include/px4_msgs/px4_msgs/msg/detail/vehicle_control_mode__traits.hpp
[9.168s] -- Up-to-date: /home/maizaied03/ros2_ws/install/px4_msgs/include/px4_msgs/px4_msgs/msg/detail/vehicle_angular_velocity__struct.hpp
[9.168s] -- Up-to-date: /home/maizaied03/ros2_ws/install/px4_msgs/include/px4_msgs/px4_msgs/msg/detail/estimator_aid_source2d__traits.hpp
[9.168s] -- Up-to-date: /home/maizaied03/ros2_ws/install/px4_msgs/include/px4_msgs/px4_msgs/msg/detail/vehicle_magnetometer__type_support.hpp
[9.168s] -- Up-to-date: /home/maizaied03/ros2_ws/install/px4_msgs/include/px4_msgs/px4_msgs/msg/detail/sensor_gps__builder.hpp
[9.168s] -- Up-to-date: /home/maizaied03/ros2_ws/install/px4_msgs/include/px4_msgs/px4_msgs/msg/detail/pure_pursuit_status__builder.hpp
[9.168s] -- Up-to-date: /home/maizaied03/ros2_ws/install/px4_msgs/include/px4_msgs/px4_msgs/msg/detail/sensor_baro__struct.hpp
[9.168s] -- Up-to-date: /home/maizaied03/ros2_ws/install/px4_msgs/include/px4_msgs/px4_msgs/msg/detail/sensor_hygrometer__struct.hpp
[9.168s] -- Up-to-date: /home/maizaied03/ros2_ws/install/px4_msgs/include/px4_msgs/px4_msgs/msg/detail/navigator_mission_item__traits.hpp
[9.169s] -- Up-to-date: /home/maizaied03/ros2_ws/install/px4_msgs/include/px4_msgs/px4_msgs/msg/detail/control_allocator_status__struct.hpp
[9.169s] -- Up-to-date: /home/maizaied03/ros2_ws/install/px4_msgs/include/px4_msgs/px4_msgs/msg/detail/estimator_event_flags__type_support.hpp
[9.169s] -- Up-to-date: /home/maizaied03/ros2_ws/install/px4_msgs/include/px4_msgs/px4_msgs/msg/detail/sensor_gyro_fifo__traits.hpp
[9.169s] -- Up-to-date: /home/maizaied03/ros2_ws/install/px4_msgs/include/px4_msgs/px4_msgs/msg/detail/gpio_in__struct.hpp
[9.169s] -- Up-to-date: /home/maizaied03/ros2_ws/install/px4_msgs/include/px4_msgs/px4_msgs/msg/detail/vtol_vehicle_status__type_support.hpp
[9.169s] -- Up-to-date: /home/maizaied03/ros2_ws/install/px4_msgs/include/px4_msgs/px4_msgs/msg/detail/estimator_states__type_support.hpp
[9.169s] -- Up-to-date: /home/maizaied03/ros2_ws/install/px4_msgs/include/px4_msgs/px4_msgs/msg/detail/estimator_bias3d__type_support.hpp
[9.169s] -- Up-to-date: /home/maizaied03/ros2_ws/install/px4_msgs/include/px4_msgs/px4_msgs/msg/detail/airspeed__traits.hpp
[9.169s] -- Up-to-date: /home/maizaied03/ros2_ws/install/px4_msgs/include/px4_msgs/px4_msgs/msg/detail/gps_dump__traits.hpp
[9.169s] -- Up-to-date: /home/maizaied03/ros2_ws/install/px4_msgs/include/px4_msgs/px4_msgs/msg/detail/rpm__struct.hpp
[9.169s] -- Up-to-date: /home/maizaied03/ros2_ws/install/px4_msgs/include/px4_msgs/px4_msgs/msg/detail/vehicle_land_detected__struct.hpp
[9.169s] -- Up-to-date: /home/maizaied03/ros2_ws/install/px4_msgs/include/px4_msgs/px4_msgs/msg/detail/wheel_encoders__traits.hpp
[9.169s] -- Up-to-date: /home/maizaied03/ros2_ws/install/px4_msgs/include/px4_msgs/px4_msgs/msg/detail/action_request__struct.hpp
[9.169s] -- Up-to-date: /home/maizaied03/ros2_ws/install/px4_msgs/include/px4_msgs/px4_msgs/msg/detail/pure_pursuit_status__type_support.hpp
[9.169s] -- Up-to-date: /home/maizaied03/ros2_ws/install/px4_msgs/include/px4_msgs/px4_msgs/msg/detail/geofence_status__struct.hpp
[9.169s] -- Up-to-date: /home/maizaied03/ros2_ws/install/px4_msgs/include/px4_msgs/px4_msgs/msg/detail/fuel_tank_status__traits.hpp
[9.169s] -- Up-to-date: /home/maizaied03/ros2_ws/install/px4_msgs/include/px4_msgs/px4_msgs/msg/detail/distance_sensor__traits.hpp
[9.169s] -- Up-to-date: /home/maizaied03/ros2_ws/install/px4_msgs/include/px4_msgs/px4_msgs/msg/detail/vehicle_attitude__traits.hpp
[9.170s] -- Up-to-date: /home/maizaied03/ros2_ws/install/px4_msgs/include/px4_msgs/px4_msgs/msg/detail/fixed_wing_lateral_setpoint__type_support.hpp
[9.170s] -- Up-to-date: /home/maizaied03/ros2_ws/install/px4_msgs/include/px4_msgs/px4_msgs/msg/detail/actuator_test__builder.hpp
[9.170s] -- Up-to-date: /home/maizaied03/ros2_ws/install/px4_msgs/include/px4_msgs/px4_msgs/msg/detail/goto_setpoint__struct.hpp
[9.170s] -- Up-to-date: /home/maizaied03/ros2_ws/install/px4_msgs/include/px4_msgs/px4_msgs/msg/detail/vehicle_angular_acceleration_setpoint__struct.hpp
[9.170s] -- Up-to-date: /home/maizaied03/ros2_ws/install/px4_msgs/include/px4_msgs/px4_msgs/msg/detail/takeoff_status__type_support.hpp
[9.170s] -- Up-to-date: /home/maizaied03/ros2_ws/install/px4_msgs/include/px4_msgs/px4_msgs/msg/detail/gps_inject_data__traits.hpp
[9.170s] -- Up-to-date: /home/maizaied03/ros2_ws/install/px4_msgs/include/px4_msgs/px4_msgs/msg/detail/sensor_gnss_status__struct.hpp
[9.170s] -- Up-to-date: /home/maizaied03/ros2_ws/install/px4_msgs/include/px4_msgs/px4_msgs/msg/detail/estimator_selector_status__struct.hpp
[9.170s] -- Up-to-date: /home/maizaied03/ros2_ws/install/px4_msgs/include/px4_msgs/px4_msgs/msg/detail/velocity_limits__builder.hpp
[9.170s] -- Up-to-date: /home/maizaied03/ros2_ws/install/px4_msgs/include/px4_msgs/px4_msgs/msg/detail/launch_detection_status__struct.hpp
[9.170s] -- Up-to-date: /home/maizaied03/ros2_ws/install/px4_msgs/include/px4_msgs/px4_msgs/msg/detail/gps_dump__struct.hpp
[9.170s] -- Up-to-date: /home/maizaied03/ros2_ws/install/px4_msgs/include/px4_msgs/px4_msgs/msg/detail/camera_capture__type_support.hpp
[9.171s] -- Up-to-date: /home/maizaied03/ros2_ws/install/px4_msgs/include/px4_msgs/px4_msgs/msg/detail/vehicle_imu__struct.hpp
[9.171s] -- Up-to-date: /home/maizaied03/ros2_ws/install/px4_msgs/include/px4_msgs/px4_msgs/msg/detail/orbit_status__builder.hpp
[9.171s] -- Up-to-date: /home/maizaied03/ros2_ws/install/px4_msgs/include/px4_msgs/px4_msgs/msg/detail/sensor_hygrometer__builder.hpp
[9.171s] -- Up-to-date: /home/maizaied03/ros2_ws/install/px4_msgs/include/px4_msgs/px4_msgs/msg/detail/orbit_status__traits.hpp
[9.171s] -- Up-to-date: /home/maizaied03/ros2_ws/install/px4_msgs/include/px4_msgs/px4_msgs/msg/detail/takeoff_status__traits.hpp
[9.171s] -- Up-to-date: /home/maizaied03/ros2_ws/install/px4_msgs/include/px4_msgs/px4_msgs/msg/detail/vehicle_constraints__traits.hpp
[9.171s] -- Up-to-date: /home/maizaied03/ros2_ws/install/px4_msgs/include/px4_msgs/px4_msgs/msg/detail/arming_check_request__type_support.hpp
[9.171s] -- Up-to-date: /home/maizaied03/ros2_ws/install/px4_msgs/include/px4_msgs/px4_msgs/msg/detail/vtx__builder.hpp
[9.171s] -- Up-to-date: /home/maizaied03/ros2_ws/install/px4_msgs/include/px4_msgs/px4_msgs/msg/detail/orbit_status__struct.hpp
[9.171s] -- Up-to-date: /home/maizaied03/ros2_ws/install/px4_msgs/include/px4_msgs/px4_msgs/msg/detail/battery_info__builder.hpp
[9.171s] -- Up-to-date: /home/maizaied03/ros2_ws/install/px4_msgs/include/px4_msgs/px4_msgs/msg/detail/vehicle_magnetometer__traits.hpp
[9.171s] -- Up-to-date: /home/maizaied03/ros2_ws/install/px4_msgs/include/px4_msgs/px4_msgs/msg/detail/tiltrotor_extra_controls__traits.hpp
[9.171s] -- Up-to-date: /home/maizaied03/ros2_ws/install/px4_msgs/include/px4_msgs/px4_msgs/msg/detail/mag_worker_data__builder.hpp
[9.171s] -- Up-to-date: /home/maizaied03/ros2_ws/install/px4_msgs/include/px4_msgs/px4_msgs/msg/detail/sensor_preflight_mag__builder.hpp
[9.171s] -- Up-to-date: /home/maizaied03/ros2_ws/install/px4_msgs/include/px4_msgs/px4_msgs/msg/detail/sensor_gps__traits.hpp
[9.172s] -- Up-to-date: /home/maizaied03/ros2_ws/install/px4_msgs/include/px4_msgs/px4_msgs/msg/detail/actuator_armed__builder.hpp
[9.172s] -- Up-to-date: /home/maizaied03/ros2_ws/install/px4_msgs/include/px4_msgs/px4_msgs/msg/detail/launch_detection_status__builder.hpp
[9.172s] -- Up-to-date: /home/maizaied03/ros2_ws/install/px4_msgs/include/px4_msgs/px4_msgs/msg/detail/sensor_airflow__struct.hpp
[9.172s] -- Up-to-date: /home/maizaied03/ros2_ws/install/px4_msgs/include/px4_msgs/px4_msgs/msg/detail/wheel_encoders__struct.hpp
[9.172s] -- Up-to-date: /home/maizaied03/ros2_ws/install/px4_msgs/include/px4_msgs/px4_msgs/msg/detail/flight_phase_estimation__traits.hpp
[9.172s] -- Up-to-date: /home/maizaied03/ros2_ws/install/px4_msgs/include/px4_msgs/px4_msgs/msg/detail/vehicle_roi__type_support.hpp
[9.172s] -- Up-to-date: /home/maizaied03/ros2_ws/install/px4_msgs/include/px4_msgs/px4_msgs/msg/detail/actuator_servos__type_support.hpp
[9.172s] -- Up-to-date: /home/maizaied03/ros2_ws/install/px4_msgs/include/px4_msgs/px4_msgs/msg/detail/sensor_airflow__type_support.hpp
[9.172s] -- Up-to-date: /home/maizaied03/ros2_ws/install/px4_msgs/include/px4_msgs/px4_msgs/msg/detail/estimator_selector_status__traits.hpp
[9.172s] -- Up-to-date: /home/maizaied03/ros2_ws/install/px4_msgs/include/px4_msgs/px4_msgs/msg/detail/normalized_unsigned_setpoint__traits.hpp
[9.172s] -- Up-to-date: /home/maizaied03/ros2_ws/install/px4_msgs/include/px4_msgs/px4_msgs/msg/detail/yaw_estimator_status__type_support.hpp
[9.172s] -- Up-to-date: /home/maizaied03/ros2_ws/install/px4_msgs/include/px4_msgs/px4_msgs/msg/detail/tiltrotor_extra_controls__builder.hpp
[9.172s] -- Up-to-date: /home/maizaied03/ros2_ws/install/px4_msgs/include/px4_msgs/px4_msgs/msg/detail/arming_check_request__struct.hpp
[9.172s] -- Up-to-date: /home/maizaied03/ros2_ws/install/px4_msgs/include/px4_msgs/px4_msgs/msg/detail/landing_gear__struct.hpp
[9.172s] -- Up-to-date: /home/maizaied03/ros2_ws/install/px4_msgs/include/px4_msgs/px4_msgs/msg/detail/log_message__traits.hpp
[9.172s] -- Up-to-date: /home/maizaied03/ros2_ws/install/px4_msgs/include/px4_msgs/px4_msgs/msg/detail/vehicle_angular_acceleration_setpoint__traits.hpp
[9.172s] -- Up-to-date: /home/maizaied03/ros2_ws/install/px4_msgs/include/px4_msgs/px4_msgs/msg/detail/vehicle_imu_status__struct.hpp
[9.173s] -- Up-to-date: /home/maizaied03/ros2_ws/install/px4_msgs/include/px4_msgs/px4_msgs/msg/detail/goto_setpoint__type_support.hpp
[9.173s] -- Up-to-date: /home/maizaied03/ros2_ws/install/px4_msgs/include/px4_msgs/px4_msgs/msg/detail/uavcan_parameter_value__struct.hpp
[9.173s] -- Up-to-date: /home/maizaied03/ros2_ws/install/px4_msgs/include/px4_msgs/px4_msgs/msg/detail/vehicle_angular_velocity__builder.hpp
[9.173s] -- Up-to-date: /home/maizaied03/ros2_ws/install/px4_msgs/include/px4_msgs/px4_msgs/msg/detail/sensor_gyro_fifo__builder.hpp
[9.173s] -- Up-to-date: /home/maizaied03/ros2_ws/install/px4_msgs/include/px4_msgs/px4_msgs/msg/detail/gimbal_controls__traits.hpp
[9.173s] -- Up-to-date: /home/maizaied03/ros2_ws/install/px4_msgs/include/px4_msgs/px4_msgs/msg/detail/logger_status__type_support.hpp
[9.173s] -- Up-to-date: /home/maizaied03/ros2_ws/install/px4_msgs/include/px4_msgs/px4_msgs/msg/detail/vehicle_attitude_setpoint__traits.hpp
[9.173s] -- Up-to-date: /home/maizaied03/ros2_ws/install/px4_msgs/include/px4_msgs/px4_msgs/msg/detail/geofence_result__builder.hpp
[9.173s] -- Up-to-date: /home/maizaied03/ros2_ws/install/px4_msgs/include/px4_msgs/px4_msgs/msg/detail/neural_control__type_support.hpp
[9.173s] -- Up-to-date: /home/maizaied03/ros2_ws/install/px4_msgs/include/px4_msgs/px4_msgs/msg/detail/led_control__traits.hpp
[9.173s] -- Up-to-date: /home/maizaied03/ros2_ws/install/px4_msgs/include/px4_msgs/px4_msgs/msg/detail/distance_sensor_mode_change_request__traits.hpp
[9.173s] -- Up-to-date: /home/maizaied03/ros2_ws/install/px4_msgs/include/px4_msgs/px4_msgs/msg/detail/parameter_reset_request__traits.hpp
[9.174s] -- Up-to-date: /home/maizaied03/ros2_ws/install/px4_msgs/include/px4_msgs/px4_msgs/msg/detail/position_setpoint__type_support.hpp
[9.174s] -- Up-to-date: /home/maizaied03/ros2_ws/install/px4_msgs/include/px4_msgs/px4_msgs/msg/detail/parameter_reset_request__struct.hpp
[9.174s] -- Up-to-date: /home/maizaied03/ros2_ws/install/px4_msgs/include/px4_msgs/px4_msgs/msg/detail/lateral_control_configuration__builder.hpp
[9.174s] -- Up-to-date: /home/maizaied03/ros2_ws/install/px4_msgs/include/px4_msgs/px4_msgs/msg/detail/iridiumsbd_status__struct.hpp
[9.174s] -- Up-to-date: /home/maizaied03/ros2_ws/install/px4_msgs/include/px4_msgs/px4_msgs/msg/detail/neural_control__traits.hpp
[9.174s] -- Up-to-date: /home/maizaied03/ros2_ws/install/px4_msgs/include/px4_msgs/px4_msgs/msg/detail/battery_info__traits.hpp
[9.174s] -- Up-to-date: /home/maizaied03/ros2_ws/install/px4_msgs/include/px4_msgs/px4_msgs/msg/detail/sensor_combined__struct.hpp
[9.174s] -- Up-to-date: /home/maizaied03/ros2_ws/install/px4_msgs/include/px4_msgs/px4_msgs/msg/detail/distance_sensor__builder.hpp
[9.174s] -- Up-to-date: /home/maizaied03/ros2_ws/install/px4_msgs/include/px4_msgs/px4_msgs/msg/detail/fuel_tank_status__type_support.hpp
[9.174s] -- Up-to-date: /home/maizaied03/ros2_ws/install/px4_msgs/include/px4_msgs/px4_msgs/msg/detail/vehicle_global_position__traits.hpp
[9.174s] -- Up-to-date: /home/maizaied03/ros2_ws/install/px4_msgs/include/px4_msgs/px4_msgs/msg/detail/mavlink_tunnel__struct.hpp
[9.174s] -- Up-to-date: /home/maizaied03/ros2_ws/install/px4_msgs/include/px4_msgs/px4_msgs/msg/detail/camera_capture__builder.hpp
[9.174s] -- Up-to-date: /home/maizaied03/ros2_ws/install/px4_msgs/include/px4_msgs/px4_msgs/msg/detail/airspeed_validated__type_support.hpp
[9.174s] -- Up-to-date: /home/maizaied03/ros2_ws/install/px4_msgs/include/px4_msgs/px4_msgs/msg/detail/event__type_support.hpp
[9.174s] -- Up-to-date: /home/maizaied03/ros2_ws/install/px4_msgs/include/px4_msgs/px4_msgs/msg/detail/vehicle_optical_flow__builder.hpp
[9.174s] -- Up-to-date: /home/maizaied03/ros2_ws/install/px4_msgs/include/px4_msgs/px4_msgs/msg/detail/gps_inject_data__type_support.hpp
[9.175s] -- Up-to-date: /home/maizaied03/ros2_ws/install/px4_msgs/include/px4_msgs/px4_msgs/msg/detail/figure_eight_status__type_support.hpp
[9.175s] -- Up-to-date: /home/maizaied03/ros2_ws/install/px4_msgs/include/px4_msgs/px4_msgs/msg/detail/position_controller_status__type_support.hpp
[9.175s] -- Up-to-date: /home/maizaied03/ros2_ws/install/px4_msgs/include/px4_msgs/px4_msgs/msg/detail/actuator_armed__type_support.hpp
[9.175s] -- Up-to-date: /home/maizaied03/ros2_ws/install/px4_msgs/include/px4_msgs/px4_msgs/msg/detail/sensor_temp__traits.hpp
[9.175s] -- Up-to-date: /home/maizaied03/ros2_ws/install/px4_msgs/include/px4_msgs/px4_msgs/msg/detail/uavcan_parameter_request__struct.hpp
[9.175s] -- Up-to-date: /home/maizaied03/ros2_ws/install/px4_msgs/include/px4_msgs/px4_msgs/msg/detail/airspeed__builder.hpp
[9.175s] -- Up-to-date: /home/maizaied03/ros2_ws/install/px4_msgs/include/px4_msgs/px4_msgs/msg/detail/rover_attitude_setpoint__builder.hpp
[9.175s] -- Up-to-date: /home/maizaied03/ros2_ws/install/px4_msgs/include/px4_msgs/px4_msgs/msg/detail/actuator_servos__builder.hpp
[9.175s] -- Up-to-date: /home/maizaied03/ros2_ws/install/px4_msgs/include/px4_msgs/px4_msgs/msg/detail/fixed_wing_lateral_guidance_status__builder.hpp
[9.175s] -- Up-to-date: /home/maizaied03/ros2_ws/install/px4_msgs/include/px4_msgs/px4_msgs/msg/detail/arming_check_reply__traits.hpp
[9.175s] -- Up-to-date: /home/maizaied03/ros2_ws/install/px4_msgs/include/px4_msgs/px4_msgs/msg/detail/rover_attitude_status__traits.hpp
[9.175s] -- Up-to-date: /home/maizaied03/ros2_ws/install/px4_msgs/include/px4_msgs/px4_msgs/msg/detail/camera_capture__struct.hpp
[9.175s] -- Up-to-date: /home/maizaied03/ros2_ws/install/px4_msgs/include/px4_msgs/px4_msgs/msg/detail/parameter_update__struct.hpp
[9.175s] -- Up-to-date: /home/maizaied03/ros2_ws/install/px4_msgs/include/px4_msgs/px4_msgs/msg/detail/longitudinal_control_configuration__struct.hpp
[9.175s] -- Up-to-date: /home/maizaied03/ros2_ws/install/px4_msgs/include/px4_msgs/px4_msgs/msg/detail/debug_vect__type_support.hpp
[9.175s] -- Up-to-date: /home/maizaied03/ros2_ws/install/px4_msgs/include/px4_msgs/px4_msgs/msg/detail/sensor_baro__traits.hpp
[9.176s] -- Up-to-date: /home/maizaied03/ros2_ws/install/px4_msgs/include/px4_msgs/px4_msgs/msg/detail/airspeed_wind__builder.hpp
[9.176s] -- Up-to-date: /home/maizaied03/ros2_ws/install/px4_msgs/include/px4_msgs/px4_msgs/msg/detail/trajectory_setpoint6dof__builder.hpp
[9.176s] -- Up-to-date: /home/maizaied03/ros2_ws/install/px4_msgs/include/px4_msgs/px4_msgs/msg/detail/input_rc__traits.hpp
[9.176s] -- Up-to-date: /home/maizaied03/ros2_ws/install/px4_msgs/include/px4_msgs/px4_msgs/msg/detail/estimator_status_flags__struct.hpp
[9.176s] -- Up-to-date: /home/maizaied03/ros2_ws/install/px4_msgs/include/px4_msgs/px4_msgs/msg/detail/radio_status__struct.hpp
[9.176s] -- Up-to-date: /home/maizaied03/ros2_ws/install/px4_msgs/include/px4_msgs/px4_msgs/msg/detail/input_rc__struct.hpp
[9.176s] -- Up-to-date: /home/maizaied03/ros2_ws/install/px4_msgs/include/px4_msgs/px4_msgs/msg/detail/gimbal_manager_set_attitude__traits.hpp
[9.176s] -- Up-to-date: /home/maizaied03/ros2_ws/install/px4_msgs/include/px4_msgs/px4_msgs/msg/detail/health_report__traits.hpp
[9.176s] -- Up-to-date: /home/maizaied03/ros2_ws/install/px4_msgs/include/px4_msgs/px4_msgs/msg/detail/flight_phase_estimation__builder.hpp
[9.176s] -- Up-to-date: /home/maizaied03/ros2_ws/install/px4_msgs/include/px4_msgs/px4_msgs/msg/detail/sensors_status_imu__builder.hpp
[9.176s] -- Up-to-date: /home/maizaied03/ros2_ws/install/px4_msgs/include/px4_msgs/px4_msgs/msg/detail/airspeed__type_support.hpp
[9.176s] -- Up-to-date: /home/maizaied03/ros2_ws/install/px4_msgs/include/px4_msgs/px4_msgs/msg/detail/follow_target_status__struct.hpp
[9.176s] -- Up-to-date: /home/maizaied03/ros2_ws/install/px4_msgs/include/px4_msgs/px4_msgs/msg/detail/differential_pressure__builder.hpp
[9.177s] -- Up-to-date: /home/maizaied03/ros2_ws/install/px4_msgs/include/px4_msgs/px4_msgs/msg/detail/transponder_report__traits.hpp
[9.177s] -- Up-to-date: /home/maizaied03/ros2_ws/install/px4_msgs/include/px4_msgs/px4_msgs/msg/detail/satellite_info__struct.hpp
[9.177s] -- Up-to-date: /home/maizaied03/ros2_ws/install/px4_msgs/include/px4_msgs/px4_msgs/msg/detail/rover_throttle_setpoint__builder.hpp
[9.177s] -- Up-to-date: /home/maizaied03/ros2_ws/install/px4_msgs/include/px4_msgs/px4_msgs/msg/detail/battery_info__struct.hpp
[9.177s] -- Up-to-date: /home/maizaied03/ros2_ws/install/px4_msgs/include/px4_msgs/px4_msgs/msg/detail/rtl_time_estimate__type_support.hpp
[9.177s] -- Up-to-date: /home/maizaied03/ros2_ws/install/px4_msgs/include/px4_msgs/px4_msgs/msg/detail/estimator_bias__builder.hpp
[9.177s] -- Up-to-date: /home/maizaied03/ros2_ws/install/px4_msgs/include/px4_msgs/px4_msgs/msg/detail/vehicle_command_ack__type_support.hpp
[9.177s] -- Up-to-date: /home/maizaied03/ros2_ws/install/px4_msgs/include/px4_msgs/px4_msgs/msg/detail/open_drone_id_system__struct.hpp
[9.177s] -- Up-to-date: /home/maizaied03/ros2_ws/install/px4_msgs/include/px4_msgs/px4_msgs/msg/detail/actuator_servos_trim__builder.hpp
[9.177s] -- Up-to-date: /home/maizaied03/ros2_ws/install/px4_msgs/include/px4_msgs/px4_msgs/msg/detail/timesync_status__traits.hpp
[9.177s] -- Up-to-date: /home/maizaied03/ros2_ws/install/px4_msgs/include/px4_msgs/px4_msgs/msg/detail/rover_position_setpoint__builder.hpp
[9.177s] -- Up-to-date: /home/maizaied03/ros2_ws/install/px4_msgs/include/px4_msgs/px4_msgs/msg/detail/rpm__traits.hpp
[9.177s] -- Up-to-date: /home/maizaied03/ros2_ws/install/px4_msgs/include/px4_msgs/px4_msgs/msg/detail/longitudinal_control_configuration__traits.hpp
[9.177s] -- Up-to-date: /home/maizaied03/ros2_ws/install/px4_msgs/include/px4_msgs/px4_msgs/msg/detail/sensor_mag__traits.hpp
[9.177s] -- Up-to-date: /home/maizaied03/ros2_ws/install/px4_msgs/include/px4_msgs/px4_msgs/msg/detail/landing_gear_wheel__type_support.hpp
[9.177s] -- Up-to-date: /home/maizaied03/ros2_ws/install/px4_msgs/include/px4_msgs/px4_msgs/msg/detail/config_overrides__builder.hpp
[9.178s] -- Up-to-date: /home/maizaied03/ros2_ws/install/px4_msgs/include/px4_msgs/px4_msgs/msg/detail/gpio_out__type_support.hpp
[9.178s] -- Up-to-date: /home/maizaied03/ros2_ws/install/px4_msgs/include/px4_msgs/px4_msgs/msg/detail/rc_parameter_map__builder.hpp
[9.178s] -- Up-to-date: /home/maizaied03/ros2_ws/install/px4_msgs/include/px4_msgs/px4_msgs/msg/detail/actuator_outputs__builder.hpp
[9.178s] -- Up-to-date: /home/maizaied03/ros2_ws/install/px4_msgs/include/px4_msgs/px4_msgs/msg/detail/debug_array__type_support.hpp
[9.178s] -- Up-to-date: /home/maizaied03/ros2_ws/install/px4_msgs/include/px4_msgs/px4_msgs/msg/detail/trajectory_setpoint6dof__type_support.hpp
[9.178s] -- Up-to-date: /home/maizaied03/ros2_ws/install/px4_msgs/include/px4_msgs/px4_msgs/msg/detail/vehicle_optical_flow__type_support.hpp
[9.178s] -- Up-to-date: /home/maizaied03/ros2_ws/install/px4_msgs/include/px4_msgs/px4_msgs/msg/detail/velocity_limits__traits.hpp
[9.178s] -- Up-to-date: /home/maizaied03/ros2_ws/install/px4_msgs/include/px4_msgs/px4_msgs/msg/detail/mission_result__builder.hpp
[9.178s] -- Up-to-date: /home/maizaied03/ros2_ws/install/px4_msgs/include/px4_msgs/px4_msgs/msg/detail/wind__struct.hpp
[9.178s] -- Up-to-date: /home/maizaied03/ros2_ws/install/px4_msgs/include/px4_msgs/px4_msgs/msg/detail/px4io_status__type_support.hpp
[9.178s] -- Up-to-date: /home/maizaied03/ros2_ws/install/px4_msgs/include/px4_msgs/px4_msgs/msg/detail/vehicle_local_position_setpoint__builder.hpp
[9.178s] -- Up-to-date: /home/maizaied03/ros2_ws/install/px4_msgs/include/px4_msgs/px4_msgs/msg/detail/vehicle_acceleration__builder.hpp
[9.178s] -- Up-to-date: /home/maizaied03/ros2_ws/install/px4_msgs/include/px4_msgs/px4_msgs/msg/detail/estimator_gps_status__struct.hpp
[9.178s] -- Up-to-date: /home/maizaied03/ros2_ws/install/px4_msgs/include/px4_msgs/px4_msgs/msg/detail/tune_control__builder.hpp
[9.178s] -- Up-to-date: /home/maizaied03/ros2_ws/install/px4_msgs/include/px4_msgs/px4_msgs/msg/detail/vehicle_roi__builder.hpp
[9.179s] -- Up-to-date: /home/maizaied03/ros2_ws/install/px4_msgs/include/px4_msgs/px4_msgs/msg/detail/event__struct.hpp
[9.179s] -- Up-to-date: /home/maizaied03/ros2_ws/install/px4_msgs/include/px4_msgs/px4_msgs/msg/detail/radio_status__traits.hpp
[9.179s] -- Up-to-date: /home/maizaied03/ros2_ws/install/px4_msgs/include/px4_msgs/px4_msgs/msg/detail/message_format_request__struct.hpp
[9.179s] -- Up-to-date: /home/maizaied03/ros2_ws/install/px4_msgs/include/px4_msgs/px4_msgs/msg/detail/ping__builder.hpp
[9.179s] -- Up-to-date: /home/maizaied03/ros2_ws/install/px4_msgs/include/px4_msgs/px4_msgs/msg/detail/gripper__builder.hpp
[9.179s] -- Up-to-date: /home/maizaied03/ros2_ws/install/px4_msgs/include/px4_msgs/px4_msgs/msg/detail/open_drone_id_operator_id__struct.hpp
[9.179s] -- Up-to-date: /home/maizaied03/ros2_ws/install/px4_msgs/include/px4_msgs/px4_msgs/msg/detail/offboard_control_mode__builder.hpp
[9.179s] -- Up-to-date: /home/maizaied03/ros2_ws/install/px4_msgs/include/px4_msgs/px4_msgs/msg/detail/estimator_sensor_bias__builder.hpp
[9.179s] -- Up-to-date: /home/maizaied03/ros2_ws/install/px4_msgs/include/px4_msgs/px4_msgs/msg/detail/sensor_optical_flow__type_support.hpp
[9.179s] -- Up-to-date: /home/maizaied03/ros2_ws/install/px4_msgs/include/px4_msgs/px4_msgs/msg/detail/esc_report__struct.hpp
[9.179s] -- Up-to-date: /home/maizaied03/ros2_ws/install/px4_msgs/include/px4_msgs/px4_msgs/msg/detail/open_drone_id_operator_id__builder.hpp
[9.179s] -- Up-to-date: /home/maizaied03/ros2_ws/install/px4_msgs/include/px4_msgs/px4_msgs/msg/detail/sensor_mag__builder.hpp
[9.180s] -- Up-to-date: /home/maizaied03/ros2_ws/install/px4_msgs/include/px4_msgs/px4_msgs/msg/detail/failure_detector_status__traits.hpp
[9.180s] -- Up-to-date: /home/maizaied03/ros2_ws/install/px4_msgs/include/px4_msgs/px4_msgs/msg/detail/vehicle_command__struct.hpp
[9.180s] -- Up-to-date: /home/maizaied03/ros2_ws/install/px4_msgs/include/px4_msgs/px4_msgs/msg/detail/ulog_stream_ack__type_support.hpp
[9.180s] -- Up-to-date: /home/maizaied03/ros2_ws/install/px4_msgs/include/px4_msgs/px4_msgs/msg/detail/ekf2_timestamps__traits.hpp
[9.180s] -- Up-to-date: /home/maizaied03/ros2_ws/install/px4_msgs/include/px4_msgs/px4_msgs/msg/detail/vehicle_thrust_setpoint__traits.hpp
[9.180s] -- Up-to-date: /home/maizaied03/ros2_ws/install/px4_msgs/include/px4_msgs/px4_msgs/msg/detail/position_controller_landing_status__struct.hpp
[9.180s] -- Up-to-date: /home/maizaied03/ros2_ws/install/px4_msgs/include/px4_msgs/px4_msgs/msg/detail/tiltrotor_extra_controls__struct.hpp
[9.180s] -- Up-to-date: /home/maizaied03/ros2_ws/install/px4_msgs/include/px4_msgs/px4_msgs/msg/detail/follow_target_status__builder.hpp
[9.180s] -- Up-to-date: /home/maizaied03/ros2_ws/install/px4_msgs/include/px4_msgs/px4_msgs/msg/detail/position_setpoint_triplet__builder.hpp
[9.180s] -- Up-to-date: /home/maizaied03/ros2_ws/install/px4_msgs/include/px4_msgs/px4_msgs/msg/detail/estimator_bias3d__builder.hpp
[9.180s] -- Up-to-date: /home/maizaied03/ros2_ws/install/px4_msgs/include/px4_msgs/px4_msgs/msg/detail/can_interface_status__struct.hpp
[9.180s] -- Up-to-date: /home/maizaied03/ros2_ws/install/px4_msgs/include/px4_msgs/px4_msgs/msg/detail/follow_target_status__traits.hpp
[9.180s] -- Up-to-date: /home/maizaied03/ros2_ws/install/px4_msgs/include/px4_msgs/px4_msgs/msg/detail/px4io_status__builder.hpp
[9.180s] -- Up-to-date: /home/maizaied03/ros2_ws/install/px4_msgs/include/px4_msgs/px4_msgs/msg/detail/arming_check_reply__builder.hpp
[9.180s] -- Up-to-date: /home/maizaied03/ros2_ws/install/px4_msgs/include/px4_msgs/px4_msgs/msg/detail/pps_capture__builder.hpp
[9.180s] -- Up-to-date: /home/maizaied03/ros2_ws/install/px4_msgs/include/px4_msgs/px4_msgs/msg/detail/actuator_controls_status__type_support.hpp
[9.180s] -- Up-to-date: /home/maizaied03/ros2_ws/install/px4_msgs/include/px4_msgs/px4_msgs/msg/detail/manual_control_switches__builder.hpp
[9.181s] -- Up-to-date: /home/maizaied03/ros2_ws/install/px4_msgs/include/px4_msgs/px4_msgs/msg/detail/vehicle_angular_acceleration_setpoint__builder.hpp
[9.181s] -- Up-to-date: /home/maizaied03/ros2_ws/install/px4_msgs/include/px4_msgs/px4_msgs/msg/detail/rover_throttle_setpoint__traits.hpp
[9.181s] -- Up-to-date: /home/maizaied03/ros2_ws/install/px4_msgs/include/px4_msgs/px4_msgs/msg/detail/open_drone_id_self_id__traits.hpp
[9.181s] -- Up-to-date: /home/maizaied03/ros2_ws/install/px4_msgs/include/px4_msgs/px4_msgs/msg/detail/gpio_out__builder.hpp
[9.181s] -- Up-to-date: /home/maizaied03/ros2_ws/install/px4_msgs/include/px4_msgs/px4_msgs/msg/detail/unregister_ext_component__traits.hpp
[9.181s] -- Up-to-date: /home/maizaied03/ros2_ws/install/px4_msgs/include/px4_msgs/px4_msgs/msg/detail/gpio_config__builder.hpp
[9.181s] -- Up-to-date: /home/maizaied03/ros2_ws/install/px4_msgs/include/px4_msgs/px4_msgs/msg/detail/autotune_attitude_control_status__traits.hpp
[9.181s] -- Up-to-date: /home/maizaied03/ros2_ws/install/px4_msgs/include/px4_msgs/px4_msgs/msg/detail/mavlink_tunnel__type_support.hpp
[9.181s] -- Up-to-date: /home/maizaied03/ros2_ws/install/px4_msgs/include/px4_msgs/px4_msgs/msg/detail/rover_steering_setpoint__builder.hpp
[9.181s] -- Up-to-date: /home/maizaied03/ros2_ws/install/px4_msgs/include/px4_msgs/px4_msgs/msg/detail/message_format_request__type_support.hpp
[9.181s] -- Up-to-date: /home/maizaied03/ros2_ws/install/px4_msgs/include/px4_msgs/px4_msgs/msg/detail/debug_value__traits.hpp
[9.181s] -- Up-to-date: /home/maizaied03/ros2_ws/install/px4_msgs/include/px4_msgs/px4_msgs/msg/detail/heater_status__builder.hpp
[9.181s] -- Up-to-date: /home/maizaied03/ros2_ws/install/px4_msgs/include/px4_msgs/px4_msgs/msg/detail/autotune_attitude_control_status__type_support.hpp
[9.181s] -- Up-to-date: /home/maizaied03/ros2_ws/install/px4_msgs/include/px4_msgs/px4_msgs/msg/detail/position_setpoint_triplet__traits.hpp
[9.181s] -- Up-to-date: /home/maizaied03/ros2_ws/install/px4_msgs/include/px4_msgs/px4_msgs/msg/detail/sensor_hygrometer__type_support.hpp
[9.182s] -- Up-to-date: /home/maizaied03/ros2_ws/install/px4_msgs/include/px4_msgs/px4_msgs/msg/detail/hover_thrust_estimate__traits.hpp
[9.182s] -- Up-to-date: /home/maizaied03/ros2_ws/install/px4_msgs/include/px4_msgs/px4_msgs/msg/detail/pwm_input__builder.hpp
[9.182s] -- Up-to-date: /home/maizaied03/ros2_ws/install/px4_msgs/include/px4_msgs/px4_msgs/msg/detail/sensors_status_imu__type_support.hpp
[9.182s] -- Up-to-date: /home/maizaied03/ros2_ws/install/px4_msgs/include/px4_msgs/px4_msgs/msg/detail/vtx__traits.hpp
[9.182s] -- Up-to-date: /home/maizaied03/ros2_ws/install/px4_msgs/include/px4_msgs/px4_msgs/msg/detail/position_setpoint_triplet__struct.hpp
[9.182s] -- Up-to-date: /home/maizaied03/ros2_ws/install/px4_msgs/include/px4_msgs/px4_msgs/msg/detail/unregister_ext_component__struct.hpp
[9.182s] -- Up-to-date: /home/maizaied03/ros2_ws/install/px4_msgs/include/px4_msgs/px4_msgs/msg/detail/estimator_bias__traits.hpp
[9.182s] -- Up-to-date: /home/maizaied03/ros2_ws/install/px4_msgs/include/px4_msgs/px4_msgs/msg/detail/sensor_uwb__struct.hpp
[9.182s] -- Up-to-date: /home/maizaied03/ros2_ws/install/px4_msgs/include/px4_msgs/px4_msgs/msg/detail/estimator_aid_source1d__traits.hpp
[9.182s] -- Up-to-date: /home/maizaied03/ros2_ws/install/px4_msgs/include/px4_msgs/px4_msgs/msg/detail/normalized_unsigned_setpoint__builder.hpp
[9.182s] -- Up-to-date: /home/maizaied03/ros2_ws/install/px4_msgs/include/px4_msgs/px4_msgs/msg/detail/health_report__type_support.hpp
[9.182s] -- Up-to-date: /home/maizaied03/ros2_ws/install/px4_msgs/include/px4_msgs/px4_msgs/msg/detail/vehicle_roi__struct.hpp
[9.182s] -- Up-to-date: /home/maizaied03/ros2_ws/install/px4_msgs/include/px4_msgs/px4_msgs/msg/detail/fixed_wing_runway_control__builder.hpp
[9.183s] -- Up-to-date: /home/maizaied03/ros2_ws/install/px4_msgs/include/px4_msgs/px4_msgs/msg/detail/device_information__struct.hpp
[9.183s] -- Up-to-date: /home/maizaied03/ros2_ws/install/px4_msgs/include/px4_msgs/px4_msgs/msg/detail/battery_status__builder.hpp
[9.183s] -- Up-to-date: /home/maizaied03/ros2_ws/install/px4_msgs/include/px4_msgs/px4_msgs/msg/detail/sensor_gyro_fft__traits.hpp
[9.183s] -- Up-to-date: /home/maizaied03/ros2_ws/install/px4_msgs/include/px4_msgs/px4_msgs/msg/detail/vehicle_torque_setpoint__builder.hpp
[9.183s] -- Up-to-date: /home/maizaied03/ros2_ws/install/px4_msgs/include/px4_msgs/px4_msgs/msg/detail/position_setpoint__traits.hpp
[9.183s] -- Up-to-date: /home/maizaied03/ros2_ws/install/px4_msgs/include/px4_msgs/px4_msgs/msg/detail/sensor_accel_fifo__builder.hpp
[9.183s] -- Up-to-date: /home/maizaied03/ros2_ws/install/px4_msgs/include/px4_msgs/px4_msgs/msg/detail/estimator_states__builder.hpp
[9.183s] -- Up-to-date: /home/maizaied03/ros2_ws/install/px4_msgs/include/px4_msgs/px4_msgs/msg/detail/sensor_uwb__type_support.hpp
[9.183s] -- Up-to-date: /home/maizaied03/ros2_ws/install/px4_msgs/include/px4_msgs/px4_msgs/msg/detail/landing_target_innovations__type_support.hpp
[9.183s] -- Up-to-date: /home/maizaied03/ros2_ws/install/px4_msgs/include/px4_msgs/px4_msgs/msg/detail/unregister_ext_component__type_support.hpp
[9.183s] -- Up-to-date: /home/maizaied03/ros2_ws/install/px4_msgs/include/px4_msgs/px4_msgs/msg/detail/vehicle_imu__traits.hpp
[9.183s] -- Up-to-date: /home/maizaied03/ros2_ws/install/px4_msgs/include/px4_msgs/px4_msgs/msg/detail/gpio_config__type_support.hpp
[9.183s] -- Up-to-date: /home/maizaied03/ros2_ws/install/px4_msgs/include/px4_msgs/px4_msgs/msg/detail/lateral_control_configuration__struct.hpp
[9.183s] -- Up-to-date: /home/maizaied03/ros2_ws/install/px4_msgs/include/px4_msgs/px4_msgs/msg/detail/goto_setpoint__traits.hpp
[9.183s] -- Up-to-date: /home/maizaied03/ros2_ws/install/px4_msgs/include/px4_msgs/px4_msgs/msg/detail/battery_status__struct.hpp
[9.184s] -- Up-to-date: /home/maizaied03/ros2_ws/install/px4_msgs/include/px4_msgs/px4_msgs/msg/detail/rover_speed_setpoint__builder.hpp
[9.184s] -- Up-to-date: /home/maizaied03/ros2_ws/install/px4_msgs/include/px4_msgs/px4_msgs/msg/detail/airspeed_validated__traits.hpp
[9.184s] -- Up-to-date: /home/maizaied03/ros2_ws/install/px4_msgs/include/px4_msgs/px4_msgs/msg/detail/button_event__traits.hpp
[9.184s] -- Up-to-date: /home/maizaied03/ros2_ws/install/px4_msgs/include/px4_msgs/px4_msgs/msg/detail/yaw_estimator_status__traits.hpp
[9.184s] -- Up-to-date: /home/maizaied03/ros2_ws/install/px4_msgs/include/px4_msgs/px4_msgs/msg/detail/mavlink_log__type_support.hpp
[9.184s] -- Up-to-date: /home/maizaied03/ros2_ws/install/px4_msgs/include/px4_msgs/px4_msgs/msg/detail/parameter_set_value_request__builder.hpp
[9.184s] -- Up-to-date: /home/maizaied03/ros2_ws/install/px4_msgs/include/px4_msgs/px4_msgs/msg/detail/longitudinal_control_configuration__builder.hpp
[9.184s] -- Up-to-date: /home/maizaied03/ros2_ws/install/px4_msgs/include/px4_msgs/px4_msgs/msg/detail/mag_worker_data__type_support.hpp
[9.184s] -- Up-to-date: /home/maizaied03/ros2_ws/install/px4_msgs/include/px4_msgs/px4_msgs/msg/detail/gimbal_device_information__traits.hpp
[9.184s] -- Up-to-date: /home/maizaied03/ros2_ws/install/px4_msgs/include/px4_msgs/px4_msgs/msg/detail/device_information__builder.hpp
[9.184s] -- Up-to-date: /home/maizaied03/ros2_ws/install/px4_msgs/include/px4_msgs/px4_msgs/msg/detail/failure_detector_status__type_support.hpp
[9.184s] -- Up-to-date: /home/maizaied03/ros2_ws/install/px4_msgs/include/px4_msgs/px4_msgs/msg/detail/rover_attitude_status__type_support.hpp
[9.184s] -- Up-to-date: /home/maizaied03/ros2_ws/install/px4_msgs/include/px4_msgs/px4_msgs/msg/detail/orb_test__type_support.hpp
[9.184s] -- Up-to-date: /home/maizaied03/ros2_ws/install/px4_msgs/include/px4_msgs/px4_msgs/msg/detail/mission__builder.hpp
[9.184s] -- Up-to-date: /home/maizaied03/ros2_ws/install/px4_msgs/include/px4_msgs/px4_msgs/msg/detail/position_controller_landing_status__type_support.hpp
[9.185s] -- Up-to-date: /home/maizaied03/ros2_ws/install/px4_msgs/include/px4_msgs/px4_msgs/msg/detail/action_request__builder.hpp
[9.185s] -- Up-to-date: /home/maizaied03/ros2_ws/install/px4_msgs/include/px4_msgs/px4_msgs/msg/detail/esc_report__type_support.hpp
[9.185s] -- Up-to-date: /home/maizaied03/ros2_ws/install/px4_msgs/include/px4_msgs/px4_msgs/msg/detail/fixed_wing_lateral_setpoint__struct.hpp
[9.185s] -- Up-to-date: /home/maizaied03/ros2_ws/install/px4_msgs/include/px4_msgs/px4_msgs/msg/detail/ekf2_timestamps__builder.hpp
[9.185s] -- Up-to-date: /home/maizaied03/ros2_ws/install/px4_msgs/include/px4_msgs/px4_msgs/msg/detail/parameter_update__builder.hpp
[9.185s] -- Up-to-date: /home/maizaied03/ros2_ws/install/px4_msgs/include/px4_msgs/px4_msgs/msg/detail/failsafe_flags__type_support.hpp
[9.185s] -- Up-to-date: /home/maizaied03/ros2_ws/install/px4_msgs/include/px4_msgs/px4_msgs/msg/detail/gimbal_manager_status__struct.hpp
[9.185s] -- Up-to-date: /home/maizaied03/ros2_ws/install/px4_msgs/include/px4_msgs/px4_msgs/msg/detail/estimator_bias3d__traits.hpp
[9.185s] -- Up-to-date: /home/maizaied03/ros2_ws/install/px4_msgs/include/px4_msgs/px4_msgs/msg/detail/position_controller_status__struct.hpp
[9.185s] -- Up-to-date: /home/maizaied03/ros2_ws/install/px4_msgs/include/px4_msgs/px4_msgs/msg/detail/follow_target__traits.hpp
[9.185s] -- Up-to-date: /home/maizaied03/ros2_ws/install/px4_msgs/include/px4_msgs/px4_msgs/msg/detail/mag_worker_data__traits.hpp
[9.185s] -- Up-to-date: /home/maizaied03/ros2_ws/install/px4_msgs/include/px4_msgs/px4_msgs/msg/detail/cpuload__builder.hpp
[9.185s] -- Up-to-date: /home/maizaied03/ros2_ws/install/px4_msgs/include/px4_msgs/px4_msgs/msg/detail/airspeed_wind__type_support.hpp
[9.185s] -- Up-to-date: /home/maizaied03/ros2_ws/install/px4_msgs/include/px4_msgs/px4_msgs/msg/detail/actuator_outputs__traits.hpp
[9.185s] -- Up-to-date: /home/maizaied03/ros2_ws/install/px4_msgs/include/px4_msgs/px4_msgs/msg/detail/fixed_wing_runway_control__struct.hpp
[9.185s] -- Up-to-date: /home/maizaied03/ros2_ws/install/px4_msgs/include/px4_msgs/px4_msgs/msg/detail/orb_test__traits.hpp
[9.185s] -- Up-to-date: /home/maizaied03/ros2_ws/install/px4_msgs/include/px4_msgs/px4_msgs/msg/detail/vehicle_attitude_setpoint__struct.hpp
[9.186s] -- Up-to-date: /home/maizaied03/ros2_ws/install/px4_msgs/include/px4_msgs/px4_msgs/msg/detail/sensors_status_imu__struct.hpp
[9.186s] -- Up-to-date: /home/maizaied03/ros2_ws/install/px4_msgs/include/px4_msgs/px4_msgs/msg/detail/event__traits.hpp
[9.186s] -- Up-to-date: /home/maizaied03/ros2_ws/install/px4_msgs/include/px4_msgs/px4_msgs/msg/detail/actuator_armed__traits.hpp
[9.186s] -- Up-to-date: /home/maizaied03/ros2_ws/install/px4_msgs/include/px4_msgs/px4_msgs/msg/detail/esc_status__struct.hpp
[9.186s] -- Up-to-date: /home/maizaied03/ros2_ws/install/px4_msgs/include/px4_msgs/px4_msgs/msg/detail/landing_gear_wheel__struct.hpp
[9.186s] -- Up-to-date: /home/maizaied03/ros2_ws/install/px4_msgs/include/px4_msgs/px4_msgs/msg/detail/navigator_mission_item__type_support.hpp
[9.186s] -- Up-to-date: /home/maizaied03/ros2_ws/install/px4_msgs/include/px4_msgs/px4_msgs/msg/detail/sensor_accel__builder.hpp
[9.186s] -- Up-to-date: /home/maizaied03/ros2_ws/install/px4_msgs/include/px4_msgs/px4_msgs/msg/detail/offboard_control_mode__struct.hpp
[9.186s] -- Up-to-date: /home/maizaied03/ros2_ws/install/px4_msgs/include/px4_msgs/px4_msgs/msg/detail/sensor_combined__builder.hpp
[9.186s] -- Up-to-date: /home/maizaied03/ros2_ws/install/px4_msgs/include/px4_msgs/px4_msgs/msg/detail/estimator_innovations__traits.hpp
[9.186s] -- Up-to-date: /home/maizaied03/ros2_ws/install/px4_msgs/include/px4_msgs/px4_msgs/msg/detail/rover_rate_status__traits.hpp
[9.186s] -- Up-to-date: /home/maizaied03/ros2_ws/install/px4_msgs/include/px4_msgs/px4_msgs/msg/detail/tune_control__type_support.hpp
[9.186s] -- Up-to-date: /home/maizaied03/ros2_ws/install/px4_msgs/include/px4_msgs/px4_msgs/msg/detail/tiltrotor_extra_controls__type_support.hpp
[9.186s] -- Up-to-date: /home/maizaied03/ros2_ws/install/px4_msgs/include/px4_msgs/px4_msgs/msg/detail/actuator_controls_status__struct.hpp
[9.186s] -- Up-to-date: /home/maizaied03/ros2_ws/install/px4_msgs/include/px4_msgs/px4_msgs/msg/detail/gimbal_device_set_attitude__builder.hpp
[9.186s] -- Up-to-date: /home/maizaied03/ros2_ws/install/px4_msgs/include/px4_msgs/px4_msgs/msg/detail/gpio_in__builder.hpp
[9.186s] -- Up-to-date: /home/maizaied03/ros2_ws/install/px4_msgs/include/px4_msgs/px4_msgs/msg/detail/rover_attitude_setpoint__type_support.hpp
[9.187s] -- Up-to-date: /home/maizaied03/ros2_ws/install/px4_msgs/include/px4_msgs/px4_msgs/msg/detail/velocity_limits__struct.hpp
[9.187s] -- Up-to-date: /home/maizaied03/ros2_ws/install/px4_msgs/include/px4_msgs/px4_msgs/msg/detail/vehicle_angular_acceleration_setpoint__type_support.hpp
[9.187s] -- Up-to-date: /home/maizaied03/ros2_ws/install/px4_msgs/include/px4_msgs/px4_msgs/msg/detail/gpio_out__traits.hpp
[9.187s] -- Up-to-date: /home/maizaied03/ros2_ws/install/px4_msgs/include/px4_msgs/px4_msgs/msg/detail/gimbal_device_attitude_status__builder.hpp
[9.187s] -- Up-to-date: /home/maizaied03/ros2_ws/install/px4_msgs/include/px4_msgs/px4_msgs/msg/detail/collision_constraints__traits.hpp
[9.187s] -- Up-to-date: /home/maizaied03/ros2_ws/install/px4_msgs/include/px4_msgs/px4_msgs/msg/detail/message_format_request__builder.hpp
[9.187s] -- Up-to-date: /home/maizaied03/ros2_ws/install/px4_msgs/include/px4_msgs/px4_msgs/msg/detail/message_format_response__type_support.hpp
[9.187s] -- Up-to-date: /home/maizaied03/ros2_ws/install/px4_msgs/include/px4_msgs/px4_msgs/msg/detail/action_request__type_support.hpp
[9.187s] -- Up-to-date: /home/maizaied03/ros2_ws/install/px4_msgs/include/px4_msgs/px4_msgs/msg/detail/raptor_input__traits.hpp
[9.187s] -- Up-to-date: /home/maizaied03/ros2_ws/install/px4_msgs/include/px4_msgs/px4_msgs/msg/detail/input_rc__builder.hpp
[9.187s] -- Up-to-date: /home/maizaied03/ros2_ws/install/px4_msgs/include/px4_msgs/px4_msgs/msg/detail/obstacle_distance__builder.hpp
[9.187s] -- Up-to-date: /home/maizaied03/ros2_ws/install/px4_msgs/include/px4_msgs/px4_msgs/msg/detail/sensor_airflow__builder.hpp
[9.187s] -- Up-to-date: /home/maizaied03/ros2_ws/install/px4_msgs/include/px4_msgs/px4_msgs/msg/detail/fixed_wing_lateral_guidance_status__struct.hpp
[9.187s] -- Up-to-date: /home/maizaied03/ros2_ws/install/px4_msgs/include/px4_msgs/px4_msgs/msg/detail/battery_info__type_support.hpp
[9.187s] -- Up-to-date: /home/maizaied03/ros2_ws/install/px4_msgs/include/px4_msgs/px4_msgs/msg/detail/vehicle_imu_status__builder.hpp
[9.187s] -- Up-to-date: /home/maizaied03/ros2_ws/install/px4_msgs/include/px4_msgs/px4_msgs/msg/detail/uavcan_parameter_request__type_support.hpp
[9.188s] -- Up-to-date: /home/maizaied03/ros2_ws/install/px4_msgs/include/px4_msgs/px4_msgs/msg/detail/transponder_report__type_support.hpp
[9.188s] -- Up-to-date: /home/maizaied03/ros2_ws/install/px4_msgs/include/px4_msgs/px4_msgs/msg/detail/figure_eight_status__struct.hpp
[9.188s] -- Up-to-date: /home/maizaied03/ros2_ws/install/px4_msgs/include/px4_msgs/px4_msgs/msg/detail/failsafe_flags__struct.hpp
[9.188s] -- Up-to-date: /home/maizaied03/ros2_ws/install/px4_msgs/include/px4_msgs/px4_msgs/msg/detail/sensor_gyro_fifo__struct.hpp
[9.188s] -- Up-to-date: /home/maizaied03/ros2_ws/install/px4_msgs/include/px4_msgs/px4_msgs/msg/detail/debug_array__builder.hpp
[9.188s] -- Up-to-date: /home/maizaied03/ros2_ws/install/px4_msgs/include/px4_msgs/px4_msgs/msg/detail/estimator_gps_status__builder.hpp
[9.188s] -- Up-to-date: /home/maizaied03/ros2_ws/install/px4_msgs/include/px4_msgs/px4_msgs/msg/detail/debug_key_value__struct.hpp
[9.188s] -- Up-to-date: /home/maizaied03/ros2_ws/install/px4_msgs/include/px4_msgs/px4_msgs/msg/detail/qshell_req__traits.hpp
[9.188s] -- Up-to-date: /home/maizaied03/ros2_ws/install/px4_msgs/include/px4_msgs/px4_msgs/msg/detail/register_ext_component_reply__builder.hpp
[9.188s] -- Up-to-date: /home/maizaied03/ros2_ws/install/px4_msgs/include/px4_msgs/px4_msgs/msg/detail/sensor_gyro__type_support.hpp
[9.188s] -- Up-to-date: /home/maizaied03/ros2_ws/install/px4_msgs/include/px4_msgs/px4_msgs/msg/detail/mission__struct.hpp
[9.188s] -- Up-to-date: /home/maizaied03/ros2_ws/install/px4_msgs/include/px4_msgs/px4_msgs/msg/detail/gimbal_manager_status__traits.hpp
[9.189s] -- Up-to-date: /home/maizaied03/ros2_ws/install/px4_msgs/include/px4_msgs/px4_msgs/msg/detail/rate_ctrl_status__builder.hpp
[9.189s] -- Up-to-date: /home/maizaied03/ros2_ws/install/px4_msgs/include/px4_msgs/px4_msgs/msg/detail/open_drone_id_arm_status__struct.hpp
[9.189s] -- Up-to-date: /home/maizaied03/ros2_ws/install/px4_msgs/include/px4_msgs/px4_msgs/msg/detail/rover_position_setpoint__traits.hpp
[9.189s] -- Up-to-date: /home/maizaied03/ros2_ws/install/px4_msgs/include/px4_msgs/px4_msgs/msg/detail/fixed_wing_longitudinal_setpoint__type_support.hpp
[9.189s] -- Up-to-date: /home/maizaied03/ros2_ws/install/px4_msgs/include/px4_msgs/px4_msgs/msg/detail/actuator_servos_trim__traits.hpp
[9.189s] -- Up-to-date: /home/maizaied03/ros2_ws/install/px4_msgs/include/px4_msgs/px4_msgs/msg/detail/fixed_wing_runway_control__traits.hpp
[9.189s] -- Up-to-date: /home/maizaied03/ros2_ws/install/px4_msgs/include/px4_msgs/px4_msgs/msg/detail/estimator_aid_source3d__builder.hpp
[9.189s] -- Up-to-date: /home/maizaied03/ros2_ws/install/px4_msgs/include/px4_msgs/px4_msgs/msg/detail/differential_pressure__type_support.hpp
[9.189s] -- Up-to-date: /home/maizaied03/ros2_ws/install/px4_msgs/include/px4_msgs/px4_msgs/msg/detail/dataman_request__type_support.hpp
[9.189s] -- Up-to-date: /home/maizaied03/ros2_ws/install/px4_msgs/include/px4_msgs/px4_msgs/msg/detail/landing_target_pose__traits.hpp
[9.189s] -- Up-to-date: /home/maizaied03/ros2_ws/install/px4_msgs/include/px4_msgs/px4_msgs/msg/detail/mission__type_support.hpp
[9.189s] -- Up-to-date: /home/maizaied03/ros2_ws/install/px4_msgs/include/px4_msgs/px4_msgs/msg/detail/distance_sensor_mode_change_request__struct.hpp
[9.189s] -- Up-to-date: /home/maizaied03/ros2_ws/install/px4_msgs/include/px4_msgs/px4_msgs/msg/detail/fixed_wing_lateral_status__type_support.hpp
[9.189s] -- Up-to-date: /home/maizaied03/ros2_ws/install/px4_msgs/include/px4_msgs/px4_msgs/msg/detail/mavlink_log__traits.hpp
[9.189s] -- Up-to-date: /home/maizaied03/ros2_ws/install/px4_msgs/include/px4_msgs/px4_msgs/msg/detail/vehicle_angular_velocity__traits.hpp
[9.189s] -- Up-to-date: /home/maizaied03/ros2_ws/install/px4_msgs/include/px4_msgs/px4_msgs/msg/detail/distance_sensor_mode_change_request__type_support.hpp
[9.190s] -- Up-to-date: /home/maizaied03/ros2_ws/install/px4_msgs/include/px4_msgs/px4_msgs/msg/detail/power_monitor__struct.hpp
[9.190s] -- Up-to-date: /home/maizaied03/ros2_ws/install/px4_msgs/include/px4_msgs/px4_msgs/msg/detail/ping__struct.hpp
[9.190s] -- Up-to-date: /home/maizaied03/ros2_ws/install/px4_msgs/include/px4_msgs/px4_msgs/msg/detail/landing_gear__traits.hpp
[9.190s] -- Up-to-date: /home/maizaied03/ros2_ws/install/px4_msgs/include/px4_msgs/px4_msgs/msg/detail/collision_constraints__builder.hpp
[9.190s] -- Up-to-date: /home/maizaied03/ros2_ws/install/px4_msgs/include/px4_msgs/px4_msgs/msg/detail/gimbal_device_set_attitude__struct.hpp
[9.190s] -- Up-to-date: /home/maizaied03/ros2_ws/install/px4_msgs/include/px4_msgs/px4_msgs/msg/detail/gripper__traits.hpp
[9.190s] -- Up-to-date: /home/maizaied03/ros2_ws/install/px4_msgs/include/px4_msgs/px4_msgs/msg/detail/vehicle_command_ack__builder.hpp
[9.190s] -- Up-to-date: /home/maizaied03/ros2_ws/install/px4_msgs/include/px4_msgs/px4_msgs/msg/detail/ulog_stream_ack__struct.hpp
[9.190s] -- Up-to-date: /home/maizaied03/ros2_ws/install/px4_msgs/include/px4_msgs/px4_msgs/msg/detail/vehicle_rates_setpoint__traits.hpp
[9.190s] -- Up-to-date: /home/maizaied03/ros2_ws/install/px4_msgs/include/px4_msgs/px4_msgs/msg/detail/battery_status__type_support.hpp
[9.190s] -- Up-to-date: /home/maizaied03/ros2_ws/install/px4_msgs/include/px4_msgs/px4_msgs/msg/detail/sensor_gyro__struct.hpp
[9.190s] -- Up-to-date: /home/maizaied03/ros2_ws/install/px4_msgs/include/px4_msgs/px4_msgs/msg/detail/parameter_set_value_request__struct.hpp
[9.190s] -- Up-to-date: /home/maizaied03/ros2_ws/install/px4_msgs/include/px4_msgs/px4_msgs/msg/detail/home_position__builder.hpp
[9.190s] -- Up-to-date: /home/maizaied03/ros2_ws/install/px4_msgs/include/px4_msgs/px4_msgs/msg/detail/register_ext_component_reply__struct.hpp
[9.190s] -- Up-to-date: /home/maizaied03/ros2_ws/install/px4_msgs/include/px4_msgs/px4_msgs/msg/detail/gimbal_manager_status__type_support.hpp
[9.190s] -- Up-to-date: /home/maizaied03/ros2_ws/install/px4_msgs/include/px4_msgs/px4_msgs/msg/detail/landing_gear__type_support.hpp
[9.191s] -- Up-to-date: /home/maizaied03/ros2_ws/install/px4_msgs/include/px4_msgs/px4_msgs/msg/detail/adc_report__struct.hpp
[9.191s] -- Up-to-date: /home/maizaied03/ros2_ws/install/px4_msgs/include/px4_msgs/px4_msgs/msg/detail/follow_target_estimator__type_support.hpp
[9.191s] -- Up-to-date: /home/maizaied03/ros2_ws/install/px4_msgs/include/px4_msgs/px4_msgs/msg/detail/mount_orientation__type_support.hpp
[9.191s] -- Up-to-date: /home/maizaied03/ros2_ws/install/px4_msgs/include/px4_msgs/px4_msgs/msg/detail/power_monitor__traits.hpp
[9.191s] -- Up-to-date: /home/maizaied03/ros2_ws/install/px4_msgs/include/px4_msgs/px4_msgs/msg/detail/raptor_status__struct.hpp
[9.191s] -- Up-to-date: /home/maizaied03/ros2_ws/install/px4_msgs/include/px4_msgs/px4_msgs/msg/detail/rover_speed_setpoint__struct.hpp
[9.191s] -- Up-to-date: /home/maizaied03/ros2_ws/install/px4_msgs/include/px4_msgs/px4_msgs/msg/detail/parameter_set_used_request__type_support.hpp
[9.191s] -- Up-to-date: /home/maizaied03/ros2_ws/install/px4_msgs/include/px4_msgs/px4_msgs/msg/detail/led_control__struct.hpp
[9.191s] -- Up-to-date: /home/maizaied03/ros2_ws/install/px4_msgs/include/px4_msgs/px4_msgs/msg/detail/vehicle_rates_setpoint__type_support.hpp
[9.191s] -- Up-to-date: /home/maizaied03/ros2_ws/install/px4_msgs/include/px4_msgs/px4_msgs/msg/detail/fixed_wing_longitudinal_setpoint__builder.hpp
[9.191s] -- Up-to-date: /home/maizaied03/ros2_ws/install/px4_msgs/include/px4_msgs/px4_msgs/msg/detail/register_ext_component_request__struct.hpp
[9.191s] -- Up-to-date: /home/maizaied03/ros2_ws/install/px4_msgs/include/px4_msgs/px4_msgs/msg/detail/hover_thrust_estimate__builder.hpp
[9.191s] -- Up-to-date: /home/maizaied03/ros2_ws/install/px4_msgs/include/px4_msgs/px4_msgs/msg/detail/launch_detection_status__traits.hpp
[9.191s] -- Up-to-date: /home/maizaied03/ros2_ws/install/px4_msgs/include/px4_msgs/px4_msgs/msg/detail/geofence_status__type_support.hpp
[9.192s] -- Up-to-date: /home/maizaied03/ros2_ws/install/px4_msgs/include/px4_msgs/px4_msgs/msg/detail/sensors_status_imu__traits.hpp
[9.192s] -- Up-to-date: /home/maizaied03/ros2_ws/install/px4_msgs/include/px4_msgs/px4_msgs/msg/detail/sensor_gnss_status__traits.hpp
[9.192s] -- Up-to-date: /home/maizaied03/ros2_ws/install/px4_msgs/include/px4_msgs/px4_msgs/msg/detail/ping__traits.hpp
[9.192s] -- Up-to-date: /home/maizaied03/ros2_ws/install/px4_msgs/include/px4_msgs/px4_msgs/msg/detail/px4io_status__struct.hpp
[9.192s] -- Up-to-date: /home/maizaied03/ros2_ws/install/px4_msgs/include/px4_msgs/px4_msgs/msg/detail/yaw_estimator_status__struct.hpp
[9.192s] -- Up-to-date: /home/maizaied03/ros2_ws/install/px4_msgs/include/px4_msgs/px4_msgs/msg/detail/debug_value__builder.hpp
[9.192s] -- Up-to-date: /home/maizaied03/ros2_ws/install/px4_msgs/include/px4_msgs/px4_msgs/msg/detail/gpio_config__traits.hpp
[9.192s] -- Up-to-date: /home/maizaied03/ros2_ws/install/px4_msgs/include/px4_msgs/px4_msgs/msg/detail/rover_position_setpoint__type_support.hpp
[9.192s] -- Up-to-date: /home/maizaied03/ros2_ws/install/px4_msgs/include/px4_msgs/px4_msgs/msg/detail/open_drone_id_system__traits.hpp
[9.192s] -- Up-to-date: /home/maizaied03/ros2_ws/install/px4_msgs/include/px4_msgs/px4_msgs/msg/detail/parameter_set_used_request__struct.hpp
[9.192s] -- Up-to-date: /home/maizaied03/ros2_ws/install/px4_msgs/include/px4_msgs/px4_msgs/msg/detail/vehicle_acceleration__type_support.hpp
[9.192s] -- Up-to-date: /home/maizaied03/ros2_ws/install/px4_msgs/include/px4_msgs/px4_msgs/msg/detail/mavlink_tunnel__builder.hpp
[9.192s] -- Up-to-date: /home/maizaied03/ros2_ws/install/px4_msgs/include/px4_msgs/px4_msgs/msg/detail/geofence_result__struct.hpp
[9.192s] -- Up-to-date: /home/maizaied03/ros2_ws/install/px4_msgs/include/px4_msgs/px4_msgs/msg/detail/failure_detector_status__builder.hpp
[9.192s] -- Up-to-date: /home/maizaied03/ros2_ws/install/px4_msgs/include/px4_msgs/px4_msgs/msg/detail/dronecan_node_status__builder.hpp
[9.192s] -- Up-to-date: /home/maizaied03/ros2_ws/install/px4_msgs/include/px4_msgs/px4_msgs/msg/detail/ulog_stream_ack__traits.hpp
[9.192s] -- Up-to-date: /home/maizaied03/ros2_ws/install/px4_msgs/include/px4_msgs/px4_msgs/msg/detail/logger_status__traits.hpp
[9.192s] -- Up-to-date: /home/maizaied03/ros2_ws/install/px4_msgs/include/px4_msgs/px4_msgs/msg/detail/estimator_gps_status__type_support.hpp
[9.192s] -- Up-to-date: /home/maizaied03/ros2_ws/install/px4_msgs/include/px4_msgs/px4_msgs/msg/detail/position_controller_status__builder.hpp
[9.192s] -- Up-to-date: /home/maizaied03/ros2_ws/install/px4_msgs/include/px4_msgs/px4_msgs/msg/detail/estimator_event_flags__traits.hpp
[9.192s] -- Up-to-date: /home/maizaied03/ros2_ws/install/px4_msgs/include/px4_msgs/px4_msgs/msg/detail/power_monitor__type_support.hpp
[9.192s] -- Up-to-date: /home/maizaied03/ros2_ws/install/px4_msgs/include/px4_msgs/px4_msgs/msg/detail/sensor_correction__struct.hpp
[9.193s] -- Up-to-date: /home/maizaied03/ros2_ws/install/px4_msgs/include/px4_msgs/px4_msgs/msg/detail/gimbal_device_information__type_support.hpp
[9.193s] -- Up-to-date: /home/maizaied03/ros2_ws/install/px4_msgs/include/px4_msgs/px4_msgs/msg/detail/gpio_request__type_support.hpp
[9.193s] -- Up-to-date: /home/maizaied03/ros2_ws/install/px4_msgs/include/px4_msgs/px4_msgs/msg/detail/orbit_status__type_support.hpp
[9.193s] -- Up-to-date: /home/maizaied03/ros2_ws/install/px4_msgs/include/px4_msgs/px4_msgs/msg/detail/rtl_status__builder.hpp
[9.193s] -- Up-to-date: /home/maizaied03/ros2_ws/install/px4_msgs/include/px4_msgs/px4_msgs/msg/detail/gimbal_manager_information__struct.hpp
[9.193s] -- Up-to-date: /home/maizaied03/ros2_ws/install/px4_msgs/include/px4_msgs/px4_msgs/msg/detail/system_power__traits.hpp
[9.193s] -- Up-to-date: /home/maizaied03/ros2_ws/install/px4_msgs/include/px4_msgs/px4_msgs/msg/detail/irlock_report__builder.hpp
[9.193s] -- Up-to-date: /home/maizaied03/ros2_ws/install/px4_msgs/include/px4_msgs/px4_msgs/msg/detail/estimator_innovations__type_support.hpp
[9.193s] -- Up-to-date: /home/maizaied03/ros2_ws/install/px4_msgs/include/px4_msgs/px4_msgs/msg/detail/rover_throttle_setpoint__struct.hpp
[9.193s] -- Up-to-date: /home/maizaied03/ros2_ws/install/px4_msgs/include/px4_msgs/px4_msgs/msg/detail/pps_capture__traits.hpp
[9.193s] -- Up-to-date: /home/maizaied03/ros2_ws/install/px4_msgs/include/px4_msgs/px4_msgs/msg/detail/heater_status__type_support.hpp
[9.193s] -- Up-to-date: /home/maizaied03/ros2_ws/install/px4_msgs/include/px4_msgs/px4_msgs/msg/detail/vehicle_local_position__type_support.hpp
[9.193s] -- Up-to-date: /home/maizaied03/ros2_ws/install/px4_msgs/include/px4_msgs/px4_msgs/msg/detail/gpio_in__traits.hpp
[9.193s] -- Up-to-date: /home/maizaied03/ros2_ws/install/px4_msgs/include/px4_msgs/px4_msgs/msg/detail/actuator_test__struct.hpp
[9.193s] -- Up-to-date: /home/maizaied03/ros2_ws/install/px4_msgs/include/px4_msgs/px4_msgs/msg/detail/vehicle_land_detected__traits.hpp
[9.193s] -- Up-to-date: /home/maizaied03/ros2_ws/install/px4_msgs/include/px4_msgs/px4_msgs/msg/detail/control_allocator_status__traits.hpp
[9.194s] -- Up-to-date: /home/maizaied03/ros2_ws/install/px4_msgs/include/px4_msgs/px4_msgs/msg/detail/internal_combustion_engine_status__builder.hpp
[9.194s] -- Up-to-date: /home/maizaied03/ros2_ws/install/px4_msgs/include/px4_msgs/px4_msgs/msg/detail/vehicle_optical_flow_vel__type_support.hpp
[9.194s] -- Up-to-date: /home/maizaied03/ros2_ws/install/px4_msgs/include/px4_msgs/px4_msgs/msg/detail/generator_status__builder.hpp
[9.194s] -- Up-to-date: /home/maizaied03/ros2_ws/install/px4_msgs/include/px4_msgs/px4_msgs/msg/detail/geofence_status__traits.hpp
[9.194s] -- Up-to-date: /home/maizaied03/ros2_ws/install/px4_msgs/include/px4_msgs/px4_msgs/msg/detail/rover_speed_status__builder.hpp
[9.194s] -- Up-to-date: /home/maizaied03/ros2_ws/install/px4_msgs/include/px4_msgs/px4_msgs/msg/detail/rover_rate_status__builder.hpp
[9.194s] -- Up-to-date: /home/maizaied03/ros2_ws/install/px4_msgs/include/px4_msgs/px4_msgs/msg/detail/failsafe_flags__traits.hpp
[9.194s] -- Up-to-date: /home/maizaied03/ros2_ws/install/px4_msgs/include/px4_msgs/px4_msgs/msg/detail/sensor_airflow__traits.hpp
[9.194s] -- Up-to-date: /home/maizaied03/ros2_ws/install/px4_msgs/include/px4_msgs/px4_msgs/msg/detail/dronecan_node_status__type_support.hpp
[9.195s] -- Up-to-date: /home/maizaied03/ros2_ws/install/px4_msgs/include/px4_msgs/px4_msgs/msg/detail/navigator_mission_item__struct.hpp
[9.195s] -- Up-to-date: /home/maizaied03/ros2_ws/install/px4_msgs/include/px4_msgs/px4_msgs/msg/detail/manual_control_setpoint__struct.hpp
[9.195s] -- Up-to-date: /home/maizaied03/ros2_ws/install/px4_msgs/include/px4_msgs/px4_msgs/msg/detail/camera_status__struct.hpp
[9.195s] -- Up-to-date: /home/maizaied03/ros2_ws/install/px4_msgs/include/px4_msgs/px4_msgs/msg/detail/rtl_time_estimate__struct.hpp
[9.195s] -- Up-to-date: /home/maizaied03/ros2_ws/install/px4_msgs/include/px4_msgs/px4_msgs/msg/detail/generator_status__type_support.hpp
[9.195s] -- Up-to-date: /home/maizaied03/ros2_ws/install/px4_msgs/include/px4_msgs/px4_msgs/msg/detail/sensor_temp__builder.hpp
[9.195s] -- Up-to-date: /home/maizaied03/ros2_ws/install/px4_msgs/include/px4_msgs/px4_msgs/msg/detail/position_setpoint_triplet__type_support.hpp
[9.195s] -- Up-to-date: /home/maizaied03/ros2_ws/install/px4_msgs/include/px4_msgs/px4_msgs/msg/detail/task_stack_info__type_support.hpp
[9.195s] -- Up-to-date: /home/maizaied03/ros2_ws/install/px4_msgs/include/px4_msgs/px4_msgs/msg/detail/vtol_vehicle_status__struct.hpp
[9.195s] -- Up-to-date: /home/maizaied03/ros2_ws/install/px4_msgs/include/px4_msgs/px4_msgs/msg/detail/failure_detector_status__struct.hpp
[9.195s] -- Up-to-date: /home/maizaied03/ros2_ws/install/px4_msgs/include/px4_msgs/px4_msgs/msg/detail/rover_steering_setpoint__struct.hpp
[9.195s] -- Up-to-date: /home/maizaied03/ros2_ws/install/px4_msgs/include/px4_msgs/px4_msgs/msg/detail/sensors_status__traits.hpp
[9.195s] -- Up-to-date: /home/maizaied03/ros2_ws/install/px4_msgs/include/px4_msgs/px4_msgs/msg/detail/arming_check_request__builder.hpp
[9.195s] -- Up-to-date: /home/maizaied03/ros2_ws/install/px4_msgs/include/px4_msgs/px4_msgs/msg/detail/manual_control_switches__type_support.hpp
[9.196s] -- Up-to-date: /home/maizaied03/ros2_ws/install/px4_msgs/include/px4_msgs/px4_msgs/msg/detail/onboard_computer_status__struct.hpp
[9.196s] -- Up-to-date: /home/maizaied03/ros2_ws/install/px4_msgs/include/px4_msgs/px4_msgs/msg/detail/gimbal_device_attitude_status__type_support.hpp
[9.196s] -- Up-to-date: /home/maizaied03/ros2_ws/install/px4_msgs/include/px4_msgs/px4_msgs/msg/detail/message_format_response__builder.hpp
[9.196s] -- Up-to-date: /home/maizaied03/ros2_ws/install/px4_msgs/include/px4_msgs/px4_msgs/msg/detail/position_controller_status__traits.hpp
[9.196s] -- Up-to-date: /home/maizaied03/ros2_ws/install/px4_msgs/include/px4_msgs/px4_msgs/msg/detail/irlock_report__type_support.hpp
[9.196s] -- Up-to-date: /home/maizaied03/ros2_ws/install/px4_msgs/include/px4_msgs/px4_msgs/msg/detail/fixed_wing_lateral_status__builder.hpp
[9.196s] -- Up-to-date: /home/maizaied03/ros2_ws/install/px4_msgs/include/px4_msgs/px4_msgs/msg/detail/ping__type_support.hpp
[9.196s] -- Up-to-date: /home/maizaied03/ros2_ws/install/px4_msgs/include/px4_msgs/px4_msgs/msg/detail/can_interface_status__builder.hpp
[9.196s] -- Up-to-date: /home/maizaied03/ros2_ws/install/px4_msgs/include/px4_msgs/px4_msgs/msg/detail/orb_test_medium__type_support.hpp
[9.196s] -- Up-to-date: /home/maizaied03/ros2_ws/install/px4_msgs/include/px4_msgs/px4_msgs/msg/detail/power_monitor__builder.hpp
[9.196s] -- Up-to-date: /home/maizaied03/ros2_ws/install/px4_msgs/include/px4_msgs/px4_msgs/msg/detail/open_drone_id_arm_status__type_support.hpp
[9.196s] -- Up-to-date: /home/maizaied03/ros2_ws/install/px4_msgs/include/px4_msgs/px4_msgs/msg/detail/gpio_config__struct.hpp
[9.196s] -- Up-to-date: /home/maizaied03/ros2_ws/install/px4_msgs/include/px4_msgs/px4_msgs/msg/detail/airspeed_validated__builder.hpp
[9.196s] -- Up-to-date: /home/maizaied03/ros2_ws/install/px4_msgs/include/px4_msgs/px4_msgs/msg/detail/vehicle_attitude__type_support.hpp
[9.196s] -- Up-to-date: /home/maizaied03/ros2_ws/install/px4_msgs/include/px4_msgs/px4_msgs/msg/detail/logger_status__builder.hpp
[9.196s] -- Up-to-date: /home/maizaied03/ros2_ws/install/px4_msgs/include/px4_msgs/px4_msgs/msg/detail/uavcan_parameter_value__type_support.hpp
[9.196s] -- Up-to-date: /home/maizaied03/ros2_ws/install/px4_msgs/include/px4_msgs/px4_msgs/msg/detail/vehicle_constraints__type_support.hpp
[9.197s] -- Up-to-date: /home/maizaied03/ros2_ws/install/px4_msgs/include/px4_msgs/px4_msgs/msg/detail/onboard_computer_status__type_support.hpp
[9.197s] -- Up-to-date: /home/maizaied03/ros2_ws/install/px4_msgs/include/px4_msgs/px4_msgs/msg/detail/log_message__struct.hpp
[9.197s] -- Up-to-date: /home/maizaied03/ros2_ws/install/px4_msgs/include/px4_msgs/px4_msgs/msg/detail/rc_channels__struct.hpp
[9.197s] -- Up-to-date: /home/maizaied03/ros2_ws/install/px4_msgs/include/px4_msgs/px4_msgs/msg/detail/gain_compression__traits.hpp
[9.197s] -- Up-to-date: /home/maizaied03/ros2_ws/install/px4_msgs/include/px4_msgs/px4_msgs/msg/detail/fixed_wing_longitudinal_setpoint__traits.hpp
[9.197s] -- Up-to-date: /home/maizaied03/ros2_ws/install/px4_msgs/include/px4_msgs/px4_msgs/msg/detail/dronecan_node_status__struct.hpp
[9.197s] -- Up-to-date: /home/maizaied03/ros2_ws/install/px4_msgs/include/px4_msgs/px4_msgs/msg/detail/camera_status__traits.hpp
[9.197s] -- Up-to-date: /home/maizaied03/ros2_ws/install/px4_msgs/include/px4_msgs/px4_msgs/msg/detail/pps_capture__struct.hpp
[9.197s] -- Up-to-date: /home/maizaied03/ros2_ws/install/px4_msgs/include/px4_msgs/px4_msgs/msg/detail/failsafe_flags__builder.hpp
[9.198s] -- Up-to-date: /home/maizaied03/ros2_ws/install/px4_msgs/include/px4_msgs/px4_msgs/msg/detail/obstacle_distance__traits.hpp
[9.198s] -- Up-to-date: /home/maizaied03/ros2_ws/install/px4_msgs/include/px4_msgs/px4_msgs/msg/detail/internal_combustion_engine_control__builder.hpp
[9.198s] -- Up-to-date: /home/maizaied03/ros2_ws/install/px4_msgs/include/px4_msgs/px4_msgs/msg/detail/vtx__struct.hpp
[9.198s] -- Up-to-date: /home/maizaied03/ros2_ws/install/px4_msgs/include/px4_msgs/px4_msgs/msg/detail/vehicle_optical_flow_vel__struct.hpp
[9.198s] -- Up-to-date: /home/maizaied03/ros2_ws/install/px4_msgs/include/px4_msgs/px4_msgs/msg/detail/sensor_selection__builder.hpp
[9.198s] -- Up-to-date: /home/maizaied03/ros2_ws/install/px4_msgs/include/px4_msgs/px4_msgs/msg/detail/actuator_servos__traits.hpp
[9.198s] -- Up-to-date: /home/maizaied03/ros2_ws/install/px4_msgs/include/px4_msgs/px4_msgs/msg/detail/ulog_stream__traits.hpp
[9.198s] -- Up-to-date: /home/maizaied03/ros2_ws/install/px4_msgs/include/px4_msgs/px4_msgs/msg/detail/velocity_limits__type_support.hpp
[9.198s] -- Up-to-date: /home/maizaied03/ros2_ws/install/px4_msgs/include/px4_msgs/px4_msgs/msg/detail/fixed_wing_lateral_setpoint__traits.hpp
[9.198s] -- Up-to-date: /home/maizaied03/ros2_ws/install/px4_msgs/include/px4_msgs/px4_msgs/msg/detail/rover_rate_setpoint__traits.hpp
[9.198s] -- Up-to-date: /home/maizaied03/ros2_ws/install/px4_msgs/include/px4_msgs/px4_msgs/msg/detail/pwm_input__type_support.hpp
[9.198s] -- Up-to-date: /home/maizaied03/ros2_ws/install/px4_msgs/include/px4_msgs/px4_msgs/msg/detail/airspeed__struct.hpp
[9.198s] -- Up-to-date: /home/maizaied03/ros2_ws/install/px4_msgs/include/px4_msgs/px4_msgs/msg/detail/rtl_status__traits.hpp
[9.198s] -- Up-to-date: /home/maizaied03/ros2_ws/install/px4_msgs/include/px4_msgs/px4_msgs/msg/detail/vehicle_control_mode__type_support.hpp
[9.198s] -- Up-to-date: /home/maizaied03/ros2_ws/install/px4_msgs/include/px4_msgs/px4_msgs/msg/detail/estimator_states__traits.hpp
[9.198s] -- Up-to-date: /home/maizaied03/ros2_ws/install/px4_msgs/include/px4_msgs/px4_msgs/msg/detail/esc_status__builder.hpp
[9.199s] -- Up-to-date: /home/maizaied03/ros2_ws/install/px4_msgs/include/px4_msgs/px4_msgs/msg/detail/estimator_aid_source1d__type_support.hpp
[9.199s] -- Up-to-date: /home/maizaied03/ros2_ws/install/px4_msgs/include/px4_msgs/px4_msgs/msg/detail/neural_control__struct.hpp
[9.199s] -- Up-to-date: /home/maizaied03/ros2_ws/install/px4_msgs/include/px4_msgs/px4_msgs/msg/detail/orb_test_medium__traits.hpp
[9.199s] -- Up-to-date: /home/maizaied03/ros2_ws/install/px4_msgs/include/px4_msgs/px4_msgs/msg/detail/debug_key_value__builder.hpp
[9.199s] -- Up-to-date: /home/maizaied03/ros2_ws/install/px4_msgs/include/px4_msgs/px4_msgs/msg/detail/sensor_optical_flow__builder.hpp
[9.199s] -- Up-to-date: /home/maizaied03/ros2_ws/install/px4_msgs/include/px4_msgs/px4_msgs/msg/detail/rover_steering_setpoint__type_support.hpp
[9.199s] -- Up-to-date: /home/maizaied03/ros2_ws/install/px4_msgs/include/px4_msgs/px4_msgs/msg/detail/estimator_gps_status__traits.hpp
[9.199s] -- Up-to-date: /home/maizaied03/ros2_ws/install/px4_msgs/include/px4_msgs/px4_msgs/msg/detail/gripper__struct.hpp
[9.199s] -- Up-to-date: /home/maizaied03/ros2_ws/install/px4_msgs/include/px4_msgs/px4_msgs/msg/detail/landing_target_pose__type_support.hpp
[9.199s] -- Up-to-date: /home/maizaied03/ros2_ws/install/px4_msgs/include/px4_msgs/px4_msgs/msg/detail/gps_dump__builder.hpp
[9.199s] -- Up-to-date: /home/maizaied03/ros2_ws/install/px4_msgs/include/px4_msgs/px4_msgs/msg/detail/estimator_status__struct.hpp
[9.199s] -- Up-to-date: /home/maizaied03/ros2_ws/install/px4_msgs/include/px4_msgs/px4_msgs/msg/detail/sensor_gnss_relative__builder.hpp
[9.199s] -- Up-to-date: /home/maizaied03/ros2_ws/install/px4_msgs/include/px4_msgs/px4_msgs/msg/detail/transponder_report__builder.hpp
[9.199s] -- Up-to-date: /home/maizaied03/ros2_ws/install/px4_msgs/include/px4_msgs/px4_msgs/msg/detail/actuator_outputs__struct.hpp
[9.199s] -- Up-to-date: /home/maizaied03/ros2_ws/install/px4_msgs/include/px4_msgs/px4_msgs/msg/detail/satellite_info__type_support.hpp
[9.199s] -- Up-to-date: /home/maizaied03/ros2_ws/install/px4_msgs/include/px4_msgs/px4_msgs/msg/detail/parameter_set_value_request__type_support.hpp
[9.199s] -- Up-to-date: /home/maizaied03/ros2_ws/install/px4_msgs/include/px4_msgs/px4_msgs/msg/detail/vehicle_global_position__struct.hpp
[9.200s] -- Up-to-date: /home/maizaied03/ros2_ws/install/px4_msgs/include/px4_msgs/px4_msgs/msg/detail/ulog_stream__type_support.hpp
[9.200s] -- Up-to-date: /home/maizaied03/ros2_ws/install/px4_msgs/include/px4_msgs/px4_msgs/msg/detail/sensor_correction__type_support.hpp
[9.200s] -- Up-to-date: /home/maizaied03/ros2_ws/install/px4_msgs/include/px4_msgs/px4_msgs/msg/detail/gimbal_manager_status__builder.hpp
[9.200s] -- Up-to-date: /home/maizaied03/ros2_ws/install/px4_msgs/include/px4_msgs/px4_msgs/msg/detail/longitudinal_control_configuration__type_support.hpp
[9.200s] -- Up-to-date: /home/maizaied03/ros2_ws/install/px4_msgs/include/px4_msgs/px4_msgs/msg/detail/obstacle_distance__type_support.hpp
[9.200s] -- Up-to-date: /home/maizaied03/ros2_ws/install/px4_msgs/include/px4_msgs/px4_msgs/msg/detail/irlock_report__traits.hpp
[9.200s] -- Up-to-date: /home/maizaied03/ros2_ws/install/px4_msgs/include/px4_msgs/px4_msgs/msg/detail/sensor_gyro_fft__struct.hpp
[9.200s] -- Up-to-date: /home/maizaied03/ros2_ws/install/px4_msgs/include/px4_msgs/px4_msgs/msg/detail/power_button_state__type_support.hpp
[9.200s] -- Up-to-date: /home/maizaied03/ros2_ws/install/px4_msgs/include/px4_msgs/px4_msgs/msg/detail/mode_completed__traits.hpp
[9.200s] -- Up-to-date: /home/maizaied03/ros2_ws/install/px4_msgs/include/px4_msgs/px4_msgs/msg/detail/can_interface_status__type_support.hpp
[9.200s] -- Up-to-date: /home/maizaied03/ros2_ws/install/px4_msgs/include/px4_msgs/px4_msgs/msg/detail/vehicle_command__builder.hpp
[9.200s] -- Up-to-date: /home/maizaied03/ros2_ws/install/px4_msgs/include/px4_msgs/px4_msgs/msg/detail/esc_report__traits.hpp
[9.200s] -- Up-to-date: /home/maizaied03/ros2_ws/install/px4_msgs/include/px4_msgs/px4_msgs/msg/detail/estimator_sensor_bias__struct.hpp
[9.200s] -- Up-to-date: /home/maizaied03/ros2_ws/install/px4_msgs/include/px4_msgs/px4_msgs/msg/detail/estimator_selector_status__type_support.hpp
[9.200s] -- Up-to-date: /home/maizaied03/ros2_ws/install/px4_msgs/include/px4_msgs/px4_msgs/msg/detail/mission_result__traits.hpp
[9.201s] -- Up-to-date: /home/maizaied03/ros2_ws/install/px4_msgs/include/px4_msgs/px4_msgs/msg/detail/adc_report__builder.hpp
[9.201s] -- Up-to-date: /home/maizaied03/ros2_ws/install/px4_msgs/include/px4_msgs/px4_msgs/msg/detail/uavcan_parameter_value__builder.hpp
[9.201s] -- Up-to-date: /home/maizaied03/ros2_ws/install/px4_msgs/include/px4_msgs/px4_msgs/msg/detail/arming_check_reply__type_support.hpp
[9.201s] -- Up-to-date: /home/maizaied03/ros2_ws/install/px4_msgs/include/px4_msgs/px4_msgs/msg/detail/rover_rate_setpoint__struct.hpp
[9.201s] -- Up-to-date: /home/maizaied03/ros2_ws/install/px4_msgs/include/px4_msgs/px4_msgs/msg/detail/gimbal_device_information__struct.hpp
[9.201s] -- Up-to-date: /home/maizaied03/ros2_ws/install/px4_msgs/include/px4_msgs/px4_msgs/msg/detail/led_control__builder.hpp
[9.201s] -- Up-to-date: /home/maizaied03/ros2_ws/install/px4_msgs/include/px4_msgs/px4_msgs/msg/detail/qshell_retval__type_support.hpp
[9.201s] -- Up-to-date: /home/maizaied03/ros2_ws/install/px4_msgs/include/px4_msgs/px4_msgs/msg/detail/rover_rate_setpoint__builder.hpp
[9.201s] -- Up-to-date: /home/maizaied03/ros2_ws/install/px4_msgs/include/px4_msgs/px4_msgs/msg/detail/vehicle_status__struct.hpp
[9.201s] -- Up-to-date: /home/maizaied03/ros2_ws/install/px4_msgs/include/px4_msgs/px4_msgs/msg/detail/ulog_stream__struct.hpp
[9.201s] -- Up-to-date: /home/maizaied03/ros2_ws/install/px4_msgs/include/px4_msgs/px4_msgs/msg/detail/normalized_unsigned_setpoint__type_support.hpp
[9.201s] -- Up-to-date: /home/maizaied03/ros2_ws/install/px4_msgs/include/px4_msgs/px4_msgs/msg/detail/vehicle_torque_setpoint__traits.hpp
[9.201s] -- Up-to-date: /home/maizaied03/ros2_ws/install/px4_msgs/include/px4_msgs/px4_msgs/msg/detail/unregister_ext_component__builder.hpp
[9.201s] -- Up-to-date: /home/maizaied03/ros2_ws/install/px4_msgs/include/px4_msgs/px4_msgs/msg/detail/vehicle_local_position__struct.hpp
[9.202s] -- Up-to-date: /home/maizaied03/ros2_ws/install/px4_msgs/include/px4_msgs/px4_msgs/msg/detail/follow_target__builder.hpp
[9.202s] -- Up-to-date: /home/maizaied03/ros2_ws/install/px4_msgs/include/px4_msgs/px4_msgs/msg/detail/fixed_wing_lateral_setpoint__builder.hpp
[9.202s] -- Up-to-date: /home/maizaied03/ros2_ws/install/px4_msgs/include/px4_msgs/px4_msgs/msg/detail/open_drone_id_self_id__type_support.hpp
[9.202s] -- Up-to-date: /home/maizaied03/ros2_ws/install/px4_msgs/include/px4_msgs/px4_msgs/msg/detail/raptor_status__traits.hpp
[9.202s] -- Up-to-date: /home/maizaied03/ros2_ws/install/px4_msgs/include/px4_msgs/px4_msgs/msg/detail/estimator_aid_source1d__struct.hpp
[9.202s] -- Up-to-date: /home/maizaied03/ros2_ws/install/px4_msgs/include/px4_msgs/px4_msgs/msg/detail/config_overrides__type_support.hpp
[9.202s] -- Up-to-date: /home/maizaied03/ros2_ws/install/px4_msgs/include/px4_msgs/px4_msgs/msg/detail/system_power__struct.hpp
[9.202s] -- Up-to-date: /home/maizaied03/ros2_ws/install/px4_msgs/include/px4_msgs/px4_msgs/msg/detail/estimator_status_flags__builder.hpp
[9.202s] -- Up-to-date: /home/maizaied03/ros2_ws/install/px4_msgs/include/px4_msgs/px4_msgs/msg/detail/satellite_info__traits.hpp
[9.202s] -- Up-to-date: /home/maizaied03/ros2_ws/install/px4_msgs/include/px4_msgs/px4_msgs/msg/detail/register_ext_component_request__builder.hpp
[9.202s] -- Up-to-date: /home/maizaied03/ros2_ws/install/px4_msgs/include/px4_msgs/px4_msgs/msg/detail/debug_vect__traits.hpp
[9.202s] -- Up-to-date: /home/maizaied03/ros2_ws/install/px4_msgs/include/px4_msgs/px4_msgs/msg/detail/vehicle_global_position__builder.hpp
[9.202s] -- Up-to-date: /home/maizaied03/ros2_ws/install/px4_msgs/include/px4_msgs/px4_msgs/msg/detail/sensor_correction__traits.hpp
[9.202s] -- Up-to-date: /home/maizaied03/ros2_ws/install/px4_msgs/include/px4_msgs/px4_msgs/msg/detail/estimator_aid_source2d__type_support.hpp
[9.202s] -- Up-to-date: /home/maizaied03/ros2_ws/install/px4_msgs/include/px4_msgs/px4_msgs/msg/detail/landing_target_pose__builder.hpp
[9.202s] -- Up-to-date: /home/maizaied03/ros2_ws/install/px4_msgs/include/px4_msgs/px4_msgs/msg/detail/task_stack_info__traits.hpp
[9.202s] -- Up-to-date: /home/maizaied03/ros2_ws/install/px4_msgs/include/px4_msgs/px4_msgs/msg/detail/satellite_info__builder.hpp
[9.202s] -- Up-to-date: /home/maizaied03/ros2_ws/install/px4_msgs/include/px4_msgs/px4_msgs/msg/detail/sensor_accel_fifo__traits.hpp
[9.203s] -- Up-to-date: /home/maizaied03/ros2_ws/install/px4_msgs/include/px4_msgs/px4_msgs/msg/detail/tune_control__struct.hpp
[9.203s] -- Up-to-date: /home/maizaied03/ros2_ws/install/px4_msgs/include/px4_msgs/px4_msgs/msg/detail/orb_test_medium__struct.hpp
[9.203s] -- Up-to-date: /home/maizaied03/ros2_ws/install/px4_msgs/include/px4_msgs/px4_msgs/msg/detail/dronecan_node_status__traits.hpp
[9.203s] -- Up-to-date: /home/maizaied03/ros2_ws/install/px4_msgs/include/px4_msgs/px4_msgs/msg/detail/timesync_status__builder.hpp
[9.203s] -- Up-to-date: /home/maizaied03/ros2_ws/install/px4_msgs/include/px4_msgs/px4_msgs/msg/detail/internal_combustion_engine_control__traits.hpp
[9.203s] -- Up-to-date: /home/maizaied03/ros2_ws/install/px4_msgs/include/px4_msgs/px4_msgs/msg/detail/debug_key_value__traits.hpp
[9.203s] -- Up-to-date: /home/maizaied03/ros2_ws/install/px4_msgs/include/px4_msgs/px4_msgs/msg/detail/mount_orientation__traits.hpp
[9.203s] -- Up-to-date: /home/maizaied03/ros2_ws/install/px4_msgs/include/px4_msgs/px4_msgs/msg/detail/estimator_aid_source2d__builder.hpp
[9.203s] -- Up-to-date: /home/maizaied03/ros2_ws/install/px4_msgs/include/px4_msgs/px4_msgs/msg/detail/vehicle_thrust_setpoint__builder.hpp
[9.203s] -- Up-to-date: /home/maizaied03/ros2_ws/install/px4_msgs/include/px4_msgs/px4_msgs/msg/detail/iridiumsbd_status__traits.hpp
[9.203s] -- Up-to-date: /home/maizaied03/ros2_ws/install/px4_msgs/include/px4_msgs/px4_msgs/msg/detail/dataman_request__struct.hpp
[9.203s] -- Up-to-date: /home/maizaied03/ros2_ws/install/px4_msgs/include/px4_msgs/px4_msgs/msg/detail/estimator_innovations__struct.hpp
[9.204s] -- Up-to-date: /home/maizaied03/ros2_ws/install/px4_msgs/include/px4_msgs/px4_msgs/msg/detail/manual_control_switches__traits.hpp
[9.204s] -- Up-to-date: /home/maizaied03/ros2_ws/install/px4_msgs/include/px4_msgs/px4_msgs/msg/detail/raptor_status__type_support.hpp
[9.204s] -- Up-to-date: /home/maizaied03/ros2_ws/install/px4_msgs/include/px4_msgs/px4_msgs/msg/detail/gpio_request__builder.hpp
[9.204s] -- Up-to-date: /home/maizaied03/ros2_ws/install/px4_msgs/include/px4_msgs/px4_msgs/msg/detail/log_message__type_support.hpp
[9.204s] -- Up-to-date: /home/maizaied03/ros2_ws/install/px4_msgs/include/px4_msgs/px4_msgs/msg/detail/sensor_temp__type_support.hpp
[9.204s] -- Up-to-date: /home/maizaied03/ros2_ws/install/px4_msgs/include/px4_msgs/px4_msgs/msg/detail/parameter_reset_request__builder.hpp
[9.204s] -- Up-to-date: /home/maizaied03/ros2_ws/install/px4_msgs/include/px4_msgs/px4_msgs/msg/detail/sensor_preflight_mag__struct.hpp
[9.204s] -- Up-to-date: /home/maizaied03/ros2_ws/install/px4_msgs/include/px4_msgs/px4_msgs/msg/detail/rtl_time_estimate__builder.hpp
[9.204s] -- Up-to-date: /home/maizaied03/ros2_ws/install/px4_msgs/include/px4_msgs/px4_msgs/msg/detail/actuator_servos__struct.hpp
[9.204s] -- Up-to-date: /home/maizaied03/ros2_ws/install/px4_msgs/include/px4_msgs/px4_msgs/msg/detail/flight_phase_estimation__struct.hpp
[9.204s] -- Up-to-date: /home/maizaied03/ros2_ws/install/px4_msgs/include/px4_msgs/px4_msgs/msg/detail/follow_target__struct.hpp
[9.204s] -- Up-to-date: /home/maizaied03/ros2_ws/install/px4_msgs/include/px4_msgs/px4_msgs/msg/detail/differential_pressure__struct.hpp
[9.204s] -- Up-to-date: /home/maizaied03/ros2_ws/install/px4_msgs/include/px4_msgs/px4_msgs/msg/detail/actuator_servos_trim__struct.hpp
[9.204s] -- Up-to-date: /home/maizaied03/ros2_ws/install/px4_msgs/include/px4_msgs/px4_msgs/msg/detail/dataman_request__builder.hpp
[9.204s] -- Up-to-date: /home/maizaied03/ros2_ws/install/px4_msgs/include/px4_msgs/px4_msgs/msg/detail/transponder_report__struct.hpp
[9.204s] -- Up-to-date: /home/maizaied03/ros2_ws/install/px4_msgs/include/px4_msgs/px4_msgs/msg/detail/camera_status__type_support.hpp
[9.204s] -- Up-to-date: /home/maizaied03/ros2_ws/install/px4_msgs/include/px4_msgs/px4_msgs/msg/detail/debug_array__struct.hpp
[9.205s] -- Up-to-date: /home/maizaied03/ros2_ws/install/px4_msgs/include/px4_msgs/px4_msgs/msg/detail/follow_target__type_support.hpp
[9.205s] -- Up-to-date: /home/maizaied03/ros2_ws/install/px4_msgs/include/px4_msgs/px4_msgs/msg/detail/rc_parameter_map__traits.hpp
[9.205s] -- Up-to-date: /home/maizaied03/ros2_ws/install/px4_msgs/include/px4_msgs/px4_msgs/msg/detail/manual_control_switches__struct.hpp
[9.205s] -- Up-to-date: /home/maizaied03/ros2_ws/install/px4_msgs/include/px4_msgs/px4_msgs/msg/detail/mode_completed__builder.hpp
[9.205s] -- Up-to-date: /home/maizaied03/ros2_ws/install/px4_msgs/include/px4_msgs/px4_msgs/msg/detail/vehicle_air_data__traits.hpp
[9.205s] -- Up-to-date: /home/maizaied03/ros2_ws/install/px4_msgs/include/px4_msgs/px4_msgs/msg/detail/vehicle_attitude_setpoint__builder.hpp
[9.205s] -- Up-to-date: /home/maizaied03/ros2_ws/install/px4_msgs/include/px4_msgs/px4_msgs/msg/detail/position_setpoint__struct.hpp
[9.205s] -- Up-to-date: /home/maizaied03/ros2_ws/install/px4_msgs/include/px4_msgs/px4_msgs/msg/detail/vehicle_local_position__traits.hpp
[9.205s] -- Up-to-date: /home/maizaied03/ros2_ws/install/px4_msgs/include/px4_msgs/px4_msgs/msg/detail/vehicle_imu_status__traits.hpp
[9.205s] -- Up-to-date: /home/maizaied03/ros2_ws/install/px4_msgs/include/px4_msgs/px4_msgs/msg/detail/position_setpoint__builder.hpp
[9.205s] -- Up-to-date: /home/maizaied03/ros2_ws/install/px4_msgs/include/px4_msgs/px4_msgs/msg/detail/uavcan_parameter_value__traits.hpp
[9.205s] -- Up-to-date: /home/maizaied03/ros2_ws/install/px4_msgs/include/px4_msgs/px4_msgs/msg/detail/follow_target_status__type_support.hpp
[9.205s] -- Up-to-date: /home/maizaied03/ros2_ws/install/px4_msgs/include/px4_msgs/px4_msgs/msg/detail/dataman_request__traits.hpp
[9.205s] -- Up-to-date: /home/maizaied03/ros2_ws/install/px4_msgs/include/px4_msgs/px4_msgs/msg/detail/gimbal_manager_set_attitude__builder.hpp
[9.205s] -- Up-to-date: /home/maizaied03/ros2_ws/install/px4_msgs/include/px4_msgs/px4_msgs/msg/detail/internal_combustion_engine_status__struct.hpp
[9.206s] -- Up-to-date: /home/maizaied03/ros2_ws/install/px4_msgs/include/px4_msgs/px4_msgs/msg/detail/wheel_encoders__builder.hpp
[9.206s] -- Up-to-date: /home/maizaied03/ros2_ws/install/px4_msgs/include/px4_msgs/px4_msgs/msg/detail/fixed_wing_lateral_guidance_status__traits.hpp
[9.206s] -- Up-to-date: /home/maizaied03/ros2_ws/install/px4_msgs/include/px4_msgs/px4_msgs/msg/detail/sensor_hygrometer__traits.hpp
[9.206s] -- Up-to-date: /home/maizaied03/ros2_ws/install/px4_msgs/include/px4_msgs/px4_msgs/msg/detail/parameter_set_value_response__builder.hpp
[9.206s] -- Up-to-date: /home/maizaied03/ros2_ws/install/px4_msgs/include/px4_msgs/px4_msgs/msg/detail/fixed_wing_lateral_status__struct.hpp
[9.206s] -- Up-to-date: /home/maizaied03/ros2_ws/install/px4_msgs/include/px4_msgs/px4_msgs/msg/detail/input_rc__type_support.hpp
[9.206s] -- Up-to-date: /home/maizaied03/ros2_ws/install/px4_msgs/include/px4_msgs/px4_msgs/msg/detail/estimator_aid_source3d__struct.hpp
[9.206s] -- Up-to-date: /home/maizaied03/ros2_ws/install/px4_msgs/include/px4_msgs/px4_msgs/msg/detail/estimator_sensor_bias__type_support.hpp
[9.206s] -- Up-to-date: /home/maizaied03/ros2_ws/install/px4_msgs/include/px4_msgs/px4_msgs/msg/detail/vehicle_control_mode__builder.hpp
[9.206s] -- Up-to-date: /home/maizaied03/ros2_ws/install/px4_msgs/include/px4_msgs/px4_msgs/msg/detail/magnetometer_bias_estimate__builder.hpp
[9.206s] -- Up-to-date: /home/maizaied03/ros2_ws/install/px4_msgs/include/px4_msgs/px4_msgs/msg/detail/estimator_event_flags__struct.hpp
[9.206s] -- Up-to-date: /home/maizaied03/ros2_ws/install/px4_msgs/include/px4_msgs/px4_msgs/msg/detail/gimbal_controls__builder.hpp
[9.206s] -- Up-to-date: /home/maizaied03/ros2_ws/install/px4_msgs/include/px4_msgs/px4_msgs/msg/detail/vehicle_control_mode__struct.hpp
[9.207s] -- Up-to-date: /home/maizaied03/ros2_ws/install/px4_msgs/include/px4_msgs/px4_msgs/msg/detail/can_interface_status__traits.hpp
[9.207s] -- Up-to-date: /home/maizaied03/ros2_ws/install/px4_msgs/include/px4_msgs/px4_msgs/msg/detail/telemetry_status__struct.hpp
[9.207s] -- Up-to-date: /home/maizaied03/ros2_ws/install/px4_msgs/include/px4_msgs/px4_msgs/msg/detail/vehicle_attitude__struct.hpp
[9.207s] -- Up-to-date: /home/maizaied03/ros2_ws/install/px4_msgs/include/px4_msgs/px4_msgs/msg/detail/register_ext_component_reply__type_support.hpp
[9.207s] -- Up-to-date: /home/maizaied03/ros2_ws/install/px4_msgs/include/px4_msgs/px4_msgs/msg/detail/offboard_control_mode__traits.hpp
[9.207s] -- Up-to-date: /home/maizaied03/ros2_ws/install/px4_msgs/include/px4_msgs/px4_msgs/msg/detail/distance_sensor__type_support.hpp
[9.207s] -- Up-to-date: /home/maizaied03/ros2_ws/install/px4_msgs/include/px4_msgs/px4_msgs/msg/detail/vehicle_local_position_setpoint__type_support.hpp
[9.207s] -- Up-to-date: /home/maizaied03/ros2_ws/install/px4_msgs/include/px4_msgs/px4_msgs/msg/detail/sensors_status__builder.hpp
[9.207s] -- Up-to-date: /home/maizaied03/ros2_ws/install/px4_msgs/include/px4_msgs/px4_msgs/msg/detail/open_drone_id_self_id__builder.hpp
[9.207s] -- Up-to-date: /home/maizaied03/ros2_ws/install/px4_msgs/include/px4_msgs/px4_msgs/msg/detail/manual_control_setpoint__type_support.hpp
[9.207s] -- Up-to-date: /home/maizaied03/ros2_ws/install/px4_msgs/include/px4_msgs/px4_msgs/msg/detail/estimator_status_flags__traits.hpp
[9.207s] -- Up-to-date: /home/maizaied03/ros2_ws/install/px4_msgs/include/px4_msgs/px4_msgs/msg/detail/vehicle_acceleration__struct.hpp
[9.207s] -- Up-to-date: /home/maizaied03/ros2_ws/install/px4_msgs/include/px4_msgs/px4_msgs/msg/detail/orb_test__builder.hpp
[9.207s] -- Up-to-date: /home/maizaied03/ros2_ws/install/px4_msgs/include/px4_msgs/px4_msgs/msg/detail/vehicle_odometry__builder.hpp
[9.207s] -- Up-to-date: /home/maizaied03/ros2_ws/install/px4_msgs/include/px4_msgs/px4_msgs/msg/detail/qshell_req__struct.hpp
[9.207s] -- Up-to-date: /home/maizaied03/ros2_ws/install/px4_msgs/include/px4_msgs/px4_msgs/msg/detail/vehicle_local_position__builder.hpp
[9.208s] -- Up-to-date: /home/maizaied03/ros2_ws/install/px4_msgs/include/px4_msgs/px4_msgs/msg/detail/mount_orientation__builder.hpp
[9.208s] -- Up-to-date: /home/maizaied03/ros2_ws/install/px4_msgs/include/px4_msgs/px4_msgs/msg/detail/pps_capture__type_support.hpp
[9.208s] -- Up-to-date: /home/maizaied03/ros2_ws/install/px4_msgs/include/px4_msgs/px4_msgs/msg/detail/sensor_temp__struct.hpp
[9.208s] -- Up-to-date: /home/maizaied03/ros2_ws/install/px4_msgs/include/px4_msgs/px4_msgs/msg/detail/flight_phase_estimation__type_support.hpp
[9.208s] -- Up-to-date: /home/maizaied03/ros2_ws/install/px4_msgs/include/px4_msgs/px4_msgs/msg/detail/esc_status__traits.hpp
[9.208s] -- Up-to-date: /home/maizaied03/ros2_ws/install/px4_msgs/include/px4_msgs/px4_msgs/msg/detail/sensor_selection__traits.hpp
[9.208s] -- Up-to-date: /home/maizaied03/ros2_ws/install/px4_msgs/include/px4_msgs/px4_msgs/msg/detail/debug_vect__builder.hpp
[9.208s] -- Up-to-date: /home/maizaied03/ros2_ws/install/px4_msgs/include/px4_msgs/px4_msgs/msg/detail/gain_compression__type_support.hpp
[9.208s] -- Up-to-date: /home/maizaied03/ros2_ws/install/px4_msgs/include/px4_msgs/px4_msgs/msg/detail/uavcan_parameter_request__traits.hpp
[9.208s] -- Up-to-date: /home/maizaied03/ros2_ws/install/px4_msgs/include/px4_msgs/px4_msgs/msg/detail/adc_report__traits.hpp
[9.208s] -- Up-to-date: /home/maizaied03/ros2_ws/install/px4_msgs/include/px4_msgs/px4_msgs/msg/detail/gain_compression__builder.hpp
[9.208s] -- Up-to-date: /home/maizaied03/ros2_ws/install/px4_msgs/include/px4_msgs/px4_msgs/msg/detail/vehicle_roi__traits.hpp
[9.208s] -- Up-to-date: /home/maizaied03/ros2_ws/install/px4_msgs/include/px4_msgs/px4_msgs/msg/detail/timesync_status__type_support.hpp
[9.208s] -- Up-to-date: /home/maizaied03/ros2_ws/install/px4_msgs/include/px4_msgs/px4_msgs/msg/detail/airspeed_wind__struct.hpp
[9.208s] -- Up-to-date: /home/maizaied03/ros2_ws/install/px4_msgs/include/px4_msgs/px4_msgs/msg/detail/navigator_status__builder.hpp
[9.208s] -- Up-to-date: /home/maizaied03/ros2_ws/install/px4_msgs/include/px4_msgs/px4_msgs/msg/detail/vehicle_optical_flow__traits.hpp
[9.208s] -- Up-to-date: /home/maizaied03/ros2_ws/install/px4_msgs/include/px4_msgs/px4_msgs/msg/detail/debug_array__traits.hpp
[9.209s] -- Up-to-date: /home/maizaied03/ros2_ws/install/px4_msgs/include/px4_msgs/px4_msgs/msg/detail/ulog_stream__builder.hpp
[9.209s] -- Up-to-date: /home/maizaied03/ros2_ws/install/px4_msgs/include/px4_msgs/px4_msgs/msg/detail/parameter_set_value_response__struct.hpp
[9.209s] -- Up-to-date: /home/maizaied03/ros2_ws/install/px4_msgs/include/px4_msgs/px4_msgs/msg/detail/cpuload__type_support.hpp
[9.209s] -- Up-to-date: /home/maizaied03/ros2_ws/install/px4_msgs/include/px4_msgs/px4_msgs/msg/detail/camera_trigger__traits.hpp
[9.209s] -- Up-to-date: /home/maizaied03/ros2_ws/install/px4_msgs/include/px4_msgs/px4_msgs/msg/detail/open_drone_id_operator_id__type_support.hpp
[9.209s] -- Up-to-date: /home/maizaied03/ros2_ws/install/px4_msgs/include/px4_msgs/px4_msgs/msg/detail/rover_rate_status__struct.hpp
[9.209s] -- Up-to-date: /home/maizaied03/ros2_ws/install/px4_msgs/include/px4_msgs/px4_msgs/msg/detail/rc_channels__traits.hpp
[9.209s] -- Up-to-date: /home/maizaied03/ros2_ws/install/px4_msgs/include/px4_msgs/px4_msgs/msg/detail/actuator_motors__type_support.hpp
[9.209s] -- Up-to-date: /home/maizaied03/ros2_ws/install/px4_msgs/include/px4_msgs/px4_msgs/msg/detail/irlock_report__struct.hpp
[9.210s] -- Up-to-date: /home/maizaied03/ros2_ws/install/px4_msgs/include/px4_msgs/px4_msgs/msg/detail/estimator_status_flags__type_support.hpp
[9.210s] -- Up-to-date: /home/maizaied03/ros2_ws/install/px4_msgs/include/px4_msgs/px4_msgs/msg/detail/camera_status__builder.hpp
[9.210s] -- Up-to-date: /home/maizaied03/ros2_ws/install/px4_msgs/include/px4_msgs/px4_msgs/msg/detail/radio_status__type_support.hpp
[9.210s] -- Up-to-date: /home/maizaied03/ros2_ws/install/px4_msgs/include/px4_msgs/px4_msgs/msg/detail/vehicle_odometry__type_support.hpp
[9.210s] -- Up-to-date: /home/maizaied03/ros2_ws/install/px4_msgs/include/px4_msgs/px4_msgs/msg/detail/rc_parameter_map__struct.hpp
[9.210s] -- Up-to-date: /home/maizaied03/ros2_ws/install/px4_msgs/include/px4_msgs/px4_msgs/msg/detail/airspeed_wind__traits.hpp
[9.210s] -- Up-to-date: /home/maizaied03/ros2_ws/install/px4_msgs/include/px4_msgs/px4_msgs/msg/detail/register_ext_component_reply__traits.hpp
[9.210s] -- Up-to-date: /home/maizaied03/ros2_ws/install/px4_msgs/include/px4_msgs/px4_msgs/msg/detail/open_drone_id_arm_status__traits.hpp
[9.210s] -- Up-to-date: /home/maizaied03/ros2_ws/install/px4_msgs/include/px4_msgs/px4_msgs/msg/detail/sensor_uwb__builder.hpp
[9.210s] -- Up-to-date: /home/maizaied03/ros2_ws/install/px4_msgs/include/px4_msgs/px4_msgs/msg/detail/button_event__builder.hpp
[9.210s] -- Up-to-date: /home/maizaied03/ros2_ws/install/px4_msgs/include/px4_msgs/px4_msgs/msg/detail/home_position__traits.hpp
[9.210s] -- Up-to-date: /home/maizaied03/ros2_ws/install/px4_msgs/include/px4_msgs/px4_msgs/msg/detail/open_drone_id_arm_status__builder.hpp
[9.211s] -- Up-to-date: /home/maizaied03/ros2_ws/install/px4_msgs/include/px4_msgs/px4_msgs/msg/detail/radio_status__builder.hpp
[9.211s] -- Up-to-date: /home/maizaied03/ros2_ws/install/px4_msgs/include/px4_msgs/px4_msgs/msg/detail/internal_combustion_engine_control__struct.hpp
[9.211s] -- Up-to-date: /home/maizaied03/ros2_ws/install/px4_msgs/include/px4_msgs/px4_msgs/msg/detail/fixed_wing_longitudinal_setpoint__struct.hpp
[9.211s] -- Up-to-date: /home/maizaied03/ros2_ws/install/px4_msgs/include/px4_msgs/px4_msgs/msg/detail/heater_status__traits.hpp
[9.211s] -- Up-to-date: /home/maizaied03/ros2_ws/install/px4_msgs/include/px4_msgs/px4_msgs/msg/detail/actuator_servos_trim__type_support.hpp
[9.211s] -- Up-to-date: /home/maizaied03/ros2_ws/install/px4_msgs/include/px4_msgs/px4_msgs/msg/detail/gimbal_manager_set_attitude__type_support.hpp
[9.211s] -- Up-to-date: /home/maizaied03/ros2_ws/install/px4_msgs/include/px4_msgs/px4_msgs/msg/detail/raptor_input__builder.hpp
[9.211s] -- Up-to-date: /home/maizaied03/ros2_ws/install/px4_msgs/include/px4_msgs/px4_msgs/msg/detail/sensor_combined__traits.hpp
[9.211s] -- Up-to-date: /home/maizaied03/ros2_ws/install/px4_msgs/include/px4_msgs/px4_msgs/msg/detail/raptor_input__struct.hpp
[9.211s] -- Up-to-date: /home/maizaied03/ros2_ws/install/px4_msgs/include/px4_msgs/px4_msgs/msg/detail/estimator_bias__type_support.hpp
[9.211s] -- Up-to-date: /home/maizaied03/ros2_ws/install/px4_msgs/include/px4_msgs/px4_msgs/msg/detail/rover_steering_setpoint__traits.hpp
[9.211s] -- Up-to-date: /home/maizaied03/ros2_ws/install/px4_msgs/include/px4_msgs/px4_msgs/msg/detail/rover_rate_status__type_support.hpp
[9.211s] -- Up-to-date: /home/maizaied03/ros2_ws/install/px4_msgs/include/px4_msgs/px4_msgs/msg/detail/qshell_retval__builder.hpp
[9.211s] -- Up-to-date: /home/maizaied03/ros2_ws/install/px4_msgs/include/px4_msgs/px4_msgs/msg/detail/tune_control__traits.hpp
[9.211s] -- Up-to-date: /home/maizaied03/ros2_ws/install/px4_msgs/include/px4_msgs/px4_msgs/msg/detail/action_request__traits.hpp
[9.212s] -- Up-to-date: /home/maizaied03/ros2_ws/install/px4_msgs/include/px4_msgs/px4_msgs/msg/detail/tecs_status__traits.hpp
[9.212s] -- Up-to-date: /home/maizaied03/ros2_ws/install/px4_msgs/include/px4_msgs/px4_msgs/msg/detail/gripper__type_support.hpp
[9.212s] -- Up-to-date: /home/maizaied03/ros2_ws/install/px4_msgs/include/px4_msgs/px4_msgs/msg/detail/estimator_innovations__builder.hpp
[9.212s] -- Up-to-date: /home/maizaied03/ros2_ws/install/px4_msgs/include/px4_msgs/px4_msgs/msg/detail/actuator_test__traits.hpp
[9.212s] -- Up-to-date: /home/maizaied03/ros2_ws/install/px4_msgs/include/px4_msgs/px4_msgs/msg/detail/rtl_time_estimate__traits.hpp
[9.212s] -- Up-to-date: /home/maizaied03/ros2_ws/install/px4_msgs/include/px4_msgs/px4_msgs/msg/detail/sensor_correction__builder.hpp
[9.212s] -- Up-to-date: /home/maizaied03/ros2_ws/install/px4_msgs/include/px4_msgs/px4_msgs/msg/detail/sensor_uwb__traits.hpp
[9.212s] -- Up-to-date: /home/maizaied03/ros2_ws/install/px4_msgs/include/px4_msgs/px4_msgs/msg/detail/task_stack_info__struct.hpp
[9.212s] -- Up-to-date: /home/maizaied03/ros2_ws/install/px4_msgs/include/px4_msgs/px4_msgs/msg/detail/vehicle_imu_status__type_support.hpp
[9.212s] -- Up-to-date: /home/maizaied03/ros2_ws/install/px4_msgs/include/px4_msgs/px4_msgs/msg/detail/sensor_preflight_mag__traits.hpp
[9.212s] -- Up-to-date: /home/maizaied03/ros2_ws/install/px4_msgs/include/px4_msgs/px4_msgs/msg/detail/rover_speed_status__struct.hpp
[9.212s] -- Up-to-date: /home/maizaied03/ros2_ws/install/px4_msgs/include/px4_msgs/px4_msgs/msg/detail/pwm_input__traits.hpp
[9.212s] -- Up-to-date: /home/maizaied03/ros2_ws/install/px4_msgs/include/px4_msgs/px4_msgs/msg/detail/cellular_status__type_support.hpp
[9.212s] -- Up-to-date: /home/maizaied03/ros2_ws/install/px4_msgs/include/px4_msgs/px4_msgs/msg/detail/magnetometer_bias_estimate__traits.hpp
[9.212s] -- Up-to-date: /home/maizaied03/ros2_ws/install/px4_msgs/include/px4_msgs/px4_msgs/msg/detail/mission__traits.hpp
[9.212s] -- Up-to-date: /home/maizaied03/ros2_ws/install/px4_msgs/include/px4_msgs/px4_msgs/msg/detail/telemetry_status__builder.hpp
[9.212s] -- Up-to-date: /home/maizaied03/ros2_ws/install/px4_msgs/include/px4_msgs/px4_msgs/msg/detail/onboard_computer_status__traits.hpp
[9.213s] -- Up-to-date: /home/maizaied03/ros2_ws/install/px4_msgs/include/px4_msgs/px4_msgs/msg/detail/landing_target_pose__struct.hpp
[9.213s] -- Up-to-date: /home/maizaied03/ros2_ws/install/px4_msgs/include/px4_msgs/px4_msgs/msg/detail/vehicle_rates_setpoint__builder.hpp
[9.213s] -- Up-to-date: /home/maizaied03/ros2_ws/install/px4_msgs/include/px4_msgs/px4_msgs/msg/detail/sensor_gnss_relative__type_support.hpp
[9.213s] -- Up-to-date: /home/maizaied03/ros2_ws/install/px4_msgs/include/px4_msgs/px4_msgs/msg/detail/gimbal_manager_information__traits.hpp
[9.213s] -- Up-to-date: /home/maizaied03/ros2_ws/install/px4_msgs/include/px4_msgs/px4_msgs/msg/detail/rover_rate_setpoint__type_support.hpp
[9.213s] -- Up-to-date: /home/maizaied03/ros2_ws/install/px4_msgs/include/px4_msgs/px4_msgs/msg/detail/orb_test_large__traits.hpp
[9.213s] -- Up-to-date: /home/maizaied03/ros2_ws/install/px4_msgs/include/px4_msgs/px4_msgs/msg/detail/qshell_req__builder.hpp
[9.213s] -- Up-to-date: /home/maizaied03/ros2_ws/install/px4_msgs/include/px4_msgs/px4_msgs/msg/detail/sensor_accel__struct.hpp
[9.213s] -- Up-to-date: /home/maizaied03/ros2_ws/install/px4_msgs/include/px4_msgs/px4_msgs/msg/detail/trajectory_setpoint__struct.hpp
[9.213s] -- Up-to-date: /home/maizaied03/ros2_ws/install/px4_msgs/include/px4_msgs/px4_msgs/msg/detail/rtl_status__struct.hpp
[9.213s] -- Up-to-date: /home/maizaied03/ros2_ws/install/px4_msgs/include/px4_msgs/px4_msgs/msg/detail/navigator_status__type_support.hpp
[9.213s] -- Up-to-date: /home/maizaied03/ros2_ws/install/px4_msgs/include/px4_msgs/px4_msgs/msg/detail/orb_test_large__type_support.hpp
[9.213s] -- Up-to-date: /home/maizaied03/ros2_ws/install/px4_msgs/include/px4_msgs/px4_msgs/msg/detail/mode_completed__type_support.hpp
[9.213s] -- Up-to-date: /home/maizaied03/ros2_ws/install/px4_msgs/include/px4_msgs/px4_msgs/msg/detail/vehicle_local_position_setpoint__struct.hpp
[9.213s] -- Up-to-date: /home/maizaied03/ros2_ws/install/px4_msgs/include/px4_msgs/px4_msgs/msg/detail/vehicle_status__type_support.hpp
[9.214s] -- Up-to-date: /home/maizaied03/ros2_ws/install/px4_msgs/include/px4_msgs/px4_msgs/msg/detail/ulog_stream_ack__builder.hpp
[9.214s] -- Up-to-date: /home/maizaied03/ros2_ws/install/px4_msgs/include/px4_msgs/px4_msgs/msg/detail/rover_attitude_status__builder.hpp
[9.214s] -- Up-to-date: /home/maizaied03/ros2_ws/install/px4_msgs/include/px4_msgs/px4_msgs/msg/detail/gimbal_manager_set_manual_control__builder.hpp
[9.214s] -- Up-to-date: /home/maizaied03/ros2_ws/install/px4_msgs/include/px4_msgs/px4_msgs/msg/detail/device_information__type_support.hpp
[9.214s] -- Up-to-date: /home/maizaied03/ros2_ws/install/px4_msgs/include/px4_msgs/px4_msgs/msg/detail/parameter_set_used_request__builder.hpp
[9.214s] -- Up-to-date: /home/maizaied03/ros2_ws/install/px4_msgs/include/px4_msgs/px4_msgs/msg/detail/vehicle_constraints__builder.hpp
[9.214s] -- Up-to-date: /home/maizaied03/ros2_ws/install/px4_msgs/include/px4_msgs/px4_msgs/msg/detail/trajectory_setpoint__builder.hpp
[9.214s] -- Up-to-date: /home/maizaied03/ros2_ws/install/px4_msgs/include/px4_msgs/px4_msgs/msg/detail/manual_control_setpoint__traits.hpp
[9.214s] -- Up-to-date: /home/maizaied03/ros2_ws/install/px4_msgs/include/px4_msgs/px4_msgs/msg/detail/trajectory_setpoint6dof__struct.hpp
[9.214s] -- Up-to-date: /home/maizaied03/ros2_ws/install/px4_msgs/include/px4_msgs/px4_msgs/msg/detail/rover_speed_status__traits.hpp
[9.214s] -- Up-to-date: /home/maizaied03/ros2_ws/install/px4_msgs/include/px4_msgs/px4_msgs/msg/detail/rover_position_setpoint__struct.hpp
[9.214s] -- Up-to-date: /home/maizaied03/ros2_ws/install/px4_msgs/include/px4_msgs/px4_msgs/msg/detail/wheel_encoders__type_support.hpp
[9.215s] -- Up-to-date: /home/maizaied03/ros2_ws/install/px4_msgs/include/px4_msgs/px4_msgs/msg/detail/vehicle_rates_setpoint__struct.hpp
[9.215s] -- Up-to-date: /home/maizaied03/ros2_ws/install/px4_msgs/include/px4_msgs/px4_msgs/msg/detail/mavlink_log__builder.hpp
[9.215s] -- Up-to-date: /home/maizaied03/ros2_ws/install/px4_msgs/include/px4_msgs/px4_msgs/msg/detail/vehicle_torque_setpoint__struct.hpp
[9.215s] -- Up-to-date: /home/maizaied03/ros2_ws/install/px4_msgs/include/px4_msgs/px4_msgs/msg/detail/neural_control__builder.hpp
[9.215s] -- Up-to-date: /home/maizaied03/ros2_ws/install/px4_msgs/include/px4_msgs/px4_msgs/msg/detail/sensor_gyro__traits.hpp
[9.215s] -- Up-to-date: /home/maizaied03/ros2_ws/install/px4_msgs/include/px4_msgs/px4_msgs/msg/detail/dataman_response__struct.hpp
[9.215s] -- Up-to-date: /home/maizaied03/ros2_ws/install/px4_msgs/include/px4_msgs/px4_msgs/msg/detail/vehicle_optical_flow__struct.hpp
[9.215s] -- Up-to-date: /home/maizaied03/ros2_ws/install/px4_msgs/include/px4_msgs/px4_msgs/msg/detail/iridiumsbd_status__builder.hpp
[9.215s] -- Up-to-date: /home/maizaied03/ros2_ws/install/px4_msgs/include/px4_msgs/px4_msgs/msg/detail/fuel_tank_status__struct.hpp
[9.215s] -- Up-to-date: /home/maizaied03/ros2_ws/install/px4_msgs/include/px4_msgs/px4_msgs/msg/detail/system_power__builder.hpp
[9.215s] -- Up-to-date: /home/maizaied03/ros2_ws/install/px4_msgs/include/px4_msgs/px4_msgs/msg/detail/home_position__struct.hpp
[9.215s] -- Up-to-date: /home/maizaied03/ros2_ws/install/px4_msgs/include/px4_msgs/px4_msgs/msg/detail/sensor_accel_fifo__type_support.hpp
[9.215s] -- Up-to-date: /home/maizaied03/ros2_ws/install/px4_msgs/include/px4_msgs/px4_msgs/msg/detail/estimator_status__traits.hpp
[9.215s] -- Up-to-date: /home/maizaied03/ros2_ws/install/px4_msgs/include/px4_msgs/px4_msgs/msg/detail/raptor_input__type_support.hpp
[9.215s] -- Up-to-date: /home/maizaied03/ros2_ws/install/px4_msgs/include/px4_msgs/px4_msgs/msg/detail/actuator_test__type_support.hpp
[9.216s] -- Up-to-date: /home/maizaied03/ros2_ws/install/px4_msgs/include/px4_msgs/px4_msgs/msg/detail/rover_attitude_setpoint__struct.hpp
[9.216s] -- Up-to-date: /home/maizaied03/ros2_ws/install/px4_msgs/include/px4_msgs/px4_msgs/msg/detail/landing_target_innovations__struct.hpp
[9.216s] -- Up-to-date: /home/maizaied03/ros2_ws/install/px4_msgs/include/px4_msgs/px4_msgs/msg/detail/sensor_selection__type_support.hpp
[9.216s] -- Up-to-date: /home/maizaied03/ros2_ws/install/px4_msgs/include/px4_msgs/px4_msgs/msg/detail/launch_detection_status__type_support.hpp
[9.216s] -- Up-to-date: /home/maizaied03/ros2_ws/install/px4_msgs/include/px4_msgs/px4_msgs/msg/detail/gpio_request__struct.hpp
[9.216s] -- Up-to-date: /home/maizaied03/ros2_ws/install/px4_msgs/include/px4_msgs/px4_msgs/msg/detail/fixed_wing_lateral_guidance_status__type_support.hpp
[9.216s] -- Up-to-date: /home/maizaied03/ros2_ws/install/px4_msgs/include/px4_msgs/px4_msgs/msg/detail/follow_target_estimator__struct.hpp
[9.216s] -- Up-to-date: /home/maizaied03/ros2_ws/install/px4_msgs/include/px4_msgs/px4_msgs/msg/detail/sensor_gps__type_support.hpp
[9.216s] -- Up-to-date: /home/maizaied03/ros2_ws/install/px4_msgs/include/px4_msgs/px4_msgs/msg/detail/actuator_controls_status__traits.hpp
[9.216s] -- Up-to-date: /home/maizaied03/ros2_ws/install/px4_msgs/include/px4_msgs/px4_msgs/msg/detail/sensor_optical_flow__struct.hpp
[9.216s] -- Up-to-date: /home/maizaied03/ros2_ws/install/px4_msgs/include/px4_msgs/px4_msgs/msg/detail/config_overrides__traits.hpp
[9.216s] -- Up-to-date: /home/maizaied03/ros2_ws/install/px4_msgs/include/px4_msgs/px4_msgs/msg/detail/rate_ctrl_status__traits.hpp
[9.216s] -- Up-to-date: /home/maizaied03/ros2_ws/install/px4_msgs/include/px4_msgs/px4_msgs/msg/detail/mission_result__struct.hpp
[9.216s] -- Up-to-date: /home/maizaied03/ros2_ws/install/px4_msgs/include/px4_msgs/px4_msgs/msg/detail/sensor_gyro_fifo__type_support.hpp
[9.216s] -- Up-to-date: /home/maizaied03/ros2_ws/install/px4_msgs/include/px4_msgs/px4_msgs/msg/detail/sensor_gnss_status__type_support.hpp
[9.216s] -- Up-to-date: /home/maizaied03/ros2_ws/install/px4_msgs/include/px4_msgs/px4_msgs/msg/detail/ekf2_timestamps__type_support.hpp
[9.216s] -- Up-to-date: /home/maizaied03/ros2_ws/install/px4_msgs/include/px4_msgs/px4_msgs/msg/detail/actuator_controls_status__builder.hpp
[9.217s] -- Up-to-date: /home/maizaied03/ros2_ws/install/px4_msgs/include/px4_msgs/px4_msgs/msg/detail/rover_throttle_setpoint__type_support.hpp
[9.217s] -- Up-to-date: /home/maizaied03/ros2_ws/install/px4_msgs/include/px4_msgs/px4_msgs/msg/detail/normalized_unsigned_setpoint__struct.hpp
[9.217s] -- Up-to-date: /home/maizaied03/ros2_ws/install/px4_msgs/include/px4_msgs/px4_msgs/msg/detail/gps_inject_data__builder.hpp
[9.217s] -- Up-to-date: /home/maizaied03/ros2_ws/install/px4_msgs/include/px4_msgs/px4_msgs/msg/detail/vehicle_odometry__traits.hpp
[9.217s] -- Up-to-date: /home/maizaied03/ros2_ws/install/px4_msgs/include/px4_msgs/px4_msgs/msg/detail/figure_eight_status__traits.hpp
[9.217s] -- Up-to-date: /home/maizaied03/ros2_ws/install/px4_msgs/include/px4_msgs/px4_msgs/msg/detail/rc_channels__builder.hpp
[9.217s] -- Up-to-date: /home/maizaied03/ros2_ws/install/px4_msgs/include/px4_msgs/px4_msgs/msg/detail/cellular_status__builder.hpp
[9.217s] -- Up-to-date: /home/maizaied03/ros2_ws/install/px4_msgs/include/px4_msgs/px4_msgs/msg/detail/sensor_gyro_fft__type_support.hpp
[9.217s] -- Up-to-date: /home/maizaied03/ros2_ws/install/px4_msgs/include/px4_msgs/px4_msgs/msg/detail/pure_pursuit_status__struct.hpp
[9.217s] -- Up-to-date: /home/maizaied03/ros2_ws/install/px4_msgs/include/px4_msgs/px4_msgs/msg/detail/open_drone_id_operator_id__traits.hpp
[9.217s] -- Up-to-date: /home/maizaied03/ros2_ws/install/px4_msgs/include/px4_msgs/px4_msgs/msg/detail/gimbal_manager_information__builder.hpp
[9.217s] -- Up-to-date: /home/maizaied03/ros2_ws/install/px4_msgs/include/px4_msgs/px4_msgs/msg/detail/estimator_states__struct.hpp
[9.217s] -- Up-to-date: /home/maizaied03/ros2_ws/install/px4_msgs/include/px4_msgs/px4_msgs/msg/detail/task_stack_info__builder.hpp
[9.218s] -- Up-to-date: /home/maizaied03/ros2_ws/install/px4_msgs/include/px4_msgs/px4_msgs/msg/detail/sensor_optical_flow__traits.hpp
[9.218s] -- Up-to-date: /home/maizaied03/ros2_ws/install/px4_msgs/include/px4_msgs/px4_msgs/msg/detail/gps_inject_data__struct.hpp
[9.218s] -- Up-to-date: /home/maizaied03/ros2_ws/install/px4_msgs/include/px4_msgs/px4_msgs/msg/detail/rpm__builder.hpp
[9.218s] -- Up-to-date: /home/maizaied03/ros2_ws/install/px4_msgs/include/px4_msgs/px4_msgs/msg/detail/power_button_state__builder.hpp
[9.218s] -- Up-to-date: /home/maizaied03/ros2_ws/install/px4_msgs/include/px4_msgs/px4_msgs/msg/detail/estimator_status__type_support.hpp
[9.218s] -- Up-to-date: /home/maizaied03/ros2_ws/install/px4_msgs/include/px4_msgs/px4_msgs/msg/detail/gpio_request__traits.hpp
[9.218s] -- Up-to-date: /home/maizaied03/ros2_ws/install/px4_msgs/include/px4_msgs/px4_msgs/msg/detail/parameter_update__traits.hpp
[9.218s] -- Up-to-date: /home/maizaied03/ros2_ws/install/px4_msgs/include/px4_msgs/px4_msgs/msg/detail/actuator_motors__builder.hpp
[9.218s] -- Up-to-date: /home/maizaied03/ros2_ws/install/px4_msgs/include/px4_msgs/px4_msgs/msg/detail/gimbal_device_set_attitude__type_support.hpp
[9.218s] -- Up-to-date: /home/maizaied03/ros2_ws/install/px4_msgs/include/px4_msgs/px4_msgs/msg/detail/geofence_result__traits.hpp
[9.218s] -- Up-to-date: /home/maizaied03/ros2_ws/install/px4_msgs/include/px4_msgs/px4_msgs/msg/detail/actuator_motors__struct.hpp
[9.218s] -- Up-to-date: /home/maizaied03/ros2_ws/install/px4_msgs/include/px4_msgs/px4_msgs/msg/detail/open_drone_id_self_id__struct.hpp
[9.219s] -- Up-to-date: /home/maizaied03/ros2_ws/install/px4_msgs/include/px4_msgs/px4_msgs/msg/detail/vehicle_air_data__struct.hpp
[9.219s] -- Up-to-date: /home/maizaied03/ros2_ws/install/px4_msgs/include/px4_msgs/px4_msgs/msg/detail/iridiumsbd_status__type_support.hpp
[9.219s] -- Up-to-date: /home/maizaied03/ros2_ws/install/px4_msgs/include/px4_msgs/px4_msgs/msg/detail/yaw_estimator_status__builder.hpp
[9.219s] -- Up-to-date: /home/maizaied03/ros2_ws/install/px4_msgs/include/px4_msgs/px4_msgs/msg/detail/offboard_control_mode__type_support.hpp
[9.219s] -- Up-to-date: /home/maizaied03/ros2_ws/install/px4_msgs/include/px4_msgs/px4_msgs/msg/detail/lateral_control_configuration__traits.hpp
[9.219s] -- Up-to-date: /home/maizaied03/ros2_ws/install/px4_msgs/include/px4_msgs/px4_msgs/msg/detail/gimbal_device_set_attitude__traits.hpp
[9.219s] -- Up-to-date: /home/maizaied03/ros2_ws/install/px4_msgs/include/px4_msgs/px4_msgs/msg/detail/rtl_status__type_support.hpp
[9.219s] -- Up-to-date: /home/maizaied03/ros2_ws/install/px4_msgs/include/px4_msgs/px4_msgs/msg/detail/telemetry_status__type_support.hpp
[9.219s] -- Up-to-date: /home/maizaied03/ros2_ws/install/px4_msgs/include/px4_msgs/px4_msgs/msg/detail/rpm__type_support.hpp
[9.219s] -- Up-to-date: /home/maizaied03/ros2_ws/install/px4_msgs/include/px4_msgs/px4_msgs/msg/detail/sensor_accel_fifo__struct.hpp
[9.219s] -- Up-to-date: /home/maizaied03/ros2_ws/install/px4_msgs/include/px4_msgs/px4_msgs/msg/detail/px4io_status__traits.hpp
[9.219s] -- Up-to-date: /home/maizaied03/ros2_ws/install/px4_msgs/include/px4_msgs/px4_msgs/msg/detail/takeoff_status__struct.hpp
[9.219s] -- Up-to-date: /home/maizaied03/ros2_ws/install/px4_msgs/include/px4_msgs/px4_msgs/msg/detail/follow_target_estimator__builder.hpp
[9.219s] -- Up-to-date: /home/maizaied03/ros2_ws/install/px4_msgs/include/px4_msgs/px4_msgs/msg/detail/landing_gear_wheel__traits.hpp
[9.219s] -- Up-to-date: /home/maizaied03/ros2_ws/install/px4_msgs/include/px4_msgs/px4_msgs/msg/detail/vehicle_local_position_setpoint__traits.hpp
[9.219s] -- Up-to-date: /home/maizaied03/ros2_ws/install/px4_msgs/include/px4_msgs/px4_msgs/msg/detail/sensor_mag__type_support.hpp
[9.220s] -- Up-to-date: /home/maizaied03/ros2_ws/install/px4_msgs/include/px4_msgs/px4_msgs/msg/detail/sensor_gps__struct.hpp
[9.220s] -- Up-to-date: /home/maizaied03/ros2_ws/install/px4_msgs/include/px4_msgs/px4_msgs/msg/detail/vehicle_land_detected__builder.hpp
[9.220s] -- Up-to-date: /home/maizaied03/ros2_ws/install/px4_msgs/include/px4_msgs/px4_msgs/msg/detail/rover_speed_status__type_support.hpp
[9.220s] -- Up-to-date: /home/maizaied03/ros2_ws/install/px4_msgs/include/px4_msgs/px4_msgs/msg/detail/vehicle_magnetometer__builder.hpp
[9.220s] -- Up-to-date: /home/maizaied03/ros2_ws/install/px4_msgs/include/px4_msgs/px4_msgs/msg/detail/sensor_preflight_mag__type_support.hpp
[9.220s] -- Up-to-date: /home/maizaied03/ros2_ws/install/px4_msgs/include/px4_msgs/px4_msgs/msg/detail/rover_attitude_status__struct.hpp
[9.220s] -- Up-to-date: /home/maizaied03/ros2_ws/install/px4_msgs/include/px4_msgs/px4_msgs/msg/detail/raptor_status__builder.hpp
[9.220s] -- Up-to-date: /home/maizaied03/ros2_ws/install/px4_msgs/include/px4_msgs/px4_msgs/msg/detail/distance_sensor__struct.hpp
[9.220s] -- Up-to-date: /home/maizaied03/ros2_ws/install/px4_msgs/include/px4_msgs/px4_msgs/msg/detail/navigator_status__traits.hpp
[9.220s] -- Up-to-date: /home/maizaied03/ros2_ws/install/px4_msgs/include/px4_msgs/px4_msgs/msg/detail/qshell_retval__struct.hpp
[9.220s] -- Up-to-date: /home/maizaied03/ros2_ws/install/px4_msgs/include/px4_msgs/px4_msgs/msg/detail/vehicle_torque_setpoint__type_support.hpp
[9.220s] -- Up-to-date: /home/maizaied03/ros2_ws/install/px4_msgs/include/px4_msgs/px4_msgs/msg/detail/sensor_selection__struct.hpp
[9.220s] -- Up-to-date: /home/maizaied03/ros2_ws/install/px4_msgs/include/px4_msgs/px4_msgs/msg/detail/obstacle_distance__struct.hpp
[9.220s] -- Up-to-date: /home/maizaied03/ros2_ws/install/px4_msgs/include/px4_msgs/px4_msgs/msg/detail/estimator_event_flags__builder.hpp
[9.220s] -- Up-to-date: /home/maizaied03/ros2_ws/install/px4_msgs/include/px4_msgs/px4_msgs/msg/detail/vehicle_thrust_setpoint__struct.hpp
[9.220s] -- Up-to-date: /home/maizaied03/ros2_ws/install/px4_msgs/include/px4_msgs/px4_msgs/msg/detail/tecs_status__type_support.hpp
[9.220s] -- Up-to-date: /home/maizaied03/ros2_ws/install/px4_msgs/include/px4_msgs/px4_msgs/msg/detail/system_power__type_support.hpp
[9.221s] -- Up-to-date: /home/maizaied03/ros2_ws/install/px4_msgs/include/px4_msgs/px4_msgs/msg/detail/arming_check_request__traits.hpp
[9.221s] -- Up-to-date: /home/maizaied03/ros2_ws/install/px4_msgs/include/px4_msgs/px4_msgs/msg/detail/vehicle_imu__builder.hpp
[9.221s] -- Up-to-date: /home/maizaied03/ros2_ws/install/px4_msgs/include/px4_msgs/px4_msgs/msg/detail/control_allocator_status__builder.hpp
[9.221s] -- Up-to-date: /home/maizaied03/ros2_ws/install/px4_msgs/include/px4_msgs/px4_msgs/msg/detail/vehicle_command_ack__traits.hpp
[9.221s] -- Up-to-date: /home/maizaied03/ros2_ws/install/px4_msgs/include/px4_msgs/px4_msgs/msg/detail/qshell_retval__traits.hpp
[9.221s] -- Up-to-date: /home/maizaied03/ros2_ws/install/px4_msgs/include/px4_msgs/px4_msgs/msg/detail/cpuload__traits.hpp
[9.221s] -- Up-to-date: /home/maizaied03/ros2_ws/install/px4_msgs/include/px4_msgs/px4_msgs/msg/detail/estimator_aid_source3d__traits.hpp
[9.221s] -- Up-to-date: /home/maizaied03/ros2_ws/install/px4_msgs/include/px4_msgs/px4_msgs/msg/detail/estimator_bias__struct.hpp
[9.221s] -- Up-to-date: /home/maizaied03/ros2_ws/install/px4_msgs/include/px4_msgs/px4_msgs/msg/detail/debug_vect__struct.hpp
[9.221s] -- Up-to-date: /home/maizaied03/ros2_ws/install/px4_msgs/include/px4_msgs/px4_msgs/msg/detail/autotune_attitude_control_status__struct.hpp
[9.222s] -- Up-to-date: /home/maizaied03/ros2_ws/install/px4_msgs/include/px4_msgs/px4_msgs/msg/detail/esc_status__type_support.hpp
[9.222s] -- Up-to-date: /home/maizaied03/ros2_ws/install/px4_msgs/include/px4_msgs/px4_msgs/msg/detail/vehicle_global_position__type_support.hpp
[9.222s] -- Up-to-date: /home/maizaied03/ros2_ws/install/px4_msgs/include/px4_msgs/px4_msgs/msg/detail/estimator_bias3d__struct.hpp
[9.222s] -- Up-to-date: /home/maizaied03/ros2_ws/install/px4_msgs/include/px4_msgs/px4_msgs/msg/detail/qshell_req__type_support.hpp
[9.222s] -- Up-to-date: /home/maizaied03/ros2_ws/install/px4_msgs/include/px4_msgs/px4_msgs/msg/detail/orb_test_medium__builder.hpp
[9.222s] -- Up-to-date: /home/maizaied03/ros2_ws/install/px4_msgs/include/px4_msgs/px4_msgs/msg/detail/vehicle_land_detected__type_support.hpp
[9.222s] -- Up-to-date: /home/maizaied03/ros2_ws/install/px4_msgs/include/px4_msgs/px4_msgs/msg/detail/gimbal_manager_information__type_support.hpp
[9.222s] -- Up-to-date: /home/maizaied03/ros2_ws/install/px4_msgs/include/px4_msgs/px4_msgs/msg/detail/orb_test__struct.hpp
[9.222s] -- Up-to-date: /home/maizaied03/ros2_ws/install/px4_msgs/include/px4_msgs/px4_msgs/msg/detail/hover_thrust_estimate__type_support.hpp
[9.222s] -- Up-to-date: /home/maizaied03/ros2_ws/install/px4_msgs/include/px4_msgs/px4_msgs/msg/detail/vehicle_attitude_setpoint__type_support.hpp
[9.222s] -- Up-to-date: /home/maizaied03/ros2_ws/install/px4_msgs/include/px4_msgs/px4_msgs/msg/detail/collision_constraints__struct.hpp
[9.222s] -- Up-to-date: /home/maizaied03/ros2_ws/install/px4_msgs/include/px4_msgs/px4_msgs/msg/detail/autotune_attitude_control_status__builder.hpp
[9.222s] -- Up-to-date: /home/maizaied03/ros2_ws/install/px4_msgs/include/px4_msgs/px4_msgs/msg/detail/vtol_vehicle_status__traits.hpp
[9.222s] -- Up-to-date: /home/maizaied03/ros2_ws/install/px4_msgs/include/px4_msgs/px4_msgs/msg/detail/hover_thrust_estimate__struct.hpp
[9.222s] -- Up-to-date: /home/maizaied03/ros2_ws/install/px4_msgs/include/px4_msgs/px4_msgs/msg/detail/actuator_motors__traits.hpp
[9.222s] -- Up-to-date: /home/maizaied03/ros2_ws/install/px4_msgs/include/px4_msgs/px4_msgs/msg/detail/vehicle_angular_velocity__type_support.hpp
[9.222s] -- Up-to-date: /home/maizaied03/ros2_ws/install/px4_msgs/include/px4_msgs/px4_msgs/msg/detail/uavcan_parameter_request__builder.hpp
[9.223s] -- Up-to-date: /home/maizaied03/ros2_ws/install/px4_msgs/include/px4_msgs/px4_msgs/msg/detail/register_ext_component_request__type_support.hpp
[9.223s] -- Up-to-date: /home/maizaied03/ros2_ws/install/px4_msgs/include/px4_msgs/px4_msgs/msg/detail/device_information__traits.hpp
[9.223s] -- Up-to-date: /home/maizaied03/ros2_ws/install/px4_msgs/include/px4_msgs/px4_msgs/msg/detail/vehicle_air_data__builder.hpp
[9.223s] -- Up-to-date: /home/maizaied03/ros2_ws/install/px4_msgs/include/px4_msgs/px4_msgs/msg/detail/position_controller_landing_status__builder.hpp
[9.223s] -- Up-to-date: /home/maizaied03/ros2_ws/install/px4_msgs/include/px4_msgs/px4_msgs/msg/detail/heater_status__struct.hpp
[9.223s] -- Up-to-date: /home/maizaied03/ros2_ws/install/px4_msgs/include/px4_msgs/px4_msgs/msg/detail/health_report__struct.hpp
[9.223s] -- Up-to-date: /home/maizaied03/ros2_ws/install/px4_msgs/include/px4_msgs/px4_msgs/msg/detail/position_controller_landing_status__traits.hpp
[9.223s] -- Up-to-date: /home/maizaied03/ros2_ws/install/px4_msgs/include/px4_msgs/px4_msgs/msg/detail/open_drone_id_system__builder.hpp
[9.223s] -- Up-to-date: /home/maizaied03/ros2_ws/install/px4_msgs/include/px4_msgs/px4_msgs/msg/detail/message_format_request__traits.hpp
[9.223s] -- Up-to-date: /home/maizaied03/ros2_ws/install/px4_msgs/include/px4_msgs/px4_msgs/msg/detail/sensor_accel__type_support.hpp
[9.223s] -- Up-to-date: /home/maizaied03/ros2_ws/install/px4_msgs/include/px4_msgs/px4_msgs/msg/detail/gain_compression__struct.hpp
[9.223s] -- Up-to-date: /home/maizaied03/ros2_ws/install/px4_msgs/include/px4_msgs/px4_msgs/msg/detail/orb_test_large__builder.hpp
[9.223s] -- Up-to-date: /home/maizaied03/ros2_ws/install/px4_msgs/include/px4_msgs/px4_msgs/msg/detail/gps_dump__type_support.hpp
[9.223s] -- Up-to-date: /home/maizaied03/ros2_ws/install/px4_msgs/include/px4_msgs/px4_msgs/msg/detail/esc_report__builder.hpp
[9.223s] -- Up-to-date: /home/maizaied03/ros2_ws/install/px4_msgs/include/px4_msgs/px4_msgs/msg/detail/trajectory_setpoint__type_support.hpp
[9.223s] -- Up-to-date: /home/maizaied03/ros2_ws/install/px4_msgs/include/px4_msgs/px4_msgs/msg/detail/geofence_status__builder.hpp
[9.223s] -- Up-to-date: /home/maizaied03/ros2_ws/install/px4_msgs/include/px4_msgs/px4_msgs/msg/detail/vehicle_odometry__struct.hpp
[9.223s] -- Up-to-date: /home/maizaied03/ros2_ws/install/px4_msgs/include/px4_msgs/px4_msgs/msg/detail/distance_sensor_mode_change_request__builder.hpp
[9.223s] -- Up-to-date: /home/maizaied03/ros2_ws/install/px4_msgs/include/px4_msgs/px4_msgs/msg/detail/mission_result__type_support.hpp
[9.223s] -- Up-to-date: /home/maizaied03/ros2_ws/install/px4_msgs/include/px4_msgs/px4_msgs/msg/detail/generator_status__traits.hpp
[9.223s] -- Up-to-date: /home/maizaied03/ros2_ws/install/px4_msgs/include/px4_msgs/px4_msgs/msg/detail/fixed_wing_runway_control__type_support.hpp
[9.224s] -- Up-to-date: /home/maizaied03/ros2_ws/install/px4_msgs/include/px4_msgs/px4_msgs/msg/detail/actuator_armed__struct.hpp
[9.224s] -- Up-to-date: /home/maizaied03/ros2_ws/install/px4_msgs/include/px4_msgs/px4_msgs/msg/detail/pwm_input__struct.hpp
[9.224s] -- Up-to-date: /home/maizaied03/ros2_ws/install/px4_msgs/include/px4_msgs/px4_msgs/msg/detail/sensor_baro__type_support.hpp
[9.224s] -- Up-to-date: /home/maizaied03/ros2_ws/install/px4_msgs/include/px4_msgs/px4_msgs/msg/detail/dataman_response__type_support.hpp
[9.224s] -- Up-to-date: /home/maizaied03/ros2_ws/install/px4_msgs/include/px4_msgs/px4_msgs/msg/detail/rover_speed_setpoint__traits.hpp
[9.224s] -- Up-to-date: /home/maizaied03/ros2_ws/install/px4_msgs/include/px4_msgs/px4_msgs/msg/detail/estimator_aid_source2d__struct.hpp
[9.224s] -- Up-to-date: /home/maizaied03/ros2_ws/install/px4_msgs/include/px4_msgs/px4_msgs/msg/detail/cellular_status__struct.hpp
[9.224s] -- Up-to-date: /home/maizaied03/ros2_ws/install/px4_msgs/include/px4_msgs/px4_msgs/msg/detail/tecs_status__struct.hpp
[9.224s] -- Up-to-date: /home/maizaied03/ros2_ws/install/px4_msgs/include/px4_msgs/px4_msgs/msg/detail/camera_trigger__type_support.hpp
[9.224s] -- Up-to-date: /home/maizaied03/ros2_ws/install/px4_msgs/include/px4_msgs/px4_msgs/msg/detail/sensor_gyro__builder.hpp
[9.224s] -- Up-to-date: /home/maizaied03/ros2_ws/install/px4_msgs/include/px4_msgs/px4_msgs/msg/detail/goto_setpoint__builder.hpp
[9.224s] -- Up-to-date: /home/maizaied03/ros2_ws/install/px4_msgs/include/px4_msgs/px4_msgs/msg/detail/mount_orientation__struct.hpp
[9.224s] -- Up-to-date: /home/maizaied03/ros2_ws/install/px4_msgs/include/px4_msgs/px4_msgs/msg/detail/dataman_response__builder.hpp
[9.225s] -- Up-to-date: /home/maizaied03/ros2_ws/install/px4_msgs/include/px4_msgs/px4_msgs/msg/detail/message_format_response__struct.hpp
[9.225s] -- Up-to-date: /home/maizaied03/ros2_ws/install/px4_msgs/include/px4_msgs/px4_msgs/msg/detail/cellular_status__traits.hpp
[9.225s] -- Up-to-date: /home/maizaied03/ros2_ws/install/px4_msgs/include/px4_msgs/px4_msgs/msg/detail/vehicle_acceleration__traits.hpp
[9.225s] -- Up-to-date: /home/maizaied03/ros2_ws/install/px4_msgs/include/px4_msgs/px4_msgs/msg/detail/gimbal_manager_set_manual_control__type_support.hpp
[9.225s] -- Up-to-date: /home/maizaied03/ros2_ws/install/px4_msgs/include/px4_msgs/px4_msgs/msg/detail/parameter_set_value_request__traits.hpp
[9.225s] -- Up-to-date: /home/maizaied03/ros2_ws/install/px4_msgs/include/px4_msgs/px4_msgs/msg/detail/mavlink_tunnel__traits.hpp
[9.225s] -- Up-to-date: /home/maizaied03/ros2_ws/install/px4_msgs/include/px4_msgs/px4_msgs/msg/detail/home_position__type_support.hpp
[9.225s] -- Up-to-date: /home/maizaied03/ros2_ws/install/px4_msgs/include/px4_msgs/px4_msgs/msg/detail/power_button_state__struct.hpp
[9.225s] -- Up-to-date: /home/maizaied03/ros2_ws/install/px4_msgs/include/px4_msgs/px4_msgs/msg/detail/message_format_response__traits.hpp
[9.225s] -- Up-to-date: /home/maizaied03/ros2_ws/install/px4_msgs/include/px4_msgs/px4_msgs/msg/detail/button_event__type_support.hpp
[9.225s] -- Up-to-date: /home/maizaied03/ros2_ws/install/px4_msgs/include/px4_msgs/px4_msgs/msg/detail/gpio_out__struct.hpp
[9.225s] -- Up-to-date: /home/maizaied03/ros2_ws/install/px4_msgs/include/px4_msgs/px4_msgs/msg/detail/actuator_outputs__type_support.hpp
[9.226s] -- Up-to-date: /home/maizaied03/ros2_ws/install/px4_msgs/include/px4_msgs/px4_msgs/msg/detail/rate_ctrl_status__struct.hpp
[9.226s] -- Up-to-date: /home/maizaied03/ros2_ws/install/px4_msgs/include/px4_msgs/px4_msgs/msg/detail/rate_ctrl_status__type_support.hpp
[9.226s] -- Up-to-date: /home/maizaied03/ros2_ws/install/px4_msgs/include/px4_msgs/px4_msgs/msg/detail/vehicle_air_data__type_support.hpp
[9.226s] -- Up-to-date: /home/maizaied03/ros2_ws/install/px4_msgs/include/px4_msgs/px4_msgs/msg/detail/vehicle_magnetometer__struct.hpp
[9.226s] -- Up-to-date: /home/maizaied03/ros2_ws/install/px4_msgs/include/px4_msgs/px4_msgs/msg/detail/ekf2_timestamps__struct.hpp
[9.226s] -- Up-to-date: /home/maizaied03/ros2_ws/install/px4_msgs/include/px4_msgs/px4_msgs/msg/detail/parameter_set_value_response__traits.hpp
[9.226s] -- Up-to-date: /home/maizaied03/ros2_ws/install/px4_msgs/include/px4_msgs/px4_msgs/msg/detail/geofence_result__type_support.hpp
[9.226s] -- Up-to-date: /home/maizaied03/ros2_ws/install/px4_msgs/include/px4_msgs/px4_msgs/msg/detail/vehicle_status__builder.hpp
[9.226s] -- Up-to-date: /home/maizaied03/ros2_ws/install/px4_msgs/include/px4_msgs/px4_msgs/msg/detail/landing_gear_wheel__builder.hpp
[9.226s] -- Up-to-date: /home/maizaied03/ros2_ws/install/px4_msgs/include/px4_msgs/px4_msgs/msg/detail/wind__builder.hpp
[9.226s] -- Up-to-date: /home/maizaied03/ros2_ws/install/px4_msgs/include/px4_msgs/px4_msgs/msg/detail/landing_gear__builder.hpp
[9.226s] -- Up-to-date: /home/maizaied03/ros2_ws/install/px4_msgs/include/px4_msgs/px4_msgs/msg/detail/estimator_sensor_bias__traits.hpp
[9.226s] -- Up-to-date: /home/maizaied03/ros2_ws/install/px4_msgs/include/px4_msgs/px4_msgs/msg/detail/timesync_status__struct.hpp
[9.226s] -- Up-to-date: /home/maizaied03/ros2_ws/install/px4_msgs/include/px4_msgs/px4_msgs/msg/detail/sensor_mag__struct.hpp
[9.226s] -- Up-to-date: /home/maizaied03/ros2_ws/install/px4_msgs/include/px4_msgs/px4_msgs/msg/detail/estimator_selector_status__builder.hpp
[9.226s] -- Up-to-date: /home/maizaied03/ros2_ws/install/px4_msgs/include/px4_msgs/px4_msgs/msg/detail/gimbal_device_attitude_status__traits.hpp
[9.226s] -- Up-to-date: /home/maizaied03/ros2_ws/install/px4_msgs/include/px4_msgs/px4_msgs/msg/detail/figure_eight_status__builder.hpp
[9.226s] -- Up-to-date: /home/maizaied03/ros2_ws/install/px4_msgs/include/px4_msgs/px4_msgs/msg/detail/parameter_update__type_support.hpp
[9.227s] -- Up-to-date: /home/maizaied03/ros2_ws/install/px4_msgs/include/px4_msgs/px4_msgs/msg/detail/internal_combustion_engine_control__type_support.hpp
[9.227s] -- Up-to-date: /home/maizaied03/ros2_ws/install/px4_msgs/include/px4_msgs/px4_msgs/msg/detail/lateral_control_configuration__type_support.hpp
[9.227s] -- Up-to-date: /home/maizaied03/ros2_ws/install/px4_msgs/include/px4_msgs/px4_msgs/msg/detail/sensor_baro__builder.hpp
[9.227s] -- Up-to-date: /home/maizaied03/ros2_ws/install/px4_msgs/include/px4_msgs/px4_msgs/msg/detail/logger_status__struct.hpp
[9.227s] -- Up-to-date: /home/maizaied03/ros2_ws/install/px4_msgs/include/px4_msgs/px4_msgs/msg/detail/adc_report__type_support.hpp
[9.227s] -- Up-to-date: /home/maizaied03/ros2_ws/install/px4_msgs/include/px4_msgs/px4_msgs/msg/detail/estimator_status__builder.hpp
[9.227s] -- Up-to-date: /home/maizaied03/ros2_ws/install/px4_msgs/include/px4_msgs/px4_msgs/msg/detail/rc_channels__type_support.hpp
[9.227s] -- Up-to-date: /home/maizaied03/ros2_ws/install/px4_msgs/include/px4_msgs/px4_msgs/msg/detail/led_control__type_support.hpp
[9.227s] -- Up-to-date: /home/maizaied03/ros2_ws/install/px4_msgs/include/px4_msgs/px4_msgs/msg/detail/open_drone_id_system__type_support.hpp
[9.227s] -- Up-to-date: /home/maizaied03/ros2_ws/install/px4_msgs/include/px4_msgs/px4_msgs/msg/detail/magnetometer_bias_estimate__struct.hpp
[9.227s] -- Up-to-date: /home/maizaied03/ros2_ws/install/px4_msgs/include/px4_msgs/px4_msgs/msg/detail/vehicle_optical_flow_vel__builder.hpp
[9.227s] -- Up-to-date: /home/maizaied03/ros2_ws/install/px4_msgs/include/px4_msgs/px4_msgs/msg/detail/magnetometer_bias_estimate__type_support.hpp
[9.227s] -- Up-to-date: /home/maizaied03/ros2_ws/install/px4_msgs/include/px4_msgs/px4_msgs/msg/detail/sensors_status__type_support.hpp
[9.227s] -- Up-to-date: /home/maizaied03/ros2_ws/install/px4_msgs/include/px4_msgs/px4_msgs/msg/detail/sensor_combined__type_support.hpp
[9.227s] -- Up-to-date: /home/maizaied03/ros2_ws/install/px4_msgs/include/px4_msgs/px4_msgs/msg/detail/wind__traits.hpp
[9.227s] -- Up-to-date: /home/maizaied03/ros2_ws/install/px4_msgs/include/px4_msgs/px4_msgs/msg/detail/camera_trigger__struct.hpp
[9.227s] -- Up-to-date: /home/maizaied03/ros2_ws/install/px4_msgs/include/px4_msgs/px4_msgs/msg/detail/power_button_state__traits.hpp
[9.227s] -- Up-to-date: /home/maizaied03/ros2_ws/install/px4_msgs/include/px4_msgs/px4_msgs/msg/detail/event__builder.hpp
[9.228s] -- Up-to-date: /home/maizaied03/ros2_ws/install/px4_msgs/include/px4_msgs/px4_msgs/msg/detail/internal_combustion_engine_status__type_support.hpp
[9.228s] -- Up-to-date: /home/maizaied03/ros2_ws/install/px4_msgs/include/px4_msgs/px4_msgs/msg/detail/sensor_gyro_fft__builder.hpp
[9.228s] -- Up-to-date: /home/maizaied03/ros2_ws/install/px4_msgs/include/px4_msgs/px4_msgs/msg/detail/pure_pursuit_status__traits.hpp
[9.228s] -- Up-to-date: /home/maizaied03/ros2_ws/install/px4_msgs/include/px4_msgs/px4_msgs/msg/detail/mag_worker_data__struct.hpp
[9.228s] -- Up-to-date: /home/maizaied03/ros2_ws/install/px4_msgs/include/px4_msgs/px4_msgs/msg/detail/vehicle_optical_flow_vel__traits.hpp
[9.228s] -- Up-to-date: /home/maizaied03/ros2_ws/install/px4_msgs/include/px4_msgs/px4_msgs/msg/detail/landing_target_innovations__builder.hpp
[9.228s] -- Up-to-date: /home/maizaied03/ros2_ws/install/px4_msgs/include/px4_msgs/px4_msgs/msg/detail/gimbal_device_attitude_status__struct.hpp
[9.228s] -- Up-to-date: /home/maizaied03/ros2_ws/install/px4_msgs/include/px4_msgs/px4_msgs/msg/detail/vehicle_attitude__builder.hpp
[9.228s] -- Up-to-date: /home/maizaied03/ros2_ws/install/px4_msgs/include/px4_msgs/px4_msgs/msg/detail/rc_parameter_map__type_support.hpp
[9.228s] -- Up-to-date: /home/maizaied03/ros2_ws/install/px4_msgs/include/px4_msgs/px4_msgs/msg/detail/parameter_reset_request__type_support.hpp
[9.228s] -- Up-to-date: /home/maizaied03/ros2_ws/install/px4_msgs/include/px4_msgs/px4_msgs/msg/detail/trajectory_setpoint6dof__traits.hpp
[9.228s] -- Up-to-date: /home/maizaied03/ros2_ws/install/px4_msgs/include/px4_msgs/px4_msgs/msg/detail/camera_trigger__builder.hpp
[9.228s] -- Up-to-date: /home/maizaied03/ros2_ws/install/px4_msgs/include/px4_msgs/px4_msgs/msg/detail/differential_pressure__traits.hpp
[9.228s] -- Up-to-date: /home/maizaied03/ros2_ws/install/px4_msgs/include/px4_msgs/px4_msgs/msg/detail/rover_attitude_setpoint__traits.hpp
[9.228s] -- Up-to-date: /home/maizaied03/ros2_ws/install/px4_msgs/include/px4_msgs/px4_msgs/msg/detail/takeoff_status__builder.hpp
[9.228s] -- Up-to-date: /home/maizaied03/ros2_ws/install/px4_msgs/include/px4_msgs/px4_msgs/msg/detail/vtx__type_support.hpp
[9.229s] -- Up-to-date: /home/maizaied03/ros2_ws/install/px4_msgs/include/px4_msgs/px4_msgs/msg/detail/estimator_aid_source1d__builder.hpp
[9.229s] -- Up-to-date: /home/maizaied03/ros2_ws/install/px4_msgs/include/px4_msgs/px4_msgs/msg/detail/mavlink_log__struct.hpp
[9.229s] -- Up-to-date: /home/maizaied03/ros2_ws/install/px4_msgs/include/px4_msgs/px4_msgs/msg/detail/sensor_accel__traits.hpp
[9.229s] -- Up-to-date: /home/maizaied03/ros2_ws/install/px4_msgs/include/px4_msgs/px4_msgs/msg/detail/debug_key_value__type_support.hpp
[9.229s] -- Up-to-date: /home/maizaied03/ros2_ws/install/px4_msgs/include/px4_msgs/px4_msgs/msg/detail/generator_status__struct.hpp
[9.229s] -- Up-to-date: /home/maizaied03/ros2_ws/install/px4_msgs/include/px4_msgs/px4_msgs/msg/detail/sensor_gnss_relative__struct.hpp
[9.229s] -- Up-to-date: /home/maizaied03/ros2_ws/install/px4_msgs/include/px4_msgs/px4_msgs/msg/detail/navigator_status__struct.hpp
[9.229s] -- Up-to-date: /home/maizaied03/ros2_ws/install/px4_msgs/include/px4_msgs/px4_msgs/msg/detail/onboard_computer_status__builder.hpp
[9.229s] -- Up-to-date: /home/maizaied03/ros2_ws/install/px4_msgs/include/px4_msgs/px4_msgs/msg/detail/manual_control_setpoint__builder.hpp
[9.229s] -- Up-to-date: /home/maizaied03/ros2_ws/install/px4_msgs/include/px4_msgs/px4_msgs/msg/detail/navigator_mission_item__builder.hpp
[9.229s] -- Up-to-date: /home/maizaied03/ros2_ws/install/px4_msgs/include/px4_msgs/px4_msgs/msg/detail/gimbal_controls__type_support.hpp
[9.229s] -- Up-to-date: /home/maizaied03/ros2_ws/install/px4_msgs/include/px4_msgs/px4_msgs/msg/detail/battery_status__traits.hpp
[9.229s] -- Up-to-date: /home/maizaied03/ros2_ws/install/px4_msgs/include/px4_msgs/px4_msgs/msg/detail/gimbal_manager_set_manual_control__traits.hpp
[9.229s] -- Up-to-date: /home/maizaied03/ros2_ws/install/px4_msgs/include/px4_msgs/px4_msgs/msg/detail/gpio_in__type_support.hpp
[9.229s] -- Up-to-date: /home/maizaied03/ros2_ws/install/px4_msgs/include/px4_msgs/px4_msgs/msg/detail/trajectory_setpoint__traits.hpp
[9.229s] -- Up-to-date: /home/maizaied03/ros2_ws/install/px4_msgs/include/px4_msgs/px4_msgs/msg/detail/fixed_wing_lateral_status__traits.hpp
[9.230s] -- Up-to-date: /home/maizaied03/ros2_ws/install/px4_msgs/include/px4_msgs/px4_msgs/msg/detail/tecs_status__builder.hpp
[9.230s] -- Up-to-date: /home/maizaied03/ros2_ws/install/px4_msgs/include/px4_msgs/px4_msgs/msg/detail/cpuload__struct.hpp
[9.230s] -- Up-to-date: /home/maizaied03/ros2_ws/install/px4_msgs/include/px4_msgs/px4_msgs/msg/detail/arming_check_reply__struct.hpp
[9.230s] -- Up-to-date: /home/maizaied03/ros2_ws/install/px4_msgs/include/px4_msgs/px4_msgs/msg/detail/parameter_set_used_request__traits.hpp
[9.230s] -- Up-to-date: /home/maizaied03/ros2_ws/install/px4_msgs/include/px4_msgs/px4_msgs/msg/detail/sensor_gnss_status__builder.hpp
[9.230s] -- Up-to-date: /home/maizaied03/ros2_ws/install/px4_msgs/include/px4_msgs/px4_msgs/msg/detail/camera_capture__traits.hpp
[9.230s] -- Up-to-date: /home/maizaied03/ros2_ws/install/px4_msgs/include/px4_msgs/px4_msgs/msg/detail/dataman_response__traits.hpp
[9.230s] -- Up-to-date: /home/maizaied03/ros2_ws/install/px4_msgs/include/px4_msgs/px4_msgs/msg/detail/landing_target_innovations__traits.hpp
[9.230s] -- Up-to-date: /home/maizaied03/ros2_ws/install/px4_msgs/include/px4_msgs/px4_msgs/msg/detail/log_message__builder.hpp
[9.230s] -- Up-to-date: /home/maizaied03/ros2_ws/install/px4_msgs/include/px4_msgs/px4_msgs/msg/detail/mode_completed__struct.hpp
[9.230s] -- Up-to-date: /home/maizaied03/ros2_ws/install/px4_msgs/include/px4_msgs/px4_msgs/msg/detail/wind__type_support.hpp
[9.230s] -- Up-to-date: /home/maizaied03/ros2_ws/install/px4_msgs/include/px4_msgs/px4_msgs/msg/detail/airspeed_validated__struct.hpp
[9.230s] -- Up-to-date: /home/maizaied03/ros2_ws/install/px4_msgs/include/px4_msgs/px4_msgs/msg/detail/vehicle_thrust_setpoint__type_support.hpp
[9.230s] -- Up-to-date: /home/maizaied03/ros2_ws/install/px4_msgs/include/px4_msgs/px4_msgs/msg/detail/sensors_status__struct.hpp
[9.230s] -- Up-to-date: /home/maizaied03/ros2_ws/install/px4_msgs/include/px4_msgs/px4_msgs/msg/detail/internal_combustion_engine_status__traits.hpp
[9.230s] -- Up-to-date: /home/maizaied03/ros2_ws/install/px4_msgs/include/px4_msgs/px4_msgs/msg/detail/fuel_tank_status__builder.hpp
[9.231s] -- Up-to-date: /home/maizaied03/ros2_ws/install/px4_msgs/include/px4_msgs/px4_msgs/msg/detail/health_report__builder.hpp
[9.231s] -- Up-to-date: /home/maizaied03/ros2_ws/install/px4_msgs/include/px4_msgs/px4_msgs/msg/detail/gimbal_manager_set_manual_control__struct.hpp
[9.231s] -- Up-to-date: /home/maizaied03/ros2_ws/install/px4_msgs/include/px4_msgs/px4_msgs/msg/detail/telemetry_status__traits.hpp
[9.231s] -- Up-to-date: /home/maizaied03/ros2_ws/install/px4_msgs/include/px4_msgs/px4_msgs/msg/detail/gimbal_manager_set_attitude__struct.hpp
[9.231s] -- Up-to-date: /home/maizaied03/ros2_ws/install/px4_msgs/include/px4_msgs/px4_msgs/msg/detail/vehicle_status__traits.hpp
[9.231s] -- Up-to-date: /home/maizaied03/ros2_ws/install/px4_msgs/include/px4_msgs/px4_msgs/msg/irlock_report.hpp
[9.231s] -- Up-to-date: /home/maizaied03/ros2_ws/install/px4_msgs/include/px4_msgs/px4_msgs/msg/vtx.hpp
[9.231s] -- Up-to-date: /home/maizaied03/ros2_ws/install/px4_msgs/include/px4_msgs/px4_msgs/msg/vehicle_optical_flow.hpp
[9.231s] -- Up-to-date: /home/maizaied03/ros2_ws/install/px4_msgs/include/px4_msgs/px4_msgs/msg/system_power.hpp
[9.231s] -- Up-to-date: /home/maizaied03/ros2_ws/install/px4_msgs/include/px4_msgs/px4_msgs/msg/button_event.hpp
[9.231s] -- Up-to-date: /home/maizaied03/ros2_ws/install/px4_msgs/include/px4_msgs/px4_msgs/msg/vehicle_status.hpp
[9.231s] -- Up-to-date: /home/maizaied03/ros2_ws/install/px4_msgs/include/px4_msgs/px4_msgs/msg/vehicle_imu.hpp
[9.231s] -- Up-to-date: /home/maizaied03/ros2_ws/install/px4_msgs/include/px4_msgs/px4_msgs/msg/vehicle_roi.hpp
[9.231s] -- Up-to-date: /home/maizaied03/ros2_ws/install/px4_msgs/include/px4_msgs/px4_msgs/msg/esc_status.hpp
[9.231s] -- Up-to-date: /home/maizaied03/ros2_ws/install/px4_msgs/include/px4_msgs/px4_msgs/msg/gimbal_device_attitude_status.hpp
[9.231s] -- Up-to-date: /home/maizaied03/ros2_ws/install/px4_msgs/include/px4_msgs/px4_msgs/msg/airspeed_validated.hpp
[9.231s] -- Up-to-date: /home/maizaied03/ros2_ws/install/px4_msgs/include/px4_msgs/px4_msgs/msg/pps_capture.hpp
[9.232s] -- Up-to-date: /home/maizaied03/ros2_ws/install/px4_msgs/include/px4_msgs/px4_msgs/msg/led_control.hpp
[9.232s] -- Up-to-date: /home/maizaied03/ros2_ws/install/px4_msgs/include/px4_msgs/px4_msgs/msg/battery_status.hpp
[9.232s] -- Up-to-date: /home/maizaied03/ros2_ws/install/px4_msgs/include/px4_msgs/px4_msgs/msg/vehicle_torque_setpoint.hpp
[9.232s] -- Up-to-date: /home/maizaied03/ros2_ws/install/px4_msgs/include/px4_msgs/px4_msgs/msg/vehicle_land_detected.hpp
[9.232s] -- Up-to-date: /home/maizaied03/ros2_ws/install/px4_msgs/include/px4_msgs/px4_msgs/msg/vehicle_angular_velocity.hpp
[9.232s] -- Up-to-date: /home/maizaied03/ros2_ws/install/px4_msgs/include/px4_msgs/px4_msgs/msg/raptor_input.hpp
[9.232s] -- Up-to-date: /home/maizaied03/ros2_ws/install/px4_msgs/include/px4_msgs/px4_msgs/msg/gripper.hpp
[9.232s] -- Up-to-date: /home/maizaied03/ros2_ws/install/px4_msgs/include/px4_msgs/px4_msgs/msg/vehicle_local_position_setpoint.hpp
[9.232s] -- Up-to-date: /home/maizaied03/ros2_ws/install/px4_msgs/include/px4_msgs/px4_msgs/msg/telemetry_status.hpp
[9.232s] -- Up-to-date: /home/maizaied03/ros2_ws/install/px4_msgs/include/px4_msgs/px4_msgs/msg/vehicle_rates_setpoint.hpp
[9.232s] -- Up-to-date: /home/maizaied03/ros2_ws/install/px4_msgs/include/px4_msgs/px4_msgs/msg/landing_gear.hpp
[9.232s] -- Up-to-date: /home/maizaied03/ros2_ws/install/px4_msgs/include/px4_msgs/px4_msgs/msg/vtol_vehicle_status.hpp
[9.233s] -- Up-to-date: /home/maizaied03/ros2_ws/install/px4_msgs/include/px4_msgs/px4_msgs/msg/mag_worker_data.hpp
[9.233s] -- Up-to-date: /home/maizaied03/ros2_ws/install/px4_msgs/include/px4_msgs/px4_msgs/msg/manual_control_setpoint.hpp
[9.233s] -- Up-to-date: /home/maizaied03/ros2_ws/install/px4_msgs/include/px4_msgs/px4_msgs/msg/rpm.hpp
[9.233s] -- Up-to-date: /home/maizaied03/ros2_ws/install/px4_msgs/include/px4_msgs/px4_msgs/msg/mission_result.hpp
[9.233s] -- Up-to-date: /home/maizaied03/ros2_ws/install/px4_msgs/include/px4_msgs/px4_msgs/msg/rtl_status.hpp
[9.233s] -- Up-to-date: /home/maizaied03/ros2_ws/install/px4_msgs/include/px4_msgs/px4_msgs/msg/pwm_input.hpp
[9.233s] -- Up-to-date: /home/maizaied03/ros2_ws/install/px4_msgs/include/px4_msgs/px4_msgs/msg/gps_inject_data.hpp
[9.233s] -- Up-to-date: /home/maizaied03/ros2_ws/install/px4_msgs/include/px4_msgs/px4_msgs/msg/debug_vect.hpp
[9.233s] -- Up-to-date: /home/maizaied03/ros2_ws/install/px4_msgs/include/px4_msgs/px4_msgs/msg/register_ext_component_request.hpp
[9.233s] -- Up-to-date: /home/maizaied03/ros2_ws/install/px4_msgs/include/px4_msgs/px4_msgs/msg/debug_key_value.hpp
[9.233s] -- Up-to-date: /home/maizaied03/ros2_ws/install/px4_msgs/include/px4_msgs/px4_msgs/msg/sensor_gyro_fft.hpp
[9.233s] -- Up-to-date: /home/maizaied03/ros2_ws/install/px4_msgs/include/px4_msgs/px4_msgs/msg/rover_speed_setpoint.hpp
[9.233s] -- Up-to-date: /home/maizaied03/ros2_ws/install/px4_msgs/include/px4_msgs/px4_msgs/msg/qshell_req.hpp
[9.233s] -- Up-to-date: /home/maizaied03/ros2_ws/install/px4_msgs/include/px4_msgs/px4_msgs/msg/mode_completed.hpp
[9.233s] -- Up-to-date: /home/maizaied03/ros2_ws/install/px4_msgs/include/px4_msgs/px4_msgs/msg/fixed_wing_lateral_guidance_status.hpp
[9.234s] -- Up-to-date: /home/maizaied03/ros2_ws/install/px4_msgs/include/px4_msgs/px4_msgs/msg/actuator_servos.hpp
[9.234s] -- Up-to-date: /home/maizaied03/ros2_ws/install/px4_msgs/include/px4_msgs/px4_msgs/msg/failsafe_flags.hpp
[9.234s] -- Up-to-date: /home/maizaied03/ros2_ws/install/px4_msgs/include/px4_msgs/px4_msgs/msg/power_button_state.hpp
[9.234s] -- Up-to-date: /home/maizaied03/ros2_ws/install/px4_msgs/include/px4_msgs/px4_msgs/msg/landing_target_innovations.hpp
[9.234s] -- Up-to-date: /home/maizaied03/ros2_ws/install/px4_msgs/include/px4_msgs/px4_msgs/msg/estimator_bias.hpp
[9.234s] -- Up-to-date: /home/maizaied03/ros2_ws/install/px4_msgs/include/px4_msgs/px4_msgs/msg/mission.hpp
[9.234s] -- Up-to-date: /home/maizaied03/ros2_ws/install/px4_msgs/include/px4_msgs/px4_msgs/msg/vehicle_command_ack.hpp
[9.234s] -- Up-to-date: /home/maizaied03/ros2_ws/install/px4_msgs/include/px4_msgs/px4_msgs/msg/follow_target.hpp
[9.234s] -- Up-to-date: /home/maizaied03/ros2_ws/install/px4_msgs/include/px4_msgs/px4_msgs/msg/open_drone_id_arm_status.hpp
[9.234s] -- Up-to-date: /home/maizaied03/ros2_ws/install/px4_msgs/include/px4_msgs/px4_msgs/msg/geofence_result.hpp
[9.234s] -- Up-to-date: /home/maizaied03/ros2_ws/install/px4_msgs/include/px4_msgs/px4_msgs/msg/fixed_wing_lateral_setpoint.hpp
[9.234s] -- Up-to-date: /home/maizaied03/ros2_ws/install/px4_msgs/include/px4_msgs/px4_msgs/msg/rc_parameter_map.hpp
[9.234s] -- Up-to-date: /home/maizaied03/ros2_ws/install/px4_msgs/include/px4_msgs/px4_msgs/msg/ping.hpp
[9.234s] -- Up-to-date: /home/maizaied03/ros2_ws/install/px4_msgs/include/px4_msgs/px4_msgs/msg/device_information.hpp
[9.234s] -- Up-to-date: /home/maizaied03/ros2_ws/install/px4_msgs/include/px4_msgs/px4_msgs/msg/sensor_hygrometer.hpp
[9.234s] -- Up-to-date: /home/maizaied03/ros2_ws/install/px4_msgs/include/px4_msgs/px4_msgs/msg/trajectory_setpoint6dof.hpp
[9.234s] -- Up-to-date: /home/maizaied03/ros2_ws/install/px4_msgs/include/px4_msgs/px4_msgs/msg/yaw_estimator_status.hpp
[9.234s] -- Up-to-date: /home/maizaied03/ros2_ws/install/px4_msgs/include/px4_msgs/px4_msgs/msg/control_allocator_status.hpp
[9.234s] -- Up-to-date: /home/maizaied03/ros2_ws/install/px4_msgs/include/px4_msgs/px4_msgs/msg/power_monitor.hpp
[9.235s] -- Up-to-date: /home/maizaied03/ros2_ws/install/px4_msgs/include/px4_msgs/px4_msgs/msg/estimator_bias3d.hpp
[9.235s] -- Up-to-date: /home/maizaied03/ros2_ws/install/px4_msgs/include/px4_msgs/px4_msgs/msg/sensors_status.hpp
[9.235s] -- Up-to-date: /home/maizaied03/ros2_ws/install/px4_msgs/include/px4_msgs/px4_msgs/msg/magnetometer_bias_estimate.hpp
[9.235s] -- Up-to-date: /home/maizaied03/ros2_ws/install/px4_msgs/include/px4_msgs/px4_msgs/msg/offboard_control_mode.hpp
[9.235s] -- Up-to-date: /home/maizaied03/ros2_ws/install/px4_msgs/include/px4_msgs/px4_msgs/msg/orb_test_medium.hpp
[9.235s] -- Up-to-date: /home/maizaied03/ros2_ws/install/px4_msgs/include/px4_msgs/px4_msgs/msg/sensor_gnss_status.hpp
[9.235s] -- Up-to-date: /home/maizaied03/ros2_ws/install/px4_msgs/include/px4_msgs/px4_msgs/msg/vehicle_acceleration.hpp
[9.235s] -- Up-to-date: /home/maizaied03/ros2_ws/install/px4_msgs/include/px4_msgs/px4_msgs/msg/actuator_controls_status.hpp
[9.235s] -- Up-to-date: /home/maizaied03/ros2_ws/install/px4_msgs/include/px4_msgs/px4_msgs/msg/gain_compression.hpp
[9.235s] -- Up-to-date: /home/maizaied03/ros2_ws/install/px4_msgs/include/px4_msgs/px4_msgs/srv
[9.235s] -- Up-to-date: /home/maizaied03/ros2_ws/install/px4_msgs/include/px4_msgs/px4_msgs/srv/vehicle_command.hpp
[9.235s] -- Up-to-date: /home/maizaied03/ros2_ws/install/px4_msgs/include/px4_msgs/px4_msgs/srv/detail
[9.235s] -- Up-to-date: /home/maizaied03/ros2_ws/install/px4_msgs/include/px4_msgs/px4_msgs/srv/detail/vehicle_command__type_support.hpp
[9.235s] -- Up-to-date: /home/maizaied03/ros2_ws/install/px4_msgs/include/px4_msgs/px4_msgs/srv/detail/vehicle_command__traits.hpp
[9.235s] -- Up-to-date: /home/maizaied03/ros2_ws/install/px4_msgs/include/px4_msgs/px4_msgs/srv/detail/vehicle_command__struct.hpp
[9.235s] -- Up-to-date: /home/maizaied03/ros2_ws/install/px4_msgs/include/px4_msgs/px4_msgs/srv/detail/vehicle_command__builder.hpp
[9.235s] -- Up-to-date: /home/maizaied03/ros2_ws/install/px4_msgs/include/px4_msgs/px4_msgs
[9.236s] -- Up-to-date: /home/maizaied03/ros2_ws/install/px4_msgs/include/px4_msgs/px4_msgs/msg
[9.236s] -- Up-to-date: /home/maizaied03/ros2_ws/install/px4_msgs/include/px4_msgs/px4_msgs/msg/rosidl_typesupport_fastrtps_cpp__visibility_control.h
[9.236s] -- Up-to-date: /home/maizaied03/ros2_ws/install/px4_msgs/include/px4_msgs/px4_msgs/msg/detail
[9.236s] -- Up-to-date: /home/maizaied03/ros2_ws/install/px4_msgs/include/px4_msgs/px4_msgs/msg/detail/landing_gear__rosidl_typesupport_fastrtps_cpp.hpp
[9.236s] -- Up-to-date: /home/maizaied03/ros2_ws/install/px4_msgs/include/px4_msgs/px4_msgs/msg/detail/landing_target_pose__rosidl_typesupport_fastrtps_cpp.hpp
[9.236s] -- Up-to-date: /home/maizaied03/ros2_ws/install/px4_msgs/include/px4_msgs/px4_msgs/msg/detail/follow_target__rosidl_typesupport_fastrtps_cpp.hpp
[9.236s] -- Up-to-date: /home/maizaied03/ros2_ws/install/px4_msgs/include/px4_msgs/px4_msgs/msg/detail/goto_setpoint__rosidl_typesupport_fastrtps_cpp.hpp
[9.236s] -- Up-to-date: /home/maizaied03/ros2_ws/install/px4_msgs/include/px4_msgs/px4_msgs/msg/detail/figure_eight_status__rosidl_typesupport_fastrtps_cpp.hpp
[9.236s] -- Up-to-date: /home/maizaied03/ros2_ws/install/px4_msgs/include/px4_msgs/px4_msgs/msg/detail/cellular_status__rosidl_typesupport_fastrtps_cpp.hpp
[9.236s] -- Up-to-date: /home/maizaied03/ros2_ws/install/px4_msgs/include/px4_msgs/px4_msgs/msg/detail/mavlink_tunnel__rosidl_typesupport_fastrtps_cpp.hpp
[9.236s] -- Up-to-date: /home/maizaied03/ros2_ws/install/px4_msgs/include/px4_msgs/px4_msgs/msg/detail/gimbal_manager_information__rosidl_typesupport_fastrtps_cpp.hpp
[9.236s] -- Up-to-date: /home/maizaied03/ros2_ws/install/px4_msgs/include/px4_msgs/px4_msgs/msg/detail/task_stack_info__rosidl_typesupport_fastrtps_cpp.hpp
[9.236s] -- Up-to-date: /home/maizaied03/ros2_ws/install/px4_msgs/include/px4_msgs/px4_msgs/msg/detail/parameter_reset_request__rosidl_typesupport_fastrtps_cpp.hpp
[9.236s] -- Up-to-date: /home/maizaied03/ros2_ws/install/px4_msgs/include/px4_msgs/px4_msgs/msg/detail/magnetometer_bias_estimate__rosidl_typesupport_fastrtps_cpp.hpp
[9.236s] -- Up-to-date: /home/maizaied03/ros2_ws/install/px4_msgs/include/px4_msgs/px4_msgs/msg/detail/uavcan_parameter_request__rosidl_typesupport_fastrtps_cpp.hpp
[9.236s] -- Up-to-date: /home/maizaied03/ros2_ws/install/px4_msgs/include/px4_msgs/px4_msgs/msg/detail/onboard_computer_status__rosidl_typesupport_fastrtps_cpp.hpp
[9.236s] -- Up-to-date: /home/maizaied03/ros2_ws/install/px4_msgs/include/px4_msgs/px4_msgs/msg/detail/landing_gear_wheel__rosidl_typesupport_fastrtps_cpp.hpp
[9.237s] -- Up-to-date: /home/maizaied03/ros2_ws/install/px4_msgs/include/px4_msgs/px4_msgs/msg/detail/qshell_retval__rosidl_typesupport_fastrtps_cpp.hpp
[9.237s] -- Up-to-date: /home/maizaied03/ros2_ws/install/px4_msgs/include/px4_msgs/px4_msgs/msg/detail/control_allocator_status__rosidl_typesupport_fastrtps_cpp.hpp
[9.237s] -- Up-to-date: /home/maizaied03/ros2_ws/install/px4_msgs/include/px4_msgs/px4_msgs/msg/detail/qshell_req__rosidl_typesupport_fastrtps_cpp.hpp
[9.237s] -- Up-to-date: /home/maizaied03/ros2_ws/install/px4_msgs/include/px4_msgs/px4_msgs/msg/detail/lateral_control_configuration__rosidl_typesupport_fastrtps_cpp.hpp
[9.237s] -- Up-to-date: /home/maizaied03/ros2_ws/install/px4_msgs/include/px4_msgs/px4_msgs/msg/detail/raptor_status__rosidl_typesupport_fastrtps_cpp.hpp
[9.237s] -- Up-to-date: /home/maizaied03/ros2_ws/install/px4_msgs/include/px4_msgs/px4_msgs/msg/detail/vehicle_magnetometer__rosidl_typesupport_fastrtps_cpp.hpp
[9.237s] -- Up-to-date: /home/maizaied03/ros2_ws/install/px4_msgs/include/px4_msgs/px4_msgs/msg/detail/sensor_gnss_relative__rosidl_typesupport_fastrtps_cpp.hpp
[9.237s] -- Up-to-date: /home/maizaied03/ros2_ws/install/px4_msgs/include/px4_msgs/px4_msgs/msg/detail/airspeed_wind__rosidl_typesupport_fastrtps_cpp.hpp
[9.237s] -- Up-to-date: /home/maizaied03/ros2_ws/install/px4_msgs/include/px4_msgs/px4_msgs/msg/detail/normalized_unsigned_setpoint__rosidl_typesupport_fastrtps_cpp.hpp
[9.237s] -- Up-to-date: /home/maizaied03/ros2_ws/install/px4_msgs/include/px4_msgs/px4_msgs/msg/detail/mag_worker_data__rosidl_typesupport_fastrtps_cpp.hpp
[9.237s] -- Up-to-date: /home/maizaied03/ros2_ws/install/px4_msgs/include/px4_msgs/px4_msgs/msg/detail/rover_speed_setpoint__rosidl_typesupport_fastrtps_cpp.hpp
[9.237s] -- Up-to-date: /home/maizaied03/ros2_ws/install/px4_msgs/include/px4_msgs/px4_msgs/msg/detail/debug_vect__rosidl_typesupport_fastrtps_cpp.hpp
[9.237s] -- Up-to-date: /home/maizaied03/ros2_ws/install/px4_msgs/include/px4_msgs/px4_msgs/msg/detail/rc_parameter_map__rosidl_typesupport_fastrtps_cpp.hpp
[9.237s] -- Up-to-date: /home/maizaied03/ros2_ws/install/px4_msgs/include/px4_msgs/px4_msgs/msg/detail/vehicle_imu_status__rosidl_typesupport_fastrtps_cpp.hpp
[9.237s] -- Up-to-date: /home/maizaied03/ros2_ws/install/px4_msgs/include/px4_msgs/px4_msgs/msg/detail/home_position__rosidl_typesupport_fastrtps_cpp.hpp
[9.237s] -- Up-to-date: /home/maizaied03/ros2_ws/install/px4_msgs/include/px4_msgs/px4_msgs/msg/detail/rover_rate_setpoint__rosidl_typesupport_fastrtps_cpp.hpp
[9.237s] -- Up-to-date: /home/maizaied03/ros2_ws/install/px4_msgs/include/px4_msgs/px4_msgs/msg/detail/parameter_update__rosidl_typesupport_fastrtps_cpp.hpp
[9.238s] -- Up-to-date: /home/maizaied03/ros2_ws/install/px4_msgs/include/px4_msgs/px4_msgs/msg/detail/trajectory_setpoint__rosidl_typesupport_fastrtps_cpp.hpp
[9.238s] -- Up-to-date: /home/maizaied03/ros2_ws/install/px4_msgs/include/px4_msgs/px4_msgs/msg/detail/open_drone_id_system__rosidl_typesupport_fastrtps_cpp.hpp
[9.238s] -- Up-to-date: /home/maizaied03/ros2_ws/install/px4_msgs/include/px4_msgs/px4_msgs/msg/detail/sensor_gyro__rosidl_typesupport_fastrtps_cpp.hpp
[9.238s] -- Up-to-date: /home/maizaied03/ros2_ws/install/px4_msgs/include/px4_msgs/px4_msgs/msg/detail/landing_target_innovations__rosidl_typesupport_fastrtps_cpp.hpp
[9.238s] -- Up-to-date: /home/maizaied03/ros2_ws/install/px4_msgs/include/px4_msgs/px4_msgs/msg/detail/navigator_status__rosidl_typesupport_fastrtps_cpp.hpp
[9.238s] -- Up-to-date: /home/maizaied03/ros2_ws/install/px4_msgs/include/px4_msgs/px4_msgs/msg/detail/orbit_status__rosidl_typesupport_fastrtps_cpp.hpp
[9.238s] -- Up-to-date: /home/maizaied03/ros2_ws/install/px4_msgs/include/px4_msgs/px4_msgs/msg/detail/wind__rosidl_typesupport_fastrtps_cpp.hpp
[9.238s] -- Up-to-date: /home/maizaied03/ros2_ws/install/px4_msgs/include/px4_msgs/px4_msgs/msg/detail/estimator_bias3d__rosidl_typesupport_fastrtps_cpp.hpp
[9.238s] -- Up-to-date: /home/maizaied03/ros2_ws/install/px4_msgs/include/px4_msgs/px4_msgs/msg/detail/input_rc__rosidl_typesupport_fastrtps_cpp.hpp
[9.238s] -- Up-to-date: /home/maizaied03/ros2_ws/install/px4_msgs/include/px4_msgs/px4_msgs/msg/detail/iridiumsbd_status__rosidl_typesupport_fastrtps_cpp.hpp
[9.238s] -- Up-to-date: /home/maizaied03/ros2_ws/install/px4_msgs/include/px4_msgs/px4_msgs/msg/detail/gimbal_controls__rosidl_typesupport_fastrtps_cpp.hpp
[9.238s] -- Up-to-date: /home/maizaied03/ros2_ws/install/px4_msgs/include/px4_msgs/px4_msgs/msg/detail/open_drone_id_arm_status__rosidl_typesupport_fastrtps_cpp.hpp
[9.238s] -- Up-to-date: /home/maizaied03/ros2_ws/install/px4_msgs/include/px4_msgs/px4_msgs/msg/detail/can_interface_status__rosidl_typesupport_fastrtps_cpp.hpp
[9.238s] -- Up-to-date: /home/maizaied03/ros2_ws/install/px4_msgs/include/px4_msgs/px4_msgs/msg/detail/rover_attitude_setpoint__rosidl_typesupport_fastrtps_cpp.hpp
[9.238s] -- Up-to-date: /home/maizaied03/ros2_ws/install/px4_msgs/include/px4_msgs/px4_msgs/msg/detail/rc_channels__rosidl_typesupport_fastrtps_cpp.hpp
[9.238s] -- Up-to-date: /home/maizaied03/ros2_ws/install/px4_msgs/include/px4_msgs/px4_msgs/msg/detail/sensor_gnss_status__rosidl_typesupport_fastrtps_cpp.hpp
[9.239s] -- Up-to-date: /home/maizaied03/ros2_ws/install/px4_msgs/include/px4_msgs/px4_msgs/msg/detail/actuator_controls_status__rosidl_typesupport_fastrtps_cpp.hpp
[9.239s] -- Up-to-date: /home/maizaied03/ros2_ws/install/px4_msgs/include/px4_msgs/px4_msgs/msg/detail/internal_combustion_engine_status__rosidl_typesupport_fastrtps_cpp.hpp
[9.239s] -- Up-to-date: /home/maizaied03/ros2_ws/install/px4_msgs/include/px4_msgs/px4_msgs/msg/detail/tecs_status__rosidl_typesupport_fastrtps_cpp.hpp
[9.239s] -- Up-to-date: /home/maizaied03/ros2_ws/install/px4_msgs/include/px4_msgs/px4_msgs/msg/detail/telemetry_status__rosidl_typesupport_fastrtps_cpp.hpp
[9.239s] -- Up-to-date: /home/maizaied03/ros2_ws/install/px4_msgs/include/px4_msgs/px4_msgs/msg/detail/vehicle_imu__rosidl_typesupport_fastrtps_cpp.hpp
[9.239s] -- Up-to-date: /home/maizaied03/ros2_ws/install/px4_msgs/include/px4_msgs/px4_msgs/msg/detail/system_power__rosidl_typesupport_fastrtps_cpp.hpp
[9.239s] -- Up-to-date: /home/maizaied03/ros2_ws/install/px4_msgs/include/px4_msgs/px4_msgs/msg/detail/power_button_state__rosidl_typesupport_fastrtps_cpp.hpp
[9.239s] -- Up-to-date: /home/maizaied03/ros2_ws/install/px4_msgs/include/px4_msgs/px4_msgs/msg/detail/autotune_attitude_control_status__rosidl_typesupport_fastrtps_cpp.hpp
[9.239s] -- Up-to-date: /home/maizaied03/ros2_ws/install/px4_msgs/include/px4_msgs/px4_msgs/msg/detail/raptor_input__rosidl_typesupport_fastrtps_cpp.hpp
[9.239s] -- Up-to-date: /home/maizaied03/ros2_ws/install/px4_msgs/include/px4_msgs/px4_msgs/msg/detail/distance_sensor__rosidl_typesupport_fastrtps_cpp.hpp
[9.239s] -- Up-to-date: /home/maizaied03/ros2_ws/install/px4_msgs/include/px4_msgs/px4_msgs/msg/detail/hover_thrust_estimate__rosidl_typesupport_fastrtps_cpp.hpp
[9.239s] -- Up-to-date: /home/maizaied03/ros2_ws/install/px4_msgs/include/px4_msgs/px4_msgs/msg/detail/rover_attitude_status__rosidl_typesupport_fastrtps_cpp.hpp
[9.240s] -- Up-to-date: /home/maizaied03/ros2_ws/install/px4_msgs/include/px4_msgs/px4_msgs/msg/detail/actuator_servos__rosidl_typesupport_fastrtps_cpp.hpp
[9.240s] -- Up-to-date: /home/maizaied03/ros2_ws/install/px4_msgs/include/px4_msgs/px4_msgs/msg/detail/navigator_mission_item__rosidl_typesupport_fastrtps_cpp.hpp
[9.240s] -- Up-to-date: /home/maizaied03/ros2_ws/install/px4_msgs/include/px4_msgs/px4_msgs/msg/detail/estimator_sensor_bias__rosidl_typesupport_fastrtps_cpp.hpp
[9.240s] -- Up-to-date: /home/maizaied03/ros2_ws/install/px4_msgs/include/px4_msgs/px4_msgs/msg/detail/open_drone_id_operator_id__rosidl_typesupport_fastrtps_cpp.hpp
[9.240s] -- Up-to-date: /home/maizaied03/ros2_ws/install/px4_msgs/include/px4_msgs/px4_msgs/msg/detail/sensor_correction__rosidl_typesupport_fastrtps_cpp.hpp
[9.240s] -- Up-to-date: /home/maizaied03/ros2_ws/install/px4_msgs/include/px4_msgs/px4_msgs/msg/detail/rpm__rosidl_typesupport_fastrtps_cpp.hpp
[9.240s] -- Up-to-date: /home/maizaied03/ros2_ws/install/px4_msgs/include/px4_msgs/px4_msgs/msg/detail/rover_throttle_setpoint__rosidl_typesupport_fastrtps_cpp.hpp
[9.240s] -- Up-to-date: /home/maizaied03/ros2_ws/install/px4_msgs/include/px4_msgs/px4_msgs/msg/detail/transponder_report__rosidl_typesupport_fastrtps_cpp.hpp
[9.240s] -- Up-to-date: /home/maizaied03/ros2_ws/install/px4_msgs/include/px4_msgs/px4_msgs/msg/detail/actuator_test__rosidl_typesupport_fastrtps_cpp.hpp
[9.240s] -- Up-to-date: /home/maizaied03/ros2_ws/install/px4_msgs/include/px4_msgs/px4_msgs/msg/detail/dataman_request__rosidl_typesupport_fastrtps_cpp.hpp
[9.240s] -- Up-to-date: /home/maizaied03/ros2_ws/install/px4_msgs/include/px4_msgs/px4_msgs/msg/detail/fixed_wing_longitudinal_setpoint__rosidl_typesupport_fastrtps_cpp.hpp
[9.240s] -- Up-to-date: /home/maizaied03/ros2_ws/install/px4_msgs/include/px4_msgs/px4_msgs/msg/detail/battery_info__rosidl_typesupport_fastrtps_cpp.hpp
[9.240s] -- Up-to-date: /home/maizaied03/ros2_ws/install/px4_msgs/include/px4_msgs/px4_msgs/msg/detail/differential_pressure__rosidl_typesupport_fastrtps_cpp.hpp
[9.240s] -- Up-to-date: /home/maizaied03/ros2_ws/install/px4_msgs/include/px4_msgs/px4_msgs/msg/detail/gain_compression__rosidl_typesupport_fastrtps_cpp.hpp
[9.240s] -- Up-to-date: /home/maizaied03/ros2_ws/install/px4_msgs/include/px4_msgs/px4_msgs/msg/detail/longitudinal_control_configuration__rosidl_typesupport_fastrtps_cpp.hpp
[9.240s] -- Up-to-date: /home/maizaied03/ros2_ws/install/px4_msgs/include/px4_msgs/px4_msgs/msg/detail/gpio_request__rosidl_typesupport_fastrtps_cpp.hpp
[9.240s] -- Up-to-date: /home/maizaied03/ros2_ws/install/px4_msgs/include/px4_msgs/px4_msgs/msg/detail/vehicle_global_position__rosidl_typesupport_fastrtps_cpp.hpp
[9.241s] -- Up-to-date: /home/maizaied03/ros2_ws/install/px4_msgs/include/px4_msgs/px4_msgs/msg/detail/launch_detection_status__rosidl_typesupport_fastrtps_cpp.hpp
[9.241s] -- Up-to-date: /home/maizaied03/ros2_ws/install/px4_msgs/include/px4_msgs/px4_msgs/msg/detail/sensor_accel__rosidl_typesupport_fastrtps_cpp.hpp
[9.241s] -- Up-to-date: /home/maizaied03/ros2_ws/install/px4_msgs/include/px4_msgs/px4_msgs/msg/detail/estimator_aid_source2d__rosidl_typesupport_fastrtps_cpp.hpp
[9.241s] -- Up-to-date: /home/maizaied03/ros2_ws/install/px4_msgs/include/px4_msgs/px4_msgs/msg/detail/gripper__rosidl_typesupport_fastrtps_cpp.hpp
[9.241s] -- Up-to-date: /home/maizaied03/ros2_ws/install/px4_msgs/include/px4_msgs/px4_msgs/msg/detail/config_overrides__rosidl_typesupport_fastrtps_cpp.hpp
[9.241s] -- Up-to-date: /home/maizaied03/ros2_ws/install/px4_msgs/include/px4_msgs/px4_msgs/msg/detail/actuator_motors__rosidl_typesupport_fastrtps_cpp.hpp
[9.241s] -- Up-to-date: /home/maizaied03/ros2_ws/install/px4_msgs/include/px4_msgs/px4_msgs/msg/detail/orb_test_medium__rosidl_typesupport_fastrtps_cpp.hpp
[9.241s] -- Up-to-date: /home/maizaied03/ros2_ws/install/px4_msgs/include/px4_msgs/px4_msgs/msg/detail/event__rosidl_typesupport_fastrtps_cpp.hpp
[9.241s] -- Up-to-date: /home/maizaied03/ros2_ws/install/px4_msgs/include/px4_msgs/px4_msgs/msg/detail/rover_speed_status__rosidl_typesupport_fastrtps_cpp.hpp
[9.241s] -- Up-to-date: /home/maizaied03/ros2_ws/install/px4_msgs/include/px4_msgs/px4_msgs/msg/detail/camera_status__rosidl_typesupport_fastrtps_cpp.hpp
[9.241s] -- Up-to-date: /home/maizaied03/ros2_ws/install/px4_msgs/include/px4_msgs/px4_msgs/msg/detail/vehicle_local_position_setpoint__rosidl_typesupport_fastrtps_cpp.hpp
[9.241s] -- Up-to-date: /home/maizaied03/ros2_ws/install/px4_msgs/include/px4_msgs/px4_msgs/msg/detail/estimator_selector_status__rosidl_typesupport_fastrtps_cpp.hpp
[9.241s] -- Up-to-date: /home/maizaied03/ros2_ws/install/px4_msgs/include/px4_msgs/px4_msgs/msg/detail/timesync_status__rosidl_typesupport_fastrtps_cpp.hpp
[9.241s] -- Up-to-date: /home/maizaied03/ros2_ws/install/px4_msgs/include/px4_msgs/px4_msgs/msg/detail/actuator_armed__rosidl_typesupport_fastrtps_cpp.hpp
[9.241s] -- Up-to-date: /home/maizaied03/ros2_ws/install/px4_msgs/include/px4_msgs/px4_msgs/msg/detail/internal_combustion_engine_control__rosidl_typesupport_fastrtps_cpp.hpp
[9.241s] -- Up-to-date: /home/maizaied03/ros2_ws/install/px4_msgs/include/px4_msgs/px4_msgs/msg/detail/battery_status__rosidl_typesupport_fastrtps_cpp.hpp
[9.242s] -- Up-to-date: /home/maizaied03/ros2_ws/install/px4_msgs/include/px4_msgs/px4_msgs/msg/detail/geofence_status__rosidl_typesupport_fastrtps_cpp.hpp
[9.242s] -- Up-to-date: /home/maizaied03/ros2_ws/install/px4_msgs/include/px4_msgs/px4_msgs/msg/detail/cpuload__rosidl_typesupport_fastrtps_cpp.hpp
[9.242s] -- Up-to-date: /home/maizaied03/ros2_ws/install/px4_msgs/include/px4_msgs/px4_msgs/msg/detail/sensor_gyro_fifo__rosidl_typesupport_fastrtps_cpp.hpp
[9.242s] -- Up-to-date: /home/maizaied03/ros2_ws/install/px4_msgs/include/px4_msgs/px4_msgs/msg/detail/ulog_stream_ack__rosidl_typesupport_fastrtps_cpp.hpp
[9.242s] -- Up-to-date: /home/maizaied03/ros2_ws/install/px4_msgs/include/px4_msgs/px4_msgs/msg/detail/dds_fastrtps
[9.242s] -- Up-to-date: /home/maizaied03/ros2_ws/install/px4_msgs/include/px4_msgs/px4_msgs/msg/detail/vehicle_air_data__rosidl_typesupport_fastrtps_cpp.hpp
[9.242s] -- Up-to-date: /home/maizaied03/ros2_ws/install/px4_msgs/include/px4_msgs/px4_msgs/msg/detail/vehicle_odometry__rosidl_typesupport_fastrtps_cpp.hpp
[9.242s] -- Up-to-date: /home/maizaied03/ros2_ws/install/px4_msgs/include/px4_msgs/px4_msgs/msg/detail/fuel_tank_status__rosidl_typesupport_fastrtps_cpp.hpp
[9.242s] -- Up-to-date: /home/maizaied03/ros2_ws/install/px4_msgs/include/px4_msgs/px4_msgs/msg/detail/led_control__rosidl_typesupport_fastrtps_cpp.hpp
[9.242s] -- Up-to-date: /home/maizaied03/ros2_ws/install/px4_msgs/include/px4_msgs/px4_msgs/msg/detail/follow_target_status__rosidl_typesupport_fastrtps_cpp.hpp
[9.242s] -- Up-to-date: /home/maizaied03/ros2_ws/install/px4_msgs/include/px4_msgs/px4_msgs/msg/detail/register_ext_component_reply__rosidl_typesupport_fastrtps_cpp.hpp
[9.242s] -- Up-to-date: /home/maizaied03/ros2_ws/install/px4_msgs/include/px4_msgs/px4_msgs/msg/detail/obstacle_distance__rosidl_typesupport_fastrtps_cpp.hpp
[9.242s] -- Up-to-date: /home/maizaied03/ros2_ws/install/px4_msgs/include/px4_msgs/px4_msgs/msg/detail/vehicle_attitude_setpoint__rosidl_typesupport_fastrtps_cpp.hpp
[9.242s] -- Up-to-date: /home/maizaied03/ros2_ws/install/px4_msgs/include/px4_msgs/px4_msgs/msg/detail/position_setpoint__rosidl_typesupport_fastrtps_cpp.hpp
[9.242s] -- Up-to-date: /home/maizaied03/ros2_ws/install/px4_msgs/include/px4_msgs/px4_msgs/msg/detail/vtol_vehicle_status__rosidl_typesupport_fastrtps_cpp.hpp
[9.242s] -- Up-to-date: /home/maizaied03/ros2_ws/install/px4_msgs/include/px4_msgs/px4_msgs/msg/detail/px4io_status__rosidl_typesupport_fastrtps_cpp.hpp
[9.243s] -- Up-to-date: /home/maizaied03/ros2_ws/install/px4_msgs/include/px4_msgs/px4_msgs/msg/detail/gimbal_manager_set_manual_control__rosidl_typesupport_fastrtps_cpp.hpp
[9.243s] -- Up-to-date: /home/maizaied03/ros2_ws/install/px4_msgs/include/px4_msgs/px4_msgs/msg/detail/debug_value__rosidl_typesupport_fastrtps_cpp.hpp
[9.243s] -- Up-to-date: /home/maizaied03/ros2_ws/install/px4_msgs/include/px4_msgs/px4_msgs/msg/detail/rover_steering_setpoint__rosidl_typesupport_fastrtps_cpp.hpp
[9.243s] -- Up-to-date: /home/maizaied03/ros2_ws/install/px4_msgs/include/px4_msgs/px4_msgs/msg/detail/ping__rosidl_typesupport_fastrtps_cpp.hpp
[9.243s] -- Up-to-date: /home/maizaied03/ros2_ws/install/px4_msgs/include/px4_msgs/px4_msgs/msg/detail/sensor_accel_fifo__rosidl_typesupport_fastrtps_cpp.hpp
[9.243s] -- Up-to-date: /home/maizaied03/ros2_ws/install/px4_msgs/include/px4_msgs/px4_msgs/msg/detail/rover_position_setpoint__rosidl_typesupport_fastrtps_cpp.hpp
[9.243s] -- Up-to-date: /home/maizaied03/ros2_ws/install/px4_msgs/include/px4_msgs/px4_msgs/msg/detail/vehicle_angular_velocity__rosidl_typesupport_fastrtps_cpp.hpp
[9.243s] -- Up-to-date: /home/maizaied03/ros2_ws/install/px4_msgs/include/px4_msgs/px4_msgs/msg/detail/vtx__rosidl_typesupport_fastrtps_cpp.hpp
[9.243s] -- Up-to-date: /home/maizaied03/ros2_ws/install/px4_msgs/include/px4_msgs/px4_msgs/msg/detail/velocity_limits__rosidl_typesupport_fastrtps_cpp.hpp
[9.243s] -- Up-to-date: /home/maizaied03/ros2_ws/install/px4_msgs/include/px4_msgs/px4_msgs/msg/detail/camera_trigger__rosidl_typesupport_fastrtps_cpp.hpp
[9.243s] -- Up-to-date: /home/maizaied03/ros2_ws/install/px4_msgs/include/px4_msgs/px4_msgs/msg/detail/sensor_gps__rosidl_typesupport_fastrtps_cpp.hpp
[9.243s] -- Up-to-date: /home/maizaied03/ros2_ws/install/px4_msgs/include/px4_msgs/px4_msgs/msg/detail/ulog_stream__rosidl_typesupport_fastrtps_cpp.hpp
[9.243s] -- Up-to-date: /home/maizaied03/ros2_ws/install/px4_msgs/include/px4_msgs/px4_msgs/msg/detail/vehicle_rates_setpoint__rosidl_typesupport_fastrtps_cpp.hpp
[9.243s] -- Up-to-date: /home/maizaied03/ros2_ws/install/px4_msgs/include/px4_msgs/px4_msgs/msg/detail/estimator_gps_status__rosidl_typesupport_fastrtps_cpp.hpp
[9.243s] -- Up-to-date: /home/maizaied03/ros2_ws/install/px4_msgs/include/px4_msgs/px4_msgs/msg/detail/mavlink_log__rosidl_typesupport_fastrtps_cpp.hpp
[9.243s] -- Up-to-date: /home/maizaied03/ros2_ws/install/px4_msgs/include/px4_msgs/px4_msgs/msg/detail/estimator_aid_source3d__rosidl_typesupport_fastrtps_cpp.hpp
[9.244s] -- Up-to-date: /home/maizaied03/ros2_ws/install/px4_msgs/include/px4_msgs/px4_msgs/msg/detail/sensor_uwb__rosidl_typesupport_fastrtps_cpp.hpp
[9.244s] -- Up-to-date: /home/maizaied03/ros2_ws/install/px4_msgs/include/px4_msgs/px4_msgs/msg/detail/vehicle_acceleration__rosidl_typesupport_fastrtps_cpp.hpp
[9.244s] -- Up-to-date: /home/maizaied03/ros2_ws/install/px4_msgs/include/px4_msgs/px4_msgs/msg/detail/generator_status__rosidl_typesupport_fastrtps_cpp.hpp
[9.244s] -- Up-to-date: /home/maizaied03/ros2_ws/install/px4_msgs/include/px4_msgs/px4_msgs/msg/detail/manual_control_switches__rosidl_typesupport_fastrtps_cpp.hpp
[9.244s] -- Up-to-date: /home/maizaied03/ros2_ws/install/px4_msgs/include/px4_msgs/px4_msgs/msg/detail/vehicle_attitude__rosidl_typesupport_fastrtps_cpp.hpp
[9.244s] -- Up-to-date: /home/maizaied03/ros2_ws/install/px4_msgs/include/px4_msgs/px4_msgs/msg/detail/vehicle_command_ack__rosidl_typesupport_fastrtps_cpp.hpp
[9.244s] -- Up-to-date: /home/maizaied03/ros2_ws/install/px4_msgs/include/px4_msgs/px4_msgs/msg/detail/gimbal_device_information__rosidl_typesupport_fastrtps_cpp.hpp
[9.244s] -- Up-to-date: /home/maizaied03/ros2_ws/install/px4_msgs/include/px4_msgs/px4_msgs/msg/detail/satellite_info__rosidl_typesupport_fastrtps_cpp.hpp
[9.244s] -- Up-to-date: /home/maizaied03/ros2_ws/install/px4_msgs/include/px4_msgs/px4_msgs/msg/detail/manual_control_setpoint__rosidl_typesupport_fastrtps_cpp.hpp
[9.244s] -- Up-to-date: /home/maizaied03/ros2_ws/install/px4_msgs/include/px4_msgs/px4_msgs/msg/detail/gpio_out__rosidl_typesupport_fastrtps_cpp.hpp
[9.244s] -- Up-to-date: /home/maizaied03/ros2_ws/install/px4_msgs/include/px4_msgs/px4_msgs/msg/detail/yaw_estimator_status__rosidl_typesupport_fastrtps_cpp.hpp
[9.244s] -- Up-to-date: /home/maizaied03/ros2_ws/install/px4_msgs/include/px4_msgs/px4_msgs/msg/detail/radio_status__rosidl_typesupport_fastrtps_cpp.hpp
[9.244s] -- Up-to-date: /home/maizaied03/ros2_ws/install/px4_msgs/include/px4_msgs/px4_msgs/msg/detail/tiltrotor_extra_controls__rosidl_typesupport_fastrtps_cpp.hpp
[9.244s] -- Up-to-date: /home/maizaied03/ros2_ws/install/px4_msgs/include/px4_msgs/px4_msgs/msg/detail/sensor_combined__rosidl_typesupport_fastrtps_cpp.hpp
[9.244s] -- Up-to-date: /home/maizaied03/ros2_ws/install/px4_msgs/include/px4_msgs/px4_msgs/msg/detail/fixed_wing_lateral_status__rosidl_typesupport_fastrtps_cpp.hpp
[9.244s] -- Up-to-date: /home/maizaied03/ros2_ws/install/px4_msgs/include/px4_msgs/px4_msgs/msg/detail/parameter_set_value_response__rosidl_typesupport_fastrtps_cpp.hpp
[9.245s] -- Up-to-date: /home/maizaied03/ros2_ws/install/px4_msgs/include/px4_msgs/px4_msgs/msg/detail/gpio_in__rosidl_typesupport_fastrtps_cpp.hpp
[9.245s] -- Up-to-date: /home/maizaied03/ros2_ws/install/px4_msgs/include/px4_msgs/px4_msgs/msg/detail/esc_report__rosidl_typesupport_fastrtps_cpp.hpp
[9.245s] -- Up-to-date: /home/maizaied03/ros2_ws/install/px4_msgs/include/px4_msgs/px4_msgs/msg/detail/fixed_wing_runway_control__rosidl_typesupport_fastrtps_cpp.hpp
[9.245s] -- Up-to-date: /home/maizaied03/ros2_ws/install/px4_msgs/include/px4_msgs/px4_msgs/msg/detail/estimator_aid_source1d__rosidl_typesupport_fastrtps_cpp.hpp
[9.245s] -- Up-to-date: /home/maizaied03/ros2_ws/install/px4_msgs/include/px4_msgs/px4_msgs/msg/detail/gimbal_manager_set_attitude__rosidl_typesupport_fastrtps_cpp.hpp
[9.245s] -- Up-to-date: /home/maizaied03/ros2_ws/install/px4_msgs/include/px4_msgs/px4_msgs/msg/detail/mode_completed__rosidl_typesupport_fastrtps_cpp.hpp
[9.245s] -- Up-to-date: /home/maizaied03/ros2_ws/install/px4_msgs/include/px4_msgs/px4_msgs/msg/detail/gimbal_manager_status__rosidl_typesupport_fastrtps_cpp.hpp
[9.245s] -- Up-to-date: /home/maizaied03/ros2_ws/install/px4_msgs/include/px4_msgs/px4_msgs/msg/detail/gps_dump__rosidl_typesupport_fastrtps_cpp.hpp
[9.245s] -- Up-to-date: /home/maizaied03/ros2_ws/install/px4_msgs/include/px4_msgs/px4_msgs/msg/detail/camera_capture__rosidl_typesupport_fastrtps_cpp.hpp
[9.245s] -- Up-to-date: /home/maizaied03/ros2_ws/install/px4_msgs/include/px4_msgs/px4_msgs/msg/detail/dronecan_node_status__rosidl_typesupport_fastrtps_cpp.hpp
[9.245s] -- Up-to-date: /home/maizaied03/ros2_ws/install/px4_msgs/include/px4_msgs/px4_msgs/msg/detail/rtl_status__rosidl_typesupport_fastrtps_cpp.hpp
[9.245s] -- Up-to-date: /home/maizaied03/ros2_ws/install/px4_msgs/include/px4_msgs/px4_msgs/msg/detail/mission__rosidl_typesupport_fastrtps_cpp.hpp
[9.245s] -- Up-to-date: /home/maizaied03/ros2_ws/install/px4_msgs/include/px4_msgs/px4_msgs/msg/detail/failsafe_flags__rosidl_typesupport_fastrtps_cpp.hpp
[9.245s] -- Up-to-date: /home/maizaied03/ros2_ws/install/px4_msgs/include/px4_msgs/px4_msgs/msg/detail/parameter_set_value_request__rosidl_typesupport_fastrtps_cpp.hpp
[9.246s] -- Up-to-date: /home/maizaied03/ros2_ws/install/px4_msgs/include/px4_msgs/px4_msgs/msg/detail/actuator_outputs__rosidl_typesupport_fastrtps_cpp.hpp
[9.246s] -- Up-to-date: /home/maizaied03/ros2_ws/install/px4_msgs/include/px4_msgs/px4_msgs/msg/detail/distance_sensor_mode_change_request__rosidl_typesupport_fastrtps_cpp.hpp
[9.246s] -- Up-to-date: /home/maizaied03/ros2_ws/install/px4_msgs/include/px4_msgs/px4_msgs/msg/detail/mount_orientation__rosidl_typesupport_fastrtps_cpp.hpp
[9.246s] -- Up-to-date: /home/maizaied03/ros2_ws/install/px4_msgs/include/px4_msgs/px4_msgs/msg/detail/orb_test__rosidl_typesupport_fastrtps_cpp.hpp
[9.246s] -- Up-to-date: /home/maizaied03/ros2_ws/install/px4_msgs/include/px4_msgs/px4_msgs/msg/detail/parameter_set_used_request__rosidl_typesupport_fastrtps_cpp.hpp
[9.246s] -- Up-to-date: /home/maizaied03/ros2_ws/install/px4_msgs/include/px4_msgs/px4_msgs/msg/detail/mission_result__rosidl_typesupport_fastrtps_cpp.hpp
[9.246s] -- Up-to-date: /home/maizaied03/ros2_ws/install/px4_msgs/include/px4_msgs/px4_msgs/msg/detail/failure_detector_status__rosidl_typesupport_fastrtps_cpp.hpp
[9.246s] -- Up-to-date: /home/maizaied03/ros2_ws/install/px4_msgs/include/px4_msgs/px4_msgs/msg/detail/sensor_preflight_mag__rosidl_typesupport_fastrtps_cpp.hpp
[9.246s] -- Up-to-date: /home/maizaied03/ros2_ws/install/px4_msgs/include/px4_msgs/px4_msgs/msg/detail/pps_capture__rosidl_typesupport_fastrtps_cpp.hpp
[9.246s] -- Up-to-date: /home/maizaied03/ros2_ws/install/px4_msgs/include/px4_msgs/px4_msgs/msg/detail/vehicle_control_mode__rosidl_typesupport_fastrtps_cpp.hpp
[9.246s] -- Up-to-date: /home/maizaied03/ros2_ws/install/px4_msgs/include/px4_msgs/px4_msgs/msg/detail/estimator_event_flags__rosidl_typesupport_fastrtps_cpp.hpp
[9.246s] -- Up-to-date: /home/maizaied03/ros2_ws/install/px4_msgs/include/px4_msgs/px4_msgs/msg/detail/geofence_result__rosidl_typesupport_fastrtps_cpp.hpp
[9.246s] -- Up-to-date: /home/maizaied03/ros2_ws/install/px4_msgs/include/px4_msgs/px4_msgs/msg/detail/vehicle_optical_flow_vel__rosidl_typesupport_fastrtps_cpp.hpp
[9.246s] -- Up-to-date: /home/maizaied03/ros2_ws/install/px4_msgs/include/px4_msgs/px4_msgs/msg/detail/message_format_request__rosidl_typesupport_fastrtps_cpp.hpp
[9.246s] -- Up-to-date: /home/maizaied03/ros2_ws/install/px4_msgs/include/px4_msgs/px4_msgs/msg/detail/sensors_status__rosidl_typesupport_fastrtps_cpp.hpp
[9.246s] -- Up-to-date: /home/maizaied03/ros2_ws/install/px4_msgs/include/px4_msgs/px4_msgs/msg/detail/offboard_control_mode__rosidl_typesupport_fastrtps_cpp.hpp
[9.247s] -- Up-to-date: /home/maizaied03/ros2_ws/install/px4_msgs/include/px4_msgs/px4_msgs/msg/detail/action_request__rosidl_typesupport_fastrtps_cpp.hpp
[9.247s] -- Up-to-date: /home/maizaied03/ros2_ws/install/px4_msgs/include/px4_msgs/px4_msgs/msg/detail/dataman_response__rosidl_typesupport_fastrtps_cpp.hpp
[9.247s] -- Up-to-date: /home/maizaied03/ros2_ws/install/px4_msgs/include/px4_msgs/px4_msgs/msg/detail/log_message__rosidl_typesupport_fastrtps_cpp.hpp
[9.247s] -- Up-to-date: /home/maizaied03/ros2_ws/install/px4_msgs/include/px4_msgs/px4_msgs/msg/detail/vehicle_optical_flow__rosidl_typesupport_fastrtps_cpp.hpp
[9.247s] -- Up-to-date: /home/maizaied03/ros2_ws/install/px4_msgs/include/px4_msgs/px4_msgs/msg/detail/arming_check_reply__rosidl_typesupport_fastrtps_cpp.hpp
[9.247s] -- Up-to-date: /home/maizaied03/ros2_ws/install/px4_msgs/include/px4_msgs/px4_msgs/msg/detail/neural_control__rosidl_typesupport_fastrtps_cpp.hpp
[9.247s] -- Up-to-date: /home/maizaied03/ros2_ws/install/px4_msgs/include/px4_msgs/px4_msgs/msg/detail/airspeed__rosidl_typesupport_fastrtps_cpp.hpp
[9.247s] -- Up-to-date: /home/maizaied03/ros2_ws/install/px4_msgs/include/px4_msgs/px4_msgs/msg/detail/sensor_optical_flow__rosidl_typesupport_fastrtps_cpp.hpp
[9.247s] -- Up-to-date: /home/maizaied03/ros2_ws/install/px4_msgs/include/px4_msgs/px4_msgs/msg/detail/vehicle_thrust_setpoint__rosidl_typesupport_fastrtps_cpp.hpp
[9.247s] -- Up-to-date: /home/maizaied03/ros2_ws/install/px4_msgs/include/px4_msgs/px4_msgs/msg/detail/vehicle_constraints__rosidl_typesupport_fastrtps_cpp.hpp
[9.247s] -- Up-to-date: /home/maizaied03/ros2_ws/install/px4_msgs/include/px4_msgs/px4_msgs/msg/detail/vehicle_roi__rosidl_typesupport_fastrtps_cpp.hpp
[9.247s] -- Up-to-date: /home/maizaied03/ros2_ws/install/px4_msgs/include/px4_msgs/px4_msgs/msg/detail/open_drone_id_self_id__rosidl_typesupport_fastrtps_cpp.hpp
[9.247s] -- Up-to-date: /home/maizaied03/ros2_ws/install/px4_msgs/include/px4_msgs/px4_msgs/msg/detail/sensor_hygrometer__rosidl_typesupport_fastrtps_cpp.hpp
[9.247s] -- Up-to-date: /home/maizaied03/ros2_ws/install/px4_msgs/include/px4_msgs/px4_msgs/msg/detail/vehicle_local_position__rosidl_typesupport_fastrtps_cpp.hpp
[9.247s] -- Up-to-date: /home/maizaied03/ros2_ws/install/px4_msgs/include/px4_msgs/px4_msgs/msg/detail/sensors_status_imu__rosidl_typesupport_fastrtps_cpp.hpp
[9.248s] -- Up-to-date: /home/maizaied03/ros2_ws/install/px4_msgs/include/px4_msgs/px4_msgs/msg/detail/airspeed_validated__rosidl_typesupport_fastrtps_cpp.hpp
[9.248s] -- Up-to-date: /home/maizaied03/ros2_ws/install/px4_msgs/include/px4_msgs/px4_msgs/msg/detail/gimbal_device_set_attitude__rosidl_typesupport_fastrtps_cpp.hpp
[9.248s] -- Up-to-date: /home/maizaied03/ros2_ws/install/px4_msgs/include/px4_msgs/px4_msgs/msg/detail/adc_report__rosidl_typesupport_fastrtps_cpp.hpp
[9.248s] -- Up-to-date: /home/maizaied03/ros2_ws/install/px4_msgs/include/px4_msgs/px4_msgs/msg/detail/follow_target_estimator__rosidl_typesupport_fastrtps_cpp.hpp
[9.248s] -- Up-to-date: /home/maizaied03/ros2_ws/install/px4_msgs/include/px4_msgs/px4_msgs/msg/detail/position_setpoint_triplet__rosidl_typesupport_fastrtps_cpp.hpp
[9.248s] -- Up-to-date: /home/maizaied03/ros2_ws/install/px4_msgs/include/px4_msgs/px4_msgs/msg/detail/gpio_config__rosidl_typesupport_fastrtps_cpp.hpp
[9.248s] -- Up-to-date: /home/maizaied03/ros2_ws/install/px4_msgs/include/px4_msgs/px4_msgs/msg/detail/position_controller_landing_status__rosidl_typesupport_fastrtps_cpp.hpp
[9.248s] -- Up-to-date: /home/maizaied03/ros2_ws/install/px4_msgs/include/px4_msgs/px4_msgs/msg/detail/power_monitor__rosidl_typesupport_fastrtps_cpp.hpp
[9.248s] -- Up-to-date: /home/maizaied03/ros2_ws/install/px4_msgs/include/px4_msgs/px4_msgs/msg/detail/estimator_status_flags__rosidl_typesupport_fastrtps_cpp.hpp
[9.248s] -- Up-to-date: /home/maizaied03/ros2_ws/install/px4_msgs/include/px4_msgs/px4_msgs/msg/detail/estimator_states__rosidl_typesupport_fastrtps_cpp.hpp
[9.248s] -- Up-to-date: /home/maizaied03/ros2_ws/install/px4_msgs/include/px4_msgs/px4_msgs/msg/detail/irlock_report__rosidl_typesupport_fastrtps_cpp.hpp
[9.248s] -- Up-to-date: /home/maizaied03/ros2_ws/install/px4_msgs/include/px4_msgs/px4_msgs/msg/detail/pwm_input__rosidl_typesupport_fastrtps_cpp.hpp
[9.248s] -- Up-to-date: /home/maizaied03/ros2_ws/install/px4_msgs/include/px4_msgs/px4_msgs/msg/detail/estimator_status__rosidl_typesupport_fastrtps_cpp.hpp
[9.248s] -- Up-to-date: /home/maizaied03/ros2_ws/install/px4_msgs/include/px4_msgs/px4_msgs/msg/detail/flight_phase_estimation__rosidl_typesupport_fastrtps_cpp.hpp
[9.249s] -- Up-to-date: /home/maizaied03/ros2_ws/install/px4_msgs/include/px4_msgs/px4_msgs/msg/detail/debug_array__rosidl_typesupport_fastrtps_cpp.hpp
[9.249s] -- Up-to-date: /home/maizaied03/ros2_ws/install/px4_msgs/include/px4_msgs/px4_msgs/msg/detail/rover_rate_status__rosidl_typesupport_fastrtps_cpp.hpp
[9.249s] -- Up-to-date: /home/maizaied03/ros2_ws/install/px4_msgs/include/px4_msgs/px4_msgs/msg/detail/trajectory_setpoint6dof__rosidl_typesupport_fastrtps_cpp.hpp
[9.249s] -- Up-to-date: /home/maizaied03/ros2_ws/install/px4_msgs/include/px4_msgs/px4_msgs/msg/detail/sensor_gyro_fft__rosidl_typesupport_fastrtps_cpp.hpp
[9.249s] -- Up-to-date: /home/maizaied03/ros2_ws/install/px4_msgs/include/px4_msgs/px4_msgs/msg/detail/button_event__rosidl_typesupport_fastrtps_cpp.hpp
[9.249s] -- Up-to-date: /home/maizaied03/ros2_ws/install/px4_msgs/include/px4_msgs/px4_msgs/msg/detail/fixed_wing_lateral_guidance_status__rosidl_typesupport_fastrtps_cpp.hpp
[9.249s] -- Up-to-date: /home/maizaied03/ros2_ws/install/px4_msgs/include/px4_msgs/px4_msgs/msg/detail/sensor_mag__rosidl_typesupport_fastrtps_cpp.hpp
[9.249s] -- Up-to-date: /home/maizaied03/ros2_ws/install/px4_msgs/include/px4_msgs/px4_msgs/msg/detail/logger_status__rosidl_typesupport_fastrtps_cpp.hpp
[9.249s] -- Up-to-date: /home/maizaied03/ros2_ws/install/px4_msgs/include/px4_msgs/px4_msgs/msg/detail/tune_control__rosidl_typesupport_fastrtps_cpp.hpp
[9.249s] -- Up-to-date: /home/maizaied03/ros2_ws/install/px4_msgs/include/px4_msgs/px4_msgs/msg/detail/estimator_innovations__rosidl_typesupport_fastrtps_cpp.hpp
[9.249s] -- Up-to-date: /home/maizaied03/ros2_ws/install/px4_msgs/include/px4_msgs/px4_msgs/msg/detail/fixed_wing_lateral_setpoint__rosidl_typesupport_fastrtps_cpp.hpp
[9.249s] -- Up-to-date: /home/maizaied03/ros2_ws/install/px4_msgs/include/px4_msgs/px4_msgs/msg/detail/device_information__rosidl_typesupport_fastrtps_cpp.hpp
[9.249s] -- Up-to-date: /home/maizaied03/ros2_ws/install/px4_msgs/include/px4_msgs/px4_msgs/msg/detail/vehicle_angular_acceleration_setpoint__rosidl_typesupport_fastrtps_cpp.hpp
[9.249s] -- Up-to-date: /home/maizaied03/ros2_ws/install/px4_msgs/include/px4_msgs/px4_msgs/msg/detail/sensor_airflow__rosidl_typesupport_fastrtps_cpp.hpp
[9.249s] -- Up-to-date: /home/maizaied03/ros2_ws/install/px4_msgs/include/px4_msgs/px4_msgs/msg/detail/arming_check_request__rosidl_typesupport_fastrtps_cpp.hpp
[9.250s] -- Up-to-date: /home/maizaied03/ros2_ws/install/px4_msgs/include/px4_msgs/px4_msgs/msg/detail/sensor_selection__rosidl_typesupport_fastrtps_cpp.hpp
[9.250s] -- Up-to-date: /home/maizaied03/ros2_ws/install/px4_msgs/include/px4_msgs/px4_msgs/msg/detail/message_format_response__rosidl_typesupport_fastrtps_cpp.hpp
[9.250s] -- Up-to-date: /home/maizaied03/ros2_ws/install/px4_msgs/include/px4_msgs/px4_msgs/msg/detail/heater_status__rosidl_typesupport_fastrtps_cpp.hpp
[9.250s] -- Up-to-date: /home/maizaied03/ros2_ws/install/px4_msgs/include/px4_msgs/px4_msgs/msg/detail/sensor_temp__rosidl_typesupport_fastrtps_cpp.hpp
[9.250s] -- Up-to-date: /home/maizaied03/ros2_ws/install/px4_msgs/include/px4_msgs/px4_msgs/msg/detail/health_report__rosidl_typesupport_fastrtps_cpp.hpp
[9.250s] -- Up-to-date: /home/maizaied03/ros2_ws/install/px4_msgs/include/px4_msgs/px4_msgs/msg/detail/pure_pursuit_status__rosidl_typesupport_fastrtps_cpp.hpp
[9.250s] -- Up-to-date: /home/maizaied03/ros2_ws/install/px4_msgs/include/px4_msgs/px4_msgs/msg/detail/orb_test_large__rosidl_typesupport_fastrtps_cpp.hpp
[9.250s] -- Up-to-date: /home/maizaied03/ros2_ws/install/px4_msgs/include/px4_msgs/px4_msgs/msg/detail/uavcan_parameter_value__rosidl_typesupport_fastrtps_cpp.hpp
[9.250s] -- Up-to-date: /home/maizaied03/ros2_ws/install/px4_msgs/include/px4_msgs/px4_msgs/msg/detail/estimator_bias__rosidl_typesupport_fastrtps_cpp.hpp
[9.250s] -- Up-to-date: /home/maizaied03/ros2_ws/install/px4_msgs/include/px4_msgs/px4_msgs/msg/detail/vehicle_land_detected__rosidl_typesupport_fastrtps_cpp.hpp
[9.251s] -- Up-to-date: /home/maizaied03/ros2_ws/install/px4_msgs/include/px4_msgs/px4_msgs/msg/detail/takeoff_status__rosidl_typesupport_fastrtps_cpp.hpp
[9.251s] -- Up-to-date: /home/maizaied03/ros2_ws/install/px4_msgs/include/px4_msgs/px4_msgs/msg/detail/vehicle_torque_setpoint__rosidl_typesupport_fastrtps_cpp.hpp
[9.251s] -- Up-to-date: /home/maizaied03/ros2_ws/install/px4_msgs/include/px4_msgs/px4_msgs/msg/detail/rate_ctrl_status__rosidl_typesupport_fastrtps_cpp.hpp
[9.251s] -- Up-to-date: /home/maizaied03/ros2_ws/install/px4_msgs/include/px4_msgs/px4_msgs/msg/detail/vehicle_status__rosidl_typesupport_fastrtps_cpp.hpp
[9.251s] -- Up-to-date: /home/maizaied03/ros2_ws/install/px4_msgs/include/px4_msgs/px4_msgs/msg/detail/vehicle_command__rosidl_typesupport_fastrtps_cpp.hpp
[9.251s] -- Up-to-date: /home/maizaied03/ros2_ws/install/px4_msgs/include/px4_msgs/px4_msgs/msg/detail/position_controller_status__rosidl_typesupport_fastrtps_cpp.hpp
[9.251s] -- Up-to-date: /home/maizaied03/ros2_ws/install/px4_msgs/include/px4_msgs/px4_msgs/msg/detail/actuator_servos_trim__rosidl_typesupport_fastrtps_cpp.hpp
[9.251s] -- Up-to-date: /home/maizaied03/ros2_ws/install/px4_msgs/include/px4_msgs/px4_msgs/msg/detail/ekf2_timestamps__rosidl_typesupport_fastrtps_cpp.hpp
[9.251s] -- Up-to-date: /home/maizaied03/ros2_ws/install/px4_msgs/include/px4_msgs/px4_msgs/msg/detail/gps_inject_data__rosidl_typesupport_fastrtps_cpp.hpp
[9.251s] -- Up-to-date: /home/maizaied03/ros2_ws/install/px4_msgs/include/px4_msgs/px4_msgs/msg/detail/collision_constraints__rosidl_typesupport_fastrtps_cpp.hpp
[9.251s] -- Up-to-date: /home/maizaied03/ros2_ws/install/px4_msgs/include/px4_msgs/px4_msgs/msg/detail/esc_status__rosidl_typesupport_fastrtps_cpp.hpp
[9.251s] -- Up-to-date: /home/maizaied03/ros2_ws/install/px4_msgs/include/px4_msgs/px4_msgs/msg/detail/sensor_baro__rosidl_typesupport_fastrtps_cpp.hpp
[9.251s] -- Up-to-date: /home/maizaied03/ros2_ws/install/px4_msgs/include/px4_msgs/px4_msgs/msg/detail/unregister_ext_component__rosidl_typesupport_fastrtps_cpp.hpp
[9.251s] -- Up-to-date: /home/maizaied03/ros2_ws/install/px4_msgs/include/px4_msgs/px4_msgs/msg/detail/register_ext_component_request__rosidl_typesupport_fastrtps_cpp.hpp
[9.251s] -- Up-to-date: /home/maizaied03/ros2_ws/install/px4_msgs/include/px4_msgs/px4_msgs/msg/detail/gimbal_device_attitude_status__rosidl_typesupport_fastrtps_cpp.hpp
[9.252s] -- Up-to-date: /home/maizaied03/ros2_ws/install/px4_msgs/include/px4_msgs/px4_msgs/msg/detail/debug_key_value__rosidl_typesupport_fastrtps_cpp.hpp
[9.252s] -- Up-to-date: /home/maizaied03/ros2_ws/install/px4_msgs/include/px4_msgs/px4_msgs/msg/detail/wheel_encoders__rosidl_typesupport_fastrtps_cpp.hpp
[9.252s] -- Up-to-date: /home/maizaied03/ros2_ws/install/px4_msgs/include/px4_msgs/px4_msgs/msg/detail/rtl_time_estimate__rosidl_typesupport_fastrtps_cpp.hpp
[9.252s] -- Up-to-date: /home/maizaied03/ros2_ws/install/px4_msgs/include/px4_msgs/px4_msgs/srv
[9.252s] -- Up-to-date: /home/maizaied03/ros2_ws/install/px4_msgs/include/px4_msgs/px4_msgs/srv/detail
[9.252s] -- Up-to-date: /home/maizaied03/ros2_ws/install/px4_msgs/include/px4_msgs/px4_msgs/srv/detail/dds_fastrtps
[9.252s] -- Up-to-date: /home/maizaied03/ros2_ws/install/px4_msgs/include/px4_msgs/px4_msgs/srv/detail/vehicle_command__rosidl_typesupport_fastrtps_cpp.hpp
[9.252s] -- Up-to-date: /home/maizaied03/ros2_ws/install/px4_msgs/lib/libpx4_msgs__rosidl_typesupport_fastrtps_cpp.so
[9.252s] -- Up-to-date: /home/maizaied03/ros2_ws/install/px4_msgs/include/px4_msgs/px4_msgs
[9.252s] -- Up-to-date: /home/maizaied03/ros2_ws/install/px4_msgs/include/px4_msgs/px4_msgs/msg
[9.252s] -- Up-to-date: /home/maizaied03/ros2_ws/install/px4_msgs/include/px4_msgs/px4_msgs/msg/rosidl_typesupport_introspection_c__visibility_control.h
[9.252s] -- Up-to-date: /home/maizaied03/ros2_ws/install/px4_msgs/include/px4_msgs/px4_msgs/msg/detail
[9.252s] -- Up-to-date: /home/maizaied03/ros2_ws/install/px4_msgs/include/px4_msgs/px4_msgs/msg/detail/radio_status__type_support.c
[9.252s] -- Up-to-date: /home/maizaied03/ros2_ws/install/px4_msgs/include/px4_msgs/px4_msgs/msg/detail/satellite_info__type_support.c
[9.252s] -- Up-to-date: /home/maizaied03/ros2_ws/install/px4_msgs/include/px4_msgs/px4_msgs/msg/detail/vehicle_rates_setpoint__rosidl_typesupport_introspection_c.h
[9.252s] -- Up-to-date: /home/maizaied03/ros2_ws/install/px4_msgs/include/px4_msgs/px4_msgs/msg/detail/device_information__type_support.c
[9.253s] -- Up-to-date: /home/maizaied03/ros2_ws/install/px4_msgs/include/px4_msgs/px4_msgs/msg/detail/rover_steering_setpoint__rosidl_typesupport_introspection_c.h
[9.253s] -- Up-to-date: /home/maizaied03/ros2_ws/install/px4_msgs/include/px4_msgs/px4_msgs/msg/detail/airspeed_validated__type_support.c
[9.253s] -- Up-to-date: /home/maizaied03/ros2_ws/install/px4_msgs/include/px4_msgs/px4_msgs/msg/detail/arming_check_request__rosidl_typesupport_introspection_c.h
[9.253s] -- Up-to-date: /home/maizaied03/ros2_ws/install/px4_msgs/include/px4_msgs/px4_msgs/msg/detail/esc_report__type_support.c
[9.253s] -- Up-to-date: /home/maizaied03/ros2_ws/install/px4_msgs/include/px4_msgs/px4_msgs/msg/detail/manual_control_setpoint__type_support.c
[9.253s] -- Up-to-date: /home/maizaied03/ros2_ws/install/px4_msgs/include/px4_msgs/px4_msgs/msg/detail/arming_check_request__type_support.c
[9.253s] -- Up-to-date: /home/maizaied03/ros2_ws/install/px4_msgs/include/px4_msgs/px4_msgs/msg/detail/home_position__type_support.c
[9.253s] -- Up-to-date: /home/maizaied03/ros2_ws/install/px4_msgs/include/px4_msgs/px4_msgs/msg/detail/magnetometer_bias_estimate__type_support.c
[9.253s] -- Up-to-date: /home/maizaied03/ros2_ws/install/px4_msgs/include/px4_msgs/px4_msgs/msg/detail/failure_detector_status__rosidl_typesupport_introspection_c.h
[9.253s] -- Up-to-date: /home/maizaied03/ros2_ws/install/px4_msgs/include/px4_msgs/px4_msgs/msg/detail/vtol_vehicle_status__type_support.c
[9.253s] -- Up-to-date: /home/maizaied03/ros2_ws/install/px4_msgs/include/px4_msgs/px4_msgs/msg/detail/vehicle_magnetometer__type_support.c
[9.254s] -- Up-to-date: /home/maizaied03/ros2_ws/install/px4_msgs/include/px4_msgs/px4_msgs/msg/detail/actuator_controls_status__rosidl_typesupport_introspection_c.h
[9.254s] -- Up-to-date: /home/maizaied03/ros2_ws/install/px4_msgs/include/px4_msgs/px4_msgs/msg/detail/timesync_status__rosidl_typesupport_introspection_c.h
[9.254s] -- Up-to-date: /home/maizaied03/ros2_ws/install/px4_msgs/include/px4_msgs/px4_msgs/msg/detail/telemetry_status__type_support.c
[9.254s] -- Up-to-date: /home/maizaied03/ros2_ws/install/px4_msgs/include/px4_msgs/px4_msgs/msg/detail/vehicle_thrust_setpoint__rosidl_typesupport_introspection_c.h
[9.254s] -- Up-to-date: /home/maizaied03/ros2_ws/install/px4_msgs/include/px4_msgs/px4_msgs/msg/detail/landing_target_innovations__rosidl_typesupport_introspection_c.h
[9.254s] -- Up-to-date: /home/maizaied03/ros2_ws/install/px4_msgs/include/px4_msgs/px4_msgs/msg/detail/estimator_states__type_support.c
[9.254s] -- Up-to-date: /home/maizaied03/ros2_ws/install/px4_msgs/include/px4_msgs/px4_msgs/msg/detail/vehicle_command_ack__type_support.c
[9.254s] -- Up-to-date: /home/maizaied03/ros2_ws/install/px4_msgs/include/px4_msgs/px4_msgs/msg/detail/actuator_servos__type_support.c
[9.254s] -- Up-to-date: /home/maizaied03/ros2_ws/install/px4_msgs/include/px4_msgs/px4_msgs/msg/detail/parameter_set_used_request__type_support.c
[9.254s] -- Up-to-date: /home/maizaied03/ros2_ws/install/px4_msgs/include/px4_msgs/px4_msgs/msg/detail/open_drone_id_system__type_support.c
[9.254s] -- Up-to-date: /home/maizaied03/ros2_ws/install/px4_msgs/include/px4_msgs/px4_msgs/msg/detail/gimbal_device_attitude_status__type_support.c
[9.254s] -- Up-to-date: /home/maizaied03/ros2_ws/install/px4_msgs/include/px4_msgs/px4_msgs/msg/detail/vehicle_air_data__rosidl_typesupport_introspection_c.h
[9.254s] -- Up-to-date: /home/maizaied03/ros2_ws/install/px4_msgs/include/px4_msgs/px4_msgs/msg/detail/camera_trigger__type_support.c
[9.254s] -- Up-to-date: /home/maizaied03/ros2_ws/install/px4_msgs/include/px4_msgs/px4_msgs/msg/detail/register_ext_component_reply__type_support.c
[9.254s] -- Up-to-date: /home/maizaied03/ros2_ws/install/px4_msgs/include/px4_msgs/px4_msgs/msg/detail/sensors_status__rosidl_typesupport_introspection_c.h
[9.254s] -- Up-to-date: /home/maizaied03/ros2_ws/install/px4_msgs/include/px4_msgs/px4_msgs/msg/detail/vehicle_magnetometer__rosidl_typesupport_introspection_c.h
[9.255s] -- Up-to-date: /home/maizaied03/ros2_ws/install/px4_msgs/include/px4_msgs/px4_msgs/msg/detail/gpio_request__rosidl_typesupport_introspection_c.h
[9.255s] -- Up-to-date: /home/maizaied03/ros2_ws/install/px4_msgs/include/px4_msgs/px4_msgs/msg/detail/parameter_set_value_request__rosidl_typesupport_introspection_c.h
[9.255s] -- Up-to-date: /home/maizaied03/ros2_ws/install/px4_msgs/include/px4_msgs/px4_msgs/msg/detail/px4io_status__rosidl_typesupport_introspection_c.h
[9.255s] -- Up-to-date: /home/maizaied03/ros2_ws/install/px4_msgs/include/px4_msgs/px4_msgs/msg/detail/estimator_sensor_bias__rosidl_typesupport_introspection_c.h
[9.255s] -- Up-to-date: /home/maizaied03/ros2_ws/install/px4_msgs/include/px4_msgs/px4_msgs/msg/detail/sensor_correction__type_support.c
[9.255s] -- Up-to-date: /home/maizaied03/ros2_ws/install/px4_msgs/include/px4_msgs/px4_msgs/msg/detail/failure_detector_status__type_support.c
[9.255s] -- Up-to-date: /home/maizaied03/ros2_ws/install/px4_msgs/include/px4_msgs/px4_msgs/msg/detail/vehicle_air_data__type_support.c
[9.255s] -- Up-to-date: /home/maizaied03/ros2_ws/install/px4_msgs/include/px4_msgs/px4_msgs/msg/detail/cpuload__rosidl_typesupport_introspection_c.h
[9.255s] -- Up-to-date: /home/maizaied03/ros2_ws/install/px4_msgs/include/px4_msgs/px4_msgs/msg/detail/debug_key_value__type_support.c
[9.255s] -- Up-to-date: /home/maizaied03/ros2_ws/install/px4_msgs/include/px4_msgs/px4_msgs/msg/detail/logger_status__rosidl_typesupport_introspection_c.h
[9.255s] -- Up-to-date: /home/maizaied03/ros2_ws/install/px4_msgs/include/px4_msgs/px4_msgs/msg/detail/orb_test__type_support.c
[9.255s] -- Up-to-date: /home/maizaied03/ros2_ws/install/px4_msgs/include/px4_msgs/px4_msgs/msg/detail/rover_attitude_status__type_support.c
[9.256s] -- Up-to-date: /home/maizaied03/ros2_ws/install/px4_msgs/include/px4_msgs/px4_msgs/msg/detail/landing_gear__rosidl_typesupport_introspection_c.h
[9.256s] -- Up-to-date: /home/maizaied03/ros2_ws/install/px4_msgs/include/px4_msgs/px4_msgs/msg/detail/mavlink_tunnel__rosidl_typesupport_introspection_c.h
[9.256s] -- Up-to-date: /home/maizaied03/ros2_ws/install/px4_msgs/include/px4_msgs/px4_msgs/msg/detail/rover_rate_setpoint__rosidl_typesupport_introspection_c.h
[9.256s] -- Up-to-date: /home/maizaied03/ros2_ws/install/px4_msgs/include/px4_msgs/px4_msgs/msg/detail/irlock_report__rosidl_typesupport_introspection_c.h
[9.256s] -- Up-to-date: /home/maizaied03/ros2_ws/install/px4_msgs/include/px4_msgs/px4_msgs/msg/detail/qshell_retval__rosidl_typesupport_introspection_c.h
[9.256s] -- Up-to-date: /home/maizaied03/ros2_ws/install/px4_msgs/include/px4_msgs/px4_msgs/msg/detail/rover_attitude_status__rosidl_typesupport_introspection_c.h
[9.256s] -- Up-to-date: /home/maizaied03/ros2_ws/install/px4_msgs/include/px4_msgs/px4_msgs/msg/detail/vehicle_attitude__rosidl_typesupport_introspection_c.h
[9.256s] -- Up-to-date: /home/maizaied03/ros2_ws/install/px4_msgs/include/px4_msgs/px4_msgs/msg/detail/parameter_set_value_response__type_support.c
[9.256s] -- Up-to-date: /home/maizaied03/ros2_ws/install/px4_msgs/include/px4_msgs/px4_msgs/msg/detail/config_overrides__rosidl_typesupport_introspection_c.h
[9.256s] -- Up-to-date: /home/maizaied03/ros2_ws/install/px4_msgs/include/px4_msgs/px4_msgs/msg/detail/vehicle_local_position_setpoint__rosidl_typesupport_introspection_c.h
[9.256s] -- Up-to-date: /home/maizaied03/ros2_ws/install/px4_msgs/include/px4_msgs/px4_msgs/msg/detail/actuator_outputs__rosidl_typesupport_introspection_c.h
[9.256s] -- Up-to-date: /home/maizaied03/ros2_ws/install/px4_msgs/include/px4_msgs/px4_msgs/msg/detail/gpio_request__type_support.c
[9.256s] -- Up-to-date: /home/maizaied03/ros2_ws/install/px4_msgs/include/px4_msgs/px4_msgs/msg/detail/vehicle_imu_status__rosidl_typesupport_introspection_c.h
[9.256s] -- Up-to-date: /home/maizaied03/ros2_ws/install/px4_msgs/include/px4_msgs/px4_msgs/msg/detail/sensor_accel__type_support.c
[9.257s] -- Up-to-date: /home/maizaied03/ros2_ws/install/px4_msgs/include/px4_msgs/px4_msgs/msg/detail/neural_control__rosidl_typesupport_introspection_c.h
[9.257s] -- Up-to-date: /home/maizaied03/ros2_ws/install/px4_msgs/include/px4_msgs/px4_msgs/msg/detail/qshell_req__rosidl_typesupport_introspection_c.h
[9.257s] -- Up-to-date: /home/maizaied03/ros2_ws/install/px4_msgs/include/px4_msgs/px4_msgs/msg/detail/actuator_motors__type_support.c
[9.257s] -- Up-to-date: /home/maizaied03/ros2_ws/install/px4_msgs/include/px4_msgs/px4_msgs/msg/detail/estimator_bias__type_support.c
[9.257s] -- Up-to-date: /home/maizaied03/ros2_ws/install/px4_msgs/include/px4_msgs/px4_msgs/msg/detail/obstacle_distance__type_support.c
[9.257s] -- Up-to-date: /home/maizaied03/ros2_ws/install/px4_msgs/include/px4_msgs/px4_msgs/msg/detail/cpuload__type_support.c
[9.257s] -- Up-to-date: /home/maizaied03/ros2_ws/install/px4_msgs/include/px4_msgs/px4_msgs/msg/detail/manual_control_setpoint__rosidl_typesupport_introspection_c.h
[9.257s] -- Up-to-date: /home/maizaied03/ros2_ws/install/px4_msgs/include/px4_msgs/px4_msgs/msg/detail/estimator_aid_source2d__type_support.c
[9.257s] -- Up-to-date: /home/maizaied03/ros2_ws/install/px4_msgs/include/px4_msgs/px4_msgs/msg/detail/geofence_result__rosidl_typesupport_introspection_c.h
[9.257s] -- Up-to-date: /home/maizaied03/ros2_ws/install/px4_msgs/include/px4_msgs/px4_msgs/msg/detail/power_button_state__rosidl_typesupport_introspection_c.h
[9.257s] -- Up-to-date: /home/maizaied03/ros2_ws/install/px4_msgs/include/px4_msgs/px4_msgs/msg/detail/open_drone_id_operator_id__type_support.c
[9.257s] -- Up-to-date: /home/maizaied03/ros2_ws/install/px4_msgs/include/px4_msgs/px4_msgs/msg/detail/tiltrotor_extra_controls__rosidl_typesupport_introspection_c.h
[9.257s] -- Up-to-date: /home/maizaied03/ros2_ws/install/px4_msgs/include/px4_msgs/px4_msgs/msg/detail/airspeed__rosidl_typesupport_introspection_c.h
[9.257s] -- Up-to-date: /home/maizaied03/ros2_ws/install/px4_msgs/include/px4_msgs/px4_msgs/msg/detail/gpio_config__rosidl_typesupport_introspection_c.h
[9.257s] -- Up-to-date: /home/maizaied03/ros2_ws/install/px4_msgs/include/px4_msgs/px4_msgs/msg/detail/autotune_attitude_control_status__type_support.c
[9.258s] -- Up-to-date: /home/maizaied03/ros2_ws/install/px4_msgs/include/px4_msgs/px4_msgs/msg/detail/position_controller_status__type_support.c
[9.258s] -- Up-to-date: /home/maizaied03/ros2_ws/install/px4_msgs/include/px4_msgs/px4_msgs/msg/detail/tune_control__rosidl_typesupport_introspection_c.h
[9.258s] -- Up-to-date: /home/maizaied03/ros2_ws/install/px4_msgs/include/px4_msgs/px4_msgs/msg/detail/distance_sensor_mode_change_request__rosidl_typesupport_introspection_c.h
[9.258s] -- Up-to-date: /home/maizaied03/ros2_ws/install/px4_msgs/include/px4_msgs/px4_msgs/msg/detail/vehicle_constraints__type_support.c
[9.258s] -- Up-to-date: /home/maizaied03/ros2_ws/install/px4_msgs/include/px4_msgs/px4_msgs/msg/detail/open_drone_id_self_id__rosidl_typesupport_introspection_c.h
[9.258s] -- Up-to-date: /home/maizaied03/ros2_ws/install/px4_msgs/include/px4_msgs/px4_msgs/msg/detail/gimbal_manager_set_manual_control__rosidl_typesupport_introspection_c.h
[9.258s] -- Up-to-date: /home/maizaied03/ros2_ws/install/px4_msgs/include/px4_msgs/px4_msgs/msg/detail/gps_dump__rosidl_typesupport_introspection_c.h
[9.258s] -- Up-to-date: /home/maizaied03/ros2_ws/install/px4_msgs/include/px4_msgs/px4_msgs/msg/detail/raptor_input__type_support.c
[9.258s] -- Up-to-date: /home/maizaied03/ros2_ws/install/px4_msgs/include/px4_msgs/px4_msgs/msg/detail/sensors_status_imu__type_support.c
[9.258s] -- Up-to-date: /home/maizaied03/ros2_ws/install/px4_msgs/include/px4_msgs/px4_msgs/msg/detail/dronecan_node_status__rosidl_typesupport_introspection_c.h
[9.258s] -- Up-to-date: /home/maizaied03/ros2_ws/install/px4_msgs/include/px4_msgs/px4_msgs/msg/detail/follow_target__rosidl_typesupport_introspection_c.h
[9.258s] -- Up-to-date: /home/maizaied03/ros2_ws/install/px4_msgs/include/px4_msgs/px4_msgs/msg/detail/gpio_config__type_support.c
[9.259s] -- Up-to-date: /home/maizaied03/ros2_ws/install/px4_msgs/include/px4_msgs/px4_msgs/msg/detail/sensor_optical_flow__rosidl_typesupport_introspection_c.h
[9.259s] -- Up-to-date: /home/maizaied03/ros2_ws/install/px4_msgs/include/px4_msgs/px4_msgs/msg/detail/vehicle_acceleration__type_support.c
[9.259s] -- Up-to-date: /home/maizaied03/ros2_ws/install/px4_msgs/include/px4_msgs/px4_msgs/msg/detail/sensor_gyro_fifo__type_support.c
[9.259s] -- Up-to-date: /home/maizaied03/ros2_ws/install/px4_msgs/include/px4_msgs/px4_msgs/msg/detail/gimbal_manager_set_manual_control__type_support.c
[9.259s] -- Up-to-date: /home/maizaied03/ros2_ws/install/px4_msgs/include/px4_msgs/px4_msgs/msg/detail/estimator_innovations__type_support.c
[9.259s] -- Up-to-date: /home/maizaied03/ros2_ws/install/px4_msgs/include/px4_msgs/px4_msgs/msg/detail/sensor_gps__type_support.c
[9.259s] -- Up-to-date: /home/maizaied03/ros2_ws/install/px4_msgs/include/px4_msgs/px4_msgs/msg/detail/figure_eight_status__type_support.c
[9.259s] -- Up-to-date: /home/maizaied03/ros2_ws/install/px4_msgs/include/px4_msgs/px4_msgs/msg/detail/pwm_input__rosidl_typesupport_introspection_c.h
[9.259s] -- Up-to-date: /home/maizaied03/ros2_ws/install/px4_msgs/include/px4_msgs/px4_msgs/msg/detail/vehicle_optical_flow_vel__rosidl_typesupport_introspection_c.h
[9.259s] -- Up-to-date: /home/maizaied03/ros2_ws/install/px4_msgs/include/px4_msgs/px4_msgs/msg/detail/rover_speed_setpoint__rosidl_typesupport_introspection_c.h
[9.259s] -- Up-to-date: /home/maizaied03/ros2_ws/install/px4_msgs/include/px4_msgs/px4_msgs/msg/detail/gps_dump__type_support.c
[9.259s] -- Up-to-date: /home/maizaied03/ros2_ws/install/px4_msgs/include/px4_msgs/px4_msgs/msg/detail/pure_pursuit_status__type_support.c
[9.259s] -- Up-to-date: /home/maizaied03/ros2_ws/install/px4_msgs/include/px4_msgs/px4_msgs/msg/detail/system_power__type_support.c
[9.259s] -- Up-to-date: /home/maizaied03/ros2_ws/install/px4_msgs/include/px4_msgs/px4_msgs/msg/detail/rover_attitude_setpoint__rosidl_typesupport_introspection_c.h
[9.259s] -- Up-to-date: /home/maizaied03/ros2_ws/install/px4_msgs/include/px4_msgs/px4_msgs/msg/detail/autotune_attitude_control_status__rosidl_typesupport_introspection_c.h
[9.260s] -- Up-to-date: /home/maizaied03/ros2_ws/install/px4_msgs/include/px4_msgs/px4_msgs/msg/detail/actuator_armed__type_support.c
[9.260s] -- Up-to-date: /home/maizaied03/ros2_ws/install/px4_msgs/include/px4_msgs/px4_msgs/msg/detail/log_message__type_support.c
[9.260s] -- Up-to-date: /home/maizaied03/ros2_ws/install/px4_msgs/include/px4_msgs/px4_msgs/msg/detail/internal_combustion_engine_status__type_support.c
[9.260s] -- Up-to-date: /home/maizaied03/ros2_ws/install/px4_msgs/include/px4_msgs/px4_msgs/msg/detail/estimator_status_flags__rosidl_typesupport_introspection_c.h
[9.260s] -- Up-to-date: /home/maizaied03/ros2_ws/install/px4_msgs/include/px4_msgs/px4_msgs/msg/detail/camera_status__type_support.c
[9.260s] -- Up-to-date: /home/maizaied03/ros2_ws/install/px4_msgs/include/px4_msgs/px4_msgs/msg/detail/geofence_status__type_support.c
[9.260s] -- Up-to-date: /home/maizaied03/ros2_ws/install/px4_msgs/include/px4_msgs/px4_msgs/msg/detail/trajectory_setpoint6dof__rosidl_typesupport_introspection_c.h
[9.260s] -- Up-to-date: /home/maizaied03/ros2_ws/install/px4_msgs/include/px4_msgs/px4_msgs/msg/detail/sensor_baro__rosidl_typesupport_introspection_c.h
[9.260s] -- Up-to-date: /home/maizaied03/ros2_ws/install/px4_msgs/include/px4_msgs/px4_msgs/msg/detail/ekf2_timestamps__type_support.c
[9.260s] -- Up-to-date: /home/maizaied03/ros2_ws/install/px4_msgs/include/px4_msgs/px4_msgs/msg/detail/vehicle_command__type_support.c
[9.260s] -- Up-to-date: /home/maizaied03/ros2_ws/install/px4_msgs/include/px4_msgs/px4_msgs/msg/detail/open_drone_id_system__rosidl_typesupport_introspection_c.h
[9.260s] -- Up-to-date: /home/maizaied03/ros2_ws/install/px4_msgs/include/px4_msgs/px4_msgs/msg/detail/sensor_combined__rosidl_typesupport_introspection_c.h
[9.260s] -- Up-to-date: /home/maizaied03/ros2_ws/install/px4_msgs/include/px4_msgs/px4_msgs/msg/detail/gimbal_controls__type_support.c
[9.260s] -- Up-to-date: /home/maizaied03/ros2_ws/install/px4_msgs/include/px4_msgs/px4_msgs/msg/detail/vehicle_odometry__type_support.c
[9.261s] -- Up-to-date: /home/maizaied03/ros2_ws/install/px4_msgs/include/px4_msgs/px4_msgs/msg/detail/battery_status__rosidl_typesupport_introspection_c.h
[9.261s] -- Up-to-date: /home/maizaied03/ros2_ws/install/px4_msgs/include/px4_msgs/px4_msgs/msg/detail/message_format_response__type_support.c
[9.261s] -- Up-to-date: /home/maizaied03/ros2_ws/install/px4_msgs/include/px4_msgs/px4_msgs/msg/detail/mount_orientation__type_support.c
[9.261s] -- Up-to-date: /home/maizaied03/ros2_ws/install/px4_msgs/include/px4_msgs/px4_msgs/msg/detail/estimator_event_flags__type_support.c
[9.261s] -- Up-to-date: /home/maizaied03/ros2_ws/install/px4_msgs/include/px4_msgs/px4_msgs/msg/detail/estimator_status__rosidl_typesupport_introspection_c.h
[9.261s] -- Up-to-date: /home/maizaied03/ros2_ws/install/px4_msgs/include/px4_msgs/px4_msgs/msg/detail/position_setpoint__rosidl_typesupport_introspection_c.h
[9.261s] -- Up-to-date: /home/maizaied03/ros2_ws/install/px4_msgs/include/px4_msgs/px4_msgs/msg/detail/landing_target_pose__rosidl_typesupport_introspection_c.h
[9.261s] -- Up-to-date: /home/maizaied03/ros2_ws/install/px4_msgs/include/px4_msgs/px4_msgs/msg/detail/orb_test_large__type_support.c
[9.261s] -- Up-to-date: /home/maizaied03/ros2_ws/install/px4_msgs/include/px4_msgs/px4_msgs/msg/detail/pure_pursuit_status__rosidl_typesupport_introspection_c.h
[9.261s] -- Up-to-date: /home/maizaied03/ros2_ws/install/px4_msgs/include/px4_msgs/px4_msgs/msg/detail/sensor_hygrometer__rosidl_typesupport_introspection_c.h
[9.261s] -- Up-to-date: /home/maizaied03/ros2_ws/install/px4_msgs/include/px4_msgs/px4_msgs/msg/detail/launch_detection_status__rosidl_typesupport_introspection_c.h
[9.261s] -- Up-to-date: /home/maizaied03/ros2_ws/install/px4_msgs/include/px4_msgs/px4_msgs/msg/detail/esc_status__rosidl_typesupport_introspection_c.h
[9.262s] -- Up-to-date: /home/maizaied03/ros2_ws/install/px4_msgs/include/px4_msgs/px4_msgs/msg/detail/vehicle_thrust_setpoint__type_support.c
[9.262s] -- Up-to-date: /home/maizaied03/ros2_ws/install/px4_msgs/include/px4_msgs/px4_msgs/msg/detail/vehicle_constraints__rosidl_typesupport_introspection_c.h
[9.262s] -- Up-to-date: /home/maizaied03/ros2_ws/install/px4_msgs/include/px4_msgs/px4_msgs/msg/detail/longitudinal_control_configuration__rosidl_typesupport_introspection_c.h
[9.262s] -- Up-to-date: /home/maizaied03/ros2_ws/install/px4_msgs/include/px4_msgs/px4_msgs/msg/detail/rover_rate_setpoint__type_support.c
[9.262s] -- Up-to-date: /home/maizaied03/ros2_ws/install/px4_msgs/include/px4_msgs/px4_msgs/msg/detail/parameter_update__type_support.c
[9.262s] -- Up-to-date: /home/maizaied03/ros2_ws/install/px4_msgs/include/px4_msgs/px4_msgs/msg/detail/gain_compression__type_support.c
[9.262s] -- Up-to-date: /home/maizaied03/ros2_ws/install/px4_msgs/include/px4_msgs/px4_msgs/msg/detail/device_information__rosidl_typesupport_introspection_c.h
[9.262s] -- Up-to-date: /home/maizaied03/ros2_ws/install/px4_msgs/include/px4_msgs/px4_msgs/msg/detail/mode_completed__type_support.c
[9.262s] -- Up-to-date: /home/maizaied03/ros2_ws/install/px4_msgs/include/px4_msgs/px4_msgs/msg/detail/vehicle_angular_acceleration_setpoint__type_support.c
[9.262s] -- Up-to-date: /home/maizaied03/ros2_ws/install/px4_msgs/include/px4_msgs/px4_msgs/msg/detail/vehicle_angular_acceleration_setpoint__rosidl_typesupport_introspection_c.h
[9.262s] -- Up-to-date: /home/maizaied03/ros2_ws/install/px4_msgs/include/px4_msgs/px4_msgs/msg/detail/flight_phase_estimation__type_support.c
[9.262s] -- Up-to-date: /home/maizaied03/ros2_ws/install/px4_msgs/include/px4_msgs/px4_msgs/msg/detail/estimator_sensor_bias__type_support.c
[9.262s] -- Up-to-date: /home/maizaied03/ros2_ws/install/px4_msgs/include/px4_msgs/px4_msgs/msg/detail/estimator_selector_status__type_support.c
[9.262s] -- Up-to-date: /home/maizaied03/ros2_ws/install/px4_msgs/include/px4_msgs/px4_msgs/msg/detail/generator_status__rosidl_typesupport_introspection_c.h
[9.262s] -- Up-to-date: /home/maizaied03/ros2_ws/install/px4_msgs/include/px4_msgs/px4_msgs/msg/detail/onboard_computer_status__rosidl_typesupport_introspection_c.h
[9.263s] -- Up-to-date: /home/maizaied03/ros2_ws/install/px4_msgs/include/px4_msgs/px4_msgs/msg/detail/rc_parameter_map__type_support.c
[9.263s] -- Up-to-date: /home/maizaied03/ros2_ws/install/px4_msgs/include/px4_msgs/px4_msgs/msg/detail/distance_sensor__type_support.c
[9.263s] -- Up-to-date: /home/maizaied03/ros2_ws/install/px4_msgs/include/px4_msgs/px4_msgs/msg/detail/sensor_gnss_status__type_support.c
[9.263s] -- Up-to-date: /home/maizaied03/ros2_ws/install/px4_msgs/include/px4_msgs/px4_msgs/msg/detail/internal_combustion_engine_control__type_support.c
[9.263s] -- Up-to-date: /home/maizaied03/ros2_ws/install/px4_msgs/include/px4_msgs/px4_msgs/msg/detail/vehicle_torque_setpoint__rosidl_typesupport_introspection_c.h
[9.263s] -- Up-to-date: /home/maizaied03/ros2_ws/install/px4_msgs/include/px4_msgs/px4_msgs/msg/detail/camera_capture__type_support.c
[9.263s] -- Up-to-date: /home/maizaied03/ros2_ws/install/px4_msgs/include/px4_msgs/px4_msgs/msg/detail/vehicle_torque_setpoint__type_support.c
[9.263s] -- Up-to-date: /home/maizaied03/ros2_ws/install/px4_msgs/include/px4_msgs/px4_msgs/msg/detail/sensor_optical_flow__type_support.c
[9.263s] -- Up-to-date: /home/maizaied03/ros2_ws/install/px4_msgs/include/px4_msgs/px4_msgs/msg/detail/iridiumsbd_status__rosidl_typesupport_introspection_c.h
[9.263s] -- Up-to-date: /home/maizaied03/ros2_ws/install/px4_msgs/include/px4_msgs/px4_msgs/msg/detail/rover_rate_status__type_support.c
[9.263s] -- Up-to-date: /home/maizaied03/ros2_ws/install/px4_msgs/include/px4_msgs/px4_msgs/msg/detail/failsafe_flags__type_support.c
[9.263s] -- Up-to-date: /home/maizaied03/ros2_ws/install/px4_msgs/include/px4_msgs/px4_msgs/msg/detail/vehicle_roi__rosidl_typesupport_introspection_c.h
[9.263s] -- Up-to-date: /home/maizaied03/ros2_ws/install/px4_msgs/include/px4_msgs/px4_msgs/msg/detail/gain_compression__rosidl_typesupport_introspection_c.h
[9.263s] -- Up-to-date: /home/maizaied03/ros2_ws/install/px4_msgs/include/px4_msgs/px4_msgs/msg/detail/esc_report__rosidl_typesupport_introspection_c.h
[9.263s] -- Up-to-date: /home/maizaied03/ros2_ws/install/px4_msgs/include/px4_msgs/px4_msgs/msg/detail/follow_target__type_support.c
[9.264s] -- Up-to-date: /home/maizaied03/ros2_ws/install/px4_msgs/include/px4_msgs/px4_msgs/msg/detail/vehicle_angular_velocity__rosidl_typesupport_introspection_c.h
[9.264s] -- Up-to-date: /home/maizaied03/ros2_ws/install/px4_msgs/include/px4_msgs/px4_msgs/msg/detail/cellular_status__type_support.c
[9.264s] -- Up-to-date: /home/maizaied03/ros2_ws/install/px4_msgs/include/px4_msgs/px4_msgs/msg/detail/camera_capture__rosidl_typesupport_introspection_c.h
[9.264s] -- Up-to-date: /home/maizaied03/ros2_ws/install/px4_msgs/include/px4_msgs/px4_msgs/msg/detail/gimbal_manager_set_attitude__type_support.c
[9.264s] -- Up-to-date: /home/maizaied03/ros2_ws/install/px4_msgs/include/px4_msgs/px4_msgs/msg/detail/gpio_in__rosidl_typesupport_introspection_c.h
[9.264s] -- Up-to-date: /home/maizaied03/ros2_ws/install/px4_msgs/include/px4_msgs/px4_msgs/msg/detail/fixed_wing_lateral_guidance_status__rosidl_typesupport_introspection_c.h
[9.264s] -- Up-to-date: /home/maizaied03/ros2_ws/install/px4_msgs/include/px4_msgs/px4_msgs/msg/detail/uavcan_parameter_value__rosidl_typesupport_introspection_c.h
[9.264s] -- Up-to-date: /home/maizaied03/ros2_ws/install/px4_msgs/include/px4_msgs/px4_msgs/msg/detail/parameter_set_value_request__type_support.c
[9.264s] -- Up-to-date: /home/maizaied03/ros2_ws/install/px4_msgs/include/px4_msgs/px4_msgs/msg/detail/vehicle_land_detected__rosidl_typesupport_introspection_c.h
[9.264s] -- Up-to-date: /home/maizaied03/ros2_ws/install/px4_msgs/include/px4_msgs/px4_msgs/msg/detail/sensor_accel_fifo__rosidl_typesupport_introspection_c.h
[9.264s] -- Up-to-date: /home/maizaied03/ros2_ws/install/px4_msgs/include/px4_msgs/px4_msgs/msg/detail/sensor_mag__rosidl_typesupport_introspection_c.h
[9.265s] -- Up-to-date: /home/maizaied03/ros2_ws/install/px4_msgs/include/px4_msgs/px4_msgs/msg/detail/health_report__type_support.c
[9.265s] -- Up-to-date: /home/maizaied03/ros2_ws/install/px4_msgs/include/px4_msgs/px4_msgs/msg/detail/ulog_stream_ack__type_support.c
[9.265s] -- Up-to-date: /home/maizaied03/ros2_ws/install/px4_msgs/include/px4_msgs/px4_msgs/msg/detail/dataman_request__rosidl_typesupport_introspection_c.h
[9.265s] -- Up-to-date: /home/maizaied03/ros2_ws/install/px4_msgs/include/px4_msgs/px4_msgs/msg/detail/geofence_result__type_support.c
[9.265s] -- Up-to-date: /home/maizaied03/ros2_ws/install/px4_msgs/include/px4_msgs/px4_msgs/msg/detail/irlock_report__type_support.c
[9.265s] -- Up-to-date: /home/maizaied03/ros2_ws/install/px4_msgs/include/px4_msgs/px4_msgs/msg/detail/pwm_input__type_support.c
[9.265s] -- Up-to-date: /home/maizaied03/ros2_ws/install/px4_msgs/include/px4_msgs/px4_msgs/msg/detail/fixed_wing_longitudinal_setpoint__type_support.c
[9.265s] -- Up-to-date: /home/maizaied03/ros2_ws/install/px4_msgs/include/px4_msgs/px4_msgs/msg/detail/hover_thrust_estimate__rosidl_typesupport_introspection_c.h
[9.265s] -- Up-to-date: /home/maizaied03/ros2_ws/install/px4_msgs/include/px4_msgs/px4_msgs/msg/detail/sensor_preflight_mag__rosidl_typesupport_introspection_c.h
[9.265s] -- Up-to-date: /home/maizaied03/ros2_ws/install/px4_msgs/include/px4_msgs/px4_msgs/msg/detail/wind__rosidl_typesupport_introspection_c.h
[9.265s] -- Up-to-date: /home/maizaied03/ros2_ws/install/px4_msgs/include/px4_msgs/px4_msgs/msg/detail/estimator_bias__rosidl_typesupport_introspection_c.h
[9.265s] -- Up-to-date: /home/maizaied03/ros2_ws/install/px4_msgs/include/px4_msgs/px4_msgs/msg/detail/sensor_gyro__rosidl_typesupport_introspection_c.h
[9.265s] -- Up-to-date: /home/maizaied03/ros2_ws/install/px4_msgs/include/px4_msgs/px4_msgs/msg/detail/sensor_gyro_fft__rosidl_typesupport_introspection_c.h
[9.265s] -- Up-to-date: /home/maizaied03/ros2_ws/install/px4_msgs/include/px4_msgs/px4_msgs/msg/detail/fixed_wing_runway_control__type_support.c
[9.265s] -- Up-to-date: /home/maizaied03/ros2_ws/install/px4_msgs/include/px4_msgs/px4_msgs/msg/detail/unregister_ext_component__type_support.c
[9.265s] -- Up-to-date: /home/maizaied03/ros2_ws/install/px4_msgs/include/px4_msgs/px4_msgs/msg/detail/gimbal_device_information__rosidl_typesupport_introspection_c.h
[9.266s] -- Up-to-date: /home/maizaied03/ros2_ws/install/px4_msgs/include/px4_msgs/px4_msgs/msg/detail/fuel_tank_status__rosidl_typesupport_introspection_c.h
[9.266s] -- Up-to-date: /home/maizaied03/ros2_ws/install/px4_msgs/include/px4_msgs/px4_msgs/msg/detail/mavlink_log__rosidl_typesupport_introspection_c.h
[9.266s] -- Up-to-date: /home/maizaied03/ros2_ws/install/px4_msgs/include/px4_msgs/px4_msgs/msg/detail/manual_control_switches__rosidl_typesupport_introspection_c.h
[9.266s] -- Up-to-date: /home/maizaied03/ros2_ws/install/px4_msgs/include/px4_msgs/px4_msgs/msg/detail/sensor_uwb__rosidl_typesupport_introspection_c.h
[9.266s] -- Up-to-date: /home/maizaied03/ros2_ws/install/px4_msgs/include/px4_msgs/px4_msgs/msg/detail/action_request__type_support.c
[9.266s] -- Up-to-date: /home/maizaied03/ros2_ws/install/px4_msgs/include/px4_msgs/px4_msgs/msg/detail/estimator_selector_status__rosidl_typesupport_introspection_c.h
[9.266s] -- Up-to-date: /home/maizaied03/ros2_ws/install/px4_msgs/include/px4_msgs/px4_msgs/msg/detail/tiltrotor_extra_controls__type_support.c
[9.266s] -- Up-to-date: /home/maizaied03/ros2_ws/install/px4_msgs/include/px4_msgs/px4_msgs/msg/detail/vehicle_global_position__type_support.c
[9.266s] -- Up-to-date: /home/maizaied03/ros2_ws/install/px4_msgs/include/px4_msgs/px4_msgs/msg/detail/lateral_control_configuration__rosidl_typesupport_introspection_c.h
[9.266s] -- Up-to-date: /home/maizaied03/ros2_ws/install/px4_msgs/include/px4_msgs/px4_msgs/msg/detail/rover_attitude_setpoint__type_support.c
[9.266s] -- Up-to-date: /home/maizaied03/ros2_ws/install/px4_msgs/include/px4_msgs/px4_msgs/msg/detail/hover_thrust_estimate__type_support.c
[9.266s] -- Up-to-date: /home/maizaied03/ros2_ws/install/px4_msgs/include/px4_msgs/px4_msgs/msg/detail/vehicle_status__type_support.c
[9.266s] -- Up-to-date: /home/maizaied03/ros2_ws/install/px4_msgs/include/px4_msgs/px4_msgs/msg/detail/vehicle_optical_flow__type_support.c
[9.266s] -- Up-to-date: /home/maizaied03/ros2_ws/install/px4_msgs/include/px4_msgs/px4_msgs/msg/detail/debug_array__type_support.c
[9.266s] -- Up-to-date: /home/maizaied03/ros2_ws/install/px4_msgs/include/px4_msgs/px4_msgs/msg/detail/gimbal_device_information__type_support.c
[9.266s] -- Up-to-date: /home/maizaied03/ros2_ws/install/px4_msgs/include/px4_msgs/px4_msgs/msg/detail/rover_position_setpoint__rosidl_typesupport_introspection_c.h
[9.267s] -- Up-to-date: /home/maizaied03/ros2_ws/install/px4_msgs/include/px4_msgs/px4_msgs/msg/detail/offboard_control_mode__type_support.c
[9.267s] -- Up-to-date: /home/maizaied03/ros2_ws/install/px4_msgs/include/px4_msgs/px4_msgs/msg/detail/sensor_preflight_mag__type_support.c
[9.267s] -- Up-to-date: /home/maizaied03/ros2_ws/install/px4_msgs/include/px4_msgs/px4_msgs/msg/detail/estimator_aid_source2d__rosidl_typesupport_introspection_c.h
[9.267s] -- Up-to-date: /home/maizaied03/ros2_ws/install/px4_msgs/include/px4_msgs/px4_msgs/msg/detail/mavlink_log__type_support.c
[9.267s] -- Up-to-date: /home/maizaied03/ros2_ws/install/px4_msgs/include/px4_msgs/px4_msgs/msg/detail/internal_combustion_engine_control__rosidl_typesupport_introspection_c.h
[9.267s] -- Up-to-date: /home/maizaied03/ros2_ws/install/px4_msgs/include/px4_msgs/px4_msgs/msg/detail/differential_pressure__rosidl_typesupport_introspection_c.h
[9.267s] -- Up-to-date: /home/maizaied03/ros2_ws/install/px4_msgs/include/px4_msgs/px4_msgs/msg/detail/position_setpoint__type_support.c
[9.267s] -- Up-to-date: /home/maizaied03/ros2_ws/install/px4_msgs/include/px4_msgs/px4_msgs/msg/detail/fuel_tank_status__type_support.c
[9.267s] -- Up-to-date: /home/maizaied03/ros2_ws/install/px4_msgs/include/px4_msgs/px4_msgs/msg/detail/flight_phase_estimation__rosidl_typesupport_introspection_c.h
[9.267s] -- Up-to-date: /home/maizaied03/ros2_ws/install/px4_msgs/include/px4_msgs/px4_msgs/msg/detail/tecs_status__rosidl_typesupport_introspection_c.h
[9.267s] -- Up-to-date: /home/maizaied03/ros2_ws/install/px4_msgs/include/px4_msgs/px4_msgs/msg/detail/camera_status__rosidl_typesupport_introspection_c.h
[9.267s] -- Up-to-date: /home/maizaied03/ros2_ws/install/px4_msgs/include/px4_msgs/px4_msgs/msg/detail/landing_gear_wheel__rosidl_typesupport_introspection_c.h
[9.267s] -- Up-to-date: /home/maizaied03/ros2_ws/install/px4_msgs/include/px4_msgs/px4_msgs/msg/detail/rover_speed_status__rosidl_typesupport_introspection_c.h
[9.267s] -- Up-to-date: /home/maizaied03/ros2_ws/install/px4_msgs/include/px4_msgs/px4_msgs/msg/detail/rc_channels__type_support.c
[9.267s] -- Up-to-date: /home/maizaied03/ros2_ws/install/px4_msgs/include/px4_msgs/px4_msgs/msg/detail/internal_combustion_engine_status__rosidl_typesupport_introspection_c.h
[9.267s] -- Up-to-date: /home/maizaied03/ros2_ws/install/px4_msgs/include/px4_msgs/px4_msgs/msg/detail/gps_inject_data__type_support.c
[9.267s] -- Up-to-date: /home/maizaied03/ros2_ws/install/px4_msgs/include/px4_msgs/px4_msgs/msg/detail/qshell_req__type_support.c
[9.267s] -- Up-to-date: /home/maizaied03/ros2_ws/install/px4_msgs/include/px4_msgs/px4_msgs/msg/detail/fixed_wing_lateral_status__rosidl_typesupport_introspection_c.h
[9.267s] -- Up-to-date: /home/maizaied03/ros2_ws/install/px4_msgs/include/px4_msgs/px4_msgs/msg/detail/battery_info__type_support.c
[9.267s] -- Up-to-date: /home/maizaied03/ros2_ws/install/px4_msgs/include/px4_msgs/px4_msgs/msg/detail/actuator_servos_trim__rosidl_typesupport_introspection_c.h
[9.267s] -- Up-to-date: /home/maizaied03/ros2_ws/install/px4_msgs/include/px4_msgs/px4_msgs/msg/detail/rover_speed_status__type_support.c
[9.267s] -- Up-to-date: /home/maizaied03/ros2_ws/install/px4_msgs/include/px4_msgs/px4_msgs/msg/detail/dronecan_node_status__type_support.c
[9.267s] -- Up-to-date: /home/maizaied03/ros2_ws/install/px4_msgs/include/px4_msgs/px4_msgs/msg/detail/battery_info__rosidl_typesupport_introspection_c.h
[9.267s] -- Up-to-date: /home/maizaied03/ros2_ws/install/px4_msgs/include/px4_msgs/px4_msgs/msg/detail/follow_target_status__type_support.c
[9.267s] -- Up-to-date: /home/maizaied03/ros2_ws/install/px4_msgs/include/px4_msgs/px4_msgs/msg/detail/estimator_bias3d__type_support.c
[9.268s] -- Up-to-date: /home/maizaied03/ros2_ws/install/px4_msgs/include/px4_msgs/px4_msgs/msg/detail/gimbal_device_set_attitude__type_support.c
[9.268s] -- Up-to-date: /home/maizaied03/ros2_ws/install/px4_msgs/include/px4_msgs/px4_msgs/msg/detail/uavcan_parameter_request__type_support.c
[9.268s] -- Up-to-date: /home/maizaied03/ros2_ws/install/px4_msgs/include/px4_msgs/px4_msgs/msg/detail/task_stack_info__type_support.c
[9.268s] -- Up-to-date: /home/maizaied03/ros2_ws/install/px4_msgs/include/px4_msgs/px4_msgs/msg/detail/tecs_status__type_support.c
[9.268s] -- Up-to-date: /home/maizaied03/ros2_ws/install/px4_msgs/include/px4_msgs/px4_msgs/msg/detail/register_ext_component_request__type_support.c
[9.268s] -- Up-to-date: /home/maizaied03/ros2_ws/install/px4_msgs/include/px4_msgs/px4_msgs/msg/detail/rpm__rosidl_typesupport_introspection_c.h
[9.268s] -- Up-to-date: /home/maizaied03/ros2_ws/install/px4_msgs/include/px4_msgs/px4_msgs/msg/detail/goto_setpoint__rosidl_typesupport_introspection_c.h
[9.268s] -- Up-to-date: /home/maizaied03/ros2_ws/install/px4_msgs/include/px4_msgs/px4_msgs/msg/detail/led_control__rosidl_typesupport_introspection_c.h
[9.268s] -- Up-to-date: /home/maizaied03/ros2_ws/install/px4_msgs/include/px4_msgs/px4_msgs/msg/detail/unregister_ext_component__rosidl_typesupport_introspection_c.h
[9.268s] -- Up-to-date: /home/maizaied03/ros2_ws/install/px4_msgs/include/px4_msgs/px4_msgs/msg/detail/estimator_bias3d__rosidl_typesupport_introspection_c.h
[9.268s] -- Up-to-date: /home/maizaied03/ros2_ws/install/px4_msgs/include/px4_msgs/px4_msgs/msg/detail/ping__rosidl_typesupport_introspection_c.h
[9.268s] -- Up-to-date: /home/maizaied03/ros2_ws/install/px4_msgs/include/px4_msgs/px4_msgs/msg/detail/parameter_reset_request__type_support.c
[9.268s] -- Up-to-date: /home/maizaied03/ros2_ws/install/px4_msgs/include/px4_msgs/px4_msgs/msg/detail/orb_test__rosidl_typesupport_introspection_c.h
[9.268s] -- Up-to-date: /home/maizaied03/ros2_ws/install/px4_msgs/include/px4_msgs/px4_msgs/msg/detail/pps_capture__type_support.c
[9.268s] -- Up-to-date: /home/maizaied03/ros2_ws/install/px4_msgs/include/px4_msgs/px4_msgs/msg/detail/adc_report__rosidl_typesupport_introspection_c.h
[9.268s] -- Up-to-date: /home/maizaied03/ros2_ws/install/px4_msgs/include/px4_msgs/px4_msgs/msg/detail/longitudinal_control_configuration__type_support.c
[9.268s] -- Up-to-date: /home/maizaied03/ros2_ws/install/px4_msgs/include/px4_msgs/px4_msgs/msg/detail/lateral_control_configuration__type_support.c
[9.268s] -- Up-to-date: /home/maizaied03/ros2_ws/install/px4_msgs/include/px4_msgs/px4_msgs/msg/detail/vehicle_angular_velocity__type_support.c
[9.268s] -- Up-to-date: /home/maizaied03/ros2_ws/install/px4_msgs/include/px4_msgs/px4_msgs/msg/detail/battery_status__type_support.c
[9.268s] -- Up-to-date: /home/maizaied03/ros2_ws/install/px4_msgs/include/px4_msgs/px4_msgs/msg/detail/debug_key_value__rosidl_typesupport_introspection_c.h
[9.268s] -- Up-to-date: /home/maizaied03/ros2_ws/install/px4_msgs/include/px4_msgs/px4_msgs/msg/detail/vehicle_attitude__type_support.c
[9.269s] -- Up-to-date: /home/maizaied03/ros2_ws/install/px4_msgs/include/px4_msgs/px4_msgs/msg/detail/vehicle_control_mode__type_support.c
[9.269s] -- Up-to-date: /home/maizaied03/ros2_ws/install/px4_msgs/include/px4_msgs/px4_msgs/msg/detail/airspeed__type_support.c
[9.269s] -- Up-to-date: /home/maizaied03/ros2_ws/install/px4_msgs/include/px4_msgs/px4_msgs/msg/detail/takeoff_status__type_support.c
[9.269s] -- Up-to-date: /home/maizaied03/ros2_ws/install/px4_msgs/include/px4_msgs/px4_msgs/msg/detail/estimator_innovations__rosidl_typesupport_introspection_c.h
[9.269s] -- Up-to-date: /home/maizaied03/ros2_ws/install/px4_msgs/include/px4_msgs/px4_msgs/msg/detail/trajectory_setpoint6dof__type_support.c
[9.269s] -- Up-to-date: /home/maizaied03/ros2_ws/install/px4_msgs/include/px4_msgs/px4_msgs/msg/detail/rtl_status__type_support.c
[9.269s] -- Up-to-date: /home/maizaied03/ros2_ws/install/px4_msgs/include/px4_msgs/px4_msgs/msg/detail/sensor_hygrometer__type_support.c
[9.269s] -- Up-to-date: /home/maizaied03/ros2_ws/install/px4_msgs/include/px4_msgs/px4_msgs/msg/detail/control_allocator_status__rosidl_typesupport_introspection_c.h
[9.269s] -- Up-to-date: /home/maizaied03/ros2_ws/install/px4_msgs/include/px4_msgs/px4_msgs/msg/detail/message_format_response__rosidl_typesupport_introspection_c.h
[9.269s] -- Up-to-date: /home/maizaied03/ros2_ws/install/px4_msgs/include/px4_msgs/px4_msgs/msg/detail/mag_worker_data__type_support.c
[9.269s] -- Up-to-date: /home/maizaied03/ros2_ws/install/px4_msgs/include/px4_msgs/px4_msgs/msg/detail/vehicle_attitude_setpoint__rosidl_typesupport_introspection_c.h
[9.269s] -- Up-to-date: /home/maizaied03/ros2_ws/install/px4_msgs/include/px4_msgs/px4_msgs/msg/detail/mount_orientation__rosidl_typesupport_introspection_c.h
[9.269s] -- Up-to-date: /home/maizaied03/ros2_ws/install/px4_msgs/include/px4_msgs/px4_msgs/msg/detail/vtx__type_support.c
[9.269s] -- Up-to-date: /home/maizaied03/ros2_ws/install/px4_msgs/include/px4_msgs/px4_msgs/msg/detail/sensor_temp__rosidl_typesupport_introspection_c.h
[9.269s] -- Up-to-date: /home/maizaied03/ros2_ws/install/px4_msgs/include/px4_msgs/px4_msgs/msg/detail/normalized_unsigned_setpoint__type_support.c
[9.269s] -- Up-to-date: /home/maizaied03/ros2_ws/install/px4_msgs/include/px4_msgs/px4_msgs/msg/detail/rover_speed_setpoint__type_support.c
[9.269s] -- Up-to-date: /home/maizaied03/ros2_ws/install/px4_msgs/include/px4_msgs/px4_msgs/msg/detail/ulog_stream_ack__rosidl_typesupport_introspection_c.h
[9.269s] -- Up-to-date: /home/maizaied03/ros2_ws/install/px4_msgs/include/px4_msgs/px4_msgs/msg/detail/orb_test_large__rosidl_typesupport_introspection_c.h
[9.270s] -- Up-to-date: /home/maizaied03/ros2_ws/install/px4_msgs/include/px4_msgs/px4_msgs/msg/detail/tune_control__type_support.c
[9.270s] -- Up-to-date: /home/maizaied03/ros2_ws/install/px4_msgs/include/px4_msgs/px4_msgs/msg/detail/landing_target_innovations__type_support.c
[9.270s] -- Up-to-date: /home/maizaied03/ros2_ws/install/px4_msgs/include/px4_msgs/px4_msgs/msg/detail/gpio_out__type_support.c
[9.270s] -- Up-to-date: /home/maizaied03/ros2_ws/install/px4_msgs/include/px4_msgs/px4_msgs/msg/detail/actuator_test__rosidl_typesupport_introspection_c.h
[9.270s] -- Up-to-date: /home/maizaied03/ros2_ws/install/px4_msgs/include/px4_msgs/px4_msgs/msg/detail/pps_capture__rosidl_typesupport_introspection_c.h
[9.270s] -- Up-to-date: /home/maizaied03/ros2_ws/install/px4_msgs/include/px4_msgs/px4_msgs/msg/detail/logger_status__type_support.c
[9.270s] -- Up-to-date: /home/maizaied03/ros2_ws/install/px4_msgs/include/px4_msgs/px4_msgs/msg/detail/sensor_gnss_status__rosidl_typesupport_introspection_c.h
[9.270s] -- Up-to-date: /home/maizaied03/ros2_ws/install/px4_msgs/include/px4_msgs/px4_msgs/msg/detail/estimator_gps_status__rosidl_typesupport_introspection_c.h
[9.270s] -- Up-to-date: /home/maizaied03/ros2_ws/install/px4_msgs/include/px4_msgs/px4_msgs/msg/detail/rover_steering_setpoint__type_support.c
[9.270s] -- Up-to-date: /home/maizaied03/ros2_ws/install/px4_msgs/include/px4_msgs/px4_msgs/msg/detail/mag_worker_data__rosidl_typesupport_introspection_c.h
[9.270s] -- Up-to-date: /home/maizaied03/ros2_ws/install/px4_msgs/include/px4_msgs/px4_msgs/msg/detail/action_request__rosidl_typesupport_introspection_c.h
[9.270s] -- Up-to-date: /home/maizaied03/ros2_ws/install/px4_msgs/include/px4_msgs/px4_msgs/msg/detail/landing_gear_wheel__type_support.c
[9.270s] -- Up-to-date: /home/maizaied03/ros2_ws/install/px4_msgs/include/px4_msgs/px4_msgs/msg/detail/open_drone_id_operator_id__rosidl_typesupport_introspection_c.h
[9.270s] -- Up-to-date: /home/maizaied03/ros2_ws/install/px4_msgs/include/px4_msgs/px4_msgs/msg/detail/actuator_controls_status__type_support.c
[9.270s] -- Up-to-date: /home/maizaied03/ros2_ws/install/px4_msgs/include/px4_msgs/px4_msgs/msg/detail/ping__type_support.c
[9.270s] -- Up-to-date: /home/maizaied03/ros2_ws/install/px4_msgs/include/px4_msgs/px4_msgs/msg/detail/sensor_airflow__rosidl_typesupport_introspection_c.h
[9.270s] -- Up-to-date: /home/maizaied03/ros2_ws/install/px4_msgs/include/px4_msgs/px4_msgs/msg/detail/sensor_combined__type_support.c
[9.270s] -- Up-to-date: /home/maizaied03/ros2_ws/install/px4_msgs/include/px4_msgs/px4_msgs/msg/detail/sensor_gyro_fifo__rosidl_typesupport_introspection_c.h
[9.270s] -- Up-to-date: /home/maizaied03/ros2_ws/install/px4_msgs/include/px4_msgs/px4_msgs/msg/detail/rover_rate_status__rosidl_typesupport_introspection_c.h
[9.270s] -- Up-to-date: /home/maizaied03/ros2_ws/install/px4_msgs/include/px4_msgs/px4_msgs/msg/detail/power_monitor__type_support.c
[9.270s] -- Up-to-date: /home/maizaied03/ros2_ws/install/px4_msgs/include/px4_msgs/px4_msgs/msg/detail/orbit_status__type_support.c
[9.270s] -- Up-to-date: /home/maizaied03/ros2_ws/install/px4_msgs/include/px4_msgs/px4_msgs/msg/detail/radio_status__rosidl_typesupport_introspection_c.h
[9.270s] -- Up-to-date: /home/maizaied03/ros2_ws/install/px4_msgs/include/px4_msgs/px4_msgs/msg/detail/parameter_set_used_request__rosidl_typesupport_introspection_c.h
[9.270s] -- Up-to-date: /home/maizaied03/ros2_ws/install/px4_msgs/include/px4_msgs/px4_msgs/msg/detail/timesync_status__type_support.c
[9.270s] -- Up-to-date: /home/maizaied03/ros2_ws/install/px4_msgs/include/px4_msgs/px4_msgs/msg/detail/generator_status__type_support.c
[9.270s] -- Up-to-date: /home/maizaied03/ros2_ws/install/px4_msgs/include/px4_msgs/px4_msgs/msg/detail/button_event__type_support.c
[9.270s] -- Up-to-date: /home/maizaied03/ros2_ws/install/px4_msgs/include/px4_msgs/px4_msgs/msg/detail/ulog_stream__rosidl_typesupport_introspection_c.h
[9.270s] -- Up-to-date: /home/maizaied03/ros2_ws/install/px4_msgs/include/px4_msgs/px4_msgs/msg/detail/gimbal_controls__rosidl_typesupport_introspection_c.h
[9.271s] -- Up-to-date: /home/maizaied03/ros2_ws/install/px4_msgs/include/px4_msgs/px4_msgs/msg/detail/vehicle_roi__type_support.c
[9.271s] -- Up-to-date: /home/maizaied03/ros2_ws/install/px4_msgs/include/px4_msgs/px4_msgs/msg/detail/debug_value__type_support.c
[9.271s] -- Up-to-date: /home/maizaied03/ros2_ws/install/px4_msgs/include/px4_msgs/px4_msgs/msg/detail/estimator_event_flags__rosidl_typesupport_introspection_c.h
[9.271s] -- Up-to-date: /home/maizaied03/ros2_ws/install/px4_msgs/include/px4_msgs/px4_msgs/msg/detail/follow_target_estimator__type_support.c
[9.271s] -- Up-to-date: /home/maizaied03/ros2_ws/install/px4_msgs/include/px4_msgs/px4_msgs/msg/detail/onboard_computer_status__type_support.c
[9.271s] -- Up-to-date: /home/maizaied03/ros2_ws/install/px4_msgs/include/px4_msgs/px4_msgs/msg/detail/yaw_estimator_status__type_support.c
[9.271s] -- Up-to-date: /home/maizaied03/ros2_ws/install/px4_msgs/include/px4_msgs/px4_msgs/msg/detail/fixed_wing_lateral_guidance_status__type_support.c
[9.271s] -- Up-to-date: /home/maizaied03/ros2_ws/install/px4_msgs/include/px4_msgs/px4_msgs/msg/detail/airspeed_wind__type_support.c
[9.271s] -- Up-to-date: /home/maizaied03/ros2_ws/install/px4_msgs/include/px4_msgs/px4_msgs/msg/detail/navigator_status__type_support.c
[9.271s] -- Up-to-date: /home/maizaied03/ros2_ws/install/px4_msgs/include/px4_msgs/px4_msgs/msg/detail/airspeed_validated__rosidl_typesupport_introspection_c.h
[9.271s] -- Up-to-date: /home/maizaied03/ros2_ws/install/px4_msgs/include/px4_msgs/px4_msgs/msg/detail/actuator_outputs__type_support.c
[9.271s] -- Up-to-date: /home/maizaied03/ros2_ws/install/px4_msgs/include/px4_msgs/px4_msgs/msg/detail/vehicle_rates_setpoint__type_support.c
[9.271s] -- Up-to-date: /home/maizaied03/ros2_ws/install/px4_msgs/include/px4_msgs/px4_msgs/msg/detail/button_event__rosidl_typesupport_introspection_c.h
[9.271s] -- Up-to-date: /home/maizaied03/ros2_ws/install/px4_msgs/include/px4_msgs/px4_msgs/msg/detail/gripper__type_support.c
[9.271s] -- Up-to-date: /home/maizaied03/ros2_ws/install/px4_msgs/include/px4_msgs/px4_msgs/msg/detail/trajectory_setpoint__rosidl_typesupport_introspection_c.h
[9.271s] -- Up-to-date: /home/maizaied03/ros2_ws/install/px4_msgs/include/px4_msgs/px4_msgs/msg/detail/satellite_info__rosidl_typesupport_introspection_c.h
[9.271s] -- Up-to-date: /home/maizaied03/ros2_ws/install/px4_msgs/include/px4_msgs/px4_msgs/msg/detail/sensor_mag__type_support.c
[9.271s] -- Up-to-date: /home/maizaied03/ros2_ws/install/px4_msgs/include/px4_msgs/px4_msgs/msg/detail/vehicle_local_position_setpoint__type_support.c
[9.271s] -- Up-to-date: /home/maizaied03/ros2_ws/install/px4_msgs/include/px4_msgs/px4_msgs/msg/detail/message_format_request__type_support.c
[9.271s] -- Up-to-date: /home/maizaied03/ros2_ws/install/px4_msgs/include/px4_msgs/px4_msgs/msg/detail/orb_test_medium__rosidl_typesupport_introspection_c.h
[9.271s] -- Up-to-date: /home/maizaied03/ros2_ws/install/px4_msgs/include/px4_msgs/px4_msgs/msg/detail/navigator_mission_item__type_support.c
[9.271s] -- Up-to-date: /home/maizaied03/ros2_ws/install/px4_msgs/include/px4_msgs/px4_msgs/msg/detail/sensor_baro__type_support.c
[9.271s] -- Up-to-date: /home/maizaied03/ros2_ws/install/px4_msgs/include/px4_msgs/px4_msgs/msg/detail/event__rosidl_typesupport_introspection_c.h
[9.271s] -- Up-to-date: /home/maizaied03/ros2_ws/install/px4_msgs/include/px4_msgs/px4_msgs/msg/detail/arming_check_reply__rosidl_typesupport_introspection_c.h
[9.271s] -- Up-to-date: /home/maizaied03/ros2_ws/install/px4_msgs/include/px4_msgs/px4_msgs/msg/detail/led_control__type_support.c
[9.271s] -- Up-to-date: /home/maizaied03/ros2_ws/install/px4_msgs/include/px4_msgs/px4_msgs/msg/detail/sensor_selection__type_support.c
[9.271s] -- Up-to-date: /home/maizaied03/ros2_ws/install/px4_msgs/include/px4_msgs/px4_msgs/msg/detail/cellular_status__rosidl_typesupport_introspection_c.h
[9.272s] -- Up-to-date: /home/maizaied03/ros2_ws/install/px4_msgs/include/px4_msgs/px4_msgs/msg/detail/wheel_encoders__rosidl_typesupport_introspection_c.h
[9.272s] -- Up-to-date: /home/maizaied03/ros2_ws/install/px4_msgs/include/px4_msgs/px4_msgs/msg/detail/magnetometer_bias_estimate__rosidl_typesupport_introspection_c.h
[9.272s] -- Up-to-date: /home/maizaied03/ros2_ws/install/px4_msgs/include/px4_msgs/px4_msgs/msg/detail/position_setpoint_triplet__type_support.c
[9.272s] -- Up-to-date: /home/maizaied03/ros2_ws/install/px4_msgs/include/px4_msgs/px4_msgs/msg/detail/geofence_status__rosidl_typesupport_introspection_c.h
[9.272s] -- Up-to-date: /home/maizaied03/ros2_ws/install/px4_msgs/include/px4_msgs/px4_msgs/msg/detail/position_setpoint_triplet__rosidl_typesupport_introspection_c.h
[9.272s] -- Up-to-date: /home/maizaied03/ros2_ws/install/px4_msgs/include/px4_msgs/px4_msgs/msg/detail/position_controller_status__rosidl_typesupport_introspection_c.h
[9.272s] -- Up-to-date: /home/maizaied03/ros2_ws/install/px4_msgs/include/px4_msgs/px4_msgs/msg/detail/mavlink_tunnel__type_support.c
[9.272s] -- Up-to-date: /home/maizaied03/ros2_ws/install/px4_msgs/include/px4_msgs/px4_msgs/msg/detail/health_report__rosidl_typesupport_introspection_c.h
[9.272s] -- Up-to-date: /home/maizaied03/ros2_ws/install/px4_msgs/include/px4_msgs/px4_msgs/msg/detail/fixed_wing_lateral_status__type_support.c
[9.272s] -- Up-to-date: /home/maizaied03/ros2_ws/install/px4_msgs/include/px4_msgs/px4_msgs/msg/detail/airspeed_wind__rosidl_typesupport_introspection_c.h
[9.272s] -- Up-to-date: /home/maizaied03/ros2_ws/install/px4_msgs/include/px4_msgs/px4_msgs/msg/detail/open_drone_id_arm_status__rosidl_typesupport_introspection_c.h
[9.272s] -- Up-to-date: /home/maizaied03/ros2_ws/install/px4_msgs/include/px4_msgs/px4_msgs/msg/detail/mission__type_support.c
[9.272s] -- Up-to-date: /home/maizaied03/ros2_ws/install/px4_msgs/include/px4_msgs/px4_msgs/msg/detail/open_drone_id_self_id__type_support.c
[9.272s] -- Up-to-date: /home/maizaied03/ros2_ws/install/px4_msgs/include/px4_msgs/px4_msgs/msg/detail/vehicle_local_position__rosidl_typesupport_introspection_c.h
[9.272s] -- Up-to-date: /home/maizaied03/ros2_ws/install/px4_msgs/include/px4_msgs/px4_msgs/msg/detail/vehicle_global_position__rosidl_typesupport_introspection_c.h
[9.272s] -- Up-to-date: /home/maizaied03/ros2_ws/install/px4_msgs/include/px4_msgs/px4_msgs/msg/detail/follow_target_estimator__rosidl_typesupport_introspection_c.h
[9.272s] -- Up-to-date: /home/maizaied03/ros2_ws/install/px4_msgs/include/px4_msgs/px4_msgs/msg/detail/rate_ctrl_status__rosidl_typesupport_introspection_c.h
[9.272s] -- Up-to-date: /home/maizaied03/ros2_ws/install/px4_msgs/include/px4_msgs/px4_msgs/msg/detail/fixed_wing_runway_control__rosidl_typesupport_introspection_c.h
[9.272s] -- Up-to-date: /home/maizaied03/ros2_ws/install/px4_msgs/include/px4_msgs/px4_msgs/msg/detail/heater_status__rosidl_typesupport_introspection_c.h
[9.272s] -- Up-to-date: /home/maizaied03/ros2_ws/install/px4_msgs/include/px4_msgs/px4_msgs/msg/detail/orbit_status__rosidl_typesupport_introspection_c.h
[9.272s] -- Up-to-date: /home/maizaied03/ros2_ws/install/px4_msgs/include/px4_msgs/px4_msgs/msg/detail/mode_completed__rosidl_typesupport_introspection_c.h
[9.272s] -- Up-to-date: /home/maizaied03/ros2_ws/install/px4_msgs/include/px4_msgs/px4_msgs/msg/detail/estimator_aid_source1d__rosidl_typesupport_introspection_c.h
[9.272s] -- Up-to-date: /home/maizaied03/ros2_ws/install/px4_msgs/include/px4_msgs/px4_msgs/msg/detail/uavcan_parameter_value__type_support.c
[9.273s] -- Up-to-date: /home/maizaied03/ros2_ws/install/px4_msgs/include/px4_msgs/px4_msgs/msg/detail/rate_ctrl_status__type_support.c
[9.273s] -- Up-to-date: /home/maizaied03/ros2_ws/install/px4_msgs/include/px4_msgs/px4_msgs/msg/detail/gimbal_manager_information__type_support.c
[9.273s] -- Up-to-date: /home/maizaied03/ros2_ws/install/px4_msgs/include/px4_msgs/px4_msgs/msg/detail/sensor_correction__rosidl_typesupport_introspection_c.h
[9.273s] -- Up-to-date: /home/maizaied03/ros2_ws/install/px4_msgs/include/px4_msgs/px4_msgs/msg/detail/gps_inject_data__rosidl_typesupport_introspection_c.h
[9.273s] -- Up-to-date: /home/maizaied03/ros2_ws/install/px4_msgs/include/px4_msgs/px4_msgs/msg/detail/message_format_request__rosidl_typesupport_introspection_c.h
[9.273s] -- Up-to-date: /home/maizaied03/ros2_ws/install/px4_msgs/include/px4_msgs/px4_msgs/msg/detail/gimbal_manager_information__rosidl_typesupport_introspection_c.h
[9.273s] -- Up-to-date: /home/maizaied03/ros2_ws/install/px4_msgs/include/px4_msgs/px4_msgs/msg/detail/parameter_set_value_response__rosidl_typesupport_introspection_c.h
[9.273s] -- Up-to-date: /home/maizaied03/ros2_ws/install/px4_msgs/include/px4_msgs/px4_msgs/msg/detail/fixed_wing_longitudinal_setpoint__rosidl_typesupport_introspection_c.h
[9.273s] -- Up-to-date: /home/maizaied03/ros2_ws/install/px4_msgs/include/px4_msgs/px4_msgs/msg/detail/vtol_vehicle_status__rosidl_typesupport_introspection_c.h
[9.273s] -- Up-to-date: /home/maizaied03/ros2_ws/install/px4_msgs/include/px4_msgs/px4_msgs/msg/detail/normalized_unsigned_setpoint__rosidl_typesupport_introspection_c.h
[9.273s] -- Up-to-date: /home/maizaied03/ros2_ws/install/px4_msgs/include/px4_msgs/px4_msgs/msg/detail/rc_channels__rosidl_typesupport_introspection_c.h
[9.273s] -- Up-to-date: /home/maizaied03/ros2_ws/install/px4_msgs/include/px4_msgs/px4_msgs/msg/detail/home_position__rosidl_typesupport_introspection_c.h
[9.273s] -- Up-to-date: /home/maizaied03/ros2_ws/install/px4_msgs/include/px4_msgs/px4_msgs/msg/detail/power_button_state__type_support.c
[9.273s] -- Up-to-date: /home/maizaied03/ros2_ws/install/px4_msgs/include/px4_msgs/px4_msgs/msg/detail/gimbal_device_attitude_status__rosidl_typesupport_introspection_c.h
[9.273s] -- Up-to-date: /home/maizaied03/ros2_ws/install/px4_msgs/include/px4_msgs/px4_msgs/msg/detail/vehicle_attitude_setpoint__type_support.c
[9.273s] -- Up-to-date: /home/maizaied03/ros2_ws/install/px4_msgs/include/px4_msgs/px4_msgs/msg/detail/trajectory_setpoint__type_support.c
[9.273s] -- Up-to-date: /home/maizaied03/ros2_ws/install/px4_msgs/include/px4_msgs/px4_msgs/msg/detail/actuator_servos__rosidl_typesupport_introspection_c.h
[9.274s] -- Up-to-date: /home/maizaied03/ros2_ws/install/px4_msgs/include/px4_msgs/px4_msgs/msg/detail/mission_result__type_support.c
[9.274s] -- Up-to-date: /home/maizaied03/ros2_ws/install/px4_msgs/include/px4_msgs/px4_msgs/msg/detail/vehicle_odometry__rosidl_typesupport_introspection_c.h
[9.274s] -- Up-to-date: /home/maizaied03/ros2_ws/install/px4_msgs/include/px4_msgs/px4_msgs/msg/detail/dataman_response__type_support.c
[9.274s] -- Up-to-date: /home/maizaied03/ros2_ws/install/px4_msgs/include/px4_msgs/px4_msgs/msg/detail/differential_pressure__type_support.c
[9.274s] -- Up-to-date: /home/maizaied03/ros2_ws/install/px4_msgs/include/px4_msgs/px4_msgs/msg/detail/raptor_input__rosidl_typesupport_introspection_c.h
[9.274s] -- Up-to-date: /home/maizaied03/ros2_ws/install/px4_msgs/include/px4_msgs/px4_msgs/msg/detail/distance_sensor__rosidl_typesupport_introspection_c.h
[9.274s] -- Up-to-date: /home/maizaied03/ros2_ws/install/px4_msgs/include/px4_msgs/px4_msgs/msg/detail/gpio_in__type_support.c
[9.274s] -- Up-to-date: /home/maizaied03/ros2_ws/install/px4_msgs/include/px4_msgs/px4_msgs/msg/detail/arming_check_reply__type_support.c
[9.274s] -- Up-to-date: /home/maizaied03/ros2_ws/install/px4_msgs/include/px4_msgs/px4_msgs/msg/detail/mission_result__rosidl_typesupport_introspection_c.h
[9.274s] -- Up-to-date: /home/maizaied03/ros2_ws/install/px4_msgs/include/px4_msgs/px4_msgs/msg/detail/sensor_gps__rosidl_typesupport_introspection_c.h
[9.274s] -- Up-to-date: /home/maizaied03/ros2_ws/install/px4_msgs/include/px4_msgs/px4_msgs/msg/detail/vehicle_imu__rosidl_typesupport_introspection_c.h
[9.274s] -- Up-to-date: /home/maizaied03/ros2_ws/install/px4_msgs/include/px4_msgs/px4_msgs/msg/detail/gimbal_manager_status__type_support.c
[9.274s] -- Up-to-date: /home/maizaied03/ros2_ws/install/px4_msgs/include/px4_msgs/px4_msgs/msg/detail/manual_control_switches__type_support.c
[9.274s] -- Up-to-date: /home/maizaied03/ros2_ws/install/px4_msgs/include/px4_msgs/px4_msgs/msg/detail/sensors_status__type_support.c
[9.274s] -- Up-to-date: /home/maizaied03/ros2_ws/install/px4_msgs/include/px4_msgs/px4_msgs/msg/detail/follow_target_status__rosidl_typesupport_introspection_c.h
[9.274s] -- Up-to-date: /home/maizaied03/ros2_ws/install/px4_msgs/include/px4_msgs/px4_msgs/msg/detail/mission__rosidl_typesupport_introspection_c.h
[9.274s] -- Up-to-date: /home/maizaied03/ros2_ws/install/px4_msgs/include/px4_msgs/px4_msgs/msg/detail/distance_sensor_mode_change_request__type_support.c
[9.274s] -- Up-to-date: /home/maizaied03/ros2_ws/install/px4_msgs/include/px4_msgs/px4_msgs/msg/detail/collision_constraints__type_support.c
[9.274s] -- Up-to-date: /home/maizaied03/ros2_ws/install/px4_msgs/include/px4_msgs/px4_msgs/msg/detail/wind__type_support.c
[9.274s] -- Up-to-date: /home/maizaied03/ros2_ws/install/px4_msgs/include/px4_msgs/px4_msgs/msg/detail/orb_test_medium__type_support.c
[9.274s] -- Up-to-date: /home/maizaied03/ros2_ws/install/px4_msgs/include/px4_msgs/px4_msgs/msg/detail/navigator_mission_item__rosidl_typesupport_introspection_c.h
[9.274s] -- Up-to-date: /home/maizaied03/ros2_ws/install/px4_msgs/include/px4_msgs/px4_msgs/msg/detail/iridiumsbd_status__type_support.c
[9.274s] -- Up-to-date: /home/maizaied03/ros2_ws/install/px4_msgs/include/px4_msgs/px4_msgs/msg/detail/event__type_support.c
[9.274s] -- Up-to-date: /home/maizaied03/ros2_ws/install/px4_msgs/include/px4_msgs/px4_msgs/msg/detail/actuator_armed__rosidl_typesupport_introspection_c.h
[9.274s] -- Up-to-date: /home/maizaied03/ros2_ws/install/px4_msgs/include/px4_msgs/px4_msgs/msg/detail/collision_constraints__rosidl_typesupport_introspection_c.h
[9.274s] -- Up-to-date: /home/maizaied03/ros2_ws/install/px4_msgs/include/px4_msgs/px4_msgs/msg/detail/gpio_out__rosidl_typesupport_introspection_c.h
[9.274s] -- Up-to-date: /home/maizaied03/ros2_ws/install/px4_msgs/include/px4_msgs/px4_msgs/msg/detail/fixed_wing_lateral_setpoint__type_support.c
[9.275s] -- Up-to-date: /home/maizaied03/ros2_ws/install/px4_msgs/include/px4_msgs/px4_msgs/msg/detail/fixed_wing_lateral_setpoint__rosidl_typesupport_introspection_c.h
[9.275s] -- Up-to-date: /home/maizaied03/ros2_ws/install/px4_msgs/include/px4_msgs/px4_msgs/msg/detail/actuator_test__type_support.c
[9.275s] -- Up-to-date: /home/maizaied03/ros2_ws/install/px4_msgs/include/px4_msgs/px4_msgs/msg/detail/rover_position_setpoint__type_support.c
[9.275s] -- Up-to-date: /home/maizaied03/ros2_ws/install/px4_msgs/include/px4_msgs/px4_msgs/msg/detail/ekf2_timestamps__rosidl_typesupport_introspection_c.h
[9.275s] -- Up-to-date: /home/maizaied03/ros2_ws/install/px4_msgs/include/px4_msgs/px4_msgs/msg/detail/takeoff_status__rosidl_typesupport_introspection_c.h
[9.275s] -- Up-to-date: /home/maizaied03/ros2_ws/install/px4_msgs/include/px4_msgs/px4_msgs/msg/detail/vehicle_optical_flow__rosidl_typesupport_introspection_c.h
[9.275s] -- Up-to-date: /home/maizaied03/ros2_ws/install/px4_msgs/include/px4_msgs/px4_msgs/msg/detail/estimator_status_flags__type_support.c
[9.275s] -- Up-to-date: /home/maizaied03/ros2_ws/install/px4_msgs/include/px4_msgs/px4_msgs/msg/detail/vehicle_command_ack__rosidl_typesupport_introspection_c.h
[9.275s] -- Up-to-date: /home/maizaied03/ros2_ws/install/px4_msgs/include/px4_msgs/px4_msgs/msg/detail/rtl_time_estimate__rosidl_typesupport_introspection_c.h
[9.275s] -- Up-to-date: /home/maizaied03/ros2_ws/install/px4_msgs/include/px4_msgs/px4_msgs/msg/detail/config_overrides__type_support.c
[9.275s] -- Up-to-date: /home/maizaied03/ros2_ws/install/px4_msgs/include/px4_msgs/px4_msgs/msg/detail/ulog_stream__type_support.c
[9.275s] -- Up-to-date: /home/maizaied03/ros2_ws/install/px4_msgs/include/px4_msgs/px4_msgs/msg/detail/input_rc__type_support.c
[9.275s] -- Up-to-date: /home/maizaied03/ros2_ws/install/px4_msgs/include/px4_msgs/px4_msgs/msg/detail/position_controller_landing_status__rosidl_typesupport_introspection_c.h
[9.275s] -- Up-to-date: /home/maizaied03/ros2_ws/install/px4_msgs/include/px4_msgs/px4_msgs/msg/detail/debug_array__rosidl_typesupport_introspection_c.h
[9.275s] -- Up-to-date: /home/maizaied03/ros2_ws/install/px4_msgs/include/px4_msgs/px4_msgs/msg/detail/transponder_report__rosidl_typesupport_introspection_c.h
[9.275s] -- Up-to-date: /home/maizaied03/ros2_ws/install/px4_msgs/include/px4_msgs/px4_msgs/msg/detail/register_ext_component_request__rosidl_typesupport_introspection_c.h
[9.275s] -- Up-to-date: /home/maizaied03/ros2_ws/install/px4_msgs/include/px4_msgs/px4_msgs/msg/detail/estimator_gps_status__type_support.c
[9.275s] -- Up-to-date: /home/maizaied03/ros2_ws/install/px4_msgs/include/px4_msgs/px4_msgs/msg/detail/failsafe_flags__rosidl_typesupport_introspection_c.h
[9.275s] -- Up-to-date: /home/maizaied03/ros2_ws/install/px4_msgs/include/px4_msgs/px4_msgs/msg/detail/transponder_report__type_support.c
[9.275s] -- Up-to-date: /home/maizaied03/ros2_ws/install/px4_msgs/include/px4_msgs/px4_msgs/msg/detail/rc_parameter_map__rosidl_typesupport_introspection_c.h
[9.275s] -- Up-to-date: /home/maizaied03/ros2_ws/install/px4_msgs/include/px4_msgs/px4_msgs/msg/detail/input_rc__rosidl_typesupport_introspection_c.h
[9.275s] -- Up-to-date: /home/maizaied03/ros2_ws/install/px4_msgs/include/px4_msgs/px4_msgs/msg/detail/debug_value__rosidl_typesupport_introspection_c.h
[9.275s] -- Up-to-date: /home/maizaied03/ros2_ws/install/px4_msgs/include/px4_msgs/px4_msgs/msg/detail/sensor_temp__type_support.c
[9.275s] -- Up-to-date: /home/maizaied03/ros2_ws/install/px4_msgs/include/px4_msgs/px4_msgs/msg/detail/can_interface_status__rosidl_typesupport_introspection_c.h
[9.275s] -- Up-to-date: /home/maizaied03/ros2_ws/install/px4_msgs/include/px4_msgs/px4_msgs/msg/detail/gimbal_manager_status__rosidl_typesupport_introspection_c.h
[9.275s] -- Up-to-date: /home/maizaied03/ros2_ws/install/px4_msgs/include/px4_msgs/px4_msgs/msg/detail/task_stack_info__rosidl_typesupport_introspection_c.h
[9.275s] -- Up-to-date: /home/maizaied03/ros2_ws/install/px4_msgs/include/px4_msgs/px4_msgs/msg/detail/adc_report__type_support.c
[9.275s] -- Up-to-date: /home/maizaied03/ros2_ws/install/px4_msgs/include/px4_msgs/px4_msgs/msg/detail/sensor_gyro_fft__type_support.c
[9.276s] -- Up-to-date: /home/maizaied03/ros2_ws/install/px4_msgs/include/px4_msgs/px4_msgs/msg/detail/vehicle_imu__type_support.c
[9.276s] -- Up-to-date: /home/maizaied03/ros2_ws/install/px4_msgs/include/px4_msgs/px4_msgs/msg/detail/dataman_request__type_support.c
[9.276s] -- Up-to-date: /home/maizaied03/ros2_ws/install/px4_msgs/include/px4_msgs/px4_msgs/msg/detail/vehicle_optical_flow_vel__type_support.c
[9.276s] -- Up-to-date: /home/maizaied03/ros2_ws/install/px4_msgs/include/px4_msgs/px4_msgs/msg/detail/sensor_selection__rosidl_typesupport_introspection_c.h
[9.276s] -- Up-to-date: /home/maizaied03/ros2_ws/install/px4_msgs/include/px4_msgs/px4_msgs/msg/detail/system_power__rosidl_typesupport_introspection_c.h
[9.276s] -- Up-to-date: /home/maizaied03/ros2_ws/install/px4_msgs/include/px4_msgs/px4_msgs/msg/detail/rover_throttle_setpoint__type_support.c
[9.276s] -- Up-to-date: /home/maizaied03/ros2_ws/install/px4_msgs/include/px4_msgs/px4_msgs/msg/detail/sensor_gnss_relative__type_support.c
[9.276s] -- Up-to-date: /home/maizaied03/ros2_ws/install/px4_msgs/include/px4_msgs/px4_msgs/msg/detail/vehicle_imu_status__type_support.c
[9.276s] -- Up-to-date: /home/maizaied03/ros2_ws/install/px4_msgs/include/px4_msgs/px4_msgs/msg/detail/vehicle_land_detected__type_support.c
[9.276s] -- Up-to-date: /home/maizaied03/ros2_ws/install/px4_msgs/include/px4_msgs/px4_msgs/msg/detail/log_message__rosidl_typesupport_introspection_c.h
[9.276s] -- Up-to-date: /home/maizaied03/ros2_ws/install/px4_msgs/include/px4_msgs/px4_msgs/msg/detail/sensors_status_imu__rosidl_typesupport_introspection_c.h
[9.276s] -- Up-to-date: /home/maizaied03/ros2_ws/install/px4_msgs/include/px4_msgs/px4_msgs/msg/detail/control_allocator_status__type_support.c
[9.276s] -- Up-to-date: /home/maizaied03/ros2_ws/install/px4_msgs/include/px4_msgs/px4_msgs/msg/detail/vehicle_acceleration__rosidl_typesupport_introspection_c.h
[9.276s] -- Up-to-date: /home/maizaied03/ros2_ws/install/px4_msgs/include/px4_msgs/px4_msgs/msg/detail/gimbal_device_set_attitude__rosidl_typesupport_introspection_c.h
[9.276s] -- Up-to-date: /home/maizaied03/ros2_ws/install/px4_msgs/include/px4_msgs/px4_msgs/msg/detail/estimator_aid_source3d__rosidl_typesupport_introspection_c.h
[9.276s] -- Up-to-date: /home/maizaied03/ros2_ws/install/px4_msgs/include/px4_msgs/px4_msgs/msg/detail/yaw_estimator_status__rosidl_typesupport_introspection_c.h
[9.276s] -- Up-to-date: /home/maizaied03/ros2_ws/install/px4_msgs/include/px4_msgs/px4_msgs/msg/detail/landing_gear__type_support.c
[9.276s] -- Up-to-date: /home/maizaied03/ros2_ws/install/px4_msgs/include/px4_msgs/px4_msgs/msg/detail/sensor_gyro__type_support.c
[9.276s] -- Up-to-date: /home/maizaied03/ros2_ws/install/px4_msgs/include/px4_msgs/px4_msgs/msg/detail/sensor_accel_fifo__type_support.c
[9.276s] -- Up-to-date: /home/maizaied03/ros2_ws/install/px4_msgs/include/px4_msgs/px4_msgs/msg/detail/vehicle_control_mode__rosidl_typesupport_introspection_c.h
[9.276s] -- Up-to-date: /home/maizaied03/ros2_ws/install/px4_msgs/include/px4_msgs/px4_msgs/msg/detail/position_controller_landing_status__type_support.c
[9.276s] -- Up-to-date: /home/maizaied03/ros2_ws/install/px4_msgs/include/px4_msgs/px4_msgs/msg/detail/rtl_status__rosidl_typesupport_introspection_c.h
[9.276s] -- Up-to-date: /home/maizaied03/ros2_ws/install/px4_msgs/include/px4_msgs/px4_msgs/msg/detail/offboard_control_mode__rosidl_typesupport_introspection_c.h
[9.277s] -- Up-to-date: /home/maizaied03/ros2_ws/install/px4_msgs/include/px4_msgs/px4_msgs/msg/detail/sensor_accel__rosidl_typesupport_introspection_c.h
[9.277s] -- Up-to-date: /home/maizaied03/ros2_ws/install/px4_msgs/include/px4_msgs/px4_msgs/msg/detail/figure_eight_status__rosidl_typesupport_introspection_c.h
[9.277s] -- Up-to-date: /home/maizaied03/ros2_ws/install/px4_msgs/include/px4_msgs/px4_msgs/msg/detail/register_ext_component_reply__rosidl_typesupport_introspection_c.h
[9.277s] -- Up-to-date: /home/maizaied03/ros2_ws/install/px4_msgs/include/px4_msgs/px4_msgs/msg/detail/can_interface_status__type_support.c
[9.277s] -- Up-to-date: /home/maizaied03/ros2_ws/install/px4_msgs/include/px4_msgs/px4_msgs/msg/detail/parameter_reset_request__rosidl_typesupport_introspection_c.h
[9.277s] -- Up-to-date: /home/maizaied03/ros2_ws/install/px4_msgs/include/px4_msgs/px4_msgs/msg/detail/gimbal_manager_set_attitude__rosidl_typesupport_introspection_c.h
[9.277s] -- Up-to-date: /home/maizaied03/ros2_ws/install/px4_msgs/include/px4_msgs/px4_msgs/msg/detail/qshell_retval__type_support.c
[9.277s] -- Up-to-date: /home/maizaied03/ros2_ws/install/px4_msgs/include/px4_msgs/px4_msgs/msg/detail/sensor_airflow__type_support.c
[9.277s] -- Up-to-date: /home/maizaied03/ros2_ws/install/px4_msgs/include/px4_msgs/px4_msgs/msg/detail/raptor_status__type_support.c
[9.277s] -- Up-to-date: /home/maizaied03/ros2_ws/install/px4_msgs/include/px4_msgs/px4_msgs/msg/detail/parameter_update__rosidl_typesupport_introspection_c.h
[9.277s] -- Up-to-date: /home/maizaied03/ros2_ws/install/px4_msgs/include/px4_msgs/px4_msgs/msg/detail/velocity_limits__rosidl_typesupport_introspection_c.h
[9.277s] -- Up-to-date: /home/maizaied03/ros2_ws/install/px4_msgs/include/px4_msgs/px4_msgs/msg/detail/uavcan_parameter_request__rosidl_typesupport_introspection_c.h
[9.277s] -- Up-to-date: /home/maizaied03/ros2_ws/install/px4_msgs/include/px4_msgs/px4_msgs/msg/detail/goto_setpoint__type_support.c
[9.277s] -- Up-to-date: /home/maizaied03/ros2_ws/install/px4_msgs/include/px4_msgs/px4_msgs/msg/detail/vtx__rosidl_typesupport_introspection_c.h
[9.277s] -- Up-to-date: /home/maizaied03/ros2_ws/install/px4_msgs/include/px4_msgs/px4_msgs/msg/detail/gripper__rosidl_typesupport_introspection_c.h
[9.277s] -- Up-to-date: /home/maizaied03/ros2_ws/install/px4_msgs/include/px4_msgs/px4_msgs/msg/detail/rpm__type_support.c
[9.277s] -- Up-to-date: /home/maizaied03/ros2_ws/install/px4_msgs/include/px4_msgs/px4_msgs/msg/detail/esc_status__type_support.c
[9.277s] -- Up-to-date: /home/maizaied03/ros2_ws/install/px4_msgs/include/px4_msgs/px4_msgs/msg/detail/vehicle_local_position__type_support.c
[9.277s] -- Up-to-date: /home/maizaied03/ros2_ws/install/px4_msgs/include/px4_msgs/px4_msgs/msg/detail/wheel_encoders__type_support.c
[9.277s] -- Up-to-date: /home/maizaied03/ros2_ws/install/px4_msgs/include/px4_msgs/px4_msgs/msg/detail/estimator_status__type_support.c
[9.277s] -- Up-to-date: /home/maizaied03/ros2_ws/install/px4_msgs/include/px4_msgs/px4_msgs/msg/detail/velocity_limits__type_support.c
[9.277s] -- Up-to-date: /home/maizaied03/ros2_ws/install/px4_msgs/include/px4_msgs/px4_msgs/msg/detail/heater_status__type_support.c
[9.277s] -- Up-to-date: /home/maizaied03/ros2_ws/install/px4_msgs/include/px4_msgs/px4_msgs/msg/detail/dataman_response__rosidl_typesupport_introspection_c.h
[9.277s] -- Up-to-date: /home/maizaied03/ros2_ws/install/px4_msgs/include/px4_msgs/px4_msgs/msg/detail/navigator_status__rosidl_typesupport_introspection_c.h
[9.277s] -- Up-to-date: /home/maizaied03/ros2_ws/install/px4_msgs/include/px4_msgs/px4_msgs/msg/detail/sensor_uwb__type_support.c
[9.277s] -- Up-to-date: /home/maizaied03/ros2_ws/install/px4_msgs/include/px4_msgs/px4_msgs/msg/detail/debug_vect__type_support.c
[9.277s] -- Up-to-date: /home/maizaied03/ros2_ws/install/px4_msgs/include/px4_msgs/px4_msgs/msg/detail/rtl_time_estimate__type_support.c
[9.278s] -- Up-to-date: /home/maizaied03/ros2_ws/install/px4_msgs/include/px4_msgs/px4_msgs/msg/detail/telemetry_status__rosidl_typesupport_introspection_c.h
[9.278s] -- Up-to-date: /home/maizaied03/ros2_ws/install/px4_msgs/include/px4_msgs/px4_msgs/msg/detail/power_monitor__rosidl_typesupport_introspection_c.h
[9.278s] -- Up-to-date: /home/maizaied03/ros2_ws/install/px4_msgs/include/px4_msgs/px4_msgs/msg/detail/open_drone_id_arm_status__type_support.c
[9.278s] -- Up-to-date: /home/maizaied03/ros2_ws/install/px4_msgs/include/px4_msgs/px4_msgs/msg/detail/raptor_status__rosidl_typesupport_introspection_c.h
[9.278s] -- Up-to-date: /home/maizaied03/ros2_ws/install/px4_msgs/include/px4_msgs/px4_msgs/msg/detail/px4io_status__type_support.c
[9.278s] -- Up-to-date: /home/maizaied03/ros2_ws/install/px4_msgs/include/px4_msgs/px4_msgs/msg/detail/actuator_servos_trim__type_support.c
[9.278s] -- Up-to-date: /home/maizaied03/ros2_ws/install/px4_msgs/include/px4_msgs/px4_msgs/msg/detail/launch_detection_status__type_support.c
[9.278s] -- Up-to-date: /home/maizaied03/ros2_ws/install/px4_msgs/include/px4_msgs/px4_msgs/msg/detail/estimator_states__rosidl_typesupport_introspection_c.h
[9.278s] -- Up-to-date: /home/maizaied03/ros2_ws/install/px4_msgs/include/px4_msgs/px4_msgs/msg/detail/rover_throttle_setpoint__rosidl_typesupport_introspection_c.h
[9.278s] -- Up-to-date: /home/maizaied03/ros2_ws/install/px4_msgs/include/px4_msgs/px4_msgs/msg/detail/vehicle_status__rosidl_typesupport_introspection_c.h
[9.278s] -- Up-to-date: /home/maizaied03/ros2_ws/install/px4_msgs/include/px4_msgs/px4_msgs/msg/detail/actuator_motors__rosidl_typesupport_introspection_c.h
[9.278s] -- Up-to-date: /home/maizaied03/ros2_ws/install/px4_msgs/include/px4_msgs/px4_msgs/msg/detail/vehicle_command__rosidl_typesupport_introspection_c.h
[9.278s] -- Up-to-date: /home/maizaied03/ros2_ws/install/px4_msgs/include/px4_msgs/px4_msgs/msg/detail/landing_target_pose__type_support.c
[9.278s] -- Up-to-date: /home/maizaied03/ros2_ws/install/px4_msgs/include/px4_msgs/px4_msgs/msg/detail/sensor_gnss_relative__rosidl_typesupport_introspection_c.h
[9.278s] -- Up-to-date: /home/maizaied03/ros2_ws/install/px4_msgs/include/px4_msgs/px4_msgs/msg/detail/estimator_aid_source3d__type_support.c
[9.278s] -- Up-to-date: /home/maizaied03/ros2_ws/install/px4_msgs/include/px4_msgs/px4_msgs/msg/detail/neural_control__type_support.c
[9.278s] -- Up-to-date: /home/maizaied03/ros2_ws/install/px4_msgs/include/px4_msgs/px4_msgs/msg/detail/camera_trigger__rosidl_typesupport_introspection_c.h
[9.278s] -- Up-to-date: /home/maizaied03/ros2_ws/install/px4_msgs/include/px4_msgs/px4_msgs/msg/detail/obstacle_distance__rosidl_typesupport_introspection_c.h
[9.278s] -- Up-to-date: /home/maizaied03/ros2_ws/install/px4_msgs/include/px4_msgs/px4_msgs/msg/detail/estimator_aid_source1d__type_support.c
[9.278s] -- Up-to-date: /home/maizaied03/ros2_ws/install/px4_msgs/include/px4_msgs/px4_msgs/msg/detail/debug_vect__rosidl_typesupport_introspection_c.h
[9.278s] -- Up-to-date: /home/maizaied03/ros2_ws/install/px4_msgs/include/px4_msgs/px4_msgs/srv
[9.278s] -- Up-to-date: /home/maizaied03/ros2_ws/install/px4_msgs/include/px4_msgs/px4_msgs/srv/detail
[9.278s] -- Up-to-date: /home/maizaied03/ros2_ws/install/px4_msgs/include/px4_msgs/px4_msgs/srv/detail/vehicle_command__type_support.c
[9.278s] -- Up-to-date: /home/maizaied03/ros2_ws/install/px4_msgs/include/px4_msgs/px4_msgs/srv/detail/vehicle_command__rosidl_typesupport_introspection_c.h
[9.278s] -- Up-to-date: /home/maizaied03/ros2_ws/install/px4_msgs/lib/libpx4_msgs__rosidl_typesupport_introspection_c.so
[9.278s] -- Up-to-date: /home/maizaied03/ros2_ws/install/px4_msgs/lib/libpx4_msgs__rosidl_typesupport_c.so
[9.278s] -- Up-to-date: /home/maizaied03/ros2_ws/install/px4_msgs/include/px4_msgs/px4_msgs
[9.278s] -- Up-to-date: /home/maizaied03/ros2_ws/install/px4_msgs/include/px4_msgs/px4_msgs/msg
[9.278s] -- Up-to-date: /home/maizaied03/ros2_ws/install/px4_msgs/include/px4_msgs/px4_msgs/msg/detail
[9.278s] -- Up-to-date: /home/maizaied03/ros2_ws/install/px4_msgs/include/px4_msgs/px4_msgs/msg/detail/control_allocator_status__type_support.cpp
[9.279s] -- Up-to-date: /home/maizaied03/ros2_ws/install/px4_msgs/include/px4_msgs/px4_msgs/msg/detail/mavlink_tunnel__rosidl_typesupport_introspection_cpp.hpp
[9.279s] -- Up-to-date: /home/maizaied03/ros2_ws/install/px4_msgs/include/px4_msgs/px4_msgs/msg/detail/open_drone_id_operator_id__type_support.cpp
[9.279s] -- Up-to-date: /home/maizaied03/ros2_ws/install/px4_msgs/include/px4_msgs/px4_msgs/msg/detail/ulog_stream_ack__rosidl_typesupport_introspection_cpp.hpp
[9.279s] -- Up-to-date: /home/maizaied03/ros2_ws/install/px4_msgs/include/px4_msgs/px4_msgs/msg/detail/fixed_wing_lateral_status__rosidl_typesupport_introspection_cpp.hpp
[9.279s] -- Up-to-date: /home/maizaied03/ros2_ws/install/px4_msgs/include/px4_msgs/px4_msgs/msg/detail/sensor_preflight_mag__type_support.cpp
[9.279s] -- Up-to-date: /home/maizaied03/ros2_ws/install/px4_msgs/include/px4_msgs/px4_msgs/msg/detail/orb_test__type_support.cpp
[9.279s] -- Up-to-date: /home/maizaied03/ros2_ws/install/px4_msgs/include/px4_msgs/px4_msgs/msg/detail/neural_control__rosidl_typesupport_introspection_cpp.hpp
[9.279s] -- Up-to-date: /home/maizaied03/ros2_ws/install/px4_msgs/include/px4_msgs/px4_msgs/msg/detail/debug_key_value__rosidl_typesupport_introspection_cpp.hpp
[9.279s] -- Up-to-date: /home/maizaied03/ros2_ws/install/px4_msgs/include/px4_msgs/px4_msgs/msg/detail/follow_target_status__rosidl_typesupport_introspection_cpp.hpp
[9.279s] -- Up-to-date: /home/maizaied03/ros2_ws/install/px4_msgs/include/px4_msgs/px4_msgs/msg/detail/mag_worker_data__rosidl_typesupport_introspection_cpp.hpp
[9.279s] -- Up-to-date: /home/maizaied03/ros2_ws/install/px4_msgs/include/px4_msgs/px4_msgs/msg/detail/landing_target_innovations__rosidl_typesupport_introspection_cpp.hpp
[9.279s] -- Up-to-date: /home/maizaied03/ros2_ws/install/px4_msgs/include/px4_msgs/px4_msgs/msg/detail/debug_vect__type_support.cpp
[9.279s] -- Up-to-date: /home/maizaied03/ros2_ws/install/px4_msgs/include/px4_msgs/px4_msgs/msg/detail/follow_target__type_support.cpp
[9.279s] -- Up-to-date: /home/maizaied03/ros2_ws/install/px4_msgs/include/px4_msgs/px4_msgs/msg/detail/generator_status__rosidl_typesupport_introspection_cpp.hpp
[9.279s] -- Up-to-date: /home/maizaied03/ros2_ws/install/px4_msgs/include/px4_msgs/px4_msgs/msg/detail/ekf2_timestamps__type_support.cpp
[9.279s] -- Up-to-date: /home/maizaied03/ros2_ws/install/px4_msgs/include/px4_msgs/px4_msgs/msg/detail/autotune_attitude_control_status__type_support.cpp
[9.279s] -- Up-to-date: /home/maizaied03/ros2_ws/install/px4_msgs/include/px4_msgs/px4_msgs/msg/detail/gpio_out__type_support.cpp
[9.279s] -- Up-to-date: /home/maizaied03/ros2_ws/install/px4_msgs/include/px4_msgs/px4_msgs/msg/detail/vehicle_control_mode__type_support.cpp
[9.279s] -- Up-to-date: /home/maizaied03/ros2_ws/install/px4_msgs/include/px4_msgs/px4_msgs/msg/detail/gripper__rosidl_typesupport_introspection_cpp.hpp
[9.279s] -- Up-to-date: /home/maizaied03/ros2_ws/install/px4_msgs/include/px4_msgs/px4_msgs/msg/detail/sensor_gyro_fft__type_support.cpp
[9.279s] -- Up-to-date: /home/maizaied03/ros2_ws/install/px4_msgs/include/px4_msgs/px4_msgs/msg/detail/config_overrides__type_support.cpp
[9.280s] -- Up-to-date: /home/maizaied03/ros2_ws/install/px4_msgs/include/px4_msgs/px4_msgs/msg/detail/sensor_temp__type_support.cpp
[9.280s] -- Up-to-date: /home/maizaied03/ros2_ws/install/px4_msgs/include/px4_msgs/px4_msgs/msg/detail/follow_target_estimator__type_support.cpp
[9.280s] -- Up-to-date: /home/maizaied03/ros2_ws/install/px4_msgs/include/px4_msgs/px4_msgs/msg/detail/collision_constraints__type_support.cpp
[9.280s] -- Up-to-date: /home/maizaied03/ros2_ws/install/px4_msgs/include/px4_msgs/px4_msgs/msg/detail/tiltrotor_extra_controls__type_support.cpp
[9.280s] -- Up-to-date: /home/maizaied03/ros2_ws/install/px4_msgs/include/px4_msgs/px4_msgs/msg/detail/gimbal_device_set_attitude__rosidl_typesupport_introspection_cpp.hpp
[9.280s] -- Up-to-date: /home/maizaied03/ros2_ws/install/px4_msgs/include/px4_msgs/px4_msgs/msg/detail/position_controller_status__rosidl_typesupport_introspection_cpp.hpp
[9.280s] -- Up-to-date: /home/maizaied03/ros2_ws/install/px4_msgs/include/px4_msgs/px4_msgs/msg/detail/qshell_retval__type_support.cpp
[9.280s] -- Up-to-date: /home/maizaied03/ros2_ws/install/px4_msgs/include/px4_msgs/px4_msgs/msg/detail/can_interface_status__type_support.cpp
[9.280s] -- Up-to-date: /home/maizaied03/ros2_ws/install/px4_msgs/include/px4_msgs/px4_msgs/msg/detail/pps_capture__rosidl_typesupport_introspection_cpp.hpp
[9.280s] -- Up-to-date: /home/maizaied03/ros2_ws/install/px4_msgs/include/px4_msgs/px4_msgs/msg/detail/mount_orientation__rosidl_typesupport_introspection_cpp.hpp
[9.280s] -- Up-to-date: /home/maizaied03/ros2_ws/install/px4_msgs/include/px4_msgs/px4_msgs/msg/detail/gimbal_manager_set_attitude__rosidl_typesupport_introspection_cpp.hpp
[9.280s] -- Up-to-date: /home/maizaied03/ros2_ws/install/px4_msgs/include/px4_msgs/px4_msgs/msg/detail/estimator_aid_source3d__rosidl_typesupport_introspection_cpp.hpp
[9.280s] -- Up-to-date: /home/maizaied03/ros2_ws/install/px4_msgs/include/px4_msgs/px4_msgs/msg/detail/landing_gear_wheel__type_support.cpp
[9.280s] -- Up-to-date: /home/maizaied03/ros2_ws/install/px4_msgs/include/px4_msgs/px4_msgs/msg/detail/estimator_status_flags__type_support.cpp
[9.280s] -- Up-to-date: /home/maizaied03/ros2_ws/install/px4_msgs/include/px4_msgs/px4_msgs/msg/detail/sensor_gyro_fifo__type_support.cpp
[9.280s] -- Up-to-date: /home/maizaied03/ros2_ws/install/px4_msgs/include/px4_msgs/px4_msgs/msg/detail/qshell_req__type_support.cpp
[9.280s] -- Up-to-date: /home/maizaied03/ros2_ws/install/px4_msgs/include/px4_msgs/px4_msgs/msg/detail/generator_status__type_support.cpp
[9.280s] -- Up-to-date: /home/maizaied03/ros2_ws/install/px4_msgs/include/px4_msgs/px4_msgs/msg/detail/vehicle_angular_velocity__rosidl_typesupport_introspection_cpp.hpp
[9.280s] -- Up-to-date: /home/maizaied03/ros2_ws/install/px4_msgs/include/px4_msgs/px4_msgs/msg/detail/logger_status__type_support.cpp
[9.280s] -- Up-to-date: /home/maizaied03/ros2_ws/install/px4_msgs/include/px4_msgs/px4_msgs/msg/detail/qshell_retval__rosidl_typesupport_introspection_cpp.hpp
[9.280s] -- Up-to-date: /home/maizaied03/ros2_ws/install/px4_msgs/include/px4_msgs/px4_msgs/msg/detail/message_format_request__type_support.cpp
[9.280s] -- Up-to-date: /home/maizaied03/ros2_ws/install/px4_msgs/include/px4_msgs/px4_msgs/msg/detail/vtx__rosidl_typesupport_introspection_cpp.hpp
[9.280s] -- Up-to-date: /home/maizaied03/ros2_ws/install/px4_msgs/include/px4_msgs/px4_msgs/msg/detail/estimator_event_flags__rosidl_typesupport_introspection_cpp.hpp
[9.280s] -- Up-to-date: /home/maizaied03/ros2_ws/install/px4_msgs/include/px4_msgs/px4_msgs/msg/detail/sensor_correction__type_support.cpp
[9.281s] -- Up-to-date: /home/maizaied03/ros2_ws/install/px4_msgs/include/px4_msgs/px4_msgs/msg/detail/rover_rate_setpoint__type_support.cpp
[9.281s] -- Up-to-date: /home/maizaied03/ros2_ws/install/px4_msgs/include/px4_msgs/px4_msgs/msg/detail/sensor_accel__rosidl_typesupport_introspection_cpp.hpp
[9.281s] -- Up-to-date: /home/maizaied03/ros2_ws/install/px4_msgs/include/px4_msgs/px4_msgs/msg/detail/sensor_combined__rosidl_typesupport_introspection_cpp.hpp
[9.281s] -- Up-to-date: /home/maizaied03/ros2_ws/install/px4_msgs/include/px4_msgs/px4_msgs/msg/detail/vehicle_local_position__type_support.cpp
[9.281s] -- Up-to-date: /home/maizaied03/ros2_ws/install/px4_msgs/include/px4_msgs/px4_msgs/msg/detail/vehicle_acceleration__type_support.cpp
[9.281s] -- Up-to-date: /home/maizaied03/ros2_ws/install/px4_msgs/include/px4_msgs/px4_msgs/msg/detail/sensors_status_imu__rosidl_typesupport_introspection_cpp.hpp
[9.281s] -- Up-to-date: /home/maizaied03/ros2_ws/install/px4_msgs/include/px4_msgs/px4_msgs/msg/detail/rover_speed_status__rosidl_typesupport_introspection_cpp.hpp
[9.281s] -- Up-to-date: /home/maizaied03/ros2_ws/install/px4_msgs/include/px4_msgs/px4_msgs/msg/detail/dronecan_node_status__type_support.cpp
[9.281s] -- Up-to-date: /home/maizaied03/ros2_ws/install/px4_msgs/include/px4_msgs/px4_msgs/msg/detail/gimbal_device_information__rosidl_typesupport_introspection_cpp.hpp
[9.281s] -- Up-to-date: /home/maizaied03/ros2_ws/install/px4_msgs/include/px4_msgs/px4_msgs/msg/detail/vehicle_command__rosidl_typesupport_introspection_cpp.hpp
[9.281s] -- Up-to-date: /home/maizaied03/ros2_ws/install/px4_msgs/include/px4_msgs/px4_msgs/msg/detail/parameter_set_used_request__rosidl_typesupport_introspection_cpp.hpp
[9.281s] -- Up-to-date: /home/maizaied03/ros2_ws/install/px4_msgs/include/px4_msgs/px4_msgs/msg/detail/mode_completed__rosidl_typesupport_introspection_cpp.hpp
[9.281s] -- Up-to-date: /home/maizaied03/ros2_ws/install/px4_msgs/include/px4_msgs/px4_msgs/msg/detail/rover_steering_setpoint__rosidl_typesupport_introspection_cpp.hpp
[9.281s] -- Up-to-date: /home/maizaied03/ros2_ws/install/px4_msgs/include/px4_msgs/px4_msgs/msg/detail/mode_completed__type_support.cpp
[9.281s] -- Up-to-date: /home/maizaied03/ros2_ws/install/px4_msgs/include/px4_msgs/px4_msgs/msg/detail/device_information__type_support.cpp
[9.281s] -- Up-to-date: /home/maizaied03/ros2_ws/install/px4_msgs/include/px4_msgs/px4_msgs/msg/detail/gpio_request__rosidl_typesupport_introspection_cpp.hpp
[9.281s] -- Up-to-date: /home/maizaied03/ros2_ws/install/px4_msgs/include/px4_msgs/px4_msgs/msg/detail/fuel_tank_status__rosidl_typesupport_introspection_cpp.hpp
[9.281s] -- Up-to-date: /home/maizaied03/ros2_ws/install/px4_msgs/include/px4_msgs/px4_msgs/msg/detail/rover_position_setpoint__type_support.cpp
[9.282s] -- Up-to-date: /home/maizaied03/ros2_ws/install/px4_msgs/include/px4_msgs/px4_msgs/msg/detail/vehicle_magnetometer__rosidl_typesupport_introspection_cpp.hpp
[9.282s] -- Up-to-date: /home/maizaied03/ros2_ws/install/px4_msgs/include/px4_msgs/px4_msgs/msg/detail/cpuload__type_support.cpp
[9.282s] -- Up-to-date: /home/maizaied03/ros2_ws/install/px4_msgs/include/px4_msgs/px4_msgs/msg/detail/estimator_aid_source3d__type_support.cpp
[9.282s] -- Up-to-date: /home/maizaied03/ros2_ws/install/px4_msgs/include/px4_msgs/px4_msgs/msg/detail/landing_gear_wheel__rosidl_typesupport_introspection_cpp.hpp
[9.282s] -- Up-to-date: /home/maizaied03/ros2_ws/install/px4_msgs/include/px4_msgs/px4_msgs/msg/detail/actuator_controls_status__rosidl_typesupport_introspection_cpp.hpp
[9.282s] -- Up-to-date: /home/maizaied03/ros2_ws/install/px4_msgs/include/px4_msgs/px4_msgs/msg/detail/iridiumsbd_status__type_support.cpp
[9.282s] -- Up-to-date: /home/maizaied03/ros2_ws/install/px4_msgs/include/px4_msgs/px4_msgs/msg/detail/rover_position_setpoint__rosidl_typesupport_introspection_cpp.hpp
[9.282s] -- Up-to-date: /home/maizaied03/ros2_ws/install/px4_msgs/include/px4_msgs/px4_msgs/msg/detail/battery_status__rosidl_typesupport_introspection_cpp.hpp
[9.282s] -- Up-to-date: /home/maizaied03/ros2_ws/install/px4_msgs/include/px4_msgs/px4_msgs/msg/detail/satellite_info__rosidl_typesupport_introspection_cpp.hpp
[9.282s] -- Up-to-date: /home/maizaied03/ros2_ws/install/px4_msgs/include/px4_msgs/px4_msgs/msg/detail/vehicle_magnetometer__type_support.cpp
[9.282s] -- Up-to-date: /home/maizaied03/ros2_ws/install/px4_msgs/include/px4_msgs/px4_msgs/msg/detail/rtl_status__rosidl_typesupport_introspection_cpp.hpp
[9.282s] -- Up-to-date: /home/maizaied03/ros2_ws/install/px4_msgs/include/px4_msgs/px4_msgs/msg/detail/navigator_status__rosidl_typesupport_introspection_cpp.hpp
[9.282s] -- Up-to-date: /home/maizaied03/ros2_ws/install/px4_msgs/include/px4_msgs/px4_msgs/msg/detail/vehicle_imu__type_support.cpp
[9.282s] -- Up-to-date: /home/maizaied03/ros2_ws/install/px4_msgs/include/px4_msgs/px4_msgs/msg/detail/rover_rate_setpoint__rosidl_typesupport_introspection_cpp.hpp
[9.282s] -- Up-to-date: /home/maizaied03/ros2_ws/install/px4_msgs/include/px4_msgs/px4_msgs/msg/detail/estimator_bias3d__rosidl_typesupport_introspection_cpp.hpp
[9.282s] -- Up-to-date: /home/maizaied03/ros2_ws/install/px4_msgs/include/px4_msgs/px4_msgs/msg/detail/orbit_status__rosidl_typesupport_introspection_cpp.hpp
[9.282s] -- Up-to-date: /home/maizaied03/ros2_ws/install/px4_msgs/include/px4_msgs/px4_msgs/msg/detail/vehicle_attitude_setpoint__type_support.cpp
[9.282s] -- Up-to-date: /home/maizaied03/ros2_ws/install/px4_msgs/include/px4_msgs/px4_msgs/msg/detail/mag_worker_data__type_support.cpp
[9.282s] -- Up-to-date: /home/maizaied03/ros2_ws/install/px4_msgs/include/px4_msgs/px4_msgs/msg/detail/navigator_mission_item__rosidl_typesupport_introspection_cpp.hpp
[9.282s] -- Up-to-date: /home/maizaied03/ros2_ws/install/px4_msgs/include/px4_msgs/px4_msgs/msg/detail/vehicle_control_mode__rosidl_typesupport_introspection_cpp.hpp
[9.282s] -- Up-to-date: /home/maizaied03/ros2_ws/install/px4_msgs/include/px4_msgs/px4_msgs/msg/detail/raptor_status__type_support.cpp
[9.283s] -- Up-to-date: /home/maizaied03/ros2_ws/install/px4_msgs/include/px4_msgs/px4_msgs/msg/detail/vehicle_optical_flow__type_support.cpp
[9.283s] -- Up-to-date: /home/maizaied03/ros2_ws/install/px4_msgs/include/px4_msgs/px4_msgs/msg/detail/power_button_state__rosidl_typesupport_introspection_cpp.hpp
[9.283s] -- Up-to-date: /home/maizaied03/ros2_ws/install/px4_msgs/include/px4_msgs/px4_msgs/msg/detail/wind__type_support.cpp
[9.283s] -- Up-to-date: /home/maizaied03/ros2_ws/install/px4_msgs/include/px4_msgs/px4_msgs/msg/detail/arming_check_request__rosidl_typesupport_introspection_cpp.hpp
[9.283s] -- Up-to-date: /home/maizaied03/ros2_ws/install/px4_msgs/include/px4_msgs/px4_msgs/msg/detail/vehicle_thrust_setpoint__rosidl_typesupport_introspection_cpp.hpp
[9.283s] -- Up-to-date: /home/maizaied03/ros2_ws/install/px4_msgs/include/px4_msgs/px4_msgs/msg/detail/input_rc__type_support.cpp
[9.283s] -- Up-to-date: /home/maizaied03/ros2_ws/install/px4_msgs/include/px4_msgs/px4_msgs/msg/detail/vehicle_odometry__rosidl_typesupport_introspection_cpp.hpp
[9.283s] -- Up-to-date: /home/maizaied03/ros2_ws/install/px4_msgs/include/px4_msgs/px4_msgs/msg/detail/orb_test_medium__rosidl_typesupport_introspection_cpp.hpp
[9.283s] -- Up-to-date: /home/maizaied03/ros2_ws/install/px4_msgs/include/px4_msgs/px4_msgs/msg/detail/register_ext_component_request__type_support.cpp
[9.283s] -- Up-to-date: /home/maizaied03/ros2_ws/install/px4_msgs/include/px4_msgs/px4_msgs/msg/detail/unregister_ext_component__rosidl_typesupport_introspection_cpp.hpp
[9.283s] -- Up-to-date: /home/maizaied03/ros2_ws/install/px4_msgs/include/px4_msgs/px4_msgs/msg/detail/sensor_uwb__rosidl_typesupport_introspection_cpp.hpp
[9.283s] -- Up-to-date: /home/maizaied03/ros2_ws/install/px4_msgs/include/px4_msgs/px4_msgs/msg/detail/event__rosidl_typesupport_introspection_cpp.hpp
[9.283s] -- Up-to-date: /home/maizaied03/ros2_ws/install/px4_msgs/include/px4_msgs/px4_msgs/msg/detail/debug_array__type_support.cpp
[9.283s] -- Up-to-date: /home/maizaied03/ros2_ws/install/px4_msgs/include/px4_msgs/px4_msgs/msg/detail/register_ext_component_reply__rosidl_typesupport_introspection_cpp.hpp
[9.283s] -- Up-to-date: /home/maizaied03/ros2_ws/install/px4_msgs/include/px4_msgs/px4_msgs/msg/detail/position_setpoint_triplet__type_support.cpp
[9.284s] -- Up-to-date: /home/maizaied03/ros2_ws/install/px4_msgs/include/px4_msgs/px4_msgs/msg/detail/rover_rate_status__type_support.cpp
[9.284s] -- Up-to-date: /home/maizaied03/ros2_ws/install/px4_msgs/include/px4_msgs/px4_msgs/msg/detail/message_format_request__rosidl_typesupport_introspection_cpp.hpp
[9.284s] -- Up-to-date: /home/maizaied03/ros2_ws/install/px4_msgs/include/px4_msgs/px4_msgs/msg/detail/geofence_status__type_support.cpp
[9.284s] -- Up-to-date: /home/maizaied03/ros2_ws/install/px4_msgs/include/px4_msgs/px4_msgs/msg/detail/parameter_set_used_request__type_support.cpp
[9.284s] -- Up-to-date: /home/maizaied03/ros2_ws/install/px4_msgs/include/px4_msgs/px4_msgs/msg/detail/landing_target_innovations__type_support.cpp
[9.284s] -- Up-to-date: /home/maizaied03/ros2_ws/install/px4_msgs/include/px4_msgs/px4_msgs/msg/detail/figure_eight_status__rosidl_typesupport_introspection_cpp.hpp
[9.284s] -- Up-to-date: /home/maizaied03/ros2_ws/install/px4_msgs/include/px4_msgs/px4_msgs/msg/detail/distance_sensor_mode_change_request__rosidl_typesupport_introspection_cpp.hpp
[9.284s] -- Up-to-date: /home/maizaied03/ros2_ws/install/px4_msgs/include/px4_msgs/px4_msgs/msg/detail/distance_sensor_mode_change_request__type_support.cpp
[9.284s] -- Up-to-date: /home/maizaied03/ros2_ws/install/px4_msgs/include/px4_msgs/px4_msgs/msg/detail/gimbal_manager_information__type_support.cpp
[9.284s] -- Up-to-date: /home/maizaied03/ros2_ws/install/px4_msgs/include/px4_msgs/px4_msgs/msg/detail/uavcan_parameter_value__type_support.cpp
[9.284s] -- Up-to-date: /home/maizaied03/ros2_ws/install/px4_msgs/include/px4_msgs/px4_msgs/msg/detail/open_drone_id_self_id__rosidl_typesupport_introspection_cpp.hpp
[9.284s] -- Up-to-date: /home/maizaied03/ros2_ws/install/px4_msgs/include/px4_msgs/px4_msgs/msg/detail/rover_attitude_status__type_support.cpp
[9.284s] -- Up-to-date: /home/maizaied03/ros2_ws/install/px4_msgs/include/px4_msgs/px4_msgs/msg/detail/estimator_aid_source2d__type_support.cpp
[9.284s] -- Up-to-date: /home/maizaied03/ros2_ws/install/px4_msgs/include/px4_msgs/px4_msgs/msg/detail/gimbal_device_information__type_support.cpp
[9.284s] -- Up-to-date: /home/maizaied03/ros2_ws/install/px4_msgs/include/px4_msgs/px4_msgs/msg/detail/ping__type_support.cpp
[9.284s] -- Up-to-date: /home/maizaied03/ros2_ws/install/px4_msgs/include/px4_msgs/px4_msgs/msg/detail/mount_orientation__type_support.cpp
[9.284s] -- Up-to-date: /home/maizaied03/ros2_ws/install/px4_msgs/include/px4_msgs/px4_msgs/msg/detail/navigator_mission_item__type_support.cpp
[9.284s] -- Up-to-date: /home/maizaied03/ros2_ws/install/px4_msgs/include/px4_msgs/px4_msgs/msg/detail/fixed_wing_lateral_setpoint__type_support.cpp
[9.284s] -- Up-to-date: /home/maizaied03/ros2_ws/install/px4_msgs/include/px4_msgs/px4_msgs/msg/detail/estimator_bias__type_support.cpp
[9.284s] -- Up-to-date: /home/maizaied03/ros2_ws/install/px4_msgs/include/px4_msgs/px4_msgs/msg/detail/sensors_status_imu__type_support.cpp
[9.284s] -- Up-to-date: /home/maizaied03/ros2_ws/install/px4_msgs/include/px4_msgs/px4_msgs/msg/detail/rpm__type_support.cpp
[9.284s] -- Up-to-date: /home/maizaied03/ros2_ws/install/px4_msgs/include/px4_msgs/px4_msgs/msg/detail/radio_status__rosidl_typesupport_introspection_cpp.hpp
[9.284s] -- Up-to-date: /home/maizaied03/ros2_ws/install/px4_msgs/include/px4_msgs/px4_msgs/msg/detail/system_power__type_support.cpp
[9.284s] -- Up-to-date: /home/maizaied03/ros2_ws/install/px4_msgs/include/px4_msgs/px4_msgs/msg/detail/sensor_uwb__type_support.cpp
[9.285s] -- Up-to-date: /home/maizaied03/ros2_ws/install/px4_msgs/include/px4_msgs/px4_msgs/msg/detail/estimator_gps_status__rosidl_typesupport_introspection_cpp.hpp
[9.285s] -- Up-to-date: /home/maizaied03/ros2_ws/install/px4_msgs/include/px4_msgs/px4_msgs/msg/detail/landing_target_pose__type_support.cpp
[9.285s] -- Up-to-date: /home/maizaied03/ros2_ws/install/px4_msgs/include/px4_msgs/px4_msgs/msg/detail/figure_eight_status__type_support.cpp
[9.285s] -- Up-to-date: /home/maizaied03/ros2_ws/install/px4_msgs/include/px4_msgs/px4_msgs/msg/detail/fixed_wing_lateral_setpoint__rosidl_typesupport_introspection_cpp.hpp
[9.285s] -- Up-to-date: /home/maizaied03/ros2_ws/install/px4_msgs/include/px4_msgs/px4_msgs/msg/detail/actuator_outputs__rosidl_typesupport_introspection_cpp.hpp
[9.285s] -- Up-to-date: /home/maizaied03/ros2_ws/install/px4_msgs/include/px4_msgs/px4_msgs/msg/detail/manual_control_switches__type_support.cpp
[9.285s] -- Up-to-date: /home/maizaied03/ros2_ws/install/px4_msgs/include/px4_msgs/px4_msgs/msg/detail/gimbal_manager_set_attitude__type_support.cpp
[9.285s] -- Up-to-date: /home/maizaied03/ros2_ws/install/px4_msgs/include/px4_msgs/px4_msgs/msg/detail/distance_sensor__type_support.cpp
[9.285s] -- Up-to-date: /home/maizaied03/ros2_ws/install/px4_msgs/include/px4_msgs/px4_msgs/msg/detail/vtol_vehicle_status__type_support.cpp
[9.285s] -- Up-to-date: /home/maizaied03/ros2_ws/install/px4_msgs/include/px4_msgs/px4_msgs/msg/detail/mavlink_log__rosidl_typesupport_introspection_cpp.hpp
[9.285s] -- Up-to-date: /home/maizaied03/ros2_ws/install/px4_msgs/include/px4_msgs/px4_msgs/msg/detail/sensor_gyro__rosidl_typesupport_introspection_cpp.hpp
[9.285s] -- Up-to-date: /home/maizaied03/ros2_ws/install/px4_msgs/include/px4_msgs/px4_msgs/msg/detail/led_control__rosidl_typesupport_introspection_cpp.hpp
[9.285s] -- Up-to-date: /home/maizaied03/ros2_ws/install/px4_msgs/include/px4_msgs/px4_msgs/msg/detail/lateral_control_configuration__rosidl_typesupport_introspection_cpp.hpp
[9.285s] -- Up-to-date: /home/maizaied03/ros2_ws/install/px4_msgs/include/px4_msgs/px4_msgs/msg/detail/estimator_aid_source1d__type_support.cpp
[9.285s] -- Up-to-date: /home/maizaied03/ros2_ws/install/px4_msgs/include/px4_msgs/px4_msgs/msg/detail/sensor_airflow__type_support.cpp
[9.285s] -- Up-to-date: /home/maizaied03/ros2_ws/install/px4_msgs/include/px4_msgs/px4_msgs/msg/detail/sensor_mag__type_support.cpp
[9.285s] -- Up-to-date: /home/maizaied03/ros2_ws/install/px4_msgs/include/px4_msgs/px4_msgs/msg/detail/debug_value__rosidl_typesupport_introspection_cpp.hpp
[9.285s] -- Up-to-date: /home/maizaied03/ros2_ws/install/px4_msgs/include/px4_msgs/px4_msgs/msg/detail/config_overrides__rosidl_typesupport_introspection_cpp.hpp
[9.285s] -- Up-to-date: /home/maizaied03/ros2_ws/install/px4_msgs/include/px4_msgs/px4_msgs/msg/detail/tecs_status__rosidl_typesupport_introspection_cpp.hpp
[9.285s] -- Up-to-date: /home/maizaied03/ros2_ws/install/px4_msgs/include/px4_msgs/px4_msgs/msg/detail/lateral_control_configuration__type_support.cpp
[9.286s] -- Up-to-date: /home/maizaied03/ros2_ws/install/px4_msgs/include/px4_msgs/px4_msgs/msg/detail/obstacle_distance__type_support.cpp
[9.286s] -- Up-to-date: /home/maizaied03/ros2_ws/install/px4_msgs/include/px4_msgs/px4_msgs/msg/detail/rover_attitude_setpoint__rosidl_typesupport_introspection_cpp.hpp
[9.286s] -- Up-to-date: /home/maizaied03/ros2_ws/install/px4_msgs/include/px4_msgs/px4_msgs/msg/detail/uavcan_parameter_value__rosidl_typesupport_introspection_cpp.hpp
[9.286s] -- Up-to-date: /home/maizaied03/ros2_ws/install/px4_msgs/include/px4_msgs/px4_msgs/msg/detail/estimator_sensor_bias__type_support.cpp
[9.286s] -- Up-to-date: /home/maizaied03/ros2_ws/install/px4_msgs/include/px4_msgs/px4_msgs/msg/detail/gimbal_controls__type_support.cpp
[9.286s] -- Up-to-date: /home/maizaied03/ros2_ws/install/px4_msgs/include/px4_msgs/px4_msgs/msg/detail/sensor_gnss_relative__rosidl_typesupport_introspection_cpp.hpp
[9.286s] -- Up-to-date: /home/maizaied03/ros2_ws/install/px4_msgs/include/px4_msgs/px4_msgs/msg/detail/vehicle_rates_setpoint__type_support.cpp
[9.286s] -- Up-to-date: /home/maizaied03/ros2_ws/install/px4_msgs/include/px4_msgs/px4_msgs/msg/detail/sensor_accel_fifo__type_support.cpp
[9.286s] -- Up-to-date: /home/maizaied03/ros2_ws/install/px4_msgs/include/px4_msgs/px4_msgs/msg/detail/gimbal_manager_status__type_support.cpp
[9.286s] -- Up-to-date: /home/maizaied03/ros2_ws/install/px4_msgs/include/px4_msgs/px4_msgs/msg/detail/open_drone_id_arm_status__type_support.cpp
[9.286s] -- Up-to-date: /home/maizaied03/ros2_ws/install/px4_msgs/include/px4_msgs/px4_msgs/msg/detail/task_stack_info__rosidl_typesupport_introspection_cpp.hpp
[9.287s] -- Up-to-date: /home/maizaied03/ros2_ws/install/px4_msgs/include/px4_msgs/px4_msgs/msg/detail/follow_target_estimator__rosidl_typesupport_introspection_cpp.hpp
[9.287s] -- Up-to-date: /home/maizaied03/ros2_ws/install/px4_msgs/include/px4_msgs/px4_msgs/msg/detail/wheel_encoders__rosidl_typesupport_introspection_cpp.hpp
[9.287s] -- Up-to-date: /home/maizaied03/ros2_ws/install/px4_msgs/include/px4_msgs/px4_msgs/msg/detail/rc_channels__type_support.cpp
[9.287s] -- Up-to-date: /home/maizaied03/ros2_ws/install/px4_msgs/include/px4_msgs/px4_msgs/msg/detail/message_format_response__type_support.cpp
[9.287s] -- Up-to-date: /home/maizaied03/ros2_ws/install/px4_msgs/include/px4_msgs/px4_msgs/msg/detail/led_control__type_support.cpp
[9.287s] -- Up-to-date: /home/maizaied03/ros2_ws/install/px4_msgs/include/px4_msgs/px4_msgs/msg/detail/debug_array__rosidl_typesupport_introspection_cpp.hpp
[9.287s] -- Up-to-date: /home/maizaied03/ros2_ws/install/px4_msgs/include/px4_msgs/px4_msgs/msg/detail/open_drone_id_arm_status__rosidl_typesupport_introspection_cpp.hpp
[9.287s] -- Up-to-date: /home/maizaied03/ros2_ws/install/px4_msgs/include/px4_msgs/px4_msgs/msg/detail/open_drone_id_operator_id__rosidl_typesupport_introspection_cpp.hpp
[9.287s] -- Up-to-date: /home/maizaied03/ros2_ws/install/px4_msgs/include/px4_msgs/px4_msgs/msg/detail/register_ext_component_reply__type_support.cpp
[9.287s] -- Up-to-date: /home/maizaied03/ros2_ws/install/px4_msgs/include/px4_msgs/px4_msgs/msg/detail/fixed_wing_lateral_guidance_status__type_support.cpp
[9.287s] -- Up-to-date: /home/maizaied03/ros2_ws/install/px4_msgs/include/px4_msgs/px4_msgs/msg/detail/telemetry_status__type_support.cpp
[9.287s] -- Up-to-date: /home/maizaied03/ros2_ws/install/px4_msgs/include/px4_msgs/px4_msgs/msg/detail/position_setpoint__type_support.cpp
[9.287s] -- Up-to-date: /home/maizaied03/ros2_ws/install/px4_msgs/include/px4_msgs/px4_msgs/msg/detail/longitudinal_control_configuration__type_support.cpp
[9.287s] -- Up-to-date: /home/maizaied03/ros2_ws/install/px4_msgs/include/px4_msgs/px4_msgs/msg/detail/ulog_stream_ack__type_support.cpp
[9.287s] -- Up-to-date: /home/maizaied03/ros2_ws/install/px4_msgs/include/px4_msgs/px4_msgs/msg/detail/position_controller_status__type_support.cpp
[9.287s] -- Up-to-date: /home/maizaied03/ros2_ws/install/px4_msgs/include/px4_msgs/px4_msgs/msg/detail/normalized_unsigned_setpoint__rosidl_typesupport_introspection_cpp.hpp
[9.287s] -- Up-to-date: /home/maizaied03/ros2_ws/install/px4_msgs/include/px4_msgs/px4_msgs/msg/detail/gimbal_manager_set_manual_control__rosidl_typesupport_introspection_cpp.hpp
[9.287s] -- Up-to-date: /home/maizaied03/ros2_ws/install/px4_msgs/include/px4_msgs/px4_msgs/msg/detail/vehicle_attitude__rosidl_typesupport_introspection_cpp.hpp
[9.287s] -- Up-to-date: /home/maizaied03/ros2_ws/install/px4_msgs/include/px4_msgs/px4_msgs/msg/detail/offboard_control_mode__rosidl_typesupport_introspection_cpp.hpp
[9.287s] -- Up-to-date: /home/maizaied03/ros2_ws/install/px4_msgs/include/px4_msgs/px4_msgs/msg/detail/landing_target_pose__rosidl_typesupport_introspection_cpp.hpp
[9.287s] -- Up-to-date: /home/maizaied03/ros2_ws/install/px4_msgs/include/px4_msgs/px4_msgs/msg/detail/failure_detector_status__rosidl_typesupport_introspection_cpp.hpp
[9.287s] -- Up-to-date: /home/maizaied03/ros2_ws/install/px4_msgs/include/px4_msgs/px4_msgs/msg/detail/px4io_status__rosidl_typesupport_introspection_cpp.hpp
[9.287s] -- Up-to-date: /home/maizaied03/ros2_ws/install/px4_msgs/include/px4_msgs/px4_msgs/msg/detail/battery_info__rosidl_typesupport_introspection_cpp.hpp
[9.287s] -- Up-to-date: /home/maizaied03/ros2_ws/install/px4_msgs/include/px4_msgs/px4_msgs/msg/detail/home_position__type_support.cpp
[9.287s] -- Up-to-date: /home/maizaied03/ros2_ws/install/px4_msgs/include/px4_msgs/px4_msgs/msg/detail/vtol_vehicle_status__rosidl_typesupport_introspection_cpp.hpp
[9.287s] -- Up-to-date: /home/maizaied03/ros2_ws/install/px4_msgs/include/px4_msgs/px4_msgs/msg/detail/geofence_result__type_support.cpp
[9.287s] -- Up-to-date: /home/maizaied03/ros2_ws/install/px4_msgs/include/px4_msgs/px4_msgs/msg/detail/home_position__rosidl_typesupport_introspection_cpp.hpp
[9.288s] -- Up-to-date: /home/maizaied03/ros2_ws/install/px4_msgs/include/px4_msgs/px4_msgs/msg/detail/internal_combustion_engine_control__type_support.cpp
[9.288s] -- Up-to-date: /home/maizaied03/ros2_ws/install/px4_msgs/include/px4_msgs/px4_msgs/msg/detail/rate_ctrl_status__type_support.cpp
[9.288s] -- Up-to-date: /home/maizaied03/ros2_ws/install/px4_msgs/include/px4_msgs/px4_msgs/msg/detail/gpio_in__rosidl_typesupport_introspection_cpp.hpp
[9.288s] -- Up-to-date: /home/maizaied03/ros2_ws/install/px4_msgs/include/px4_msgs/px4_msgs/msg/detail/position_setpoint_triplet__rosidl_typesupport_introspection_cpp.hpp
[9.288s] -- Up-to-date: /home/maizaied03/ros2_ws/install/px4_msgs/include/px4_msgs/px4_msgs/msg/detail/estimator_status__rosidl_typesupport_introspection_cpp.hpp
[9.288s] -- Up-to-date: /home/maizaied03/ros2_ws/install/px4_msgs/include/px4_msgs/px4_msgs/msg/detail/fixed_wing_longitudinal_setpoint__type_support.cpp
[9.288s] -- Up-to-date: /home/maizaied03/ros2_ws/install/px4_msgs/include/px4_msgs/px4_msgs/msg/detail/mission__type_support.cpp
[9.288s] -- Up-to-date: /home/maizaied03/ros2_ws/install/px4_msgs/include/px4_msgs/px4_msgs/msg/detail/health_report__type_support.cpp
[9.288s] -- Up-to-date: /home/maizaied03/ros2_ws/install/px4_msgs/include/px4_msgs/px4_msgs/msg/detail/vehicle_command_ack__type_support.cpp
[9.288s] -- Up-to-date: /home/maizaied03/ros2_ws/install/px4_msgs/include/px4_msgs/px4_msgs/msg/detail/ekf2_timestamps__rosidl_typesupport_introspection_cpp.hpp
[9.288s] -- Up-to-date: /home/maizaied03/ros2_ws/install/px4_msgs/include/px4_msgs/px4_msgs/msg/detail/orbit_status__type_support.cpp
[9.288s] -- Up-to-date: /home/maizaied03/ros2_ws/install/px4_msgs/include/px4_msgs/px4_msgs/msg/detail/esc_report__rosidl_typesupport_introspection_cpp.hpp
[9.288s] -- Up-to-date: /home/maizaied03/ros2_ws/install/px4_msgs/include/px4_msgs/px4_msgs/msg/detail/vehicle_attitude_setpoint__rosidl_typesupport_introspection_cpp.hpp
[9.288s] -- Up-to-date: /home/maizaied03/ros2_ws/install/px4_msgs/include/px4_msgs/px4_msgs/msg/detail/actuator_test__rosidl_typesupport_introspection_cpp.hpp
[9.288s] -- Up-to-date: /home/maizaied03/ros2_ws/install/px4_msgs/include/px4_msgs/px4_msgs/msg/detail/onboard_computer_status__rosidl_typesupport_introspection_cpp.hpp
[9.288s] -- Up-to-date: /home/maizaied03/ros2_ws/install/px4_msgs/include/px4_msgs/px4_msgs/msg/detail/mission_result__rosidl_typesupport_introspection_cpp.hpp
[9.288s] -- Up-to-date: /home/maizaied03/ros2_ws/install/px4_msgs/include/px4_msgs/px4_msgs/msg/detail/vehicle_angular_acceleration_setpoint__rosidl_typesupport_introspection_cpp.hpp
[9.288s] -- Up-to-date: /home/maizaied03/ros2_ws/install/px4_msgs/include/px4_msgs/px4_msgs/msg/detail/tecs_status__type_support.cpp
[9.288s] -- Up-to-date: /home/maizaied03/ros2_ws/install/px4_msgs/include/px4_msgs/px4_msgs/msg/detail/gripper__type_support.cpp
[9.288s] -- Up-to-date: /home/maizaied03/ros2_ws/install/px4_msgs/include/px4_msgs/px4_msgs/msg/detail/gimbal_device_attitude_status__type_support.cpp
[9.288s] -- Up-to-date: /home/maizaied03/ros2_ws/install/px4_msgs/include/px4_msgs/px4_msgs/msg/detail/trajectory_setpoint__rosidl_typesupport_introspection_cpp.hpp
[9.288s] -- Up-to-date: /home/maizaied03/ros2_ws/install/px4_msgs/include/px4_msgs/px4_msgs/msg/detail/timesync_status__rosidl_typesupport_introspection_cpp.hpp
[9.288s] -- Up-to-date: /home/maizaied03/ros2_ws/install/px4_msgs/include/px4_msgs/px4_msgs/msg/detail/follow_target__rosidl_typesupport_introspection_cpp.hpp
[9.288s] -- Up-to-date: /home/maizaied03/ros2_ws/install/px4_msgs/include/px4_msgs/px4_msgs/msg/detail/fixed_wing_runway_control__rosidl_typesupport_introspection_cpp.hpp
[9.288s] -- Up-to-date: /home/maizaied03/ros2_ws/install/px4_msgs/include/px4_msgs/px4_msgs/msg/detail/yaw_estimator_status__rosidl_typesupport_introspection_cpp.hpp
[9.289s] -- Up-to-date: /home/maizaied03/ros2_ws/install/px4_msgs/include/px4_msgs/px4_msgs/msg/detail/wind__rosidl_typesupport_introspection_cpp.hpp
[9.289s] -- Up-to-date: /home/maizaied03/ros2_ws/install/px4_msgs/include/px4_msgs/px4_msgs/msg/detail/vehicle_command_ack__rosidl_typesupport_introspection_cpp.hpp
[9.289s] -- Up-to-date: /home/maizaied03/ros2_ws/install/px4_msgs/include/px4_msgs/px4_msgs/msg/detail/ulog_stream__type_support.cpp
[9.289s] -- Up-to-date: /home/maizaied03/ros2_ws/install/px4_msgs/include/px4_msgs/px4_msgs/msg/detail/arming_check_reply__rosidl_typesupport_introspection_cpp.hpp
[9.289s] -- Up-to-date: /home/maizaied03/ros2_ws/install/px4_msgs/include/px4_msgs/px4_msgs/msg/detail/cellular_status__rosidl_typesupport_introspection_cpp.hpp
[9.289s] -- Up-to-date: /home/maizaied03/ros2_ws/install/px4_msgs/include/px4_msgs/px4_msgs/msg/detail/vehicle_air_data__rosidl_typesupport_introspection_cpp.hpp
[9.289s] -- Up-to-date: /home/maizaied03/ros2_ws/install/px4_msgs/include/px4_msgs/px4_msgs/msg/detail/sensor_hygrometer__type_support.cpp
[9.289s] -- Up-to-date: /home/maizaied03/ros2_ws/install/px4_msgs/include/px4_msgs/px4_msgs/msg/detail/sensors_status__rosidl_typesupport_introspection_cpp.hpp
[9.289s] -- Up-to-date: /home/maizaied03/ros2_ws/install/px4_msgs/include/px4_msgs/px4_msgs/msg/detail/tune_control__type_support.cpp
[9.289s] -- Up-to-date: /home/maizaied03/ros2_ws/install/px4_msgs/include/px4_msgs/px4_msgs/msg/detail/logger_status__rosidl_typesupport_introspection_cpp.hpp
[9.289s] -- Up-to-date: /home/maizaied03/ros2_ws/install/px4_msgs/include/px4_msgs/px4_msgs/msg/detail/estimator_aid_source2d__rosidl_typesupport_introspection_cpp.hpp
[9.289s] -- Up-to-date: /home/maizaied03/ros2_ws/install/px4_msgs/include/px4_msgs/px4_msgs/msg/detail/launch_detection_status__rosidl_typesupport_introspection_cpp.hpp
[9.289s] -- Up-to-date: /home/maizaied03/ros2_ws/install/px4_msgs/include/px4_msgs/px4_msgs/msg/detail/sensor_selection__rosidl_typesupport_introspection_cpp.hpp
[9.289s] -- Up-to-date: /home/maizaied03/ros2_ws/install/px4_msgs/include/px4_msgs/px4_msgs/msg/detail/vehicle_local_position_setpoint__type_support.cpp
[9.289s] -- Up-to-date: /home/maizaied03/ros2_ws/install/px4_msgs/include/px4_msgs/px4_msgs/msg/detail/power_monitor__type_support.cpp
[9.289s] -- Up-to-date: /home/maizaied03/ros2_ws/install/px4_msgs/include/px4_msgs/px4_msgs/msg/detail/position_setpoint__rosidl_typesupport_introspection_cpp.hpp
[9.289s] -- Up-to-date: /home/maizaied03/ros2_ws/install/px4_msgs/include/px4_msgs/px4_msgs/msg/detail/internal_combustion_engine_status__type_support.cpp
[9.290s] -- Up-to-date: /home/maizaied03/ros2_ws/install/px4_msgs/include/px4_msgs/px4_msgs/msg/detail/timesync_status__type_support.cpp
[9.290s] -- Up-to-date: /home/maizaied03/ros2_ws/install/px4_msgs/include/px4_msgs/px4_msgs/msg/detail/rover_speed_setpoint__type_support.cpp
[9.290s] -- Up-to-date: /home/maizaied03/ros2_ws/install/px4_msgs/include/px4_msgs/px4_msgs/msg/detail/hover_thrust_estimate__type_support.cpp
[9.290s] -- Up-to-date: /home/maizaied03/ros2_ws/install/px4_msgs/include/px4_msgs/px4_msgs/msg/detail/obstacle_distance__rosidl_typesupport_introspection_cpp.hpp
[9.290s] -- Up-to-date: /home/maizaied03/ros2_ws/install/px4_msgs/include/px4_msgs/px4_msgs/msg/detail/vehicle_constraints__type_support.cpp
[9.290s] -- Up-to-date: /home/maizaied03/ros2_ws/install/px4_msgs/include/px4_msgs/px4_msgs/msg/detail/heater_status__rosidl_typesupport_introspection_cpp.hpp
[9.290s] -- Up-to-date: /home/maizaied03/ros2_ws/install/px4_msgs/include/px4_msgs/px4_msgs/msg/detail/mission__rosidl_typesupport_introspection_cpp.hpp
[9.290s] -- Up-to-date: /home/maizaied03/ros2_ws/install/px4_msgs/include/px4_msgs/px4_msgs/msg/detail/vehicle_acceleration__rosidl_typesupport_introspection_cpp.hpp
[9.290s] -- Up-to-date: /home/maizaied03/ros2_ws/install/px4_msgs/include/px4_msgs/px4_msgs/msg/detail/ulog_stream__rosidl_typesupport_introspection_cpp.hpp
[9.290s] -- Up-to-date: /home/maizaied03/ros2_ws/install/px4_msgs/include/px4_msgs/px4_msgs/msg/detail/camera_capture__rosidl_typesupport_introspection_cpp.hpp
[9.290s] -- Up-to-date: /home/maizaied03/ros2_ws/install/px4_msgs/include/px4_msgs/px4_msgs/msg/detail/can_interface_status__rosidl_typesupport_introspection_cpp.hpp
[9.290s] -- Up-to-date: /home/maizaied03/ros2_ws/install/px4_msgs/include/px4_msgs/px4_msgs/msg/detail/pps_capture__type_support.cpp
[9.290s] -- Up-to-date: /home/maizaied03/ros2_ws/install/px4_msgs/include/px4_msgs/px4_msgs/msg/detail/vehicle_local_position_setpoint__rosidl_typesupport_introspection_cpp.hpp
[9.290s] -- Up-to-date: /home/maizaied03/ros2_ws/install/px4_msgs/include/px4_msgs/px4_msgs/msg/detail/sensor_hygrometer__rosidl_typesupport_introspection_cpp.hpp
[9.290s] -- Up-to-date: /home/maizaied03/ros2_ws/install/px4_msgs/include/px4_msgs/px4_msgs/msg/detail/flight_phase_estimation__rosidl_typesupport_introspection_cpp.hpp
[9.290s] -- Up-to-date: /home/maizaied03/ros2_ws/install/px4_msgs/include/px4_msgs/px4_msgs/msg/detail/gps_inject_data__type_support.cpp
[9.290s] -- Up-to-date: /home/maizaied03/ros2_ws/install/px4_msgs/include/px4_msgs/px4_msgs/msg/detail/irlock_report__type_support.cpp
[9.290s] -- Up-to-date: /home/maizaied03/ros2_ws/install/px4_msgs/include/px4_msgs/px4_msgs/msg/detail/dataman_request__rosidl_typesupport_introspection_cpp.hpp
[9.290s] -- Up-to-date: /home/maizaied03/ros2_ws/install/px4_msgs/include/px4_msgs/px4_msgs/msg/detail/parameter_set_value_request__rosidl_typesupport_introspection_cpp.hpp
[9.290s] -- Up-to-date: /home/maizaied03/ros2_ws/install/px4_msgs/include/px4_msgs/px4_msgs/msg/detail/vehicle_air_data__type_support.cpp
[9.290s] -- Up-to-date: /home/maizaied03/ros2_ws/install/px4_msgs/include/px4_msgs/px4_msgs/msg/detail/sensor_gps__type_support.cpp
[9.291s] -- Up-to-date: /home/maizaied03/ros2_ws/install/px4_msgs/include/px4_msgs/px4_msgs/msg/detail/velocity_limits__type_support.cpp
[9.291s] -- Up-to-date: /home/maizaied03/ros2_ws/install/px4_msgs/include/px4_msgs/px4_msgs/msg/detail/rover_steering_setpoint__type_support.cpp
[9.291s] -- Up-to-date: /home/maizaied03/ros2_ws/install/px4_msgs/include/px4_msgs/px4_msgs/msg/detail/vehicle_angular_velocity__type_support.cpp
[9.291s] -- Up-to-date: /home/maizaied03/ros2_ws/install/px4_msgs/include/px4_msgs/px4_msgs/msg/detail/flight_phase_estimation__type_support.cpp
[9.291s] -- Up-to-date: /home/maizaied03/ros2_ws/install/px4_msgs/include/px4_msgs/px4_msgs/msg/detail/uavcan_parameter_request__type_support.cpp
[9.291s] -- Up-to-date: /home/maizaied03/ros2_ws/install/px4_msgs/include/px4_msgs/px4_msgs/msg/detail/gain_compression__type_support.cpp
[9.291s] -- Up-to-date: /home/maizaied03/ros2_ws/install/px4_msgs/include/px4_msgs/px4_msgs/msg/detail/takeoff_status__type_support.cpp
[9.291s] -- Up-to-date: /home/maizaied03/ros2_ws/install/px4_msgs/include/px4_msgs/px4_msgs/msg/detail/pwm_input__rosidl_typesupport_introspection_cpp.hpp
[9.291s] -- Up-to-date: /home/maizaied03/ros2_ws/install/px4_msgs/include/px4_msgs/px4_msgs/msg/detail/estimator_innovations__type_support.cpp
[9.291s] -- Up-to-date: /home/maizaied03/ros2_ws/install/px4_msgs/include/px4_msgs/px4_msgs/msg/detail/rtl_time_estimate__type_support.cpp
[9.291s] -- Up-to-date: /home/maizaied03/ros2_ws/install/px4_msgs/include/px4_msgs/px4_msgs/msg/detail/gimbal_manager_status__rosidl_typesupport_introspection_cpp.hpp
[9.291s] -- Up-to-date: /home/maizaied03/ros2_ws/install/px4_msgs/include/px4_msgs/px4_msgs/msg/detail/goto_setpoint__rosidl_typesupport_introspection_cpp.hpp
[9.291s] -- Up-to-date: /home/maizaied03/ros2_ws/install/px4_msgs/include/px4_msgs/px4_msgs/msg/detail/raptor_input__type_support.cpp
[9.291s] -- Up-to-date: /home/maizaied03/ros2_ws/install/px4_msgs/include/px4_msgs/px4_msgs/msg/detail/sensor_gyro_fifo__rosidl_typesupport_introspection_cpp.hpp
[9.291s] -- Up-to-date: /home/maizaied03/ros2_ws/install/px4_msgs/include/px4_msgs/px4_msgs/msg/detail/sensor_baro__type_support.cpp
[9.291s] -- Up-to-date: /home/maizaied03/ros2_ws/install/px4_msgs/include/px4_msgs/px4_msgs/msg/detail/fixed_wing_lateral_status__type_support.cpp
[9.291s] -- Up-to-date: /home/maizaied03/ros2_ws/install/px4_msgs/include/px4_msgs/px4_msgs/msg/detail/manual_control_switches__rosidl_typesupport_introspection_cpp.hpp
[9.291s] -- Up-to-date: /home/maizaied03/ros2_ws/install/px4_msgs/include/px4_msgs/px4_msgs/msg/detail/landing_gear__rosidl_typesupport_introspection_cpp.hpp
[9.291s] -- Up-to-date: /home/maizaied03/ros2_ws/install/px4_msgs/include/px4_msgs/px4_msgs/msg/detail/distance_sensor__rosidl_typesupport_introspection_cpp.hpp
[9.291s] -- Up-to-date: /home/maizaied03/ros2_ws/install/px4_msgs/include/px4_msgs/px4_msgs/msg/detail/estimator_states__rosidl_typesupport_introspection_cpp.hpp
[9.291s] -- Up-to-date: /home/maizaied03/ros2_ws/install/px4_msgs/include/px4_msgs/px4_msgs/msg/detail/sensor_combined__type_support.cpp
[9.291s] -- Up-to-date: /home/maizaied03/ros2_ws/install/px4_msgs/include/px4_msgs/px4_msgs/msg/detail/rc_parameter_map__type_support.cpp
[9.292s] -- Up-to-date: /home/maizaied03/ros2_ws/install/px4_msgs/include/px4_msgs/px4_msgs/msg/detail/raptor_input__rosidl_typesupport_introspection_cpp.hpp
[9.292s] -- Up-to-date: /home/maizaied03/ros2_ws/install/px4_msgs/include/px4_msgs/px4_msgs/msg/detail/vehicle_rates_setpoint__rosidl_typesupport_introspection_cpp.hpp
[9.292s] -- Up-to-date: /home/maizaied03/ros2_ws/install/px4_msgs/include/px4_msgs/px4_msgs/msg/detail/vehicle_attitude__type_support.cpp
[9.292s] -- Up-to-date: /home/maizaied03/ros2_ws/install/px4_msgs/include/px4_msgs/px4_msgs/msg/detail/differential_pressure__rosidl_typesupport_introspection_cpp.hpp
[9.292s] -- Up-to-date: /home/maizaied03/ros2_ws/install/px4_msgs/include/px4_msgs/px4_msgs/msg/detail/estimator_bias3d__type_support.cpp
[9.292s] -- Up-to-date: /home/maizaied03/ros2_ws/install/px4_msgs/include/px4_msgs/px4_msgs/msg/detail/collision_constraints__rosidl_typesupport_introspection_cpp.hpp
[9.292s] -- Up-to-date: /home/maizaied03/ros2_ws/install/px4_msgs/include/px4_msgs/px4_msgs/msg/detail/tiltrotor_extra_controls__rosidl_typesupport_introspection_cpp.hpp
[9.292s] -- Up-to-date: /home/maizaied03/ros2_ws/install/px4_msgs/include/px4_msgs/px4_msgs/msg/detail/sensor_optical_flow__rosidl_typesupport_introspection_cpp.hpp
[9.292s] -- Up-to-date: /home/maizaied03/ros2_ws/install/px4_msgs/include/px4_msgs/px4_msgs/msg/detail/actuator_servos_trim__rosidl_typesupport_introspection_cpp.hpp
[9.292s] -- Up-to-date: /home/maizaied03/ros2_ws/install/px4_msgs/include/px4_msgs/px4_msgs/msg/detail/input_rc__rosidl_typesupport_introspection_cpp.hpp
[9.292s] -- Up-to-date: /home/maizaied03/ros2_ws/install/px4_msgs/include/px4_msgs/px4_msgs/msg/detail/cpuload__rosidl_typesupport_introspection_cpp.hpp
[9.292s] -- Up-to-date: /home/maizaied03/ros2_ws/install/px4_msgs/include/px4_msgs/px4_msgs/msg/detail/adc_report__rosidl_typesupport_introspection_cpp.hpp
[9.292s] -- Up-to-date: /home/maizaied03/ros2_ws/install/px4_msgs/include/px4_msgs/px4_msgs/msg/detail/radio_status__type_support.cpp
[9.292s] -- Up-to-date: /home/maizaied03/ros2_ws/install/px4_msgs/include/px4_msgs/px4_msgs/msg/detail/message_format_response__rosidl_typesupport_introspection_cpp.hpp
[9.292s] -- Up-to-date: /home/maizaied03/ros2_ws/install/px4_msgs/include/px4_msgs/px4_msgs/msg/detail/fixed_wing_runway_control__type_support.cpp
[9.292s] -- Up-to-date: /home/maizaied03/ros2_ws/install/px4_msgs/include/px4_msgs/px4_msgs/msg/detail/sensor_accel__type_support.cpp
[9.292s] -- Up-to-date: /home/maizaied03/ros2_ws/install/px4_msgs/include/px4_msgs/px4_msgs/msg/detail/rpm__rosidl_typesupport_introspection_cpp.hpp
[9.292s] -- Up-to-date: /home/maizaied03/ros2_ws/install/px4_msgs/include/px4_msgs/px4_msgs/msg/detail/rc_parameter_map__rosidl_typesupport_introspection_cpp.hpp
[9.292s] -- Up-to-date: /home/maizaied03/ros2_ws/install/px4_msgs/include/px4_msgs/px4_msgs/msg/detail/vehicle_global_position__type_support.cpp
[9.293s] -- Up-to-date: /home/maizaied03/ros2_ws/install/px4_msgs/include/px4_msgs/px4_msgs/msg/detail/rover_speed_setpoint__rosidl_typesupport_introspection_cpp.hpp
[9.293s] -- Up-to-date: /home/maizaied03/ros2_ws/install/px4_msgs/include/px4_msgs/px4_msgs/msg/detail/hover_thrust_estimate__rosidl_typesupport_introspection_cpp.hpp
[9.293s] -- Up-to-date: /home/maizaied03/ros2_ws/install/px4_msgs/include/px4_msgs/px4_msgs/msg/detail/magnetometer_bias_estimate__rosidl_typesupport_introspection_cpp.hpp
[9.293s] -- Up-to-date: /home/maizaied03/ros2_ws/install/px4_msgs/include/px4_msgs/px4_msgs/msg/detail/ping__rosidl_typesupport_introspection_cpp.hpp
[9.293s] -- Up-to-date: /home/maizaied03/ros2_ws/install/px4_msgs/include/px4_msgs/px4_msgs/msg/detail/parameter_reset_request__type_support.cpp
[9.293s] -- Up-to-date: /home/maizaied03/ros2_ws/install/px4_msgs/include/px4_msgs/px4_msgs/msg/detail/estimator_status_flags__rosidl_typesupport_introspection_cpp.hpp
[9.293s] -- Up-to-date: /home/maizaied03/ros2_ws/install/px4_msgs/include/px4_msgs/px4_msgs/msg/detail/mavlink_tunnel__type_support.cpp
[9.293s] -- Up-to-date: /home/maizaied03/ros2_ws/install/px4_msgs/include/px4_msgs/px4_msgs/msg/detail/camera_trigger__type_support.cpp
[9.293s] -- Up-to-date: /home/maizaied03/ros2_ws/install/px4_msgs/include/px4_msgs/px4_msgs/msg/detail/magnetometer_bias_estimate__type_support.cpp
[9.293s] -- Up-to-date: /home/maizaied03/ros2_ws/install/px4_msgs/include/px4_msgs/px4_msgs/msg/detail/estimator_aid_source1d__rosidl_typesupport_introspection_cpp.hpp
[9.293s] -- Up-to-date: /home/maizaied03/ros2_ws/install/px4_msgs/include/px4_msgs/px4_msgs/msg/detail/adc_report__type_support.cpp
[9.293s] -- Up-to-date: /home/maizaied03/ros2_ws/install/px4_msgs/include/px4_msgs/px4_msgs/msg/detail/sensor_gyro_fft__rosidl_typesupport_introspection_cpp.hpp
[9.293s] -- Up-to-date: /home/maizaied03/ros2_ws/install/px4_msgs/include/px4_msgs/px4_msgs/msg/detail/estimator_selector_status__type_support.cpp
[9.293s] -- Up-to-date: /home/maizaied03/ros2_ws/install/px4_msgs/include/px4_msgs/px4_msgs/msg/detail/manual_control_setpoint__rosidl_typesupport_introspection_cpp.hpp
[9.293s] -- Up-to-date: /home/maizaied03/ros2_ws/install/px4_msgs/include/px4_msgs/px4_msgs/msg/detail/control_allocator_status__rosidl_typesupport_introspection_cpp.hpp
[9.293s] -- Up-to-date: /home/maizaied03/ros2_ws/install/px4_msgs/include/px4_msgs/px4_msgs/msg/detail/launch_detection_status__type_support.cpp
[9.293s] -- Up-to-date: /home/maizaied03/ros2_ws/install/px4_msgs/include/px4_msgs/px4_msgs/msg/detail/debug_key_value__type_support.cpp
[9.293s] -- Up-to-date: /home/maizaied03/ros2_ws/install/px4_msgs/include/px4_msgs/px4_msgs/msg/detail/gpio_in__type_support.cpp
[9.293s] -- Up-to-date: /home/maizaied03/ros2_ws/install/px4_msgs/include/px4_msgs/px4_msgs/msg/detail/actuator_armed__rosidl_typesupport_introspection_cpp.hpp
[9.293s] -- Up-to-date: /home/maizaied03/ros2_ws/install/px4_msgs/include/px4_msgs/px4_msgs/msg/detail/offboard_control_mode__type_support.cpp
[9.293s] -- Up-to-date: /home/maizaied03/ros2_ws/install/px4_msgs/include/px4_msgs/px4_msgs/msg/detail/power_button_state__type_support.cpp
[9.293s] -- Up-to-date: /home/maizaied03/ros2_ws/install/px4_msgs/include/px4_msgs/px4_msgs/msg/detail/event__type_support.cpp
[9.293s] -- Up-to-date: /home/maizaied03/ros2_ws/install/px4_msgs/include/px4_msgs/px4_msgs/msg/detail/differential_pressure__type_support.cpp
[9.294s] -- Up-to-date: /home/maizaied03/ros2_ws/install/px4_msgs/include/px4_msgs/px4_msgs/msg/detail/airspeed_wind__rosidl_typesupport_introspection_cpp.hpp
[9.294s] -- Up-to-date: /home/maizaied03/ros2_ws/install/px4_msgs/include/px4_msgs/px4_msgs/msg/detail/sensor_gps__rosidl_typesupport_introspection_cpp.hpp
[9.294s] -- Up-to-date: /home/maizaied03/ros2_ws/install/px4_msgs/include/px4_msgs/px4_msgs/msg/detail/parameter_reset_request__rosidl_typesupport_introspection_cpp.hpp
[9.294s] -- Up-to-date: /home/maizaied03/ros2_ws/install/px4_msgs/include/px4_msgs/px4_msgs/msg/detail/orb_test_medium__type_support.cpp
[9.294s] -- Up-to-date: /home/maizaied03/ros2_ws/install/px4_msgs/include/px4_msgs/px4_msgs/msg/detail/gimbal_manager_information__rosidl_typesupport_introspection_cpp.hpp
[9.294s] -- Up-to-date: /home/maizaied03/ros2_ws/install/px4_msgs/include/px4_msgs/px4_msgs/msg/detail/rover_throttle_setpoint__rosidl_typesupport_introspection_cpp.hpp
[9.294s] -- Up-to-date: /home/maizaied03/ros2_ws/install/px4_msgs/include/px4_msgs/px4_msgs/msg/detail/sensor_gyro__type_support.cpp
[9.294s] -- Up-to-date: /home/maizaied03/ros2_ws/install/px4_msgs/include/px4_msgs/px4_msgs/msg/detail/onboard_computer_status__type_support.cpp
[9.294s] -- Up-to-date: /home/maizaied03/ros2_ws/install/px4_msgs/include/px4_msgs/px4_msgs/msg/detail/gpio_config__type_support.cpp
[9.294s] -- Up-to-date: /home/maizaied03/ros2_ws/install/px4_msgs/include/px4_msgs/px4_msgs/msg/detail/transponder_report__type_support.cpp
[9.294s] -- Up-to-date: /home/maizaied03/ros2_ws/install/px4_msgs/include/px4_msgs/px4_msgs/msg/detail/estimator_bias__rosidl_typesupport_introspection_cpp.hpp
[9.294s] -- Up-to-date: /home/maizaied03/ros2_ws/install/px4_msgs/include/px4_msgs/px4_msgs/msg/detail/vehicle_status__rosidl_typesupport_introspection_cpp.hpp
[9.294s] -- Up-to-date: /home/maizaied03/ros2_ws/install/px4_msgs/include/px4_msgs/px4_msgs/msg/detail/rover_speed_status__type_support.cpp
[9.294s] -- Up-to-date: /home/maizaied03/ros2_ws/install/px4_msgs/include/px4_msgs/px4_msgs/msg/detail/gps_dump__type_support.cpp
[9.294s] -- Up-to-date: /home/maizaied03/ros2_ws/install/px4_msgs/include/px4_msgs/px4_msgs/msg/detail/camera_status__rosidl_typesupport_introspection_cpp.hpp
[9.294s] -- Up-to-date: /home/maizaied03/ros2_ws/install/px4_msgs/include/px4_msgs/px4_msgs/msg/detail/wheel_encoders__type_support.cpp
[9.294s] -- Up-to-date: /home/maizaied03/ros2_ws/install/px4_msgs/include/px4_msgs/px4_msgs/msg/detail/vehicle_optical_flow__rosidl_typesupport_introspection_cpp.hpp
[9.294s] -- Up-to-date: /home/maizaied03/ros2_ws/install/px4_msgs/include/px4_msgs/px4_msgs/msg/detail/sensor_baro__rosidl_typesupport_introspection_cpp.hpp
[9.294s] -- Up-to-date: /home/maizaied03/ros2_ws/install/px4_msgs/include/px4_msgs/px4_msgs/msg/detail/log_message__rosidl_typesupport_introspection_cpp.hpp
[9.294s] -- Up-to-date: /home/maizaied03/ros2_ws/install/px4_msgs/include/px4_msgs/px4_msgs/msg/detail/vehicle_imu_status__rosidl_typesupport_introspection_cpp.hpp
[9.294s] -- Up-to-date: /home/maizaied03/ros2_ws/install/px4_msgs/include/px4_msgs/px4_msgs/msg/detail/actuator_servos_trim__type_support.cpp
[9.294s] -- Up-to-date: /home/maizaied03/ros2_ws/install/px4_msgs/include/px4_msgs/px4_msgs/msg/detail/navigator_status__type_support.cpp
[9.294s] -- Up-to-date: /home/maizaied03/ros2_ws/install/px4_msgs/include/px4_msgs/px4_msgs/msg/detail/estimator_event_flags__type_support.cpp
[9.295s] -- Up-to-date: /home/maizaied03/ros2_ws/install/px4_msgs/include/px4_msgs/px4_msgs/msg/detail/actuator_armed__type_support.cpp
[9.295s] -- Up-to-date: /home/maizaied03/ros2_ws/install/px4_msgs/include/px4_msgs/px4_msgs/msg/detail/dataman_request__type_support.cpp
[9.295s] -- Up-to-date: /home/maizaied03/ros2_ws/install/px4_msgs/include/px4_msgs/px4_msgs/msg/detail/camera_capture__type_support.cpp
[9.295s] -- Up-to-date: /home/maizaied03/ros2_ws/install/px4_msgs/include/px4_msgs/px4_msgs/msg/detail/iridiumsbd_status__rosidl_typesupport_introspection_cpp.hpp
[9.295s] -- Up-to-date: /home/maizaied03/ros2_ws/install/px4_msgs/include/px4_msgs/px4_msgs/msg/detail/yaw_estimator_status__type_support.cpp
[9.295s] -- Up-to-date: /home/maizaied03/ros2_ws/install/px4_msgs/include/px4_msgs/px4_msgs/msg/detail/vehicle_torque_setpoint__type_support.cpp
[9.295s] -- Up-to-date: /home/maizaied03/ros2_ws/install/px4_msgs/include/px4_msgs/px4_msgs/msg/detail/autotune_attitude_control_status__rosidl_typesupport_introspection_cpp.hpp
[9.295s] -- Up-to-date: /home/maizaied03/ros2_ws/install/px4_msgs/include/px4_msgs/px4_msgs/msg/detail/rover_throttle_setpoint__type_support.cpp
[9.295s] -- Up-to-date: /home/maizaied03/ros2_ws/install/px4_msgs/include/px4_msgs/px4_msgs/msg/detail/open_drone_id_system__rosidl_typesupport_introspection_cpp.hpp
[9.295s] -- Up-to-date: /home/maizaied03/ros2_ws/install/px4_msgs/include/px4_msgs/px4_msgs/msg/detail/rover_attitude_status__rosidl_typesupport_introspection_cpp.hpp
[9.295s] -- Up-to-date: /home/maizaied03/ros2_ws/install/px4_msgs/include/px4_msgs/px4_msgs/msg/detail/velocity_limits__rosidl_typesupport_introspection_cpp.hpp
[9.295s] -- Up-to-date: /home/maizaied03/ros2_ws/install/px4_msgs/include/px4_msgs/px4_msgs/msg/detail/parameter_update__type_support.cpp
[9.295s] -- Up-to-date: /home/maizaied03/ros2_ws/install/px4_msgs/include/px4_msgs/px4_msgs/msg/detail/sensor_gnss_relative__type_support.cpp
[9.295s] -- Up-to-date: /home/maizaied03/ros2_ws/install/px4_msgs/include/px4_msgs/px4_msgs/msg/detail/button_event__type_support.cpp
[9.295s] -- Up-to-date: /home/maizaied03/ros2_ws/install/px4_msgs/include/px4_msgs/px4_msgs/msg/detail/vehicle_odometry__type_support.cpp
[9.295s] -- Up-to-date: /home/maizaied03/ros2_ws/install/px4_msgs/include/px4_msgs/px4_msgs/msg/detail/actuator_motors__type_support.cpp
[9.295s] -- Up-to-date: /home/maizaied03/ros2_ws/install/px4_msgs/include/px4_msgs/px4_msgs/msg/detail/register_ext_component_request__rosidl_typesupport_introspection_cpp.hpp
[9.295s] -- Up-to-date: /home/maizaied03/ros2_ws/install/px4_msgs/include/px4_msgs/px4_msgs/msg/detail/orb_test_large__type_support.cpp
[9.295s] -- Up-to-date: /home/maizaied03/ros2_ws/install/px4_msgs/include/px4_msgs/px4_msgs/msg/detail/qshell_req__rosidl_typesupport_introspection_cpp.hpp
[9.295s] -- Up-to-date: /home/maizaied03/ros2_ws/install/px4_msgs/include/px4_msgs/px4_msgs/msg/detail/esc_report__type_support.cpp
[9.295s] -- Up-to-date: /home/maizaied03/ros2_ws/install/px4_msgs/include/px4_msgs/px4_msgs/msg/detail/open_drone_id_system__type_support.cpp
[9.295s] -- Up-to-date: /home/maizaied03/ros2_ws/install/px4_msgs/include/px4_msgs/px4_msgs/msg/detail/gps_dump__rosidl_typesupport_introspection_cpp.hpp
[9.295s] -- Up-to-date: /home/maizaied03/ros2_ws/install/px4_msgs/include/px4_msgs/px4_msgs/msg/detail/failure_detector_status__type_support.cpp
[9.295s] -- Up-to-date: /home/maizaied03/ros2_ws/install/px4_msgs/include/px4_msgs/px4_msgs/msg/detail/device_information__rosidl_typesupport_introspection_cpp.hpp
[9.296s] -- Up-to-date: /home/maizaied03/ros2_ws/install/px4_msgs/include/px4_msgs/px4_msgs/msg/detail/vehicle_constraints__rosidl_typesupport_introspection_cpp.hpp
[9.296s] -- Up-to-date: /home/maizaied03/ros2_ws/install/px4_msgs/include/px4_msgs/px4_msgs/msg/detail/rtl_status__type_support.cpp
[9.296s] -- Up-to-date: /home/maizaied03/ros2_ws/install/px4_msgs/include/px4_msgs/px4_msgs/msg/detail/dataman_response__rosidl_typesupport_introspection_cpp.hpp
[9.296s] -- Up-to-date: /home/maizaied03/ros2_ws/install/px4_msgs/include/px4_msgs/px4_msgs/msg/detail/vehicle_land_detected__rosidl_typesupport_introspection_cpp.hpp
[9.296s] -- Up-to-date: /home/maizaied03/ros2_ws/install/px4_msgs/include/px4_msgs/px4_msgs/msg/detail/gps_inject_data__rosidl_typesupport_introspection_cpp.hpp
[9.296s] -- Up-to-date: /home/maizaied03/ros2_ws/install/px4_msgs/include/px4_msgs/px4_msgs/msg/detail/esc_status__type_support.cpp
[9.296s] -- Up-to-date: /home/maizaied03/ros2_ws/install/px4_msgs/include/px4_msgs/px4_msgs/msg/detail/vehicle_thrust_setpoint__type_support.cpp
[9.296s] -- Up-to-date: /home/maizaied03/ros2_ws/install/px4_msgs/include/px4_msgs/px4_msgs/msg/detail/vehicle_global_position__rosidl_typesupport_introspection_cpp.hpp
[9.296s] -- Up-to-date: /home/maizaied03/ros2_ws/install/px4_msgs/include/px4_msgs/px4_msgs/msg/detail/neural_control__type_support.cpp
[9.296s] -- Up-to-date: /home/maizaied03/ros2_ws/install/px4_msgs/include/px4_msgs/px4_msgs/msg/detail/actuator_outputs__type_support.cpp
[9.296s] -- Up-to-date: /home/maizaied03/ros2_ws/install/px4_msgs/include/px4_msgs/px4_msgs/msg/detail/geofence_status__rosidl_typesupport_introspection_cpp.hpp
[9.296s] -- Up-to-date: /home/maizaied03/ros2_ws/install/px4_msgs/include/px4_msgs/px4_msgs/msg/detail/task_stack_info__type_support.cpp
[9.296s] -- Up-to-date: /home/maizaied03/ros2_ws/install/px4_msgs/include/px4_msgs/px4_msgs/msg/detail/action_request__rosidl_typesupport_introspection_cpp.hpp
[9.296s] -- Up-to-date: /home/maizaied03/ros2_ws/install/px4_msgs/include/px4_msgs/px4_msgs/msg/detail/trajectory_setpoint6dof__rosidl_typesupport_introspection_cpp.hpp
[9.296s] -- Up-to-date: /home/maizaied03/ros2_ws/install/px4_msgs/include/px4_msgs/px4_msgs/msg/detail/arming_check_reply__type_support.cpp
[9.296s] -- Up-to-date: /home/maizaied03/ros2_ws/install/px4_msgs/include/px4_msgs/px4_msgs/msg/detail/manual_control_setpoint__type_support.cpp
[9.296s] -- Up-to-date: /home/maizaied03/ros2_ws/install/px4_msgs/include/px4_msgs/px4_msgs/msg/detail/failsafe_flags__rosidl_typesupport_introspection_cpp.hpp
[9.296s] -- Up-to-date: /home/maizaied03/ros2_ws/install/px4_msgs/include/px4_msgs/px4_msgs/msg/detail/gimbal_device_set_attitude__type_support.cpp
[9.296s] -- Up-to-date: /home/maizaied03/ros2_ws/install/px4_msgs/include/px4_msgs/px4_msgs/msg/detail/trajectory_setpoint6dof__type_support.cpp
[9.296s] -- Up-to-date: /home/maizaied03/ros2_ws/install/px4_msgs/include/px4_msgs/px4_msgs/msg/detail/estimator_status__type_support.cpp
[9.297s] -- Up-to-date: /home/maizaied03/ros2_ws/install/px4_msgs/include/px4_msgs/px4_msgs/msg/detail/rate_ctrl_status__rosidl_typesupport_introspection_cpp.hpp
[9.297s] -- Up-to-date: /home/maizaied03/ros2_ws/install/px4_msgs/include/px4_msgs/px4_msgs/msg/detail/actuator_motors__rosidl_typesupport_introspection_cpp.hpp
[9.297s] -- Up-to-date: /home/maizaied03/ros2_ws/install/px4_msgs/include/px4_msgs/px4_msgs/msg/detail/follow_target_status__type_support.cpp
[9.297s] -- Up-to-date: /home/maizaied03/ros2_ws/install/px4_msgs/include/px4_msgs/px4_msgs/msg/detail/sensor_airflow__rosidl_typesupport_introspection_cpp.hpp
[9.297s] -- Up-to-date: /home/maizaied03/ros2_ws/install/px4_msgs/include/px4_msgs/px4_msgs/msg/detail/rc_channels__rosidl_typesupport_introspection_cpp.hpp
[9.297s] -- Up-to-date: /home/maizaied03/ros2_ws/install/px4_msgs/include/px4_msgs/px4_msgs/msg/detail/gimbal_controls__rosidl_typesupport_introspection_cpp.hpp
[9.297s] -- Up-to-date: /home/maizaied03/ros2_ws/install/px4_msgs/include/px4_msgs/px4_msgs/msg/detail/heater_status__type_support.cpp
[9.297s] -- Up-to-date: /home/maizaied03/ros2_ws/install/px4_msgs/include/px4_msgs/px4_msgs/msg/detail/sensor_optical_flow__type_support.cpp
[9.297s] -- Up-to-date: /home/maizaied03/ros2_ws/install/px4_msgs/include/px4_msgs/px4_msgs/msg/detail/orb_test_large__rosidl_typesupport_introspection_cpp.hpp
[9.297s] -- Up-to-date: /home/maizaied03/ros2_ws/install/px4_msgs/include/px4_msgs/px4_msgs/msg/detail/airspeed_wind__type_support.cpp
[9.297s] -- Up-to-date: /home/maizaied03/ros2_ws/install/px4_msgs/include/px4_msgs/px4_msgs/msg/detail/actuator_test__type_support.cpp
[9.297s] -- Up-to-date: /home/maizaied03/ros2_ws/install/px4_msgs/include/px4_msgs/px4_msgs/msg/detail/health_report__rosidl_typesupport_introspection_cpp.hpp
[9.297s] -- Up-to-date: /home/maizaied03/ros2_ws/install/px4_msgs/include/px4_msgs/px4_msgs/msg/detail/dataman_response__type_support.cpp
[9.297s] -- Up-to-date: /home/maizaied03/ros2_ws/install/px4_msgs/include/px4_msgs/px4_msgs/msg/detail/pure_pursuit_status__type_support.cpp
[9.297s] -- Up-to-date: /home/maizaied03/ros2_ws/install/px4_msgs/include/px4_msgs/px4_msgs/msg/detail/airspeed__type_support.cpp
[9.297s] -- Up-to-date: /home/maizaied03/ros2_ws/install/px4_msgs/include/px4_msgs/px4_msgs/msg/detail/raptor_status__rosidl_typesupport_introspection_cpp.hpp
[9.297s] -- Up-to-date: /home/maizaied03/ros2_ws/install/px4_msgs/include/px4_msgs/px4_msgs/msg/detail/sensor_gnss_status__type_support.cpp
[9.297s] -- Up-to-date: /home/maizaied03/ros2_ws/install/px4_msgs/include/px4_msgs/px4_msgs/msg/detail/failsafe_flags__type_support.cpp
[9.297s] -- Up-to-date: /home/maizaied03/ros2_ws/install/px4_msgs/include/px4_msgs/px4_msgs/msg/detail/sensor_correction__rosidl_typesupport_introspection_cpp.hpp
[9.297s] -- Up-to-date: /home/maizaied03/ros2_ws/install/px4_msgs/include/px4_msgs/px4_msgs/msg/detail/mavlink_log__type_support.cpp
[9.297s] -- Up-to-date: /home/maizaied03/ros2_ws/install/px4_msgs/include/px4_msgs/px4_msgs/msg/detail/normalized_unsigned_setpoint__type_support.cpp
[9.297s] -- Up-to-date: /home/maizaied03/ros2_ws/install/px4_msgs/include/px4_msgs/px4_msgs/msg/detail/mission_result__type_support.cpp
[9.298s] -- Up-to-date: /home/maizaied03/ros2_ws/install/px4_msgs/include/px4_msgs/px4_msgs/msg/detail/telemetry_status__rosidl_typesupport_introspection_cpp.hpp
[9.298s] -- Up-to-date: /home/maizaied03/ros2_ws/install/px4_msgs/include/px4_msgs/px4_msgs/msg/detail/actuator_controls_status__type_support.cpp
[9.298s] -- Up-to-date: /home/maizaied03/ros2_ws/install/px4_msgs/include/px4_msgs/px4_msgs/msg/detail/estimator_selector_status__rosidl_typesupport_introspection_cpp.hpp
[9.298s] -- Up-to-date: /home/maizaied03/ros2_ws/install/px4_msgs/include/px4_msgs/px4_msgs/msg/detail/gimbal_manager_set_manual_control__type_support.cpp
[9.298s] -- Up-to-date: /home/maizaied03/ros2_ws/install/px4_msgs/include/px4_msgs/px4_msgs/msg/detail/vehicle_roi__type_support.cpp
[9.298s] -- Up-to-date: /home/maizaied03/ros2_ws/install/px4_msgs/include/px4_msgs/px4_msgs/msg/detail/arming_check_request__type_support.cpp
[9.298s] -- Up-to-date: /home/maizaied03/ros2_ws/install/px4_msgs/include/px4_msgs/px4_msgs/msg/detail/px4io_status__type_support.cpp
[9.298s] -- Up-to-date: /home/maizaied03/ros2_ws/install/px4_msgs/include/px4_msgs/px4_msgs/msg/detail/estimator_sensor_bias__rosidl_typesupport_introspection_cpp.hpp
[9.298s] -- Up-to-date: /home/maizaied03/ros2_ws/install/px4_msgs/include/px4_msgs/px4_msgs/msg/detail/sensor_accel_fifo__rosidl_typesupport_introspection_cpp.hpp
[9.298s] -- Up-to-date: /home/maizaied03/ros2_ws/install/px4_msgs/include/px4_msgs/px4_msgs/msg/detail/sensor_gnss_status__rosidl_typesupport_introspection_cpp.hpp
[9.298s] -- Up-to-date: /home/maizaied03/ros2_ws/install/px4_msgs/include/px4_msgs/px4_msgs/msg/detail/actuator_servos__rosidl_typesupport_introspection_cpp.hpp
[9.298s] -- Up-to-date: /home/maizaied03/ros2_ws/install/px4_msgs/include/px4_msgs/px4_msgs/msg/detail/battery_status__type_support.cpp
[9.298s] -- Up-to-date: /home/maizaied03/ros2_ws/install/px4_msgs/include/px4_msgs/px4_msgs/msg/detail/estimator_gps_status__type_support.cpp
[9.298s] -- Up-to-date: /home/maizaied03/ros2_ws/install/px4_msgs/include/px4_msgs/px4_msgs/msg/detail/vehicle_roi__rosidl_typesupport_introspection_cpp.hpp
[9.298s] -- Up-to-date: /home/maizaied03/ros2_ws/install/px4_msgs/include/px4_msgs/px4_msgs/msg/detail/irlock_report__rosidl_typesupport_introspection_cpp.hpp
[9.298s] -- Up-to-date: /home/maizaied03/ros2_ws/install/px4_msgs/include/px4_msgs/px4_msgs/msg/detail/parameter_set_value_response__type_support.cpp
[9.298s] -- Up-to-date: /home/maizaied03/ros2_ws/install/px4_msgs/include/px4_msgs/px4_msgs/msg/detail/sensors_status__type_support.cpp
[9.298s] -- Up-to-date: /home/maizaied03/ros2_ws/install/px4_msgs/include/px4_msgs/px4_msgs/msg/detail/pwm_input__type_support.cpp
[9.298s] -- Up-to-date: /home/maizaied03/ros2_ws/install/px4_msgs/include/px4_msgs/px4_msgs/msg/detail/orb_test__rosidl_typesupport_introspection_cpp.hpp
[9.298s] -- Up-to-date: /home/maizaied03/ros2_ws/install/px4_msgs/include/px4_msgs/px4_msgs/msg/detail/cellular_status__type_support.cpp
[9.298s] -- Up-to-date: /home/maizaied03/ros2_ws/install/px4_msgs/include/px4_msgs/px4_msgs/msg/detail/parameter_set_value_response__rosidl_typesupport_introspection_cpp.hpp
[9.298s] -- Up-to-date: /home/maizaied03/ros2_ws/install/px4_msgs/include/px4_msgs/px4_msgs/msg/detail/vehicle_optical_flow_vel__rosidl_typesupport_introspection_cpp.hpp
[9.298s] -- Up-to-date: /home/maizaied03/ros2_ws/install/px4_msgs/include/px4_msgs/px4_msgs/msg/detail/pure_pursuit_status__rosidl_typesupport_introspection_cpp.hpp
[9.298s] -- Up-to-date: /home/maizaied03/ros2_ws/install/px4_msgs/include/px4_msgs/px4_msgs/msg/detail/vehicle_torque_setpoint__rosidl_typesupport_introspection_cpp.hpp
[9.298s] -- Up-to-date: /home/maizaied03/ros2_ws/install/px4_msgs/include/px4_msgs/px4_msgs/msg/detail/estimator_innovations__rosidl_typesupport_introspection_cpp.hpp
[9.299s] -- Up-to-date: /home/maizaied03/ros2_ws/install/px4_msgs/include/px4_msgs/px4_msgs/msg/detail/fixed_wing_longitudinal_setpoint__rosidl_typesupport_introspection_cpp.hpp
[9.299s] -- Up-to-date: /home/maizaied03/ros2_ws/install/px4_msgs/include/px4_msgs/px4_msgs/msg/detail/gain_compression__rosidl_typesupport_introspection_cpp.hpp
[9.299s] -- Up-to-date: /home/maizaied03/ros2_ws/install/px4_msgs/include/px4_msgs/px4_msgs/msg/detail/airspeed__rosidl_typesupport_introspection_cpp.hpp
[9.299s] -- Up-to-date: /home/maizaied03/ros2_ws/install/px4_msgs/include/px4_msgs/px4_msgs/msg/detail/sensor_selection__type_support.cpp
[9.299s] -- Up-to-date: /home/maizaied03/ros2_ws/install/px4_msgs/include/px4_msgs/px4_msgs/msg/detail/camera_status__type_support.cpp
[9.299s] -- Up-to-date: /home/maizaied03/ros2_ws/install/px4_msgs/include/px4_msgs/px4_msgs/msg/detail/position_controller_landing_status__type_support.cpp
[9.299s] -- Up-to-date: /home/maizaied03/ros2_ws/install/px4_msgs/include/px4_msgs/px4_msgs/msg/detail/fuel_tank_status__type_support.cpp
[9.299s] -- Up-to-date: /home/maizaied03/ros2_ws/install/px4_msgs/include/px4_msgs/px4_msgs/msg/detail/geofence_result__rosidl_typesupport_introspection_cpp.hpp
[9.299s] -- Up-to-date: /home/maizaied03/ros2_ws/install/px4_msgs/include/px4_msgs/px4_msgs/msg/detail/fixed_wing_lateral_guidance_status__rosidl_typesupport_introspection_cpp.hpp
[9.299s] -- Up-to-date: /home/maizaied03/ros2_ws/install/px4_msgs/include/px4_msgs/px4_msgs/msg/detail/vehicle_imu__rosidl_typesupport_introspection_cpp.hpp
[9.299s] -- Up-to-date: /home/maizaied03/ros2_ws/install/px4_msgs/include/px4_msgs/px4_msgs/msg/detail/vehicle_command__type_support.cpp
[9.299s] -- Up-to-date: /home/maizaied03/ros2_ws/install/px4_msgs/include/px4_msgs/px4_msgs/msg/detail/airspeed_validated__type_support.cpp
[9.299s] -- Up-to-date: /home/maizaied03/ros2_ws/install/px4_msgs/include/px4_msgs/px4_msgs/msg/detail/gpio_request__type_support.cpp
[9.299s] -- Up-to-date: /home/maizaied03/ros2_ws/install/px4_msgs/include/px4_msgs/px4_msgs/msg/detail/sensor_mag__rosidl_typesupport_introspection_cpp.hpp
[9.299s] -- Up-to-date: /home/maizaied03/ros2_ws/install/px4_msgs/include/px4_msgs/px4_msgs/msg/detail/debug_vect__rosidl_typesupport_introspection_cpp.hpp
[9.299s] -- Up-to-date: /home/maizaied03/ros2_ws/install/px4_msgs/include/px4_msgs/px4_msgs/msg/detail/gpio_out__rosidl_typesupport_introspection_cpp.hpp
[9.299s] -- Up-to-date: /home/maizaied03/ros2_ws/install/px4_msgs/include/px4_msgs/px4_msgs/msg/detail/internal_combustion_engine_control__rosidl_typesupport_introspection_cpp.hpp
[9.299s] -- Up-to-date: /home/maizaied03/ros2_ws/install/px4_msgs/include/px4_msgs/px4_msgs/msg/detail/vehicle_status__type_support.cpp
[9.299s] -- Up-to-date: /home/maizaied03/ros2_ws/install/px4_msgs/include/px4_msgs/px4_msgs/msg/detail/gpio_config__rosidl_typesupport_introspection_cpp.hpp
[9.299s] -- Up-to-date: /home/maizaied03/ros2_ws/install/px4_msgs/include/px4_msgs/px4_msgs/msg/detail/estimator_states__type_support.cpp
[9.299s] -- Up-to-date: /home/maizaied03/ros2_ws/install/px4_msgs/include/px4_msgs/px4_msgs/msg/detail/tune_control__rosidl_typesupport_introspection_cpp.hpp
[9.300s] -- Up-to-date: /home/maizaied03/ros2_ws/install/px4_msgs/include/px4_msgs/px4_msgs/msg/detail/vehicle_imu_status__type_support.cpp
[9.300s] -- Up-to-date: /home/maizaied03/ros2_ws/install/px4_msgs/include/px4_msgs/px4_msgs/msg/detail/vehicle_local_position__rosidl_typesupport_introspection_cpp.hpp
[9.300s] -- Up-to-date: /home/maizaied03/ros2_ws/install/px4_msgs/include/px4_msgs/px4_msgs/msg/detail/gimbal_device_attitude_status__rosidl_typesupport_introspection_cpp.hpp
[9.300s] -- Up-to-date: /home/maizaied03/ros2_ws/install/px4_msgs/include/px4_msgs/px4_msgs/msg/detail/takeoff_status__rosidl_typesupport_introspection_cpp.hpp
[9.300s] -- Up-to-date: /home/maizaied03/ros2_ws/install/px4_msgs/include/px4_msgs/px4_msgs/msg/detail/camera_trigger__rosidl_typesupport_introspection_cpp.hpp
[9.300s] -- Up-to-date: /home/maizaied03/ros2_ws/install/px4_msgs/include/px4_msgs/px4_msgs/msg/detail/action_request__type_support.cpp
[9.300s] -- Up-to-date: /home/maizaied03/ros2_ws/install/px4_msgs/include/px4_msgs/px4_msgs/msg/detail/parameter_set_value_request__type_support.cpp
[9.300s] -- Up-to-date: /home/maizaied03/ros2_ws/install/px4_msgs/include/px4_msgs/px4_msgs/msg/detail/rtl_time_estimate__rosidl_typesupport_introspection_cpp.hpp
[9.300s] -- Up-to-date: /home/maizaied03/ros2_ws/install/px4_msgs/include/px4_msgs/px4_msgs/msg/detail/satellite_info__type_support.cpp
[9.300s] -- Up-to-date: /home/maizaied03/ros2_ws/install/px4_msgs/include/px4_msgs/px4_msgs/msg/detail/transponder_report__rosidl_typesupport_introspection_cpp.hpp
[9.300s] -- Up-to-date: /home/maizaied03/ros2_ws/install/px4_msgs/include/px4_msgs/px4_msgs/msg/detail/vtx__type_support.cpp
[9.300s] -- Up-to-date: /home/maizaied03/ros2_ws/install/px4_msgs/include/px4_msgs/px4_msgs/msg/detail/vehicle_angular_acceleration_setpoint__type_support.cpp
[9.300s] -- Up-to-date: /home/maizaied03/ros2_ws/install/px4_msgs/include/px4_msgs/px4_msgs/msg/detail/landing_gear__type_support.cpp
[9.300s] -- Up-to-date: /home/maizaied03/ros2_ws/install/px4_msgs/include/px4_msgs/px4_msgs/msg/detail/actuator_servos__type_support.cpp
[9.300s] -- Up-to-date: /home/maizaied03/ros2_ws/install/px4_msgs/include/px4_msgs/px4_msgs/msg/detail/sensor_preflight_mag__rosidl_typesupport_introspection_cpp.hpp
[9.300s] -- Up-to-date: /home/maizaied03/ros2_ws/install/px4_msgs/include/px4_msgs/px4_msgs/msg/detail/debug_value__type_support.cpp
[9.300s] -- Up-to-date: /home/maizaied03/ros2_ws/install/px4_msgs/include/px4_msgs/px4_msgs/msg/detail/power_monitor__rosidl_typesupport_introspection_cpp.hpp
[9.300s] -- Up-to-date: /home/maizaied03/ros2_ws/install/px4_msgs/include/px4_msgs/px4_msgs/msg/detail/open_drone_id_self_id__type_support.cpp
[9.300s] -- Up-to-date: /home/maizaied03/ros2_ws/install/px4_msgs/include/px4_msgs/px4_msgs/msg/detail/unregister_ext_component__type_support.cpp
[9.300s] -- Up-to-date: /home/maizaied03/ros2_ws/install/px4_msgs/include/px4_msgs/px4_msgs/msg/detail/sensor_temp__rosidl_typesupport_introspection_cpp.hpp
[9.300s] -- Up-to-date: /home/maizaied03/ros2_ws/install/px4_msgs/include/px4_msgs/px4_msgs/msg/detail/rover_attitude_setpoint__type_support.cpp
[9.300s] -- Up-to-date: /home/maizaied03/ros2_ws/install/px4_msgs/include/px4_msgs/px4_msgs/msg/detail/position_controller_landing_status__rosidl_typesupport_introspection_cpp.hpp
[9.300s] -- Up-to-date: /home/maizaied03/ros2_ws/install/px4_msgs/include/px4_msgs/px4_msgs/msg/detail/dronecan_node_status__rosidl_typesupport_introspection_cpp.hpp
[9.300s] -- Up-to-date: /home/maizaied03/ros2_ws/install/px4_msgs/include/px4_msgs/px4_msgs/msg/detail/goto_setpoint__type_support.cpp
[9.300s] -- Up-to-date: /home/maizaied03/ros2_ws/install/px4_msgs/include/px4_msgs/px4_msgs/msg/detail/system_power__rosidl_typesupport_introspection_cpp.hpp
[9.300s] -- Up-to-date: /home/maizaied03/ros2_ws/install/px4_msgs/include/px4_msgs/px4_msgs/msg/detail/parameter_update__rosidl_typesupport_introspection_cpp.hpp
[9.300s] -- Up-to-date: /home/maizaied03/ros2_ws/install/px4_msgs/include/px4_msgs/px4_msgs/msg/detail/esc_status__rosidl_typesupport_introspection_cpp.hpp
[9.301s] -- Up-to-date: /home/maizaied03/ros2_ws/install/px4_msgs/include/px4_msgs/px4_msgs/msg/detail/rover_rate_status__rosidl_typesupport_introspection_cpp.hpp
[9.301s] -- Up-to-date: /home/maizaied03/ros2_ws/install/px4_msgs/include/px4_msgs/px4_msgs/msg/detail/internal_combustion_engine_status__rosidl_typesupport_introspection_cpp.hpp
[9.301s] -- Up-to-date: /home/maizaied03/ros2_ws/install/px4_msgs/include/px4_msgs/px4_msgs/msg/detail/button_event__rosidl_typesupport_introspection_cpp.hpp
[9.301s] -- Up-to-date: /home/maizaied03/ros2_ws/install/px4_msgs/include/px4_msgs/px4_msgs/msg/detail/vehicle_land_detected__type_support.cpp
[9.301s] -- Up-to-date: /home/maizaied03/ros2_ws/install/px4_msgs/include/px4_msgs/px4_msgs/msg/detail/trajectory_setpoint__type_support.cpp
[9.301s] -- Up-to-date: /home/maizaied03/ros2_ws/install/px4_msgs/include/px4_msgs/px4_msgs/msg/detail/vehicle_optical_flow_vel__type_support.cpp
[9.301s] -- Up-to-date: /home/maizaied03/ros2_ws/install/px4_msgs/include/px4_msgs/px4_msgs/msg/detail/log_message__type_support.cpp
[9.301s] -- Up-to-date: /home/maizaied03/ros2_ws/install/px4_msgs/include/px4_msgs/px4_msgs/msg/detail/battery_info__type_support.cpp
[9.301s] -- Up-to-date: /home/maizaied03/ros2_ws/install/px4_msgs/include/px4_msgs/px4_msgs/msg/detail/airspeed_validated__rosidl_typesupport_introspection_cpp.hpp
[9.301s] -- Up-to-date: /home/maizaied03/ros2_ws/install/px4_msgs/include/px4_msgs/px4_msgs/msg/detail/uavcan_parameter_request__rosidl_typesupport_introspection_cpp.hpp
[9.301s] -- Up-to-date: /home/maizaied03/ros2_ws/install/px4_msgs/include/px4_msgs/px4_msgs/msg/detail/longitudinal_control_configuration__rosidl_typesupport_introspection_cpp.hpp
[9.301s] -- Up-to-date: /home/maizaied03/ros2_ws/install/px4_msgs/include/px4_msgs/px4_msgs/srv
[9.301s] -- Up-to-date: /home/maizaied03/ros2_ws/install/px4_msgs/include/px4_msgs/px4_msgs/srv/detail
[9.301s] -- Up-to-date: /home/maizaied03/ros2_ws/install/px4_msgs/include/px4_msgs/px4_msgs/srv/detail/vehicle_command__rosidl_typesupport_introspection_cpp.hpp
[9.301s] -- Up-to-date: /home/maizaied03/ros2_ws/install/px4_msgs/include/px4_msgs/px4_msgs/srv/detail/vehicle_command__type_support.cpp
[9.301s] -- Up-to-date: /home/maizaied03/ros2_ws/install/px4_msgs/lib/libpx4_msgs__rosidl_typesupport_introspection_cpp.so
[9.301s] -- Up-to-date: /home/maizaied03/ros2_ws/install/px4_msgs/lib/libpx4_msgs__rosidl_typesupport_cpp.so
[9.301s] -- Up-to-date: /home/maizaied03/ros2_ws/install/px4_msgs/share/px4_msgs/environment/pythonpath.sh
[9.301s] -- Up-to-date: /home/maizaied03/ros2_ws/install/px4_msgs/share/px4_msgs/environment/pythonpath.dsv
[9.301s] -- Up-to-date: /home/maizaied03/ros2_ws/install/px4_msgs/local/lib/python3.10/dist-packages/px4_msgs-2.0.1-py3.10.egg-info
[9.301s] -- Installing: /home/maizaied03/ros2_ws/install/px4_msgs/local/lib/python3.10/dist-packages/px4_msgs-2.0.1-py3.10.egg-info/SOURCES.txt
[9.301s] -- Installing: /home/maizaied03/ros2_ws/install/px4_msgs/local/lib/python3.10/dist-packages/px4_msgs-2.0.1-py3.10.egg-info/top_level.txt
[9.301s] -- Installing: /home/maizaied03/ros2_ws/install/px4_msgs/local/lib/python3.10/dist-packages/px4_msgs-2.0.1-py3.10.egg-info/dependency_links.txt
[9.301s] -- Installing: /home/maizaied03/ros2_ws/install/px4_msgs/local/lib/python3.10/dist-packages/px4_msgs-2.0.1-py3.10.egg-info/PKG-INFO
[9.301s] -- Up-to-date: /home/maizaied03/ros2_ws/install/px4_msgs/local/lib/python3.10/dist-packages/px4_msgs
[9.302s] -- Installing: /home/maizaied03/ros2_ws/install/px4_msgs/local/lib/python3.10/dist-packages/px4_msgs/px4_msgs_s__rosidl_typesupport_c.cpython-310-x86_64-linux-gnu.so
[9.302s] -- Installing: /home/maizaied03/ros2_ws/install/px4_msgs/local/lib/python3.10/dist-packages/px4_msgs/px4_msgs_s__rosidl_typesupport_fastrtps_c.cpython-310-x86_64-linux-gnu.so
[9.302s] -- Installing: /home/maizaied03/ros2_ws/install/px4_msgs/local/lib/python3.10/dist-packages/px4_msgs/px4_msgs_s__rosidl_typesupport_introspection_c.cpython-310-x86_64-linux-gnu.so
[9.302s] -- Up-to-date: /home/maizaied03/ros2_ws/install/px4_msgs/local/lib/python3.10/dist-packages/px4_msgs/_px4_msgs_s.ep.rosidl_typesupport_introspection_c.c
[9.302s] -- Installing: /home/maizaied03/ros2_ws/install/px4_msgs/local/lib/python3.10/dist-packages/px4_msgs/libpx4_msgs__rosidl_generator_py.so
[9.302s] -- Up-to-date: /home/maizaied03/ros2_ws/install/px4_msgs/local/lib/python3.10/dist-packages/px4_msgs/_px4_msgs_s.ep.rosidl_typesupport_c.c
[9.302s] -- Up-to-date: /home/maizaied03/ros2_ws/install/px4_msgs/local/lib/python3.10/dist-packages/px4_msgs/__init__.py
[9.302s] -- Up-to-date: /home/maizaied03/ros2_ws/install/px4_msgs/local/lib/python3.10/dist-packages/px4_msgs/msg
[9.302s] -- Up-to-date: /home/maizaied03/ros2_ws/install/px4_msgs/local/lib/python3.10/dist-packages/px4_msgs/msg/_sensor_airflow.py
[9.302s] -- Up-to-date: /home/maizaied03/ros2_ws/install/px4_msgs/local/lib/python3.10/dist-packages/px4_msgs/msg/_system_power_s.c
[9.302s] -- Up-to-date: /home/maizaied03/ros2_ws/install/px4_msgs/local/lib/python3.10/dist-packages/px4_msgs/msg/_sensor_correction.py
[9.302s] -- Up-to-date: /home/maizaied03/ros2_ws/install/px4_msgs/local/lib/python3.10/dist-packages/px4_msgs/msg/_gimbal_manager_information_s.c
[9.302s] -- Up-to-date: /home/maizaied03/ros2_ws/install/px4_msgs/local/lib/python3.10/dist-packages/px4_msgs/msg/_gimbal_device_set_attitude.py
[9.302s] -- Up-to-date: /home/maizaied03/ros2_ws/install/px4_msgs/local/lib/python3.10/dist-packages/px4_msgs/msg/_sensor_gps_s.c
[9.302s] -- Up-to-date: /home/maizaied03/ros2_ws/install/px4_msgs/local/lib/python3.10/dist-packages/px4_msgs/msg/_gimbal_device_attitude_status_s.c
[9.302s] -- Up-to-date: /home/maizaied03/ros2_ws/install/px4_msgs/local/lib/python3.10/dist-packages/px4_msgs/msg/_position_setpoint_triplet_s.c
[9.302s] -- Up-to-date: /home/maizaied03/ros2_ws/install/px4_msgs/local/lib/python3.10/dist-packages/px4_msgs/msg/_camera_capture_s.c
[9.302s] -- Up-to-date: /home/maizaied03/ros2_ws/install/px4_msgs/local/lib/python3.10/dist-packages/px4_msgs/msg/_sensor_gyro_fifo_s.c
[9.302s] -- Up-to-date: /home/maizaied03/ros2_ws/install/px4_msgs/local/lib/python3.10/dist-packages/px4_msgs/msg/_gpio_config_s.c
[9.302s] -- Up-to-date: /home/maizaied03/ros2_ws/install/px4_msgs/local/lib/python3.10/dist-packages/px4_msgs/msg/_rpm.py
[9.303s] -- Up-to-date: /home/maizaied03/ros2_ws/install/px4_msgs/local/lib/python3.10/dist-packages/px4_msgs/msg/_mission_result.py
[9.303s] -- Up-to-date: /home/maizaied03/ros2_ws/install/px4_msgs/local/lib/python3.10/dist-packages/px4_msgs/msg/_vehicle_status.py
[9.303s] -- Up-to-date: /home/maizaied03/ros2_ws/install/px4_msgs/local/lib/python3.10/dist-packages/px4_msgs/msg/_vehicle_attitude.py
[9.303s] -- Up-to-date: /home/maizaied03/ros2_ws/install/px4_msgs/local/lib/python3.10/dist-packages/px4_msgs/msg/_vehicle_attitude_s.c
[9.303s] -- Up-to-date: /home/maizaied03/ros2_ws/install/px4_msgs/local/lib/python3.10/dist-packages/px4_msgs/msg/_estimator_event_flags_s.c
[9.303s] -- Up-to-date: /home/maizaied03/ros2_ws/install/px4_msgs/local/lib/python3.10/dist-packages/px4_msgs/msg/_vehicle_magnetometer.py
[9.303s] -- Up-to-date: /home/maizaied03/ros2_ws/install/px4_msgs/local/lib/python3.10/dist-packages/px4_msgs/msg/_rtl_time_estimate_s.c
[9.303s] -- Up-to-date: /home/maizaied03/ros2_ws/install/px4_msgs/local/lib/python3.10/dist-packages/px4_msgs/msg/_sensor_gps.py
[9.303s] -- Up-to-date: /home/maizaied03/ros2_ws/install/px4_msgs/local/lib/python3.10/dist-packages/px4_msgs/msg/_sensor_mag_s.c
[9.303s] -- Up-to-date: /home/maizaied03/ros2_ws/install/px4_msgs/local/lib/python3.10/dist-packages/px4_msgs/msg/_follow_target_estimator.py
[9.303s] -- Up-to-date: /home/maizaied03/ros2_ws/install/px4_msgs/local/lib/python3.10/dist-packages/px4_msgs/msg/_vehicle_air_data.py
[9.303s] -- Up-to-date: /home/maizaied03/ros2_ws/install/px4_msgs/local/lib/python3.10/dist-packages/px4_msgs/msg/_magnetometer_bias_estimate_s.c
[9.303s] -- Up-to-date: /home/maizaied03/ros2_ws/install/px4_msgs/local/lib/python3.10/dist-packages/px4_msgs/msg/_vehicle_command_ack.py
[9.303s] -- Up-to-date: /home/maizaied03/ros2_ws/install/px4_msgs/local/lib/python3.10/dist-packages/px4_msgs/msg/_autotune_attitude_control_status_s.c
[9.303s] -- Up-to-date: /home/maizaied03/ros2_ws/install/px4_msgs/local/lib/python3.10/dist-packages/px4_msgs/msg/_estimator_aid_source2d.py
[9.303s] -- Up-to-date: /home/maizaied03/ros2_ws/install/px4_msgs/local/lib/python3.10/dist-packages/px4_msgs/msg/_trajectory_setpoint6dof.py
[9.303s] -- Up-to-date: /home/maizaied03/ros2_ws/install/px4_msgs/local/lib/python3.10/dist-packages/px4_msgs/msg/_sensor_gyro_fft.py
[9.303s] -- Up-to-date: /home/maizaied03/ros2_ws/install/px4_msgs/local/lib/python3.10/dist-packages/px4_msgs/msg/_orb_test_s.c
[9.303s] -- Up-to-date: /home/maizaied03/ros2_ws/install/px4_msgs/local/lib/python3.10/dist-packages/px4_msgs/msg/_gimbal_device_attitude_status.py
[9.303s] -- Up-to-date: /home/maizaied03/ros2_ws/install/px4_msgs/local/lib/python3.10/dist-packages/px4_msgs/msg/_follow_target_status.py
[9.303s] -- Up-to-date: /home/maizaied03/ros2_ws/install/px4_msgs/local/lib/python3.10/dist-packages/px4_msgs/msg/_pps_capture_s.c
[9.303s] -- Up-to-date: /home/maizaied03/ros2_ws/install/px4_msgs/local/lib/python3.10/dist-packages/px4_msgs/msg/_led_control_s.c
[9.304s] -- Up-to-date: /home/maizaied03/ros2_ws/install/px4_msgs/local/lib/python3.10/dist-packages/px4_msgs/msg/_gpio_config.py
[9.304s] -- Up-to-date: /home/maizaied03/ros2_ws/install/px4_msgs/local/lib/python3.10/dist-packages/px4_msgs/msg/_vehicle_global_position.py
[9.304s] -- Up-to-date: /home/maizaied03/ros2_ws/install/px4_msgs/local/lib/python3.10/dist-packages/px4_msgs/msg/_logger_status.py
[9.304s] -- Up-to-date: /home/maizaied03/ros2_ws/install/px4_msgs/local/lib/python3.10/dist-packages/px4_msgs/msg/_generator_status_s.c
[9.304s] -- Up-to-date: /home/maizaied03/ros2_ws/install/px4_msgs/local/lib/python3.10/dist-packages/px4_msgs/msg/_can_interface_status.py
[9.304s] -- Up-to-date: /home/maizaied03/ros2_ws/install/px4_msgs/local/lib/python3.10/dist-packages/px4_msgs/msg/_gpio_out_s.c
[9.304s] -- Up-to-date: /home/maizaied03/ros2_ws/install/px4_msgs/local/lib/python3.10/dist-packages/px4_msgs/msg/_power_button_state_s.c
[9.304s] -- Up-to-date: /home/maizaied03/ros2_ws/install/px4_msgs/local/lib/python3.10/dist-packages/px4_msgs/msg/_manual_control_setpoint_s.c
[9.304s] -- Up-to-date: /home/maizaied03/ros2_ws/install/px4_msgs/local/lib/python3.10/dist-packages/px4_msgs/msg/_task_stack_info_s.c
[9.304s] -- Up-to-date: /home/maizaied03/ros2_ws/install/px4_msgs/local/lib/python3.10/dist-packages/px4_msgs/msg/_sensor_selection_s.c
[9.304s] -- Up-to-date: /home/maizaied03/ros2_ws/install/px4_msgs/local/lib/python3.10/dist-packages/px4_msgs/msg/_internal_combustion_engine_control_s.c
[9.304s] -- Up-to-date: /home/maizaied03/ros2_ws/install/px4_msgs/local/lib/python3.10/dist-packages/px4_msgs/msg/_gpio_request.py
[9.304s] -- Up-to-date: /home/maizaied03/ros2_ws/install/px4_msgs/local/lib/python3.10/dist-packages/px4_msgs/msg/_tiltrotor_extra_controls.py
[9.304s] -- Up-to-date: /home/maizaied03/ros2_ws/install/px4_msgs/local/lib/python3.10/dist-packages/px4_msgs/msg/_obstacle_distance_s.c
[9.304s] -- Up-to-date: /home/maizaied03/ros2_ws/install/px4_msgs/local/lib/python3.10/dist-packages/px4_msgs/msg/_telemetry_status.py
[9.304s] -- Up-to-date: /home/maizaied03/ros2_ws/install/px4_msgs/local/lib/python3.10/dist-packages/px4_msgs/msg/_vehicle_thrust_setpoint.py
[9.304s] -- Up-to-date: /home/maizaied03/ros2_ws/install/px4_msgs/local/lib/python3.10/dist-packages/px4_msgs/msg/_estimator_aid_source1d_s.c
[9.304s] -- Up-to-date: /home/maizaied03/ros2_ws/install/px4_msgs/local/lib/python3.10/dist-packages/px4_msgs/msg/_landing_gear_wheel.py
[9.304s] -- Up-to-date: /home/maizaied03/ros2_ws/install/px4_msgs/local/lib/python3.10/dist-packages/px4_msgs/msg/_offboard_control_mode_s.c
[9.304s] -- Up-to-date: /home/maizaied03/ros2_ws/install/px4_msgs/local/lib/python3.10/dist-packages/px4_msgs/msg/_can_interface_status_s.c
[9.304s] -- Up-to-date: /home/maizaied03/ros2_ws/install/px4_msgs/local/lib/python3.10/dist-packages/px4_msgs/msg/_rate_ctrl_status.py
[9.304s] -- Up-to-date: /home/maizaied03/ros2_ws/install/px4_msgs/local/lib/python3.10/dist-packages/px4_msgs/msg/_arming_check_reply.py
[9.305s] -- Up-to-date: /home/maizaied03/ros2_ws/install/px4_msgs/local/lib/python3.10/dist-packages/px4_msgs/msg/_dataman_request.py
[9.305s] -- Up-to-date: /home/maizaied03/ros2_ws/install/px4_msgs/local/lib/python3.10/dist-packages/px4_msgs/msg/_iridiumsbd_status.py
[9.305s] -- Up-to-date: /home/maizaied03/ros2_ws/install/px4_msgs/local/lib/python3.10/dist-packages/px4_msgs/msg/_mission_s.c
[9.305s] -- Up-to-date: /home/maizaied03/ros2_ws/install/px4_msgs/local/lib/python3.10/dist-packages/px4_msgs/msg/_navigator_status_s.c
[9.305s] -- Up-to-date: /home/maizaied03/ros2_ws/install/px4_msgs/local/lib/python3.10/dist-packages/px4_msgs/msg/_cpuload.py
[9.305s] -- Up-to-date: /home/maizaied03/ros2_ws/install/px4_msgs/local/lib/python3.10/dist-packages/px4_msgs/msg/_battery_status.py
[9.305s] -- Up-to-date: /home/maizaied03/ros2_ws/install/px4_msgs/local/lib/python3.10/dist-packages/px4_msgs/msg/_ulog_stream_s.c
[9.305s] -- Up-to-date: /home/maizaied03/ros2_ws/install/px4_msgs/local/lib/python3.10/dist-packages/px4_msgs/msg/_distance_sensor_mode_change_request.py
[9.305s] -- Up-to-date: /home/maizaied03/ros2_ws/install/px4_msgs/local/lib/python3.10/dist-packages/px4_msgs/msg/_orbit_status_s.c
[9.305s] -- Up-to-date: /home/maizaied03/ros2_ws/install/px4_msgs/local/lib/python3.10/dist-packages/px4_msgs/msg/_sensor_accel.py
[9.305s] -- Up-to-date: /home/maizaied03/ros2_ws/install/px4_msgs/local/lib/python3.10/dist-packages/px4_msgs/msg/_vehicle_control_mode_s.c
[9.305s] -- Up-to-date: /home/maizaied03/ros2_ws/install/px4_msgs/local/lib/python3.10/dist-packages/px4_msgs/msg/_estimator_aid_source1d.py
[9.305s] -- Up-to-date: /home/maizaied03/ros2_ws/install/px4_msgs/local/lib/python3.10/dist-packages/px4_msgs/msg/_sensor_accel_fifo.py
[9.305s] -- Up-to-date: /home/maizaied03/ros2_ws/install/px4_msgs/local/lib/python3.10/dist-packages/px4_msgs/msg/_orb_test_medium_s.c
[9.305s] -- Up-to-date: /home/maizaied03/ros2_ws/install/px4_msgs/local/lib/python3.10/dist-packages/px4_msgs/msg/_control_allocator_status.py
[9.305s] -- Up-to-date: /home/maizaied03/ros2_ws/install/px4_msgs/local/lib/python3.10/dist-packages/px4_msgs/msg/_airspeed_validated_s.c
[9.305s] -- Up-to-date: /home/maizaied03/ros2_ws/install/px4_msgs/local/lib/python3.10/dist-packages/px4_msgs/msg/_px4io_status.py
[9.306s] -- Up-to-date: /home/maizaied03/ros2_ws/install/px4_msgs/local/lib/python3.10/dist-packages/px4_msgs/msg/_gimbal_device_set_attitude_s.c
[9.306s] -- Up-to-date: /home/maizaied03/ros2_ws/install/px4_msgs/local/lib/python3.10/dist-packages/px4_msgs/msg/_config_overrides_s.c
[9.306s] -- Up-to-date: /home/maizaied03/ros2_ws/install/px4_msgs/local/lib/python3.10/dist-packages/px4_msgs/msg/_sensor_hygrometer.py
[9.306s] -- Up-to-date: /home/maizaied03/ros2_ws/install/px4_msgs/local/lib/python3.10/dist-packages/px4_msgs/msg/_estimator_status.py
[9.306s] -- Up-to-date: /home/maizaied03/ros2_ws/install/px4_msgs/local/lib/python3.10/dist-packages/px4_msgs/msg/_sensor_gnss_relative.py
[9.306s] -- Up-to-date: /home/maizaied03/ros2_ws/install/px4_msgs/local/lib/python3.10/dist-packages/px4_msgs/msg/_wind_s.c
[9.306s] -- Up-to-date: /home/maizaied03/ros2_ws/install/px4_msgs/local/lib/python3.10/dist-packages/px4_msgs/msg/_hover_thrust_estimate_s.c
[9.306s] -- Up-to-date: /home/maizaied03/ros2_ws/install/px4_msgs/local/lib/python3.10/dist-packages/px4_msgs/msg/_rpm_s.c
[9.306s] -- Up-to-date: /home/maizaied03/ros2_ws/install/px4_msgs/local/lib/python3.10/dist-packages/px4_msgs/msg/_vehicle_imu_status_s.c
[9.306s] -- Up-to-date: /home/maizaied03/ros2_ws/install/px4_msgs/local/lib/python3.10/dist-packages/px4_msgs/msg/_device_information_s.c
[9.306s] -- Up-to-date: /home/maizaied03/ros2_ws/install/px4_msgs/local/lib/python3.10/dist-packages/px4_msgs/msg/_rover_rate_status_s.c
[9.306s] -- Up-to-date: /home/maizaied03/ros2_ws/install/px4_msgs/local/lib/python3.10/dist-packages/px4_msgs/msg/_rate_ctrl_status_s.c
[9.306s] -- Up-to-date: /home/maizaied03/ros2_ws/install/px4_msgs/local/lib/python3.10/dist-packages/px4_msgs/msg/_fixed_wing_lateral_status_s.c
[9.306s] -- Up-to-date: /home/maizaied03/ros2_ws/install/px4_msgs/local/lib/python3.10/dist-packages/px4_msgs/msg/_tune_control_s.c
[9.306s] -- Up-to-date: /home/maizaied03/ros2_ws/install/px4_msgs/local/lib/python3.10/dist-packages/px4_msgs/msg/_sensor_gnss_relative_s.c
[9.306s] -- Up-to-date: /home/maizaied03/ros2_ws/install/px4_msgs/local/lib/python3.10/dist-packages/px4_msgs/msg/_sensor_uwb_s.c
[9.306s] -- Up-to-date: /home/maizaied03/ros2_ws/install/px4_msgs/local/lib/python3.10/dist-packages/px4_msgs/msg/_sensor_combined.py
[9.306s] -- Up-to-date: /home/maizaied03/ros2_ws/install/px4_msgs/local/lib/python3.10/dist-packages/px4_msgs/msg/_gimbal_device_information_s.c
[9.306s] -- Up-to-date: /home/maizaied03/ros2_ws/install/px4_msgs/local/lib/python3.10/dist-packages/px4_msgs/msg/_takeoff_status.py
[9.306s] -- Up-to-date: /home/maizaied03/ros2_ws/install/px4_msgs/local/lib/python3.10/dist-packages/px4_msgs/msg/_debug_key_value_s.c
[9.306s] -- Up-to-date: /home/maizaied03/ros2_ws/install/px4_msgs/local/lib/python3.10/dist-packages/px4_msgs/msg/_longitudinal_control_configuration.py
[9.306s] -- Up-to-date: /home/maizaied03/ros2_ws/install/px4_msgs/local/lib/python3.10/dist-packages/px4_msgs/msg/_airspeed.py
[9.306s] -- Up-to-date: /home/maizaied03/ros2_ws/install/px4_msgs/local/lib/python3.10/dist-packages/px4_msgs/msg/_sensor_correction_s.c
[9.306s] -- Up-to-date: /home/maizaied03/ros2_ws/install/px4_msgs/local/lib/python3.10/dist-packages/px4_msgs/msg/_sensor_optical_flow_s.c
[9.306s] -- Up-to-date: /home/maizaied03/ros2_ws/install/px4_msgs/local/lib/python3.10/dist-packages/px4_msgs/msg/_gps_inject_data.py
[9.306s] -- Up-to-date: /home/maizaied03/ros2_ws/install/px4_msgs/local/lib/python3.10/dist-packages/px4_msgs/msg/_tecs_status.py
[9.306s] -- Up-to-date: /home/maizaied03/ros2_ws/install/px4_msgs/local/lib/python3.10/dist-packages/px4_msgs/msg/_actuator_servos_s.c
[9.306s] -- Up-to-date: /home/maizaied03/ros2_ws/install/px4_msgs/local/lib/python3.10/dist-packages/px4_msgs/msg/_debug_vect_s.c
[9.306s] -- Up-to-date: /home/maizaied03/ros2_ws/install/px4_msgs/local/lib/python3.10/dist-packages/px4_msgs/msg/_vehicle_global_position_s.c
[9.307s] -- Up-to-date: /home/maizaied03/ros2_ws/install/px4_msgs/local/lib/python3.10/dist-packages/px4_msgs/msg/_vehicle_local_position_s.c
[9.307s] -- Up-to-date: /home/maizaied03/ros2_ws/install/px4_msgs/local/lib/python3.10/dist-packages/px4_msgs/msg/_onboard_computer_status_s.c
[9.307s] -- Up-to-date: /home/maizaied03/ros2_ws/install/px4_msgs/local/lib/python3.10/dist-packages/px4_msgs/msg/_debug_value_s.c
[9.307s] -- Up-to-date: /home/maizaied03/ros2_ws/install/px4_msgs/local/lib/python3.10/dist-packages/px4_msgs/msg/_magnetometer_bias_estimate.py
[9.307s] -- Up-to-date: /home/maizaied03/ros2_ws/install/px4_msgs/local/lib/python3.10/dist-packages/px4_msgs/msg/_sensor_baro.py
[9.307s] -- Up-to-date: /home/maizaied03/ros2_ws/install/px4_msgs/local/lib/python3.10/dist-packages/px4_msgs/msg/_actuator_servos_trim.py
[9.307s] -- Up-to-date: /home/maizaied03/ros2_ws/install/px4_msgs/local/lib/python3.10/dist-packages/px4_msgs/msg/_gps_dump_s.c
[9.307s] -- Up-to-date: /home/maizaied03/ros2_ws/install/px4_msgs/local/lib/python3.10/dist-packages/px4_msgs/msg/_telemetry_status_s.c
[9.307s] -- Up-to-date: /home/maizaied03/ros2_ws/install/px4_msgs/local/lib/python3.10/dist-packages/px4_msgs/msg/_actuator_servos.py
[9.307s] -- Up-to-date: /home/maizaied03/ros2_ws/install/px4_msgs/local/lib/python3.10/dist-packages/px4_msgs/msg/_fuel_tank_status.py
[9.307s] -- Up-to-date: /home/maizaied03/ros2_ws/install/px4_msgs/local/lib/python3.10/dist-packages/px4_msgs/msg/_follow_target.py
[9.307s] -- Up-to-date: /home/maizaied03/ros2_ws/install/px4_msgs/local/lib/python3.10/dist-packages/px4_msgs/msg/_rover_attitude_status_s.c
[9.307s] -- Up-to-date: /home/maizaied03/ros2_ws/install/px4_msgs/local/lib/python3.10/dist-packages/px4_msgs/msg/_open_drone_id_self_id_s.c
[9.307s] -- Up-to-date: /home/maizaied03/ros2_ws/install/px4_msgs/local/lib/python3.10/dist-packages/px4_msgs/msg/_gps_inject_data_s.c
[9.307s] -- Up-to-date: /home/maizaied03/ros2_ws/install/px4_msgs/local/lib/python3.10/dist-packages/px4_msgs/msg/_satellite_info.py
[9.307s] -- Up-to-date: /home/maizaied03/ros2_ws/install/px4_msgs/local/lib/python3.10/dist-packages/px4_msgs/msg/_debug_value.py
[9.307s] -- Up-to-date: /home/maizaied03/ros2_ws/install/px4_msgs/local/lib/python3.10/dist-packages/px4_msgs/msg/_vehicle_roi_s.c
[9.307s] -- Up-to-date: /home/maizaied03/ros2_ws/install/px4_msgs/local/lib/python3.10/dist-packages/px4_msgs/msg/_longitudinal_control_configuration_s.c
[9.307s] -- Up-to-date: /home/maizaied03/ros2_ws/install/px4_msgs/local/lib/python3.10/dist-packages/px4_msgs/msg/_gimbal_manager_set_attitude_s.c
[9.307s] -- Up-to-date: /home/maizaied03/ros2_ws/install/px4_msgs/local/lib/python3.10/dist-packages/px4_msgs/msg/_gimbal_manager_set_manual_control.py
[9.307s] -- Up-to-date: /home/maizaied03/ros2_ws/install/px4_msgs/local/lib/python3.10/dist-packages/px4_msgs/msg/_vtx.py
[9.307s] -- Up-to-date: /home/maizaied03/ros2_ws/install/px4_msgs/local/lib/python3.10/dist-packages/px4_msgs/msg/_gimbal_device_information.py
[9.307s] -- Up-to-date: /home/maizaied03/ros2_ws/install/px4_msgs/local/lib/python3.10/dist-packages/px4_msgs/msg/_cpuload_s.c
[9.307s] -- Up-to-date: /home/maizaied03/ros2_ws/install/px4_msgs/local/lib/python3.10/dist-packages/px4_msgs/msg/_differential_pressure.py
[9.307s] -- Up-to-date: /home/maizaied03/ros2_ws/install/px4_msgs/local/lib/python3.10/dist-packages/px4_msgs/msg/_battery_info_s.c
[9.307s] -- Up-to-date: /home/maizaied03/ros2_ws/install/px4_msgs/local/lib/python3.10/dist-packages/px4_msgs/msg/_internal_combustion_engine_control.py
[9.308s] -- Up-to-date: /home/maizaied03/ros2_ws/install/px4_msgs/local/lib/python3.10/dist-packages/px4_msgs/msg/_vehicle_command_s.c
[9.308s] -- Up-to-date: /home/maizaied03/ros2_ws/install/px4_msgs/local/lib/python3.10/dist-packages/px4_msgs/msg/_rover_speed_status.py
[9.308s] -- Up-to-date: /home/maizaied03/ros2_ws/install/px4_msgs/local/lib/python3.10/dist-packages/px4_msgs/msg/_fixed_wing_lateral_guidance_status_s.c
[9.308s] -- Up-to-date: /home/maizaied03/ros2_ws/install/px4_msgs/local/lib/python3.10/dist-packages/px4_msgs/msg/_vehicle_angular_acceleration_setpoint.py
[9.308s] -- Up-to-date: /home/maizaied03/ros2_ws/install/px4_msgs/local/lib/python3.10/dist-packages/px4_msgs/msg/_manual_control_setpoint.py
[9.308s] -- Up-to-date: /home/maizaied03/ros2_ws/install/px4_msgs/local/lib/python3.10/dist-packages/px4_msgs/msg/_follow_target_s.c
[9.308s] -- Up-to-date: /home/maizaied03/ros2_ws/install/px4_msgs/local/lib/python3.10/dist-packages/px4_msgs/msg/_collision_constraints.py
[9.308s] -- Up-to-date: /home/maizaied03/ros2_ws/install/px4_msgs/local/lib/python3.10/dist-packages/px4_msgs/msg/_rover_rate_setpoint_s.c
[9.308s] -- Up-to-date: /home/maizaied03/ros2_ws/install/px4_msgs/local/lib/python3.10/dist-packages/px4_msgs/msg/_figure_eight_status_s.c
[9.308s] -- Up-to-date: /home/maizaied03/ros2_ws/install/px4_msgs/local/lib/python3.10/dist-packages/px4_msgs/msg/_tune_control.py
[9.308s] -- Up-to-date: /home/maizaied03/ros2_ws/install/px4_msgs/local/lib/python3.10/dist-packages/px4_msgs/msg/_parameter_set_value_response.py
[9.308s] -- Up-to-date: /home/maizaied03/ros2_ws/install/px4_msgs/local/lib/python3.10/dist-packages/px4_msgs/msg/_internal_combustion_engine_status.py
[9.308s] -- Up-to-date: /home/maizaied03/ros2_ws/install/px4_msgs/local/lib/python3.10/dist-packages/px4_msgs/msg/_neural_control_s.c
[9.308s] -- Up-to-date: /home/maizaied03/ros2_ws/install/px4_msgs/local/lib/python3.10/dist-packages/px4_msgs/msg/_rover_position_setpoint_s.c
[9.308s] -- Up-to-date: /home/maizaied03/ros2_ws/install/px4_msgs/local/lib/python3.10/dist-packages/px4_msgs/msg/_timesync_status.py
[9.308s] -- Up-to-date: /home/maizaied03/ros2_ws/install/px4_msgs/local/lib/python3.10/dist-packages/px4_msgs/msg/_register_ext_component_reply_s.c
[9.308s] -- Up-to-date: /home/maizaied03/ros2_ws/install/px4_msgs/local/lib/python3.10/dist-packages/px4_msgs/msg/_trajectory_setpoint_s.c
[9.308s] -- Up-to-date: /home/maizaied03/ros2_ws/install/px4_msgs/local/lib/python3.10/dist-packages/px4_msgs/msg/_goto_setpoint_s.c
[9.308s] -- Up-to-date: /home/maizaied03/ros2_ws/install/px4_msgs/local/lib/python3.10/dist-packages/px4_msgs/msg/_uavcan_parameter_value_s.c
[9.308s] -- Up-to-date: /home/maizaied03/ros2_ws/install/px4_msgs/local/lib/python3.10/dist-packages/px4_msgs/msg/_wheel_encoders.py
[9.309s] -- Up-to-date: /home/maizaied03/ros2_ws/install/px4_msgs/local/lib/python3.10/dist-packages/px4_msgs/msg/_sensor_gyro.py
[9.309s] -- Up-to-date: /home/maizaied03/ros2_ws/install/px4_msgs/local/lib/python3.10/dist-packages/px4_msgs/msg/_rover_speed_status_s.c
[9.309s] -- Up-to-date: /home/maizaied03/ros2_ws/install/px4_msgs/local/lib/python3.10/dist-packages/px4_msgs/msg/_action_request.py
[9.309s] -- Up-to-date: /home/maizaied03/ros2_ws/install/px4_msgs/local/lib/python3.10/dist-packages/px4_msgs/msg/_debug_array.py
[9.309s] -- Up-to-date: /home/maizaied03/ros2_ws/install/px4_msgs/local/lib/python3.10/dist-packages/px4_msgs/msg/_estimator_bias3d.py
[9.309s] -- Up-to-date: /home/maizaied03/ros2_ws/install/px4_msgs/local/lib/python3.10/dist-packages/px4_msgs/msg/_goto_setpoint.py
[9.309s] -- Up-to-date: /home/maizaied03/ros2_ws/install/px4_msgs/local/lib/python3.10/dist-packages/px4_msgs/msg/_sensor_gnss_status_s.c
[9.309s] -- Up-to-date: /home/maizaied03/ros2_ws/install/px4_msgs/local/lib/python3.10/dist-packages/px4_msgs/msg/_sensors_status_imu_s.c
[9.309s] -- Up-to-date: /home/maizaied03/ros2_ws/install/px4_msgs/local/lib/python3.10/dist-packages/px4_msgs/msg/_pps_capture.py
[9.309s] -- Up-to-date: /home/maizaied03/ros2_ws/install/px4_msgs/local/lib/python3.10/dist-packages/px4_msgs/msg/_launch_detection_status.py
[9.309s] -- Up-to-date: /home/maizaied03/ros2_ws/install/px4_msgs/local/lib/python3.10/dist-packages/px4_msgs/msg/_open_drone_id_operator_id.py
[9.309s] -- Up-to-date: /home/maizaied03/ros2_ws/install/px4_msgs/local/lib/python3.10/dist-packages/px4_msgs/msg/_parameter_reset_request.py
[9.309s] -- Up-to-date: /home/maizaied03/ros2_ws/install/px4_msgs/local/lib/python3.10/dist-packages/px4_msgs/msg/_failure_detector_status.py
[9.309s] -- Up-to-date: /home/maizaied03/ros2_ws/install/px4_msgs/local/lib/python3.10/dist-packages/px4_msgs/msg/_actuator_motors_s.c
[9.309s] -- Up-to-date: /home/maizaied03/ros2_ws/install/px4_msgs/local/lib/python3.10/dist-packages/px4_msgs/msg/_sensor_accel_fifo_s.c
[9.309s] -- Up-to-date: /home/maizaied03/ros2_ws/install/px4_msgs/local/lib/python3.10/dist-packages/px4_msgs/msg/_position_setpoint_s.c
[9.309s] -- Up-to-date: /home/maizaied03/ros2_ws/install/px4_msgs/local/lib/python3.10/dist-packages/px4_msgs/msg/_sensor_gyro_fifo.py
[9.309s] -- Up-to-date: /home/maizaied03/ros2_ws/install/px4_msgs/local/lib/python3.10/dist-packages/px4_msgs/msg/_vehicle_magnetometer_s.c
[9.309s] -- Up-to-date: /home/maizaied03/ros2_ws/install/px4_msgs/local/lib/python3.10/dist-packages/px4_msgs/msg/_vehicle_optical_flow_s.c
[9.309s] -- Up-to-date: /home/maizaied03/ros2_ws/install/px4_msgs/local/lib/python3.10/dist-packages/px4_msgs/msg/_actuator_outputs.py
[9.309s] -- Up-to-date: /home/maizaied03/ros2_ws/install/px4_msgs/local/lib/python3.10/dist-packages/px4_msgs/msg/_estimator_bias3d_s.c
[9.309s] -- Up-to-date: /home/maizaied03/ros2_ws/install/px4_msgs/local/lib/python3.10/dist-packages/px4_msgs/msg/_open_drone_id_arm_status.py
[9.309s] -- Up-to-date: /home/maizaied03/ros2_ws/install/px4_msgs/local/lib/python3.10/dist-packages/px4_msgs/msg/_position_controller_status_s.c
[9.310s] -- Up-to-date: /home/maizaied03/ros2_ws/install/px4_msgs/local/lib/python3.10/dist-packages/px4_msgs/msg/_trajectory_setpoint.py
[9.310s] -- Up-to-date: /home/maizaied03/ros2_ws/install/px4_msgs/local/lib/python3.10/dist-packages/px4_msgs/msg/_rover_throttle_setpoint.py
[9.310s] -- Up-to-date: /home/maizaied03/ros2_ws/install/px4_msgs/local/lib/python3.10/dist-packages/px4_msgs/msg/_trajectory_setpoint6dof_s.c
[9.310s] -- Up-to-date: /home/maizaied03/ros2_ws/install/px4_msgs/local/lib/python3.10/dist-packages/px4_msgs/msg/_normalized_unsigned_setpoint.py
[9.310s] -- Up-to-date: /home/maizaied03/ros2_ws/install/px4_msgs/local/lib/python3.10/dist-packages/px4_msgs/msg/_vehicle_local_position_setpoint.py
[9.310s] -- Up-to-date: /home/maizaied03/ros2_ws/install/px4_msgs/local/lib/python3.10/dist-packages/px4_msgs/msg/_vehicle_air_data_s.c
[9.310s] -- Up-to-date: /home/maizaied03/ros2_ws/install/px4_msgs/local/lib/python3.10/dist-packages/px4_msgs/msg/_rc_parameter_map_s.c
[9.310s] -- Up-to-date: /home/maizaied03/ros2_ws/install/px4_msgs/local/lib/python3.10/dist-packages/px4_msgs/msg/_message_format_request_s.c
[9.310s] -- Up-to-date: /home/maizaied03/ros2_ws/install/px4_msgs/local/lib/python3.10/dist-packages/px4_msgs/msg/_normalized_unsigned_setpoint_s.c
[9.310s] -- Up-to-date: /home/maizaied03/ros2_ws/install/px4_msgs/local/lib/python3.10/dist-packages/px4_msgs/msg/_failsafe_flags.py
[9.310s] -- Up-to-date: /home/maizaied03/ros2_ws/install/px4_msgs/local/lib/python3.10/dist-packages/px4_msgs/msg/_home_position.py
[9.310s] -- Up-to-date: /home/maizaied03/ros2_ws/install/px4_msgs/local/lib/python3.10/dist-packages/px4_msgs/msg/_task_stack_info.py
[9.310s] -- Up-to-date: /home/maizaied03/ros2_ws/install/px4_msgs/local/lib/python3.10/dist-packages/px4_msgs/msg/_gpio_out.py
[9.310s] -- Up-to-date: /home/maizaied03/ros2_ws/install/px4_msgs/local/lib/python3.10/dist-packages/px4_msgs/msg/_parameter_update.py
[9.310s] -- Up-to-date: /home/maizaied03/ros2_ws/install/px4_msgs/local/lib/python3.10/dist-packages/px4_msgs/msg/_unregister_ext_component.py
[9.310s] -- Up-to-date: /home/maizaied03/ros2_ws/install/px4_msgs/local/lib/python3.10/dist-packages/px4_msgs/msg/_sensor_mag.py
[9.310s] -- Up-to-date: /home/maizaied03/ros2_ws/install/px4_msgs/local/lib/python3.10/dist-packages/px4_msgs/msg/_parameter_set_used_request.py
[9.310s] -- Up-to-date: /home/maizaied03/ros2_ws/install/px4_msgs/local/lib/python3.10/dist-packages/px4_msgs/msg/_gain_compression_s.c
[9.310s] -- Up-to-date: /home/maizaied03/ros2_ws/install/px4_msgs/local/lib/python3.10/dist-packages/px4_msgs/msg/_sensor_gnss_status.py
[9.310s] -- Up-to-date: /home/maizaied03/ros2_ws/install/px4_msgs/local/lib/python3.10/dist-packages/px4_msgs/msg/_rover_throttle_setpoint_s.c
[9.310s] -- Up-to-date: /home/maizaied03/ros2_ws/install/px4_msgs/local/lib/python3.10/dist-packages/px4_msgs/msg/_vehicle_odometry.py
[9.310s] -- Up-to-date: /home/maizaied03/ros2_ws/install/px4_msgs/local/lib/python3.10/dist-packages/px4_msgs/msg/_camera_capture.py
[9.310s] -- Up-to-date: /home/maizaied03/ros2_ws/install/px4_msgs/local/lib/python3.10/dist-packages/px4_msgs/msg/_offboard_control_mode.py
[9.310s] -- Up-to-date: /home/maizaied03/ros2_ws/install/px4_msgs/local/lib/python3.10/dist-packages/px4_msgs/msg/_velocity_limits_s.c
[9.311s] -- Up-to-date: /home/maizaied03/ros2_ws/install/px4_msgs/local/lib/python3.10/dist-packages/px4_msgs/msg/_cellular_status_s.c
[9.311s] -- Up-to-date: /home/maizaied03/ros2_ws/install/px4_msgs/local/lib/python3.10/dist-packages/px4_msgs/msg/_sensor_airflow_s.c
[9.311s] -- Up-to-date: /home/maizaied03/ros2_ws/install/px4_msgs/local/lib/python3.10/dist-packages/px4_msgs/msg/_vehicle_local_position.py
[9.311s] -- Up-to-date: /home/maizaied03/ros2_ws/install/px4_msgs/local/lib/python3.10/dist-packages/px4_msgs/msg/_position_controller_status.py
[9.311s] -- Up-to-date: /home/maizaied03/ros2_ws/install/px4_msgs/local/lib/python3.10/dist-packages/px4_msgs/msg/_open_drone_id_operator_id_s.c
[9.311s] -- Up-to-date: /home/maizaied03/ros2_ws/install/px4_msgs/local/lib/python3.10/dist-packages/px4_msgs/msg/_rc_channels_s.c
[9.311s] -- Up-to-date: /home/maizaied03/ros2_ws/install/px4_msgs/local/lib/python3.10/dist-packages/px4_msgs/msg/_mode_completed.py
[9.311s] -- Up-to-date: /home/maizaied03/ros2_ws/install/px4_msgs/local/lib/python3.10/dist-packages/px4_msgs/msg/_open_drone_id_self_id.py
[9.311s] -- Up-to-date: /home/maizaied03/ros2_ws/install/px4_msgs/local/lib/python3.10/dist-packages/px4_msgs/msg/_failure_detector_status_s.c
[9.311s] -- Up-to-date: /home/maizaied03/ros2_ws/install/px4_msgs/local/lib/python3.10/dist-packages/px4_msgs/msg/_vehicle_acceleration_s.c
[9.311s] -- Up-to-date: /home/maizaied03/ros2_ws/install/px4_msgs/local/lib/python3.10/dist-packages/px4_msgs/msg/_esc_status.py
[9.311s] -- Up-to-date: /home/maizaied03/ros2_ws/install/px4_msgs/local/lib/python3.10/dist-packages/px4_msgs/msg/_distance_sensor.py
[9.311s] -- Up-to-date: /home/maizaied03/ros2_ws/install/px4_msgs/local/lib/python3.10/dist-packages/px4_msgs/msg/_health_report_s.c
[9.311s] -- Up-to-date: /home/maizaied03/ros2_ws/install/px4_msgs/local/lib/python3.10/dist-packages/px4_msgs/msg/_debug_key_value.py
[9.311s] -- Up-to-date: /home/maizaied03/ros2_ws/install/px4_msgs/local/lib/python3.10/dist-packages/px4_msgs/msg/_rover_rate_status.py
[9.311s] -- Up-to-date: /home/maizaied03/ros2_ws/install/px4_msgs/local/lib/python3.10/dist-packages/px4_msgs/msg/_estimator_aid_source3d.py
[9.311s] -- Up-to-date: /home/maizaied03/ros2_ws/install/px4_msgs/local/lib/python3.10/dist-packages/px4_msgs/msg/_raptor_status.py
[9.311s] -- Up-to-date: /home/maizaied03/ros2_ws/install/px4_msgs/local/lib/python3.10/dist-packages/px4_msgs/msg/_actuator_armed.py
[9.311s] -- Up-to-date: /home/maizaied03/ros2_ws/install/px4_msgs/local/lib/python3.10/dist-packages/px4_msgs/msg/_register_ext_component_request.py
[9.311s] -- Up-to-date: /home/maizaied03/ros2_ws/install/px4_msgs/local/lib/python3.10/dist-packages/px4_msgs/msg/_failsafe_flags_s.c
[9.312s] -- Up-to-date: /home/maizaied03/ros2_ws/install/px4_msgs/local/lib/python3.10/dist-packages/px4_msgs/msg/_tecs_status_s.c
[9.312s] -- Up-to-date: /home/maizaied03/ros2_ws/install/px4_msgs/local/lib/python3.10/dist-packages/px4_msgs/msg/_actuator_armed_s.c
[9.312s] -- Up-to-date: /home/maizaied03/ros2_ws/install/px4_msgs/local/lib/python3.10/dist-packages/px4_msgs/msg/_distance_sensor_mode_change_request_s.c
[9.312s] -- Up-to-date: /home/maizaied03/ros2_ws/install/px4_msgs/local/lib/python3.10/dist-packages/px4_msgs/msg/_fixed_wing_longitudinal_setpoint.py
[9.312s] -- Up-to-date: /home/maizaied03/ros2_ws/install/px4_msgs/local/lib/python3.10/dist-packages/px4_msgs/msg/_open_drone_id_system.py
[9.312s] -- Up-to-date: /home/maizaied03/ros2_ws/install/px4_msgs/local/lib/python3.10/dist-packages/px4_msgs/msg/_vehicle_status_s.c
[9.312s] -- Up-to-date: /home/maizaied03/ros2_ws/install/px4_msgs/local/lib/python3.10/dist-packages/px4_msgs/msg/_arming_check_reply_s.c
[9.312s] -- Up-to-date: /home/maizaied03/ros2_ws/install/px4_msgs/local/lib/python3.10/dist-packages/px4_msgs/msg/_estimator_innovations_s.c
[9.312s] -- Up-to-date: /home/maizaied03/ros2_ws/install/px4_msgs/local/lib/python3.10/dist-packages/px4_msgs/msg/_landing_gear_wheel_s.c
[9.312s] -- Up-to-date: /home/maizaied03/ros2_ws/install/px4_msgs/local/lib/python3.10/dist-packages/px4_msgs/msg/_navigator_status.py
[9.312s] -- Up-to-date: /home/maizaied03/ros2_ws/install/px4_msgs/local/lib/python3.10/dist-packages/px4_msgs/msg/_mag_worker_data.py
[9.312s] -- Up-to-date: /home/maizaied03/ros2_ws/install/px4_msgs/local/lib/python3.10/dist-packages/px4_msgs/msg/_sensor_combined_s.c
[9.312s] -- Up-to-date: /home/maizaied03/ros2_ws/install/px4_msgs/local/lib/python3.10/dist-packages/px4_msgs/msg/_cellular_status.py
[9.312s] -- Up-to-date: /home/maizaied03/ros2_ws/install/px4_msgs/local/lib/python3.10/dist-packages/px4_msgs/msg/_landing_target_pose.py
[9.312s] -- Up-to-date: /home/maizaied03/ros2_ws/install/px4_msgs/local/lib/python3.10/dist-packages/px4_msgs/msg/_raptor_input_s.c
[9.312s] -- Up-to-date: /home/maizaied03/ros2_ws/install/px4_msgs/local/lib/python3.10/dist-packages/px4_msgs/msg/_estimator_selector_status.py
[9.312s] -- Up-to-date: /home/maizaied03/ros2_ws/install/px4_msgs/local/lib/python3.10/dist-packages/px4_msgs/msg/_fixed_wing_runway_control.py
[9.313s] -- Up-to-date: /home/maizaied03/ros2_ws/install/px4_msgs/local/lib/python3.10/dist-packages/px4_msgs/msg/_pure_pursuit_status.py
[9.313s] -- Up-to-date: /home/maizaied03/ros2_ws/install/px4_msgs/local/lib/python3.10/dist-packages/px4_msgs/msg/_position_setpoint.py
[9.313s] -- Up-to-date: /home/maizaied03/ros2_ws/install/px4_msgs/local/lib/python3.10/dist-packages/px4_msgs/msg/_camera_trigger_s.c
[9.313s] -- Up-to-date: /home/maizaied03/ros2_ws/install/px4_msgs/local/lib/python3.10/dist-packages/px4_msgs/msg/_vehicle_land_detected.py
[9.313s] -- Up-to-date: /home/maizaied03/ros2_ws/install/px4_msgs/local/lib/python3.10/dist-packages/px4_msgs/msg/_estimator_sensor_bias.py
[9.313s] -- Up-to-date: /home/maizaied03/ros2_ws/install/px4_msgs/local/lib/python3.10/dist-packages/px4_msgs/msg/_mount_orientation.py
[9.313s] -- Up-to-date: /home/maizaied03/ros2_ws/install/px4_msgs/local/lib/python3.10/dist-packages/px4_msgs/msg/_sensors_status_s.c
[9.313s] -- Up-to-date: /home/maizaied03/ros2_ws/install/px4_msgs/local/lib/python3.10/dist-packages/px4_msgs/msg/_estimator_event_flags.py
[9.313s] -- Up-to-date: /home/maizaied03/ros2_ws/install/px4_msgs/local/lib/python3.10/dist-packages/px4_msgs/msg/_adc_report.py
[9.313s] -- Up-to-date: /home/maizaied03/ros2_ws/install/px4_msgs/local/lib/python3.10/dist-packages/px4_msgs/msg/_input_rc.py
[9.313s] -- Up-to-date: /home/maizaied03/ros2_ws/install/px4_msgs/local/lib/python3.10/dist-packages/px4_msgs/msg/_vehicle_optical_flow.py
[9.313s] -- Up-to-date: /home/maizaied03/ros2_ws/install/px4_msgs/local/lib/python3.10/dist-packages/px4_msgs/msg/_parameter_update_s.c
[9.313s] -- Up-to-date: /home/maizaied03/ros2_ws/install/px4_msgs/local/lib/python3.10/dist-packages/px4_msgs/msg/_position_controller_landing_status_s.c
[9.313s] -- Up-to-date: /home/maizaied03/ros2_ws/install/px4_msgs/local/lib/python3.10/dist-packages/px4_msgs/msg/__init__.py
[9.313s] -- Up-to-date: /home/maizaied03/ros2_ws/install/px4_msgs/local/lib/python3.10/dist-packages/px4_msgs/msg/_estimator_sensor_bias_s.c
[9.313s] -- Up-to-date: /home/maizaied03/ros2_ws/install/px4_msgs/local/lib/python3.10/dist-packages/px4_msgs/msg/_pwm_input_s.c
[9.313s] -- Up-to-date: /home/maizaied03/ros2_ws/install/px4_msgs/local/lib/python3.10/dist-packages/px4_msgs/msg/_sensor_hygrometer_s.c
[9.313s] -- Up-to-date: /home/maizaied03/ros2_ws/install/px4_msgs/local/lib/python3.10/dist-packages/px4_msgs/msg/_actuator_controls_status.py
[9.313s] -- Up-to-date: /home/maizaied03/ros2_ws/install/px4_msgs/local/lib/python3.10/dist-packages/px4_msgs/msg/_fuel_tank_status_s.c
[9.313s] -- Up-to-date: /home/maizaied03/ros2_ws/install/px4_msgs/local/lib/python3.10/dist-packages/px4_msgs/msg/_follow_target_status_s.c
[9.314s] -- Up-to-date: /home/maizaied03/ros2_ws/install/px4_msgs/local/lib/python3.10/dist-packages/px4_msgs/msg/_estimator_innovations.py
[9.314s] -- Up-to-date: /home/maizaied03/ros2_ws/install/px4_msgs/local/lib/python3.10/dist-packages/px4_msgs/msg/_sensor_uwb.py
[9.314s] -- Up-to-date: /home/maizaied03/ros2_ws/install/px4_msgs/local/lib/python3.10/dist-packages/px4_msgs/msg/_gps_dump.py
[9.314s] -- Up-to-date: /home/maizaied03/ros2_ws/install/px4_msgs/local/lib/python3.10/dist-packages/px4_msgs/msg/_sensors_status.py
[9.314s] -- Up-to-date: /home/maizaied03/ros2_ws/install/px4_msgs/local/lib/python3.10/dist-packages/px4_msgs/msg/_vehicle_attitude_setpoint.py
[9.314s] -- Up-to-date: /home/maizaied03/ros2_ws/install/px4_msgs/local/lib/python3.10/dist-packages/px4_msgs/msg/_estimator_states.py
[9.314s] -- Up-to-date: /home/maizaied03/ros2_ws/install/px4_msgs/local/lib/python3.10/dist-packages/px4_msgs/msg/_fixed_wing_lateral_status.py
[9.314s] -- Up-to-date: /home/maizaied03/ros2_ws/install/px4_msgs/local/lib/python3.10/dist-packages/px4_msgs/msg/_heater_status.py
[9.314s] -- Up-to-date: /home/maizaied03/ros2_ws/install/px4_msgs/local/lib/python3.10/dist-packages/px4_msgs/msg/_neural_control.py
[9.314s] -- Up-to-date: /home/maizaied03/ros2_ws/install/px4_msgs/local/lib/python3.10/dist-packages/px4_msgs/msg/_power_monitor_s.c
[9.314s] -- Up-to-date: /home/maizaied03/ros2_ws/install/px4_msgs/local/lib/python3.10/dist-packages/px4_msgs/msg/_orb_test_medium.py
[9.314s] -- Up-to-date: /home/maizaied03/ros2_ws/install/px4_msgs/local/lib/python3.10/dist-packages/px4_msgs/msg/_vehicle_odometry_s.c
[9.314s] -- Up-to-date: /home/maizaied03/ros2_ws/install/px4_msgs/local/lib/python3.10/dist-packages/px4_msgs/msg/_fixed_wing_runway_control_s.c
[9.314s] -- Up-to-date: /home/maizaied03/ros2_ws/install/px4_msgs/local/lib/python3.10/dist-packages/px4_msgs/msg/_ekf2_timestamps.py
[9.314s] -- Up-to-date: /home/maizaied03/ros2_ws/install/px4_msgs/local/lib/python3.10/dist-packages/px4_msgs/msg/_fixed_wing_lateral_setpoint_s.c
[9.314s] -- Up-to-date: /home/maizaied03/ros2_ws/install/px4_msgs/local/lib/python3.10/dist-packages/px4_msgs/msg/_transponder_report.py
[9.314s] -- Up-to-date: /home/maizaied03/ros2_ws/install/px4_msgs/local/lib/python3.10/dist-packages/px4_msgs/msg/_ulog_stream_ack_s.c
[9.314s] -- Up-to-date: /home/maizaied03/ros2_ws/install/px4_msgs/local/lib/python3.10/dist-packages/px4_msgs/msg/_rtl_status.py
[9.314s] -- Up-to-date: /home/maizaied03/ros2_ws/install/px4_msgs/local/lib/python3.10/dist-packages/px4_msgs/msg/_sensor_optical_flow.py
[9.314s] -- Up-to-date: /home/maizaied03/ros2_ws/install/px4_msgs/local/lib/python3.10/dist-packages/px4_msgs/msg/_actuator_test_s.c
[9.314s] -- Up-to-date: /home/maizaied03/ros2_ws/install/px4_msgs/local/lib/python3.10/dist-packages/px4_msgs/msg/_flight_phase_estimation.py
[9.314s] -- Up-to-date: /home/maizaied03/ros2_ws/install/px4_msgs/local/lib/python3.10/dist-packages/px4_msgs/msg/_fixed_wing_lateral_guidance_status.py
[9.314s] -- Up-to-date: /home/maizaied03/ros2_ws/install/px4_msgs/local/lib/python3.10/dist-packages/px4_msgs/msg/_airspeed_wind.py
[9.314s] -- Up-to-date: /home/maizaied03/ros2_ws/install/px4_msgs/local/lib/python3.10/dist-packages/px4_msgs/msg/_sensor_temp_s.c
[9.314s] -- Up-to-date: /home/maizaied03/ros2_ws/install/px4_msgs/local/lib/python3.10/dist-packages/px4_msgs/msg/_message_format_response.py
[9.315s] -- Up-to-date: /home/maizaied03/ros2_ws/install/px4_msgs/local/lib/python3.10/dist-packages/px4_msgs/msg/_dronecan_node_status.py
[9.315s] -- Up-to-date: /home/maizaied03/ros2_ws/install/px4_msgs/local/lib/python3.10/dist-packages/px4_msgs/msg/_mission_result_s.c
[9.315s] -- Up-to-date: /home/maizaied03/ros2_ws/install/px4_msgs/local/lib/python3.10/dist-packages/px4_msgs/msg/_internal_combustion_engine_status_s.c
[9.315s] -- Up-to-date: /home/maizaied03/ros2_ws/install/px4_msgs/local/lib/python3.10/dist-packages/px4_msgs/msg/_camera_status.py
[9.315s] -- Up-to-date: /home/maizaied03/ros2_ws/install/px4_msgs/local/lib/python3.10/dist-packages/px4_msgs/msg/_estimator_selector_status_s.c
[9.315s] -- Up-to-date: /home/maizaied03/ros2_ws/install/px4_msgs/local/lib/python3.10/dist-packages/px4_msgs/msg/_onboard_computer_status.py
[9.315s] -- Up-to-date: /home/maizaied03/ros2_ws/install/px4_msgs/local/lib/python3.10/dist-packages/px4_msgs/msg/_rover_speed_setpoint.py
[9.315s] -- Up-to-date: /home/maizaied03/ros2_ws/install/px4_msgs/local/lib/python3.10/dist-packages/px4_msgs/msg/_radio_status_s.c
[9.315s] -- Up-to-date: /home/maizaied03/ros2_ws/install/px4_msgs/local/lib/python3.10/dist-packages/px4_msgs/msg/_arming_check_request_s.c
[9.315s] -- Up-to-date: /home/maizaied03/ros2_ws/install/px4_msgs/local/lib/python3.10/dist-packages/px4_msgs/msg/_airspeed_s.c
[9.315s] -- Up-to-date: /home/maizaied03/ros2_ws/install/px4_msgs/local/lib/python3.10/dist-packages/px4_msgs/msg/_orb_test_large.py
[9.315s] -- Up-to-date: /home/maizaied03/ros2_ws/install/px4_msgs/local/lib/python3.10/dist-packages/px4_msgs/msg/_input_rc_s.c
[9.315s] -- Up-to-date: /home/maizaied03/ros2_ws/install/px4_msgs/local/lib/python3.10/dist-packages/px4_msgs/msg/_parameter_set_value_response_s.c
[9.315s] -- Up-to-date: /home/maizaied03/ros2_ws/install/px4_msgs/local/lib/python3.10/dist-packages/px4_msgs/msg/_position_controller_landing_status.py
[9.315s] -- Up-to-date: /home/maizaied03/ros2_ws/install/px4_msgs/local/lib/python3.10/dist-packages/px4_msgs/msg/_sensor_baro_s.c
[9.315s] -- Up-to-date: /home/maizaied03/ros2_ws/install/px4_msgs/local/lib/python3.10/dist-packages/px4_msgs/msg/_figure_eight_status.py
[9.315s] -- Up-to-date: /home/maizaied03/ros2_ws/install/px4_msgs/local/lib/python3.10/dist-packages/px4_msgs/msg/_vehicle_land_detected_s.c
[9.315s] -- Up-to-date: /home/maizaied03/ros2_ws/install/px4_msgs/local/lib/python3.10/dist-packages/px4_msgs/msg/_vehicle_imu.py
[9.315s] -- Up-to-date: /home/maizaied03/ros2_ws/install/px4_msgs/local/lib/python3.10/dist-packages/px4_msgs/msg/_vehicle_optical_flow_vel_s.c
[9.315s] -- Up-to-date: /home/maizaied03/ros2_ws/install/px4_msgs/local/lib/python3.10/dist-packages/px4_msgs/msg/_battery_status_s.c
[9.315s] -- Up-to-date: /home/maizaied03/ros2_ws/install/px4_msgs/local/lib/python3.10/dist-packages/px4_msgs/msg/_arming_check_request.py
[9.315s] -- Up-to-date: /home/maizaied03/ros2_ws/install/px4_msgs/local/lib/python3.10/dist-packages/px4_msgs/msg/_sensor_selection.py
[9.315s] -- Up-to-date: /home/maizaied03/ros2_ws/install/px4_msgs/local/lib/python3.10/dist-packages/px4_msgs/msg/_mode_completed_s.c
[9.315s] -- Up-to-date: /home/maizaied03/ros2_ws/install/px4_msgs/local/lib/python3.10/dist-packages/px4_msgs/msg/_landing_gear.py
[9.315s] -- Up-to-date: /home/maizaied03/ros2_ws/install/px4_msgs/local/lib/python3.10/dist-packages/px4_msgs/msg/_velocity_limits.py
[9.315s] -- Up-to-date: /home/maizaied03/ros2_ws/install/px4_msgs/local/lib/python3.10/dist-packages/px4_msgs/msg/_navigator_mission_item_s.c
[9.316s] -- Up-to-date: /home/maizaied03/ros2_ws/install/px4_msgs/local/lib/python3.10/dist-packages/px4_msgs/msg/_transponder_report_s.c
[9.316s] -- Up-to-date: /home/maizaied03/ros2_ws/install/px4_msgs/local/lib/python3.10/dist-packages/px4_msgs/msg/_geofence_status.py
[9.316s] -- Up-to-date: /home/maizaied03/ros2_ws/install/px4_msgs/local/lib/python3.10/dist-packages/px4_msgs/msg/_uavcan_parameter_value.py
[9.316s] -- Up-to-date: /home/maizaied03/ros2_ws/install/px4_msgs/local/lib/python3.10/dist-packages/px4_msgs/msg/_vehicle_angular_acceleration_setpoint_s.c
[9.316s] -- Up-to-date: /home/maizaied03/ros2_ws/install/px4_msgs/local/lib/python3.10/dist-packages/px4_msgs/msg/_battery_info.py
[9.316s] -- Up-to-date: /home/maizaied03/ros2_ws/install/px4_msgs/local/lib/python3.10/dist-packages/px4_msgs/msg/_landing_target_innovations.py
[9.316s] -- Up-to-date: /home/maizaied03/ros2_ws/install/px4_msgs/local/lib/python3.10/dist-packages/px4_msgs/msg/_manual_control_switches.py
[9.316s] -- Up-to-date: /home/maizaied03/ros2_ws/install/px4_msgs/local/lib/python3.10/dist-packages/px4_msgs/msg/_log_message.py
[9.316s] -- Up-to-date: /home/maizaied03/ros2_ws/install/px4_msgs/local/lib/python3.10/dist-packages/px4_msgs/msg/_estimator_status_s.c
[9.316s] -- Up-to-date: /home/maizaied03/ros2_ws/install/px4_msgs/local/lib/python3.10/dist-packages/px4_msgs/msg/_gimbal_manager_set_attitude.py
[9.316s] -- Up-to-date: /home/maizaied03/ros2_ws/install/px4_msgs/local/lib/python3.10/dist-packages/px4_msgs/msg/_vehicle_roi.py
[9.316s] -- Up-to-date: /home/maizaied03/ros2_ws/install/px4_msgs/local/lib/python3.10/dist-packages/px4_msgs/msg/_esc_status_s.c
[9.316s] -- Up-to-date: /home/maizaied03/ros2_ws/install/px4_msgs/local/lib/python3.10/dist-packages/px4_msgs/msg/_rover_attitude_status.py
[9.316s] -- Up-to-date: /home/maizaied03/ros2_ws/install/px4_msgs/local/lib/python3.10/dist-packages/px4_msgs/msg/_mount_orientation_s.c
[9.316s] -- Up-to-date: /home/maizaied03/ros2_ws/install/px4_msgs/local/lib/python3.10/dist-packages/px4_msgs/msg/_rover_rate_setpoint.py
[9.316s] -- Up-to-date: /home/maizaied03/ros2_ws/install/px4_msgs/local/lib/python3.10/dist-packages/px4_msgs/msg/_estimator_status_flags.py
[9.316s] -- Up-to-date: /home/maizaied03/ros2_ws/install/px4_msgs/local/lib/python3.10/dist-packages/px4_msgs/msg/_gimbal_manager_status_s.c
[9.316s] -- Up-to-date: /home/maizaied03/ros2_ws/install/px4_msgs/local/lib/python3.10/dist-packages/px4_msgs/msg/_vehicle_command_ack_s.c
[9.316s] -- Up-to-date: /home/maizaied03/ros2_ws/install/px4_msgs/local/lib/python3.10/dist-packages/px4_msgs/msg/_mavlink_log_s.c
[9.316s] -- Up-to-date: /home/maizaied03/ros2_ws/install/px4_msgs/local/lib/python3.10/dist-packages/px4_msgs/msg/_actuator_servos_trim_s.c
[9.316s] -- Up-to-date: /home/maizaied03/ros2_ws/install/px4_msgs/local/lib/python3.10/dist-packages/px4_msgs/msg/_vehicle_control_mode.py
[9.316s] -- Up-to-date: /home/maizaied03/ros2_ws/install/px4_msgs/local/lib/python3.10/dist-packages/px4_msgs/msg/_landing_target_pose_s.c
[9.316s] -- Up-to-date: /home/maizaied03/ros2_ws/install/px4_msgs/local/lib/python3.10/dist-packages/px4_msgs/msg/_gpio_in_s.c
[9.317s] -- Up-to-date: /home/maizaied03/ros2_ws/install/px4_msgs/local/lib/python3.10/dist-packages/px4_msgs/msg/_open_drone_id_arm_status_s.c
[9.317s] -- Up-to-date: /home/maizaied03/ros2_ws/install/px4_msgs/local/lib/python3.10/dist-packages/px4_msgs/msg/_mavlink_tunnel_s.c
[9.317s] -- Up-to-date: /home/maizaied03/ros2_ws/install/px4_msgs/local/lib/python3.10/dist-packages/px4_msgs/msg/_estimator_aid_source2d_s.c
[9.317s] -- Up-to-date: /home/maizaied03/ros2_ws/install/px4_msgs/local/lib/python3.10/dist-packages/px4_msgs/msg/_gain_compression.py
[9.317s] -- Up-to-date: /home/maizaied03/ros2_ws/install/px4_msgs/local/lib/python3.10/dist-packages/px4_msgs/msg/_event.py
[9.317s] -- Up-to-date: /home/maizaied03/ros2_ws/install/px4_msgs/local/lib/python3.10/dist-packages/px4_msgs/msg/_differential_pressure_s.c
[9.317s] -- Up-to-date: /home/maizaied03/ros2_ws/install/px4_msgs/local/lib/python3.10/dist-packages/px4_msgs/msg/_home_position_s.c
[9.317s] -- Up-to-date: /home/maizaied03/ros2_ws/install/px4_msgs/local/lib/python3.10/dist-packages/px4_msgs/msg/_control_allocator_status_s.c
[9.317s] -- Up-to-date: /home/maizaied03/ros2_ws/install/px4_msgs/local/lib/python3.10/dist-packages/px4_msgs/msg/_launch_detection_status_s.c
[9.317s] -- Up-to-date: /home/maizaied03/ros2_ws/install/px4_msgs/local/lib/python3.10/dist-packages/px4_msgs/msg/_log_message_s.c
[9.317s] -- Up-to-date: /home/maizaied03/ros2_ws/install/px4_msgs/local/lib/python3.10/dist-packages/px4_msgs/msg/_radio_status.py
[9.317s] -- Up-to-date: /home/maizaied03/ros2_ws/install/px4_msgs/local/lib/python3.10/dist-packages/px4_msgs/msg/_raptor_status_s.c
[9.317s] -- Up-to-date: /home/maizaied03/ros2_ws/install/px4_msgs/local/lib/python3.10/dist-packages/px4_msgs/msg/_hover_thrust_estimate.py
[9.317s] -- Up-to-date: /home/maizaied03/ros2_ws/install/px4_msgs/local/lib/python3.10/dist-packages/px4_msgs/msg/_geofence_status_s.c
[9.317s] -- Up-to-date: /home/maizaied03/ros2_ws/install/px4_msgs/local/lib/python3.10/dist-packages/px4_msgs/msg/_rc_parameter_map.py
[9.317s] -- Up-to-date: /home/maizaied03/ros2_ws/install/px4_msgs/local/lib/python3.10/dist-packages/px4_msgs/msg/_device_information.py
[9.317s] -- Up-to-date: /home/maizaied03/ros2_ws/install/px4_msgs/local/lib/python3.10/dist-packages/px4_msgs/msg/_gimbal_manager_set_manual_control_s.c
[9.317s] -- Up-to-date: /home/maizaied03/ros2_ws/install/px4_msgs/local/lib/python3.10/dist-packages/px4_msgs/msg/_parameter_reset_request_s.c
[9.317s] -- Up-to-date: /home/maizaied03/ros2_ws/install/px4_msgs/local/lib/python3.10/dist-packages/px4_msgs/msg/_dataman_request_s.c
[9.317s] -- Up-to-date: /home/maizaied03/ros2_ws/install/px4_msgs/local/lib/python3.10/dist-packages/px4_msgs/msg/_yaw_estimator_status.py
[9.317s] -- Up-to-date: /home/maizaied03/ros2_ws/install/px4_msgs/local/lib/python3.10/dist-packages/px4_msgs/msg/_estimator_bias.py
[9.317s] -- Up-to-date: /home/maizaied03/ros2_ws/install/px4_msgs/local/lib/python3.10/dist-packages/px4_msgs/msg/_ping.py
[9.317s] -- Up-to-date: /home/maizaied03/ros2_ws/install/px4_msgs/local/lib/python3.10/dist-packages/px4_msgs/msg/_vehicle_angular_velocity.py
[9.317s] -- Up-to-date: /home/maizaied03/ros2_ws/install/px4_msgs/local/lib/python3.10/dist-packages/px4_msgs/msg/_logger_status_s.c
[9.317s] -- Up-to-date: /home/maizaied03/ros2_ws/install/px4_msgs/local/lib/python3.10/dist-packages/px4_msgs/msg/_vehicle_constraints_s.c
[9.318s] -- Up-to-date: /home/maizaied03/ros2_ws/install/px4_msgs/local/lib/python3.10/dist-packages/px4_msgs/msg/_wind.py
[9.318s] -- Up-to-date: /home/maizaied03/ros2_ws/install/px4_msgs/local/lib/python3.10/dist-packages/px4_msgs/msg/_sensor_preflight_mag.py
[9.318s] -- Up-to-date: /home/maizaied03/ros2_ws/install/px4_msgs/local/lib/python3.10/dist-packages/px4_msgs/msg/_obstacle_distance.py
[9.318s] -- Up-to-date: /home/maizaied03/ros2_ws/install/px4_msgs/local/lib/python3.10/dist-packages/px4_msgs/msg/_qshell_retval_s.c
[9.318s] -- Up-to-date: /home/maizaied03/ros2_ws/install/px4_msgs/local/lib/python3.10/dist-packages/px4_msgs/msg/_mission.py
[9.318s] -- Up-to-date: /home/maizaied03/ros2_ws/install/px4_msgs/local/lib/python3.10/dist-packages/px4_msgs/msg/_parameter_set_value_request_s.c
[9.318s] -- Up-to-date: /home/maizaied03/ros2_ws/install/px4_msgs/local/lib/python3.10/dist-packages/px4_msgs/msg/_estimator_gps_status_s.c
[9.318s] -- Up-to-date: /home/maizaied03/ros2_ws/install/px4_msgs/local/lib/python3.10/dist-packages/px4_msgs/msg/_dronecan_node_status_s.c
[9.318s] -- Up-to-date: /home/maizaied03/ros2_ws/install/px4_msgs/local/lib/python3.10/dist-packages/px4_msgs/msg/_rover_steering_setpoint_s.c
[9.318s] -- Up-to-date: /home/maizaied03/ros2_ws/install/px4_msgs/local/lib/python3.10/dist-packages/px4_msgs/msg/_ulog_stream_ack.py
[9.318s] -- Up-to-date: /home/maizaied03/ros2_ws/install/px4_msgs/local/lib/python3.10/dist-packages/px4_msgs/msg/_camera_status_s.c
[9.318s] -- Up-to-date: /home/maizaied03/ros2_ws/install/px4_msgs/local/lib/python3.10/dist-packages/px4_msgs/msg/_mavlink_tunnel.py
[9.318s] -- Up-to-date: /home/maizaied03/ros2_ws/install/px4_msgs/local/lib/python3.10/dist-packages/px4_msgs/msg/_vehicle_imu_s.c
[9.318s] -- Up-to-date: /home/maizaied03/ros2_ws/install/px4_msgs/local/lib/python3.10/dist-packages/px4_msgs/msg/_geofence_result_s.c
[9.318s] -- Up-to-date: /home/maizaied03/ros2_ws/install/px4_msgs/local/lib/python3.10/dist-packages/px4_msgs/msg/_ping_s.c
[9.318s] -- Up-to-date: /home/maizaied03/ros2_ws/install/px4_msgs/local/lib/python3.10/dist-packages/px4_msgs/msg/_sensors_status_imu.py
[9.318s] -- Up-to-date: /home/maizaied03/ros2_ws/install/px4_msgs/local/lib/python3.10/dist-packages/px4_msgs/msg/_rover_attitude_setpoint.py
[9.318s] -- Up-to-date: /home/maizaied03/ros2_ws/install/px4_msgs/local/lib/python3.10/dist-packages/px4_msgs/msg/_fixed_wing_lateral_setpoint.py
[9.318s] -- Up-to-date: /home/maizaied03/ros2_ws/install/px4_msgs/local/lib/python3.10/dist-packages/px4_msgs/msg/_esc_report_s.c
[9.318s] -- Up-to-date: /home/maizaied03/ros2_ws/install/px4_msgs/local/lib/python3.10/dist-packages/px4_msgs/msg/_manual_control_switches_s.c
[9.318s] -- Up-to-date: /home/maizaied03/ros2_ws/install/px4_msgs/local/lib/python3.10/dist-packages/px4_msgs/msg/_esc_report.py
[9.318s] -- Up-to-date: /home/maizaied03/ros2_ws/install/px4_msgs/local/lib/python3.10/dist-packages/px4_msgs/msg/_vehicle_angular_velocity_s.c
[9.318s] -- Up-to-date: /home/maizaied03/ros2_ws/install/px4_msgs/local/lib/python3.10/dist-packages/px4_msgs/msg/_power_button_state.py
[9.318s] -- Up-to-date: /home/maizaied03/ros2_ws/install/px4_msgs/local/lib/python3.10/dist-packages/px4_msgs/msg/_vehicle_imu_status.py
[9.318s] -- Up-to-date: /home/maizaied03/ros2_ws/install/px4_msgs/local/lib/python3.10/dist-packages/px4_msgs/msg/_navigator_mission_item.py
[9.318s] -- Up-to-date: /home/maizaied03/ros2_ws/install/px4_msgs/local/lib/python3.10/dist-packages/px4_msgs/msg/_gimbal_controls_s.c
[9.318s] -- Up-to-date: /home/maizaied03/ros2_ws/install/px4_msgs/local/lib/python3.10/dist-packages/px4_msgs/msg/_gimbal_manager_information.py
[9.319s] -- Up-to-date: /home/maizaied03/ros2_ws/install/px4_msgs/local/lib/python3.10/dist-packages/px4_msgs/msg/_flight_phase_estimation_s.c
[9.319s] -- Up-to-date: /home/maizaied03/ros2_ws/install/px4_msgs/local/lib/python3.10/dist-packages/px4_msgs/msg/_action_request_s.c
[9.319s] -- Up-to-date: /home/maizaied03/ros2_ws/install/px4_msgs/local/lib/python3.10/dist-packages/px4_msgs/msg/_generator_status.py
[9.319s] -- Up-to-date: /home/maizaied03/ros2_ws/install/px4_msgs/local/lib/python3.10/dist-packages/px4_msgs/msg/_vehicle_constraints.py
[9.319s] -- Up-to-date: /home/maizaied03/ros2_ws/install/px4_msgs/local/lib/python3.10/dist-packages/px4_msgs/msg/_landing_gear_s.c
[9.319s] -- Up-to-date: /home/maizaied03/ros2_ws/install/px4_msgs/local/lib/python3.10/dist-packages/px4_msgs/msg/_parameter_set_value_request.py
[9.319s] -- Up-to-date: /home/maizaied03/ros2_ws/install/px4_msgs/local/lib/python3.10/dist-packages/px4_msgs/msg/_vehicle_acceleration.py
[9.319s] -- Up-to-date: /home/maizaied03/ros2_ws/install/px4_msgs/local/lib/python3.10/dist-packages/px4_msgs/msg/_position_setpoint_triplet.py
[9.319s] -- Up-to-date: /home/maizaied03/ros2_ws/install/px4_msgs/local/lib/python3.10/dist-packages/px4_msgs/msg/_gimbal_manager_status.py
[9.319s] -- Up-to-date: /home/maizaied03/ros2_ws/install/px4_msgs/local/lib/python3.10/dist-packages/px4_msgs/msg/_gpio_in.py
[9.319s] -- Up-to-date: /home/maizaied03/ros2_ws/install/px4_msgs/local/lib/python3.10/dist-packages/px4_msgs/msg/_estimator_aid_source3d_s.c
[9.319s] -- Up-to-date: /home/maizaied03/ros2_ws/install/px4_msgs/local/lib/python3.10/dist-packages/px4_msgs/msg/_dataman_response.py
[9.319s] -- Up-to-date: /home/maizaied03/ros2_ws/install/px4_msgs/local/lib/python3.10/dist-packages/px4_msgs/msg/_event_s.c
[9.319s] -- Up-to-date: /home/maizaied03/ros2_ws/install/px4_msgs/local/lib/python3.10/dist-packages/px4_msgs/msg/_health_report.py
[9.319s] -- Up-to-date: /home/maizaied03/ros2_ws/install/px4_msgs/local/lib/python3.10/dist-packages/px4_msgs/msg/_yaw_estimator_status_s.c
[9.319s] -- Up-to-date: /home/maizaied03/ros2_ws/install/px4_msgs/local/lib/python3.10/dist-packages/px4_msgs/msg/_button_event_s.c
[9.319s] -- Up-to-date: /home/maizaied03/ros2_ws/install/px4_msgs/local/lib/python3.10/dist-packages/px4_msgs/msg/_wheel_encoders_s.c
[9.319s] -- Up-to-date: /home/maizaied03/ros2_ws/install/px4_msgs/local/lib/python3.10/dist-packages/px4_msgs/msg/_actuator_controls_status_s.c
[9.319s] -- Up-to-date: /home/maizaied03/ros2_ws/install/px4_msgs/local/lib/python3.10/dist-packages/px4_msgs/msg/_register_ext_component_reply.py
[9.319s] -- Up-to-date: /home/maizaied03/ros2_ws/install/px4_msgs/local/lib/python3.10/dist-packages/px4_msgs/msg/_vehicle_attitude_setpoint_s.c
[9.319s] -- Up-to-date: /home/maizaied03/ros2_ws/install/px4_msgs/local/lib/python3.10/dist-packages/px4_msgs/msg/_gpio_request_s.c
[9.319s] -- Up-to-date: /home/maizaied03/ros2_ws/install/px4_msgs/local/lib/python3.10/dist-packages/px4_msgs/msg/_px4io_status_s.c
[9.319s] -- Up-to-date: /home/maizaied03/ros2_ws/install/px4_msgs/local/lib/python3.10/dist-packages/px4_msgs/msg/_pwm_input.py
[9.319s] -- Up-to-date: /home/maizaied03/ros2_ws/install/px4_msgs/local/lib/python3.10/dist-packages/px4_msgs/msg/_tiltrotor_extra_controls_s.c
[9.320s] -- Up-to-date: /home/maizaied03/ros2_ws/install/px4_msgs/local/lib/python3.10/dist-packages/px4_msgs/msg/_rtl_status_s.c
[9.320s] -- Up-to-date: /home/maizaied03/ros2_ws/install/px4_msgs/local/lib/python3.10/dist-packages/px4_msgs/msg/_qshell_req_s.c
[9.320s] -- Up-to-date: /home/maizaied03/ros2_ws/install/px4_msgs/local/lib/python3.10/dist-packages/px4_msgs/msg/_vehicle_rates_setpoint.py
[9.320s] -- Up-to-date: /home/maizaied03/ros2_ws/install/px4_msgs/local/lib/python3.10/dist-packages/px4_msgs/msg/_camera_trigger.py
[9.320s] -- Up-to-date: /home/maizaied03/ros2_ws/install/px4_msgs/local/lib/python3.10/dist-packages/px4_msgs/msg/_unregister_ext_component_s.c
[9.320s] -- Up-to-date: /home/maizaied03/ros2_ws/install/px4_msgs/local/lib/python3.10/dist-packages/px4_msgs/msg/_autotune_attitude_control_status.py
[9.320s] -- Up-to-date: /home/maizaied03/ros2_ws/install/px4_msgs/local/lib/python3.10/dist-packages/px4_msgs/msg/_open_drone_id_system_s.c
[9.320s] -- Up-to-date: /home/maizaied03/ros2_ws/install/px4_msgs/local/lib/python3.10/dist-packages/px4_msgs/msg/_iridiumsbd_status_s.c
[9.320s] -- Up-to-date: /home/maizaied03/ros2_ws/install/px4_msgs/local/lib/python3.10/dist-packages/px4_msgs/msg/_actuator_outputs_s.c
[9.320s] -- Up-to-date: /home/maizaied03/ros2_ws/install/px4_msgs/local/lib/python3.10/dist-packages/px4_msgs/msg/_rover_position_setpoint.py
[9.320s] -- Up-to-date: /home/maizaied03/ros2_ws/install/px4_msgs/local/lib/python3.10/dist-packages/px4_msgs/msg/_lateral_control_configuration.py
[9.320s] -- Up-to-date: /home/maizaied03/ros2_ws/install/px4_msgs/local/lib/python3.10/dist-packages/px4_msgs/msg/_vehicle_torque_setpoint_s.c
[9.320s] -- Up-to-date: /home/maizaied03/ros2_ws/install/px4_msgs/local/lib/python3.10/dist-packages/px4_msgs/msg/_message_format_request.py
[9.320s] -- Up-to-date: /home/maizaied03/ros2_ws/install/px4_msgs/local/lib/python3.10/dist-packages/px4_msgs/msg/_collision_constraints_s.c
[9.320s] -- Up-to-date: /home/maizaied03/ros2_ws/install/px4_msgs/local/lib/python3.10/dist-packages/px4_msgs/msg/_takeoff_status_s.c
[9.320s] -- Up-to-date: /home/maizaied03/ros2_ws/install/px4_msgs/local/lib/python3.10/dist-packages/px4_msgs/msg/_distance_sensor_s.c
[9.320s] -- Up-to-date: /home/maizaied03/ros2_ws/install/px4_msgs/local/lib/python3.10/dist-packages/px4_msgs/msg/_gripper_s.c
[9.320s] -- Up-to-date: /home/maizaied03/ros2_ws/install/px4_msgs/local/lib/python3.10/dist-packages/px4_msgs/msg/_heater_status_s.c
[9.320s] -- Up-to-date: /home/maizaied03/ros2_ws/install/px4_msgs/local/lib/python3.10/dist-packages/px4_msgs/msg/_estimator_states_s.c
[9.320s] -- Up-to-date: /home/maizaied03/ros2_ws/install/px4_msgs/local/lib/python3.10/dist-packages/px4_msgs/msg/_vehicle_local_position_setpoint_s.c
[9.320s] -- Up-to-date: /home/maizaied03/ros2_ws/install/px4_msgs/local/lib/python3.10/dist-packages/px4_msgs/msg/_vehicle_torque_setpoint.py
[9.320s] -- Up-to-date: /home/maizaied03/ros2_ws/install/px4_msgs/local/lib/python3.10/dist-packages/px4_msgs/msg/_raptor_input.py
[9.320s] -- Up-to-date: /home/maizaied03/ros2_ws/install/px4_msgs/local/lib/python3.10/dist-packages/px4_msgs/msg/_sensor_preflight_mag_s.c
[9.320s] -- Up-to-date: /home/maizaied03/ros2_ws/install/px4_msgs/local/lib/python3.10/dist-packages/px4_msgs/msg/_actuator_motors.py
[9.320s] -- Up-to-date: /home/maizaied03/ros2_ws/install/px4_msgs/local/lib/python3.10/dist-packages/px4_msgs/msg/_estimator_status_flags_s.c
[9.320s] -- Up-to-date: /home/maizaied03/ros2_ws/install/px4_msgs/local/lib/python3.10/dist-packages/px4_msgs/msg/_mag_worker_data_s.c
[9.321s] -- Up-to-date: /home/maizaied03/ros2_ws/install/px4_msgs/local/lib/python3.10/dist-packages/px4_msgs/msg/_register_ext_component_request_s.c
[9.321s] -- Up-to-date: /home/maizaied03/ros2_ws/install/px4_msgs/local/lib/python3.10/dist-packages/px4_msgs/msg/_rover_attitude_setpoint_s.c
[9.321s] -- Up-to-date: /home/maizaied03/ros2_ws/install/px4_msgs/local/lib/python3.10/dist-packages/px4_msgs/msg/_config_overrides.py
[9.321s] -- Up-to-date: /home/maizaied03/ros2_ws/install/px4_msgs/local/lib/python3.10/dist-packages/px4_msgs/msg/_fixed_wing_longitudinal_setpoint_s.c
[9.321s] -- Up-to-date: /home/maizaied03/ros2_ws/install/px4_msgs/local/lib/python3.10/dist-packages/px4_msgs/msg/_uavcan_parameter_request.py
[9.321s] -- Up-to-date: /home/maizaied03/ros2_ws/install/px4_msgs/local/lib/python3.10/dist-packages/px4_msgs/msg/_orb_test_large_s.c
[9.321s] -- Up-to-date: /home/maizaied03/ros2_ws/install/px4_msgs/local/lib/python3.10/dist-packages/px4_msgs/msg/_power_monitor.py
[9.321s] -- Up-to-date: /home/maizaied03/ros2_ws/install/px4_msgs/local/lib/python3.10/dist-packages/px4_msgs/msg/_orbit_status.py
[9.321s] -- Up-to-date: /home/maizaied03/ros2_ws/install/px4_msgs/local/lib/python3.10/dist-packages/px4_msgs/msg/_estimator_bias_s.c
[9.321s] -- Up-to-date: /home/maizaied03/ros2_ws/install/px4_msgs/local/lib/python3.10/dist-packages/px4_msgs/msg/_airspeed_validated.py
[9.321s] -- Up-to-date: /home/maizaied03/ros2_ws/install/px4_msgs/local/lib/python3.10/dist-packages/px4_msgs/msg/_vtx_s.c
[9.321s] -- Up-to-date: /home/maizaied03/ros2_ws/install/px4_msgs/local/lib/python3.10/dist-packages/px4_msgs/msg/_vehicle_optical_flow_vel.py
[9.321s] -- Up-to-date: /home/maizaied03/ros2_ws/install/px4_msgs/local/lib/python3.10/dist-packages/px4_msgs/msg/_led_control.py
[9.321s] -- Up-to-date: /home/maizaied03/ros2_ws/install/px4_msgs/local/lib/python3.10/dist-packages/px4_msgs/msg/_vehicle_command.py
[9.321s] -- Up-to-date: /home/maizaied03/ros2_ws/install/px4_msgs/local/lib/python3.10/dist-packages/px4_msgs/msg/_sensor_gyro_fft_s.c
[9.321s] -- Up-to-date: /home/maizaied03/ros2_ws/install/px4_msgs/local/lib/python3.10/dist-packages/px4_msgs/msg/_qshell_req.py
[9.321s] -- Up-to-date: /home/maizaied03/ros2_ws/install/px4_msgs/local/lib/python3.10/dist-packages/px4_msgs/msg/_vtol_vehicle_status.py
[9.321s] -- Up-to-date: /home/maizaied03/ros2_ws/install/px4_msgs/local/lib/python3.10/dist-packages/px4_msgs/msg/_vehicle_thrust_setpoint_s.c
[9.321s] -- Up-to-date: /home/maizaied03/ros2_ws/install/px4_msgs/local/lib/python3.10/dist-packages/px4_msgs/msg/_ulog_stream.py
[9.321s] -- Up-to-date: /home/maizaied03/ros2_ws/install/px4_msgs/local/lib/python3.10/dist-packages/px4_msgs/msg/_estimator_gps_status.py
[9.321s] -- Up-to-date: /home/maizaied03/ros2_ws/install/px4_msgs/local/lib/python3.10/dist-packages/px4_msgs/msg/_adc_report_s.c
[9.321s] -- Up-to-date: /home/maizaied03/ros2_ws/install/px4_msgs/local/lib/python3.10/dist-packages/px4_msgs/msg/_qshell_retval.py
[9.321s] -- Up-to-date: /home/maizaied03/ros2_ws/install/px4_msgs/local/lib/python3.10/dist-packages/px4_msgs/msg/_sensor_temp.py
[9.321s] -- Up-to-date: /home/maizaied03/ros2_ws/install/px4_msgs/local/lib/python3.10/dist-packages/px4_msgs/msg/_gimbal_controls.py
[9.321s] -- Up-to-date: /home/maizaied03/ros2_ws/install/px4_msgs/local/lib/python3.10/dist-packages/px4_msgs/msg/_sensor_accel_s.c
[9.321s] -- Up-to-date: /home/maizaied03/ros2_ws/install/px4_msgs/local/lib/python3.10/dist-packages/px4_msgs/msg/_pure_pursuit_status_s.c
[9.322s] -- Up-to-date: /home/maizaied03/ros2_ws/install/px4_msgs/local/lib/python3.10/dist-packages/px4_msgs/msg/_mavlink_log.py
[9.322s] -- Up-to-date: /home/maizaied03/ros2_ws/install/px4_msgs/local/lib/python3.10/dist-packages/px4_msgs/msg/_system_power.py
[9.322s] -- Up-to-date: /home/maizaied03/ros2_ws/install/px4_msgs/local/lib/python3.10/dist-packages/px4_msgs/msg/_rtl_time_estimate.py
[9.322s] -- Up-to-date: /home/maizaied03/ros2_ws/install/px4_msgs/local/lib/python3.10/dist-packages/px4_msgs/msg/_rover_steering_setpoint.py
[9.322s] -- Up-to-date: /home/maizaied03/ros2_ws/install/px4_msgs/local/lib/python3.10/dist-packages/px4_msgs/msg/_satellite_info_s.c
[9.322s] -- Up-to-date: /home/maizaied03/ros2_ws/install/px4_msgs/local/lib/python3.10/dist-packages/px4_msgs/msg/_button_event.py
[9.322s] -- Up-to-date: /home/maizaied03/ros2_ws/install/px4_msgs/local/lib/python3.10/dist-packages/px4_msgs/msg/_vtol_vehicle_status_s.c
[9.322s] -- Up-to-date: /home/maizaied03/ros2_ws/install/px4_msgs/local/lib/python3.10/dist-packages/px4_msgs/msg/_sensor_gyro_s.c
[9.322s] -- Up-to-date: /home/maizaied03/ros2_ws/install/px4_msgs/local/lib/python3.10/dist-packages/px4_msgs/msg/_actuator_test.py
[9.322s] -- Up-to-date: /home/maizaied03/ros2_ws/install/px4_msgs/local/lib/python3.10/dist-packages/px4_msgs/msg/_dataman_response_s.c
[9.322s] -- Up-to-date: /home/maizaied03/ros2_ws/install/px4_msgs/local/lib/python3.10/dist-packages/px4_msgs/msg/_uavcan_parameter_request_s.c
[9.322s] -- Up-to-date: /home/maizaied03/ros2_ws/install/px4_msgs/local/lib/python3.10/dist-packages/px4_msgs/msg/_parameter_set_used_request_s.c
[9.322s] -- Up-to-date: /home/maizaied03/ros2_ws/install/px4_msgs/local/lib/python3.10/dist-packages/px4_msgs/msg/_lateral_control_configuration_s.c
[9.322s] -- Up-to-date: /home/maizaied03/ros2_ws/install/px4_msgs/local/lib/python3.10/dist-packages/px4_msgs/msg/_irlock_report.py
[9.322s] -- Up-to-date: /home/maizaied03/ros2_ws/install/px4_msgs/local/lib/python3.10/dist-packages/px4_msgs/msg/_rc_channels.py
[9.322s] -- Up-to-date: /home/maizaied03/ros2_ws/install/px4_msgs/local/lib/python3.10/dist-packages/px4_msgs/msg/_airspeed_wind_s.c
[9.322s] -- Up-to-date: /home/maizaied03/ros2_ws/install/px4_msgs/local/lib/python3.10/dist-packages/px4_msgs/msg/_ekf2_timestamps_s.c
[9.322s] -- Up-to-date: /home/maizaied03/ros2_ws/install/px4_msgs/local/lib/python3.10/dist-packages/px4_msgs/msg/_follow_target_estimator_s.c
[9.322s] -- Up-to-date: /home/maizaied03/ros2_ws/install/px4_msgs/local/lib/python3.10/dist-packages/px4_msgs/msg/_orb_test.py
[9.322s] -- Up-to-date: /home/maizaied03/ros2_ws/install/px4_msgs/local/lib/python3.10/dist-packages/px4_msgs/msg/_debug_array_s.c
[9.322s] -- Up-to-date: /home/maizaied03/ros2_ws/install/px4_msgs/local/lib/python3.10/dist-packages/px4_msgs/msg/_irlock_report_s.c
[9.322s] -- Up-to-date: /home/maizaied03/ros2_ws/install/px4_msgs/local/lib/python3.10/dist-packages/px4_msgs/msg/_rover_speed_setpoint_s.c
[9.322s] -- Up-to-date: /home/maizaied03/ros2_ws/install/px4_msgs/local/lib/python3.10/dist-packages/px4_msgs/msg/_debug_vect.py
[9.322s] -- Up-to-date: /home/maizaied03/ros2_ws/install/px4_msgs/local/lib/python3.10/dist-packages/px4_msgs/msg/_message_format_response_s.c
[9.322s] -- Up-to-date: /home/maizaied03/ros2_ws/install/px4_msgs/local/lib/python3.10/dist-packages/px4_msgs/msg/_geofence_result.py
[9.322s] -- Up-to-date: /home/maizaied03/ros2_ws/install/px4_msgs/local/lib/python3.10/dist-packages/px4_msgs/msg/_landing_target_innovations_s.c
[9.322s] -- Up-to-date: /home/maizaied03/ros2_ws/install/px4_msgs/local/lib/python3.10/dist-packages/px4_msgs/msg/_gripper.py
[9.322s] -- Up-to-date: /home/maizaied03/ros2_ws/install/px4_msgs/local/lib/python3.10/dist-packages/px4_msgs/msg/_vehicle_rates_setpoint_s.c
[9.322s] -- Up-to-date: /home/maizaied03/ros2_ws/install/px4_msgs/local/lib/python3.10/dist-packages/px4_msgs/msg/_timesync_status_s.c
[9.322s] -- Up-to-date: /home/maizaied03/ros2_ws/install/px4_msgs/local/lib/python3.10/dist-packages/px4_msgs/_px4_msgs_s.ep.rosidl_typesupport_fastrtps_c.c
[9.322s] -- Up-to-date: /home/maizaied03/ros2_ws/install/px4_msgs/local/lib/python3.10/dist-packages/px4_msgs/srv
[9.323s] -- Up-to-date: /home/maizaied03/ros2_ws/install/px4_msgs/local/lib/python3.10/dist-packages/px4_msgs/srv/_vehicle_command_s.c
[9.323s] -- Up-to-date: /home/maizaied03/ros2_ws/install/px4_msgs/local/lib/python3.10/dist-packages/px4_msgs/srv/__init__.py
[9.323s] -- Up-to-date: /home/maizaied03/ros2_ws/install/px4_msgs/local/lib/python3.10/dist-packages/px4_msgs/srv/_vehicle_command.py
[9.323s] Listing '/home/maizaied03/ros2_ws/install/px4_msgs/local/lib/python3.10/dist-packages/px4_msgs'...
[9.323s] Listing '/home/maizaied03/ros2_ws/install/px4_msgs/local/lib/python3.10/dist-packages/px4_msgs/msg'...
[9.323s] Listing '/home/maizaied03/ros2_ws/install/px4_msgs/local/lib/python3.10/dist-packages/px4_msgs/srv'...
[9.323s] -- Installing: /home/maizaied03/ros2_ws/install/px4_msgs/local/lib/python3.10/dist-packages/px4_msgs/px4_msgs_s__rosidl_typesupport_fastrtps_c.cpython-310-x86_64-linux-gnu.so
[9.323s] -- Set runtime path of "/home/maizaied03/ros2_ws/install/px4_msgs/local/lib/python3.10/dist-packages/px4_msgs/px4_msgs_s__rosidl_typesupport_fastrtps_c.cpython-310-x86_64-linux-gnu.so" to ""
[9.323s] -- Installing: /home/maizaied03/ros2_ws/install/px4_msgs/local/lib/python3.10/dist-packages/px4_msgs/px4_msgs_s__rosidl_typesupport_introspection_c.cpython-310-x86_64-linux-gnu.so
[9.323s] -- Set runtime path of "/home/maizaied03/ros2_ws/install/px4_msgs/local/lib/python3.10/dist-packages/px4_msgs/px4_msgs_s__rosidl_typesupport_introspection_c.cpython-310-x86_64-linux-gnu.so" to ""
[9.323s] -- Installing: /home/maizaied03/ros2_ws/install/px4_msgs/local/lib/python3.10/dist-packages/px4_msgs/px4_msgs_s__rosidl_typesupport_c.cpython-310-x86_64-linux-gnu.so
[9.323s] -- Set runtime path of "/home/maizaied03/ros2_ws/install/px4_msgs/local/lib/python3.10/dist-packages/px4_msgs/px4_msgs_s__rosidl_typesupport_c.cpython-310-x86_64-linux-gnu.so" to ""
[9.323s] -- Installing: /home/maizaied03/ros2_ws/install/px4_msgs/lib/libpx4_msgs__rosidl_generator_py.so
[9.323s] -- Set runtime path of "/home/maizaied03/ros2_ws/install/px4_msgs/lib/libpx4_msgs__rosidl_generator_py.so" to ""
[9.323s] -- Up-to-date: /home/maizaied03/ros2_ws/install/px4_msgs/share/px4_msgs/msg/ActionRequest.idl
[9.323s] -- Up-to-date: /home/maizaied03/ros2_ws/install/px4_msgs/share/px4_msgs/msg/ActuatorArmed.idl
[9.323s] -- Up-to-date: /home/maizaied03/ros2_ws/install/px4_msgs/share/px4_msgs/msg/ActuatorControlsStatus.idl
[9.323s] -- Up-to-date: /home/maizaied03/ros2_ws/install/px4_msgs/share/px4_msgs/msg/ActuatorMotors.idl
[9.323s] -- Up-to-date: /home/maizaied03/ros2_ws/install/px4_msgs/share/px4_msgs/msg/ActuatorOutputs.idl
[9.323s] -- Up-to-date: /home/maizaied03/ros2_ws/install/px4_msgs/share/px4_msgs/msg/ActuatorServos.idl
[9.323s] -- Up-to-date: /home/maizaied03/ros2_ws/install/px4_msgs/share/px4_msgs/msg/ActuatorServosTrim.idl
[9.323s] -- Up-to-date: /home/maizaied03/ros2_ws/install/px4_msgs/share/px4_msgs/msg/ActuatorTest.idl
[9.323s] -- Up-to-date: /home/maizaied03/ros2_ws/install/px4_msgs/share/px4_msgs/msg/AdcReport.idl
[9.323s] -- Up-to-date: /home/maizaied03/ros2_ws/install/px4_msgs/share/px4_msgs/msg/Airspeed.idl
[9.323s] -- Up-to-date: /home/maizaied03/ros2_ws/install/px4_msgs/share/px4_msgs/msg/AirspeedValidated.idl
[9.323s] -- Up-to-date: /home/maizaied03/ros2_ws/install/px4_msgs/share/px4_msgs/msg/AirspeedWind.idl
[9.323s] -- Up-to-date: /home/maizaied03/ros2_ws/install/px4_msgs/share/px4_msgs/msg/ArmingCheckReply.idl
[9.324s] -- Up-to-date: /home/maizaied03/ros2_ws/install/px4_msgs/share/px4_msgs/msg/ArmingCheckRequest.idl
[9.324s] -- Up-to-date: /home/maizaied03/ros2_ws/install/px4_msgs/share/px4_msgs/msg/AutotuneAttitudeControlStatus.idl
[9.324s] -- Up-to-date: /home/maizaied03/ros2_ws/install/px4_msgs/share/px4_msgs/msg/BatteryInfo.idl
[9.324s] -- Up-to-date: /home/maizaied03/ros2_ws/install/px4_msgs/share/px4_msgs/msg/BatteryStatus.idl
[9.324s] -- Up-to-date: /home/maizaied03/ros2_ws/install/px4_msgs/share/px4_msgs/msg/ButtonEvent.idl
[9.324s] -- Up-to-date: /home/maizaied03/ros2_ws/install/px4_msgs/share/px4_msgs/msg/CameraCapture.idl
[9.324s] -- Up-to-date: /home/maizaied03/ros2_ws/install/px4_msgs/share/px4_msgs/msg/CameraStatus.idl
[9.324s] -- Up-to-date: /home/maizaied03/ros2_ws/install/px4_msgs/share/px4_msgs/msg/CameraTrigger.idl
[9.324s] -- Up-to-date: /home/maizaied03/ros2_ws/install/px4_msgs/share/px4_msgs/msg/CanInterfaceStatus.idl
[9.324s] -- Up-to-date: /home/maizaied03/ros2_ws/install/px4_msgs/share/px4_msgs/msg/CellularStatus.idl
[9.324s] -- Up-to-date: /home/maizaied03/ros2_ws/install/px4_msgs/share/px4_msgs/msg/CollisionConstraints.idl
[9.324s] -- Up-to-date: /home/maizaied03/ros2_ws/install/px4_msgs/share/px4_msgs/msg/ConfigOverrides.idl
[9.324s] -- Up-to-date: /home/maizaied03/ros2_ws/install/px4_msgs/share/px4_msgs/msg/ControlAllocatorStatus.idl
[9.324s] -- Up-to-date: /home/maizaied03/ros2_ws/install/px4_msgs/share/px4_msgs/msg/Cpuload.idl
[9.324s] -- Up-to-date: /home/maizaied03/ros2_ws/install/px4_msgs/share/px4_msgs/msg/DatamanRequest.idl
[9.324s] -- Up-to-date: /home/maizaied03/ros2_ws/install/px4_msgs/share/px4_msgs/msg/DatamanResponse.idl
[9.324s] -- Up-to-date: /home/maizaied03/ros2_ws/install/px4_msgs/share/px4_msgs/msg/DebugArray.idl
[9.324s] -- Up-to-date: /home/maizaied03/ros2_ws/install/px4_msgs/share/px4_msgs/msg/DebugKeyValue.idl
[9.324s] -- Up-to-date: /home/maizaied03/ros2_ws/install/px4_msgs/share/px4_msgs/msg/DebugValue.idl
[9.324s] -- Up-to-date: /home/maizaied03/ros2_ws/install/px4_msgs/share/px4_msgs/msg/DebugVect.idl
[9.324s] -- Up-to-date: /home/maizaied03/ros2_ws/install/px4_msgs/share/px4_msgs/msg/DeviceInformation.idl
[9.324s] -- Up-to-date: /home/maizaied03/ros2_ws/install/px4_msgs/share/px4_msgs/msg/DifferentialPressure.idl
[9.324s] -- Up-to-date: /home/maizaied03/ros2_ws/install/px4_msgs/share/px4_msgs/msg/DistanceSensor.idl
[9.324s] -- Up-to-date: /home/maizaied03/ros2_ws/install/px4_msgs/share/px4_msgs/msg/DistanceSensorModeChangeRequest.idl
[9.324s] -- Up-to-date: /home/maizaied03/ros2_ws/install/px4_msgs/share/px4_msgs/msg/DronecanNodeStatus.idl
[9.325s] -- Up-to-date: /home/maizaied03/ros2_ws/install/px4_msgs/share/px4_msgs/msg/Ekf2Timestamps.idl
[9.325s] -- Up-to-date: /home/maizaied03/ros2_ws/install/px4_msgs/share/px4_msgs/msg/EscReport.idl
[9.325s] -- Up-to-date: /home/maizaied03/ros2_ws/install/px4_msgs/share/px4_msgs/msg/EscStatus.idl
[9.325s] -- Up-to-date: /home/maizaied03/ros2_ws/install/px4_msgs/share/px4_msgs/msg/EstimatorAidSource1d.idl
[9.325s] -- Up-to-date: /home/maizaied03/ros2_ws/install/px4_msgs/share/px4_msgs/msg/EstimatorAidSource2d.idl
[9.325s] -- Up-to-date: /home/maizaied03/ros2_ws/install/px4_msgs/share/px4_msgs/msg/EstimatorAidSource3d.idl
[9.325s] -- Up-to-date: /home/maizaied03/ros2_ws/install/px4_msgs/share/px4_msgs/msg/EstimatorBias.idl
[9.325s] -- Up-to-date: /home/maizaied03/ros2_ws/install/px4_msgs/share/px4_msgs/msg/EstimatorBias3d.idl
[9.325s] -- Up-to-date: /home/maizaied03/ros2_ws/install/px4_msgs/share/px4_msgs/msg/EstimatorEventFlags.idl
[9.325s] -- Up-to-date: /home/maizaied03/ros2_ws/install/px4_msgs/share/px4_msgs/msg/EstimatorGpsStatus.idl
[9.325s] -- Up-to-date: /home/maizaied03/ros2_ws/install/px4_msgs/share/px4_msgs/msg/EstimatorInnovations.idl
[9.325s] -- Up-to-date: /home/maizaied03/ros2_ws/install/px4_msgs/share/px4_msgs/msg/EstimatorSelectorStatus.idl
[9.325s] -- Up-to-date: /home/maizaied03/ros2_ws/install/px4_msgs/share/px4_msgs/msg/EstimatorSensorBias.idl
[9.325s] -- Up-to-date: /home/maizaied03/ros2_ws/install/px4_msgs/share/px4_msgs/msg/EstimatorStates.idl
[9.325s] -- Up-to-date: /home/maizaied03/ros2_ws/install/px4_msgs/share/px4_msgs/msg/EstimatorStatus.idl
[9.325s] -- Up-to-date: /home/maizaied03/ros2_ws/install/px4_msgs/share/px4_msgs/msg/EstimatorStatusFlags.idl
[9.325s] -- Up-to-date: /home/maizaied03/ros2_ws/install/px4_msgs/share/px4_msgs/msg/Event.idl
[9.325s] -- Up-to-date: /home/maizaied03/ros2_ws/install/px4_msgs/share/px4_msgs/msg/FailsafeFlags.idl
[9.325s] -- Up-to-date: /home/maizaied03/ros2_ws/install/px4_msgs/share/px4_msgs/msg/FailureDetectorStatus.idl
[9.325s] -- Up-to-date: /home/maizaied03/ros2_ws/install/px4_msgs/share/px4_msgs/msg/FigureEightStatus.idl
[9.325s] -- Up-to-date: /home/maizaied03/ros2_ws/install/px4_msgs/share/px4_msgs/msg/FixedWingLateralGuidanceStatus.idl
[9.325s] -- Up-to-date: /home/maizaied03/ros2_ws/install/px4_msgs/share/px4_msgs/msg/FixedWingLateralSetpoint.idl
[9.325s] -- Up-to-date: /home/maizaied03/ros2_ws/install/px4_msgs/share/px4_msgs/msg/FixedWingLateralStatus.idl
[9.325s] -- Up-to-date: /home/maizaied03/ros2_ws/install/px4_msgs/share/px4_msgs/msg/FixedWingLongitudinalSetpoint.idl
[9.325s] -- Up-to-date: /home/maizaied03/ros2_ws/install/px4_msgs/share/px4_msgs/msg/FixedWingRunwayControl.idl
[9.326s] -- Up-to-date: /home/maizaied03/ros2_ws/install/px4_msgs/share/px4_msgs/msg/FlightPhaseEstimation.idl
[9.326s] -- Up-to-date: /home/maizaied03/ros2_ws/install/px4_msgs/share/px4_msgs/msg/FollowTarget.idl
[9.326s] -- Up-to-date: /home/maizaied03/ros2_ws/install/px4_msgs/share/px4_msgs/msg/FollowTargetEstimator.idl
[9.326s] -- Up-to-date: /home/maizaied03/ros2_ws/install/px4_msgs/share/px4_msgs/msg/FollowTargetStatus.idl
[9.326s] -- Up-to-date: /home/maizaied03/ros2_ws/install/px4_msgs/share/px4_msgs/msg/FuelTankStatus.idl
[9.326s] -- Up-to-date: /home/maizaied03/ros2_ws/install/px4_msgs/share/px4_msgs/msg/GainCompression.idl
[9.326s] -- Up-to-date: /home/maizaied03/ros2_ws/install/px4_msgs/share/px4_msgs/msg/GeneratorStatus.idl
[9.326s] -- Up-to-date: /home/maizaied03/ros2_ws/install/px4_msgs/share/px4_msgs/msg/GeofenceResult.idl
[9.326s] -- Up-to-date: /home/maizaied03/ros2_ws/install/px4_msgs/share/px4_msgs/msg/GeofenceStatus.idl
[9.326s] -- Up-to-date: /home/maizaied03/ros2_ws/install/px4_msgs/share/px4_msgs/msg/GimbalControls.idl
[9.326s] -- Up-to-date: /home/maizaied03/ros2_ws/install/px4_msgs/share/px4_msgs/msg/GimbalDeviceAttitudeStatus.idl
[9.326s] -- Up-to-date: /home/maizaied03/ros2_ws/install/px4_msgs/share/px4_msgs/msg/GimbalDeviceInformation.idl
[9.326s] -- Up-to-date: /home/maizaied03/ros2_ws/install/px4_msgs/share/px4_msgs/msg/GimbalDeviceSetAttitude.idl
[9.326s] -- Up-to-date: /home/maizaied03/ros2_ws/install/px4_msgs/share/px4_msgs/msg/GimbalManagerInformation.idl
[9.326s] -- Up-to-date: /home/maizaied03/ros2_ws/install/px4_msgs/share/px4_msgs/msg/GimbalManagerSetAttitude.idl
[9.326s] -- Up-to-date: /home/maizaied03/ros2_ws/install/px4_msgs/share/px4_msgs/msg/GimbalManagerSetManualControl.idl
[9.326s] -- Up-to-date: /home/maizaied03/ros2_ws/install/px4_msgs/share/px4_msgs/msg/GimbalManagerStatus.idl
[9.326s] -- Up-to-date: /home/maizaied03/ros2_ws/install/px4_msgs/share/px4_msgs/msg/GotoSetpoint.idl
[9.326s] -- Up-to-date: /home/maizaied03/ros2_ws/install/px4_msgs/share/px4_msgs/msg/GpioConfig.idl
[9.326s] -- Up-to-date: /home/maizaied03/ros2_ws/install/px4_msgs/share/px4_msgs/msg/GpioIn.idl
[9.326s] -- Up-to-date: /home/maizaied03/ros2_ws/install/px4_msgs/share/px4_msgs/msg/GpioOut.idl
[9.326s] -- Up-to-date: /home/maizaied03/ros2_ws/install/px4_msgs/share/px4_msgs/msg/GpioRequest.idl
[9.326s] -- Up-to-date: /home/maizaied03/ros2_ws/install/px4_msgs/share/px4_msgs/msg/GpsDump.idl
[9.326s] -- Up-to-date: /home/maizaied03/ros2_ws/install/px4_msgs/share/px4_msgs/msg/GpsInjectData.idl
[9.327s] -- Up-to-date: /home/maizaied03/ros2_ws/install/px4_msgs/share/px4_msgs/msg/Gripper.idl
[9.327s] -- Up-to-date: /home/maizaied03/ros2_ws/install/px4_msgs/share/px4_msgs/msg/HealthReport.idl
[9.327s] -- Up-to-date: /home/maizaied03/ros2_ws/install/px4_msgs/share/px4_msgs/msg/HeaterStatus.idl
[9.327s] -- Up-to-date: /home/maizaied03/ros2_ws/install/px4_msgs/share/px4_msgs/msg/HomePosition.idl
[9.327s] -- Up-to-date: /home/maizaied03/ros2_ws/install/px4_msgs/share/px4_msgs/msg/HoverThrustEstimate.idl
[9.327s] -- Up-to-date: /home/maizaied03/ros2_ws/install/px4_msgs/share/px4_msgs/msg/InputRc.idl
[9.327s] -- Up-to-date: /home/maizaied03/ros2_ws/install/px4_msgs/share/px4_msgs/msg/InternalCombustionEngineControl.idl
[9.327s] -- Up-to-date: /home/maizaied03/ros2_ws/install/px4_msgs/share/px4_msgs/msg/InternalCombustionEngineStatus.idl
[9.327s] -- Up-to-date: /home/maizaied03/ros2_ws/install/px4_msgs/share/px4_msgs/msg/IridiumsbdStatus.idl
[9.327s] -- Up-to-date: /home/maizaied03/ros2_ws/install/px4_msgs/share/px4_msgs/msg/IrlockReport.idl
[9.327s] -- Up-to-date: /home/maizaied03/ros2_ws/install/px4_msgs/share/px4_msgs/msg/LandingGear.idl
[9.327s] -- Up-to-date: /home/maizaied03/ros2_ws/install/px4_msgs/share/px4_msgs/msg/LandingGearWheel.idl
[9.327s] -- Up-to-date: /home/maizaied03/ros2_ws/install/px4_msgs/share/px4_msgs/msg/LandingTargetInnovations.idl
[9.327s] -- Up-to-date: /home/maizaied03/ros2_ws/install/px4_msgs/share/px4_msgs/msg/LandingTargetPose.idl
[9.327s] -- Up-to-date: /home/maizaied03/ros2_ws/install/px4_msgs/share/px4_msgs/msg/LateralControlConfiguration.idl
[9.327s] -- Up-to-date: /home/maizaied03/ros2_ws/install/px4_msgs/share/px4_msgs/msg/LaunchDetectionStatus.idl
[9.327s] -- Up-to-date: /home/maizaied03/ros2_ws/install/px4_msgs/share/px4_msgs/msg/LedControl.idl
[9.327s] -- Up-to-date: /home/maizaied03/ros2_ws/install/px4_msgs/share/px4_msgs/msg/LogMessage.idl
[9.327s] -- Up-to-date: /home/maizaied03/ros2_ws/install/px4_msgs/share/px4_msgs/msg/LoggerStatus.idl
[9.327s] -- Up-to-date: /home/maizaied03/ros2_ws/install/px4_msgs/share/px4_msgs/msg/LongitudinalControlConfiguration.idl
[9.328s] -- Up-to-date: /home/maizaied03/ros2_ws/install/px4_msgs/share/px4_msgs/msg/MagWorkerData.idl
[9.328s] -- Up-to-date: /home/maizaied03/ros2_ws/install/px4_msgs/share/px4_msgs/msg/MagnetometerBiasEstimate.idl
[9.328s] -- Up-to-date: /home/maizaied03/ros2_ws/install/px4_msgs/share/px4_msgs/msg/ManualControlSetpoint.idl
[9.328s] -- Up-to-date: /home/maizaied03/ros2_ws/install/px4_msgs/share/px4_msgs/msg/ManualControlSwitches.idl
[9.328s] -- Up-to-date: /home/maizaied03/ros2_ws/install/px4_msgs/share/px4_msgs/msg/MavlinkLog.idl
[9.328s] -- Up-to-date: /home/maizaied03/ros2_ws/install/px4_msgs/share/px4_msgs/msg/MavlinkTunnel.idl
[9.328s] -- Up-to-date: /home/maizaied03/ros2_ws/install/px4_msgs/share/px4_msgs/msg/MessageFormatRequest.idl
[9.328s] -- Up-to-date: /home/maizaied03/ros2_ws/install/px4_msgs/share/px4_msgs/msg/MessageFormatResponse.idl
[9.328s] -- Up-to-date: /home/maizaied03/ros2_ws/install/px4_msgs/share/px4_msgs/msg/Mission.idl
[9.328s] -- Up-to-date: /home/maizaied03/ros2_ws/install/px4_msgs/share/px4_msgs/msg/MissionResult.idl
[9.328s] -- Up-to-date: /home/maizaied03/ros2_ws/install/px4_msgs/share/px4_msgs/msg/ModeCompleted.idl
[9.328s] -- Up-to-date: /home/maizaied03/ros2_ws/install/px4_msgs/share/px4_msgs/msg/MountOrientation.idl
[9.328s] -- Up-to-date: /home/maizaied03/ros2_ws/install/px4_msgs/share/px4_msgs/msg/NavigatorMissionItem.idl
[9.328s] -- Up-to-date: /home/maizaied03/ros2_ws/install/px4_msgs/share/px4_msgs/msg/NavigatorStatus.idl
[9.328s] -- Up-to-date: /home/maizaied03/ros2_ws/install/px4_msgs/share/px4_msgs/msg/NeuralControl.idl
[9.328s] -- Up-to-date: /home/maizaied03/ros2_ws/install/px4_msgs/share/px4_msgs/msg/NormalizedUnsignedSetpoint.idl
[9.328s] -- Up-to-date: /home/maizaied03/ros2_ws/install/px4_msgs/share/px4_msgs/msg/ObstacleDistance.idl
[9.328s] -- Up-to-date: /home/maizaied03/ros2_ws/install/px4_msgs/share/px4_msgs/msg/OffboardControlMode.idl
[9.328s] -- Up-to-date: /home/maizaied03/ros2_ws/install/px4_msgs/share/px4_msgs/msg/OnboardComputerStatus.idl
[9.328s] -- Up-to-date: /home/maizaied03/ros2_ws/install/px4_msgs/share/px4_msgs/msg/OpenDroneIdArmStatus.idl
[9.328s] -- Up-to-date: /home/maizaied03/ros2_ws/install/px4_msgs/share/px4_msgs/msg/OpenDroneIdOperatorId.idl
[9.328s] -- Up-to-date: /home/maizaied03/ros2_ws/install/px4_msgs/share/px4_msgs/msg/OpenDroneIdSelfId.idl
[9.328s] -- Up-to-date: /home/maizaied03/ros2_ws/install/px4_msgs/share/px4_msgs/msg/OpenDroneIdSystem.idl
[9.328s] -- Up-to-date: /home/maizaied03/ros2_ws/install/px4_msgs/share/px4_msgs/msg/OrbTest.idl
[9.328s] -- Up-to-date: /home/maizaied03/ros2_ws/install/px4_msgs/share/px4_msgs/msg/OrbTestLarge.idl
[9.328s] -- Up-to-date: /home/maizaied03/ros2_ws/install/px4_msgs/share/px4_msgs/msg/OrbTestMedium.idl
[9.328s] -- Up-to-date: /home/maizaied03/ros2_ws/install/px4_msgs/share/px4_msgs/msg/OrbitStatus.idl
[9.329s] -- Up-to-date: /home/maizaied03/ros2_ws/install/px4_msgs/share/px4_msgs/msg/ParameterResetRequest.idl
[9.329s] -- Up-to-date: /home/maizaied03/ros2_ws/install/px4_msgs/share/px4_msgs/msg/ParameterSetUsedRequest.idl
[9.329s] -- Up-to-date: /home/maizaied03/ros2_ws/install/px4_msgs/share/px4_msgs/msg/ParameterSetValueRequest.idl
[9.329s] -- Up-to-date: /home/maizaied03/ros2_ws/install/px4_msgs/share/px4_msgs/msg/ParameterSetValueResponse.idl
[9.329s] -- Up-to-date: /home/maizaied03/ros2_ws/install/px4_msgs/share/px4_msgs/msg/ParameterUpdate.idl
[9.329s] -- Up-to-date: /home/maizaied03/ros2_ws/install/px4_msgs/share/px4_msgs/msg/Ping.idl
[9.329s] -- Up-to-date: /home/maizaied03/ros2_ws/install/px4_msgs/share/px4_msgs/msg/PositionControllerLandingStatus.idl
[9.329s] -- Up-to-date: /home/maizaied03/ros2_ws/install/px4_msgs/share/px4_msgs/msg/PositionControllerStatus.idl
[9.329s] -- Up-to-date: /home/maizaied03/ros2_ws/install/px4_msgs/share/px4_msgs/msg/PositionSetpoint.idl
[9.329s] -- Up-to-date: /home/maizaied03/ros2_ws/install/px4_msgs/share/px4_msgs/msg/PositionSetpointTriplet.idl
[9.329s] -- Up-to-date: /home/maizaied03/ros2_ws/install/px4_msgs/share/px4_msgs/msg/PowerButtonState.idl
[9.329s] -- Up-to-date: /home/maizaied03/ros2_ws/install/px4_msgs/share/px4_msgs/msg/PowerMonitor.idl
[9.329s] -- Up-to-date: /home/maizaied03/ros2_ws/install/px4_msgs/share/px4_msgs/msg/PpsCapture.idl
[9.329s] -- Up-to-date: /home/maizaied03/ros2_ws/install/px4_msgs/share/px4_msgs/msg/PurePursuitStatus.idl
[9.329s] -- Up-to-date: /home/maizaied03/ros2_ws/install/px4_msgs/share/px4_msgs/msg/PwmInput.idl
[9.329s] -- Up-to-date: /home/maizaied03/ros2_ws/install/px4_msgs/share/px4_msgs/msg/Px4ioStatus.idl
[9.329s] -- Up-to-date: /home/maizaied03/ros2_ws/install/px4_msgs/share/px4_msgs/msg/QshellReq.idl
[9.329s] -- Up-to-date: /home/maizaied03/ros2_ws/install/px4_msgs/share/px4_msgs/msg/QshellRetval.idl
[9.329s] -- Up-to-date: /home/maizaied03/ros2_ws/install/px4_msgs/share/px4_msgs/msg/RadioStatus.idl
[9.329s] -- Up-to-date: /home/maizaied03/ros2_ws/install/px4_msgs/share/px4_msgs/msg/RaptorInput.idl
[9.329s] -- Up-to-date: /home/maizaied03/ros2_ws/install/px4_msgs/share/px4_msgs/msg/RaptorStatus.idl
[9.329s] -- Up-to-date: /home/maizaied03/ros2_ws/install/px4_msgs/share/px4_msgs/msg/RateCtrlStatus.idl
[9.329s] -- Up-to-date: /home/maizaied03/ros2_ws/install/px4_msgs/share/px4_msgs/msg/RcChannels.idl
[9.329s] -- Up-to-date: /home/maizaied03/ros2_ws/install/px4_msgs/share/px4_msgs/msg/RcParameterMap.idl
[9.329s] -- Up-to-date: /home/maizaied03/ros2_ws/install/px4_msgs/share/px4_msgs/msg/RegisterExtComponentReply.idl
[9.329s] -- Up-to-date: /home/maizaied03/ros2_ws/install/px4_msgs/share/px4_msgs/msg/RegisterExtComponentRequest.idl
[9.329s] -- Up-to-date: /home/maizaied03/ros2_ws/install/px4_msgs/share/px4_msgs/msg/RoverAttitudeSetpoint.idl
[9.329s] -- Up-to-date: /home/maizaied03/ros2_ws/install/px4_msgs/share/px4_msgs/msg/RoverAttitudeStatus.idl
[9.329s] -- Up-to-date: /home/maizaied03/ros2_ws/install/px4_msgs/share/px4_msgs/msg/RoverPositionSetpoint.idl
[9.330s] -- Up-to-date: /home/maizaied03/ros2_ws/install/px4_msgs/share/px4_msgs/msg/RoverRateSetpoint.idl
[9.330s] -- Up-to-date: /home/maizaied03/ros2_ws/install/px4_msgs/share/px4_msgs/msg/RoverRateStatus.idl
[9.330s] -- Up-to-date: /home/maizaied03/ros2_ws/install/px4_msgs/share/px4_msgs/msg/RoverSpeedSetpoint.idl
[9.330s] -- Up-to-date: /home/maizaied03/ros2_ws/install/px4_msgs/share/px4_msgs/msg/RoverSpeedStatus.idl
[9.330s] -- Up-to-date: /home/maizaied03/ros2_ws/install/px4_msgs/share/px4_msgs/msg/RoverSteeringSetpoint.idl
[9.330s] -- Up-to-date: /home/maizaied03/ros2_ws/install/px4_msgs/share/px4_msgs/msg/RoverThrottleSetpoint.idl
[9.330s] -- Up-to-date: /home/maizaied03/ros2_ws/install/px4_msgs/share/px4_msgs/msg/Rpm.idl
[9.330s] -- Up-to-date: /home/maizaied03/ros2_ws/install/px4_msgs/share/px4_msgs/msg/RtlStatus.idl
[9.330s] -- Up-to-date: /home/maizaied03/ros2_ws/install/px4_msgs/share/px4_msgs/msg/RtlTimeEstimate.idl
[9.330s] -- Up-to-date: /home/maizaied03/ros2_ws/install/px4_msgs/share/px4_msgs/msg/SatelliteInfo.idl
[9.330s] -- Up-to-date: /home/maizaied03/ros2_ws/install/px4_msgs/share/px4_msgs/msg/SensorAccel.idl
[9.330s] -- Up-to-date: /home/maizaied03/ros2_ws/install/px4_msgs/share/px4_msgs/msg/SensorAccelFifo.idl
[9.330s] -- Up-to-date: /home/maizaied03/ros2_ws/install/px4_msgs/share/px4_msgs/msg/SensorAirflow.idl
[9.330s] -- Up-to-date: /home/maizaied03/ros2_ws/install/px4_msgs/share/px4_msgs/msg/SensorBaro.idl
[9.330s] -- Up-to-date: /home/maizaied03/ros2_ws/install/px4_msgs/share/px4_msgs/msg/SensorCombined.idl
[9.330s] -- Up-to-date: /home/maizaied03/ros2_ws/install/px4_msgs/share/px4_msgs/msg/SensorCorrection.idl
[9.330s] -- Up-to-date: /home/maizaied03/ros2_ws/install/px4_msgs/share/px4_msgs/msg/SensorGnssRelative.idl
[9.330s] -- Up-to-date: /home/maizaied03/ros2_ws/install/px4_msgs/share/px4_msgs/msg/SensorGnssStatus.idl
[9.330s] -- Up-to-date: /home/maizaied03/ros2_ws/install/px4_msgs/share/px4_msgs/msg/SensorGps.idl
[9.330s] -- Up-to-date: /home/maizaied03/ros2_ws/install/px4_msgs/share/px4_msgs/msg/SensorGyro.idl
[9.330s] -- Up-to-date: /home/maizaied03/ros2_ws/install/px4_msgs/share/px4_msgs/msg/SensorGyroFft.idl
[9.330s] -- Up-to-date: /home/maizaied03/ros2_ws/install/px4_msgs/share/px4_msgs/msg/SensorGyroFifo.idl
[9.330s] -- Up-to-date: /home/maizaied03/ros2_ws/install/px4_msgs/share/px4_msgs/msg/SensorHygrometer.idl
[9.330s] -- Up-to-date: /home/maizaied03/ros2_ws/install/px4_msgs/share/px4_msgs/msg/SensorMag.idl
[9.330s] -- Up-to-date: /home/maizaied03/ros2_ws/install/px4_msgs/share/px4_msgs/msg/SensorOpticalFlow.idl
[9.331s] -- Up-to-date: /home/maizaied03/ros2_ws/install/px4_msgs/share/px4_msgs/msg/SensorPreflightMag.idl
[9.331s] -- Up-to-date: /home/maizaied03/ros2_ws/install/px4_msgs/share/px4_msgs/msg/SensorSelection.idl
[9.331s] -- Up-to-date: /home/maizaied03/ros2_ws/install/px4_msgs/share/px4_msgs/msg/SensorTemp.idl
[9.331s] -- Up-to-date: /home/maizaied03/ros2_ws/install/px4_msgs/share/px4_msgs/msg/SensorUwb.idl
[9.331s] -- Up-to-date: /home/maizaied03/ros2_ws/install/px4_msgs/share/px4_msgs/msg/SensorsStatus.idl
[9.331s] -- Up-to-date: /home/maizaied03/ros2_ws/install/px4_msgs/share/px4_msgs/msg/SensorsStatusImu.idl
[9.331s] -- Up-to-date: /home/maizaied03/ros2_ws/install/px4_msgs/share/px4_msgs/msg/SystemPower.idl
[9.331s] -- Up-to-date: /home/maizaied03/ros2_ws/install/px4_msgs/share/px4_msgs/msg/TakeoffStatus.idl
[9.331s] -- Up-to-date: /home/maizaied03/ros2_ws/install/px4_msgs/share/px4_msgs/msg/TaskStackInfo.idl
[9.331s] -- Up-to-date: /home/maizaied03/ros2_ws/install/px4_msgs/share/px4_msgs/msg/TecsStatus.idl
[9.331s] -- Up-to-date: /home/maizaied03/ros2_ws/install/px4_msgs/share/px4_msgs/msg/TelemetryStatus.idl
[9.331s] -- Up-to-date: /home/maizaied03/ros2_ws/install/px4_msgs/share/px4_msgs/msg/TiltrotorExtraControls.idl
[9.331s] -- Up-to-date: /home/maizaied03/ros2_ws/install/px4_msgs/share/px4_msgs/msg/TimesyncStatus.idl
[9.331s] -- Up-to-date: /home/maizaied03/ros2_ws/install/px4_msgs/share/px4_msgs/msg/TrajectorySetpoint.idl
[9.331s] -- Up-to-date: /home/maizaied03/ros2_ws/install/px4_msgs/share/px4_msgs/msg/TrajectorySetpoint6dof.idl
[9.331s] -- Up-to-date: /home/maizaied03/ros2_ws/install/px4_msgs/share/px4_msgs/msg/TransponderReport.idl
[9.331s] -- Up-to-date: /home/maizaied03/ros2_ws/install/px4_msgs/share/px4_msgs/msg/TuneControl.idl
[9.331s] -- Up-to-date: /home/maizaied03/ros2_ws/install/px4_msgs/share/px4_msgs/msg/UavcanParameterRequest.idl
[9.331s] -- Up-to-date: /home/maizaied03/ros2_ws/install/px4_msgs/share/px4_msgs/msg/UavcanParameterValue.idl
[9.332s] -- Up-to-date: /home/maizaied03/ros2_ws/install/px4_msgs/share/px4_msgs/msg/UlogStream.idl
[9.332s] -- Up-to-date: /home/maizaied03/ros2_ws/install/px4_msgs/share/px4_msgs/msg/UlogStreamAck.idl
[9.332s] -- Up-to-date: /home/maizaied03/ros2_ws/install/px4_msgs/share/px4_msgs/msg/UnregisterExtComponent.idl
[9.332s] -- Up-to-date: /home/maizaied03/ros2_ws/install/px4_msgs/share/px4_msgs/msg/VehicleAcceleration.idl
[9.332s] -- Up-to-date: /home/maizaied03/ros2_ws/install/px4_msgs/share/px4_msgs/msg/VehicleAirData.idl
[9.332s] -- Up-to-date: /home/maizaied03/ros2_ws/install/px4_msgs/share/px4_msgs/msg/VehicleAngularAccelerationSetpoint.idl
[9.332s] -- Up-to-date: /home/maizaied03/ros2_ws/install/px4_msgs/share/px4_msgs/msg/VehicleAngularVelocity.idl
[9.332s] -- Up-to-date: /home/maizaied03/ros2_ws/install/px4_msgs/share/px4_msgs/msg/VehicleAttitude.idl
[9.332s] -- Up-to-date: /home/maizaied03/ros2_ws/install/px4_msgs/share/px4_msgs/msg/VehicleAttitudeSetpoint.idl
[9.332s] -- Up-to-date: /home/maizaied03/ros2_ws/install/px4_msgs/share/px4_msgs/msg/VehicleCommand.idl
[9.332s] -- Up-to-date: /home/maizaied03/ros2_ws/install/px4_msgs/share/px4_msgs/msg/VehicleCommandAck.idl
[9.332s] -- Up-to-date: /home/maizaied03/ros2_ws/install/px4_msgs/share/px4_msgs/msg/VehicleConstraints.idl
[9.332s] -- Up-to-date: /home/maizaied03/ros2_ws/install/px4_msgs/share/px4_msgs/msg/VehicleControlMode.idl
[9.332s] -- Up-to-date: /home/maizaied03/ros2_ws/install/px4_msgs/share/px4_msgs/msg/VehicleGlobalPosition.idl
[9.332s] -- Up-to-date: /home/maizaied03/ros2_ws/install/px4_msgs/share/px4_msgs/msg/VehicleImu.idl
[9.332s] -- Up-to-date: /home/maizaied03/ros2_ws/install/px4_msgs/share/px4_msgs/msg/VehicleImuStatus.idl
[9.332s] -- Up-to-date: /home/maizaied03/ros2_ws/install/px4_msgs/share/px4_msgs/msg/VehicleLandDetected.idl
[9.332s] -- Up-to-date: /home/maizaied03/ros2_ws/install/px4_msgs/share/px4_msgs/msg/VehicleLocalPosition.idl
[9.332s] -- Up-to-date: /home/maizaied03/ros2_ws/install/px4_msgs/share/px4_msgs/msg/VehicleLocalPositionSetpoint.idl
[9.332s] -- Up-to-date: /home/maizaied03/ros2_ws/install/px4_msgs/share/px4_msgs/msg/VehicleMagnetometer.idl
[9.332s] -- Up-to-date: /home/maizaied03/ros2_ws/install/px4_msgs/share/px4_msgs/msg/VehicleOdometry.idl
[9.332s] -- Up-to-date: /home/maizaied03/ros2_ws/install/px4_msgs/share/px4_msgs/msg/VehicleOpticalFlow.idl
[9.332s] -- Up-to-date: /home/maizaied03/ros2_ws/install/px4_msgs/share/px4_msgs/msg/VehicleOpticalFlowVel.idl
[9.332s] -- Up-to-date: /home/maizaied03/ros2_ws/install/px4_msgs/share/px4_msgs/msg/VehicleRatesSetpoint.idl
[9.332s] -- Up-to-date: /home/maizaied03/ros2_ws/install/px4_msgs/share/px4_msgs/msg/VehicleRoi.idl
[9.332s] -- Up-to-date: /home/maizaied03/ros2_ws/install/px4_msgs/share/px4_msgs/msg/VehicleStatus.idl
[9.332s] -- Up-to-date: /home/maizaied03/ros2_ws/install/px4_msgs/share/px4_msgs/msg/VehicleThrustSetpoint.idl
[9.332s] -- Up-to-date: /home/maizaied03/ros2_ws/install/px4_msgs/share/px4_msgs/msg/VehicleTorqueSetpoint.idl
[9.332s] -- Up-to-date: /home/maizaied03/ros2_ws/install/px4_msgs/share/px4_msgs/msg/VelocityLimits.idl
[9.333s] -- Up-to-date: /home/maizaied03/ros2_ws/install/px4_msgs/share/px4_msgs/msg/VtolVehicleStatus.idl
[9.333s] -- Up-to-date: /home/maizaied03/ros2_ws/install/px4_msgs/share/px4_msgs/msg/Vtx.idl
[9.333s] -- Up-to-date: /home/maizaied03/ros2_ws/install/px4_msgs/share/px4_msgs/msg/WheelEncoders.idl
[9.333s] -- Up-to-date: /home/maizaied03/ros2_ws/install/px4_msgs/share/px4_msgs/msg/Wind.idl
[9.333s] -- Up-to-date: /home/maizaied03/ros2_ws/install/px4_msgs/share/px4_msgs/msg/YawEstimatorStatus.idl
[9.333s] -- Up-to-date: /home/maizaied03/ros2_ws/install/px4_msgs/share/px4_msgs/srv/VehicleCommand.idl
[9.333s] -- Up-to-date: /home/maizaied03/ros2_ws/install/px4_msgs/share/px4_msgs/msg/ActionRequest.msg
[9.333s] -- Up-to-date: /home/maizaied03/ros2_ws/install/px4_msgs/share/px4_msgs/msg/ActuatorArmed.msg
[9.333s] -- Up-to-date: /home/maizaied03/ros2_ws/install/px4_msgs/share/px4_msgs/msg/ActuatorControlsStatus.msg
[9.333s] -- Up-to-date: /home/maizaied03/ros2_ws/install/px4_msgs/share/px4_msgs/msg/ActuatorMotors.msg
[9.333s] -- Up-to-date: /home/maizaied03/ros2_ws/install/px4_msgs/share/px4_msgs/msg/ActuatorOutputs.msg
[9.333s] -- Up-to-date: /home/maizaied03/ros2_ws/install/px4_msgs/share/px4_msgs/msg/ActuatorServos.msg
[9.333s] -- Up-to-date: /home/maizaied03/ros2_ws/install/px4_msgs/share/px4_msgs/msg/ActuatorServosTrim.msg
[9.333s] -- Up-to-date: /home/maizaied03/ros2_ws/install/px4_msgs/share/px4_msgs/msg/ActuatorTest.msg
[9.333s] -- Up-to-date: /home/maizaied03/ros2_ws/install/px4_msgs/share/px4_msgs/msg/AdcReport.msg
[9.333s] -- Up-to-date: /home/maizaied03/ros2_ws/install/px4_msgs/share/px4_msgs/msg/Airspeed.msg
[9.333s] -- Up-to-date: /home/maizaied03/ros2_ws/install/px4_msgs/share/px4_msgs/msg/AirspeedValidated.msg
[9.333s] -- Up-to-date: /home/maizaied03/ros2_ws/install/px4_msgs/share/px4_msgs/msg/AirspeedWind.msg
[9.333s] -- Up-to-date: /home/maizaied03/ros2_ws/install/px4_msgs/share/px4_msgs/msg/ArmingCheckReply.msg
[9.333s] -- Up-to-date: /home/maizaied03/ros2_ws/install/px4_msgs/share/px4_msgs/msg/ArmingCheckRequest.msg
[9.333s] -- Up-to-date: /home/maizaied03/ros2_ws/install/px4_msgs/share/px4_msgs/msg/AutotuneAttitudeControlStatus.msg
[9.333s] -- Up-to-date: /home/maizaied03/ros2_ws/install/px4_msgs/share/px4_msgs/msg/BatteryInfo.msg
[9.333s] -- Up-to-date: /home/maizaied03/ros2_ws/install/px4_msgs/share/px4_msgs/msg/BatteryStatus.msg
[9.333s] -- Up-to-date: /home/maizaied03/ros2_ws/install/px4_msgs/share/px4_msgs/msg/ButtonEvent.msg
[9.333s] -- Up-to-date: /home/maizaied03/ros2_ws/install/px4_msgs/share/px4_msgs/msg/CameraCapture.msg
[9.333s] -- Up-to-date: /home/maizaied03/ros2_ws/install/px4_msgs/share/px4_msgs/msg/CameraStatus.msg
[9.333s] -- Up-to-date: /home/maizaied03/ros2_ws/install/px4_msgs/share/px4_msgs/msg/CameraTrigger.msg
[9.333s] -- Up-to-date: /home/maizaied03/ros2_ws/install/px4_msgs/share/px4_msgs/msg/CanInterfaceStatus.msg
[9.333s] -- Up-to-date: /home/maizaied03/ros2_ws/install/px4_msgs/share/px4_msgs/msg/CellularStatus.msg
[9.333s] -- Up-to-date: /home/maizaied03/ros2_ws/install/px4_msgs/share/px4_msgs/msg/CollisionConstraints.msg
[9.334s] -- Up-to-date: /home/maizaied03/ros2_ws/install/px4_msgs/share/px4_msgs/msg/ConfigOverrides.msg
[9.334s] -- Up-to-date: /home/maizaied03/ros2_ws/install/px4_msgs/share/px4_msgs/msg/ControlAllocatorStatus.msg
[9.334s] -- Up-to-date: /home/maizaied03/ros2_ws/install/px4_msgs/share/px4_msgs/msg/Cpuload.msg
[9.334s] -- Up-to-date: /home/maizaied03/ros2_ws/install/px4_msgs/share/px4_msgs/msg/DatamanRequest.msg
[9.334s] -- Up-to-date: /home/maizaied03/ros2_ws/install/px4_msgs/share/px4_msgs/msg/DatamanResponse.msg
[9.334s] -- Up-to-date: /home/maizaied03/ros2_ws/install/px4_msgs/share/px4_msgs/msg/DebugArray.msg
[9.334s] -- Up-to-date: /home/maizaied03/ros2_ws/install/px4_msgs/share/px4_msgs/msg/DebugKeyValue.msg
[9.334s] -- Up-to-date: /home/maizaied03/ros2_ws/install/px4_msgs/share/px4_msgs/msg/DebugValue.msg
[9.334s] -- Up-to-date: /home/maizaied03/ros2_ws/install/px4_msgs/share/px4_msgs/msg/DebugVect.msg
[9.334s] -- Up-to-date: /home/maizaied03/ros2_ws/install/px4_msgs/share/px4_msgs/msg/DeviceInformation.msg
[9.334s] -- Up-to-date: /home/maizaied03/ros2_ws/install/px4_msgs/share/px4_msgs/msg/DifferentialPressure.msg
[9.334s] -- Up-to-date: /home/maizaied03/ros2_ws/install/px4_msgs/share/px4_msgs/msg/DistanceSensor.msg
[9.334s] -- Up-to-date: /home/maizaied03/ros2_ws/install/px4_msgs/share/px4_msgs/msg/DistanceSensorModeChangeRequest.msg
[9.334s] -- Up-to-date: /home/maizaied03/ros2_ws/install/px4_msgs/share/px4_msgs/msg/DronecanNodeStatus.msg
[9.334s] -- Up-to-date: /home/maizaied03/ros2_ws/install/px4_msgs/share/px4_msgs/msg/Ekf2Timestamps.msg
[9.334s] -- Up-to-date: /home/maizaied03/ros2_ws/install/px4_msgs/share/px4_msgs/msg/EscReport.msg
[9.334s] -- Up-to-date: /home/maizaied03/ros2_ws/install/px4_msgs/share/px4_msgs/msg/EscStatus.msg
[9.334s] -- Up-to-date: /home/maizaied03/ros2_ws/install/px4_msgs/share/px4_msgs/msg/EstimatorAidSource1d.msg
[9.334s] -- Up-to-date: /home/maizaied03/ros2_ws/install/px4_msgs/share/px4_msgs/msg/EstimatorAidSource2d.msg
[9.334s] -- Up-to-date: /home/maizaied03/ros2_ws/install/px4_msgs/share/px4_msgs/msg/EstimatorAidSource3d.msg
[9.334s] -- Up-to-date: /home/maizaied03/ros2_ws/install/px4_msgs/share/px4_msgs/msg/EstimatorBias.msg
[9.334s] -- Up-to-date: /home/maizaied03/ros2_ws/install/px4_msgs/share/px4_msgs/msg/EstimatorBias3d.msg
[9.334s] -- Up-to-date: /home/maizaied03/ros2_ws/install/px4_msgs/share/px4_msgs/msg/EstimatorEventFlags.msg
[9.334s] -- Up-to-date: /home/maizaied03/ros2_ws/install/px4_msgs/share/px4_msgs/msg/EstimatorGpsStatus.msg
[9.334s] -- Up-to-date: /home/maizaied03/ros2_ws/install/px4_msgs/share/px4_msgs/msg/EstimatorInnovations.msg
[9.335s] -- Up-to-date: /home/maizaied03/ros2_ws/install/px4_msgs/share/px4_msgs/msg/EstimatorSelectorStatus.msg
[9.335s] -- Up-to-date: /home/maizaied03/ros2_ws/install/px4_msgs/share/px4_msgs/msg/EstimatorSensorBias.msg
[9.335s] -- Up-to-date: /home/maizaied03/ros2_ws/install/px4_msgs/share/px4_msgs/msg/EstimatorStates.msg
[9.335s] -- Up-to-date: /home/maizaied03/ros2_ws/install/px4_msgs/share/px4_msgs/msg/EstimatorStatus.msg
[9.335s] -- Up-to-date: /home/maizaied03/ros2_ws/install/px4_msgs/share/px4_msgs/msg/EstimatorStatusFlags.msg
[9.335s] -- Up-to-date: /home/maizaied03/ros2_ws/install/px4_msgs/share/px4_msgs/msg/Event.msg
[9.335s] -- Up-to-date: /home/maizaied03/ros2_ws/install/px4_msgs/share/px4_msgs/msg/FailsafeFlags.msg
[9.336s] -- Up-to-date: /home/maizaied03/ros2_ws/install/px4_msgs/share/px4_msgs/msg/FailureDetectorStatus.msg
[9.336s] -- Up-to-date: /home/maizaied03/ros2_ws/install/px4_msgs/share/px4_msgs/msg/FigureEightStatus.msg
[9.336s] -- Up-to-date: /home/maizaied03/ros2_ws/install/px4_msgs/share/px4_msgs/msg/FixedWingLateralGuidanceStatus.msg
[9.336s] -- Up-to-date: /home/maizaied03/ros2_ws/install/px4_msgs/share/px4_msgs/msg/FixedWingLateralSetpoint.msg
[9.337s] -- Up-to-date: /home/maizaied03/ros2_ws/install/px4_msgs/share/px4_msgs/msg/FixedWingLateralStatus.msg
[9.337s] -- Up-to-date: /home/maizaied03/ros2_ws/install/px4_msgs/share/px4_msgs/msg/FixedWingLongitudinalSetpoint.msg
[9.337s] -- Up-to-date: /home/maizaied03/ros2_ws/install/px4_msgs/share/px4_msgs/msg/FixedWingRunwayControl.msg
[9.337s] -- Up-to-date: /home/maizaied03/ros2_ws/install/px4_msgs/share/px4_msgs/msg/FlightPhaseEstimation.msg
[9.338s] -- Up-to-date: /home/maizaied03/ros2_ws/install/px4_msgs/share/px4_msgs/msg/FollowTarget.msg
[9.338s] -- Up-to-date: /home/maizaied03/ros2_ws/install/px4_msgs/share/px4_msgs/msg/FollowTargetEstimator.msg
[9.338s] -- Up-to-date: /home/maizaied03/ros2_ws/install/px4_msgs/share/px4_msgs/msg/FollowTargetStatus.msg
[9.339s] -- Up-to-date: /home/maizaied03/ros2_ws/install/px4_msgs/share/px4_msgs/msg/FuelTankStatus.msg
[9.339s] -- Up-to-date: /home/maizaied03/ros2_ws/install/px4_msgs/share/px4_msgs/msg/GainCompression.msg
[9.339s] -- Up-to-date: /home/maizaied03/ros2_ws/install/px4_msgs/share/px4_msgs/msg/GeneratorStatus.msg
[9.339s] -- Up-to-date: /home/maizaied03/ros2_ws/install/px4_msgs/share/px4_msgs/msg/GeofenceResult.msg
[9.340s] -- Up-to-date: /home/maizaied03/ros2_ws/install/px4_msgs/share/px4_msgs/msg/GeofenceStatus.msg
[9.340s] -- Up-to-date: /home/maizaied03/ros2_ws/install/px4_msgs/share/px4_msgs/msg/GimbalControls.msg
[9.340s] -- Up-to-date: /home/maizaied03/ros2_ws/install/px4_msgs/share/px4_msgs/msg/GimbalDeviceAttitudeStatus.msg
[9.340s] -- Up-to-date: /home/maizaied03/ros2_ws/install/px4_msgs/share/px4_msgs/msg/GimbalDeviceInformation.msg
[9.341s] -- Up-to-date: /home/maizaied03/ros2_ws/install/px4_msgs/share/px4_msgs/msg/GimbalDeviceSetAttitude.msg
[9.341s] -- Up-to-date: /home/maizaied03/ros2_ws/install/px4_msgs/share/px4_msgs/msg/GimbalManagerInformation.msg
[9.341s] -- Up-to-date: /home/maizaied03/ros2_ws/install/px4_msgs/share/px4_msgs/msg/GimbalManagerSetAttitude.msg
[9.341s] -- Up-to-date: /home/maizaied03/ros2_ws/install/px4_msgs/share/px4_msgs/msg/GimbalManagerSetManualControl.msg
[9.342s] -- Up-to-date: /home/maizaied03/ros2_ws/install/px4_msgs/share/px4_msgs/msg/GimbalManagerStatus.msg
[9.342s] -- Up-to-date: /home/maizaied03/ros2_ws/install/px4_msgs/share/px4_msgs/msg/GotoSetpoint.msg
[9.342s] -- Up-to-date: /home/maizaied03/ros2_ws/install/px4_msgs/share/px4_msgs/msg/GpioConfig.msg
[9.343s] -- Up-to-date: /home/maizaied03/ros2_ws/install/px4_msgs/share/px4_msgs/msg/GpioIn.msg
[9.343s] -- Up-to-date: /home/maizaied03/ros2_ws/install/px4_msgs/share/px4_msgs/msg/GpioOut.msg
[9.343s] -- Up-to-date: /home/maizaied03/ros2_ws/install/px4_msgs/share/px4_msgs/msg/GpioRequest.msg
[9.343s] -- Up-to-date: /home/maizaied03/ros2_ws/install/px4_msgs/share/px4_msgs/msg/GpsDump.msg
[9.344s] -- Up-to-date: /home/maizaied03/ros2_ws/install/px4_msgs/share/px4_msgs/msg/GpsInjectData.msg
[9.344s] -- Up-to-date: /home/maizaied03/ros2_ws/install/px4_msgs/share/px4_msgs/msg/Gripper.msg
[9.344s] -- Up-to-date: /home/maizaied03/ros2_ws/install/px4_msgs/share/px4_msgs/msg/HealthReport.msg
[9.345s] -- Up-to-date: /home/maizaied03/ros2_ws/install/px4_msgs/share/px4_msgs/msg/HeaterStatus.msg
[9.345s] -- Up-to-date: /home/maizaied03/ros2_ws/install/px4_msgs/share/px4_msgs/msg/HomePosition.msg
[9.345s] -- Up-to-date: /home/maizaied03/ros2_ws/install/px4_msgs/share/px4_msgs/msg/HoverThrustEstimate.msg
[9.345s] -- Up-to-date: /home/maizaied03/ros2_ws/install/px4_msgs/share/px4_msgs/msg/InputRc.msg
[9.346s] -- Up-to-date: /home/maizaied03/ros2_ws/install/px4_msgs/share/px4_msgs/msg/InternalCombustionEngineControl.msg
[9.346s] -- Up-to-date: /home/maizaied03/ros2_ws/install/px4_msgs/share/px4_msgs/msg/InternalCombustionEngineStatus.msg
[9.346s] -- Up-to-date: /home/maizaied03/ros2_ws/install/px4_msgs/share/px4_msgs/msg/IridiumsbdStatus.msg
[9.346s] -- Up-to-date: /home/maizaied03/ros2_ws/install/px4_msgs/share/px4_msgs/msg/IrlockReport.msg
[9.347s] -- Up-to-date: /home/maizaied03/ros2_ws/install/px4_msgs/share/px4_msgs/msg/LandingGear.msg
[9.347s] -- Up-to-date: /home/maizaied03/ros2_ws/install/px4_msgs/share/px4_msgs/msg/LandingGearWheel.msg
[9.347s] -- Up-to-date: /home/maizaied03/ros2_ws/install/px4_msgs/share/px4_msgs/msg/LandingTargetInnovations.msg
[9.347s] -- Up-to-date: /home/maizaied03/ros2_ws/install/px4_msgs/share/px4_msgs/msg/LandingTargetPose.msg
[9.348s] -- Up-to-date: /home/maizaied03/ros2_ws/install/px4_msgs/share/px4_msgs/msg/LateralControlConfiguration.msg
[9.348s] -- Up-to-date: /home/maizaied03/ros2_ws/install/px4_msgs/share/px4_msgs/msg/LaunchDetectionStatus.msg
[9.348s] -- Up-to-date: /home/maizaied03/ros2_ws/install/px4_msgs/share/px4_msgs/msg/LedControl.msg
[9.348s] -- Up-to-date: /home/maizaied03/ros2_ws/install/px4_msgs/share/px4_msgs/msg/LogMessage.msg
[9.349s] -- Up-to-date: /home/maizaied03/ros2_ws/install/px4_msgs/share/px4_msgs/msg/LoggerStatus.msg
[9.349s] -- Up-to-date: /home/maizaied03/ros2_ws/install/px4_msgs/share/px4_msgs/msg/LongitudinalControlConfiguration.msg
[9.349s] -- Up-to-date: /home/maizaied03/ros2_ws/install/px4_msgs/share/px4_msgs/msg/MagWorkerData.msg
[9.349s] -- Up-to-date: /home/maizaied03/ros2_ws/install/px4_msgs/share/px4_msgs/msg/MagnetometerBiasEstimate.msg
[9.350s] -- Up-to-date: /home/maizaied03/ros2_ws/install/px4_msgs/share/px4_msgs/msg/ManualControlSetpoint.msg
[9.350s] -- Up-to-date: /home/maizaied03/ros2_ws/install/px4_msgs/share/px4_msgs/msg/ManualControlSwitches.msg
[9.350s] -- Up-to-date: /home/maizaied03/ros2_ws/install/px4_msgs/share/px4_msgs/msg/MavlinkLog.msg
[9.351s] -- Up-to-date: /home/maizaied03/ros2_ws/install/px4_msgs/share/px4_msgs/msg/MavlinkTunnel.msg
[9.351s] -- Up-to-date: /home/maizaied03/ros2_ws/install/px4_msgs/share/px4_msgs/msg/MessageFormatRequest.msg
[9.351s] -- Up-to-date: /home/maizaied03/ros2_ws/install/px4_msgs/share/px4_msgs/msg/MessageFormatResponse.msg
[9.351s] -- Up-to-date: /home/maizaied03/ros2_ws/install/px4_msgs/share/px4_msgs/msg/Mission.msg
[9.352s] -- Up-to-date: /home/maizaied03/ros2_ws/install/px4_msgs/share/px4_msgs/msg/MissionResult.msg
[9.352s] -- Up-to-date: /home/maizaied03/ros2_ws/install/px4_msgs/share/px4_msgs/msg/ModeCompleted.msg
[9.352s] -- Up-to-date: /home/maizaied03/ros2_ws/install/px4_msgs/share/px4_msgs/msg/MountOrientation.msg
[9.353s] -- Up-to-date: /home/maizaied03/ros2_ws/install/px4_msgs/share/px4_msgs/msg/NavigatorMissionItem.msg
[9.353s] -- Up-to-date: /home/maizaied03/ros2_ws/install/px4_msgs/share/px4_msgs/msg/NavigatorStatus.msg
[9.354s] -- Up-to-date: /home/maizaied03/ros2_ws/install/px4_msgs/share/px4_msgs/msg/NeuralControl.msg
[9.354s] -- Up-to-date: /home/maizaied03/ros2_ws/install/px4_msgs/share/px4_msgs/msg/NormalizedUnsignedSetpoint.msg
[9.354s] -- Up-to-date: /home/maizaied03/ros2_ws/install/px4_msgs/share/px4_msgs/msg/ObstacleDistance.msg
[9.354s] -- Up-to-date: /home/maizaied03/ros2_ws/install/px4_msgs/share/px4_msgs/msg/OffboardControlMode.msg
[9.355s] -- Up-to-date: /home/maizaied03/ros2_ws/install/px4_msgs/share/px4_msgs/msg/OnboardComputerStatus.msg
[9.355s] -- Up-to-date: /home/maizaied03/ros2_ws/install/px4_msgs/share/px4_msgs/msg/OpenDroneIdArmStatus.msg
[9.355s] -- Up-to-date: /home/maizaied03/ros2_ws/install/px4_msgs/share/px4_msgs/msg/OpenDroneIdOperatorId.msg
[9.355s] -- Up-to-date: /home/maizaied03/ros2_ws/install/px4_msgs/share/px4_msgs/msg/OpenDroneIdSelfId.msg
[9.356s] -- Up-to-date: /home/maizaied03/ros2_ws/install/px4_msgs/share/px4_msgs/msg/OpenDroneIdSystem.msg
[9.356s] -- Up-to-date: /home/maizaied03/ros2_ws/install/px4_msgs/share/px4_msgs/msg/OrbTest.msg
[9.356s] -- Up-to-date: /home/maizaied03/ros2_ws/install/px4_msgs/share/px4_msgs/msg/OrbTestLarge.msg
[9.357s] -- Up-to-date: /home/maizaied03/ros2_ws/install/px4_msgs/share/px4_msgs/msg/OrbTestMedium.msg
[9.357s] -- Up-to-date: /home/maizaied03/ros2_ws/install/px4_msgs/share/px4_msgs/msg/OrbitStatus.msg
[9.357s] -- Up-to-date: /home/maizaied03/ros2_ws/install/px4_msgs/share/px4_msgs/msg/ParameterResetRequest.msg
[9.357s] -- Up-to-date: /home/maizaied03/ros2_ws/install/px4_msgs/share/px4_msgs/msg/ParameterSetUsedRequest.msg
[9.358s] -- Up-to-date: /home/maizaied03/ros2_ws/install/px4_msgs/share/px4_msgs/msg/ParameterSetValueRequest.msg
[9.358s] -- Up-to-date: /home/maizaied03/ros2_ws/install/px4_msgs/share/px4_msgs/msg/ParameterSetValueResponse.msg
[9.358s] -- Up-to-date: /home/maizaied03/ros2_ws/install/px4_msgs/share/px4_msgs/msg/ParameterUpdate.msg
[9.358s] -- Up-to-date: /home/maizaied03/ros2_ws/install/px4_msgs/share/px4_msgs/msg/Ping.msg
[9.359s] -- Up-to-date: /home/maizaied03/ros2_ws/install/px4_msgs/share/px4_msgs/msg/PositionControllerLandingStatus.msg
[9.359s] -- Up-to-date: /home/maizaied03/ros2_ws/install/px4_msgs/share/px4_msgs/msg/PositionControllerStatus.msg
[9.360s] -- Up-to-date: /home/maizaied03/ros2_ws/install/px4_msgs/share/px4_msgs/msg/PositionSetpoint.msg
[9.360s] -- Up-to-date: /home/maizaied03/ros2_ws/install/px4_msgs/share/px4_msgs/msg/PositionSetpointTriplet.msg
[9.360s] -- Up-to-date: /home/maizaied03/ros2_ws/install/px4_msgs/share/px4_msgs/msg/PowerButtonState.msg
[9.361s] -- Up-to-date: /home/maizaied03/ros2_ws/install/px4_msgs/share/px4_msgs/msg/PowerMonitor.msg
[9.361s] -- Up-to-date: /home/maizaied03/ros2_ws/install/px4_msgs/share/px4_msgs/msg/PpsCapture.msg
[9.361s] -- Up-to-date: /home/maizaied03/ros2_ws/install/px4_msgs/share/px4_msgs/msg/PurePursuitStatus.msg
[9.361s] -- Up-to-date: /home/maizaied03/ros2_ws/install/px4_msgs/share/px4_msgs/msg/PwmInput.msg
[9.362s] -- Up-to-date: /home/maizaied03/ros2_ws/install/px4_msgs/share/px4_msgs/msg/Px4ioStatus.msg
[9.362s] -- Up-to-date: /home/maizaied03/ros2_ws/install/px4_msgs/share/px4_msgs/msg/QshellReq.msg
[9.362s] -- Up-to-date: /home/maizaied03/ros2_ws/install/px4_msgs/share/px4_msgs/msg/QshellRetval.msg
[9.362s] -- Up-to-date: /home/maizaied03/ros2_ws/install/px4_msgs/share/px4_msgs/msg/RadioStatus.msg
[9.363s] -- Up-to-date: /home/maizaied03/ros2_ws/install/px4_msgs/share/px4_msgs/msg/RaptorInput.msg
[9.363s] -- Up-to-date: /home/maizaied03/ros2_ws/install/px4_msgs/share/px4_msgs/msg/RaptorStatus.msg
[9.363s] -- Up-to-date: /home/maizaied03/ros2_ws/install/px4_msgs/share/px4_msgs/msg/RateCtrlStatus.msg
[9.363s] -- Up-to-date: /home/maizaied03/ros2_ws/install/px4_msgs/share/px4_msgs/msg/RcChannels.msg
[9.364s] -- Up-to-date: /home/maizaied03/ros2_ws/install/px4_msgs/share/px4_msgs/msg/RcParameterMap.msg
[9.364s] -- Up-to-date: /home/maizaied03/ros2_ws/install/px4_msgs/share/px4_msgs/msg/RegisterExtComponentReply.msg
[9.364s] -- Up-to-date: /home/maizaied03/ros2_ws/install/px4_msgs/share/px4_msgs/msg/RegisterExtComponentRequest.msg
[9.364s] -- Up-to-date: /home/maizaied03/ros2_ws/install/px4_msgs/share/px4_msgs/msg/RoverAttitudeSetpoint.msg
[9.365s] -- Up-to-date: /home/maizaied03/ros2_ws/install/px4_msgs/share/px4_msgs/msg/RoverAttitudeStatus.msg
[9.365s] -- Up-to-date: /home/maizaied03/ros2_ws/install/px4_msgs/share/px4_msgs/msg/RoverPositionSetpoint.msg
[9.365s] -- Up-to-date: /home/maizaied03/ros2_ws/install/px4_msgs/share/px4_msgs/msg/RoverRateSetpoint.msg
[9.366s] -- Up-to-date: /home/maizaied03/ros2_ws/install/px4_msgs/share/px4_msgs/msg/RoverRateStatus.msg
[9.366s] -- Up-to-date: /home/maizaied03/ros2_ws/install/px4_msgs/share/px4_msgs/msg/RoverSpeedSetpoint.msg
[9.366s] -- Up-to-date: /home/maizaied03/ros2_ws/install/px4_msgs/share/px4_msgs/msg/RoverSpeedStatus.msg
[9.367s] -- Up-to-date: /home/maizaied03/ros2_ws/install/px4_msgs/share/px4_msgs/msg/RoverSteeringSetpoint.msg
[9.367s] -- Up-to-date: /home/maizaied03/ros2_ws/install/px4_msgs/share/px4_msgs/msg/RoverThrottleSetpoint.msg
[9.367s] -- Up-to-date: /home/maizaied03/ros2_ws/install/px4_msgs/share/px4_msgs/msg/Rpm.msg
[9.367s] -- Up-to-date: /home/maizaied03/ros2_ws/install/px4_msgs/share/px4_msgs/msg/RtlStatus.msg
[9.368s] -- Up-to-date: /home/maizaied03/ros2_ws/install/px4_msgs/share/px4_msgs/msg/RtlTimeEstimate.msg
[9.368s] -- Up-to-date: /home/maizaied03/ros2_ws/install/px4_msgs/share/px4_msgs/msg/SatelliteInfo.msg
[9.368s] -- Up-to-date: /home/maizaied03/ros2_ws/install/px4_msgs/share/px4_msgs/msg/SensorAccel.msg
[9.368s] -- Up-to-date: /home/maizaied03/ros2_ws/install/px4_msgs/share/px4_msgs/msg/SensorAccelFifo.msg
[9.369s] -- Up-to-date: /home/maizaied03/ros2_ws/install/px4_msgs/share/px4_msgs/msg/SensorAirflow.msg
[9.369s] -- Up-to-date: /home/maizaied03/ros2_ws/install/px4_msgs/share/px4_msgs/msg/SensorBaro.msg
[9.369s] -- Up-to-date: /home/maizaied03/ros2_ws/install/px4_msgs/share/px4_msgs/msg/SensorCombined.msg
[9.370s] -- Up-to-date: /home/maizaied03/ros2_ws/install/px4_msgs/share/px4_msgs/msg/SensorCorrection.msg
[9.370s] -- Up-to-date: /home/maizaied03/ros2_ws/install/px4_msgs/share/px4_msgs/msg/SensorGnssRelative.msg
[9.370s] -- Up-to-date: /home/maizaied03/ros2_ws/install/px4_msgs/share/px4_msgs/msg/SensorGnssStatus.msg
[9.370s] -- Up-to-date: /home/maizaied03/ros2_ws/install/px4_msgs/share/px4_msgs/msg/SensorGps.msg
[9.371s] -- Up-to-date: /home/maizaied03/ros2_ws/install/px4_msgs/share/px4_msgs/msg/SensorGyro.msg
[9.371s] -- Up-to-date: /home/maizaied03/ros2_ws/install/px4_msgs/share/px4_msgs/msg/SensorGyroFft.msg
[9.371s] -- Up-to-date: /home/maizaied03/ros2_ws/install/px4_msgs/share/px4_msgs/msg/SensorGyroFifo.msg
[9.371s] -- Up-to-date: /home/maizaied03/ros2_ws/install/px4_msgs/share/px4_msgs/msg/SensorHygrometer.msg
[9.372s] -- Up-to-date: /home/maizaied03/ros2_ws/install/px4_msgs/share/px4_msgs/msg/SensorMag.msg
[9.372s] -- Up-to-date: /home/maizaied03/ros2_ws/install/px4_msgs/share/px4_msgs/msg/SensorOpticalFlow.msg
[9.372s] -- Up-to-date: /home/maizaied03/ros2_ws/install/px4_msgs/share/px4_msgs/msg/SensorPreflightMag.msg
[9.373s] -- Up-to-date: /home/maizaied03/ros2_ws/install/px4_msgs/share/px4_msgs/msg/SensorSelection.msg
[9.373s] -- Up-to-date: /home/maizaied03/ros2_ws/install/px4_msgs/share/px4_msgs/msg/SensorTemp.msg
[9.373s] -- Up-to-date: /home/maizaied03/ros2_ws/install/px4_msgs/share/px4_msgs/msg/SensorUwb.msg
[9.373s] -- Up-to-date: /home/maizaied03/ros2_ws/install/px4_msgs/share/px4_msgs/msg/SensorsStatus.msg
[9.374s] -- Up-to-date: /home/maizaied03/ros2_ws/install/px4_msgs/share/px4_msgs/msg/SensorsStatusImu.msg
[9.374s] -- Up-to-date: /home/maizaied03/ros2_ws/install/px4_msgs/share/px4_msgs/msg/SystemPower.msg
[9.374s] -- Up-to-date: /home/maizaied03/ros2_ws/install/px4_msgs/share/px4_msgs/msg/TakeoffStatus.msg
[9.375s] -- Up-to-date: /home/maizaied03/ros2_ws/install/px4_msgs/share/px4_msgs/msg/TaskStackInfo.msg
[9.375s] -- Up-to-date: /home/maizaied03/ros2_ws/install/px4_msgs/share/px4_msgs/msg/TecsStatus.msg
[9.375s] -- Up-to-date: /home/maizaied03/ros2_ws/install/px4_msgs/share/px4_msgs/msg/TelemetryStatus.msg
[9.375s] -- Up-to-date: /home/maizaied03/ros2_ws/install/px4_msgs/share/px4_msgs/msg/TiltrotorExtraControls.msg
[9.376s] -- Up-to-date: /home/maizaied03/ros2_ws/install/px4_msgs/share/px4_msgs/msg/TimesyncStatus.msg
[9.376s] -- Up-to-date: /home/maizaied03/ros2_ws/install/px4_msgs/share/px4_msgs/msg/TrajectorySetpoint.msg
[9.376s] -- Up-to-date: /home/maizaied03/ros2_ws/install/px4_msgs/share/px4_msgs/msg/TrajectorySetpoint6dof.msg
[9.376s] -- Up-to-date: /home/maizaied03/ros2_ws/install/px4_msgs/share/px4_msgs/msg/TransponderReport.msg
[9.377s] -- Up-to-date: /home/maizaied03/ros2_ws/install/px4_msgs/share/px4_msgs/msg/TuneControl.msg
[9.377s] -- Up-to-date: /home/maizaied03/ros2_ws/install/px4_msgs/share/px4_msgs/msg/UavcanParameterRequest.msg
[9.377s] -- Up-to-date: /home/maizaied03/ros2_ws/install/px4_msgs/share/px4_msgs/msg/UavcanParameterValue.msg
[9.377s] -- Up-to-date: /home/maizaied03/ros2_ws/install/px4_msgs/share/px4_msgs/msg/UlogStream.msg
[9.378s] -- Up-to-date: /home/maizaied03/ros2_ws/install/px4_msgs/share/px4_msgs/msg/UlogStreamAck.msg
[9.378s] -- Up-to-date: /home/maizaied03/ros2_ws/install/px4_msgs/share/px4_msgs/msg/UnregisterExtComponent.msg
[9.379s] -- Up-to-date: /home/maizaied03/ros2_ws/install/px4_msgs/share/px4_msgs/msg/VehicleAcceleration.msg
[9.379s] -- Up-to-date: /home/maizaied03/ros2_ws/install/px4_msgs/share/px4_msgs/msg/VehicleAirData.msg
[9.379s] -- Up-to-date: /home/maizaied03/ros2_ws/install/px4_msgs/share/px4_msgs/msg/VehicleAngularAccelerationSetpoint.msg
[9.379s] -- Up-to-date: /home/maizaied03/ros2_ws/install/px4_msgs/share/px4_msgs/msg/VehicleAngularVelocity.msg
[9.380s] -- Up-to-date: /home/maizaied03/ros2_ws/install/px4_msgs/share/px4_msgs/msg/VehicleAttitude.msg
[9.380s] -- Up-to-date: /home/maizaied03/ros2_ws/install/px4_msgs/share/px4_msgs/msg/VehicleAttitudeSetpoint.msg
[9.380s] -- Up-to-date: /home/maizaied03/ros2_ws/install/px4_msgs/share/px4_msgs/msg/VehicleCommand.msg
[9.381s] -- Up-to-date: /home/maizaied03/ros2_ws/install/px4_msgs/share/px4_msgs/msg/VehicleCommandAck.msg
[9.381s] -- Up-to-date: /home/maizaied03/ros2_ws/install/px4_msgs/share/px4_msgs/msg/VehicleConstraints.msg
[9.381s] -- Up-to-date: /home/maizaied03/ros2_ws/install/px4_msgs/share/px4_msgs/msg/VehicleControlMode.msg
[9.381s] -- Up-to-date: /home/maizaied03/ros2_ws/install/px4_msgs/share/px4_msgs/msg/VehicleGlobalPosition.msg
[9.382s] -- Up-to-date: /home/maizaied03/ros2_ws/install/px4_msgs/share/px4_msgs/msg/VehicleImu.msg
[9.382s] -- Up-to-date: /home/maizaied03/ros2_ws/install/px4_msgs/share/px4_msgs/msg/VehicleImuStatus.msg
[9.382s] -- Up-to-date: /home/maizaied03/ros2_ws/install/px4_msgs/share/px4_msgs/msg/VehicleLandDetected.msg
[9.383s] -- Up-to-date: /home/maizaied03/ros2_ws/install/px4_msgs/share/px4_msgs/msg/VehicleLocalPosition.msg
[9.383s] -- Up-to-date: /home/maizaied03/ros2_ws/install/px4_msgs/share/px4_msgs/msg/VehicleLocalPositionSetpoint.msg
[9.383s] -- Up-to-date: /home/maizaied03/ros2_ws/install/px4_msgs/share/px4_msgs/msg/VehicleMagnetometer.msg
[9.383s] -- Up-to-date: /home/maizaied03/ros2_ws/install/px4_msgs/share/px4_msgs/msg/VehicleOdometry.msg
[9.384s] -- Up-to-date: /home/maizaied03/ros2_ws/install/px4_msgs/share/px4_msgs/msg/VehicleOpticalFlow.msg
[9.384s] -- Up-to-date: /home/maizaied03/ros2_ws/install/px4_msgs/share/px4_msgs/msg/VehicleOpticalFlowVel.msg
[9.384s] -- Up-to-date: /home/maizaied03/ros2_ws/install/px4_msgs/share/px4_msgs/msg/VehicleRatesSetpoint.msg
[9.385s] -- Up-to-date: /home/maizaied03/ros2_ws/install/px4_msgs/share/px4_msgs/msg/VehicleRoi.msg
[9.385s] -- Up-to-date: /home/maizaied03/ros2_ws/install/px4_msgs/share/px4_msgs/msg/VehicleStatus.msg
[9.385s] -- Up-to-date: /home/maizaied03/ros2_ws/install/px4_msgs/share/px4_msgs/msg/VehicleThrustSetpoint.msg
[9.385s] -- Up-to-date: /home/maizaied03/ros2_ws/install/px4_msgs/share/px4_msgs/msg/VehicleTorqueSetpoint.msg
[9.386s] -- Up-to-date: /home/maizaied03/ros2_ws/install/px4_msgs/share/px4_msgs/msg/VelocityLimits.msg
[9.386s] -- Up-to-date: /home/maizaied03/ros2_ws/install/px4_msgs/share/px4_msgs/msg/VtolVehicleStatus.msg
[9.386s] -- Up-to-date: /home/maizaied03/ros2_ws/install/px4_msgs/share/px4_msgs/msg/Vtx.msg
[9.387s] -- Up-to-date: /home/maizaied03/ros2_ws/install/px4_msgs/share/px4_msgs/msg/WheelEncoders.msg
[9.387s] -- Up-to-date: /home/maizaied03/ros2_ws/install/px4_msgs/share/px4_msgs/msg/Wind.msg
[9.387s] -- Up-to-date: /home/maizaied03/ros2_ws/install/px4_msgs/share/px4_msgs/msg/YawEstimatorStatus.msg
[9.388s] -- Up-to-date: /home/maizaied03/ros2_ws/install/px4_msgs/share/px4_msgs/srv/VehicleCommand.srv
[9.388s] -- Up-to-date: /home/maizaied03/ros2_ws/install/px4_msgs/share/px4_msgs/srv/VehicleCommand_Request.msg
[9.388s] -- Up-to-date: /home/maizaied03/ros2_ws/install/px4_msgs/share/px4_msgs/srv/VehicleCommand_Response.msg
[9.389s] -- Up-to-date: /home/maizaied03/ros2_ws/install/px4_msgs/share/ament_index/resource_index/package_run_dependencies/px4_msgs
[9.389s] -- Up-to-date: /home/maizaied03/ros2_ws/install/px4_msgs/share/ament_index/resource_index/parent_prefix_path/px4_msgs
[9.389s] -- Up-to-date: /home/maizaied03/ros2_ws/install/px4_msgs/share/px4_msgs/environment/ament_prefix_path.sh
[9.389s] -- Up-to-date: /home/maizaied03/ros2_ws/install/px4_msgs/share/px4_msgs/environment/ament_prefix_path.dsv
[9.390s] -- Up-to-date: /home/maizaied03/ros2_ws/install/px4_msgs/share/px4_msgs/environment/path.sh
[9.390s] -- Up-to-date: /home/maizaied03/ros2_ws/install/px4_msgs/share/px4_msgs/environment/path.dsv
[9.390s] -- Up-to-date: /home/maizaied03/ros2_ws/install/px4_msgs/share/px4_msgs/local_setup.bash
[9.391s] -- Up-to-date: /home/maizaied03/ros2_ws/install/px4_msgs/share/px4_msgs/local_setup.sh
[9.391s] -- Up-to-date: /home/maizaied03/ros2_ws/install/px4_msgs/share/px4_msgs/local_setup.zsh
[9.391s] -- Up-to-date: /home/maizaied03/ros2_ws/install/px4_msgs/share/px4_msgs/local_setup.dsv
[9.391s] -- Installing: /home/maizaied03/ros2_ws/install/px4_msgs/share/px4_msgs/package.dsv
[9.393s] -- Up-to-date: /home/maizaied03/ros2_ws/install/px4_msgs/share/ament_index/resource_index/packages/px4_msgs
[9.393s] -- Up-to-date: /home/maizaied03/ros2_ws/install/px4_msgs/share/px4_msgs/cmake/export_px4_msgs__rosidl_generator_cExport.cmake
[9.394s] -- Up-to-date: /home/maizaied03/ros2_ws/install/px4_msgs/share/px4_msgs/cmake/export_px4_msgs__rosidl_generator_cExport-noconfig.cmake
[9.395s] -- Up-to-date: /home/maizaied03/ros2_ws/install/px4_msgs/share/px4_msgs/cmake/export_px4_msgs__rosidl_typesupport_fastrtps_cExport.cmake
[9.395s] -- Up-to-date: /home/maizaied03/ros2_ws/install/px4_msgs/share/px4_msgs/cmake/export_px4_msgs__rosidl_typesupport_fastrtps_cExport-noconfig.cmake
[9.395s] -- Up-to-date: /home/maizaied03/ros2_ws/install/px4_msgs/share/px4_msgs/cmake/export_px4_msgs__rosidl_generator_cppExport.cmake
[9.396s] -- Up-to-date: /home/maizaied03/ros2_ws/install/px4_msgs/share/px4_msgs/cmake/export_px4_msgs__rosidl_typesupport_fastrtps_cppExport.cmake
[9.397s] -- Up-to-date: /home/maizaied03/ros2_ws/install/px4_msgs/share/px4_msgs/cmake/export_px4_msgs__rosidl_typesupport_fastrtps_cppExport-noconfig.cmake
[9.397s] -- Up-to-date: /home/maizaied03/ros2_ws/install/px4_msgs/share/px4_msgs/cmake/px4_msgs__rosidl_typesupport_introspection_cExport.cmake
[9.398s] -- Up-to-date: /home/maizaied03/ros2_ws/install/px4_msgs/share/px4_msgs/cmake/px4_msgs__rosidl_typesupport_introspection_cExport-noconfig.cmake
[9.399s] -- Up-to-date: /home/maizaied03/ros2_ws/install/px4_msgs/share/px4_msgs/cmake/px4_msgs__rosidl_typesupport_cExport.cmake
[9.399s] -- Up-to-date: /home/maizaied03/ros2_ws/install/px4_msgs/share/px4_msgs/cmake/px4_msgs__rosidl_typesupport_cExport-noconfig.cmake
[9.400s] -- Up-to-date: /home/maizaied03/ros2_ws/install/px4_msgs/share/px4_msgs/cmake/px4_msgs__rosidl_typesupport_introspection_cppExport.cmake
[9.400s] -- Up-to-date: /home/maizaied03/ros2_ws/install/px4_msgs/share/px4_msgs/cmake/px4_msgs__rosidl_typesupport_introspection_cppExport-noconfig.cmake
[9.402s] -- Up-to-date: /home/maizaied03/ros2_ws/install/px4_msgs/share/px4_msgs/cmake/px4_msgs__rosidl_typesupport_cppExport.cmake
[9.402s] -- Up-to-date: /home/maizaied03/ros2_ws/install/px4_msgs/share/px4_msgs/cmake/px4_msgs__rosidl_typesupport_cppExport-noconfig.cmake
[9.403s] -- Up-to-date: /home/maizaied03/ros2_ws/install/px4_msgs/share/px4_msgs/cmake/export_px4_msgs__rosidl_generator_pyExport.cmake
[9.404s] -- Up-to-date: /home/maizaied03/ros2_ws/install/px4_msgs/share/px4_msgs/cmake/export_px4_msgs__rosidl_generator_pyExport-noconfig.cmake
[9.405s] -- Up-to-date: /home/maizaied03/ros2_ws/install/px4_msgs/share/px4_msgs/cmake/rosidl_cmake-extras.cmake
[9.405s] -- Up-to-date: /home/maizaied03/ros2_ws/install/px4_msgs/share/px4_msgs/cmake/ament_cmake_export_dependencies-extras.cmake
[9.406s] -- Up-to-date: /home/maizaied03/ros2_ws/install/px4_msgs/share/px4_msgs/cmake/ament_cmake_export_include_directories-extras.cmake
[9.406s] -- Up-to-date: /home/maizaied03/ros2_ws/install/px4_msgs/share/px4_msgs/cmake/ament_cmake_export_libraries-extras.cmake
[9.407s] -- Up-to-date: /home/maizaied03/ros2_ws/install/px4_msgs/share/px4_msgs/cmake/ament_cmake_export_targets-extras.cmake
[9.407s] -- Up-to-date: /home/maizaied03/ros2_ws/install/px4_msgs/share/px4_msgs/cmake/rosidl_cmake_export_typesupport_targets-extras.cmake
[9.408s] -- Up-to-date: /home/maizaied03/ros2_ws/install/px4_msgs/share/px4_msgs/cmake/rosidl_cmake_export_typesupport_libraries-extras.cmake
[9.408s] -- Up-to-date: /home/maizaied03/ros2_ws/install/px4_msgs/share/px4_msgs/cmake/px4_msgsConfig.cmake
[9.408s] -- Up-to-date: /home/maizaied03/ros2_ws/install/px4_msgs/share/px4_msgs/cmake/px4_msgsConfig-version.cmake
[9.409s] -- Up-to-date: /home/maizaied03/ros2_ws/install/px4_msgs/share/px4_msgs/package.xml
[9.413s] Invoked command in '/home/maizaied03/ros2_ws/build/px4_msgs' returned '0': CMAKE_PREFIX_PATH=${CMAKE_PREFIX_PATH}:/home/maizaied03/ros2_ws/install/multi_drone_offboard:/opt/ros/humble /usr/bin/cmake --install /home/maizaied03/ros2_ws/build/px4_msgs
